{
  "values": {
    "pre_rmse": 2.0613486763,
    "post_cf_mean": 81.6537560314,
    "att": -21.3037560314,
    "k": 3.0
  },
  "weights": {
    "Alabama": -0.0089696464,
    "Arkansas": -0.0075907115,
    "Colorado": 0.038909193,
    "Connecticut": 0.0345282048,
    "Delaware": 0.0554544441,
    "Georgia": 0.0085003805,
    "Idaho": 0.0301949849,
    "Illinois": 0.027340846,
    "Indiana": 0.0288111254,
    "Iowa": 0.0123346553,
    "Kansas": 0.0055231581,
    "Kentucky": -0.0159631428,
    "Louisiana": 0.0068361323,
    "Maine": 0.0296694454,
    "Minnesota": 0.0159551463,
    "Mississippi": 0.0006793948,
    "Missouri": 0.0182356847,
    "Montana": 0.0296203163,
    "Nebraska": 0.0200645152,
    "Nevada": 0.0902664951,
    "New Hampshire": 0.133181199,
    "New Mexico": 0.0198836556,
    "North Carolina": 0.0665303612,
    "North Dakota": -0.0039054969,
    "Ohio": 0.0238171206,
    "Oklahoma": -0.0032497292,
    "Pennsylvania": 0.0092909565,
    "Rhode Island": 0.0089656965,
    "South Carolina": -0.0010619497,
    "South Dakota": 0.0044234377,
    "Tennessee": -0.0048977911,
    "Texas": 0.0047760023,
    "Utah": 0.0113106394,
    "Vermont": -0.0086687532,
    "Virginia": 0.0097137034,
    "West Virginia": 0.0217628567,
    "Wisconsin": 0.0193848538,
    "Wyoming": 0.0094303248
  }
}
