{
  "values": {
    "att": -1.709137,
    "att_se": 0.665478,
    "ci90_lb": -2.803752,
    "ci90_ub": -0.614522,
    "att_cpi": -1.718922
  },
  "weights": {
    "Austria": 0.450003,
    "USA": 0.306724,
    "Netherlands": 0.099789,
    "Switzerland": 0.082596,
    "Italy": 0.037713,
    "Japan": 0.004339
  }
}
