{
  "values": {
    "tau": 0.0906500525403,
    "obj_sqnorm": 0.0451087740674,
    "alpha": -1.34320219362,
    "beta_l2_norm": 0.246704015207,
    "pre_rmse": 1.11413919482,
    "post_mean_pred": 7.6681873863,
    "solver_obj_spread": 1.28267946958e-07
  },
  "weights": {
    "Armenia": 0.00941068024504,
    "Belgium": 0.0235395162342,
    "Bosnia and Herzegovina": 0.0464222068021,
    "Bulgaria": 0.0186717154471,
    "Canada": 0.0434694929273,
    "Chile": 0.0346022828418,
    "Colombia": 0.00955565259952,
    "Croatia": -0.00410865785692,
    "Cyprus": -0.00405116024746,
    "Czech Republic": 0.0158467761218,
    "Denmark": 0.0211029648509,
    "Ecuador": -0.0248550046375,
    "Egypt": 0.019634324548,
    "Estonia": 0.0216441467348,
    "European Union": 0.0242836010266,
    "Finland": 0.0351897672579,
    "France": 0.0224245527566,
    "Georgia": 0.0287542032655,
    "Germany": 0.0403311927656,
    "Ghana": -0.0061411067729,
    "Greece": 0.0140543852752,
    "Hungary": 0.00413649542793,
    "Iceland": -0.00498692717298,
    "India": 0.000579485919086,
    "Ireland": -0.0430807035697,
    "Israel": 0.00386655540414,
    "Italy": 0.00675863802379,
    "Japan": 0.0606124470935,
    "Jordan": 0.00788672130013,
    "Kazakhstan": 0.0103060951602,
    "Kuwait": 0.0292520390333,
    "Kyrgyzstan": -0.000272082197266,
    "Latvia": 0.00614708944206,
    "Lithuania": 0.0102301578333,
    "Luxembourg": 0.0254519333998,
    "Malaysia": 0.0350710707429,
    "Malta": 0.0646952379036,
    "Mexico": 0.0648985563297,
    "Moldova": -0.0225999908857,
    "Mongolia": 0.0147161467414,
    "Montenegro": -0.0678926828739,
    "Morocco": 0.011308091865,
    "Netherlands": 0.019788533959,
    "North Macedonia": 0.0226505275435,
    "Norway": 0.0118112479598,
    "Pakistan": 0.00331084735621,
    "Paraguay": 0.024838291186,
    "Philippines": 0.0288250915377,
    "Poland": 0.018275414352,
    "Portugal": 0.0142557590349,
    "Romania": 0.00220332320277,
    "Serbia": 0.000414049547782,
    "Singapore": 0.024057614768,
    "Slovakia": 0.0163303320193,
    "Slovenia": 0.0560316534243,
    "South Korea": 0.0538828031338,
    "Spain": 0.0142626784287,
    "Sweden": 0.0504157039275,
    "Switzerland": 0.0651497399754,
    "Thailand": 0.0274395961402,
    "Tunisia": -0.00983185750211,
    "Ukraine": 0.00757694564181,
    "United Kingdom": 0.0398227344172,
    "United States": 0.0732270689366
  }
}
