{
  "values": {
    "intercept": 5.748334,
    "att_mean_post": -15.486194,
    "ite_1990": -9.142648,
    "ite_1995": -16.199268,
    "ite_2000": -21.793828,
    "pre_rmspe": 8.7e-05,
    "n_donors": 38.0,
    "n_negative": 13.0,
    "lam_ref": 0.0012495822,
    "alpha_ref": 0.0263157895
  },
  "weights": {
    "Alabama": -0.037461,
    "Arkansas": 0.019464,
    "Colorado": 0.058209,
    "Connecticut": 0.111332,
    "Delaware": -0.050441,
    "Georgia": 0.014307,
    "Idaho": 0.083609,
    "Illinois": 0.110053,
    "Indiana": -0.091077,
    "Iowa": 0.012581,
    "Kansas": 0.111127,
    "Kentucky": 0.110507,
    "Louisiana": 0.111764,
    "Maine": 0.052088,
    "Minnesota": 0.091139,
    "Mississippi": -0.11034,
    "Missouri": -0.091945,
    "Montana": 0.11029,
    "Nebraska": 0.110219,
    "Nevada": 0.104724,
    "New Hampshire": 0.025141,
    "New Mexico": 0.100806,
    "North Carolina": 0.089142,
    "North Dakota": -0.108515,
    "Ohio": 0.055663,
    "Oklahoma": -0.099493,
    "Pennsylvania": 0.025523,
    "Rhode Island": -0.043524,
    "South Carolina": -0.109226,
    "South Dakota": -0.112861,
    "Tennessee": -0.109719,
    "Texas": 0.110586,
    "Utah": 0.107342,
    "Vermont": -0.097786,
    "Virginia": -0.020095,
    "West Virginia": 0.111995,
    "Wisconsin": 0.109631,
    "Wyoming": 0.007088
  }
}
