{
  "values": {
    "nu": 0.260749,
    "global_l2": 0.002623,
    "att": -0.01119,
    "tc_nu": 0.393901,
    "tc_att": -0.018158,
    "tau_00": -0.0043,
    "tau_01": -0.010858,
    "tau_02": 0.00442,
    "tau_03": 0.001149,
    "tau_04": -0.009252,
    "tau_05": -0.016837,
    "tau_06": -0.018476,
    "tau_07": -0.003846,
    "tau_08": -0.0158,
    "tau_09": -0.031627,
    "tau_10": -0.017657,
    "tau_tc_00": -0.000776,
    "tau_tc_01": -0.016062,
    "tau_tc_02": -0.002847,
    "tau_tc_03": -0.002672,
    "tau_tc_04": -0.018131,
    "tau_tc_05": -0.02849,
    "tau_tc_06": -0.022834,
    "tau_tc_07": -0.014079,
    "tau_tc_08": -0.024547,
    "tau_tc_09": -0.047692,
    "tau_tc_10": -0.021612,
    "jack_se_00": 0.018574,
    "jack_se_01": 0.015535,
    "jack_se_02": 0.015768,
    "jack_se_03": 0.020419,
    "jack_se_04": 0.022359,
    "jack_se_05": 0.025375,
    "jack_se_06": 0.026833,
    "jack_se_07": 0.030154,
    "jack_se_08": 0.034942,
    "jack_se_09": 0.031869,
    "jack_se_10": 0.034952,
    "boot_se_00": 0.02247,
    "boot_se_01": 0.021393,
    "boot_se_02": 0.024041,
    "boot_se_03": 0.024605,
    "boot_se_04": 0.02561,
    "boot_se_05": 0.024454,
    "boot_se_06": 0.024911,
    "boot_se_07": 0.028108,
    "boot_se_08": 0.031709,
    "boot_se_09": 0.029161,
    "boot_se_10": 0.032452
  },
  "weights": {}
}
