dgp,seed,selection,ratio,pi,J,vk,n_controls,tau,oracle,naive,known,detected,rrsc,screen_found_kstar,n_flagged,n_false_pos,rrsc_gate_ok,rrsc_gate_est,regime
marex_native,0,S1,0.0,0.0,15,0.12781687250498805,13,9.73554555661609,9.651864289143937,9.651864289143937,9.91823171470897,10.417173309233792,14.996181563819711,True,7,6,False,14.996181563819711,large_n
marex_native,0,S1,0.5,4.867772778308045,15,0.12781687250498805,13,9.73554555661609,9.651864289143937,9.029680796555684,9.91823171470897,10.735783161278064,14.996181559971397,True,7,6,False,14.996181563819711,large_n
marex_native,0,S1,1.0,9.73554555661609,15,0.12781687250498805,13,9.73554555661609,9.651864289143937,8.407497303967435,9.91823171470897,11.160640101178863,14.996181550076422,True,7,6,False,14.996181563819711,large_n
marex_native,0,S1,2.0,19.47109111323218,15,0.12781687250498805,13,9.73554555661609,9.651864289143937,7.163130318790932,9.91823171470897,10.567496387012698,14.996181528875077,True,7,6,False,14.996181563819711,large_n
marex_native,0,S1,4.0,38.94218222646436,15,0.12781687250498805,13,9.73554555661609,9.651864289143937,4.674396348437929,9.91823171470897,10.567496387012698,14.996181349525607,True,7,6,False,14.996181563819711,large_n
marex_native,0,S2,0.0,0.0,15,0.12781687250498805,13,9.73554555661609,9.651864289143937,9.651864289143937,9.91823171470897,9.983881279043445,14.996181563819711,False,1,1,False,14.996181563819711,large_n
marex_native,0,S2,0.5,4.867772778308045,15,0.12781687250498805,13,9.73554555661609,9.651864289143937,9.029680796555684,9.91823171470897,10.249340346605152,14.996181559971397,True,2,1,False,14.996181563819711,large_n
marex_native,0,S2,1.0,9.73554555661609,15,0.12781687250498805,13,9.73554555661609,9.651864289143937,8.407497303967435,9.91823171470897,9.87564913941519,14.996181550076422,True,3,2,False,14.996181563819711,large_n
marex_native,0,S2,2.0,19.47109111323218,15,0.12781687250498805,13,9.73554555661609,9.651864289143937,7.163130318790932,9.91823171470897,10.481813982784063,14.996181528875077,True,6,5,False,14.996181563819711,large_n
marex_native,0,S2,4.0,38.94218222646436,15,0.12781687250498805,13,9.73554555661609,9.651864289143937,4.674396348437929,9.91823171470897,10.567496387012698,14.996181349525607,True,7,6,False,14.996181563819711,large_n
marex_native,1,S1,0.0,0.0,15,0.1154035012555667,13,8.411605453850477,8.331599393810816,8.331599393810816,8.148005973358543,8.8518538549826,8.956912282812397,False,7,7,True,8.956912282812397,large_n
marex_native,1,S1,0.5,4.2058027269252385,15,0.1154035012555667,13,8.411605453850477,8.331599393810816,7.846235033533434,8.148005973358543,7.860757481304434,8.380379912246312,True,7,6,True,8.956912282812397,large_n
marex_native,1,S1,1.0,8.411605453850477,15,0.1154035012555667,13,8.411605453850477,8.331599393810816,7.360870673256055,8.148005973358543,7.860757481304434,7.608894105228856,True,7,6,True,8.956912282812397,large_n
marex_native,1,S1,2.0,16.823210907700954,15,0.1154035012555667,13,8.411605453850477,8.331599393810816,6.390141952701283,8.148005973358543,7.889410613480801,7.398680066593286,True,7,6,True,8.956912282812397,large_n
marex_native,1,S1,4.0,33.64642181540191,15,0.1154035012555667,13,8.411605453850477,8.331599393810816,4.448684511591759,8.148005973358543,8.428986007883655,7.398680693900431,True,7,6,True,8.956912282812397,large_n
marex_native,1,S2,0.0,0.0,15,0.1154035012555667,13,8.411605453850477,8.331599393810816,8.331599393810816,8.148005973358543,8.568366060550215,8.956912282812397,False,6,6,True,8.956912282812397,large_n
marex_native,1,S2,0.5,4.2058027269252385,15,0.1154035012555667,13,8.411605453850477,8.331599393810816,7.846235033533434,8.148005973358543,8.264890024814523,8.380379912246312,True,5,4,True,8.956912282812397,large_n
marex_native,1,S2,1.0,8.411605453850477,15,0.1154035012555667,13,8.411605453850477,8.331599393810816,7.360870673256055,8.148005973358543,8.264890024814523,7.608894105228856,True,5,4,True,8.956912282812397,large_n
marex_native,1,S2,2.0,16.823210907700954,15,0.1154035012555667,13,8.411605453850477,8.331599393810816,6.390141952701283,8.148005973358543,9.06822748439155,7.398680066593286,True,7,6,True,8.956912282812397,large_n
marex_native,1,S2,4.0,33.64642181540191,15,0.1154035012555667,13,8.411605453850477,8.331599393810816,4.448684511591759,8.148005973358543,10.41705085790348,7.398680693900431,True,9,8,True,8.956912282812397,large_n
marex_native,2,S1,0.0,0.0,15,0.0994361802631373,13,7.376529290522223,6.787703405195027,6.787703405195027,6.618792077344939,5.769844247183744,0.008699016808122906,False,7,7,False,0.008699016808122906,large_n
marex_native,2,S1,0.5,3.6882646452611114,15,0.0994361802631373,13,7.376529290522223,6.787703405195027,6.420956457070685,6.618792077344939,4.606016867337486,0.008699016275215854,True,7,6,False,0.008699016808122906,large_n
marex_native,2,S1,1.0,7.376529290522223,15,0.0994361802631373,13,7.376529290522223,6.787703405195027,6.054209508946348,6.618792077344939,4.606016867337486,0.008699015904895191,True,7,6,False,0.008699016808122906,large_n
marex_native,2,S1,2.0,14.753058581044446,15,0.0994361802631373,13,7.376529290522223,6.787703405195027,5.320715612697666,6.618792077344939,4.575800193487657,0.008699016486843902,True,7,6,False,0.008699016808122906,large_n
marex_native,2,S1,4.0,29.50611716208889,15,0.0994361802631373,13,7.376529290522223,6.787703405195027,3.8537278202003096,6.618792077344939,4.4931742118634075,-0.01878123986048763,True,7,6,False,0.008699016808122906,large_n
marex_native,2,S2,0.0,0.0,15,0.0994361802631373,13,7.376529290522223,6.787703405195027,6.787703405195027,6.618792077344939,5.6308331396153495,0.008699016808122906,False,4,4,False,0.008699016808122906,large_n
marex_native,2,S2,0.5,3.6882646452611114,15,0.0994361802631373,13,7.376529290522223,6.787703405195027,6.420956457070685,6.618792077344939,4.689747006788529,0.008699016275215854,False,4,4,False,0.008699016808122906,large_n
marex_native,2,S2,1.0,7.376529290522223,15,0.0994361802631373,13,7.376529290522223,6.787703405195027,6.054209508946348,6.618792077344939,4.48594493246036,0.008699015904895191,True,6,5,False,0.008699016808122906,large_n
marex_native,2,S2,2.0,14.753058581044446,15,0.0994361802631373,13,7.376529290522223,6.787703405195027,5.320715612697666,6.618792077344939,4.487088503181903,0.008699016486843902,True,7,6,False,0.008699016808122906,large_n
marex_native,2,S2,4.0,29.50611716208889,15,0.0994361802631373,13,7.376529290522223,6.787703405195027,3.8537278202003096,6.618792077344939,4.809131321936102,-0.01878123986048763,True,8,7,False,0.008699016808122906,large_n
marex_native,3,S1,0.0,0.0,15,0.11146814539205711,12,8.255631755455793,8.75718363290453,8.75718363290453,8.59849638260315,8.516065810852021,9.81419474668833,True,6,5,False,9.81419474668833,large_n
marex_native,3,S1,0.5,4.127815877727897,15,0.11146814539205711,12,8.255631755455793,8.75718363290453,8.297063652494314,8.59849638260315,8.516065810852021,8.321778699470805,True,6,5,False,9.81419474668833,large_n
marex_native,3,S1,1.0,8.255631755455793,15,0.11146814539205711,12,8.255631755455793,8.75718363290453,7.836943672084098,8.59849638260315,8.516065810852021,6.0551004280533505,True,6,5,False,9.81419474668833,large_n
marex_native,3,S1,2.0,16.511263510911586,15,0.11146814539205711,12,8.255631755455793,8.75718363290453,6.916703711263668,8.59849638260315,7.953373378311625,4.556593097453984,True,6,5,False,9.81419474668833,large_n
marex_native,3,S1,4.0,33.02252702182317,15,0.11146814539205711,12,8.255631755455793,8.75718363290453,5.076223789622807,8.59849638260315,9.416874598663187,4.556589630008872,True,6,5,False,9.81419474668833,large_n
marex_native,3,S2,0.0,0.0,15,0.11146814539205711,12,8.255631755455793,8.75718363290453,8.75718363290453,8.59849638260315,8.55535042734701,9.81419474668833,False,4,4,False,9.81419474668833,large_n
marex_native,3,S2,0.5,4.127815877727897,15,0.11146814539205711,12,8.255631755455793,8.75718363290453,8.297063652494314,8.59849638260315,8.396975275297848,8.321778699470805,True,5,4,False,9.81419474668833,large_n
marex_native,3,S2,1.0,8.255631755455793,15,0.11146814539205711,12,8.255631755455793,8.75718363290453,7.836943672084098,8.59849638260315,8.085070313311064,6.0551004280533505,True,6,5,False,9.81419474668833,large_n
marex_native,3,S2,2.0,16.511263510911586,15,0.11146814539205711,12,8.255631755455793,8.75718363290453,6.916703711263668,8.59849638260315,8.130261977462677,4.556593097453984,True,7,6,False,9.81419474668833,large_n
marex_native,3,S2,4.0,33.02252702182317,15,0.11146814539205711,12,8.255631755455793,8.75718363290453,5.076223789622807,8.59849638260315,9.431475125005168,4.556589630008872,True,9,8,False,9.81419474668833,large_n
marex_native,4,S1,0.0,0.0,15,0.12624896778308217,13,8.40343433860691,7.280226500959593,7.280226500959593,7.127019296399425,7.963701231274463,4.674150216088094,True,7,6,False,4.674150216088094,large_n
marex_native,4,S1,0.5,4.201717169303455,15,0.12624896778308217,13,8.40343433860691,7.280226500959593,6.749764045418578,7.127019296399425,7.963701231274463,4.674153455763374,True,7,6,False,4.674150216088094,large_n
marex_native,4,S1,1.0,8.40343433860691,15,0.12624896778308217,13,8.40343433860691,7.280226500959593,6.2193015898775625,7.127019296399425,7.54921130450542,4.674151381797685,True,7,6,False,4.674150216088094,large_n
marex_native,4,S1,2.0,16.80686867721382,15,0.12624896778308217,13,8.40343433860691,7.280226500959593,5.158376678795534,7.127019296399425,6.462957425088105,4.674152433630667,True,7,6,False,4.674150216088094,large_n
marex_native,4,S1,4.0,33.61373735442764,15,0.12624896778308217,13,8.40343433860691,7.280226500959593,3.0365268566314767,7.127019296399425,6.462957425088105,4.674151010040276,True,7,6,False,4.674150216088094,large_n
marex_native,4,S2,0.0,0.0,15,0.12624896778308217,13,8.40343433860691,7.280226500959593,7.280226500959593,7.127019296399425,8.16703437482833,4.674150216088094,True,8,7,False,4.674150216088094,large_n
marex_native,4,S2,0.5,4.201717169303455,15,0.12624896778308217,13,8.40343433860691,7.280226500959593,6.749764045418578,7.127019296399425,8.16703437482833,4.674153455763374,True,8,7,False,4.674150216088094,large_n
marex_native,4,S2,1.0,8.40343433860691,15,0.12624896778308217,13,8.40343433860691,7.280226500959593,6.2193015898775625,7.127019296399425,8.144146313603082,4.674151381797685,True,9,8,False,4.674150216088094,large_n
marex_native,4,S2,2.0,16.80686867721382,15,0.12624896778308217,13,8.40343433860691,7.280226500959593,5.158376678795534,7.127019296399425,4.129259792923148,4.674152433630667,True,11,10,False,4.674150216088094,large_n
marex_native,4,S2,4.0,33.61373735442764,15,0.12624896778308217,13,8.40343433860691,7.280226500959593,3.0365268566314767,7.127019296399425,4.129259792923148,4.674151010040276,True,11,10,False,4.674150216088094,large_n
marex_native,5,S1,0.0,0.0,15,0.10767589491455265,13,9.714131507597402,9.025732218823373,9.025732218823373,9.099155886325214,8.049823672283683,8.60961688053132,False,7,7,True,8.60961688053132,large_n
marex_native,5,S1,0.5,4.857065753798701,15,0.10767589491455265,13,9.714131507597402,9.025732218823373,8.502743317124272,9.099155886325214,7.734419685815534,8.316147490855982,True,7,6,True,8.60961688053132,large_n
marex_native,5,S1,1.0,9.714131507597402,15,0.10767589491455265,13,9.714131507597402,9.025732218823373,7.979754415425171,9.099155886325214,7.734419685815534,8.316146733995119,True,7,6,True,8.60961688053132,large_n
marex_native,5,S1,2.0,19.428263015194805,15,0.10767589491455265,13,9.714131507597402,9.025732218823373,6.9337766120269695,9.099155886325214,9.161011855261295,8.316146967600332,True,7,6,True,8.60961688053132,large_n
marex_native,5,S1,4.0,38.85652603038961,15,0.10767589491455265,13,9.714131507597402,9.025732218823373,4.841821005230559,9.099155886325214,11.870396948870162,8.31614674286299,True,7,6,True,8.60961688053132,large_n
marex_native,5,S2,0.0,0.0,15,0.10767589491455265,13,9.714131507597402,9.025732218823373,9.025732218823373,9.099155886325214,8.591165492693749,8.60961688053132,False,3,3,True,8.60961688053132,large_n
marex_native,5,S2,0.5,4.857065753798701,15,0.10767589491455265,13,9.714131507597402,9.025732218823373,8.502743317124272,9.099155886325214,8.220733171270474,8.316147490855982,False,3,3,True,8.60961688053132,large_n
marex_native,5,S2,1.0,9.714131507597402,15,0.10767589491455265,13,9.714131507597402,9.025732218823373,7.979754415425171,9.099155886325214,8.843644071921357,8.316146733995119,True,4,3,True,8.60961688053132,large_n
marex_native,5,S2,2.0,19.428263015194805,15,0.10767589491455265,13,9.714131507597402,9.025732218823373,6.9337766120269695,9.099155886325214,8.27008895932745,8.316146967600332,True,7,6,True,8.60961688053132,large_n
marex_native,5,S2,4.0,38.85652603038961,15,0.10767589491455265,13,9.714131507597402,9.025732218823373,4.841821005230559,9.099155886325214,11.870396948870162,8.31614674286299,True,7,6,True,8.60961688053132,large_n
marex_native,6,S1,0.0,0.0,15,0.11281724323184378,13,11.118911470627674,10.870008244616034,10.870008244616034,10.657677563225265,10.689700641322224,6.876568508290873,False,7,7,False,6.876568508290873,large_n
marex_native,6,S1,0.5,5.559455735313837,15,0.11281724323184378,13,11.118911470627674,10.870008244616034,10.242805774688467,10.657677563225265,10.235853763972072,6.70231398379147,True,7,6,False,6.876568508290873,large_n
marex_native,6,S1,1.0,11.118911470627674,15,0.11281724323184378,13,11.118911470627674,10.870008244616034,9.615603304760892,10.657677563225265,10.235853763972072,6.702296960574145,True,7,6,False,6.876568508290873,large_n
marex_native,6,S1,2.0,22.23782294125535,15,0.11281724323184378,13,11.118911470627674,10.870008244616034,8.361198364905752,10.657677563225265,10.235853763972072,6.702264636614146,True,7,6,False,6.876568508290873,large_n
marex_native,6,S1,4.0,44.4756458825107,15,0.11281724323184378,13,11.118911470627674,10.870008244616034,5.852388485195471,10.657677563225265,10.235853763972072,6.702216980756788,True,7,6,False,6.876568508290873,large_n
marex_native,6,S2,0.0,0.0,15,0.11281724323184378,13,11.118911470627674,10.870008244616034,10.870008244616034,10.657677563225265,11.433781776166649,6.876568508290873,False,4,4,False,6.876568508290873,large_n
marex_native,6,S2,0.5,5.559455735313837,15,0.11281724323184378,13,11.118911470627674,10.870008244616034,10.242805774688467,10.657677563225265,11.465348046705351,6.70231398379147,True,5,4,False,6.876568508290873,large_n
marex_native,6,S2,1.0,11.118911470627674,15,0.11281724323184378,13,11.118911470627674,10.870008244616034,9.615603304760892,10.657677563225265,10.782679986288784,6.702296960574145,True,6,5,False,6.876568508290873,large_n
marex_native,6,S2,2.0,22.23782294125535,15,0.11281724323184378,13,11.118911470627674,10.870008244616034,8.361198364905752,10.657677563225265,10.782679986288784,6.702264636614146,True,6,5,False,6.876568508290873,large_n
marex_native,6,S2,4.0,44.4756458825107,15,0.11281724323184378,13,11.118911470627674,10.870008244616034,5.852388485195471,10.657677563225265,10.109239726046441,6.702216980756788,True,8,7,False,6.876568508290873,large_n
marex_native,7,S1,0.0,0.0,15,0.11324325924794901,13,8.89185397518833,9.067846812102358,9.067846812102358,9.769619408356405,6.951638053989103,13.594437010587448,False,7,7,False,13.594437010587448,large_n
marex_native,7,S1,0.5,4.445926987594165,15,0.11324325924794901,13,8.89185397518833,9.067846812102358,8.564375549648782,9.769619408356405,8.51081192358294,13.598914647257324,True,7,6,False,13.594437010587448,large_n
marex_native,7,S1,1.0,8.89185397518833,15,0.11324325924794901,13,8.89185397518833,9.067846812102358,8.060904287195203,9.769619408356405,8.842362275370494,13.600036265159211,True,7,6,False,13.594437010587448,large_n
marex_native,7,S1,2.0,17.78370795037666,15,0.11324325924794901,13,8.89185397518833,9.067846812102358,7.053961762288044,9.769619408356405,9.373426700892864,13.60063710093619,True,7,6,False,13.594437010587448,large_n
marex_native,7,S1,4.0,35.56741590075332,15,0.11324325924794901,13,8.89185397518833,9.067846812102358,5.040076712473729,9.769619408356405,9.726109171300342,13.600847042828782,True,7,6,False,13.594437010587448,large_n
marex_native,7,S2,0.0,0.0,15,0.11324325924794901,13,8.89185397518833,9.067846812102358,9.067846812102358,9.769619408356405,8.403381679335679,13.594437010587448,False,2,2,False,13.594437010587448,large_n
marex_native,7,S2,0.5,4.445926987594165,15,0.11324325924794901,13,8.89185397518833,9.067846812102358,8.564375549648782,9.769619408356405,8.564375549648782,13.598914647257324,False,0,0,False,13.594437010587448,large_n
marex_native,7,S2,1.0,8.89185397518833,15,0.11324325924794901,13,8.89185397518833,9.067846812102358,8.060904287195203,9.769619408356405,9.769619408356405,13.600036265159211,True,1,0,False,13.594437010587448,large_n
marex_native,7,S2,2.0,17.78370795037666,15,0.11324325924794901,13,8.89185397518833,9.067846812102358,7.053961762288044,9.769619408356405,9.75394821933649,13.60063710093619,True,4,3,False,13.594437010587448,large_n
marex_native,7,S2,4.0,35.56741590075332,15,0.11324325924794901,13,8.89185397518833,9.067846812102358,5.040076712473729,9.769619408356405,11.662038421212277,13.600847042828782,True,7,6,False,13.594437010587448,large_n
marex_native,8,S1,0.0,0.0,15,0.11777714109431009,13,8.7314835630021,7.565529260312684,7.565529260312684,7.437287548885818,7.664915158207147,8.665325675227677,False,7,7,True,8.665325675227677,large_n
marex_native,8,S1,0.5,4.36574178150105,15,0.11777714109431009,13,8.7314835630021,7.565529260312684,7.051344674531512,7.437287548885818,7.323935024972526,7.677442286710942,True,7,6,True,8.665325675227677,large_n
marex_native,8,S1,1.0,8.7314835630021,15,0.11777714109431009,13,8.7314835630021,7.565529260312684,6.537160088750335,7.437287548885818,6.937675169497605,7.677444747252984,True,7,6,True,8.665325675227677,large_n
marex_native,8,S1,2.0,17.4629671260042,15,0.11777714109431009,13,8.7314835630021,7.565529260312684,5.5087909171879925,7.437287548885818,7.333532142375839,7.6774454976804805,True,7,6,True,8.665325675227677,large_n
marex_native,8,S1,4.0,34.9259342520084,15,0.11777714109431009,13,8.7314835630021,7.565529260312684,3.452052574063295,7.437287548885818,9.070590273599247,7.6774455969900615,True,7,6,True,8.665325675227677,large_n
marex_native,8,S2,0.0,0.0,15,0.11777714109431009,13,8.7314835630021,7.565529260312684,7.565529260312684,7.437287548885818,7.632667391147595,8.665325675227677,False,5,5,True,8.665325675227677,large_n
marex_native,8,S2,0.5,4.36574178150105,15,0.11777714109431009,13,8.7314835630021,7.565529260312684,7.051344674531512,7.437287548885818,7.287785666389494,7.677442286710942,True,6,5,True,8.665325675227677,large_n
marex_native,8,S2,1.0,8.7314835630021,15,0.11777714109431009,13,8.7314835630021,7.565529260312684,6.537160088750335,7.437287548885818,7.15182244215282,7.677444747252984,True,5,4,True,8.665325675227677,large_n
marex_native,8,S2,2.0,17.4629671260042,15,0.11777714109431009,13,8.7314835630021,7.565529260312684,5.5087909171879925,7.437287548885818,7.35197372361567,7.6774454976804805,True,8,7,True,8.665325675227677,large_n
marex_native,8,S2,4.0,34.9259342520084,15,0.11777714109431009,13,8.7314835630021,7.565529260312684,3.452052574063295,7.437287548885818,7.590566571848962,7.6774455969900615,True,10,9,True,8.665325675227677,large_n
marex_native,9,S1,0.0,0.0,15,0.11784358120431435,13,9.081366813446143,10.611115854398431,10.611115854398431,10.811479189838693,11.008349903257418,8.756862843919421,False,7,7,True,8.756862843919421,large_n
marex_native,9,S1,0.5,4.540683406723072,15,0.11784358120431435,13,9.081366813446143,10.611115854398431,10.076025460635176,10.811479189838693,11.60489629351728,7.420940627809969,True,7,6,True,8.756862843919421,large_n
marex_native,9,S1,1.0,9.081366813446143,15,0.11784358120431435,13,9.081366813446143,10.611115854398431,9.540935066871928,10.811479189838693,10.944964195048726,7.212448352502108,True,7,6,True,8.756862843919421,large_n
marex_native,9,S1,2.0,18.162733626892287,15,0.11784358120431435,13,9.081366813446143,10.611115854398431,8.47075427934542,10.811479189838693,10.872700363232429,7.212450091829595,True,7,6,True,8.756862843919421,large_n
marex_native,9,S1,4.0,36.32546725378457,15,0.11784358120431435,13,9.081366813446143,10.611115854398431,6.33039270429241,10.811479189838693,10.872700363232429,7.21244759624085,True,7,6,True,8.756862843919421,large_n
marex_native,9,S2,0.0,0.0,15,0.11784358120431435,13,9.081366813446143,10.611115854398431,10.611115854398431,10.811479189838693,11.04391367501629,8.756862843919421,False,2,2,True,8.756862843919421,large_n
marex_native,9,S2,0.5,4.540683406723072,15,0.11784358120431435,13,9.081366813446143,10.611115854398431,10.076025460635176,10.811479189838693,11.243954391550558,7.420940627809969,True,3,2,True,8.756862843919421,large_n
marex_native,9,S2,1.0,9.081366813446143,15,0.11784358120431435,13,9.081366813446143,10.611115854398431,9.540935066871928,10.811479189838693,11.202311649845893,7.212448352502108,True,5,4,True,8.756862843919421,large_n
marex_native,9,S2,2.0,18.162733626892287,15,0.11784358120431435,13,9.081366813446143,10.611115854398431,8.47075427934542,10.811479189838693,11.724933921242897,7.212450091829595,True,8,7,True,8.756862843919421,large_n
marex_native,9,S2,4.0,36.32546725378457,15,0.11784358120431435,13,9.081366813446143,10.611115854398431,6.33039270429241,10.811479189838693,11.700633462912824,7.21244759624085,True,9,8,True,8.756862843919421,large_n
marex_native,10,S1,0.0,0.0,15,0.10886778758229683,13,7.285264738030313,7.766441167840036,7.766441167840036,7.8157592039954675,7.469160210840741,12.12943026348006,True,7,6,False,12.12943026348006,large_n
marex_native,10,S1,0.5,3.6426323690151565,15,0.10886778758229683,13,7.285264738030313,7.766441167840036,7.369875840849694,7.8157592039954675,7.682258833995253,11.578776916199502,True,7,6,False,12.12943026348006,large_n
marex_native,10,S1,1.0,7.285264738030313,15,0.10886778758229683,13,7.285264738030313,7.766441167840036,6.973310513859355,7.8157592039954675,7.682258833995253,11.200259253591966,True,7,6,False,12.12943026348006,large_n
marex_native,10,S1,2.0,14.570529476060626,15,0.10886778758229683,13,7.285264738030313,7.766441167840036,6.180179859878676,7.8157592039954675,7.682258833995253,9.988908963377327,True,7,6,False,12.12943026348006,large_n
marex_native,10,S1,4.0,29.141058952121252,15,0.10886778758229683,13,7.285264738030313,7.766441167840036,4.593918551917312,7.8157592039954675,9.124506245519033,7.646357095849048,True,7,6,False,12.12943026348006,large_n
marex_native,10,S2,0.0,0.0,15,0.10886778758229683,13,7.285264738030313,7.766441167840036,7.766441167840036,7.8157592039954675,7.8157592039954675,12.12943026348006,True,1,0,False,12.12943026348006,large_n
marex_native,10,S2,0.5,3.6426323690151565,15,0.10886778758229683,13,7.285264738030313,7.766441167840036,7.369875840849694,7.8157592039954675,7.8157592039954675,11.578776916199502,True,1,0,False,12.12943026348006,large_n
marex_native,10,S2,1.0,7.285264738030313,15,0.10886778758229683,13,7.285264738030313,7.766441167840036,6.973310513859355,7.8157592039954675,7.670677858925059,11.200259253591966,True,3,2,False,12.12943026348006,large_n
marex_native,10,S2,2.0,14.570529476060626,15,0.10886778758229683,13,7.285264738030313,7.766441167840036,6.180179859878676,7.8157592039954675,7.670677858925059,9.988908963377327,True,3,2,False,12.12943026348006,large_n
marex_native,10,S2,4.0,29.141058952121252,15,0.10886778758229683,13,7.285264738030313,7.766441167840036,4.593918551917312,7.8157592039954675,7.6612032057756325,7.646357095849048,True,5,4,False,12.12943026348006,large_n
marex_native,11,S1,0.0,0.0,15,0.10760017946117502,13,10.48754045111936,10.243346174445875,10.243346174445875,10.139504600625294,10.519449521880986,11.333649176414724,True,7,6,True,11.333649176414724,large_n
marex_native,11,S1,0.5,5.24377022555968,15,0.10760017946117502,13,10.48754045111936,10.243346174445875,9.679115557122488,10.139504600625294,10.519449521880986,11.333649733250866,True,7,6,True,11.333649176414724,large_n
marex_native,11,S1,1.0,10.48754045111936,15,0.10760017946117502,13,10.48754045111936,10.243346174445875,9.1148849397991,10.139504600625294,10.316564193773939,10.872925729574021,True,7,6,True,11.333649176414724,large_n
marex_native,11,S1,2.0,20.97508090223872,15,0.10760017946117502,13,10.48754045111936,10.243346174445875,7.9864237051523235,10.139504600625294,10.966148606436217,10.275201861199285,True,7,6,True,11.333649176414724,large_n
marex_native,11,S1,4.0,41.95016180447744,15,0.10760017946117502,13,10.48754045111936,10.243346174445875,5.729501235858768,10.139504600625294,10.966148606436217,10.27520214205962,True,7,6,True,11.333649176414724,large_n
marex_native,11,S2,0.0,0.0,15,0.10760017946117502,13,10.48754045111936,10.243346174445875,10.243346174445875,10.139504600625294,10.519449521880986,11.333649176414724,True,7,6,True,11.333649176414724,large_n
marex_native,11,S2,0.5,5.24377022555968,15,0.10760017946117502,13,10.48754045111936,10.243346174445875,9.679115557122488,10.139504600625294,10.032088086385698,11.333649733250866,True,8,7,True,11.333649176414724,large_n
marex_native,11,S2,1.0,10.48754045111936,15,0.10760017946117502,13,10.48754045111936,10.243346174445875,9.1148849397991,10.139504600625294,10.032088086385698,10.872925729574021,True,8,7,True,11.333649176414724,large_n
marex_native,11,S2,2.0,20.97508090223872,15,0.10760017946117502,13,10.48754045111936,10.243346174445875,7.9864237051523235,10.139504600625294,10.942150760404846,10.275201861199285,True,9,8,True,11.333649176414724,large_n
marex_native,11,S2,4.0,41.95016180447744,15,0.10760017946117502,13,10.48754045111936,10.243346174445875,5.729501235858768,10.139504600625294,10.51740905953416,10.27520214205962,True,10,9,True,11.333649176414724,large_n
marex_native,12,S1,0.0,0.0,15,0.10114933336301647,13,8.909110151985095,10.277894081498566,10.277894081498566,10.909913634683258,12.15761795039611,13.196397162484864,True,7,6,False,13.196397162484864,large_n
marex_native,12,S1,0.5,4.454555075992547,15,0.10114933336301647,13,8.909110151985095,10.277894081498566,9.827318805133078,10.909913634683258,9.8055609542665,12.296705533471567,False,7,7,False,13.196397162484864,large_n
marex_native,12,S1,1.0,8.909110151985095,15,0.10114933336301647,13,8.909110151985095,10.277894081498566,9.376743528767593,10.909913634683258,12.15761795039611,11.397016438726993,True,7,6,False,13.196397162484864,large_n
marex_native,12,S1,2.0,17.81822030397019,15,0.10114933336301647,13,8.909110151985095,10.277894081498566,8.475592976036616,10.909913634683258,12.43812196285754,9.468337708360728,True,7,6,False,13.196397162484864,large_n
marex_native,12,S1,4.0,35.63644060794038,15,0.10114933336301647,13,8.909110151985095,10.277894081498566,6.673291870574671,10.909913634683258,12.350818282544953,6.395497454585822,True,7,6,False,13.196397162484864,large_n
marex_native,12,S2,0.0,0.0,15,0.10114933336301647,13,8.909110151985095,10.277894081498566,10.277894081498566,10.909913634683258,12.085537779608702,13.196397162484864,True,4,3,False,13.196397162484864,large_n
marex_native,12,S2,0.5,4.454555075992547,15,0.10114933336301647,13,8.909110151985095,10.277894081498566,9.827318805133078,10.909913634683258,12.085537779608702,12.296705533471567,True,4,3,False,13.196397162484864,large_n
marex_native,12,S2,1.0,8.909110151985095,15,0.10114933336301647,13,8.909110151985095,10.277894081498566,9.376743528767593,10.909913634683258,10.982314085208605,11.397016438726993,True,2,1,False,13.196397162484864,large_n
marex_native,12,S2,2.0,17.81822030397019,15,0.10114933336301647,13,8.909110151985095,10.277894081498566,8.475592976036616,10.909913634683258,10.939772291166976,9.468337708360728,True,3,2,False,13.196397162484864,large_n
marex_native,12,S2,4.0,35.63644060794038,15,0.10114933336301647,13,8.909110151985095,10.277894081498566,6.673291870574671,10.909913634683258,12.291378979354578,6.395497454585822,True,5,4,False,13.196397162484864,large_n
marex_native,13,S1,0.0,0.0,15,0.09879250520762527,13,7.789739607984699,7.617649283172938,7.617649283172938,7.3075862588926075,8.158780051812133,5.775019557342688,False,7,7,False,5.775019557342688,large_n
marex_native,13,S1,0.5,3.8948698039923495,15,0.09879250520762527,13,7.789739607984699,7.617649283172938,7.2328653377790015,7.3075862588926075,7.311780143501286,5.742411670266975,False,7,7,False,5.775019557342688,large_n
marex_native,13,S1,1.0,7.789739607984699,15,0.09879250520762527,13,7.789739607984699,7.617649283172938,6.8480813923850645,7.3075862588926075,7.814432230125337,5.086938110776686,True,7,6,False,5.775019557342688,large_n
marex_native,13,S1,2.0,15.579479215969398,15,0.09879250520762527,13,7.789739607984699,7.617649283172938,6.078513501597195,7.3075862588926075,6.694248778319711,3.8903557555197494,True,7,6,False,5.775019557342688,large_n
marex_native,13,S1,4.0,31.158958431938796,15,0.09879250520762527,13,7.789739607984699,7.617649283172938,4.539377720021444,7.3075862588926075,6.694248778319711,3.8903591903560795,True,7,6,False,5.775019557342688,large_n
marex_native,13,S2,0.0,0.0,15,0.09879250520762527,13,7.789739607984699,7.617649283172938,7.617649283172938,7.3075862588926075,6.9591753375059495,5.775019557342688,False,7,7,False,5.775019557342688,large_n
marex_native,13,S2,0.5,3.8948698039923495,15,0.09879250520762527,13,7.789739607984699,7.617649283172938,7.2328653377790015,7.3075862588926075,5.674360553240082,5.742411670266975,False,8,8,False,5.775019557342688,large_n
marex_native,13,S2,1.0,7.789739607984699,15,0.09879250520762527,13,7.789739607984699,7.617649283172938,6.8480813923850645,7.3075862588926075,5.8084685261047735,5.086938110776686,True,8,7,False,5.775019557342688,large_n
marex_native,13,S2,2.0,15.579479215969398,15,0.09879250520762527,13,7.789739607984699,7.617649283172938,6.078513501597195,7.3075862588926075,5.8084685261047735,3.8903557555197494,True,8,7,False,5.775019557342688,large_n
marex_native,13,S2,4.0,31.158958431938796,15,0.09879250520762527,13,7.789739607984699,7.617649283172938,4.539377720021444,7.3075862588926075,5.63406291870574,3.8903591903560795,True,9,8,False,5.775019557342688,large_n
marex_native,14,S1,0.0,0.0,15,0.10898436131085275,13,9.440891319352405,9.200725595177326,9.200725595177326,8.976585034321992,8.715159453230354,9.399250178831117,True,7,6,True,9.399250178831117,large_n
marex_native,14,S1,0.5,4.720445659676202,15,0.10898436131085275,13,9.440891319352405,9.200725595177326,8.686270839854929,8.976585034321992,8.2297911826298,7.527701659454493,False,7,7,True,9.399250178831117,large_n
marex_native,14,S1,1.0,9.440891319352405,15,0.10898436131085275,13,9.440891319352405,9.200725595177326,8.171816084532528,8.976585034321992,8.506902599496684,5.9402447879242,True,7,6,True,9.399250178831117,large_n
marex_native,14,S1,2.0,18.88178263870481,15,0.10898436131085275,13,9.440891319352405,9.200725595177326,7.142906573887734,8.976585034321992,8.369036692528335,4.4001823130172255,True,7,6,True,9.399250178831117,large_n
marex_native,14,S1,4.0,37.76356527740962,15,0.10898436131085275,13,9.440891319352405,9.200725595177326,5.085087552598145,8.976585034321992,8.888210909796808,4.400163967048712,True,7,6,True,9.399250178831117,large_n
marex_native,14,S2,0.0,0.0,15,0.10898436131085275,13,9.440891319352405,9.200725595177326,9.200725595177326,8.976585034321992,9.076216511152639,9.399250178831117,True,2,1,True,9.399250178831117,large_n
marex_native,14,S2,0.5,4.720445659676202,15,0.10898436131085275,13,9.440891319352405,9.200725595177326,8.686270839854929,8.976585034321992,8.485334114879205,7.527701659454493,False,1,1,True,9.399250178831117,large_n
marex_native,14,S2,1.0,9.440891319352405,15,0.10898436131085275,13,9.440891319352405,9.200725595177326,8.171816084532528,8.976585034321992,8.733271990010476,5.9402447879242,True,2,1,True,9.399250178831117,large_n
marex_native,14,S2,2.0,18.88178263870481,15,0.10898436131085275,13,9.440891319352405,9.200725595177326,7.142906573887734,8.976585034321992,8.733271990010476,4.4001823130172255,True,2,1,True,9.399250178831117,large_n
marex_native,14,S2,4.0,37.76356527740962,15,0.10898436131085275,13,9.440891319352405,9.200725595177326,5.085087552598145,8.976585034321992,9.596063616739334,4.400163967048712,True,7,6,True,9.399250178831117,large_n
marex_native,15,S1,0.0,0.0,15,0.09867026260523648,13,10.242411658202176,8.715730454916258,8.715730454916258,8.711432223695917,8.505014661903555,0.21389720313828775,True,7,6,False,0.21389720313828775,large_n
marex_native,15,S1,0.5,5.121205829101088,15,0.09867026260523648,13,10.242411658202176,8.715730454916258,8.210419730903386,8.711432223695917,8.058535175843549,0.17331154728600495,True,7,6,False,0.21389720313828775,large_n
marex_native,15,S1,1.0,10.242411658202176,15,0.09867026260523648,13,10.242411658202176,8.715730454916258,7.705109006890512,8.711432223695917,7.683821788329974,0.16529359872323823,True,7,6,False,0.21389720313828775,large_n
marex_native,15,S1,2.0,20.484823316404352,15,0.09867026260523648,13,10.242411658202176,8.715730454916258,6.694487558864767,8.711432223695917,7.728077308082737,0.16529356968715092,True,7,6,False,0.21389720313828775,large_n
marex_native,15,S1,4.0,40.969646632808704,15,0.09867026260523648,13,10.242411658202176,8.715730454916258,4.6732446628132776,8.711432223695917,8.028968227412,0.1652935926195056,True,7,6,False,0.21389720313828775,large_n
marex_native,15,S2,0.0,0.0,15,0.09867026260523648,13,10.242411658202176,8.715730454916258,8.715730454916258,8.711432223695917,8.520596821509965,0.21389720313828775,False,4,4,False,0.21389720313828775,large_n
marex_native,15,S2,0.5,5.121205829101088,15,0.09867026260523648,13,10.242411658202176,8.715730454916258,8.210419730903386,8.711432223695917,8.53930539067792,0.17331154728600495,True,4,3,False,0.21389720313828775,large_n
marex_native,15,S2,1.0,10.242411658202176,15,0.09867026260523648,13,10.242411658202176,8.715730454916258,7.705109006890512,8.711432223695917,7.683821788329974,0.16529359872323823,True,7,6,False,0.21389720313828775,large_n
marex_native,15,S2,2.0,20.484823316404352,15,0.09867026260523648,13,10.242411658202176,8.715730454916258,6.694487558864767,8.711432223695917,7.728077308082737,0.16529356968715092,True,7,6,False,0.21389720313828775,large_n
marex_native,15,S2,4.0,40.969646632808704,15,0.09867026260523648,13,10.242411658202176,8.715730454916258,4.6732446628132776,8.711432223695917,7.194725583875399,0.1652935926195056,True,9,8,False,0.21389720313828775,large_n
marex_native,16,S1,0.0,0.0,15,0.09865297429457928,13,7.750469462004926,7.516211972127444,7.516211972127444,7.6437038098130525,6.104125146939938,6.744245567767436,True,7,6,True,6.744245567767436,large_n
marex_native,16,S1,0.5,3.875234731002463,15,0.09865297429457928,13,7.750469462004926,7.516211972127444,7.133908539824398,7.6437038098130525,5.2898583387409985,6.463680879706686,False,7,7,True,6.744245567767436,large_n
marex_native,16,S1,1.0,7.750469462004926,15,0.09865297429457928,13,7.750469462004926,7.516211972127444,6.75160510752135,7.6437038098130525,6.104125146939938,6.131251042124731,True,7,6,True,6.744245567767436,large_n
marex_native,16,S1,2.0,15.500938924009851,15,0.09865297429457928,13,7.750469462004926,7.516211972127444,5.9869982429152575,7.6437038098130525,6.814199147134263,6.131250956201384,True,7,6,True,6.744245567767436,large_n
marex_native,16,S1,4.0,31.001877848019703,15,0.09865297429457928,13,7.750469462004926,7.516211972127444,4.45778451370307,7.6437038098130525,6.8499813383249535,6.131250671234753,True,7,6,True,6.744245567767436,large_n
marex_native,16,S2,0.0,0.0,15,0.09865297429457928,13,7.750469462004926,7.516211972127444,7.516211972127444,7.6437038098130525,7.452772561690024,6.744245567767436,False,1,1,True,6.744245567767436,large_n
marex_native,16,S2,0.5,3.875234731002463,15,0.09865297429457928,13,7.750469462004926,7.516211972127444,7.133908539824398,7.6437038098130525,6.7593000468808055,6.463680879706686,False,2,2,True,6.744245567767436,large_n
marex_native,16,S2,1.0,7.750469462004926,15,0.09865297429457928,13,7.750469462004926,7.516211972127444,6.75160510752135,7.6437038098130525,6.714096690562665,6.131251042124731,True,5,4,True,6.744245567767436,large_n
marex_native,16,S2,2.0,15.500938924009851,15,0.09865297429457928,13,7.750469462004926,7.516211972127444,5.9869982429152575,7.6437038098130525,6.789763962505487,6.131250956201384,True,6,5,True,6.744245567767436,large_n
marex_native,16,S2,4.0,31.001877848019703,15,0.09865297429457928,13,7.750469462004926,7.516211972127444,4.45778451370307,7.6437038098130525,11.27941585900482,6.131250671234753,True,9,8,True,6.744245567767436,large_n
marex_native,17,S1,0.0,0.0,15,0.11428328232498648,13,7.898295538370373,6.650347669582923,6.650347669582923,6.777229081597488,6.420831217914236,4.365986531353499,True,7,6,False,4.365986531353499,large_n
marex_native,17,S1,0.5,3.9491477691851866,15,0.11428328232498648,13,7.898295538370373,6.650347669582923,6.199026100134044,6.777229081597488,6.420831217914236,2.7163614427683456,True,7,6,False,4.365986531353499,large_n
marex_native,17,S1,1.0,7.898295538370373,15,0.11428328232498648,13,7.898295538370373,6.650347669582923,5.747704530685164,6.777229081597488,6.3779592741466375,1.129005742734762,True,7,6,False,4.365986531353499,large_n
marex_native,17,S1,2.0,15.796591076740746,15,0.11428328232498648,13,7.898295538370373,6.650347669582923,4.845061391787402,6.777229081597488,2.8267534876394675,-2.0128977626493736,True,7,6,False,4.365986531353499,large_n
marex_native,17,S1,4.0,31.593182153481493,15,0.11428328232498648,13,7.898295538370373,6.650347669582923,3.039775113991877,6.777229081597488,2.8267534876394675,-8.760149994827756,True,7,6,False,4.365986531353499,large_n
marex_native,17,S2,0.0,0.0,15,0.11428328232498648,13,7.898295538370373,6.650347669582923,6.650347669582923,6.777229081597488,6.839447113893326,4.365986531353499,True,4,3,False,4.365986531353499,large_n
marex_native,17,S2,0.5,3.9491477691851866,15,0.11428328232498648,13,7.898295538370373,6.650347669582923,6.199026100134044,6.777229081597488,6.592947752890645,2.7163614427683456,True,5,4,False,4.365986531353499,large_n
marex_native,17,S2,1.0,7.898295538370373,15,0.11428328232498648,13,7.898295538370373,6.650347669582923,5.747704530685164,6.777229081597488,6.465158331899531,1.129005742734762,True,6,5,False,4.365986531353499,large_n
marex_native,17,S2,2.0,15.796591076740746,15,0.11428328232498648,13,7.898295538370373,6.650347669582923,4.845061391787402,6.777229081597488,5.356887412715372,-2.0128977626493736,True,7,6,False,4.365986531353499,large_n
marex_native,17,S2,4.0,31.593182153481493,15,0.11428328232498648,13,7.898295538370373,6.650347669582923,3.039775113991877,6.777229081597488,2.85443842571203,-8.760149994827756,True,8,7,False,4.365986531353499,large_n
marex_native,18,S1,0.0,0.0,15,0.1129206370056667,13,7.069802918822019,7.713216443101102,7.713216443101102,8.050276661572438,8.341489940190531,8.023899263526872,True,7,6,True,8.023899263526872,large_n
marex_native,18,S1,0.5,3.5349014594110093,15,0.1129206370056667,13,7.069802918822019,7.713216443101102,7.314053118552151,8.050276661572438,8.416584583270536,8.023899858185274,True,7,6,True,8.023899263526872,large_n
marex_native,18,S1,1.0,7.069802918822019,15,0.1129206370056667,13,7.069802918822019,7.713216443101102,6.914889794003197,8.050276661572438,8.416584583270536,8.023899773625033,True,7,6,True,8.023899263526872,large_n
marex_native,18,S1,2.0,14.139605837644037,15,0.1129206370056667,13,7.069802918822019,7.713216443101102,6.116563144905292,8.050276661572438,8.225083429401733,8.02389964788047,True,7,6,True,8.023899263526872,large_n
marex_native,18,S1,4.0,28.279211675288074,15,0.1129206370056667,13,7.069802918822019,7.713216443101102,4.5199098467094885,8.050276661572438,8.394822178127338,8.023899445284442,True,7,6,True,8.023899263526872,large_n
marex_native,18,S2,0.0,0.0,15,0.1129206370056667,13,7.069802918822019,7.713216443101102,7.713216443101102,8.050276661572438,8.188828171016556,8.023899263526872,True,5,4,True,8.023899263526872,large_n
marex_native,18,S2,0.5,3.5349014594110093,15,0.1129206370056667,13,7.069802918822019,7.713216443101102,7.314053118552151,8.050276661572438,8.028275313908335,8.023899858185274,True,4,3,True,8.023899263526872,large_n
marex_native,18,S2,1.0,7.069802918822019,15,0.1129206370056667,13,7.069802918822019,7.713216443101102,6.914889794003197,8.050276661572438,8.062339532319251,8.023899773625033,True,5,4,True,8.023899263526872,large_n
marex_native,18,S2,2.0,14.139605837644037,15,0.1129206370056667,13,7.069802918822019,7.713216443101102,6.116563144905292,8.050276661572438,8.062339532319251,8.02389964788047,True,5,4,True,8.023899263526872,large_n
marex_native,18,S2,4.0,28.279211675288074,15,0.1129206370056667,13,7.069802918822019,7.713216443101102,4.5199098467094885,8.050276661572438,7.9666593974045465,8.023899445284442,True,8,7,True,8.023899263526872,large_n
marex_native,19,S1,0.0,0.0,15,0.11964439036150112,13,9.557429109886995,9.36775250332973,9.36775250332973,9.652950756274219,9.863612934775734,9.42927866293791,True,7,6,True,9.42927866293791,large_n
marex_native,19,S1,0.5,4.778714554943497,15,0.11964439036150112,13,9.557429109886995,9.36775250332973,8.796006113691881,9.652950756274219,9.537836774614462,7.843590299525822,True,7,6,True,9.42927866293791,large_n
marex_native,19,S1,1.0,9.557429109886995,15,0.11964439036150112,13,9.557429109886995,9.36775250332973,8.224259724054033,9.652950756274219,9.537836774614462,6.214684077667641,True,7,6,True,9.42927866293791,large_n
marex_native,19,S1,2.0,19.11485821977399,15,0.11964439036150112,13,9.557429109886995,9.36775250332973,7.08076694477834,9.652950756274219,9.537836774614462,5.457896946454298,True,7,6,True,9.42927866293791,large_n
marex_native,19,S1,4.0,38.22971643954798,15,0.11964439036150112,13,9.557429109886995,9.36775250332973,4.793781386226955,9.652950756274219,9.639303735167019,5.447313546082967,True,7,6,True,9.42927866293791,large_n
marex_native,19,S2,0.0,0.0,15,0.11964439036150112,13,9.557429109886995,9.36775250332973,9.36775250332973,9.652950756274219,9.531619769426941,9.42927866293791,False,3,3,True,9.42927866293791,large_n
marex_native,19,S2,0.5,4.778714554943497,15,0.11964439036150112,13,9.557429109886995,9.36775250332973,8.796006113691881,9.652950756274219,9.821986617016076,7.843590299525822,True,4,3,True,9.42927866293791,large_n
marex_native,19,S2,1.0,9.557429109886995,15,0.11964439036150112,13,9.557429109886995,9.36775250332973,8.224259724054033,9.652950756274219,9.821986617016076,6.214684077667641,True,4,3,True,9.42927866293791,large_n
marex_native,19,S2,2.0,19.11485821977399,15,0.11964439036150112,13,9.557429109886995,9.36775250332973,7.08076694477834,9.652950756274219,9.539366176215708,5.457896946454298,True,5,4,True,9.42927866293791,large_n
marex_native,19,S2,4.0,38.22971643954798,15,0.11964439036150112,13,9.557429109886995,9.36775250332973,4.793781386226955,9.652950756274219,10.159193248321479,5.447313546082967,True,8,7,True,9.42927866293791,large_n
marex_native,20,S1,0.0,0.0,15,0.12012139244770537,13,11.113442081965603,10.039569040915296,10.039569040915296,10.128971435327255,9.375051824990217,8.476761460569108,False,7,7,False,8.476761460569108,large_n
marex_native,20,S1,0.5,5.556721040982802,15,0.12012139244770537,13,11.113442081965603,10.039569040915296,9.372087972028979,10.128971435327255,8.975822100078878,6.653774044316705,True,7,6,False,8.476761460569108,large_n
marex_native,20,S1,1.0,11.113442081965603,15,0.12012139244770537,13,11.113442081965603,10.039569040915296,8.704606903142661,10.128971435327255,8.975822100078878,4.8277438759276095,True,7,6,False,8.476761460569108,large_n
marex_native,20,S1,2.0,22.226884163931206,15,0.12012139244770537,13,11.113442081965603,10.039569040915296,7.369644765370028,10.128971435327255,8.810333262237464,1.6513224482791884,True,7,6,False,8.476761460569108,large_n
marex_native,20,S1,4.0,44.45376832786241,15,0.12012139244770537,13,11.113442081965603,10.039569040915296,4.699720489824758,10.128971435327255,10.58016450354092,-0.9189487397952405,True,7,6,False,8.476761460569108,large_n
marex_native,20,S2,0.0,0.0,15,0.12012139244770537,13,11.113442081965603,10.039569040915296,10.039569040915296,10.128971435327255,9.375051824990217,8.476761460569108,False,7,7,False,8.476761460569108,large_n
marex_native,20,S2,0.5,5.556721040982802,15,0.12012139244770537,13,11.113442081965603,10.039569040915296,9.372087972028979,10.128971435327255,9.482995170739915,6.653774044316705,True,8,7,False,8.476761460569108,large_n
marex_native,20,S2,1.0,11.113442081965603,15,0.12012139244770537,13,11.113442081965603,10.039569040915296,8.704606903142661,10.128971435327255,9.354494135082808,4.8277438759276095,True,9,8,False,8.476761460569108,large_n
marex_native,20,S2,2.0,22.226884163931206,15,0.12012139244770537,13,11.113442081965603,10.039569040915296,7.369644765370028,10.128971435327255,6.39654106144487,1.6513224482791884,True,11,10,False,8.476761460569108,large_n
marex_native,20,S2,4.0,44.45376832786241,15,0.12012139244770537,13,11.113442081965603,10.039569040915296,4.699720489824758,10.128971435327255,10.58016450354092,-0.9189487397952405,True,7,6,False,8.476761460569108,large_n
marex_native,21,S1,0.0,0.0,15,0.15442929587644288,13,8.459813365304045,7.670706812175058,7.670706812175058,7.710224185310122,7.345054202574654,5.694855659557646,True,7,6,False,5.694855659557646,large_n
marex_native,21,S1,0.5,4.229906682652023,15,0.15442929587644288,13,8.459813365304045,7.670706812175058,7.017485301550044,7.710224185310122,7.345054202574654,5.226096618995882,True,7,6,False,5.694855659557646,large_n
marex_native,21,S1,1.0,8.459813365304045,15,0.15442929587644288,13,8.459813365304045,7.670706812175058,6.364263790925035,7.710224185310122,5.29964826890981,4.1120477381335405,True,7,6,False,5.694855659557646,large_n
marex_native,21,S1,2.0,16.91962673060809,15,0.15442929587644288,13,8.459813365304045,7.670706812175058,5.0578207696750095,7.710224185310122,7.410685403999844,3.121685771354848,True,7,6,False,5.694855659557646,large_n
marex_native,21,S1,4.0,33.83925346121618,15,0.15442929587644288,13,8.459813365304045,7.670706812175058,2.444934727174959,7.710224185310122,7.410685403999844,3.121687488415006,True,7,6,False,5.694855659557646,large_n
marex_native,21,S2,0.0,0.0,15,0.15442929587644288,13,8.459813365304045,7.670706812175058,7.670706812175058,7.710224185310122,7.274489043916216,5.694855659557646,True,6,5,False,5.694855659557646,large_n
marex_native,21,S2,0.5,4.229906682652023,15,0.15442929587644288,13,8.459813365304045,7.670706812175058,7.017485301550044,7.710224185310122,7.44763229141874,5.226096618995882,True,6,5,False,5.694855659557646,large_n
marex_native,21,S2,1.0,8.459813365304045,15,0.15442929587644288,13,8.459813365304045,7.670706812175058,6.364263790925035,7.710224185310122,7.216531693853996,4.1120477381335405,True,6,5,False,5.694855659557646,large_n
marex_native,21,S2,2.0,16.91962673060809,15,0.15442929587644288,13,8.459813365304045,7.670706812175058,5.0578207696750095,7.710224185310122,7.216531693853996,3.121685771354848,True,6,5,False,5.694855659557646,large_n
marex_native,21,S2,4.0,33.83925346121618,15,0.15442929587644288,13,8.459813365304045,7.670706812175058,2.444934727174959,7.710224185310122,7.153792476299645,3.121687488415006,True,7,6,False,5.694855659557646,large_n
marex_native,22,S1,0.0,0.0,15,0.12160045239991887,13,6.500822369207021,7.316255738168446,7.316255738168446,7.373152488837197,7.390673410056553,9.360838789618732,False,7,7,False,9.360838789618732,large_n
marex_native,22,S1,0.5,3.2504111846035104,15,0.12160045239991887,13,6.500822369207021,7.316255738168446,6.9210042676349035,7.373152488837197,7.5349169532729885,8.365058226733105,True,7,6,False,9.360838789618732,large_n
marex_native,22,S1,1.0,6.500822369207021,15,0.12160045239991887,13,6.500822369207021,7.316255738168446,6.525752797101356,7.373152488837197,7.5349169532729885,7.23793695827689,True,7,6,False,9.360838789618732,large_n
marex_native,22,S1,2.0,13.001644738414042,15,0.12160045239991887,13,6.500822369207021,7.316255738168446,5.735249856034272,7.373152488837197,7.135067338657753,4.978405453076036,True,7,6,False,9.360838789618732,large_n
marex_native,22,S1,4.0,26.003289476828083,15,0.12160045239991887,13,6.500822369207021,7.316255738168446,4.154243973900099,7.373152488837197,6.9005321646939155,3.428564926523549,True,7,6,False,9.360838789618732,large_n
marex_native,22,S2,0.0,0.0,15,0.12160045239991887,13,6.500822369207021,7.316255738168446,7.316255738168446,7.373152488837197,7.374316212220059,9.360838789618732,False,2,2,False,9.360838789618732,large_n
marex_native,22,S2,0.5,3.2504111846035104,15,0.12160045239991887,13,6.500822369207021,7.316255738168446,6.9210042676349035,7.373152488837197,7.403781740656091,8.365058226733105,True,3,2,False,9.360838789618732,large_n
marex_native,22,S2,1.0,6.500822369207021,15,0.12160045239991887,13,6.500822369207021,7.316255738168446,6.525752797101356,7.373152488837197,7.556863635083184,7.23793695827689,True,3,2,False,9.360838789618732,large_n
marex_native,22,S2,2.0,13.001644738414042,15,0.12160045239991887,13,6.500822369207021,7.316255738168446,5.735249856034272,7.373152488837197,7.478481216646664,4.978405453076036,True,4,3,False,9.360838789618732,large_n
marex_native,22,S2,4.0,26.003289476828083,15,0.12160045239991887,13,6.500822369207021,7.316255738168446,4.154243973900099,7.373152488837197,7.034869756900891,3.428564926523549,True,7,6,False,9.360838789618732,large_n
marex_native,23,S1,0.0,0.0,15,0.12578410148389235,13,8.885762622670004,8.929246716601956,8.929246716601956,8.719332867446063,10.065087445207908,0.4380060838831099,False,7,7,False,0.4380060838831099,large_n
marex_native,23,S1,0.5,4.442881311335002,15,0.12578410148389235,13,8.885762622670004,8.929246716601956,8.37040288285611,8.719332867446063,9.046003158201287,0.4753397687947398,True,7,6,False,0.4380060838831099,large_n
marex_native,23,S1,1.0,8.885762622670004,15,0.12578410148389235,13,8.885762622670004,8.929246716601956,7.811559049110258,8.719332867446063,9.473378670453044,0.5357089460046467,True,7,6,False,0.4380060838831099,large_n
marex_native,23,S1,2.0,17.77152524534001,15,0.12578410148389235,13,8.885762622670004,8.929246716601956,6.693871381618554,8.719332867446063,9.473378670453044,0.6073477936540428,True,7,6,False,0.4380060838831099,large_n
marex_native,23,S1,4.0,35.54305049068002,15,0.12578410148389235,13,8.885762622670004,8.929246716601956,4.458496046635152,8.719332867446063,9.239557243666729,0.6073476322210638,True,7,6,False,0.4380060838831099,large_n
marex_native,23,S2,0.0,0.0,15,0.12578410148389235,13,8.885762622670004,8.929246716601956,8.929246716601956,8.719332867446063,8.638326695874465,0.4380060838831099,True,5,4,False,0.4380060838831099,large_n
marex_native,23,S2,0.5,4.442881311335002,15,0.12578410148389235,13,8.885762622670004,8.929246716601956,8.37040288285611,8.719332867446063,8.378273856852152,0.4753397687947398,True,4,3,False,0.4380060838831099,large_n
marex_native,23,S2,1.0,8.885762622670004,15,0.12578410148389235,13,8.885762622670004,8.929246716601956,7.811559049110258,8.719332867446063,8.378273856852152,0.5357089460046467,True,4,3,False,0.4380060838831099,large_n
marex_native,23,S2,2.0,17.77152524534001,15,0.12578410148389235,13,8.885762622670004,8.929246716601956,6.693871381618554,8.719332867446063,8.514830117068346,0.6073477936540428,True,5,4,False,0.4380060838831099,large_n
marex_native,23,S2,4.0,35.54305049068002,15,0.12578410148389235,13,8.885762622670004,8.929246716601956,4.458496046635152,8.719332867446063,8.137036013263852,0.6073476322210638,True,6,5,False,0.4380060838831099,large_n
marex_native,24,S1,0.0,0.0,15,0.10571053433170663,13,6.84052240600739,7.563369058229543,7.563369058229543,7.6607193215451135,9.475919275805271,1.8319915042214063,True,7,6,False,1.8319915042214063,large_n
marex_native,24,S1,0.5,3.420261203003695,15,0.10571053433170663,13,6.84052240600739,7.563369058229543,7.201811418906016,7.6607193215451135,8.488365932464024,1.2686070133647007,True,7,6,False,1.8319915042214063,large_n
marex_native,24,S1,1.0,6.84052240600739,15,0.10571053433170663,13,6.84052240600739,7.563369058229543,6.84025377958249,7.6607193215451135,8.488365932464024,1.0401208749776742,True,7,6,False,1.8319915042214063,large_n
marex_native,24,S1,2.0,13.68104481201478,15,0.10571053433170663,13,6.84052240600739,7.563369058229543,6.117138500935437,7.6607193215451135,8.488365932464024,1.0044122996761757,True,7,6,False,1.8319915042214063,large_n
marex_native,24,S1,4.0,27.36208962402956,15,0.10571053433170663,13,6.84052240600739,7.563369058229543,4.670907943641332,7.6607193215451135,7.370096951028702,1.0044125027079076,True,7,6,False,1.8319915042214063,large_n
marex_native,24,S2,0.0,0.0,15,0.10571053433170663,13,6.84052240600739,7.563369058229543,7.563369058229543,7.6607193215451135,7.831944759152421,1.8319915042214063,True,2,1,False,1.8319915042214063,large_n
marex_native,24,S2,0.5,3.420261203003695,15,0.10571053433170663,13,6.84052240600739,7.563369058229543,7.201811418906016,7.6607193215451135,7.472134717287321,1.2686070133647007,True,4,3,False,1.8319915042214063,large_n
marex_native,24,S2,1.0,6.84052240600739,15,0.10571053433170663,13,6.84052240600739,7.563369058229543,6.84025377958249,7.6607193215451135,7.472134717287321,1.0401208749776742,True,4,3,False,1.8319915042214063,large_n
marex_native,24,S2,2.0,13.68104481201478,15,0.10571053433170663,13,6.84052240600739,7.563369058229543,6.117138500935437,7.6607193215451135,7.472134717287321,1.0044122996761757,True,4,3,False,1.8319915042214063,large_n
marex_native,24,S2,4.0,27.36208962402956,15,0.10571053433170663,13,6.84052240600739,7.563369058229543,4.670907943641332,7.6607193215451135,7.472134717287321,1.0044125027079076,True,4,3,False,1.8319915042214063,large_n
marex_native,25,S1,0.0,0.0,15,0.11780163894103624,13,6.834510025074173,7.824863555342892,7.824863555342892,7.46672383637149,7.489883599949162,2.089160821674895,True,7,6,False,2.089160821674895,large_n
marex_native,25,S1,0.5,3.4172550125370864,15,0.11780163894103624,13,6.834510025074173,7.824863555342892,7.422305314186552,7.46672383637149,7.489883599949162,1.8164686857422225,True,7,6,False,2.089160821674895,large_n
marex_native,25,S1,1.0,6.834510025074173,15,0.11780163894103624,13,6.834510025074173,7.824863555342892,7.019747073030212,7.46672383637149,7.577836194707926,2.4936116187425057,True,7,6,False,2.089160821674895,large_n
marex_native,25,S1,2.0,13.669020050148346,15,0.11780163894103624,13,6.834510025074173,7.824863555342892,6.2146305907175305,7.46672383637149,7.577836194707926,2.0129891796849364,True,7,6,False,2.089160821674895,large_n
marex_native,25,S1,4.0,27.33804010029669,15,0.11780163894103624,13,6.834510025074173,7.824863555342892,4.60439762609217,7.46672383637149,7.577836194707926,0.6202483888134651,True,7,6,False,2.089160821674895,large_n
marex_native,25,S2,0.0,0.0,15,0.11780163894103624,13,6.834510025074173,7.824863555342892,7.824863555342892,7.46672383637149,7.678371550447086,2.089160821674895,True,3,2,False,2.089160821674895,large_n
marex_native,25,S2,0.5,3.4172550125370864,15,0.11780163894103624,13,6.834510025074173,7.824863555342892,7.422305314186552,7.46672383637149,7.678371550447086,1.8164686857422225,True,3,2,False,2.089160821674895,large_n
marex_native,25,S2,1.0,6.834510025074173,15,0.11780163894103624,13,6.834510025074173,7.824863555342892,7.019747073030212,7.46672383637149,7.947591577961207,2.4936116187425057,True,4,3,False,2.089160821674895,large_n
marex_native,25,S2,2.0,13.669020050148346,15,0.11780163894103624,13,6.834510025074173,7.824863555342892,6.2146305907175305,7.46672383637149,7.947591577961207,2.0129891796849364,True,4,3,False,2.089160821674895,large_n
marex_native,25,S2,4.0,27.33804010029669,15,0.11780163894103624,13,6.834510025074173,7.824863555342892,4.60439762609217,7.46672383637149,8.432517511555066,0.6202483888134651,True,7,6,False,2.089160821674895,large_n
marex_native,26,S1,0.0,0.0,15,0.11650915488545355,13,7.963453222910623,7.558095548325714,7.558095548325714,7.768119189751955,5.481259034867051,3.5495348150238755,True,7,6,False,3.5495348150238755,large_n
marex_native,26,S1,0.5,3.9817266114553114,15,0.11650915488545355,13,7.963453222910623,7.558095548325714,7.094187945840133,7.768119189751955,5.481259034867051,3.323796520599757,True,7,6,False,3.5495348150238755,large_n
marex_native,26,S1,1.0,7.963453222910623,15,0.11650915488545355,13,7.963453222910623,7.558095548325714,6.630280343354559,7.768119189751955,5.2276955081613465,2.9133654925510086,True,7,6,False,3.5495348150238755,large_n
marex_native,26,S1,2.0,15.926906445821245,15,0.11650915488545355,13,7.963453222910623,7.558095548325714,5.702465138383405,7.768119189751955,5.2276955081613465,2.636907283504769,True,7,6,False,3.5495348150238755,large_n
marex_native,26,S1,4.0,31.85381289164249,15,0.11650915488545355,13,7.963453222910623,7.558095548325714,3.846834728441081,7.768119189751955,8.230112311728112,2.6369086193405735,True,7,6,False,3.5495348150238755,large_n
marex_native,26,S2,0.0,0.0,15,0.11650915488545355,13,7.963453222910623,7.558095548325714,7.558095548325714,7.768119189751955,5.63142796159582,3.5495348150238755,True,5,4,False,3.5495348150238755,large_n
marex_native,26,S2,0.5,3.9817266114553114,15,0.11650915488545355,13,7.963453222910623,7.558095548325714,7.094187945840133,7.768119189751955,5.4220871173070595,3.323796520599757,True,4,3,False,3.5495348150238755,large_n
marex_native,26,S2,1.0,7.963453222910623,15,0.11650915488545355,13,7.963453222910623,7.558095548325714,6.630280343354559,7.768119189751955,5.418350727187229,2.9133654925510086,True,5,4,False,3.5495348150238755,large_n
marex_native,26,S2,2.0,15.926906445821245,15,0.11650915488545355,13,7.963453222910623,7.558095548325714,5.702465138383405,7.768119189751955,7.983284255052192,2.636907283504769,True,5,4,False,3.5495348150238755,large_n
marex_native,26,S2,4.0,31.85381289164249,15,0.11650915488545355,13,7.963453222910623,7.558095548325714,3.846834728441081,7.768119189751955,10.428723466151597,2.6369086193405735,True,8,7,False,3.5495348150238755,large_n
marex_native,27,S1,0.0,0.0,15,0.10889255020360594,13,8.594427820590314,8.610142456895101,8.610142456895101,8.680433651469901,5.638443424429073,10.524138017395472,False,7,7,False,10.524138017395472,large_n
marex_native,27,S1,0.5,4.297213910295157,15,0.10889255020360594,13,8.594427820590314,8.610142456895101,8.142207875432646,8.680433651469901,8.413315515689984,10.524138059711362,True,7,6,False,10.524138017395472,large_n
marex_native,27,S1,1.0,8.594427820590314,15,0.10889255020360594,13,8.594427820590314,8.610142456895101,7.674273293970197,8.680433651469901,5.707711308206575,10.524138062245981,True,7,6,False,10.524138017395472,large_n
marex_native,27,S1,2.0,17.188855641180627,15,0.10889255020360594,13,8.594427820590314,8.610142456895101,6.7384041310453,8.680433651469901,8.50127619919354,10.524138237413823,True,7,6,False,10.524138017395472,large_n
marex_native,27,S1,4.0,34.377711282361254,15,0.10889255020360594,13,8.594427820590314,8.610142456895101,4.866665805195501,8.680433651469901,8.450997662321381,10.524138248227032,True,7,6,False,10.524138017395472,large_n
marex_native,27,S2,0.0,0.0,15,0.10889255020360594,13,8.594427820590314,8.610142456895101,8.610142456895101,8.680433651469901,8.467580360384536,10.524138017395472,False,5,5,False,10.524138017395472,large_n
marex_native,27,S2,0.5,4.297213910295157,15,0.10889255020360594,13,8.594427820590314,8.610142456895101,8.142207875432646,8.680433651469901,8.642193222177784,10.524138059711362,True,6,5,False,10.524138017395472,large_n
marex_native,27,S2,1.0,8.594427820590314,15,0.10889255020360594,13,8.594427820590314,8.610142456895101,7.674273293970197,8.680433651469901,8.642193222177784,10.524138062245981,True,6,5,False,10.524138017395472,large_n
marex_native,27,S2,2.0,17.188855641180627,15,0.10889255020360594,13,8.594427820590314,8.610142456895101,6.7384041310453,8.680433651469901,8.497012507340383,10.524138237413823,True,6,5,False,10.524138017395472,large_n
marex_native,27,S2,4.0,34.377711282361254,15,0.10889255020360594,13,8.594427820590314,8.610142456895101,4.866665805195501,8.680433651469901,8.698250230680497,10.524138248227032,True,10,9,False,10.524138017395472,large_n
marex_native,28,S1,0.0,0.0,15,0.13286031221412756,13,6.956190635093688,6.716407408844259,6.716407408844259,8.492941674579331,5.778494841207895,3.1421184817893675,False,7,7,False,3.1421184817893675,large_n
marex_native,28,S1,0.5,3.478095317546844,15,0.13286031221412756,13,6.956190635093688,6.716407408844259,6.2543065790444885,8.492941674579331,4.37184290458398,1.537268181231397,False,7,7,False,3.1421184817893675,large_n
marex_native,28,S1,1.0,6.956190635093688,15,0.13286031221412756,13,6.956190635093688,6.716407408844259,5.79220574924472,8.492941674579331,7.418364175844258,1.5372718976014,True,7,6,False,3.1421184817893675,large_n
marex_native,28,S1,2.0,13.912381270187376,15,0.13286031221412756,13,6.956190635093688,6.716407408844259,4.86800408964518,8.492941674579331,8.532302706859735,1.5372706843725155,True,7,6,False,3.1421184817893675,large_n
marex_native,28,S1,4.0,27.824762540374753,15,0.13286031221412756,13,6.956190635093688,6.716407408844259,3.0196007704461083,8.492941674579331,8.532302706859735,1.5372708970865148,True,7,6,False,3.1421184817893675,large_n
marex_native,28,S2,0.0,0.0,15,0.13286031221412756,13,6.956190635093688,6.716407408844259,6.716407408844259,8.492941674579331,7.039986165948227,3.1421184817893675,False,2,2,False,3.1421184817893675,large_n
marex_native,28,S2,0.5,3.478095317546844,15,0.13286031221412756,13,6.956190635093688,6.716407408844259,6.2543065790444885,8.492941674579331,6.577804056800792,1.537268181231397,False,2,2,False,3.1421184817893675,large_n
marex_native,28,S2,1.0,6.956190635093688,15,0.13286031221412756,13,6.956190635093688,6.716407408844259,5.79220574924472,8.492941674579331,8.800495610140107,1.5372718976014,True,4,3,False,3.1421184817893675,large_n
marex_native,28,S2,2.0,13.912381270187376,15,0.13286031221412756,13,6.956190635093688,6.716407408844259,4.86800408964518,8.492941674579331,8.599507119267399,1.5372706843725155,True,3,2,False,3.1421184817893675,large_n
marex_native,28,S2,4.0,27.824762540374753,15,0.13286031221412756,13,6.956190635093688,6.716407408844259,3.0196007704461083,8.492941674579331,9.881204050937392,1.5372708970865148,True,6,5,False,3.1421184817893675,large_n
marex_native,29,S1,0.0,0.0,15,0.15650383583695304,13,7.053311825494403,8.436796230265525,8.436796230265525,8.237629002066113,9.574027366124847,0.2651688966379737,False,7,7,False,0.2651688966379737,large_n
marex_native,29,S1,0.5,3.5266559127472017,15,0.15650383583695304,13,7.053311825494403,8.436796230265525,7.884861052243517,8.237629002066113,8.116941909115791,0.20874469607601043,True,7,6,False,0.2651688966379737,large_n
marex_native,29,S1,1.0,7.053311825494403,15,0.15650383583695304,13,7.053311825494403,8.436796230265525,7.332925874221507,8.237629002066113,6.870741807980293,0.1288572988689083,True,7,6,False,0.2651688966379737,large_n
marex_native,29,S1,2.0,14.106623650988807,15,0.15650383583695304,13,7.053311825494403,8.436796230265525,6.229055518177492,8.237629002066113,7.96737653352656,0.1288572131513206,True,7,6,False,0.2651688966379737,large_n
marex_native,29,S1,4.0,28.213247301977614,15,0.15650383583695304,13,7.053311825494403,8.436796230265525,4.021314806089464,8.237629002066113,8.06898678562381,0.12885712062026755,True,7,6,False,0.2651688966379737,large_n
marex_native,29,S2,0.0,0.0,15,0.15650383583695304,13,7.053311825494403,8.436796230265525,8.436796230265525,8.237629002066113,8.174295233921363,0.2651688966379737,False,4,4,False,0.2651688966379737,large_n
marex_native,29,S2,0.5,3.5266559127472017,15,0.15650383583695304,13,7.053311825494403,8.436796230265525,7.884861052243517,8.237629002066113,8.254108437472725,0.20874469607601043,True,6,5,False,0.2651688966379737,large_n
marex_native,29,S2,1.0,7.053311825494403,15,0.15650383583695304,13,7.053311825494403,8.436796230265525,7.332925874221507,8.237629002066113,6.870741807980293,0.1288572988689083,True,7,6,False,0.2651688966379737,large_n
marex_native,29,S2,2.0,14.106623650988807,15,0.15650383583695304,13,7.053311825494403,8.436796230265525,6.229055518177492,8.237629002066113,6.870741807980293,0.1288572131513206,True,7,6,False,0.2651688966379737,large_n
marex_native,29,S2,4.0,28.213247301977614,15,0.15650383583695304,13,7.053311825494403,8.436796230265525,4.021314806089464,8.237629002066113,6.598300968890568,0.12885712062026755,True,9,8,False,0.2651688966379737,large_n
marex_native,30,S1,0.0,0.0,15,0.11873175734375495,13,7.4026187252345865,7.274860241064791,7.274860241064791,7.480713154300945,6.691264201264472,12.005139615198999,True,7,6,False,12.005139615198999,large_n
marex_native,30,S1,0.5,3.7013093626172933,15,0.11873175734375495,13,7.4026187252345865,7.274860241064791,6.835397275968343,7.480713154300945,6.517646315681402,11.6388031081879,True,7,6,False,12.005139615198999,large_n
marex_native,30,S1,1.0,7.4026187252345865,15,0.11873175734375495,13,7.4026187252345865,7.274860241064791,6.3959343108718985,7.480713154300945,6.774189530231487,11.638797838937052,True,7,6,False,12.005139615198999,large_n
marex_native,30,S1,2.0,14.805237450469173,15,0.11873175734375495,13,7.4026187252345865,7.274860241064791,5.517008380679009,7.480713154300945,6.774189530231487,11.638801289963787,True,7,6,False,12.005139615198999,large_n
marex_native,30,S1,4.0,29.610474900938346,15,0.11873175734375495,13,7.4026187252345865,7.274860241064791,3.759156520293227,7.480713154300945,6.7483153857048475,11.638802192496371,True,7,6,False,12.005139615198999,large_n
marex_native,30,S2,0.0,0.0,15,0.11873175734375495,13,7.4026187252345865,7.274860241064791,7.274860241064791,7.480713154300945,6.692537466868184,12.005139615198999,False,2,2,False,12.005139615198999,large_n
marex_native,30,S2,0.5,3.7013093626172933,15,0.11873175734375495,13,7.4026187252345865,7.274860241064791,6.835397275968343,7.480713154300945,6.899165024575048,11.6388031081879,True,3,2,False,12.005139615198999,large_n
marex_native,30,S2,1.0,7.4026187252345865,15,0.11873175734375495,13,7.4026187252345865,7.274860241064791,6.3959343108718985,7.480713154300945,6.760206600544278,11.638797838937052,True,5,4,False,12.005139615198999,large_n
marex_native,30,S2,2.0,14.805237450469173,15,0.11873175734375495,13,7.4026187252345865,7.274860241064791,5.517008380679009,7.480713154300945,6.797216696976105,11.638801289963787,True,6,5,False,12.005139615198999,large_n
marex_native,30,S2,4.0,29.610474900938346,15,0.11873175734375495,13,7.4026187252345865,7.274860241064791,3.759156520293227,7.480713154300945,7.88280824115525,11.638802192496371,True,10,9,False,12.005139615198999,large_n
marex_native,31,S1,0.0,0.0,15,0.1252088496235704,13,9.167659936982949,7.377349501091042,7.377349501091042,7.15868237383135,8.016549822651172,6.24774569047554,False,7,7,False,6.24774569047554,large_n
marex_native,31,S1,0.5,4.583829968491474,15,0.1252088496235704,13,9.167659936982949,7.377349501091042,6.803413423866178,7.15868237383135,7.876158445587009,4.826211913966816,True,7,6,False,6.24774569047554,large_n
marex_native,31,S1,1.0,9.167659936982949,15,0.1252088496235704,13,9.167659936982949,7.377349501091042,6.229477346641318,7.15868237383135,8.140984298136397,4.712716817249614,True,7,6,False,6.24774569047554,large_n
marex_native,31,S1,2.0,18.335319873965897,15,0.1252088496235704,13,9.167659936982949,7.377349501091042,5.081605192191584,7.15868237383135,7.9471475837007475,4.621710086174957,True,7,6,False,6.24774569047554,large_n
marex_native,31,S1,4.0,36.670639747931794,15,0.1252088496235704,13,9.167659936982949,7.377349501091042,2.785860883292126,7.15868237383135,7.9471475837007475,4.608822835986075,True,7,6,False,6.24774569047554,large_n
marex_native,31,S2,0.0,0.0,15,0.1252088496235704,13,9.167659936982949,7.377349501091042,7.377349501091042,7.15868237383135,7.992698337115802,6.24774569047554,False,2,2,False,6.24774569047554,large_n
marex_native,31,S2,0.5,4.583829968491474,15,0.1252088496235704,13,9.167659936982949,7.377349501091042,6.803413423866178,7.15868237383135,7.979804325525535,4.826211913966816,True,4,3,False,6.24774569047554,large_n
marex_native,31,S2,1.0,9.167659936982949,15,0.1252088496235704,13,9.167659936982949,7.377349501091042,6.229477346641318,7.15868237383135,8.00976263539599,4.712716817249614,True,5,4,False,6.24774569047554,large_n
marex_native,31,S2,2.0,18.335319873965897,15,0.1252088496235704,13,9.167659936982949,7.377349501091042,5.081605192191584,7.15868237383135,8.00976263539599,4.621710086174957,True,5,4,False,6.24774569047554,large_n
marex_native,31,S2,4.0,36.670639747931794,15,0.1252088496235704,13,9.167659936982949,7.377349501091042,2.785860883292126,7.15868237383135,7.9471475837007475,4.608822835986075,True,7,6,False,6.24774569047554,large_n
marex_native,32,S1,0.0,0.0,15,0.12403926854159417,13,6.547274101561177,7.04707959237072,7.04707959237072,7.2414901132023575,7.42606278568193,11.086405311050662,False,7,7,False,11.086405311050662,large_n
marex_native,32,S1,0.5,3.2736370507805885,15,0.12403926854159417,13,6.547274101561177,7.04707959237072,6.6410200471212395,7.2414901132023575,7.527665280633329,10.605519071530694,True,7,6,False,11.086405311050662,large_n
marex_native,32,S1,1.0,6.547274101561177,15,0.12403926854159417,13,6.547274101561177,7.04707959237072,6.2349605018717495,7.2414901132023575,7.527665280633329,10.140267748690633,True,7,6,False,11.086405311050662,large_n
marex_native,32,S1,2.0,13.094548203122354,15,0.12403926854159417,13,6.547274101561177,7.04707959237072,5.422841411372781,7.2414901132023575,7.622007663832344,9.267466742732601,True,7,6,False,11.086405311050662,large_n
marex_native,32,S1,4.0,26.18909640624471,15,0.12403926854159417,13,6.547274101561177,7.04707959237072,3.7986032303748347,7.2414901132023575,6.379473376754197,6.59328579530181,True,7,6,False,11.086405311050662,large_n
marex_native,32,S2,0.0,0.0,15,0.12403926854159417,13,6.547274101561177,7.04707959237072,7.04707959237072,7.2414901132023575,7.04707959237072,11.086405311050662,False,0,0,False,11.086405311050662,large_n
marex_native,32,S2,0.5,3.2736370507805885,15,0.12403926854159417,13,6.547274101561177,7.04707959237072,6.6410200471212395,7.2414901132023575,7.2414901132023575,10.605519071530694,True,1,0,False,11.086405311050662,large_n
marex_native,32,S2,1.0,6.547274101561177,15,0.12403926854159417,13,6.547274101561177,7.04707959237072,6.2349605018717495,7.2414901132023575,7.2414901132023575,10.140267748690633,True,1,0,False,11.086405311050662,large_n
marex_native,32,S2,2.0,13.094548203122354,15,0.12403926854159417,13,6.547274101561177,7.04707959237072,5.422841411372781,7.2414901132023575,7.757869800903412,9.267466742732601,True,2,1,False,11.086405311050662,large_n
marex_native,32,S2,4.0,26.18909640624471,15,0.12403926854159417,13,6.547274101561177,7.04707959237072,3.7986032303748347,7.2414901132023575,7.373481384560472,6.59328579530181,True,4,3,False,11.086405311050662,large_n
marex_native,33,S1,0.0,0.0,15,0.11765661592710545,13,7.691576511229179,9.790778437061386,9.790778437061386,9.936017516352477,10.467764535153465,7.908609877548358,False,7,7,True,7.908609877548358,large_n
marex_native,33,S1,0.5,3.8457882556145897,15,0.11765661592710545,13,7.691576511229179,9.790778437061386,9.33829600533357,9.936017516352477,10.370489624088965,4.906134714368392,True,7,6,True,7.908609877548358,large_n
marex_native,33,S1,1.0,7.691576511229179,15,0.11765661592710545,13,7.691576511229179,9.790778437061386,8.885813573605748,9.936017516352477,10.370489624088965,2.223844225101587,True,7,6,True,7.908609877548358,large_n
marex_native,33,S1,2.0,15.383153022458359,15,0.11765661592710545,13,7.691576511229179,9.790778437061386,7.980848710150108,9.936017516352477,10.445807793185052,1.0067437832613138,True,7,6,True,7.908609877548358,large_n
marex_native,33,S1,4.0,30.766306044916718,15,0.11765661592710545,13,7.691576511229179,9.790778437061386,6.170918983238839,9.936017516352477,10.566410637302607,1.0067430314659873,True,7,6,True,7.908609877548358,large_n
marex_native,33,S2,0.0,0.0,15,0.11765661592710545,13,7.691576511229179,9.790778437061386,9.790778437061386,9.936017516352477,10.174516940080679,7.908609877548358,False,3,3,True,7.908609877548358,large_n
marex_native,33,S2,0.5,3.8457882556145897,15,0.11765661592710545,13,7.691576511229179,9.790778437061386,9.33829600533357,9.936017516352477,10.294338252054043,4.906134714368392,True,5,4,True,7.908609877548358,large_n
marex_native,33,S2,1.0,7.691576511229179,15,0.11765661592710545,13,7.691576511229179,9.790778437061386,8.885813573605748,9.936017516352477,10.294338252054043,2.223844225101587,True,5,4,True,7.908609877548358,large_n
marex_native,33,S2,2.0,15.383153022458359,15,0.11765661592710545,13,7.691576511229179,9.790778437061386,7.980848710150108,9.936017516352477,10.445807793185052,1.0067437832613138,True,7,6,True,7.908609877548358,large_n
marex_native,33,S2,4.0,30.766306044916718,15,0.11765661592710545,13,7.691576511229179,9.790778437061386,6.170918983238839,9.936017516352477,11.195308170922468,1.0067430314659873,True,10,9,True,7.908609877548358,large_n
marex_native,34,S1,0.0,0.0,15,0.13619210217356512,13,9.248967746126395,9.365285241540043,9.365285241540043,9.626547385864102,9.912913252494466,0.6625843053345335,True,7,6,False,0.6625843053345335,large_n
marex_native,34,S1,0.5,4.624483873063197,15,0.13619210217356512,13,9.248967746126395,9.365285241540043,8.735467061399817,9.626547385864102,9.912913252494466,0.6625843785837446,True,7,6,False,0.6625843053345335,large_n
marex_native,34,S1,1.0,9.248967746126395,15,0.13619210217356512,13,9.248967746126395,9.365285241540043,8.105648881259587,9.626547385864102,10.275447296490858,0.5802953224120984,True,7,6,False,0.6625843053345335,large_n
marex_native,34,S1,2.0,18.49793549225279,15,0.13619210217356512,13,9.248967746126395,9.365285241540043,6.846012520979132,9.626547385864102,10.275447296490858,0.4011683277065714,True,7,6,False,0.6625843053345335,large_n
marex_native,34,S1,4.0,36.99587098450558,15,0.13619210217356512,13,9.248967746126395,9.365285241540043,4.326739800418224,9.626547385864102,9.488161389287924,0.4011683159992714,True,7,6,False,0.6625843053345335,large_n
marex_native,34,S2,0.0,0.0,15,0.13619210217356512,13,9.248967746126395,9.365285241540043,9.365285241540043,9.626547385864102,9.456895325583023,0.6625843053345335,False,1,1,False,0.6625843053345335,large_n
marex_native,34,S2,0.5,4.624483873063197,15,0.13619210217356512,13,9.248967746126395,9.365285241540043,8.735467061399817,9.626547385864102,9.790488065168848,0.6625843785837446,True,3,2,False,0.6625843053345335,large_n
marex_native,34,S2,1.0,9.248967746126395,15,0.13619210217356512,13,9.248967746126395,9.365285241540043,8.105648881259587,9.626547385864102,9.837041559978838,0.5802953224120984,True,4,3,False,0.6625843053345335,large_n
marex_native,34,S2,2.0,18.49793549225279,15,0.13619210217356512,13,9.248967746126395,9.365285241540043,6.846012520979132,9.626547385864102,9.837041559978838,0.4011683277065714,True,4,3,False,0.6625843053345335,large_n
marex_native,34,S2,4.0,36.99587098450558,15,0.13619210217356512,13,9.248967746126395,9.365285241540043,4.326739800418224,9.626547385864102,10.48447725751965,0.4011683159992714,True,6,5,False,0.6625843053345335,large_n
marex_native,35,S1,0.0,0.0,15,0.11971147064033115,13,9.514009428680783,10.00874159438229,10.00874159438229,10.382812338159484,11.25420026802696,9.197193644869913,True,7,6,True,9.197193644869913,large_n
marex_native,35,S1,0.5,4.7570047143403915,15,0.11971147064033115,13,9.514009428680783,10.00874159438229,9.439273564185612,10.382812338159484,11.25420026802696,8.639316613198623,True,7,6,True,9.197193644869913,large_n
marex_native,35,S1,1.0,9.514009428680783,15,0.11971147064033115,13,9.514009428680783,10.00874159438229,8.869805533988938,10.382812338159484,11.25420026802696,8.268483637344517,True,7,6,True,9.197193644869913,large_n
marex_native,35,S1,2.0,19.028018857361566,15,0.11971147064033115,13,9.514009428680783,10.00874159438229,7.730869473595585,10.382812338159484,12.2239041811842,8.268483165075054,True,7,6,True,9.197193644869913,large_n
marex_native,35,S1,4.0,38.05603771472313,15,0.11971147064033115,13,9.514009428680783,10.00874159438229,5.452997352808879,10.382812338159484,11.004216219949077,8.268483490594534,True,7,6,True,9.197193644869913,large_n
marex_native,35,S2,0.0,0.0,15,0.11971147064033115,13,9.514009428680783,10.00874159438229,10.00874159438229,10.382812338159484,9.31574037195,9.197193644869913,True,5,4,True,9.197193644869913,large_n
marex_native,35,S2,0.5,4.7570047143403915,15,0.11971147064033115,13,9.514009428680783,10.00874159438229,9.439273564185612,10.382812338159484,9.974054317019124,8.639316613198623,True,6,5,True,9.197193644869913,large_n
marex_native,35,S2,1.0,9.514009428680783,15,0.11971147064033115,13,9.514009428680783,10.00874159438229,8.869805533988938,10.382812338159484,11.25420026802696,8.268483637344517,True,7,6,True,9.197193644869913,large_n
marex_native,35,S2,2.0,19.028018857361566,15,0.11971147064033115,13,9.514009428680783,10.00874159438229,7.730869473595585,10.382812338159484,10.461122324946844,8.268483165075054,True,10,9,True,9.197193644869913,large_n
marex_native,35,S2,4.0,38.05603771472313,15,0.11971147064033115,13,9.514009428680783,10.00874159438229,5.452997352808879,10.382812338159484,11.821314448112581,8.268483490594534,True,11,10,True,9.197193644869913,large_n
marex_native,36,S1,0.0,0.0,15,0.13526921204162978,13,8.753206316786496,7.51935038618645,7.51935038618645,7.717537353482347,4.074238791217111,4.503041441302571,False,7,7,False,4.503041441302571,large_n
marex_native,36,S1,0.5,4.376603158393248,15,0.13526921204162978,13,8.753206316786496,7.51935038618645,6.927330725531691,7.717537353482347,3.6081255412430777,3.1961497722273577,True,7,6,False,4.503041441302571,large_n
marex_native,36,S1,1.0,8.753206316786496,15,0.13526921204162978,13,8.753206316786496,7.51935038618645,6.335311064876923,7.717537353482347,3.6081255412430777,1.6681563633540009,True,7,6,False,4.503041441302571,large_n
marex_native,36,S1,2.0,17.506412633572992,15,0.13526921204162978,13,8.753206316786496,7.51935038618645,5.1512717435673965,7.717537353482347,7.548376733862281,1.6668370072204652,True,7,6,False,4.503041441302571,large_n
marex_native,36,S1,4.0,35.012825267145985,15,0.13526921204162978,13,8.753206316786496,7.51935038618645,2.7831931009483455,7.717537353482347,6.886132587667838,1.661426638055687,True,7,6,False,4.503041441302571,large_n
marex_native,36,S2,0.0,0.0,15,0.13526921204162978,13,8.753206316786496,7.51935038618645,7.51935038618645,7.717537353482347,4.492481841879647,4.503041441302571,False,5,5,False,4.503041441302571,large_n
marex_native,36,S2,0.5,4.376603158393248,15,0.13526921204162978,13,8.753206316786496,7.51935038618645,6.927330725531691,7.717537353482347,4.252702360937147,3.1961497722273577,True,5,4,False,4.503041441302571,large_n
marex_native,36,S2,1.0,8.753206316786496,15,0.13526921204162978,13,8.753206316786496,7.51935038618645,6.335311064876923,7.717537353482347,4.252702360937147,1.6681563633540009,True,5,4,False,4.503041441302571,large_n
marex_native,36,S2,2.0,17.506412633572992,15,0.13526921204162978,13,8.753206316786496,7.51935038618645,5.1512717435673965,7.717537353482347,4.428815785681428,1.6668370072204652,True,8,7,False,4.503041441302571,large_n
marex_native,36,S2,4.0,35.012825267145985,15,0.13526921204162978,13,8.753206316786496,7.51935038618645,2.7831931009483455,7.717537353482347,6.059453899106719,1.661426638055687,True,8,7,False,4.503041441302571,large_n
marex_native,37,S1,0.0,0.0,15,0.1375233026330084,13,7.269282768092266,6.104114998984119,6.104114998984119,6.1868898046199,5.23806972443132,0.6415512201300544,True,7,6,False,0.6415512201300544,large_n
marex_native,37,S1,0.5,3.634641384046133,15,0.1375233026330084,13,7.269282768092266,6.104114998984119,5.604267111963485,6.1868898046199,5.23806972443132,-0.09892404627737506,True,7,6,False,0.6415512201300544,large_n
marex_native,37,S1,1.0,7.269282768092266,15,0.1375233026330084,13,7.269282768092266,6.104114998984119,5.104419224942852,6.1868898046199,5.132115321051725,-0.11223269059252061,True,7,6,False,0.6415512201300544,large_n
marex_native,37,S1,2.0,14.538565536184532,15,0.1375233026330084,13,7.269282768092266,6.104114998984119,4.104723450901588,6.1868898046199,6.391597216136894,-0.11223221240771863,True,7,6,False,0.6415512201300544,large_n
marex_native,37,S1,4.0,29.077131072369063,15,0.1375233026330084,13,7.269282768092266,6.104114998984119,2.1053319028190556,6.1868898046199,6.342157969211215,-0.1122316742425653,True,7,6,False,0.6415512201300544,large_n
marex_native,37,S2,0.0,0.0,15,0.1375233026330084,13,7.269282768092266,6.104114998984119,6.104114998984119,6.1868898046199,5.841057794708687,0.6415512201300544,False,3,3,False,0.6415512201300544,large_n
marex_native,37,S2,0.5,3.634641384046133,15,0.1375233026330084,13,7.269282768092266,6.104114998984119,5.604267111963485,6.1868898046199,6.640896845313735,-0.09892404627737506,True,4,3,False,0.6415512201300544,large_n
marex_native,37,S2,1.0,7.269282768092266,15,0.1375233026330084,13,7.269282768092266,6.104114998984119,5.104419224942852,6.1868898046199,6.640896845313735,-0.11223269059252061,True,4,3,False,0.6415512201300544,large_n
marex_native,37,S2,2.0,14.538565536184532,15,0.1375233026330084,13,7.269282768092266,6.104114998984119,4.104723450901588,6.1868898046199,7.214562070117971,-0.11223221240771863,True,5,4,False,0.6415512201300544,large_n
marex_native,37,S2,4.0,29.077131072369063,15,0.1375233026330084,13,7.269282768092266,6.104114998984119,2.1053319028190556,6.1868898046199,7.462113943319051,-0.1122316742425653,True,9,8,False,0.6415512201300544,large_n
marex_native,38,S1,0.0,0.0,15,0.11406443906652333,13,8.142306669763105,5.818682313642617,5.818682313642617,5.617855855781025,5.228023498803412,0.21833902876389288,False,7,7,False,0.21833902876389288,large_n
marex_native,38,S1,0.5,4.0711533348815525,15,0.11406443906652333,13,8.142306669763105,5.818682313642617,5.354308492145547,5.617855855781025,2.820061879937748,0.21833770428256116,True,7,6,False,0.21833902876389288,large_n
marex_native,38,S1,1.0,8.142306669763105,15,0.11406443906652333,13,8.142306669763105,5.818682313642617,4.889934670648477,5.617855855781025,2.820061879937748,0.21833722307633252,True,7,6,False,0.21833902876389288,large_n
marex_native,38,S1,2.0,16.28461333952621,15,0.11406443906652333,13,8.142306669763105,5.818682313642617,3.9611870276543386,5.617855855781025,2.9579590966316758,-1.1329248166438362,True,7,6,False,0.21833902876389288,large_n
marex_native,38,S1,4.0,32.56922667905242,15,0.11406443906652333,13,8.142306669763105,5.818682313642617,2.10369174166606,5.617855855781025,3.526649415738331,-1.3612269297881596,True,7,6,False,0.21833902876389288,large_n
marex_native,38,S2,0.0,0.0,15,0.11406443906652333,13,8.142306669763105,5.818682313642617,5.818682313642617,5.617855855781025,5.4599296989881605,0.21833902876389288,False,3,3,False,0.21833902876389288,large_n
marex_native,38,S2,0.5,4.0711533348815525,15,0.11406443906652333,13,8.142306669763105,5.818682313642617,5.354308492145547,5.617855855781025,4.552669404434495,0.21833770428256116,False,4,4,False,0.21833902876389288,large_n
marex_native,38,S2,1.0,8.142306669763105,15,0.11406443906652333,13,8.142306669763105,5.818682313642617,4.889934670648477,5.617855855781025,4.151343011541341,0.21833722307633252,True,5,4,False,0.21833902876389288,large_n
marex_native,38,S2,2.0,16.28461333952621,15,0.11406443906652333,13,8.142306669763105,5.818682313642617,3.9611870276543386,5.617855855781025,4.180335165568705,-1.1329248166438362,True,5,4,False,0.21833902876389288,large_n
marex_native,38,S2,4.0,32.56922667905242,15,0.11406443906652333,13,8.142306669763105,5.818682313642617,2.10369174166606,5.617855855781025,4.490698615683333,-1.3612269297881596,True,7,6,False,0.21833902876389288,large_n
marex_native,39,S1,0.0,0.0,15,0.13109294483363537,13,7.441003049679903,6.080542724964033,6.080542724964033,6.376411798622081,5.750396451753998,9.358085249540878,False,7,7,False,9.358085249540878,large_n
marex_native,39,S1,0.5,3.7205015248399516,15,0.13109294483363537,13,7.441003049679903,6.080542724964033,5.592811223814735,6.376411798622081,5.743672541902607,9.358085092000486,True,7,6,False,9.358085249540878,large_n
marex_native,39,S1,1.0,7.441003049679903,15,0.13109294483363537,13,7.441003049679903,6.080542724964033,5.105079722665432,6.376411798622081,5.371185885487165,9.358086077113953,True,7,6,False,9.358085249540878,large_n
marex_native,39,S1,2.0,14.882006099359806,15,0.13109294483363537,13,7.441003049679903,6.080542724964033,4.1296167203668315,6.376411798622081,4.9452863835733565,9.358084261432495,True,7,6,False,9.358085249540878,large_n
marex_native,39,S1,4.0,29.764012198719612,15,0.13109294483363537,13,7.441003049679903,6.080542724964033,2.1786907157696334,6.376411798622081,4.995498373430388,9.358086477400754,True,7,6,False,9.358085249540878,large_n
marex_native,39,S2,0.0,0.0,15,0.13109294483363537,13,7.441003049679903,6.080542724964033,6.080542724964033,6.376411798622081,5.544223268040386,9.358085249540878,False,3,3,False,9.358085249540878,large_n
marex_native,39,S2,0.5,3.7205015248399516,15,0.13109294483363537,13,7.441003049679903,6.080542724964033,5.592811223814735,6.376411798622081,5.394986543969024,9.358085092000486,True,4,3,False,9.358085249540878,large_n
marex_native,39,S2,1.0,7.441003049679903,15,0.13109294483363537,13,7.441003049679903,6.080542724964033,5.105079722665432,6.376411798622081,5.435077864922979,9.358086077113953,True,5,4,False,9.358085249540878,large_n
marex_native,39,S2,2.0,14.882006099359806,15,0.13109294483363537,13,7.441003049679903,6.080542724964033,4.1296167203668315,6.376411798622081,4.9452863835733565,9.358084261432495,True,7,6,False,9.358085249540878,large_n
marex_native,39,S2,4.0,29.764012198719612,15,0.13109294483363537,13,7.441003049679903,6.080542724964033,2.1786907157696334,6.376411798622081,6.272577546607178,9.358086477400754,True,10,9,False,9.358085249540878,large_n
rank_shift_ok,0,S1,0.0,0.0,12,0.11967317863191917,10,0.9231310830321762,0.9121112168966942,0.9121112168966942,0.9090233321964221,0.93875068941816,0.9302763981473161,True,5,4,True,0.9302763981473161,fixed_n
rank_shift_ok,0,S1,0.5,0.4615655415160881,12,0.11967317863191917,10,0.9231310830321762,0.9121112168966942,0.856874201396501,0.9090233321964221,0.93875068941816,0.9469169926345742,True,5,4,True,0.9302763981473161,fixed_n
rank_shift_ok,0,S1,1.0,0.9231310830321762,12,0.11967317863191917,10,0.9231310830321762,0.9121112168966942,0.8016371858963074,0.9090233321964221,0.93875068941816,0.9359931659712359,True,5,4,True,0.9302763981473161,fixed_n
rank_shift_ok,0,S1,2.0,1.8462621660643523,12,0.11967317863191917,10,0.9231310830321762,0.9121112168966942,0.6911631548959208,0.9090233321964221,1.0807600009210145,0.9359931659712359,True,5,4,True,0.9302763981473161,fixed_n
rank_shift_ok,0,S1,4.0,3.6925243321287047,12,0.11967317863191917,10,0.9231310830321762,0.9121112168966942,0.47021509289514773,0.9090233321964221,0.8503326809878258,0.9359545520927715,True,5,4,True,0.9302763981473161,fixed_n
rank_shift_ok,0,S2,0.0,0.0,12,0.11967317863191917,10,0.9231310830321762,0.9121112168966942,0.9121112168966942,0.9090233321964221,0.9307618550657282,0.9302763981473161,False,1,1,True,0.9302763981473161,fixed_n
rank_shift_ok,0,S2,0.5,0.4615655415160881,12,0.11967317863191917,10,0.9231310830321762,0.9121112168966942,0.856874201396501,0.9090233321964221,0.931908010442932,0.9469169926345742,True,2,1,True,0.9302763981473161,fixed_n
rank_shift_ok,0,S2,1.0,0.9231310830321762,12,0.11967317863191917,10,0.9231310830321762,0.9121112168966942,0.8016371858963074,0.9090233321964221,0.8878949127823121,0.9359931659712359,True,3,2,True,0.9302763981473161,fixed_n
rank_shift_ok,0,S2,2.0,1.8462621660643523,12,0.11967317863191917,10,0.9231310830321762,0.9121112168966942,0.6911631548959208,0.9090233321964221,0.8693451861194876,0.9359931659712359,True,6,5,True,0.9302763981473161,fixed_n
rank_shift_ok,0,S2,4.0,3.6925243321287047,12,0.11967317863191917,10,0.9231310830321762,0.9121112168966942,0.47021509289514773,0.9090233321964221,1.057118889413969,0.9359545520927715,True,7,6,True,0.9302763981473161,fixed_n
rank_shift_ok,1,S1,0.0,0.0,12,0.1269646642650859,10,0.5716578181909913,0.5395769985188231,0.5395769985188231,0.5277594989603651,0.4682651512288623,0.6055772152626464,True,5,4,True,0.6055772152626464,fixed_n
rank_shift_ok,1,S1,0.5,0.28582890909549563,12,0.1269646642650859,10,0.5716578181909913,0.5395769985188231,0.5032868270382578,0.5277594989603651,0.4900637269282487,0.6034188053925539,True,5,4,True,0.6055772152626464,fixed_n
rank_shift_ok,1,S1,1.0,0.5716578181909913,12,0.1269646642650859,10,0.5716578181909913,0.5395769985188231,0.4669966555576924,0.5277594989603651,0.4900637269282487,0.6034188053925539,True,5,4,True,0.6055772152626464,fixed_n
rank_shift_ok,1,S1,2.0,1.1433156363819825,12,0.1269646642650859,10,0.5716578181909913,0.5395769985188231,0.39441631259656174,0.5277594989603651,0.35439682236183556,0.6034188053925539,True,5,4,True,0.6055772152626464,fixed_n
rank_shift_ok,1,S1,4.0,2.286631272763965,12,0.1269646642650859,10,0.5716578181909913,0.5395769985188231,0.2492556266743003,0.5277594989603651,0.5725567618793207,0.6034188053925539,True,5,4,True,0.6055772152626464,fixed_n
rank_shift_ok,1,S2,0.0,0.0,12,0.1269646642650859,10,0.5716578181909913,0.5395769985188231,0.5395769985188231,0.5277594989603651,0.537451772985855,0.6055772152626464,False,2,2,True,0.6055772152626464,fixed_n
rank_shift_ok,1,S2,0.5,0.28582890909549563,12,0.1269646642650859,10,0.5716578181909913,0.5395769985188231,0.5032868270382578,0.5277594989603651,0.5350971642998095,0.6034188053925539,True,4,3,True,0.6055772152626464,fixed_n
rank_shift_ok,1,S2,1.0,0.5716578181909913,12,0.1269646642650859,10,0.5716578181909913,0.5395769985188231,0.4669966555576924,0.5277594989603651,0.6881364963828214,0.6034188053925539,True,5,4,True,0.6055772152626464,fixed_n
rank_shift_ok,1,S2,2.0,1.1433156363819825,12,0.1269646642650859,10,0.5716578181909913,0.5395769985188231,0.39441631259656174,0.5277594989603651,0.5234570629793123,0.6034188053925539,True,7,6,True,0.6055772152626464,fixed_n
rank_shift_ok,1,S2,4.0,2.286631272763965,12,0.1269646642650859,10,0.5716578181909913,0.5395769985188231,0.2492556266743003,0.5277594989603651,0.5725567618793207,0.6034188053925539,True,5,4,True,0.6055772152626464,fixed_n
rank_shift_ok,2,S1,0.0,0.0,12,0.1273217559524112,10,0.7782110159640243,0.7070781370856912,0.7070781370856912,0.7047134572964767,0.8361758871393585,0.7310157295687669,False,5,5,True,0.7310157295687669,fixed_n
rank_shift_ok,2,S1,0.5,0.38910550798201216,12,0.1273217559524112,10,0.7782110159640243,0.7070781370856912,0.6575365405586665,0.7047134572964767,0.7488243506951361,0.7398389322656609,True,5,4,True,0.7310157295687669,fixed_n
rank_shift_ok,2,S1,1.0,0.7782110159640243,12,0.1273217559524112,10,0.7782110159640243,0.7070781370856912,0.6079949440316418,0.7047134572964767,0.672304342908993,0.7398389322656609,True,5,4,True,0.7310157295687669,fixed_n
rank_shift_ok,2,S1,2.0,1.5564220319280486,12,0.1273217559524112,10,0.7782110159640243,0.7070781370856912,0.5089117509775923,0.7047134572964767,0.6266271910940255,0.7398389322656609,True,5,4,True,0.7310157295687669,fixed_n
rank_shift_ok,2,S1,4.0,3.1128440638560972,12,0.1273217559524112,10,0.7782110159640243,0.7070781370856912,0.31074536486949345,0.7047134572964767,0.6266271910940255,0.7398389322656609,True,5,4,True,0.7310157295687669,fixed_n
rank_shift_ok,2,S2,0.0,0.0,12,0.1273217559524112,10,0.7782110159640243,0.7070781370856912,0.7070781370856912,0.7047134572964767,0.7070781370856912,0.7310157295687669,False,0,0,True,0.7310157295687669,fixed_n
rank_shift_ok,2,S2,0.5,0.38910550798201216,12,0.1273217559524112,10,0.7782110159640243,0.7070781370856912,0.6575365405586665,0.7047134572964767,0.6182532056784911,0.7398389322656609,False,1,1,True,0.7310157295687669,fixed_n
rank_shift_ok,2,S2,1.0,0.7782110159640243,12,0.1273217559524112,10,0.7782110159640243,0.7070781370856912,0.6079949440316418,0.7047134572964767,0.660509295504313,0.7398389322656609,True,2,1,True,0.7310157295687669,fixed_n
rank_shift_ok,2,S2,2.0,1.5564220319280486,12,0.1273217559524112,10,0.7782110159640243,0.7070781370856912,0.5089117509775923,0.7047134572964767,0.6200599567156684,0.7398389322656609,True,3,2,True,0.7310157295687669,fixed_n
rank_shift_ok,2,S2,4.0,3.1128440638560972,12,0.1273217559524112,10,0.7782110159640243,0.7070781370856912,0.31074536486949345,0.7047134572964767,0.5744038362929046,0.7398389322656609,True,7,6,True,0.7310157295687669,fixed_n
rank_shift_ok,3,S1,0.0,0.0,12,0.1279411551869919,10,0.9287819306743581,0.9803308751242368,0.9803308751242368,1.0327505853041452,1.116732917659618,0.8764981653479977,True,5,4,True,0.8764981653479977,fixed_n
rank_shift_ok,3,S1,0.5,0.46439096533717905,12,0.1279411551869919,10,0.9287819306743581,0.9803308751242368,0.9209161585605956,1.0327505853041452,1.116732917659618,0.785789283054704,True,5,4,True,0.8764981653479977,fixed_n
rank_shift_ok,3,S1,1.0,0.9287819306743581,12,0.1279411551869919,10,0.9287819306743581,0.9803308751242368,0.8615014419969548,1.0327505853041452,1.116732917659618,0.785789283054704,True,5,4,True,0.8764981653479977,fixed_n
rank_shift_ok,3,S1,2.0,1.8575638613487162,12,0.1279411551869919,10,0.9287819306743581,0.9803308751242368,0.7426720088696728,1.0327505853041452,1.0068062969673364,0.785789283054704,True,5,4,True,0.8764981653479977,fixed_n
rank_shift_ok,3,S1,4.0,3.7151277226974324,12,0.1279411551869919,10,0.9287819306743581,0.9803308751242368,0.5050131426151088,1.0327505853041452,1.0068062969673364,0.785789283054704,True,5,4,True,0.8764981653479977,fixed_n
rank_shift_ok,3,S2,0.0,0.0,12,0.1279411551869919,10,0.9287819306743581,0.9803308751242368,0.9803308751242368,1.0327505853041452,0.9803308751242368,0.8764981653479977,False,0,0,True,0.8764981653479977,fixed_n
rank_shift_ok,3,S2,0.5,0.46439096533717905,12,0.1279411551869919,10,0.9287819306743581,0.9803308751242368,0.9209161585605956,1.0327505853041452,1.0327505853041452,0.785789283054704,True,1,0,True,0.8764981653479977,fixed_n
rank_shift_ok,3,S2,1.0,0.9287819306743581,12,0.1279411551869919,10,0.9287819306743581,0.9803308751242368,0.8615014419969548,1.0327505853041452,1.0190600926774578,0.785789283054704,True,3,2,True,0.8764981653479977,fixed_n
rank_shift_ok,3,S2,2.0,1.8575638613487162,12,0.1279411551869919,10,0.9287819306743581,0.9803308751242368,0.7426720088696728,1.0327505853041452,1.0190600926774578,0.785789283054704,True,3,2,True,0.8764981653479977,fixed_n
rank_shift_ok,3,S2,4.0,3.7151277226974324,12,0.1279411551869919,10,0.9287819306743581,0.9803308751242368,0.5050131426151088,1.0327505853041452,1.2637124715066932,0.785789283054704,True,7,6,True,0.8764981653479977,fixed_n
rank_shift_ok,4,S1,0.0,0.0,12,0.13786400010399763,10,1.1552260356523263,1.1253673426224875,1.1253673426224875,1.1896520659272043,0.9953641488631065,0.8910110249448346,True,5,4,False,0.8910110249448346,fixed_n
rank_shift_ok,4,S1,0.5,0.5776130178261631,12,0.13786400010399763,10,1.1552260356523263,1.1253673426224875,1.0457353014728308,1.1896520659272043,0.9953641488631065,0.8475617309133523,True,5,4,False,0.8910110249448346,fixed_n
rank_shift_ok,4,S1,1.0,1.1552260356523263,12,0.13786400010399763,10,1.1552260356523263,1.1253673426224875,0.9661032603231741,1.1896520659272043,0.9953641488631065,0.8910110249448346,True,5,4,False,0.8910110249448346,fixed_n
rank_shift_ok,4,S1,2.0,2.3104520713046526,12,0.13786400010399763,10,1.1552260356523263,1.1253673426224875,0.8068391780238612,1.1896520659272043,1.0842655216030637,1.0764789762575537,True,5,4,False,0.8910110249448346,fixed_n
rank_shift_ok,4,S1,4.0,4.620904142609305,12,0.13786400010399763,10,1.1552260356523263,1.1253673426224875,0.4883110134252349,1.1896520659272043,1.0842655216030637,-2.632823185023576,True,5,4,False,0.8910110249448346,fixed_n
rank_shift_ok,4,S2,0.0,0.0,12,0.13786400010399763,10,1.1552260356523263,1.1253673426224875,1.1253673426224875,1.1896520659272043,1.0799837745162277,0.8910110249448346,True,4,3,False,0.8910110249448346,fixed_n
rank_shift_ok,4,S2,0.5,0.5776130178261631,12,0.13786400010399763,10,1.1552260356523263,1.1253673426224875,1.0457353014728308,1.1896520659272043,1.0799837745162277,0.8475617309133523,True,4,3,False,0.8910110249448346,fixed_n
rank_shift_ok,4,S2,1.0,1.1552260356523263,12,0.13786400010399763,10,1.1552260356523263,1.1253673426224875,0.9661032603231741,1.1896520659272043,1.0799837745162277,0.8910110249448346,True,4,3,False,0.8910110249448346,fixed_n
rank_shift_ok,4,S2,2.0,2.3104520713046526,12,0.13786400010399763,10,1.1552260356523263,1.1253673426224875,0.8068391780238612,1.1896520659272043,0.5679257976944492,1.0764789762575537,True,7,6,False,0.8910110249448346,fixed_n
rank_shift_ok,4,S2,4.0,4.620904142609305,12,0.13786400010399763,10,1.1552260356523263,1.1253673426224875,0.4883110134252349,1.1896520659272043,1.0842655216030637,-2.632823185023576,True,5,4,False,0.8910110249448346,fixed_n
rank_shift_ok,5,S1,0.0,0.0,12,0.12203398764393086,10,0.985599975081964,0.8535168922303547,0.8535168922303547,0.8557705484716923,0.8960727503830175,0.8785001613128541,True,5,4,True,0.8785001613128541,fixed_n
rank_shift_ok,5,S1,0.5,0.492799987540982,12,0.12203398764393086,10,0.985599975081964,0.8535168922303547,0.7933785446398491,0.8557705484716923,1.0344959324776073,0.8780425901445579,True,5,4,True,0.8785001613128541,fixed_n
rank_shift_ok,5,S1,1.0,0.985599975081964,12,0.12203398764393086,10,0.985599975081964,0.8535168922303547,0.7332401970493437,0.8557705484716923,1.0344959324776073,0.8780425901445579,True,5,4,True,0.8785001613128541,fixed_n
rank_shift_ok,5,S1,2.0,1.971199950163928,12,0.12203398764393086,10,0.985599975081964,0.8535168922303547,0.6129635018683326,0.8557705484716923,0.9462305695866119,0.8780425901445579,True,5,4,True,0.8785001613128541,fixed_n
rank_shift_ok,5,S1,4.0,3.942399900327856,12,0.12203398764393086,10,0.985599975081964,0.8535168922303547,0.37241011150631076,0.8557705484716923,0.8633640769131843,0.8780425901445579,True,5,4,True,0.8785001613128541,fixed_n
rank_shift_ok,5,S2,0.0,0.0,12,0.12203398764393086,10,0.985599975081964,0.8535168922303547,0.8535168922303547,0.8557705484716923,0.9318521024598472,0.8785001613128541,False,2,2,True,0.8785001613128541,fixed_n
rank_shift_ok,5,S2,0.5,0.492799987540982,12,0.12203398764393086,10,0.985599975081964,0.8535168922303547,0.7933785446398491,0.8557705484716923,0.9337397974343782,0.8780425901445579,True,3,2,True,0.8785001613128541,fixed_n
rank_shift_ok,5,S2,1.0,0.985599975081964,12,0.12203398764393086,10,0.985599975081964,0.8535168922303547,0.7332401970493437,0.8557705484716923,1.0344959324776073,0.8780425901445579,True,5,4,True,0.8785001613128541,fixed_n
rank_shift_ok,5,S2,2.0,1.971199950163928,12,0.12203398764393086,10,0.985599975081964,0.8535168922303547,0.6129635018683326,0.8557705484716923,0.9462305695866119,0.8780425901445579,True,5,4,True,0.8785001613128541,fixed_n
rank_shift_ok,5,S2,4.0,3.942399900327856,12,0.12203398764393086,10,0.985599975081964,0.8535168922303547,0.37241011150631076,0.8557705484716923,0.8633640769131843,0.8780425901445579,True,5,4,True,0.8785001613128541,fixed_n
rank_shift_ok,6,S1,0.0,0.0,12,0.13446566699165827,10,0.8438563257180955,0.8017066441895387,0.8017066441895387,0.807605862553935,0.8822067777739566,0.5552664590654108,False,5,5,False,0.5552664590654108,fixed_n
rank_shift_ok,6,S1,0.5,0.4219281628590478,12,0.13446566699165827,10,0.8438563257180955,0.8017066441895387,0.7449717923481319,0.807605862553935,0.8792182467983514,0.5650377858532777,True,5,4,False,0.5552664590654108,fixed_n
rank_shift_ok,6,S1,1.0,0.8438563257180955,12,0.13446566699165827,10,0.8438563257180955,0.8017066441895387,0.6882369405067251,0.807605862553935,0.8792182467983514,0.5663848327787591,True,5,4,False,0.5552664590654108,fixed_n
rank_shift_ok,6,S1,2.0,1.687712651436191,12,0.13446566699165827,10,0.8438563257180955,0.8017066441895387,0.5747672368239113,0.807605862553935,0.9119131917434664,0.565602255638103,True,5,4,False,0.5552664590654108,fixed_n
rank_shift_ok,6,S1,4.0,3.375425302872382,12,0.13446566699165827,10,0.8438563257180955,0.8017066441895387,0.3478278294582838,0.807605862553935,0.9119131917434664,0.5671105839093301,True,5,4,False,0.5552664590654108,fixed_n
rank_shift_ok,6,S2,0.0,0.0,12,0.13446566699165827,10,0.8438563257180955,0.8017066441895387,0.8017066441895387,0.807605862553935,0.812814702505307,0.5552664590654108,False,3,3,False,0.5552664590654108,fixed_n
rank_shift_ok,6,S2,0.5,0.4219281628590478,12,0.13446566699165827,10,0.8438563257180955,0.8017066441895387,0.7449717923481319,0.807605862553935,0.8163457982538154,0.5650377858532777,True,4,3,False,0.5552664590654108,fixed_n
rank_shift_ok,6,S2,1.0,0.8438563257180955,12,0.13446566699165827,10,0.8438563257180955,0.8017066441895387,0.6882369405067251,0.807605862553935,0.9119131917434664,0.5663848327787591,True,5,4,False,0.5552664590654108,fixed_n
rank_shift_ok,6,S2,2.0,1.687712651436191,12,0.13446566699165827,10,0.8438563257180955,0.8017066441895387,0.5747672368239113,0.807605862553935,0.9119131917434664,0.565602255638103,True,5,4,False,0.5552664590654108,fixed_n
rank_shift_ok,6,S2,4.0,3.375425302872382,12,0.13446566699165827,10,0.8438563257180955,0.8017066441895387,0.3478278294582838,0.807605862553935,0.9119131917434664,0.5671105839093301,True,5,4,False,0.5552664590654108,fixed_n
rank_shift_ok,7,S1,0.0,0.0,12,0.1434423804670033,10,1.007834662968353,0.9779042436588817,0.9779042436588817,1.0084639605721395,0.9377845271335993,1.040307027519399,False,5,5,True,1.040307027519399,fixed_n
rank_shift_ok,7,S1,0.5,0.5039173314841765,12,0.1434423804670033,10,1.007834662968353,0.9779042436588817,0.9056211420722116,1.0084639605721395,1.0435488954815684,1.0386149240592948,True,5,4,True,1.040307027519399,fixed_n
rank_shift_ok,7,S1,1.0,1.007834662968353,12,0.1434423804670033,10,1.007834662968353,0.9779042436588817,0.8333380404855412,1.0084639605721395,1.0770481747618577,1.0386149240592948,True,5,4,True,1.040307027519399,fixed_n
rank_shift_ok,7,S1,2.0,2.015669325936706,12,0.1434423804670033,10,1.007834662968353,0.9779042436588817,0.6887718373122006,1.0084639605721395,1.0397493071438402,1.0386149240592948,True,5,4,True,1.040307027519399,fixed_n
rank_shift_ok,7,S1,4.0,4.031338651873412,12,0.1434423804670033,10,1.007834662968353,0.9779042436588817,0.39963943096551957,1.0084639605721395,1.0397493071438402,1.0386149240592948,True,5,4,True,1.040307027519399,fixed_n
rank_shift_ok,7,S2,0.0,0.0,12,0.1434423804670033,10,1.007834662968353,0.9779042436588817,0.9779042436588817,1.0084639605721395,0.9779042436588817,1.040307027519399,False,0,0,True,1.040307027519399,fixed_n
rank_shift_ok,7,S2,0.5,0.5039173314841765,12,0.1434423804670033,10,1.007834662968353,0.9779042436588817,0.9056211420722116,1.0084639605721395,1.0084639605721395,1.0386149240592948,True,1,0,True,1.040307027519399,fixed_n
rank_shift_ok,7,S2,1.0,1.007834662968353,12,0.1434423804670033,10,1.007834662968353,0.9779042436588817,0.8333380404855412,1.0084639605721395,1.0261163760296994,1.0386149240592948,True,3,2,True,1.040307027519399,fixed_n
rank_shift_ok,7,S2,2.0,2.015669325936706,12,0.1434423804670033,10,1.007834662968353,0.9779042436588817,0.6887718373122006,1.0084639605721395,1.0261163760296994,1.0386149240592948,True,3,2,True,1.040307027519399,fixed_n
rank_shift_ok,7,S2,4.0,4.031338651873412,12,0.1434423804670033,10,1.007834662968353,0.9779042436588817,0.39963943096551957,1.0084639605721395,0.9658245844803808,1.0386149240592948,True,7,6,True,1.040307027519399,fixed_n
rank_shift_ok,8,S1,0.0,0.0,12,0.11914999383953373,10,1.1888174143987857,1.2075054962837553,1.2075054962837553,1.1619491465755754,1.1820881702820245,1.5552590067496175,False,5,5,False,1.5552590067496175,fixed_n
rank_shift_ok,8,S1,0.5,0.5944087071993929,12,0.11914999383953373,10,1.1888174143987857,1.2075054962837553,1.1366817024827824,1.1619491465755754,0.9466128601417065,1.5552590067496175,True,5,4,False,1.5552590067496175,fixed_n
rank_shift_ok,8,S1,1.0,1.1888174143987857,12,0.11914999383953373,10,1.1888174143987857,1.2075054962837553,1.0658579086818096,1.1619491465755754,0.9466128601417065,1.5730306820969047,True,5,4,False,1.5552590067496175,fixed_n
rank_shift_ok,8,S1,2.0,2.3776348287975715,12,0.11914999383953373,10,1.1888174143987857,1.2075054962837553,0.9242103210798639,1.1619491465755754,0.9466128601417065,1.5696750352125868,True,5,4,False,1.5552590067496175,fixed_n
rank_shift_ok,8,S1,4.0,4.755269657595143,12,0.11914999383953373,10,1.1888174143987857,1.2075054962837553,0.6409151458759725,1.1619491465755754,1.1502737134792476,1.5696750352125868,True,5,4,False,1.5552590067496175,fixed_n
rank_shift_ok,8,S2,0.0,0.0,12,0.11914999383953373,10,1.1888174143987857,1.2075054962837553,1.2075054962837553,1.1619491465755754,1.2027498463273847,1.5552590067496175,False,2,2,False,1.5552590067496175,fixed_n
rank_shift_ok,8,S2,0.5,0.5944087071993929,12,0.11914999383953373,10,1.1888174143987857,1.2075054962837553,1.1366817024827824,1.1619491465755754,1.1571935261694866,1.5552590067496175,True,3,2,False,1.5552590067496175,fixed_n
rank_shift_ok,8,S2,1.0,1.1888174143987857,12,0.11914999383953373,10,1.1888174143987857,1.2075054962837553,1.0658579086818096,1.1619491465755754,1.1571935261694866,1.5730306820969047,True,3,2,False,1.5552590067496175,fixed_n
rank_shift_ok,8,S2,2.0,2.3776348287975715,12,0.11914999383953373,10,1.1888174143987857,1.2075054962837553,0.9242103210798639,1.1619491465755754,1.03077920877324,1.5696750352125868,True,7,6,False,1.5552590067496175,fixed_n
rank_shift_ok,8,S2,4.0,4.755269657595143,12,0.11914999383953373,10,1.1888174143987857,1.2075054962837553,0.6409151458759725,1.1619491465755754,1.1502737134792476,1.5696750352125868,True,5,4,False,1.5552590067496175,fixed_n
rank_shift_ok,9,S1,0.0,0.0,12,0.13195901780367864,10,1.3178027595495028,1.4489570608962268,1.4489570608962268,1.41714123812987,1.5214391943576702,1.5665864749218699,True,5,4,False,1.5665864749218699,fixed_n
rank_shift_ok,9,S1,0.5,0.6589013797747514,12,0.13195901780367864,10,1.3178027595495028,1.4489570608962268,1.362009081991662,1.41714123812987,1.3357250714530253,1.6068498419310762,True,5,4,False,1.5665864749218699,fixed_n
rank_shift_ok,9,S1,1.0,1.3178027595495028,12,0.13195901780367864,10,1.3178027595495028,1.4489570608962268,1.275061103087097,1.41714123812987,1.3357250714530253,1.609267672016017,True,5,4,False,1.5665864749218699,fixed_n
rank_shift_ok,9,S1,2.0,2.6356055190990055,12,0.13195901780367864,10,1.3178027595495028,1.4489570608962268,1.1011651452779674,1.41714123812987,1.3357250714530253,1.621298375443356,True,5,4,False,1.5665864749218699,fixed_n
rank_shift_ok,9,S1,4.0,5.271211038198011,12,0.13195901780367864,10,1.3178027595495028,1.4489570608962268,0.7533732296597078,1.41714123812987,1.3357250714530253,1.4753389313984862,True,5,4,False,1.5665864749218699,fixed_n
rank_shift_ok,9,S2,0.0,0.0,12,0.13195901780367864,10,1.3178027595495028,1.4489570608962268,1.4489570608962268,1.41714123812987,1.4486221456130062,1.5665864749218699,False,1,1,False,1.5665864749218699,fixed_n
rank_shift_ok,9,S2,0.5,0.6589013797747514,12,0.13195901780367864,10,1.3178027595495028,1.4489570608962268,1.362009081991662,1.41714123812987,1.473109225069154,1.6068498419310762,True,4,3,False,1.5665864749218699,fixed_n
rank_shift_ok,9,S2,1.0,1.3178027595495028,12,0.13195901780367864,10,1.3178027595495028,1.4489570608962268,1.275061103087097,1.41714123812987,1.5487843520374063,1.609267672016017,True,6,5,False,1.5665864749218699,fixed_n
rank_shift_ok,9,S2,2.0,2.6356055190990055,12,0.13195901780367864,10,1.3178027595495028,1.4489570608962268,1.1011651452779674,1.41714123812987,1.7780572554841025,1.621298375443356,True,8,7,False,1.5665864749218699,fixed_n
rank_shift_ok,9,S2,4.0,5.271211038198011,12,0.13195901780367864,10,1.3178027595495028,1.4489570608962268,0.7533732296597078,1.41714123812987,1.3357250714530253,1.4753389313984862,True,5,4,False,1.5665864749218699,fixed_n
rank_shift_ok,10,S1,0.0,0.0,12,0.14227725256458879,10,0.8310472938577863,0.8110247281076672,0.8110247281076672,0.8109110285188381,0.934474593387977,0.8774935206646588,True,5,4,True,0.8774935206646588,fixed_n
rank_shift_ok,10,S1,0.5,0.41552364692889315,12,0.14227725256458879,10,0.8310472938577863,0.8110247281076672,0.751905165247006,0.8109110285188381,0.9476232696308797,0.904816797369709,False,5,5,True,0.8774935206646588,fixed_n
rank_shift_ok,10,S1,1.0,0.8310472938577863,12,0.14227725256458879,10,0.8310472938577863,0.8110247281076672,0.6927856023863448,0.8109110285188381,0.8876760415197561,0.8841239265616972,False,5,5,True,0.8774935206646588,fixed_n
rank_shift_ok,10,S1,2.0,1.6620945877155726,12,0.14227725256458879,10,0.8310472938577863,0.8110247281076672,0.5745464766650226,0.8109110285188381,0.7677815852975092,0.8300119552929524,False,5,5,True,0.8774935206646588,fixed_n
rank_shift_ok,10,S1,4.0,3.3241891754311452,12,0.14227725256458879,10,0.8310472938577863,0.8110247281076672,0.338068225222378,0.8109110285188381,1.018592299948627,0.7282842334994195,True,5,4,True,0.8774935206646588,fixed_n
rank_shift_ok,10,S2,0.0,0.0,12,0.14227725256458879,10,0.8310472938577863,0.8110247281076672,0.8110247281076672,0.8109110285188381,1.007039854029275,0.8774935206646588,True,6,5,True,0.8774935206646588,fixed_n
rank_shift_ok,10,S2,0.5,0.41552364692889315,12,0.14227725256458879,10,0.8310472938577863,0.8110247281076672,0.751905165247006,0.8109110285188381,1.007039854029275,0.904816797369709,True,6,5,True,0.8774935206646588,fixed_n
rank_shift_ok,10,S2,1.0,0.8310472938577863,12,0.14227725256458879,10,0.8310472938577863,0.8110247281076672,0.6927856023863448,0.8109110285188381,0.8876760415197561,0.8841239265616972,False,5,5,True,0.8774935206646588,fixed_n
rank_shift_ok,10,S2,2.0,1.6620945877155726,12,0.14227725256458879,10,0.8310472938577863,0.8110247281076672,0.5745464766650226,0.8109110285188381,0.7793340541218645,0.8300119552929524,False,4,4,True,0.8774935206646588,fixed_n
rank_shift_ok,10,S2,4.0,3.3241891754311452,12,0.14227725256458879,10,0.8310472938577863,0.8110247281076672,0.338068225222378,0.8109110285188381,1.1521603641255054,0.7282842334994195,True,7,6,True,0.8774935206646588,fixed_n
rank_shift_ok,11,S1,0.0,0.0,12,0.15964959298358,10,1.0089694707806085,0.9778981734924057,0.9778981734924057,1.0262629762650266,0.9198209857001922,0.8686041715631336,False,5,5,True,0.8686041715631336,fixed_n
rank_shift_ok,11,S1,0.5,0.5044847353903043,12,0.15964959298358,10,1.0089694707806085,0.9778981734924057,0.8973573908209147,1.0262629762650266,0.9752396687409715,0.9062151315994418,True,5,4,True,0.8686041715631336,fixed_n
rank_shift_ok,11,S1,1.0,1.0089694707806085,12,0.15964959298358,10,1.0089694707806085,0.9778981734924057,0.8168166081494237,1.0262629762650266,0.9752396687409715,0.9062151315994418,True,5,4,True,0.8686041715631336,fixed_n
rank_shift_ok,11,S1,2.0,2.017938941561217,12,0.15964959298358,10,1.0089694707806085,0.9778981734924057,0.6557350428064412,1.0262629762650266,0.9752396687409715,0.9062151315994418,True,5,4,True,0.8686041715631336,fixed_n
rank_shift_ok,11,S1,4.0,4.035877883122434,12,0.15964959298358,10,1.0089694707806085,0.9778981734924057,0.3335719121204768,1.0262629762650266,1.089985195563579,0.9062151315994418,True,5,4,True,0.8686041715631336,fixed_n
rank_shift_ok,11,S2,0.0,0.0,12,0.15964959298358,10,1.0089694707806085,0.9778981734924057,0.9778981734924057,1.0262629762650266,0.9500663222877501,0.8686041715631336,False,1,1,True,0.8686041715631336,fixed_n
rank_shift_ok,11,S2,0.5,0.5044847353903043,12,0.15964959298358,10,1.0089694707806085,0.9778981734924057,0.8973573908209147,1.0262629762650266,0.998431123129748,0.9062151315994418,True,2,1,True,0.8686041715631336,fixed_n
rank_shift_ok,11,S2,1.0,1.0089694707806085,12,0.15964959298358,10,1.0089694707806085,0.9778981734924057,0.8168166081494237,1.0262629762650266,0.998431123129748,0.9062151315994418,True,2,1,True,0.8686041715631336,fixed_n
rank_shift_ok,11,S2,2.0,2.017938941561217,12,0.15964959298358,10,1.0089694707806085,0.9778981734924057,0.6557350428064412,1.0262629762650266,0.9890691061008043,0.9062151315994418,True,5,4,True,0.8686041715631336,fixed_n
rank_shift_ok,11,S2,4.0,4.035877883122434,12,0.15964959298358,10,1.0089694707806085,0.9778981734924057,0.3335719121204768,1.0262629762650266,0.8993188810159053,0.9062151315994418,True,7,6,True,0.8686041715631336,fixed_n
rank_shift_ok,12,S1,0.0,0.0,12,0.1577570548969987,10,0.9021467017816218,0.79448288194022,0.79448288194022,0.740211583694992,0.8667615314859868,0.7417556259539021,False,5,5,False,0.7417556259539021,fixed_n
rank_shift_ok,12,S1,0.5,0.4510733508908109,12,0.1577570548969987,10,0.9021467017816218,0.79448288194022,0.7233228785611652,0.740211583694992,0.7826646763894446,0.7459902019605564,False,5,5,False,0.7417556259539021,fixed_n
rank_shift_ok,12,S1,1.0,0.9021467017816218,12,0.1577570548969987,10,0.9021467017816218,0.79448288194022,0.6521628751821102,0.740211583694992,0.7956981719354033,0.743808868197966,True,5,4,False,0.7417556259539021,fixed_n
rank_shift_ok,12,S1,2.0,1.8042934035632436,12,0.1577570548969987,10,0.9021467017816218,0.79448288194022,0.5098428684240007,0.740211583694992,0.7956981719354033,0.743808868197966,True,5,4,False,0.7417556259539021,fixed_n
rank_shift_ok,12,S1,4.0,3.6085868071264873,12,0.1577570548969987,10,0.9021467017816218,0.79448288194022,0.2252028549077814,0.740211583694992,0.7956981719354033,0.743808868197966,True,5,4,False,0.7417556259539021,fixed_n
rank_shift_ok,12,S2,0.0,0.0,12,0.1577570548969987,10,0.9021467017816218,0.79448288194022,0.79448288194022,0.740211583694992,0.8682403752444694,0.7417556259539021,False,3,3,False,0.7417556259539021,fixed_n
rank_shift_ok,12,S2,0.5,0.4510733508908109,12,0.1577570548969987,10,0.9021467017816218,0.79448288194022,0.7233228785611652,0.740211583694992,0.8092086094294076,0.7459902019605564,True,4,3,False,0.7417556259539021,fixed_n
rank_shift_ok,12,S2,1.0,0.9021467017816218,12,0.1577570548969987,10,0.9021467017816218,0.79448288194022,0.6521628751821102,0.740211583694992,0.8092086094294076,0.743808868197966,True,4,3,False,0.7417556259539021,fixed_n
rank_shift_ok,12,S2,2.0,1.8042934035632436,12,0.1577570548969987,10,0.9021467017816218,0.79448288194022,0.5098428684240007,0.740211583694992,0.8092086094294076,0.743808868197966,True,4,3,False,0.7417556259539021,fixed_n
rank_shift_ok,12,S2,4.0,3.6085868071264873,12,0.1577570548969987,10,0.9021467017816218,0.79448288194022,0.2252028549077814,0.740211583694992,0.7964270500307408,0.743808868197966,True,6,5,False,0.7417556259539021,fixed_n
rank_shift_ok,13,S1,0.0,0.0,12,0.11579979982879118,10,1.0495206868596574,1.004248979752264,1.004248979752264,1.0169290458769256,0.9938087050292003,0.9672209347134877,False,5,5,True,0.9672209347134877,fixed_n
rank_shift_ok,13,S1,0.5,0.5247603434298287,12,0.11579979982879118,10,1.0495206868596574,1.004248979752264,0.9434818370250019,1.0169290458769256,0.8273036899189355,0.9672209347134877,True,5,4,True,0.9672209347134877,fixed_n
rank_shift_ok,13,S1,1.0,1.0495206868596574,12,0.11579979982879118,10,1.0495206868596574,1.004248979752264,0.88271469429774,1.0169290458769256,0.610785103866408,0.9672209347134877,True,5,4,True,0.9672209347134877,fixed_n
rank_shift_ok,13,S1,2.0,2.0990413737193148,12,0.11579979982879118,10,1.0495206868596574,1.004248979752264,0.7611804088432165,1.0169290458769256,0.8480707305253163,0.9933970806718099,True,5,4,True,0.9672209347134877,fixed_n
rank_shift_ok,13,S1,4.0,4.1980827474386295,12,0.11579979982879118,10,1.0495206868596574,1.004248979752264,0.5181118379341689,1.0169290458769256,0.7145212711864405,0.9933970806718099,True,5,4,True,0.9672209347134877,fixed_n
rank_shift_ok,13,S2,0.0,0.0,12,0.11579979982879118,10,1.0495206868596574,1.004248979752264,1.004248979752264,1.0169290458769256,1.004248979752264,0.9672209347134877,False,0,0,True,0.9672209347134877,fixed_n
rank_shift_ok,13,S2,0.5,0.5247603434298287,12,0.11579979982879118,10,1.0495206868596574,1.004248979752264,0.9434818370250019,1.0169290458769256,0.918508184731208,0.9672209347134877,True,2,1,True,0.9672209347134877,fixed_n
rank_shift_ok,13,S2,1.0,1.0495206868596574,12,0.11579979982879118,10,1.0495206868596574,1.004248979752264,0.88271469429774,1.0169290458769256,0.8635393239840369,0.9672209347134877,True,3,2,True,0.9672209347134877,fixed_n
rank_shift_ok,13,S2,2.0,2.0990413737193148,12,0.11579979982879118,10,1.0495206868596574,1.004248979752264,0.7611804088432165,1.0169290458769256,0.7145212711864405,0.9933970806718099,True,5,4,True,0.9672209347134877,fixed_n
rank_shift_ok,13,S2,4.0,4.1980827474386295,12,0.11579979982879118,10,1.0495206868596574,1.004248979752264,0.5181118379341689,1.0169290458769256,0.7145212711864405,0.9933970806718099,True,5,4,True,0.9672209347134877,fixed_n
rank_shift_ok,14,S1,0.0,0.0,12,0.13788521784828223,10,1.132049453662209,1.121203421277573,1.121203421277573,1.130875865391184,1.1424888878261024,1.3408657979064815,True,5,4,False,1.3408657979064815,fixed_n
rank_shift_ok,14,S1,0.5,0.5660247268311045,12,0.13788521784828223,10,1.132049453662209,1.121203421277573,1.0431569785109516,1.130875865391184,1.1424888878261024,1.456313399589329,True,5,4,False,1.3408657979064815,fixed_n
rank_shift_ok,14,S1,1.0,1.132049453662209,12,0.13788521784828223,10,1.132049453662209,1.121203421277573,0.9651105357443305,1.130875865391184,1.1184434301545,0.7065136047753948,True,5,4,False,1.3408657979064815,fixed_n
rank_shift_ok,14,S1,2.0,2.264098907324418,12,0.13788521784828223,10,1.132049453662209,1.121203421277573,0.8090176502110878,1.130875865391184,1.094799144203841,0.34039804363169224,True,5,4,False,1.3408657979064815,fixed_n
rank_shift_ok,14,S1,4.0,4.528197814648836,12,0.13788521784828223,10,1.132049453662209,1.121203421277573,0.4968318791446027,1.130875865391184,1.094799144203841,1.3734383525985299,True,5,4,False,1.3408657979064815,fixed_n
rank_shift_ok,14,S2,0.0,0.0,12,0.13788521784828223,10,1.132049453662209,1.121203421277573,1.121203421277573,1.130875865391184,1.121203421277573,1.3408657979064815,False,0,0,False,1.3408657979064815,fixed_n
rank_shift_ok,14,S2,0.5,0.5660247268311045,12,0.13788521784828223,10,1.132049453662209,1.121203421277573,1.0431569785109516,1.130875865391184,1.130875865391184,1.456313399589329,True,1,0,False,1.3408657979064815,fixed_n
rank_shift_ok,14,S2,1.0,1.132049453662209,12,0.13788521784828223,10,1.132049453662209,1.121203421277573,0.9651105357443305,1.130875865391184,1.094799144203841,0.7065136047753948,True,5,4,False,1.3408657979064815,fixed_n
rank_shift_ok,14,S2,2.0,2.264098907324418,12,0.13788521784828223,10,1.132049453662209,1.121203421277573,0.8090176502110878,1.130875865391184,1.094799144203841,0.34039804363169224,True,5,4,False,1.3408657979064815,fixed_n
rank_shift_ok,14,S2,4.0,4.528197814648836,12,0.13788521784828223,10,1.132049453662209,1.121203421277573,0.4968318791446027,1.130875865391184,1.0886493587127917,1.3734383525985299,True,7,6,False,1.3408657979064815,fixed_n
rank_shift_ok,15,S1,0.0,0.0,12,0.13141487954011052,10,1.3237904713875772,1.2573156651700161,1.2573156651700161,1.2515476883056589,1.3000508560221027,1.1966450105232656,False,5,5,True,1.1966450105232656,fixed_n
rank_shift_ok,15,S1,0.5,0.6618952356937886,12,0.13141487954011052,10,1.3237904713875772,1.2573156651700161,1.170332782503144,1.2515476883056589,1.315361921060762,1.1963038683276783,True,5,4,True,1.1966450105232656,fixed_n
rank_shift_ok,15,S1,1.0,1.3237904713875772,12,0.13141487954011052,10,1.3237904713875772,1.2573156651700161,1.0833498998362718,1.2515476883056589,1.315361921060762,1.1963038683276783,True,5,4,True,1.1966450105232656,fixed_n
rank_shift_ok,15,S1,2.0,2.6475809427751544,12,0.13141487954011052,10,1.3237904713875772,1.2573156651700161,0.9093841345025272,1.2515476883056589,1.315361921060762,1.1963038683276783,True,5,4,True,1.1966450105232656,fixed_n
rank_shift_ok,15,S1,4.0,5.295161885550309,12,0.13141487954011052,10,1.3237904713875772,1.2573156651700161,0.5614526038350378,1.2515476883056589,1.3064302714160134,1.1963038683276783,True,5,4,True,1.1966450105232656,fixed_n
rank_shift_ok,15,S2,0.0,0.0,12,0.13141487954011052,10,1.3237904713875772,1.2573156651700161,1.2573156651700161,1.2515476883056589,1.27409795859413,1.1966450105232656,False,2,2,True,1.1966450105232656,fixed_n
rank_shift_ok,15,S2,0.5,0.6618952356937886,12,0.13141487954011052,10,1.3237904713875772,1.2573156651700161,1.170332782503144,1.2515476883056589,1.268329981613094,1.1963038683276783,True,3,2,True,1.1966450105232656,fixed_n
rank_shift_ok,15,S2,1.0,1.3237904713875772,12,0.13141487954011052,10,1.3237904713875772,1.2573156651700161,1.0833498998362718,1.2515476883056589,1.2815125384302073,1.1963038683276783,True,5,4,True,1.1966450105232656,fixed_n
rank_shift_ok,15,S2,2.0,2.6475809427751544,12,0.13141487954011052,10,1.3237904713875772,1.2573156651700161,0.9093841345025272,1.2515476883056589,1.2930887333106051,1.1963038683276783,True,8,7,True,1.1966450105232656,fixed_n
rank_shift_ok,15,S2,4.0,5.295161885550309,12,0.13141487954011052,10,1.3237904713875772,1.2573156651700161,0.5614526038350378,1.2515476883056589,1.2930887333106051,1.1963038683276783,True,8,7,True,1.1966450105232656,fixed_n
rank_shift_ok,16,S1,0.0,0.0,12,0.1328769548596448,10,1.125666788226642,1.1197115784515543,1.1197115784515543,1.0971201798044201,1.0844814315765625,1.2177789125254306,True,5,4,True,1.2177789125254306,fixed_n
rank_shift_ok,16,S1,0.5,0.562833394113321,12,0.1328769548596448,10,1.125666788226642,1.1197115784515543,1.0449239909484578,1.0971201798044201,1.10718086691987,1.1859656829115461,True,5,4,True,1.2177789125254306,fixed_n
rank_shift_ok,16,S1,1.0,1.125666788226642,12,0.1328769548596448,10,1.125666788226642,1.1197115784515543,0.9701364034453611,1.0971201798044201,1.0189238812562413,1.172967923082166,True,5,4,True,1.2177789125254306,fixed_n
rank_shift_ok,16,S1,2.0,2.251333576453284,12,0.1328769548596448,10,1.125666788226642,1.1197115784515543,0.8205612284391686,1.0971201798044201,1.0189238812562413,1.1924564057306182,True,5,4,True,1.2177789125254306,fixed_n
rank_shift_ok,16,S1,4.0,4.502667152906568,12,0.1328769548596448,10,1.125666788226642,1.1197115784515543,0.5214108784267828,1.0971201798044201,1.0189238812562413,1.1924564057306182,True,5,4,True,1.2177789125254306,fixed_n
rank_shift_ok,16,S2,0.0,0.0,12,0.1328769548596448,10,1.125666788226642,1.1197115784515543,1.1197115784515543,1.0971201798044201,1.1197115784515543,1.2177789125254306,False,0,0,True,1.2177789125254306,fixed_n
rank_shift_ok,16,S2,0.5,0.562833394113321,12,0.1328769548596448,10,1.125666788226642,1.1197115784515543,1.0449239909484578,1.0971201798044201,1.1261870413486221,1.1859656829115461,True,2,1,True,1.2177789125254306,fixed_n
rank_shift_ok,16,S2,1.0,1.125666788226642,12,0.1328769548596448,10,1.125666788226642,1.1197115784515543,0.9701364034453611,1.0971201798044201,1.0207546930452538,1.172967923082166,True,4,3,True,1.2177789125254306,fixed_n
rank_shift_ok,16,S2,2.0,2.251333576453284,12,0.1328769548596448,10,1.125666788226642,1.1197115784515543,0.8205612284391686,1.0971201798044201,1.0478857000890902,1.1924564057306182,True,7,6,True,1.2177789125254306,fixed_n
rank_shift_ok,16,S2,4.0,4.502667152906568,12,0.1328769548596448,10,1.125666788226642,1.1197115784515543,0.5214108784267828,1.0971201798044201,1.0663583720104115,1.1924564057306182,True,8,7,True,1.2177789125254306,fixed_n
rank_shift_ok,17,S1,0.0,0.0,12,0.12178758356589081,10,1.3268012713959725,1.277592870590147,1.277592870590147,1.3265372681607726,1.246582450161951,1.638737466208929,True,5,4,False,1.638737466208929,fixed_n
rank_shift_ok,17,S1,0.5,0.6634006356979862,12,0.12178758356589081,10,1.3268012713959725,1.277592870590147,1.196798910232413,1.3265372681607726,1.362524980874609,1.638737466208929,True,5,4,False,1.638737466208929,fixed_n
rank_shift_ok,17,S1,1.0,1.3268012713959725,12,0.12178758356589081,10,1.3268012713959725,1.277592870590147,1.1160049498746794,1.3265372681607726,1.4372139586124117,1.638737466208929,True,5,4,False,1.638737466208929,fixed_n
rank_shift_ok,17,S1,2.0,2.653602542791945,12,0.12178758356589081,10,1.3268012713959725,1.277592870590147,0.9544170291592124,1.3265372681607726,1.2932303284863635,1.6473784862268703,True,5,4,False,1.638737466208929,fixed_n
rank_shift_ok,17,S1,4.0,5.30720508558389,12,0.12178758356589081,10,1.3268012713959725,1.277592870590147,0.6312411877282781,1.3265372681607726,1.2932303284863635,1.6473784862268703,True,5,4,False,1.638737466208929,fixed_n
rank_shift_ok,17,S2,0.0,0.0,12,0.12178758356589081,10,1.3268012713959725,1.277592870590147,1.277592870590147,1.3265372681607726,1.3325812731840785,1.638737466208929,True,4,3,False,1.638737466208929,fixed_n
rank_shift_ok,17,S2,0.5,0.6634006356979862,12,0.12178758356589081,10,1.3268012713959725,1.277592870590147,1.196798910232413,1.3265372681607726,1.558769841412023,1.638737466208929,True,4,3,False,1.638737466208929,fixed_n
rank_shift_ok,17,S2,1.0,1.3268012713959725,12,0.12178758356589081,10,1.3268012713959725,1.277592870590147,1.1160049498746794,1.3265372681607726,1.4924187368759045,1.638737466208929,True,5,4,False,1.638737466208929,fixed_n
rank_shift_ok,17,S2,2.0,2.653602542791945,12,0.12178758356589081,10,1.3268012713959725,1.277592870590147,0.9544170291592124,1.3265372681607726,1.6644512120213881,1.6473784862268703,True,7,6,False,1.638737466208929,fixed_n
rank_shift_ok,17,S2,4.0,5.30720508558389,12,0.12178758356589081,10,1.3268012713959725,1.277592870590147,0.6312411877282781,1.3265372681607726,1.7985377094020105,1.6473784862268703,True,8,7,False,1.638737466208929,fixed_n
rank_shift_ok,18,S1,0.0,0.0,12,0.11788874252337922,10,0.752456197190005,0.8944936811563835,0.8944936811563835,1.0893321315340982,1.0926035222927208,1.4842911709201845,True,5,4,False,1.4842911709201845,fixed_n
rank_shift_ok,18,S1,0.5,0.3762280985950025,12,0.11788874252337922,10,0.752456197190005,0.8944936811563835,0.8501406237110567,1.0893321315340982,1.0926035222927208,1.4842911709201845,True,5,4,False,1.4842911709201845,fixed_n
rank_shift_ok,18,S1,1.0,0.752456197190005,12,0.11788874252337922,10,0.752456197190005,0.8944936811563835,0.8057875662657299,1.0893321315340982,1.0926035222927208,1.4842911709201845,True,5,4,False,1.4842911709201845,fixed_n
rank_shift_ok,18,S1,2.0,1.50491239438001,12,0.11788874252337922,10,0.752456197190005,0.8944936811563835,0.7170814513750762,1.0893321315340982,1.0926035222927208,1.4842911709201845,True,5,4,False,1.4842911709201845,fixed_n
rank_shift_ok,18,S1,4.0,3.00982478876002,12,0.11788874252337922,10,0.752456197190005,0.8944936811563835,0.5396692215937693,1.0893321315340982,1.0431871311468577,1.4842911709201845,True,5,4,False,1.4842911709201845,fixed_n
rank_shift_ok,18,S2,0.0,0.0,12,0.11788874252337922,10,0.752456197190005,0.8944936811563835,0.8944936811563835,1.0893321315340982,1.150469022895357,1.4842911709201845,True,4,3,False,1.4842911709201845,fixed_n
rank_shift_ok,18,S2,0.5,0.3762280985950025,12,0.11788874252337922,10,0.752456197190005,0.8944936811563835,0.8501406237110567,1.0893321315340982,1.1795839495052627,1.4842911709201845,True,5,4,False,1.4842911709201845,fixed_n
rank_shift_ok,18,S2,1.0,0.752456197190005,12,0.11788874252337922,10,0.752456197190005,0.8944936811563835,0.8057875662657299,1.0893321315340982,1.1795839495052627,1.4842911709201845,True,5,4,False,1.4842911709201845,fixed_n
rank_shift_ok,18,S2,2.0,1.50491239438001,12,0.11788874252337922,10,0.752456197190005,0.8944936811563835,0.7170814513750762,1.0893321315340982,1.1795839495052627,1.4842911709201845,True,5,4,False,1.4842911709201845,fixed_n
rank_shift_ok,18,S2,4.0,3.00982478876002,12,0.11788874252337922,10,0.752456197190005,0.8944936811563835,0.5396692215937693,1.0893321315340982,1.1795839495052627,1.4842911709201845,True,5,4,False,1.4842911709201845,fixed_n
rank_shift_ok,19,S1,0.0,0.0,12,0.13202576248681855,10,0.8398784303843063,0.7027583530585575,0.7027583530585575,0.7247684150916661,0.9121697831315737,1.0164636179203335,True,5,4,False,1.0164636179203335,fixed_n
rank_shift_ok,19,S1,0.5,0.41993921519215316,12,0.13202576248681855,10,0.8398784303843063,0.7027583530585575,0.6473155579746973,0.7247684150916661,0.712908194064959,0.840986729339644,True,5,4,False,1.0164636179203335,fixed_n
rank_shift_ok,19,S1,1.0,0.8398784303843063,12,0.13202576248681855,10,0.8398784303843063,0.7027583530585575,0.5918727628908371,0.7247684150916661,0.730861058731904,0.840986729339644,True,5,4,False,1.0164636179203335,fixed_n
rank_shift_ok,19,S1,2.0,1.6797568607686126,12,0.13202576248681855,10,0.8398784303843063,0.7027583530585575,0.4809871727231167,0.7247684150916661,0.8504449247561882,0.840986729339644,True,5,4,False,1.0164636179203335,fixed_n
rank_shift_ok,19,S1,4.0,3.3595137215372253,12,0.13202576248681855,10,0.8398784303843063,0.7027583530585575,0.2592159923876759,0.7247684150916661,0.8504449247561882,1.0351988179457057,True,5,4,False,1.0164636179203335,fixed_n
rank_shift_ok,19,S2,0.0,0.0,12,0.13202576248681855,10,0.8398784303843063,0.7027583530585575,0.7027583530585575,0.7247684150916661,0.7550576891386283,1.0164636179203335,True,2,1,False,1.0164636179203335,fixed_n
rank_shift_ok,19,S2,0.5,0.41993921519215316,12,0.13202576248681855,10,0.8398784303843063,0.7027583530585575,0.6473155579746973,0.7247684150916661,0.708722620816087,0.840986729339644,True,3,2,False,1.0164636179203335,fixed_n
rank_shift_ok,19,S2,1.0,0.8398784303843063,12,0.13202576248681855,10,0.8398784303843063,0.7027583530585575,0.5918727628908371,0.7247684150916661,0.730861058731904,0.840986729339644,True,5,4,False,1.0164636179203335,fixed_n
rank_shift_ok,19,S2,2.0,1.6797568607686126,12,0.13202576248681855,10,0.8398784303843063,0.7027583530585575,0.4809871727231167,0.7247684150916661,1.0647797132164762,0.840986729339644,True,6,5,False,1.0164636179203335,fixed_n
rank_shift_ok,19,S2,4.0,3.3595137215372253,12,0.13202576248681855,10,0.8398784303843063,0.7027583530585575,0.2592159923876759,0.7247684150916661,1.522716097003131,1.0351988179457057,True,8,7,False,1.0164636179203335,fixed_n
rank_shift_ok,20,S1,0.0,0.0,12,0.11928825350107741,10,1.3176189994849512,1.506761368314232,1.506761368314232,1.4852320798123873,1.4437348949154933,1.3909905680312686,True,5,4,True,1.3909905680312686,fixed_n
rank_shift_ok,20,S1,0.5,0.6588094997424756,12,0.11928825350107741,10,1.3176189994849512,1.506761368314232,1.4281731337000338,1.4852320798123873,1.4437348949154933,1.3180778044063632,True,5,4,True,1.3909905680312686,fixed_n
rank_shift_ok,20,S1,1.0,1.3176189994849512,12,0.11928825350107741,10,1.3176189994849512,1.506761368314232,1.3495848990858355,1.4852320798123873,1.544594322927976,1.3617357534256964,True,5,4,True,1.3909905680312686,fixed_n
rank_shift_ok,20,S1,2.0,2.6352379989699024,12,0.11928825350107741,10,1.3176189994849512,1.506761368314232,1.1924084298574387,1.4852320798123873,1.4569130639782162,1.3617357534256964,True,5,4,True,1.3909905680312686,fixed_n
rank_shift_ok,20,S1,4.0,5.270475997939805,12,0.11928825350107741,10,1.3176189994849512,1.506761368314232,0.878055491400645,1.4852320798123873,1.4643282816090333,1.3617357534256964,True,5,4,True,1.3909905680312686,fixed_n
rank_shift_ok,20,S2,0.0,0.0,12,0.11928825350107741,10,1.3176189994849512,1.506761368314232,1.506761368314232,1.4852320798123873,1.4927054395552637,1.3909905680312686,True,5,4,True,1.3909905680312686,fixed_n
rank_shift_ok,20,S2,0.5,0.6588094997424756,12,0.11928825350107741,10,1.3176189994849512,1.506761368314232,1.4281731337000338,1.4852320798123873,1.5853425680691466,1.3180778044063632,True,6,5,True,1.3909905680312686,fixed_n
rank_shift_ok,20,S2,1.0,1.3176189994849512,12,0.11928825350107741,10,1.3176189994849512,1.506761368314232,1.3495848990858355,1.4852320798123873,1.4614690255863545,1.3617357534256964,True,7,6,True,1.3909905680312686,fixed_n
rank_shift_ok,20,S2,2.0,2.6352379989699024,12,0.11928825350107741,10,1.3176189994849512,1.506761368314232,1.1924084298574387,1.4852320798123873,1.4569130639782162,1.3617357534256964,True,5,4,True,1.3909905680312686,fixed_n
rank_shift_ok,20,S2,4.0,5.270475997939805,12,0.11928825350107741,10,1.3176189994849512,1.506761368314232,0.878055491400645,1.4852320798123873,1.4643282816090333,1.3617357534256964,True,5,4,True,1.3909905680312686,fixed_n
rank_shift_ok,21,S1,0.0,0.0,12,0.12153059723196388,10,0.9253256666575315,0.6917316984482835,0.6917316984482835,0.7219458278367311,0.8631882286401925,0.9204444701578917,False,5,5,True,0.9204444701578917,fixed_n
rank_shift_ok,21,S1,0.5,0.46266283332876573,12,0.12153059723196388,10,0.9253256666575315,0.6917316984482835,0.635504007996806,0.7219458278367311,0.761681575337205,0.928000638019014,False,5,5,True,0.9204444701578917,fixed_n
rank_shift_ok,21,S1,1.0,0.9253256666575315,12,0.12153059723196388,10,0.9253256666575315,0.6917316984482835,0.5792763175453286,0.7219458278367311,0.7750542873207646,0.928000638019014,True,5,4,True,0.9204444701578917,fixed_n
rank_shift_ok,21,S1,2.0,1.850651333315063,12,0.12153059723196388,10,0.9253256666575315,0.6917316984482835,0.4668209366423737,0.7219458278367311,0.7020091598411503,0.928000638019014,True,5,4,True,0.9204444701578917,fixed_n
rank_shift_ok,21,S1,4.0,3.701302666630126,12,0.12153059723196388,10,0.9253256666575315,0.6917316984482835,0.24191017483646376,0.7219458278367311,0.6008338074160269,0.928000638019014,True,5,4,True,0.9204444701578917,fixed_n
rank_shift_ok,21,S2,0.0,0.0,12,0.12153059723196388,10,0.9253256666575315,0.6917316984482835,0.6917316984482835,0.7219458278367311,0.6991986970476904,0.9204444701578917,False,2,2,True,0.9204444701578917,fixed_n
rank_shift_ok,21,S2,0.5,0.46266283332876573,12,0.12153059723196388,10,0.9253256666575315,0.6917316984482835,0.635504007996806,0.7219458278367311,0.7705170482571548,0.928000638019014,True,3,2,True,0.9204444701578917,fixed_n
rank_shift_ok,21,S2,1.0,0.9253256666575315,12,0.12153059723196388,10,0.9253256666575315,0.6917316984482835,0.5792763175453286,0.7219458278367311,0.7705170482571548,0.928000638019014,True,3,2,True,0.9204444701578917,fixed_n
rank_shift_ok,21,S2,2.0,1.850651333315063,12,0.12153059723196388,10,0.9253256666575315,0.6917316984482835,0.4668209366423737,0.7219458278367311,0.7705170482571548,0.928000638019014,True,3,2,True,0.9204444701578917,fixed_n
rank_shift_ok,21,S2,4.0,3.701302666630126,12,0.12153059723196388,10,0.9253256666575315,0.6917316984482835,0.24191017483646376,0.7219458278367311,0.7091472054631827,0.928000638019014,True,6,5,True,0.9204444701578917,fixed_n
rank_shift_ok,22,S1,0.0,0.0,12,0.13088487991521275,10,1.2678497310140475,1.2631367532349953,1.2631367532349953,1.3451752630528795,1.1256205879490095,1.3005928578983341,False,5,5,True,1.3005928578983341,fixed_n
rank_shift_ok,22,S1,0.5,0.6339248655070238,12,0.13088487991521275,10,1.2678497310140475,1.2631367532349953,1.1801655733378413,1.3451752630528795,1.1220019537482113,1.3005928578983341,True,5,4,True,1.3005928578983341,fixed_n
rank_shift_ok,22,S1,1.0,1.2678497310140475,12,0.13088487991521275,10,1.2678497310140475,1.2631367532349953,1.0971943934406871,1.3451752630528795,1.1220019537482113,1.3005928578983341,True,5,4,True,1.3005928578983341,fixed_n
rank_shift_ok,22,S1,2.0,2.535699462028095,12,0.13088487991521275,10,1.2678497310140475,1.2631367532349953,0.9312520336463788,1.3451752630528795,1.4294645957997072,1.494293035688421,True,5,4,True,1.3005928578983341,fixed_n
rank_shift_ok,22,S1,4.0,5.07139892405619,12,0.13088487991521275,10,1.2678497310140475,1.2631367532349953,0.5993673140577618,1.3451752630528795,1.3627281569958307,1.494293035688421,True,5,4,True,1.3005928578983341,fixed_n
rank_shift_ok,22,S2,0.0,0.0,12,0.13088487991521275,10,1.2678497310140475,1.2631367532349953,1.2631367532349953,1.3451752630528795,1.1034119630730805,1.3005928578983341,False,4,4,True,1.3005928578983341,fixed_n
rank_shift_ok,22,S2,0.5,0.6339248655070238,12,0.13088487991521275,10,1.2678497310140475,1.2631367532349953,1.1801655733378413,1.3451752630528795,1.3184093879943015,1.3005928578983341,True,3,2,True,1.3005928578983341,fixed_n
rank_shift_ok,22,S2,1.0,1.2678497310140475,12,0.13088487991521275,10,1.2678497310140475,1.2631367532349953,1.0971943934406871,1.3451752630528795,1.3184093879943015,1.3005928578983341,True,3,2,True,1.3005928578983341,fixed_n
rank_shift_ok,22,S2,2.0,2.535699462028095,12,0.13088487991521275,10,1.2678497310140475,1.2631367532349953,0.9312520336463788,1.3451752630528795,1.4677097859193533,1.494293035688421,True,4,3,True,1.3005928578983341,fixed_n
rank_shift_ok,22,S2,4.0,5.07139892405619,12,0.13088487991521275,10,1.2678497310140475,1.2631367532349953,0.5993673140577618,1.3451752630528795,1.4677097859193533,1.494293035688421,True,4,3,True,1.3005928578983341,fixed_n
rank_shift_ok,23,S1,0.0,0.0,12,0.12668149419383284,10,0.9985775520735891,0.9528822811113452,0.9528822811113452,0.9648312226837221,0.9791961207127782,1.0165528590396478,False,5,5,True,1.0165528590396478,fixed_n
rank_shift_ok,23,S1,0.5,0.49928877603679456,12,0.12668149419383284,10,0.9985775520735891,0.9528822811113452,0.8896316329287938,0.9648312226837221,0.8561624637392597,1.0136568933726644,False,5,5,True,1.0165528590396478,fixed_n
rank_shift_ok,23,S1,1.0,0.9985775520735891,12,0.12668149419383284,10,0.9985775520735891,0.9528822811113452,0.8263809847462428,0.9648312226837221,1.1045187436621826,1.0171355649019924,True,5,4,True,1.0165528590396478,fixed_n
rank_shift_ok,23,S1,2.0,1.9971551041471782,12,0.12668149419383284,10,0.9985775520735891,0.9528822811113452,0.6998796883811406,0.9648312226837221,1.0114695982359434,1.0171355649019924,True,5,4,True,1.0165528590396478,fixed_n
rank_shift_ok,23,S1,4.0,3.9943102082943565,12,0.12668149419383284,10,0.9985775520735891,0.9528822811113452,0.44687709565093625,0.9648312226837221,0.97559618895448,1.0171355649019924,True,5,4,True,1.0165528590396478,fixed_n
rank_shift_ok,23,S2,0.0,0.0,12,0.12668149419383284,10,0.9985775520735891,0.9528822811113452,0.9528822811113452,0.9648312226837221,0.9648312226837221,1.0165528590396478,True,1,0,True,1.0165528590396478,fixed_n
rank_shift_ok,23,S2,0.5,0.49928877603679456,12,0.12668149419383284,10,0.9985775520735891,0.9528822811113452,0.8896316329287938,0.9648312226837221,0.9648312226837221,1.0136568933726644,True,1,0,True,1.0165528590396478,fixed_n
rank_shift_ok,23,S2,1.0,0.9985775520735891,12,0.12668149419383284,10,0.9985775520735891,0.9528822811113452,0.8263809847462428,0.9648312226837221,0.9648312226837221,1.0171355649019924,True,1,0,True,1.0165528590396478,fixed_n
rank_shift_ok,23,S2,2.0,1.9971551041471782,12,0.12668149419383284,10,0.9985775520735891,0.9528822811113452,0.6998796883811406,0.9648312226837221,1.0051655277878768,1.0171355649019924,True,3,2,True,1.0165528590396478,fixed_n
rank_shift_ok,23,S2,4.0,3.9943102082943565,12,0.12668149419383284,10,0.9985775520735891,0.9528822811113452,0.44687709565093625,0.9648312226837221,0.9369119530725667,1.0171355649019924,True,5,4,True,1.0165528590396478,fixed_n
rank_shift_ok,24,S1,0.0,0.0,12,0.12327568110413287,10,1.0615998557460264,0.9660584722437793,0.9660584722437793,1.0184332489784615,0.8617591011644542,0.8683111495124372,False,5,5,False,0.8683111495124372,fixed_n
rank_shift_ok,24,S1,0.5,0.5307999278730132,12,0.12327568110413287,10,1.0615998557460264,0.9660584722437793,0.9006237496052087,1.0184332489784615,1.2200359540437689,0.857841006653294,True,5,4,False,0.8683111495124372,fixed_n
rank_shift_ok,24,S1,1.0,1.0615998557460264,12,0.12327568110413287,10,1.0615998557460264,0.9660584722437793,0.8351890269666384,1.0184332489784615,1.2200359540437689,0.9068480608279028,True,5,4,False,0.8683111495124372,fixed_n
rank_shift_ok,24,S1,2.0,2.123199711492053,12,0.12327568110413287,10,1.0615998557460264,0.9660584722437793,0.7043195816894979,1.0184332489784615,0.7794587918600648,0.857841006653294,True,5,4,False,0.8683111495124372,fixed_n
rank_shift_ok,24,S1,4.0,4.246399422984106,12,0.12327568110413287,10,1.0615998557460264,0.9660584722437793,0.44258069113521675,1.0184332489784615,0.7794587918600648,0.857841006653294,True,5,4,False,0.8683111495124372,fixed_n
rank_shift_ok,24,S2,0.0,0.0,12,0.12327568110413287,10,1.0615998557460264,0.9660584722437793,0.9660584722437793,1.0184332489784615,1.080823378773222,0.8683111495124372,False,3,3,False,0.8683111495124372,fixed_n
rank_shift_ok,24,S2,0.5,0.5307999278730132,12,0.12327568110413287,10,1.0615998557460264,0.9660584722437793,0.9006237496052087,1.0184332489784615,1.2479338905910173,0.857841006653294,True,4,3,False,0.8683111495124372,fixed_n
rank_shift_ok,24,S2,1.0,1.0615998557460264,12,0.12327568110413287,10,1.0615998557460264,0.9660584722437793,0.8351890269666384,1.0184332489784615,1.1949471348327765,0.9068480608279028,True,4,3,False,0.8683111495124372,fixed_n
rank_shift_ok,24,S2,2.0,2.123199711492053,12,0.12327568110413287,10,1.0615998557460264,0.9660584722437793,0.7043195816894979,1.0184332489784615,0.9860402160219912,0.857841006653294,True,7,6,False,0.8683111495124372,fixed_n
rank_shift_ok,24,S2,4.0,4.246399422984106,12,0.12327568110413287,10,1.0615998557460264,0.9660584722437793,0.44258069113521675,1.0184332489784615,0.14901734637048009,0.857841006653294,True,8,7,False,0.8683111495124372,fixed_n
rank_shift_ok,25,S1,0.0,0.0,12,0.13007412170348362,10,1.2487156706200708,1.159937471045531,1.159937471045531,1.114082351286378,1.1745865814965202,1.1100842511827196,False,5,5,True,1.1100842511827196,fixed_n
rank_shift_ok,25,S1,0.5,0.6243578353100354,12,0.13007412170348362,10,1.2487156706200708,1.159937471045531,1.0787246739888896,1.114082351286378,1.0560704137519117,1.07847295770869,True,5,4,True,1.1100842511827196,fixed_n
rank_shift_ok,25,S1,1.0,1.2487156706200708,12,0.13007412170348362,10,1.2487156706200708,1.159937471045531,0.9975118769322486,1.114082351286378,1.0766340040158506,1.094986704116952,True,5,4,True,1.1100842511827196,fixed_n
rank_shift_ok,25,S1,2.0,2.4974313412401417,12,0.13007412170348362,10,1.2487156706200708,1.159937471045531,0.8350862828189662,1.114082351286378,1.0962590023677496,1.094986704116952,True,5,4,True,1.1100842511827196,fixed_n
rank_shift_ok,25,S1,4.0,4.994862682480283,12,0.13007412170348362,10,1.2487156706200708,1.159937471045531,0.510235094592402,1.114082351286378,1.0962590023677496,1.094986704116952,True,5,4,True,1.1100842511827196,fixed_n
rank_shift_ok,25,S2,0.0,0.0,12,0.13007412170348362,10,1.2487156706200708,1.159937471045531,1.159937471045531,1.114082351286378,1.159937471045531,1.1100842511827196,False,0,0,True,1.1100842511827196,fixed_n
rank_shift_ok,25,S2,0.5,0.6243578353100354,12,0.13007412170348362,10,1.2487156706200708,1.159937471045531,1.0787246739888896,1.114082351286378,1.114082351286378,1.07847295770869,True,1,0,True,1.1100842511827196,fixed_n
rank_shift_ok,25,S2,1.0,1.2487156706200708,12,0.13007412170348362,10,1.2487156706200708,1.159937471045531,0.9975118769322486,1.114082351286378,1.1207936597806396,1.094986704116952,True,2,1,True,1.1100842511827196,fixed_n
rank_shift_ok,25,S2,2.0,2.4974313412401417,12,0.13007412170348362,10,1.2487156706200708,1.159937471045531,0.8350862828189662,1.114082351286378,1.1494848806783606,1.094986704116952,True,4,3,True,1.1100842511827196,fixed_n
rank_shift_ok,25,S2,4.0,4.994862682480283,12,0.13007412170348362,10,1.2487156706200708,1.159937471045531,0.510235094592402,1.114082351286378,1.0773124660418716,1.094986704116952,True,7,6,True,1.1100842511827196,fixed_n
rank_shift_ok,26,S1,0.0,0.0,12,0.14893027846640308,10,1.1367304926804147,1.4680781372166012,1.4680781372166012,1.4978267247854276,1.2717860625282766,1.34269881942559,True,5,4,False,1.34269881942559,fixed_n
rank_shift_ok,26,S1,0.5,0.5683652463402074,12,0.14893027846640308,10,1.1367304926804147,1.4680781372166012,1.3834313428085283,1.4978267247854276,1.2717860625282766,1.34269881942559,True,5,4,False,1.34269881942559,fixed_n
rank_shift_ok,26,S1,1.0,1.1367304926804147,12,0.14893027846640308,10,1.1367304926804147,1.4680781372166012,1.2987845484004554,1.4978267247854276,1.219685765590041,1.3591721686409097,True,5,4,False,1.34269881942559,fixed_n
rank_shift_ok,26,S1,2.0,2.2734609853608294,12,0.14893027846640308,10,1.1367304926804147,1.4680781372166012,1.1294909595843097,1.4978267247854276,1.0245099368853166,1.3391879131469295,True,5,4,False,1.34269881942559,fixed_n
rank_shift_ok,26,S1,4.0,4.546921970721659,12,0.14893027846640308,10,1.1367304926804147,1.4680781372166012,0.7909037819520183,1.4978267247854276,1.0245099368853166,1.3591721686409097,True,5,4,False,1.34269881942559,fixed_n
rank_shift_ok,26,S2,0.0,0.0,12,0.14893027846640308,10,1.1367304926804147,1.4680781372166012,1.4680781372166012,1.4978267247854276,1.3128716167155647,1.34269881942559,False,2,2,False,1.34269881942559,fixed_n
rank_shift_ok,26,S2,0.5,0.5683652463402074,12,0.14893027846640308,10,1.1367304926804147,1.4680781372166012,1.3834313428085283,1.4978267247854276,1.366109641257272,1.34269881942559,True,5,4,False,1.34269881942559,fixed_n
rank_shift_ok,26,S2,1.0,1.1367304926804147,12,0.14893027846640308,10,1.1367304926804147,1.4680781372166012,1.2987845484004554,1.4978267247854276,1.0530522615461038,1.3591721686409097,True,6,5,False,1.34269881942559,fixed_n
rank_shift_ok,26,S2,2.0,2.2734609853608294,12,0.14893027846640308,10,1.1367304926804147,1.4680781372166012,1.1294909595843097,1.4978267247854276,1.0530522615461038,1.3391879131469295,True,6,5,False,1.34269881942559,fixed_n
rank_shift_ok,26,S2,4.0,4.546921970721659,12,0.14893027846640308,10,1.1367304926804147,1.4680781372166012,0.7909037819520183,1.4978267247854276,0.9926668162220231,1.3591721686409097,True,7,6,False,1.34269881942559,fixed_n
rank_shift_ok,27,S1,0.0,0.0,12,0.13552151290862907,10,1.0585684136580529,1.0989669521494838,1.0989669521494838,1.0934863585282195,1.0808062245435972,1.1305928146639628,True,5,4,True,1.1305928146639628,fixed_n
rank_shift_ok,27,S1,0.5,0.5292842068290264,12,0.13552151290862907,10,1.0585684136580529,1.0989669521494838,1.0272375556813702,1.0934863585282195,1.0972512128379848,1.1262521317594014,True,5,4,True,1.1305928146639628,fixed_n
rank_shift_ok,27,S1,1.0,1.0585684136580529,12,0.13552151290862907,10,1.0585684136580529,1.0989669521494838,0.9555081592132568,1.0934863585282195,1.0972512128379848,1.1262521317594014,True,5,4,True,1.1305928146639628,fixed_n
rank_shift_ok,27,S1,2.0,2.1171368273161058,12,0.13552151290862907,10,1.0585684136580529,1.0989669521494838,0.8120493662770301,1.0934863585282195,1.068021231091749,1.1262521317594014,True,5,4,True,1.1305928146639628,fixed_n
rank_shift_ok,27,S1,4.0,4.2342736546322115,12,0.13552151290862907,10,1.0585684136580529,1.0989669521494838,0.5251317804045765,1.0934863585282195,1.1269590762300763,1.1262521317594014,True,5,4,True,1.1305928146639628,fixed_n
rank_shift_ok,27,S2,0.0,0.0,12,0.13552151290862907,10,1.0585684136580529,1.0989669521494838,1.0989669521494838,1.0934863585282195,1.0989669521494838,1.1305928146639628,False,0,0,True,1.1305928146639628,fixed_n
rank_shift_ok,27,S2,0.5,0.5292842068290264,12,0.13552151290862907,10,1.0585684136580529,1.0989669521494838,1.0272375556813702,1.0934863585282195,1.0934863585282195,1.1262521317594014,True,1,0,True,1.1305928146639628,fixed_n
rank_shift_ok,27,S2,1.0,1.0585684136580529,12,0.13552151290862907,10,1.0585684136580529,1.0989669521494838,0.9555081592132568,1.0934863585282195,1.1026781192986692,1.1262521317594014,True,3,2,True,1.1305928146639628,fixed_n
rank_shift_ok,27,S2,2.0,2.1171368273161058,12,0.13552151290862907,10,1.0585684136580529,1.0989669521494838,0.8120493662770301,1.0934863585282195,1.1119323254323235,1.1262521317594014,True,4,3,True,1.1305928146639628,fixed_n
rank_shift_ok,27,S2,4.0,4.2342736546322115,12,0.13552151290862907,10,1.0585684136580529,1.0989669521494838,0.5251317804045765,1.0934863585282195,1.2090979505598127,1.1262521317594014,True,7,6,True,1.1305928146639628,fixed_n
rank_shift_ok,28,S1,0.0,0.0,12,0.1221691160638424,10,1.2107806583996292,1.531002528488457,1.531002528488457,1.5613880448477722,1.5215949408653906,1.3260909459762096,False,5,5,True,1.3260909459762096,fixed_n
rank_shift_ok,28,S1,0.5,0.6053903291998146,12,0.1221691160638424,10,1.2107806583996292,1.531002528488457,1.4570425270965175,1.5613880448477722,1.732984323745563,1.4027437600816002,True,5,4,True,1.3260909459762096,fixed_n
rank_shift_ok,28,S1,1.0,1.2107806583996292,12,0.1221691160638424,10,1.2107806583996292,1.531002528488457,1.3830825257045776,1.5613880448477722,1.4240257466544246,1.5356914779563813,True,5,4,True,1.3260909459762096,fixed_n
rank_shift_ok,28,S1,2.0,2.4215613167992585,12,0.1221691160638424,10,1.2107806583996292,1.531002528488457,1.2351625229206975,1.5613880448477722,1.3795272842632054,1.6093909340658834,True,5,4,True,1.3260909459762096,fixed_n
rank_shift_ok,28,S1,4.0,4.843122633598517,12,0.1221691160638424,10,1.2107806583996292,1.531002528488457,0.939322517352938,1.5613880448477722,1.3685480558117,1.3917061178479404,True,5,4,True,1.3260909459762096,fixed_n
rank_shift_ok,28,S2,0.0,0.0,12,0.1221691160638424,10,1.2107806583996292,1.531002528488457,1.531002528488457,1.5613880448477722,1.531002528488457,1.3260909459762096,False,0,0,True,1.3260909459762096,fixed_n
rank_shift_ok,28,S2,0.5,0.6053903291998146,12,0.1221691160638424,10,1.2107806583996292,1.531002528488457,1.4570425270965175,1.5613880448477722,1.5573849374452657,1.4027437600816002,True,2,1,True,1.3260909459762096,fixed_n
rank_shift_ok,28,S2,1.0,1.2107806583996292,12,0.1221691160638424,10,1.2107806583996292,1.531002528488457,1.3830825257045776,1.5613880448477722,1.6835464162369296,1.5356914779563813,True,3,2,True,1.3260909459762096,fixed_n
rank_shift_ok,28,S2,2.0,2.4215613167992585,12,0.1221691160638424,10,1.2107806583996292,1.531002528488457,1.2351625229206975,1.5613880448477722,1.3685480558117,1.6093909340658834,True,5,4,True,1.3260909459762096,fixed_n
rank_shift_ok,28,S2,4.0,4.843122633598517,12,0.1221691160638424,10,1.2107806583996292,1.531002528488457,0.939322517352938,1.5613880448477722,1.337982245136093,1.3917061178479404,True,6,5,True,1.3260909459762096,fixed_n
rank_shift_ok,29,S1,0.0,0.0,12,0.11775585921656069,10,1.558650123333444,1.5260807019185223,1.5260807019185223,1.5593900973920314,1.5979056577731607,1.6861489079210263,True,5,4,True,1.6861489079210263,fixed_n
rank_shift_ok,29,S1,0.5,0.779325061666722,12,0.11775585921656069,10,1.558650123333444,1.5260807019185223,1.4343106096729583,1.5593900973920314,1.5979056577731607,1.6766511726095927,True,5,4,True,1.6861489079210263,fixed_n
rank_shift_ok,29,S1,1.0,1.558650123333444,12,0.11775585921656069,10,1.558650123333444,1.5260807019185223,1.3425405174273943,1.5593900973920314,1.5979056577731607,1.6766511726095927,True,5,4,True,1.6861489079210263,fixed_n
rank_shift_ok,29,S1,2.0,3.117300246666888,12,0.11775585921656069,10,1.558650123333444,1.5260807019185223,1.1590003329362664,1.5593900973920314,1.6335666146166623,1.6680234743282223,True,5,4,True,1.6861489079210263,fixed_n
rank_shift_ok,29,S1,4.0,6.234600493333776,12,0.11775585921656069,10,1.558650123333444,1.5260807019185223,0.7919199639540103,1.5593900973920314,1.6335666146166623,1.6680234743282223,True,5,4,True,1.6861489079210263,fixed_n
rank_shift_ok,29,S2,0.0,0.0,12,0.11775585921656069,10,1.558650123333444,1.5260807019185223,1.5260807019185223,1.5593900973920314,1.5260807019185223,1.6861489079210263,False,0,0,True,1.6861489079210263,fixed_n
rank_shift_ok,29,S2,0.5,0.779325061666722,12,0.11775585921656069,10,1.558650123333444,1.5260807019185223,1.4343106096729583,1.5593900973920314,1.5712913369503856,1.6766511726095927,True,2,1,True,1.6861489079210263,fixed_n
rank_shift_ok,29,S2,1.0,1.558650123333444,12,0.11775585921656069,10,1.558650123333444,1.5260807019185223,1.3425405174273943,1.5593900973920314,1.5492361244519348,1.6766511726095927,True,4,3,True,1.6861489079210263,fixed_n
rank_shift_ok,29,S2,2.0,3.117300246666888,12,0.11775585921656069,10,1.558650123333444,1.5260807019185223,1.1590003329362664,1.5593900973920314,1.3055617529392345,1.6680234743282223,True,8,7,True,1.6861489079210263,fixed_n
rank_shift_ok,29,S2,4.0,6.234600493333776,12,0.11775585921656069,10,1.558650123333444,1.5260807019185223,0.7919199639540103,1.5593900973920314,1.3055617529392345,1.6680234743282223,True,8,7,True,1.6861489079210263,fixed_n
rank_shift_ok,30,S1,0.0,0.0,12,0.1271507082324575,10,1.0712426204154797,0.9993999620537997,0.9993999620537997,1.0341674863310106,0.9805639303789315,0.8536098682902639,False,5,5,False,0.8536098682902639,fixed_n
rank_shift_ok,30,S1,0.5,0.5356213102077398,12,0.1271507082324575,10,1.0712426204154797,0.9993999620537997,0.9312953331164889,1.0341674863310106,0.9822830510121617,0.8547320086992025,True,5,4,False,0.8536098682902639,fixed_n
rank_shift_ok,30,S1,1.0,1.0712426204154797,12,0.1271507082324575,10,1.0712426204154797,0.9993999620537997,0.8631907041791779,1.0341674863310106,0.9822830510121617,0.8547320086992025,True,5,4,False,0.8536098682902639,fixed_n
rank_shift_ok,30,S1,2.0,2.1424852408309594,12,0.1271507082324575,10,1.0712426204154797,0.9993999620537997,0.7269814463045561,1.0341674863310106,0.9822830510121617,0.8547320086992025,True,5,4,False,0.8536098682902639,fixed_n
rank_shift_ok,30,S1,4.0,4.284970481661919,12,0.1271507082324575,10,1.0712426204154797,0.9993999620537997,0.45456293055531233,1.0341674863310106,0.9054013361192125,0.8547320086992025,True,5,4,False,0.8536098682902639,fixed_n
rank_shift_ok,30,S2,0.0,0.0,12,0.1271507082324575,10,1.0712426204154797,0.9993999620537997,0.9993999620537997,1.0341674863310106,0.9546727537249504,0.8536098682902639,False,2,2,False,0.8536098682902639,fixed_n
rank_shift_ok,30,S2,0.5,0.5356213102077398,12,0.1271507082324575,10,1.0712426204154797,0.9993999620537997,0.9312953331164889,1.0341674863310106,0.9217235330237887,0.8547320086992025,True,4,3,False,0.8536098682902639,fixed_n
rank_shift_ok,30,S2,1.0,1.0712426204154797,12,0.1271507082324575,10,1.0712426204154797,0.9993999620537997,0.8631907041791779,1.0341674863310106,0.9217235330237887,0.8547320086992025,True,4,3,False,0.8536098682902639,fixed_n
rank_shift_ok,30,S2,2.0,2.1424852408309594,12,0.1271507082324575,10,1.0712426204154797,0.9993999620537997,0.7269814463045561,1.0341674863310106,0.9217235330237887,0.8547320086992025,True,4,3,False,0.8536098682902639,fixed_n
rank_shift_ok,30,S2,4.0,4.284970481661919,12,0.1271507082324575,10,1.0712426204154797,0.9993999620537997,0.45456293055531233,1.0341674863310106,0.9093430232707153,0.8547320086992025,True,6,5,False,0.8536098682902639,fixed_n
rank_shift_ok,31,S1,0.0,0.0,12,0.12104929352895925,10,1.048417451785389,1.1008398182784405,1.1008398182784405,1.0911317668969256,1.019539167428294,0.9871199509943481,True,5,4,True,0.9871199509943481,fixed_n
rank_shift_ok,31,S1,0.5,0.5242087258926945,12,0.12104929352895925,10,1.048417451785389,1.1008398182784405,1.037384722347414,1.0911317668969256,1.0213479145914381,0.9871199509943481,True,5,4,True,0.9871199509943481,fixed_n
rank_shift_ok,31,S1,1.0,1.048417451785389,12,0.12104929352895925,10,1.048417451785389,1.1008398182784405,0.9739296264163873,1.0911317668969256,1.0213479145914381,0.9871199509943481,True,5,4,True,0.9871199509943481,fixed_n
rank_shift_ok,31,S1,2.0,2.096834903570778,12,0.12104929352895925,10,1.048417451785389,1.1008398182784405,0.8470194345543345,1.0911317668969256,0.9240668307608277,0.9522263544396304,True,5,4,True,0.9871199509943481,fixed_n
rank_shift_ok,31,S1,4.0,4.193669807141556,12,0.12104929352895925,10,1.048417451785389,1.1008398182784405,0.5931990508302283,1.0911317668969256,1.1033879314330632,0.9871199509943481,True,5,4,True,0.9871199509943481,fixed_n
rank_shift_ok,31,S2,0.0,0.0,12,0.12104929352895925,10,1.048417451785389,1.1008398182784405,1.1008398182784405,1.0911317668969256,1.2024914309972914,0.9871199509943481,True,7,6,True,0.9871199509943481,fixed_n
rank_shift_ok,31,S2,0.5,0.5242087258926945,12,0.12104929352895925,10,1.048417451785389,1.1008398182784405,1.037384722347414,1.0911317668969256,1.2024914309972914,0.9871199509943481,True,7,6,True,0.9871199509943481,fixed_n
rank_shift_ok,31,S2,1.0,1.048417451785389,12,0.12104929352895925,10,1.048417451785389,1.1008398182784405,0.9739296264163873,1.0911317668969256,1.2024914309972914,0.9871199509943481,True,7,6,True,0.9871199509943481,fixed_n
rank_shift_ok,31,S2,2.0,2.096834903570778,12,0.12104929352895925,10,1.048417451785389,1.1008398182784405,0.8470194345543345,1.0911317668969256,1.1848109643699118,0.9522263544396304,True,7,6,True,0.9871199509943481,fixed_n
rank_shift_ok,31,S2,4.0,4.193669807141556,12,0.12104929352895925,10,1.048417451785389,1.1008398182784405,0.5931990508302283,1.0911317668969256,1.1848109643699118,0.9871199509943481,True,7,6,True,0.9871199509943481,fixed_n
rank_shift_ok,32,S1,0.0,0.0,12,0.11427486588502363,10,1.2085687080199983,1.1493130799107414,1.1493130799107414,1.1553891046659923,1.1709903299621582,1.1348924827688773,False,5,5,True,1.1348924827688773,fixed_n
rank_shift_ok,32,S1,0.5,0.6042843540099991,12,0.11427486588502363,10,1.2085687080199983,1.1493130799107414,1.0802585663998305,1.1553891046659923,1.1632750602031956,1.135368128505419,True,5,4,True,1.1348924827688773,fixed_n
rank_shift_ok,32,S1,1.0,1.2085687080199983,12,0.11427486588502363,10,1.2085687080199983,1.1493130799107414,1.01120405288892,1.1553891046659923,1.1632750602031956,1.135368128505419,True,5,4,True,1.1348924827688773,fixed_n
rank_shift_ok,32,S1,2.0,2.4171374160399965,12,0.11427486588502363,10,1.2085687080199983,1.1493130799107414,0.8730950258670983,1.1553891046659923,1.1478752859769181,1.135368128505419,True,5,4,True,1.1348924827688773,fixed_n
rank_shift_ok,32,S1,4.0,4.834274832079993,12,0.11427486588502363,10,1.2085687080199983,1.1493130799107414,0.5968769718234551,1.1553891046659923,1.0868860259148632,1.135368128505419,True,5,4,True,1.1348924827688773,fixed_n
rank_shift_ok,32,S2,0.0,0.0,12,0.11427486588502363,10,1.2085687080199983,1.1493130799107414,1.1493130799107414,1.1553891046659923,1.1493130799107414,1.1348924827688773,False,0,0,True,1.1348924827688773,fixed_n
rank_shift_ok,32,S2,0.5,0.6042843540099991,12,0.11427486588502363,10,1.2085687080199983,1.1493130799107414,1.0802585663998305,1.1553891046659923,1.1553891046659923,1.135368128505419,True,1,0,True,1.1348924827688773,fixed_n
rank_shift_ok,32,S2,1.0,1.2085687080199983,12,0.11427486588502363,10,1.2085687080199983,1.1493130799107414,1.01120405288892,1.1553891046659923,1.1553891046659923,1.135368128505419,True,1,0,True,1.1348924827688773,fixed_n
rank_shift_ok,32,S2,2.0,2.4171374160399965,12,0.11427486588502363,10,1.2085687080199983,1.1493130799107414,0.8730950258670983,1.1553891046659923,1.0868860259148632,1.135368128505419,True,5,4,True,1.1348924827688773,fixed_n
rank_shift_ok,32,S2,4.0,4.834274832079993,12,0.11427486588502363,10,1.2085687080199983,1.1493130799107414,0.5968769718234551,1.1553891046659923,1.0754579808218918,1.135368128505419,True,8,7,True,1.1348924827688773,fixed_n
rank_shift_ok,33,S1,0.0,0.0,12,0.13248062011019013,10,1.2357595008985953,1.3739442373825754,1.3739442373825754,1.5236279185872734,1.5711199266183318,1.9570659002944646,True,5,4,False,1.9570659002944646,fixed_n
rank_shift_ok,33,S1,0.5,0.6178797504492977,12,0.13248062011019013,10,1.2357595008985953,1.3739442373825754,1.2920871448895228,1.5236279185872734,1.431492745680877,2.0725738737272534,True,5,4,False,1.9570659002944646,fixed_n
rank_shift_ok,33,S1,1.0,1.2357595008985953,12,0.13248062011019013,10,1.2357595008985953,1.3739442373825754,1.2102300523964704,1.5236279185872734,1.431492745680877,2.018699066751107,True,5,4,False,1.9570659002944646,fixed_n
rank_shift_ok,33,S1,2.0,2.4715190017971906,12,0.13248062011019013,10,1.2357595008985953,1.3739442373825754,1.0465158674103654,1.5236279185872734,1.542466996081857,2.018699066751107,True,5,4,False,1.9570659002944646,fixed_n
rank_shift_ok,33,S1,4.0,4.943038003594381,12,0.13248062011019013,10,1.2357595008985953,1.3739442373825754,0.7190874974381556,1.5236279185872734,1.542466996081857,2.018699066751107,True,5,4,False,1.9570659002944646,fixed_n
rank_shift_ok,33,S2,0.0,0.0,12,0.13248062011019013,10,1.2357595008985953,1.3739442373825754,1.3739442373825754,1.5236279185872734,1.7556173905313845,1.9570659002944646,True,5,4,False,1.9570659002944646,fixed_n
rank_shift_ok,33,S2,0.5,0.6178797504492977,12,0.13248062011019013,10,1.2357595008985953,1.3739442373825754,1.2920871448895228,1.5236279185872734,1.778220814844132,2.0725738737272534,True,7,6,False,1.9570659002944646,fixed_n
rank_shift_ok,33,S2,1.0,1.2357595008985953,12,0.13248062011019013,10,1.2357595008985953,1.3739442373825754,1.2102300523964704,1.5236279185872734,1.781733237814833,2.018699066751107,True,8,7,False,1.9570659002944646,fixed_n
rank_shift_ok,33,S2,2.0,2.4715190017971906,12,0.13248062011019013,10,1.2357595008985953,1.3739442373825754,1.0465158674103654,1.5236279185872734,1.4574737676065082,2.018699066751107,True,7,6,False,1.9570659002944646,fixed_n
rank_shift_ok,33,S2,4.0,4.943038003594381,12,0.13248062011019013,10,1.2357595008985953,1.3739442373825754,0.7190874974381556,1.5236279185872734,1.4565784531631198,2.018699066751107,True,7,6,False,1.9570659002944646,fixed_n
rank_shift_ok,34,S1,0.0,0.0,12,0.11188524527730187,10,0.6881287883642835,0.6298084280457399,0.6298084280457399,0.638725788054559,0.5877188107690972,0.6078321298564606,True,5,4,True,0.6078321298564606,fixed_n
rank_shift_ok,34,S1,0.5,0.34406439418214174,12,0.11188524527730187,10,0.6881287883642835,0.6298084280457399,0.5913126989114845,0.638725788054559,0.5877188107690972,0.6143800413652561,True,5,4,True,0.6078321298564606,fixed_n
rank_shift_ok,34,S1,1.0,0.6881287883642835,12,0.11188524527730187,10,0.6881287883642835,0.6298084280457399,0.5528169697772295,0.638725788054559,0.5877188107690972,0.5920265036171819,True,5,4,True,0.6078321298564606,fixed_n
rank_shift_ok,34,S1,2.0,1.376257576728567,12,0.11188524527730187,10,0.6881287883642835,0.6298084280457399,0.47582551150871905,0.638725788054559,0.6455767203581446,-0.19516918938365357,True,5,4,True,0.6078321298564606,fixed_n
rank_shift_ok,34,S1,4.0,2.752515153457134,12,0.11188524527730187,10,0.6881287883642835,0.6298084280457399,0.32184259497169826,0.638725788054559,0.6455767203581446,0.6078321298564606,True,5,4,True,0.6078321298564606,fixed_n
rank_shift_ok,34,S2,0.0,0.0,12,0.11188524527730187,10,0.6881287883642835,0.6298084280457399,0.6298084280457399,0.638725788054559,0.6900230774553512,0.6078321298564606,False,1,1,True,0.6078321298564606,fixed_n
rank_shift_ok,34,S2,0.5,0.34406439418214174,12,0.11188524527730187,10,0.6881287883642835,0.6298084280457399,0.5913126989114845,0.638725788054559,0.6989404386986753,0.6143800413652561,True,2,1,True,0.6078321298564606,fixed_n
rank_shift_ok,34,S2,1.0,0.6881287883642835,12,0.11188524527730187,10,0.6881287883642835,0.6298084280457399,0.5528169697772295,0.638725788054559,0.6154630545567844,0.5920265036171819,True,3,2,True,0.6078321298564606,fixed_n
rank_shift_ok,34,S2,2.0,1.376257576728567,12,0.11188524527730187,10,0.6881287883642835,0.6298084280457399,0.47582551150871905,0.638725788054559,0.6491132241428755,-0.19516918938365357,True,4,3,True,0.6078321298564606,fixed_n
rank_shift_ok,34,S2,4.0,2.752515153457134,12,0.11188524527730187,10,0.6881287883642835,0.6298084280457399,0.32184259497169826,0.638725788054559,0.7300981671579903,0.6078321298564606,True,6,5,True,0.6078321298564606,fixed_n
rank_shift_ok,35,S1,0.0,0.0,12,0.11647574657679893,10,1.2467593564215569,1.1290380597356753,1.1290380597356753,1.1405995482090945,0.9068200546847537,0.7637776717642188,True,5,4,False,0.7637776717642188,fixed_n
rank_shift_ok,35,S1,0.5,0.6233796782107784,12,0.11647574657679893,10,1.2467593564215569,1.1290380597356753,1.0564294463152701,1.1405995482090945,0.9479341258526339,0.41872545488929225,True,5,4,False,0.7637776717642188,fixed_n
rank_shift_ok,35,S1,1.0,1.2467593564215569,12,0.11647574657679893,10,1.2467593564215569,1.1290380597356753,0.9838208328948653,1.1405995482090945,0.9479341258526339,0.9244630057721598,True,5,4,False,0.7637776717642188,fixed_n
rank_shift_ok,35,S1,2.0,2.4935187128431138,12,0.11647574657679893,10,1.2467593564215569,1.1290380597356753,0.8386036060540552,1.1405995482090945,1.0912539027458412,0.7375259413777551,True,5,4,False,0.7637776717642188,fixed_n
rank_shift_ok,35,S1,4.0,4.9870374256862275,12,0.11647574657679893,10,1.2467593564215569,1.1290380597356753,0.5481691523724346,1.1405995482090945,1.0912539027458412,0.6991328559817402,True,5,4,False,0.7637776717642188,fixed_n
rank_shift_ok,35,S2,0.0,0.0,12,0.11647574657679893,10,1.2467593564215569,1.1290380597356753,1.1290380597356753,1.1405995482090945,1.1290380597356753,0.7637776717642188,False,0,0,False,0.7637776717642188,fixed_n
rank_shift_ok,35,S2,0.5,0.6233796782107784,12,0.11647574657679893,10,1.2467593564215569,1.1290380597356753,1.0564294463152701,1.1405995482090945,1.1293008066991281,0.41872545488929225,True,3,2,False,0.7637776717642188,fixed_n
rank_shift_ok,35,S2,1.0,1.2467593564215569,12,0.11647574657679893,10,1.2467593564215569,1.1290380597356753,0.9838208328948653,1.1405995482090945,1.1430842109244645,0.9244630057721598,True,4,3,False,0.7637776717642188,fixed_n
rank_shift_ok,35,S2,2.0,2.4935187128431138,12,0.11647574657679893,10,1.2467593564215569,1.1290380597356753,0.8386036060540552,1.1405995482090945,0.9129360844271719,0.7375259413777551,True,7,6,False,0.7637776717642188,fixed_n
rank_shift_ok,35,S2,4.0,4.9870374256862275,12,0.11647574657679893,10,1.2467593564215569,1.1290380597356753,0.5481691523724346,1.1405995482090945,1.0912539027458412,0.6991328559817402,True,5,4,False,0.7637776717642188,fixed_n
rank_shift_ok,36,S1,0.0,0.0,12,0.13123016494073142,10,0.7848147694035106,0.824874972599555,0.824874972599555,0.8397657553299537,0.8268116714931824,0.8630909789225817,True,5,4,True,0.8630909789225817,fixed_n
rank_shift_ok,36,S1,0.5,0.3924073847017553,12,0.13123016494073142,10,0.7848147694035106,0.824874972599555,0.7733792867811825,0.8397657553299537,0.8180660984292395,0.8641995929362707,True,5,4,True,0.8630909789225817,fixed_n
rank_shift_ok,36,S1,1.0,0.7848147694035106,12,0.13123016494073142,10,0.7848147694035106,0.824874972599555,0.7218836009628101,0.8397657553299537,0.8180660984292395,0.8641995929362707,True,5,4,True,0.8630909789225817,fixed_n
rank_shift_ok,36,S1,2.0,1.5696295388070212,12,0.13123016494073142,10,0.7848147694035106,0.824874972599555,0.6188922293260654,0.8397657553299537,0.9005775935134729,0.8641995929362707,True,5,4,True,0.8630909789225817,fixed_n
rank_shift_ok,36,S1,4.0,3.1392590776140423,12,0.13123016494073142,10,0.7848147694035106,0.824874972599555,0.4129094860525758,0.8397657553299537,0.8785353194383922,0.8641995929362707,True,5,4,True,0.8630909789225817,fixed_n
rank_shift_ok,36,S2,0.0,0.0,12,0.13123016494073142,10,0.7848147694035106,0.824874972599555,0.824874972599555,0.8397657553299537,0.824874972599555,0.8630909789225817,False,0,0,True,0.8630909789225817,fixed_n
rank_shift_ok,36,S2,0.5,0.3924073847017553,12,0.13123016494073142,10,0.7848147694035106,0.824874972599555,0.7733792867811825,0.8397657553299537,0.8397657553299537,0.8641995929362707,True,1,0,True,0.8630909789225817,fixed_n
rank_shift_ok,36,S2,1.0,0.7848147694035106,12,0.13123016494073142,10,0.7848147694035106,0.824874972599555,0.7218836009628101,0.8397657553299537,0.8388134902459446,0.8641995929362707,True,2,1,True,0.8630909789225817,fixed_n
rank_shift_ok,36,S2,2.0,1.5696295388070212,12,0.13123016494073142,10,0.7848147694035106,0.824874972599555,0.6188922293260654,0.8397657553299537,0.9005775935134729,0.8641995929362707,True,5,4,True,0.8630909789225817,fixed_n
rank_shift_ok,36,S2,4.0,3.1392590776140423,12,0.13123016494073142,10,0.7848147694035106,0.824874972599555,0.4129094860525758,0.8397657553299537,0.8908867129940683,0.8641995929362707,True,8,7,True,0.8630909789225817,fixed_n
rank_shift_ok,37,S1,0.0,0.0,12,0.12567396611162918,10,1.1318583319681466,1.030780018270899,1.030780018270899,1.0385472709669026,1.0138694902783851,0.8449973250869831,False,5,5,False,0.8449973250869831,fixed_n
rank_shift_ok,37,S1,0.5,0.5659291659840733,12,0.12567396611162918,10,1.1318583319681466,1.030780018270899,0.9596574554434343,1.0385472709669026,1.112495303728763,0.7673725773743402,True,5,4,False,0.8449973250869831,fixed_n
rank_shift_ok,37,S1,1.0,1.1318583319681466,12,0.12567396611162918,10,1.1318583319681466,1.030780018270899,0.8885348926159692,1.0385472709669026,1.0487207612582174,0.8565283967139062,True,5,4,False,0.8449973250869831,fixed_n
rank_shift_ok,37,S1,2.0,2.263716663936293,12,0.12567396611162918,10,1.1318583319681466,1.030780018270899,0.7462897669610393,1.0385472709669026,0.9844567463818154,0.8565283967139062,True,5,4,False,0.8449973250869831,fixed_n
rank_shift_ok,37,S1,4.0,4.527433327872586,12,0.12567396611162918,10,1.1318583319681466,1.030780018270899,0.46179951565117927,1.0385472709669026,0.9844567463818154,0.8565283967139062,True,5,4,False,0.8449973250869831,fixed_n
rank_shift_ok,37,S2,0.0,0.0,12,0.12567396611162918,10,1.1318583319681466,1.030780018270899,1.030780018270899,1.0385472709669026,1.0421921134659395,0.8449973250869831,False,2,2,False,0.8449973250869831,fixed_n
rank_shift_ok,37,S2,0.5,0.5659291659840733,12,0.12567396611162918,10,1.1318583319681466,1.030780018270899,0.9596574554434343,1.0385472709669026,1.0493538813043721,0.7673725773743402,True,3,2,False,0.8449973250869831,fixed_n
rank_shift_ok,37,S2,1.0,1.1318583319681466,12,0.12567396611162918,10,1.1318583319681466,1.030780018270899,0.8885348926159692,1.0385472709669026,1.0640869914481907,0.8565283967139062,True,5,4,False,0.8449973250869831,fixed_n
rank_shift_ok,37,S2,2.0,2.263716663936293,12,0.12567396611162918,10,1.1318583319681466,1.030780018270899,0.7462897669610393,1.0385472709669026,1.0050003394479567,0.8565283967139062,True,6,5,False,0.8449973250869831,fixed_n
rank_shift_ok,37,S2,4.0,4.527433327872586,12,0.12567396611162918,10,1.1318583319681466,1.030780018270899,0.46179951565117927,1.0385472709669026,0.9844567463818154,0.8565283967139062,True,5,4,False,0.8449973250869831,fixed_n
rank_shift_ok,38,S1,0.0,0.0,12,0.12140699211307826,10,1.051669567351528,1.0365621086265098,1.0365621086265098,1.0325328684358293,0.9861768886856632,0.7451783220320203,True,5,4,False,0.7451783220320203,fixed_n
rank_shift_ok,38,S1,0.5,0.525834783675764,12,0.12140699211307826,10,1.051669567351528,1.0365621086265098,0.9727220891920044,1.0325328684358293,0.9592345696817685,0.687457077061868,True,5,4,False,0.7451783220320203,fixed_n
rank_shift_ok,38,S1,1.0,1.051669567351528,12,0.12140699211307826,10,1.051669567351528,1.0365621086265098,0.9088820697574984,1.0325328684358293,0.8491316950314474,0.5924528789132011,True,5,4,False,0.7451783220320203,fixed_n
rank_shift_ok,38,S1,2.0,2.103339134703056,12,0.12140699211307826,10,1.051669567351528,1.0365621086265098,0.781202030888487,1.0325328684358293,0.8491316950314474,0.604678659269761,True,5,4,False,0.7451783220320203,fixed_n
rank_shift_ok,38,S1,4.0,4.206678269406112,12,0.12140699211307826,10,1.051669567351528,1.0365621086265098,0.5258419531504643,1.0325328684358293,0.8491316950314474,0.6671794956112664,True,5,4,False,0.7451783220320203,fixed_n
rank_shift_ok,38,S2,0.0,0.0,12,0.12140699211307826,10,1.051669567351528,1.0365621086265098,1.0365621086265098,1.0325328684358293,1.05626322508479,0.7451783220320203,False,5,5,False,0.7451783220320203,fixed_n
rank_shift_ok,38,S2,0.5,0.525834783675764,12,0.12140699211307826,10,1.051669567351528,1.0365621086265098,0.9727220891920044,1.0325328684358293,0.9101931648286554,0.687457077061868,True,7,6,False,0.7451783220320203,fixed_n
rank_shift_ok,38,S2,1.0,1.051669567351528,12,0.12140699211307826,10,1.051669567351528,1.0365621086265098,0.9088820697574984,1.0325328684358293,1.0788392297324665,0.5924528789132011,True,7,6,False,0.7451783220320203,fixed_n
rank_shift_ok,38,S2,2.0,2.103339134703056,12,0.12140699211307826,10,1.051669567351528,1.0365621086265098,0.781202030888487,1.0325328684358293,1.0624363866139857,0.604678659269761,True,8,7,False,0.7451783220320203,fixed_n
rank_shift_ok,38,S2,4.0,4.206678269406112,12,0.12140699211307826,10,1.051669567351528,1.0365621086265098,0.5258419531504643,1.0325328684358293,0.8491316950314474,0.6671794956112664,True,5,4,False,0.7451783220320203,fixed_n
rank_shift_ok,39,S1,0.0,0.0,12,0.18127630276778806,10,0.9731718478380362,1.0657582274274904,1.0657582274274904,1.0960969192435537,0.7721105636073018,0.5177387587182516,False,5,5,False,0.5177387587182516,fixed_n
rank_shift_ok,39,S1,0.5,0.4865859239190181,12,0.18127630276778806,10,0.9731718478380362,1.0657582274274904,0.9775517301606026,1.0960969192435537,1.0337761307075628,0.5342153729722372,True,5,4,False,0.5177387587182516,fixed_n
rank_shift_ok,39,S1,1.0,0.9731718478380362,12,0.18127630276778806,10,0.9731718478380362,1.0657582274274904,0.8893452328937148,1.0960969192435537,1.0337761307075628,0.36338600501034624,True,5,4,False,0.5177387587182516,fixed_n
rank_shift_ok,39,S1,2.0,1.9463436956760725,12,0.18127630276778806,10,0.9731718478380362,1.0657582274274904,0.712932238359939,1.0960969192435537,1.0538281280543003,0.48864592689270603,True,5,4,False,0.5177387587182516,fixed_n
rank_shift_ok,39,S1,4.0,3.892687391352145,12,0.18127630276778806,10,0.9731718478380362,1.0657582274274904,0.36010624929238794,1.0960969192435537,1.0223626863429787,0.5177387587182516,True,5,4,False,0.5177387587182516,fixed_n
rank_shift_ok,39,S2,0.0,0.0,12,0.18127630276778806,10,0.9731718478380362,1.0657582274274904,1.0657582274274904,1.0960969192435537,0.9170204933541044,0.5177387587182516,False,3,3,False,0.5177387587182516,fixed_n
rank_shift_ok,39,S2,0.5,0.4865859239190181,12,0.18127630276778806,10,0.9731718478380362,1.0657582274274904,0.9775517301606026,1.0960969192435537,1.0185420624765202,0.5342153729722372,True,6,5,False,0.5177387587182516,fixed_n
rank_shift_ok,39,S2,1.0,0.9731718478380362,12,0.18127630276778806,10,0.9731718478380362,1.0657582274274904,0.8893452328937148,1.0960969192435537,1.0185420624765202,0.36338600501034624,True,6,5,False,0.5177387587182516,fixed_n
rank_shift_ok,39,S2,2.0,1.9463436956760725,12,0.18127630276778806,10,0.9731718478380362,1.0657582274274904,0.712932238359939,1.0960969192435537,1.1176945861805279,0.48864592689270603,True,5,4,False,0.5177387587182516,fixed_n
rank_shift_ok,39,S2,4.0,3.892687391352145,12,0.18127630276778806,10,0.9731718478380362,1.0657582274274904,0.36010624929238794,1.0960969192435537,1.242378491612637,0.5177387587182516,True,8,7,False,0.5177387587182516,fixed_n
rank_shift_dormant,0,S1,0.0,0.0,12,0.13541332910325088,10,0.8809613492901333,0.8520004758845818,0.8520004758845818,0.8326755999773487,0.8673337653727021,0.8314565185931184,False,5,5,True,0.8314565185931184,fixed_n
rank_shift_dormant,0,S1,0.5,0.4404806746450666,12,0.13541332910325088,10,0.8809613492901333,0.8520004758845818,0.7923535213252475,0.8326755999773487,0.7829928423672649,0.8410621258819067,True,5,4,True,0.8314565185931184,fixed_n
rank_shift_dormant,0,S1,1.0,0.8809613492901333,12,0.13541332910325088,10,0.8809613492901333,0.8520004758845818,0.732706566765913,0.8326755999773487,0.8341111461911683,0.8410621258819067,True,5,4,True,0.8314565185931184,fixed_n
rank_shift_dormant,0,S1,2.0,1.7619226985802665,12,0.13541332910325088,10,0.8809613492901333,0.8520004758845818,0.6134126576472444,0.8326755999773487,0.8447526686970915,0.8410621258819067,True,5,4,True,0.8314565185931184,fixed_n
rank_shift_dormant,0,S1,4.0,3.523845397160533,12,0.13541332910325088,10,0.8809613492901333,0.8520004758845818,0.37482483940990674,0.8326755999773487,0.8447526686970915,0.8410621258819067,True,5,4,True,0.8314565185931184,fixed_n
rank_shift_dormant,0,S2,0.0,0.0,12,0.13541332910325088,10,0.8809613492901333,0.8520004758845818,0.8520004758845818,0.8326755999773487,0.8435137939864183,0.8314565185931184,False,3,3,True,0.8314565185931184,fixed_n
rank_shift_dormant,0,S2,0.5,0.4404806746450666,12,0.13541332910325088,10,0.8809613492901333,0.8520004758845818,0.7923535213252475,0.8326755999773487,0.8147600422883439,0.8410621258819067,True,7,6,True,0.8314565185931184,fixed_n
rank_shift_dormant,0,S2,1.0,0.8809613492901333,12,0.13541332910325088,10,0.8809613492901333,0.8520004758845818,0.732706566765913,0.8326755999773487,0.7546846068122852,0.8410621258819067,True,8,7,True,0.8314565185931184,fixed_n
rank_shift_dormant,0,S2,2.0,1.7619226985802665,12,0.13541332910325088,10,0.8809613492901333,0.8520004758845818,0.6134126576472444,0.8326755999773487,0.8447526686970915,0.8410621258819067,True,5,4,True,0.8314565185931184,fixed_n
rank_shift_dormant,0,S2,4.0,3.523845397160533,12,0.13541332910325088,10,0.8809613492901333,0.8520004758845818,0.37482483940990674,0.8326755999773487,0.8447526686970915,0.8410621258819067,True,5,4,True,0.8314565185931184,fixed_n
rank_shift_dormant,1,S1,0.0,0.0,12,0.12356866424027668,10,0.5635870314867295,0.5893588833935653,0.5893588833935653,0.5905108129309219,0.5785293020630061,0.6377163331841681,True,5,4,True,0.6377163331841681,fixed_n
rank_shift_dormant,1,S1,0.5,0.28179351574336475,12,0.12356866424027668,10,0.5635870314867295,0.5893588833935653,0.5545380350615864,0.5905108129309219,0.5785293020630061,0.6374942684079737,True,5,4,True,0.6377163331841681,fixed_n
rank_shift_dormant,1,S1,1.0,0.5635870314867295,12,0.12356866424027668,10,0.5635870314867295,0.5893588833935653,0.5197171867296074,0.5905108129309219,0.5785293020630061,0.6376688032686488,True,5,4,True,0.6377163331841681,fixed_n
rank_shift_dormant,1,S1,2.0,1.127174062973459,12,0.12356866424027668,10,0.5635870314867295,0.5893588833935653,0.45007549006564956,0.5905108129309219,0.5566925631351133,0.6376688032686488,True,5,4,True,0.6377163331841681,fixed_n
rank_shift_dormant,1,S1,4.0,2.254348125946918,12,0.12356866424027668,10,0.5635870314867295,0.5893588833935653,0.3107920967377337,0.5905108129309219,0.5235819781371978,0.6376688032686488,True,5,4,True,0.6377163331841681,fixed_n
rank_shift_dormant,1,S2,0.0,0.0,12,0.12356866424027668,10,0.5635870314867295,0.5893588833935653,0.5893588833935653,0.5905108129309219,0.570071656576456,0.6377163331841681,True,6,5,True,0.6377163331841681,fixed_n
rank_shift_dormant,1,S2,0.5,0.28179351574336475,12,0.12356866424027668,10,0.5635870314867295,0.5893588833935653,0.5545380350615864,0.5905108129309219,0.4379317316850776,0.6374942684079737,True,5,4,True,0.6377163331841681,fixed_n
rank_shift_dormant,1,S2,1.0,0.5635870314867295,12,0.12356866424027668,10,0.5635870314867295,0.5893588833935653,0.5197171867296074,0.5905108129309219,0.4379317316850776,0.6376688032686488,True,5,4,True,0.6377163331841681,fixed_n
rank_shift_dormant,1,S2,2.0,1.127174062973459,12,0.12356866424027668,10,0.5635870314867295,0.5893588833935653,0.45007549006564956,0.5905108129309219,0.2733466428838481,0.6376688032686488,True,8,7,True,0.6377163331841681,fixed_n
rank_shift_dormant,1,S2,4.0,2.254348125946918,12,0.12356866424027668,10,0.5635870314867295,0.5893588833935653,0.3107920967377337,0.5905108129309219,0.5235819781371978,0.6376688032686488,True,5,4,True,0.6377163331841681,fixed_n
rank_shift_dormant,2,S1,0.0,0.0,12,0.1262967206953355,10,0.6359257474678841,0.5602527438158196,0.5602527438158196,0.5709483692771793,0.5401545066897764,0.627342938710526,True,5,4,True,0.627342938710526,fixed_n
rank_shift_dormant,2,S1,0.5,0.31796287373394205,12,0.1262967206953355,10,0.6359257474678841,0.5602527438158196,0.5200950755603575,0.5709483692771793,0.5401545066897764,0.6163332590098216,True,5,4,True,0.627342938710526,fixed_n
rank_shift_dormant,2,S1,1.0,0.6359257474678841,12,0.1262967206953355,10,0.6359257474678841,0.5602527438158196,0.47993740730489554,0.5709483692771793,0.5401545066897764,0.6283613432802452,True,5,4,True,0.627342938710526,fixed_n
rank_shift_dormant,2,S1,2.0,1.2718514949357682,12,0.1262967206953355,10,0.6359257474678841,0.5602527438158196,0.3996220707939717,0.5709483692771793,0.5401545066897764,0.6283613432802452,True,5,4,True,0.627342938710526,fixed_n
rank_shift_dormant,2,S1,4.0,2.5437029898715364,12,0.1262967206953355,10,0.6359257474678841,0.5602527438158196,0.23899139777212416,0.5709483692771793,0.5654928779080044,0.6283613432802452,True,5,4,True,0.627342938710526,fixed_n
rank_shift_dormant,2,S2,0.0,0.0,12,0.1262967206953355,10,0.6359257474678841,0.5602527438158196,0.5602527438158196,0.5709483692771793,0.4757200236816573,0.627342938710526,True,8,7,True,0.627342938710526,fixed_n
rank_shift_dormant,2,S2,0.5,0.31796287373394205,12,0.1262967206953355,10,0.6359257474678841,0.5602527438158196,0.5200950755603575,0.5709483692771793,0.4757200236816573,0.6163332590098216,True,8,7,True,0.627342938710526,fixed_n
rank_shift_dormant,2,S2,1.0,0.6359257474678841,12,0.1262967206953355,10,0.6359257474678841,0.5602527438158196,0.47993740730489554,0.5709483692771793,0.4757200236816573,0.6283613432802452,True,8,7,True,0.627342938710526,fixed_n
rank_shift_dormant,2,S2,2.0,1.2718514949357682,12,0.1262967206953355,10,0.6359257474678841,0.5602527438158196,0.3996220707939717,0.5709483692771793,0.4757200236816573,0.6283613432802452,True,8,7,True,0.627342938710526,fixed_n
rank_shift_dormant,2,S2,4.0,2.5437029898715364,12,0.1262967206953355,10,0.6359257474678841,0.5602527438158196,0.23899139777212416,0.5709483692771793,0.5654928779080044,0.6283613432802452,True,5,4,True,0.627342938710526,fixed_n
rank_shift_dormant,3,S1,0.0,0.0,12,0.15012352286125424,10,0.610642080543484,0.6339273872248448,0.6339273872248448,0.6187231231805038,0.64495860491473,0.7590402643782774,True,5,4,False,0.7590402643782774,fixed_n
rank_shift_dormant,3,S1,0.5,0.305321040271742,12,0.15012352286125424,10,0.610642080543484,0.6339273872248448,0.5880915170555879,0.6187231231805038,0.64495860491473,0.7198110672719314,True,5,4,False,0.7590402643782774,fixed_n
rank_shift_dormant,3,S1,1.0,0.610642080543484,12,0.15012352286125424,10,0.610642080543484,0.6339273872248448,0.5422556468863312,0.6187231231805038,0.64495860491473,0.738156078540285,True,5,4,False,0.7590402643782774,fixed_n
rank_shift_dormant,3,S1,2.0,1.221284161086968,12,0.15012352286125424,10,0.610642080543484,0.6339273872248448,0.45058390654781755,0.6187231231805038,0.64495860491473,0.738156078540285,True,5,4,False,0.7590402643782774,fixed_n
rank_shift_dormant,3,S1,4.0,2.442568322173936,12,0.15012352286125424,10,0.610642080543484,0.6339273872248448,0.2672404258707905,0.6187231231805038,0.5904550305216449,0.738156078540285,True,5,4,False,0.7590402643782774,fixed_n
rank_shift_dormant,3,S2,0.0,0.0,12,0.15012352286125424,10,0.610642080543484,0.6339273872248448,0.6339273872248448,0.6187231231805038,0.7971750888565794,0.7590402643782774,True,7,6,False,0.7590402643782774,fixed_n
rank_shift_dormant,3,S2,0.5,0.305321040271742,12,0.15012352286125424,10,0.610642080543484,0.6339273872248448,0.5880915170555879,0.6187231231805038,0.7971750888565794,0.7198110672719314,True,7,6,False,0.7590402643782774,fixed_n
rank_shift_dormant,3,S2,1.0,0.610642080543484,12,0.15012352286125424,10,0.610642080543484,0.6339273872248448,0.5422556468863312,0.6187231231805038,0.7971750888565794,0.738156078540285,True,7,6,False,0.7590402643782774,fixed_n
rank_shift_dormant,3,S2,2.0,1.221284161086968,12,0.15012352286125424,10,0.610642080543484,0.6339273872248448,0.45058390654781755,0.6187231231805038,0.7971750888565794,0.738156078540285,True,7,6,False,0.7590402643782774,fixed_n
rank_shift_dormant,3,S2,4.0,2.442568322173936,12,0.15012352286125424,10,0.610642080543484,0.6339273872248448,0.2672404258707905,0.6187231231805038,0.5904550305216449,0.738156078540285,True,5,4,False,0.7590402643782774,fixed_n
rank_shift_dormant,4,S1,0.0,0.0,12,0.1443850701629927,10,0.5578925131752496,0.5801279394310036,0.5801279394310036,0.49276698712619593,0.6340172624214437,0.7474801648523394,False,5,5,False,0.7474801648523394,fixed_n
rank_shift_dormant,4,S1,0.5,0.2789462565876248,12,0.1443850701629927,10,0.5578925131752496,0.5801279394310036,0.5398522646018952,0.49276698712619593,0.5751724079026127,0.7187950827593177,False,5,5,False,0.7474801648523394,fixed_n
rank_shift_dormant,4,S1,1.0,0.5578925131752496,12,0.1443850701629927,10,0.5578925131752496,0.5801279394310036,0.49957658977278685,0.49276698712619593,0.5163275533837817,0.6476321477048353,False,5,5,False,0.7474801648523394,fixed_n
rank_shift_dormant,4,S1,2.0,1.1157850263504991,12,0.1443850701629927,10,0.5578925131752496,0.5801279394310036,0.4190252401145701,0.49276698712619593,0.3986378443461195,0.7462937142095617,False,5,5,False,0.7474801648523394,fixed_n
rank_shift_dormant,4,S1,4.0,2.2315700527009983,12,0.1443850701629927,10,0.5578925131752496,0.5801279394310036,0.2579225407981366,0.49276698712619593,0.3476566216841962,0.7462937142095617,True,5,4,False,0.7474801648523394,fixed_n
rank_shift_dormant,4,S2,0.0,0.0,12,0.1443850701629927,10,0.5578925131752496,0.5801279394310036,0.5801279394310036,0.49276698712619593,0.6678438909886426,0.7474801648523394,False,6,6,False,0.7474801648523394,fixed_n
rank_shift_dormant,4,S2,0.5,0.2789462565876248,12,0.1443850701629927,10,0.5578925131752496,0.5801279394310036,0.5398522646018952,0.49276698712619593,0.5886354895151976,0.7187950827593177,False,6,6,False,0.7474801648523394,fixed_n
rank_shift_dormant,4,S2,1.0,0.5578925131752496,12,0.1443850701629927,10,0.5578925131752496,0.5801279394310036,0.49957658977278685,0.49276698712619593,0.44187667836845346,0.6476321477048353,True,8,7,False,0.7474801648523394,fixed_n
rank_shift_dormant,4,S2,2.0,1.1157850263504991,12,0.1443850701629927,10,0.5578925131752496,0.5801279394310036,0.4190252401145701,0.49276698712619593,0.3986378443461195,0.7462937142095617,False,5,5,False,0.7474801648523394,fixed_n
rank_shift_dormant,4,S2,4.0,2.2315700527009983,12,0.1443850701629927,10,0.5578925131752496,0.5801279394310036,0.2579225407981366,0.49276698712619593,0.3476566216841962,0.7462937142095617,True,5,4,False,0.7474801648523394,fixed_n
rank_shift_dormant,5,S1,0.0,0.0,12,0.12836780907740675,10,0.820682321176807,0.697936370175219,0.697936370175219,0.725661574312364,0.7738199173175687,0.7334498310601842,False,5,5,True,0.7334498310601842,fixed_n
rank_shift_dormant,5,S1,0.5,0.4103411605884035,12,0.12836780907740675,10,0.820682321176807,0.697936370175219,0.6452617744162054,0.725661574312364,0.6751645892178683,0.7334138763890573,False,5,5,True,0.7334498310601842,fixed_n
rank_shift_dormant,5,S1,1.0,0.820682321176807,12,0.12836780907740675,10,0.820682321176807,0.697936370175219,0.5925871786571918,0.725661574312364,0.7834199400774976,0.7334138763890573,True,5,4,True,0.7334498310601842,fixed_n
rank_shift_dormant,5,S1,2.0,1.641364642353614,12,0.12836780907740675,10,0.820682321176807,0.697936370175219,0.48723798713916444,0.725661574312364,0.7834199400774976,0.7334138763890573,True,5,4,True,0.7334498310601842,fixed_n
rank_shift_dormant,5,S1,4.0,3.282729284707228,12,0.12836780907740675,10,0.820682321176807,0.697936370175219,0.2765396041031096,0.725661574312364,0.7834199400774976,0.7334138763890573,True,5,4,True,0.7334498310601842,fixed_n
rank_shift_dormant,5,S2,0.0,0.0,12,0.12836780907740675,10,0.820682321176807,0.697936370175219,0.697936370175219,0.725661574312364,0.7911440924293984,0.7334498310601842,False,6,6,True,0.7334498310601842,fixed_n
rank_shift_dormant,5,S2,0.5,0.4103411605884035,12,0.12836780907740675,10,0.820682321176807,0.697936370175219,0.6452617744162054,0.725661574312364,1.1179260326478526,0.7334138763890573,True,7,6,True,0.7334498310601842,fixed_n
rank_shift_dormant,5,S2,1.0,0.820682321176807,12,0.12836780907740675,10,0.820682321176807,0.697936370175219,0.5925871786571918,0.725661574312364,1.1179260326478526,0.7334138763890573,True,7,6,True,0.7334498310601842,fixed_n
rank_shift_dormant,5,S2,2.0,1.641364642353614,12,0.12836780907740675,10,0.820682321176807,0.697936370175219,0.48723798713916444,0.725661574312364,0.7875708229461905,0.7334138763890573,True,8,7,True,0.7334498310601842,fixed_n
rank_shift_dormant,5,S2,4.0,3.282729284707228,12,0.12836780907740675,10,0.820682321176807,0.697936370175219,0.2765396041031096,0.725661574312364,0.7875708229461905,0.7334138763890573,True,8,7,True,0.7334498310601842,fixed_n
rank_shift_dormant,6,S1,0.0,0.0,12,0.13452344633815344,10,0.7667404926799526,0.7415248346819276,0.7415248346819276,0.7396065209809018,0.821122924148311,0.8619366157280011,False,5,5,True,0.8619366157280011,fixed_n
rank_shift_dormant,6,S1,0.5,0.3833702463399763,12,0.13452344633815344,10,0.7667404926799526,0.7415248346819276,0.6899525479207673,0.7396065209809018,0.6741430847435814,0.8144163355589684,False,5,5,True,0.8619366157280011,fixed_n
rank_shift_dormant,6,S1,1.0,0.7667404926799526,12,0.13452344633815344,10,0.7667404926799526,0.7415248346819276,0.6383802611596068,0.7396065209809018,0.5271632453388517,0.8264492588159144,False,5,5,True,0.8619366157280011,fixed_n
rank_shift_dormant,6,S1,2.0,1.5334809853599052,12,0.13452344633815344,10,0.7667404926799526,0.7415248346819276,0.5352356876372859,0.7396065209809018,0.8514150227879858,0.8264492588159144,True,5,4,True,0.8619366157280011,fixed_n
rank_shift_dormant,6,S1,4.0,3.0669619707198104,12,0.13452344633815344,10,0.7667404926799526,0.7415248346819276,0.32894654059264394,0.7396065209809018,0.9817409391577518,0.8264492588159144,True,5,4,True,0.8619366157280011,fixed_n
rank_shift_dormant,6,S2,0.0,0.0,12,0.13452344633815344,10,0.7667404926799526,0.7415248346819276,0.7415248346819276,0.7396065209809018,1.6244335658025548,0.8619366157280011,True,8,7,True,0.8619366157280011,fixed_n
rank_shift_dormant,6,S2,0.5,0.3833702463399763,12,0.13452344633815344,10,0.7667404926799526,0.7415248346819276,0.6899525479207673,0.7396065209809018,1.6244335658025548,0.8144163355589684,True,8,7,True,0.8619366157280011,fixed_n
rank_shift_dormant,6,S2,1.0,0.7667404926799526,12,0.13452344633815344,10,0.7667404926799526,0.7415248346819276,0.6383802611596068,0.7396065209809018,1.6244335658025548,0.8264492588159144,True,8,7,True,0.8619366157280011,fixed_n
rank_shift_dormant,6,S2,2.0,1.5334809853599052,12,0.13452344633815344,10,0.7667404926799526,0.7415248346819276,0.5352356876372859,0.7396065209809018,1.6244335658025548,0.8264492588159144,True,8,7,True,0.8619366157280011,fixed_n
rank_shift_dormant,6,S2,4.0,3.0669619707198104,12,0.13452344633815344,10,0.7667404926799526,0.7415248346819276,0.32894654059264394,0.7396065209809018,1.6244335658025548,0.8264492588159144,True,8,7,True,0.8619366157280011,fixed_n
rank_shift_dormant,7,S1,0.0,0.0,12,0.12349151887941805,10,0.7915659924248513,0.8161885146748113,0.8161885146748113,0.8631174264403612,0.8179547287447374,0.8225445714314997,True,5,4,True,0.8225445714314997,fixed_n
rank_shift_dormant,7,S1,0.5,0.39578299621242563,12,0.12349151887941805,10,0.7915659924248513,0.8161885146748113,0.767312671325892,0.8631174264403612,0.8179547287447374,0.8209077057692606,True,5,4,True,0.8225445714314997,fixed_n
rank_shift_dormant,7,S1,1.0,0.7915659924248513,12,0.12349151887941805,10,0.7915659924248513,0.8161885146748113,0.7184368279769725,0.8631174264403612,0.8179547287447374,0.8209077057692606,True,5,4,True,0.8225445714314997,fixed_n
rank_shift_dormant,7,S1,2.0,1.5831319848497025,12,0.12349151887941805,10,0.7915659924248513,0.8161885146748113,0.6206851412791337,0.8631174264403612,0.8179547287447374,0.8209077057692606,True,5,4,True,0.8225445714314997,fixed_n
rank_shift_dormant,7,S1,4.0,3.166263969699405,12,0.12349151887941805,10,0.7915659924248513,0.8161885146748113,0.4251817678834562,0.8631174264403612,0.8696203638546175,0.8209077057692606,True,5,4,True,0.8225445714314997,fixed_n
rank_shift_dormant,7,S2,0.0,0.0,12,0.12349151887941805,10,0.7915659924248513,0.8161885146748113,0.8161885146748113,0.8631174264403612,0.8179547287447374,0.8225445714314997,True,5,4,True,0.8225445714314997,fixed_n
rank_shift_dormant,7,S2,0.5,0.39578299621242563,12,0.12349151887941805,10,0.7915659924248513,0.8161885146748113,0.767312671325892,0.8631174264403612,0.8179547287447374,0.8209077057692606,True,5,4,True,0.8225445714314997,fixed_n
rank_shift_dormant,7,S2,1.0,0.7915659924248513,12,0.12349151887941805,10,0.7915659924248513,0.8161885146748113,0.7184368279769725,0.8631174264403612,0.8179547287447374,0.8209077057692606,True,5,4,True,0.8225445714314997,fixed_n
rank_shift_dormant,7,S2,2.0,1.5831319848497025,12,0.12349151887941805,10,0.7915659924248513,0.8161885146748113,0.6206851412791337,0.8631174264403612,0.8179547287447374,0.8209077057692606,True,5,4,True,0.8225445714314997,fixed_n
rank_shift_dormant,7,S2,4.0,3.166263969699405,12,0.12349151887941805,10,0.7915659924248513,0.8161885146748113,0.4251817678834562,0.8631174264403612,0.8696203638546175,0.8209077057692606,True,5,4,True,0.8225445714314997,fixed_n
rank_shift_dormant,8,S1,0.0,0.0,12,0.11861473955876196,10,0.8556179443536607,0.8834630750617075,0.8834630750617075,0.8321818970067391,1.039513785804911,0.7856568677943611,False,5,5,True,0.7856568677943611,fixed_n
rank_shift_dormant,8,S1,0.5,0.42780897217683034,12,0.11861473955876196,10,0.8556179443536607,0.8834630750617075,0.832718625246051,0.8321818970067391,0.9810539617212782,0.8029750063216947,False,5,5,True,0.7856568677943611,fixed_n
rank_shift_dormant,8,S1,1.0,0.8556179443536607,12,0.11861473955876196,10,0.8556179443536607,0.8834630750617075,0.7819741754303946,0.8321818970067391,0.9225941376376456,0.8029750063216947,False,5,5,True,0.7856568677943611,fixed_n
rank_shift_dormant,8,S1,2.0,1.7112358887073214,12,0.11861473955876196,10,0.8556179443536607,0.8834630750617075,0.680485275799082,0.8321818970067391,0.8887067877124091,0.8029750063216947,True,5,4,True,0.7856568677943611,fixed_n
rank_shift_dormant,8,S1,4.0,3.4224717774146427,12,0.11861473955876196,10,0.8556179443536607,0.8834630750617075,0.4775074765364565,0.8321818970067391,0.8887067877124091,0.8029750063216947,True,5,4,True,0.7856568677943611,fixed_n
rank_shift_dormant,8,S2,0.0,0.0,12,0.11861473955876196,10,0.8556179443536607,0.8834630750617075,0.8834630750617075,0.8321818970067391,1.390316597249661,0.7856568677943611,True,7,6,True,0.7856568677943611,fixed_n
rank_shift_dormant,8,S2,0.5,0.42780897217683034,12,0.11861473955876196,10,0.8556179443536607,0.8834630750617075,0.832718625246051,0.8321818970067391,1.390316597249661,0.8029750063216947,True,7,6,True,0.7856568677943611,fixed_n
rank_shift_dormant,8,S2,1.0,0.8556179443536607,12,0.11861473955876196,10,0.8556179443536607,0.8834630750617075,0.7819741754303946,0.8321818970067391,1.390316597249661,0.8029750063216947,True,7,6,True,0.7856568677943611,fixed_n
rank_shift_dormant,8,S2,2.0,1.7112358887073214,12,0.11861473955876196,10,0.8556179443536607,0.8834630750617075,0.680485275799082,0.8321818970067391,1.390316597249661,0.8029750063216947,True,7,6,True,0.7856568677943611,fixed_n
rank_shift_dormant,8,S2,4.0,3.4224717774146427,12,0.11861473955876196,10,0.8556179443536607,0.8834630750617075,0.4775074765364565,0.8321818970067391,1.3926195988620813,0.8029750063216947,True,8,7,True,0.7856568677943611,fixed_n
rank_shift_dormant,9,S1,0.0,0.0,12,0.13544881206851667,10,0.8595109730916719,0.7603730224057028,0.7603730224057028,0.7742259824364592,0.6702877113838246,0.8096433972111508,False,5,5,True,0.8096433972111508,fixed_n
rank_shift_dormant,9,S1,0.5,0.42975548654583595,12,0.13544881206851667,10,0.8595109730916719,0.7603730224057028,0.702163152273142,0.7742259824364592,0.5697347140831028,0.8155198995250239,False,5,5,True,0.8096433972111508,fixed_n
rank_shift_dormant,9,S1,1.0,0.8595109730916719,12,0.13544881206851667,10,0.8595109730916719,0.7603730224057028,0.6439532821405811,0.7742259824364592,0.7308550019400621,0.8155198995250239,True,5,4,True,0.8096433972111508,fixed_n
rank_shift_dormant,9,S1,2.0,1.7190219461833438,12,0.13544881206851667,10,0.8595109730916719,0.7603730224057028,0.5275335418754594,0.7742259824364592,0.7308550019400621,0.8155198995250239,True,5,4,True,0.8096433972111508,fixed_n
rank_shift_dormant,9,S1,4.0,3.4380438923666876,12,0.13544881206851667,10,0.8595109730916719,0.7603730224057028,0.29469406134521586,0.7742259824364592,0.7308550019400621,0.8155198995250239,True,5,4,True,0.8096433972111508,fixed_n
rank_shift_dormant,9,S2,0.0,0.0,12,0.13544881206851667,10,0.8595109730916719,0.7603730224057028,0.7603730224057028,0.7742259824364592,0.7555785132701589,0.8096433972111508,False,7,7,True,0.8096433972111508,fixed_n
rank_shift_dormant,9,S2,0.5,0.42975548654583595,12,0.13544881206851667,10,0.8595109730916719,0.7603730224057028,0.702163152273142,0.7742259824364592,0.7786521521340255,0.8155198995250239,True,8,7,True,0.8096433972111508,fixed_n
rank_shift_dormant,9,S2,1.0,0.8595109730916719,12,0.13544881206851667,10,0.8595109730916719,0.7603730224057028,0.6439532821405811,0.7742259824364592,0.7786521521340255,0.8155198995250239,True,8,7,True,0.8096433972111508,fixed_n
rank_shift_dormant,9,S2,2.0,1.7190219461833438,12,0.13544881206851667,10,0.8595109730916719,0.7603730224057028,0.5275335418754594,0.7742259824364592,0.7786521521340255,0.8155198995250239,True,8,7,True,0.8096433972111508,fixed_n
rank_shift_dormant,9,S2,4.0,3.4380438923666876,12,0.13544881206851667,10,0.8595109730916719,0.7603730224057028,0.29469406134521586,0.7742259824364592,0.7308550019400621,0.8155198995250239,True,5,4,True,0.8096433972111508,fixed_n
rank_shift_dormant,10,S1,0.0,0.0,12,0.13500019302729946,10,0.5089792955583232,0.5710004101641368,0.5710004101641368,0.5708925259720936,0.7247167139391948,0.18028913074146402,False,5,5,False,0.18028913074146402,fixed_n
rank_shift_dormant,10,S1,0.5,0.2544896477791616,12,0.13500019302729946,10,0.5089792955583232,0.5710004101641368,0.5366442585905006,0.5708925259720936,0.6862014538242039,0.18028913074146402,False,5,5,False,0.18028913074146402,fixed_n
rank_shift_dormant,10,S1,1.0,0.5089792955583232,12,0.13500019302729946,10,0.5089792955583232,0.5710004101641368,0.5022881070168643,0.5708925259720936,0.6476861937092131,0.18028913074146402,False,5,5,False,0.18028913074146402,fixed_n
rank_shift_dormant,10,S1,2.0,1.0179585911166464,12,0.13500019302729946,10,0.5089792955583232,0.5710004101641368,0.43357580386959177,0.5708925259720936,0.5706556734792316,0.18125009029838024,False,5,5,False,0.18028913074146402,fixed_n
rank_shift_dormant,10,S1,4.0,2.035917182233293,12,0.13500019302729946,10,0.5089792955583232,0.5710004101641368,0.29615119757504677,0.5708925259720936,0.4165946330192682,0.18028913074146402,False,5,5,False,0.18028913074146402,fixed_n
rank_shift_dormant,10,S2,0.0,0.0,12,0.13500019302729946,10,0.5089792955583232,0.5710004101641368,0.5710004101641368,0.5708925259720936,0.7247167139391948,0.18028913074146402,False,5,5,False,0.18028913074146402,fixed_n
rank_shift_dormant,10,S2,0.5,0.2544896477791616,12,0.13500019302729946,10,0.5089792955583232,0.5710004101641368,0.5366442585905006,0.5708925259720936,0.6862014538242039,0.18028913074146402,False,5,5,False,0.18028913074146402,fixed_n
rank_shift_dormant,10,S2,1.0,0.5089792955583232,12,0.13500019302729946,10,0.5089792955583232,0.5710004101641368,0.5022881070168643,0.5708925259720936,0.6476861937092131,0.18028913074146402,False,5,5,False,0.18028913074146402,fixed_n
rank_shift_dormant,10,S2,2.0,1.0179585911166464,12,0.13500019302729946,10,0.5089792955583232,0.5710004101641368,0.43357580386959177,0.5708925259720936,0.710057750587729,0.18125009029838024,True,8,7,False,0.18028913074146402,fixed_n
rank_shift_dormant,10,S2,4.0,2.035917182233293,12,0.13500019302729946,10,0.5089792955583232,0.5710004101641368,0.29615119757504677,0.5708925259720936,0.710057750587729,0.18028913074146402,True,8,7,False,0.18028913074146402,fixed_n
rank_shift_dormant,11,S1,0.0,0.0,12,0.15799767561564518,10,0.8558858259540573,0.8215794550466038,0.8215794550466038,0.8696190366759323,0.7689801465450969,0.6924929673052111,False,5,5,False,0.6924929673052111,fixed_n
rank_shift_dormant,11,S1,0.5,0.42794291297702863,12,0.15799767561564518,10,0.8558858259540573,0.8215794550466038,0.7539654695000448,0.8696190366759323,0.8180738664651944,0.7011599861057949,True,5,4,False,0.6924929673052111,fixed_n
rank_shift_dormant,11,S1,1.0,0.8558858259540573,12,0.15799767561564518,10,0.8558858259540573,0.8215794550466038,0.686351483953486,0.8696190366759323,0.8180738664651944,0.7011599861057949,True,5,4,False,0.6924929673052111,fixed_n
rank_shift_dormant,11,S1,2.0,1.7117716519081145,12,0.15799767561564518,10,0.8558858259540573,0.8215794550466038,0.5511235128603682,0.8696190366759323,0.8180738664651944,0.7011599861057949,True,5,4,False,0.6924929673052111,fixed_n
rank_shift_dormant,11,S1,4.0,3.423543303816229,12,0.15799767561564518,10,0.8558858259540573,0.8215794550466038,0.28066757067413295,0.8696190366759323,0.8692012666903961,0.7011599861057949,True,5,4,False,0.6924929673052111,fixed_n
rank_shift_dormant,11,S2,0.0,0.0,12,0.15799767561564518,10,0.8558858259540573,0.8215794550466038,0.8215794550466038,0.8696190366759323,0.7271841033912001,0.6924929673052111,False,4,4,False,0.6924929673052111,fixed_n
rank_shift_dormant,11,S2,0.5,0.42794291297702863,12,0.15799767561564518,10,0.8558858259540573,0.8215794550466038,0.7539654695000448,0.8696190366759323,0.68210341655938,0.7011599861057949,False,4,4,False,0.6924929673052111,fixed_n
rank_shift_dormant,11,S2,1.0,0.8558858259540573,12,0.15799767561564518,10,0.8558858259540573,0.8215794550466038,0.686351483953486,0.8696190366759323,0.8180738664651944,0.7011599861057949,True,5,4,False,0.6924929673052111,fixed_n
rank_shift_dormant,11,S2,2.0,1.7117716519081145,12,0.15799767561564518,10,0.8558858259540573,0.8215794550466038,0.5511235128603682,0.8696190366759323,0.7816352866540708,0.7011599861057949,True,6,5,False,0.6924929673052111,fixed_n
rank_shift_dormant,11,S2,4.0,3.423543303816229,12,0.15799767561564518,10,0.8558858259540573,0.8215794550466038,0.28066757067413295,0.8696190366759323,0.7785984124692324,0.7011599861057949,True,7,6,False,0.6924929673052111,fixed_n
rank_shift_dormant,12,S1,0.0,0.0,12,0.1421791104862905,10,0.6941435358978364,0.8041397947563083,0.8041397947563083,0.8219904045108024,0.7537000703318278,0.7620898222156879,False,5,5,True,0.7620898222156879,fixed_n
rank_shift_dormant,12,S1,0.5,0.3470717679489182,12,0.1421791104862905,10,0.6941435358978364,0.8041397947563083,0.7547934395144269,0.8219904045108024,0.5963602158820784,0.7672522442325568,False,5,5,True,0.7620898222156879,fixed_n
rank_shift_dormant,12,S1,1.0,0.6941435358978364,12,0.1421791104862905,10,0.6941435358978364,0.8041397947563083,0.7054470842725454,0.8219904045108024,0.8218621059530398,0.7620909514840785,True,5,4,True,0.7620898222156879,fixed_n
rank_shift_dormant,12,S1,2.0,1.3882870717956728,12,0.1421791104862905,10,0.6941435358978364,0.8041397947563083,0.6067543737887826,0.8219904045108024,0.8218621059530398,0.7620909514840785,True,5,4,True,0.7620898222156879,fixed_n
rank_shift_dormant,12,S1,4.0,2.7765741435913456,12,0.1421791104862905,10,0.6941435358978364,0.8041397947563083,0.4093689528212569,0.8219904045108024,0.8970932514343669,0.7620909514840785,True,5,4,True,0.7620898222156879,fixed_n
rank_shift_dormant,12,S2,0.0,0.0,12,0.1421791104862905,10,0.6941435358978364,0.8041397947563083,0.8041397947563083,0.8219904045108024,0.8005642009019807,0.7620898222156879,False,3,3,True,0.7620898222156879,fixed_n
rank_shift_dormant,12,S2,0.5,0.3470717679489182,12,0.1421791104862905,10,0.6941435358978364,0.8041397947563083,0.7547934395144269,0.8219904045108024,0.7184855147773264,0.7672522442325568,False,4,4,True,0.7620898222156879,fixed_n
rank_shift_dormant,12,S2,1.0,0.6941435358978364,12,0.1421791104862905,10,0.6941435358978364,0.8041397947563083,0.7054470842725454,0.8219904045108024,0.8970932514343669,0.7620909514840785,True,5,4,True,0.7620898222156879,fixed_n
rank_shift_dormant,12,S2,2.0,1.3882870717956728,12,0.1421791104862905,10,0.6941435358978364,0.8041397947563083,0.6067543737887826,0.8219904045108024,0.7689876827982431,0.7620909514840785,True,6,5,True,0.7620898222156879,fixed_n
rank_shift_dormant,12,S2,4.0,2.7765741435913456,12,0.1421791104862905,10,0.6941435358978364,0.8041397947563083,0.4093689528212569,0.8219904045108024,0.8970932514343669,0.7620909514840785,True,5,4,True,0.7620898222156879,fixed_n
rank_shift_dormant,13,S1,0.0,0.0,12,0.125951790580339,10,0.6296850662390894,0.5517619132445193,0.5517619132445193,0.5595114059135383,0.637271559570725,0.7135104339679903,False,5,5,True,0.7135104339679903,fixed_n
rank_shift_dormant,13,S1,0.5,0.3148425331195447,12,0.125951790580339,10,0.6296850662390894,0.5517619132445193,0.512106932447263,0.5595114059135383,0.5893431765735437,0.685883056530295,False,5,5,True,0.7135104339679903,fixed_n
rank_shift_dormant,13,S1,1.0,0.6296850662390894,12,0.125951790580339,10,0.6296850662390894,0.5517619132445193,0.4724519516500066,0.5595114059135383,0.5414147935763622,0.7173162208036173,False,5,5,True,0.7135104339679903,fixed_n
rank_shift_dormant,13,S1,2.0,1.2593701324781787,12,0.125951790580339,10,0.6296850662390894,0.5517619132445193,0.39314199005549394,0.5595114059135383,0.6639509642227583,0.7173162208036173,True,5,4,True,0.7135104339679903,fixed_n
rank_shift_dormant,13,S1,4.0,2.5187402649563575,12,0.125951790580339,10,0.6296850662390894,0.5517619132445193,0.23452206686646862,0.5595114059135383,0.6639509642227583,0.7173162208036173,True,5,4,True,0.7135104339679903,fixed_n
rank_shift_dormant,13,S2,0.0,0.0,12,0.125951790580339,10,0.6296850662390894,0.5517619132445193,0.5517619132445193,0.5595114059135383,0.6633965498091369,0.7135104339679903,False,6,6,True,0.7135104339679903,fixed_n
rank_shift_dormant,13,S2,0.5,0.3148425331195447,12,0.125951790580339,10,0.6296850662390894,0.5517619132445193,0.512106932447263,0.5595114059135383,0.5794074040314636,0.685883056530295,False,6,6,True,0.7135104339679903,fixed_n
rank_shift_dormant,13,S2,1.0,0.6296850662390894,12,0.125951790580339,10,0.6296850662390894,0.5517619132445193,0.4724519516500066,0.5595114059135383,0.32333776731804553,0.7173162208036173,True,8,7,True,0.7135104339679903,fixed_n
rank_shift_dormant,13,S2,2.0,1.2593701324781787,12,0.125951790580339,10,0.6296850662390894,0.5517619132445193,0.39314199005549394,0.5595114059135383,0.6639509642227583,0.7173162208036173,True,5,4,True,0.7135104339679903,fixed_n
rank_shift_dormant,13,S2,4.0,2.5187402649563575,12,0.125951790580339,10,0.6296850662390894,0.5517619132445193,0.23452206686646862,0.5595114059135383,0.6639509642227583,0.7173162208036173,True,5,4,True,0.7135104339679903,fixed_n
rank_shift_dormant,14,S1,0.0,0.0,12,0.13300757839672597,10,0.7252822311468666,0.7484252105397331,0.7484252105397331,0.8381820273974604,0.6653470939822159,0.6233180088427503,False,5,5,True,0.6233180088427503,fixed_n
rank_shift_dormant,14,S1,0.5,0.3626411155734333,12,0.13300757839672597,10,0.7252822311468666,0.7484252105397331,0.7001911939302236,0.8381820273974604,0.6094977519089843,0.594293824282536,False,5,5,True,0.6233180088427503,fixed_n
rank_shift_dormant,14,S1,1.0,0.7252822311468666,12,0.13300757839672597,10,0.7252822311468666,0.7484252105397331,0.6519571773207139,0.8381820273974604,0.5536484098357524,0.6225988552252019,False,5,5,True,0.6233180088427503,fixed_n
rank_shift_dormant,14,S1,2.0,1.4505644622937333,12,0.13300757839672597,10,0.7252822311468666,0.7484252105397331,0.5554891441016948,0.8381820273974604,0.7669343443576341,0.6225988552252019,True,5,4,True,0.6233180088427503,fixed_n
rank_shift_dormant,14,S1,4.0,2.9011289245874665,12,0.13300757839672597,10,0.7252822311468666,0.7484252105397331,0.3625530776636563,0.8381820273974604,0.7669343443576341,0.6225988552252019,True,5,4,True,0.6233180088427503,fixed_n
rank_shift_dormant,14,S2,0.0,0.0,12,0.13300757839672597,10,0.7252822311468666,0.7484252105397331,0.7484252105397331,0.8381820273974604,0.7043607532163805,0.6233180088427503,False,8,8,True,0.6233180088427503,fixed_n
rank_shift_dormant,14,S2,0.5,0.3626411155734333,12,0.13300757839672597,10,0.7252822311468666,0.7484252105397331,0.7001911939302236,0.8381820273974604,0.6017246949103471,0.594293824282536,False,8,8,True,0.6233180088427503,fixed_n
rank_shift_dormant,14,S2,1.0,0.7252822311468666,12,0.13300757839672597,10,0.7252822311468666,0.7484252105397331,0.6519571773207139,0.8381820273974604,0.5536484098357524,0.6225988552252019,False,5,5,True,0.6233180088427503,fixed_n
rank_shift_dormant,14,S2,2.0,1.4505644622937333,12,0.13300757839672597,10,0.7252822311468666,0.7484252105397331,0.5554891441016948,0.8381820273974604,0.7669343443576341,0.6225988552252019,True,5,4,True,0.6233180088427503,fixed_n
rank_shift_dormant,14,S2,4.0,2.9011289245874665,12,0.13300757839672597,10,0.7252822311468666,0.7484252105397331,0.3625530776636563,0.8381820273974604,0.7669343443576341,0.6225988552252019,True,5,4,True,0.6233180088427503,fixed_n
rank_shift_dormant,15,S1,0.0,0.0,12,0.11968378200419855,10,0.9034869991821064,0.8861100761251548,0.8861100761251548,0.8906439483211404,0.9197940828596766,0.8667994949259906,True,5,4,True,0.8667994949259906,fixed_n
rank_shift_dormant,15,S1,0.5,0.4517434995910532,12,0.11968378200419855,10,0.9034869991821064,0.8861100761251548,0.8320437055982854,0.8906439483211404,0.9197940828596766,0.8677217009739264,True,5,4,True,0.8667994949259906,fixed_n
rank_shift_dormant,15,S1,1.0,0.9034869991821064,12,0.11968378200419855,10,0.9034869991821064,0.8861100761251548,0.7779773350714161,0.8906439483211404,0.9197940828596766,0.8677217009739264,True,5,4,True,0.8667994949259906,fixed_n
rank_shift_dormant,15,S1,2.0,1.8069739983642128,12,0.11968378200419855,10,0.9034869991821064,0.8861100761251548,0.6698445940176774,0.8906439483211404,0.8632346129341786,0.8677217009739264,True,5,4,True,0.8667994949259906,fixed_n
rank_shift_dormant,15,S1,4.0,3.6139479967284256,12,0.11968378200419855,10,0.9034869991821064,0.8861100761251548,0.4535791119101999,0.8906439483211404,0.8632346129341786,0.8677217009739264,True,5,4,True,0.8667994949259906,fixed_n
rank_shift_dormant,15,S2,0.0,0.0,12,0.11968378200419855,10,0.9034869991821064,0.8861100761251548,0.8861100761251548,0.8906439483211404,0.8525021483373617,0.8667994949259906,True,8,7,True,0.8667994949259906,fixed_n
rank_shift_dormant,15,S2,0.5,0.4517434995910532,12,0.11968378200419855,10,0.9034869991821064,0.8861100761251548,0.8320437055982854,0.8906439483211404,0.8525021483373617,0.8677217009739264,True,8,7,True,0.8667994949259906,fixed_n
rank_shift_dormant,15,S2,1.0,0.9034869991821064,12,0.11968378200419855,10,0.9034869991821064,0.8861100761251548,0.7779773350714161,0.8906439483211404,0.8525021483373617,0.8677217009739264,True,8,7,True,0.8667994949259906,fixed_n
rank_shift_dormant,15,S2,2.0,1.8069739983642128,12,0.11968378200419855,10,0.9034869991821064,0.8861100761251548,0.6698445940176774,0.8906439483211404,0.8632346129341786,0.8677217009739264,True,5,4,True,0.8667994949259906,fixed_n
rank_shift_dormant,15,S2,4.0,3.6139479967284256,12,0.11968378200419855,10,0.9034869991821064,0.8861100761251548,0.4535791119101999,0.8906439483211404,0.8632346129341786,0.8677217009739264,True,5,4,True,0.8667994949259906,fixed_n
rank_shift_dormant,16,S1,0.0,0.0,12,0.1412888317428558,10,0.7948447533762917,0.8773467002750817,0.8773467002750817,0.8715949619987503,0.8777056371531996,0.812788795361604,False,5,5,True,0.812788795361604,fixed_n
rank_shift_dormant,16,S1,0.5,0.39742237668814584,12,0.1412888317428558,10,0.7948447533762917,0.8773467002750817,0.8211953569643444,0.8715949619987503,0.7881921565359433,0.8082364047957005,False,5,5,True,0.812788795361604,fixed_n
rank_shift_dormant,16,S1,1.0,0.7948447533762917,12,0.1412888317428558,10,0.7948447533762917,0.8773467002750817,0.7650440136536072,0.8715949619987503,0.698678675918687,0.8112872315476998,False,5,5,True,0.812788795361604,fixed_n
rank_shift_dormant,16,S1,2.0,1.5896895067525834,12,0.1412888317428558,10,0.7948447533762917,0.8773467002750817,0.6527413270321325,0.8715949619987503,0.8846141500929127,0.8112872315476998,True,5,4,True,0.812788795361604,fixed_n
rank_shift_dormant,16,S1,4.0,3.1793790135051667,12,0.1412888317428558,10,0.7948447533762917,0.8773467002750817,0.42813595378918334,0.8715949619987503,0.8846141500929127,0.8112872315476998,True,5,4,True,0.812788795361604,fixed_n
rank_shift_dormant,16,S2,0.0,0.0,12,0.1412888317428558,10,0.7948447533762917,0.8773467002750817,0.8773467002750817,0.8715949619987503,0.7159976564149563,0.812788795361604,False,5,5,True,0.812788795361604,fixed_n
rank_shift_dormant,16,S2,0.5,0.39742237668814584,12,0.1412888317428558,10,0.7948447533762917,0.8773467002750817,0.8211953569643444,0.8715949619987503,0.6420765930200791,0.8082364047957005,False,5,5,True,0.812788795361604,fixed_n
rank_shift_dormant,16,S2,1.0,0.7948447533762917,12,0.1412888317428558,10,0.7948447533762917,0.8773467002750817,0.7650440136536072,0.8715949619987503,0.6839329865798622,0.8112872315476998,True,7,6,True,0.812788795361604,fixed_n
rank_shift_dormant,16,S2,2.0,1.5896895067525834,12,0.1412888317428558,10,0.7948447533762917,0.8773467002750817,0.6527413270321325,0.8715949619987503,0.7461724936436429,0.8112872315476998,True,8,7,True,0.812788795361604,fixed_n
rank_shift_dormant,16,S2,4.0,3.1793790135051667,12,0.1412888317428558,10,0.7948447533762917,0.8773467002750817,0.42813595378918334,0.8715949619987503,0.7461724936436429,0.8112872315476998,True,8,7,True,0.812788795361604,fixed_n
rank_shift_dormant,17,S1,0.0,0.0,12,0.12171933125000103,10,1.0052113498472652,1.0351987104534444,1.0351987104534444,1.0358754392617338,1.0924947622211614,0.830828413113532,True,5,4,False,0.830828413113532,fixed_n
rank_shift_dormant,17,S1,0.5,0.5026056749236326,12,0.12171933125000103,10,1.0052113498472652,1.0351987104534444,0.9740218838192846,1.0358754392617338,1.0924947622211614,0.6256944892934163,True,5,4,False,0.830828413113532,fixed_n
rank_shift_dormant,17,S1,1.0,1.0052113498472652,12,0.12171933125000103,10,1.0052113498472652,1.0351987104534444,0.9128450571851247,1.0358754392617338,1.0924947622211614,0.289387238604377,True,5,4,False,0.830828413113532,fixed_n
rank_shift_dormant,17,S1,2.0,2.0104226996945305,12,0.12171933125000103,10,1.0052113498472652,1.0351987104534444,0.7904914039168046,1.0358754392617338,1.2460849990748712,0.7886157704420041,True,5,4,False,0.830828413113532,fixed_n
rank_shift_dormant,17,S1,4.0,4.020845399389061,12,0.12171933125000103,10,1.0052113498472652,1.0351987104534444,0.5457840973801648,1.0358754392617338,1.2460849990748712,0.7886157704420041,True,5,4,False,0.830828413113532,fixed_n
rank_shift_dormant,17,S2,0.0,0.0,12,0.12171933125000103,10,1.0052113498472652,1.0351987104534444,1.0351987104534444,1.0358754392617338,0.945253302800946,0.830828413113532,False,6,6,False,0.830828413113532,fixed_n
rank_shift_dormant,17,S2,0.5,0.5026056749236326,12,0.12171933125000103,10,1.0052113498472652,1.0351987104534444,0.9740218838192846,1.0358754392617338,0.9451483674134638,0.6256944892934163,True,7,6,False,0.830828413113532,fixed_n
rank_shift_dormant,17,S2,1.0,1.0052113498472652,12,0.12171933125000103,10,1.0052113498472652,1.0351987104534444,0.9128450571851247,1.0358754392617338,1.0924947622211614,0.289387238604377,True,5,4,False,0.830828413113532,fixed_n
rank_shift_dormant,17,S2,2.0,2.0104226996945305,12,0.12171933125000103,10,1.0052113498472652,1.0351987104534444,0.7904914039168046,1.0358754392617338,1.2460849990748712,0.7886157704420041,True,5,4,False,0.830828413113532,fixed_n
rank_shift_dormant,17,S2,4.0,4.020845399389061,12,0.12171933125000103,10,1.0052113498472652,1.0351987104534444,0.5457840973801648,1.0358754392617338,1.2460849990748712,0.7886157704420041,True,5,4,False,0.830828413113532,fixed_n
rank_shift_dormant,18,S1,0.0,0.0,12,0.11882789762666703,10,0.5661445571850029,0.6761144704146294,0.6761144704146294,0.8725050921114386,0.6377690264126588,0.7425919158368977,False,5,5,False,0.7425919158368977,fixed_n
rank_shift_dormant,18,S1,0.5,0.28307227859250145,12,0.11882789762666703,10,0.5661445571850029,0.6761144704146294,0.6424775866730924,0.8725050921114386,0.5960846006621225,0.7425919158368977,False,5,5,False,0.7425919158368977,fixed_n
rank_shift_dormant,18,S1,1.0,0.5661445571850029,12,0.11882789762666703,10,0.5661445571850029,0.6761144704146294,0.6088407029315551,0.8725050921114386,0.9032431537058127,0.7425919158368977,True,5,4,False,0.7425919158368977,fixed_n
rank_shift_dormant,18,S1,2.0,1.1322891143700058,12,0.11882789762666703,10,0.5661445571850029,0.6761144704146294,0.541566935448481,0.8725050921114386,0.9032431537058127,0.7425919158368977,True,5,4,False,0.7425919158368977,fixed_n
rank_shift_dormant,18,S1,4.0,2.2645782287400116,12,0.11882789762666703,10,0.5661445571850029,0.6761144704146294,0.40701940048233237,0.8725050921114386,0.9032431537058127,0.7425919158368977,True,5,4,False,0.7425919158368977,fixed_n
rank_shift_dormant,18,S2,0.0,0.0,12,0.11882789762666703,10,0.5661445571850029,0.6761144704146294,0.6761144704146294,0.8725050921114386,1.1076197183037153,0.7425919158368977,True,6,5,False,0.7425919158368977,fixed_n
rank_shift_dormant,18,S2,0.5,0.28307227859250145,12,0.11882789762666703,10,0.5661445571850029,0.6761144704146294,0.6424775866730924,0.8725050921114386,1.1076197183037153,0.7425919158368977,True,6,5,False,0.7425919158368977,fixed_n
rank_shift_dormant,18,S2,1.0,0.5661445571850029,12,0.11882789762666703,10,0.5661445571850029,0.6761144704146294,0.6088407029315551,0.8725050921114386,1.1076197183037153,0.7425919158368977,True,6,5,False,0.7425919158368977,fixed_n
rank_shift_dormant,18,S2,2.0,1.1322891143700058,12,0.11882789762666703,10,0.5661445571850029,0.6761144704146294,0.541566935448481,0.8725050921114386,1.1076197183037153,0.7425919158368977,True,6,5,False,0.7425919158368977,fixed_n
rank_shift_dormant,18,S2,4.0,2.2645782287400116,12,0.11882789762666703,10,0.5661445571850029,0.6761144704146294,0.40701940048233237,0.8725050921114386,1.1076197183037153,0.7425919158368977,True,6,5,False,0.7425919158368977,fixed_n
rank_shift_dormant,19,S1,0.0,0.0,12,0.1290617534907544,10,0.6381407956014125,0.5865378543446248,0.5865378543446248,0.5858295122631456,0.6213646631110512,0.7704614720420735,False,5,5,False,0.7704614720420735,fixed_n
rank_shift_dormant,19,S1,0.5,0.31907039780070623,12,0.1290617534907544,10,0.6381407956014125,0.5865378543446248,0.5453580693174731,0.5858295122631456,0.561966353566175,0.7824431984684963,False,5,5,False,0.7704614720420735,fixed_n
rank_shift_dormant,19,S1,1.0,0.6381407956014125,12,0.1290617534907544,10,0.6381407956014125,0.5865378543446248,0.5041782842903214,0.5858295122631456,0.5025680440212985,0.7824431984684963,False,5,5,False,0.7704614720420735,fixed_n
rank_shift_dormant,19,S1,2.0,1.276281591202825,12,0.1290617534907544,10,0.6381407956014125,0.5865378543446248,0.4218187142360181,0.5858295122631456,0.6231385304990618,0.7824431984684963,True,5,4,False,0.7704614720420735,fixed_n
rank_shift_dormant,19,S1,4.0,2.55256318240565,12,0.1290617534907544,10,0.6381407956014125,0.5865378543446248,0.25709957412741125,0.5858295122631456,0.28858520106778157,0.7824431984684963,True,5,4,False,0.7704614720420735,fixed_n
rank_shift_dormant,19,S2,0.0,0.0,12,0.1290617534907544,10,0.6381407956014125,0.5865378543446248,0.5865378543446248,0.5858295122631456,0.6213646631110512,0.7704614720420735,False,5,5,False,0.7704614720420735,fixed_n
rank_shift_dormant,19,S2,0.5,0.31907039780070623,12,0.1290617534907544,10,0.6381407956014125,0.5865378543446248,0.5453580693174731,0.5858295122631456,0.561966353566175,0.7824431984684963,False,5,5,False,0.7704614720420735,fixed_n
rank_shift_dormant,19,S2,1.0,0.6381407956014125,12,0.1290617534907544,10,0.6381407956014125,0.5865378543446248,0.5041782842903214,0.5858295122631456,0.5025680440212985,0.7824431984684963,False,5,5,False,0.7704614720420735,fixed_n
rank_shift_dormant,19,S2,2.0,1.276281591202825,12,0.1290617534907544,10,0.6381407956014125,0.5865378543446248,0.4218187142360181,0.5858295122631456,0.6231385304990618,0.7824431984684963,True,5,4,False,0.7704614720420735,fixed_n
rank_shift_dormant,19,S2,4.0,2.55256318240565,12,0.1290617534907544,10,0.6381407956014125,0.5865378543446248,0.25709957412741125,0.5858295122631456,0.28858520106778157,0.7824431984684963,True,5,4,False,0.7704614720420735,fixed_n
rank_shift_dormant,20,S1,0.0,0.0,12,0.11862829195595524,10,0.7416435192315172,0.9145526248000202,0.9145526248000202,1.0056684982006527,0.8874820445189717,0.8547472830691651,True,5,4,False,0.8547472830691651,fixed_n
rank_shift_dormant,20,S1,0.5,0.3708217596157586,12,0.11862829195595524,10,0.7416435192315172,0.9145526248000202,0.8705626728367009,1.0056684982006527,0.8874820445189717,0.8726379307224463,True,5,4,False,0.8547472830691651,fixed_n
rank_shift_dormant,20,S1,1.0,0.7416435192315172,12,0.11862829195595524,10,0.7416435192315172,0.9145526248000202,0.8265727208733816,1.0056684982006527,0.9605197982338357,0.8537356534594227,True,5,4,False,0.8547472830691651,fixed_n
rank_shift_dormant,20,S1,2.0,1.4832870384630343,12,0.11862829195595524,10,0.7416435192315172,0.9145526248000202,0.7385928169467432,1.0056684982006527,0.8964073910607725,0.8537356534594227,True,5,4,False,0.8547472830691651,fixed_n
rank_shift_dormant,20,S1,4.0,2.9665740769260687,12,0.11862829195595524,10,0.7416435192315172,0.9145526248000202,0.5626330090934661,1.0056684982006527,0.8964073910607725,0.8537356534594227,True,5,4,False,0.8547472830691651,fixed_n
rank_shift_dormant,20,S2,0.0,0.0,12,0.11862829195595524,10,0.7416435192315172,0.9145526248000202,0.9145526248000202,1.0056684982006527,0.9236324108724536,0.8547472830691651,True,5,4,False,0.8547472830691651,fixed_n
rank_shift_dormant,20,S2,0.5,0.3708217596157586,12,0.11862829195595524,10,0.7416435192315172,0.9145526248000202,0.8705626728367009,1.0056684982006527,0.9236324108724536,0.8726379307224463,True,5,4,False,0.8547472830691651,fixed_n
rank_shift_dormant,20,S2,1.0,0.7416435192315172,12,0.11862829195595524,10,0.7416435192315172,0.9145526248000202,0.8265727208733816,1.0056684982006527,0.9236324108724536,0.8537356534594227,True,5,4,False,0.8547472830691651,fixed_n
rank_shift_dormant,20,S2,2.0,1.4832870384630343,12,0.11862829195595524,10,0.7416435192315172,0.9145526248000202,0.7385928169467432,1.0056684982006527,0.9236324108724536,0.8537356534594227,True,5,4,False,0.8547472830691651,fixed_n
rank_shift_dormant,20,S2,4.0,2.9665740769260687,12,0.11862829195595524,10,0.7416435192315172,0.9145526248000202,0.5626330090934661,1.0056684982006527,0.9017381376624112,0.8537356534594227,True,6,5,False,0.8547472830691651,fixed_n
rank_shift_dormant,21,S1,0.0,0.0,12,0.11532579331194515,10,0.9079211459607939,0.9631826421901939,0.9631826421901939,0.9645821914016628,0.7732247954825169,0.8326071474767477,True,5,4,True,0.8326071474767477,fixed_n
rank_shift_dormant,21,S1,0.5,0.45396057298039694,12,0.11532579331194515,10,0.9079211459607939,0.9631826421901939,0.9108292789788844,0.9645821914016628,0.7732247954825169,0.8320368700668332,True,5,4,True,0.8326071474767477,fixed_n
rank_shift_dormant,21,S1,1.0,0.9079211459607939,12,0.11532579331194515,10,0.9079211459607939,0.9631826421901939,0.8584759157675752,0.9645821914016628,0.7732247954825169,0.8320368700668332,True,5,4,True,0.8326071474767477,fixed_n
rank_shift_dormant,21,S1,2.0,1.8158422919215877,12,0.11532579331194515,10,0.9079211459607939,0.9631826421901939,0.7537691893449563,0.9645821914016628,0.8889994267442282,0.8320368700668332,True,5,4,True,0.8326071474767477,fixed_n
rank_shift_dormant,21,S1,4.0,3.6316845838431755,12,0.11532579331194515,10,0.9079211459607939,0.9631826421901939,0.5443557364997184,0.9645821914016628,0.8490652034360702,0.8320368700668332,True,5,4,True,0.8326071474767477,fixed_n
rank_shift_dormant,21,S2,0.0,0.0,12,0.11532579331194515,10,0.9079211459607939,0.9631826421901939,0.9631826421901939,0.9645821914016628,0.39925932278146065,0.8326071474767477,True,8,7,True,0.8326071474767477,fixed_n
rank_shift_dormant,21,S2,0.5,0.45396057298039694,12,0.11532579331194515,10,0.9079211459607939,0.9631826421901939,0.9108292789788844,0.9645821914016628,0.7876803579782912,0.8320368700668332,True,7,6,True,0.8326071474767477,fixed_n
rank_shift_dormant,21,S2,1.0,0.9079211459607939,12,0.11532579331194515,10,0.9079211459607939,0.9631826421901939,0.8584759157675752,0.9645821914016628,0.7876803579782912,0.8320368700668332,True,7,6,True,0.8326071474767477,fixed_n
rank_shift_dormant,21,S2,2.0,1.8158422919215877,12,0.11532579331194515,10,0.9079211459607939,0.9631826421901939,0.7537691893449563,0.9645821914016628,1.254636174072804,0.8320368700668332,True,8,7,True,0.8326071474767477,fixed_n
rank_shift_dormant,21,S2,4.0,3.6316845838431755,12,0.11532579331194515,10,0.9079211459607939,0.9631826421901939,0.5443557364997184,0.9645821914016628,0.8490652034360702,0.8320368700668332,True,5,4,True,0.8326071474767477,fixed_n
rank_shift_dormant,22,S1,0.0,0.0,12,0.14154212078518918,10,0.7968080857233247,0.8962926205140589,0.8962926205140589,0.8935397611901402,0.9585896468956407,0.982711381580008,False,5,5,False,0.982711381580008,fixed_n
rank_shift_dormant,22,S1,0.5,0.39840404286166237,12,0.14154212078518918,10,0.7968080857233247,0.8962926205140589,0.8399016673580257,0.8935397611901402,0.8640783259166775,0.9748317747884432,False,5,5,False,0.982711381580008,fixed_n
rank_shift_dormant,22,S1,1.0,0.7968080857233247,12,0.14154212078518918,10,0.7968080857233247,0.8962926205140589,0.7835107142019928,0.8935397611901402,0.7695670049377146,0.9748317747884432,False,5,5,False,0.982711381580008,fixed_n
rank_shift_dormant,22,S1,2.0,1.5936161714466495,12,0.14154212078518918,10,0.7968080857233247,0.8962926205140589,0.6707288078899265,0.8935397611901402,1.1434955270986813,0.9748317747884432,True,5,4,False,0.982711381580008,fixed_n
rank_shift_dormant,22,S1,4.0,3.187232342893299,12,0.14154212078518918,10,0.7968080857233247,0.8962926205140589,0.44516499526579417,0.8935397611901402,1.1434955270986813,0.9748317747884432,True,5,4,False,0.982711381580008,fixed_n
rank_shift_dormant,22,S2,0.0,0.0,12,0.14154212078518918,10,0.7968080857233247,0.8962926205140589,0.8962926205140589,0.8935397611901402,0.9623583543306486,0.982711381580008,True,8,7,False,0.982711381580008,fixed_n
rank_shift_dormant,22,S2,0.5,0.39840404286166237,12,0.14154212078518918,10,0.7968080857233247,0.8962926205140589,0.8399016673580257,0.8935397611901402,0.9623583543306486,0.9748317747884432,True,8,7,False,0.982711381580008,fixed_n
rank_shift_dormant,22,S2,1.0,0.7968080857233247,12,0.14154212078518918,10,0.7968080857233247,0.8962926205140589,0.7835107142019928,0.8935397611901402,0.9623583543306486,0.9748317747884432,True,8,7,False,0.982711381580008,fixed_n
rank_shift_dormant,22,S2,2.0,1.5936161714466495,12,0.14154212078518918,10,0.7968080857233247,0.8962926205140589,0.6707288078899265,0.8935397611901402,1.1434955270986813,0.9748317747884432,True,5,4,False,0.982711381580008,fixed_n
rank_shift_dormant,22,S2,4.0,3.187232342893299,12,0.14154212078518918,10,0.7968080857233247,0.8962926205140589,0.44516499526579417,0.8935397611901402,1.1434955270986813,0.9748317747884432,True,5,4,False,0.982711381580008,fixed_n
rank_shift_dormant,23,S1,0.0,0.0,12,0.13095989835964011,10,0.665665955946328,0.6957646095013246,0.6957646095013246,0.6880076212820316,0.7561193828295044,0.5986222855642419,True,5,4,True,0.5986222855642419,fixed_n
rank_shift_dormant,23,S1,0.5,0.332832977973164,12,0.13095989835964011,10,0.665665955946328,0.6957646095013246,0.6521768365352225,0.6880076212820316,0.7561193828295044,0.5901980508831577,True,5,4,True,0.5986222855642419,fixed_n
rank_shift_dormant,23,S1,1.0,0.665665955946328,12,0.13095989835964011,10,0.665665955946328,0.6957646095013246,0.6085890635691207,0.6880076212820316,0.7561193828295044,0.5970154148071923,True,5,4,True,0.5986222855642419,fixed_n
rank_shift_dormant,23,S1,2.0,1.331331911892656,12,0.13095989835964011,10,0.665665955946328,0.6957646095013246,0.521413517636917,0.6880076212820316,0.7561193828295044,0.5970154148071923,True,5,4,True,0.5986222855642419,fixed_n
rank_shift_dormant,23,S1,4.0,2.662663823785312,12,0.13095989835964011,10,0.665665955946328,0.6957646095013246,0.34706242577250934,0.6880076212820316,0.7561193828295044,0.5970154148071923,True,5,4,True,0.5986222855642419,fixed_n
rank_shift_dormant,23,S2,0.0,0.0,12,0.13095989835964011,10,0.665665955946328,0.6957646095013246,0.6957646095013246,0.6880076212820316,0.8118310612437647,0.5986222855642419,False,6,6,True,0.5986222855642419,fixed_n
rank_shift_dormant,23,S2,0.5,0.332832977973164,12,0.13095989835964011,10,0.665665955946328,0.6957646095013246,0.6521768365352225,0.6880076212820316,0.8656491943814659,0.5901980508831577,True,7,6,True,0.5986222855642419,fixed_n
rank_shift_dormant,23,S2,1.0,0.665665955946328,12,0.13095989835964011,10,0.665665955946328,0.6957646095013246,0.6085890635691207,0.6880076212820316,0.8656491943814659,0.5970154148071923,True,7,6,True,0.5986222855642419,fixed_n
rank_shift_dormant,23,S2,2.0,1.331331911892656,12,0.13095989835964011,10,0.665665955946328,0.6957646095013246,0.521413517636917,0.6880076212820316,0.8656491943814659,0.5970154148071923,True,7,6,True,0.5986222855642419,fixed_n
rank_shift_dormant,23,S2,4.0,2.662663823785312,12,0.13095989835964011,10,0.665665955946328,0.6957646095013246,0.34706242577250934,0.6880076212820316,0.7561193828295044,0.5970154148071923,True,5,4,True,0.5986222855642419,fixed_n
rank_shift_dormant,24,S1,0.0,0.0,12,0.13099381454378195,10,0.8055249257737707,0.71059147477059,0.71059147477059,0.7267394506623062,0.6662933323257165,0.6282225704080531,False,5,5,False,0.6282225704080531,fixed_n
rank_shift_dormant,24,S1,0.5,0.40276246288688533,12,0.13099381454378195,10,0.8055249257737707,0.71059147477059,0.6578320834019885,0.7267394506623062,0.7106445821223842,0.6475885663063466,True,5,4,False,0.6282225704080531,fixed_n
rank_shift_dormant,24,S1,1.0,0.8055249257737707,12,0.13099381454378195,10,0.8055249257737707,0.71059147477059,0.6050726920333871,0.7267394506623062,0.7106445821223842,0.6286666308025028,True,5,4,False,0.6282225704080531,fixed_n
rank_shift_dormant,24,S1,2.0,1.6110498515475413,12,0.13099381454378195,10,0.8055249257737707,0.71059147477059,0.499553909296184,0.7267394506623062,0.6545111419560761,0.6286666308025028,True,5,4,False,0.6282225704080531,fixed_n
rank_shift_dormant,24,S1,4.0,3.2220997030950826,12,0.13099381454378195,10,0.8055249257737707,0.71059147477059,0.2885163438217779,0.7267394506623062,0.6545111419560761,0.6286666308025028,True,5,4,False,0.6282225704080531,fixed_n
rank_shift_dormant,24,S2,0.0,0.0,12,0.13099381454378195,10,0.8055249257737707,0.71059147477059,0.71059147477059,0.7267394506623062,0.8039108220971943,0.6282225704080531,False,5,5,False,0.6282225704080531,fixed_n
rank_shift_dormant,24,S2,0.5,0.40276246288688533,12,0.13099381454378195,10,0.8055249257737707,0.71059147477059,0.6578320834019885,0.7267394506623062,0.6429811337628193,0.6475885663063466,True,7,6,False,0.6282225704080531,fixed_n
rank_shift_dormant,24,S2,1.0,0.8055249257737707,12,0.13099381454378195,10,0.8055249257737707,0.71059147477059,0.6050726920333871,0.7267394506623062,0.5532911774535892,0.6286666308025028,True,8,7,False,0.6282225704080531,fixed_n
rank_shift_dormant,24,S2,2.0,1.6110498515475413,12,0.13099381454378195,10,0.8055249257737707,0.71059147477059,0.499553909296184,0.7267394506623062,0.6545111419560761,0.6286666308025028,True,5,4,False,0.6282225704080531,fixed_n
rank_shift_dormant,24,S2,4.0,3.2220997030950826,12,0.13099381454378195,10,0.8055249257737707,0.71059147477059,0.2885163438217779,0.7267394506623062,0.6545111419560761,0.6286666308025028,True,5,4,False,0.6282225704080531,fixed_n
rank_shift_dormant,25,S1,0.0,0.0,12,0.1310426897079031,10,0.7804702685493382,0.6997599570724131,0.6997599570724131,0.6596446573016589,0.7048681983439409,0.6533287310817005,False,5,5,False,0.6533287310817005,fixed_n
rank_shift_dormant,25,S1,0.5,0.3902351342746691,12,0.1310426897079031,10,0.7804702685493382,0.6997599570724131,0.6486224954585359,0.6596446573016589,0.6204830695495335,0.6302875971986341,False,5,5,False,0.6533287310817005,fixed_n
rank_shift_dormant,25,S1,1.0,0.7804702685493382,12,0.1310426897079031,10,0.7804702685493382,0.6997599570724131,0.5974850338446583,0.6596446573016589,0.5360979407551261,0.6479300060537645,False,5,5,False,0.6533287310817005,fixed_n
rank_shift_dormant,25,S1,2.0,1.5609405370986764,12,0.1310426897079031,10,0.7804702685493382,0.6997599570724131,0.4952101106169037,0.6596446573016589,0.6321292151999385,0.6479300060537645,True,5,4,False,0.6533287310817005,fixed_n
rank_shift_dormant,25,S1,4.0,3.121881074197353,12,0.1310426897079031,10,0.7804702685493382,0.6997599570724131,0.2906602641613943,0.6596446573016589,0.6321292151999385,0.6479300060537645,True,5,4,False,0.6533287310817005,fixed_n
rank_shift_dormant,25,S2,0.0,0.0,12,0.1310426897079031,10,0.7804702685493382,0.6997599570724131,0.6997599570724131,0.6596446573016589,0.6771733573316466,0.6533287310817005,True,8,7,False,0.6533287310817005,fixed_n
rank_shift_dormant,25,S2,0.5,0.3902351342746691,12,0.1310426897079031,10,0.7804702685493382,0.6997599570724131,0.6486224954585359,0.6596446573016589,0.6771733573316466,0.6302875971986341,True,8,7,False,0.6533287310817005,fixed_n
rank_shift_dormant,25,S2,1.0,0.7804702685493382,12,0.1310426897079031,10,0.7804702685493382,0.6997599570724131,0.5974850338446583,0.6596446573016589,0.6771733573316466,0.6479300060537645,True,8,7,False,0.6533287310817005,fixed_n
rank_shift_dormant,25,S2,2.0,1.5609405370986764,12,0.1310426897079031,10,0.7804702685493382,0.6997599570724131,0.4952101106169037,0.6596446573016589,0.6321292151999385,0.6479300060537645,True,5,4,False,0.6533287310817005,fixed_n
rank_shift_dormant,25,S2,4.0,3.121881074197353,12,0.1310426897079031,10,0.7804702685493382,0.6997599570724131,0.2906602641613943,0.6596446573016589,0.6321292151999385,0.6479300060537645,True,5,4,False,0.6533287310817005,fixed_n
rank_shift_dormant,26,S1,0.0,0.0,12,0.12638196649235747,10,0.9202558093163745,0.8911355799708826,0.8911355799708826,0.9030710512903605,0.9927626353094325,1.0387501173372409,False,5,5,True,1.0387501173372409,fixed_n
rank_shift_dormant,26,S1,0.5,0.46012790465818726,12,0.12638196649235747,10,0.9202558093163745,0.8911355799708826,0.8329837105421728,0.9030710512903605,0.9174709348908221,1.038554662827241,False,5,5,True,1.0387501173372409,fixed_n
rank_shift_dormant,26,S1,1.0,0.9202558093163745,12,0.12638196649235747,10,0.9202558093163745,0.8911355799708826,0.7748318411134634,0.9030710512903605,0.8421792344722118,1.038668068971557,False,5,5,True,1.0387501173372409,fixed_n
rank_shift_dormant,26,S1,2.0,1.840511618632749,12,0.12638196649235747,10,0.9202558093163745,0.8911355799708826,0.6585281022560439,0.9030710512903605,0.881629943171896,1.038668068971557,True,5,4,True,1.0387501173372409,fixed_n
rank_shift_dormant,26,S1,4.0,3.681023237265498,12,0.12638196649235747,10,0.9202558093163745,0.8911355799708826,0.42592062454120505,0.9030710512903605,0.881629943171896,1.038668068971557,True,5,4,True,1.0387501173372409,fixed_n
rank_shift_dormant,26,S2,0.0,0.0,12,0.12638196649235747,10,0.9202558093163745,0.8911355799708826,0.8911355799708826,0.9030710512903605,0.7344724072365758,1.0387501173372409,True,7,6,True,1.0387501173372409,fixed_n
rank_shift_dormant,26,S2,0.5,0.46012790465818726,12,0.12638196649235747,10,0.9202558093163745,0.8911355799708826,0.8329837105421728,0.9030710512903605,0.7344724072365758,1.038554662827241,True,7,6,True,1.0387501173372409,fixed_n
rank_shift_dormant,26,S2,1.0,0.9202558093163745,12,0.12638196649235747,10,0.9202558093163745,0.8911355799708826,0.7748318411134634,0.9030710512903605,0.7344724072365758,1.038668068971557,True,7,6,True,1.0387501173372409,fixed_n
rank_shift_dormant,26,S2,2.0,1.840511618632749,12,0.12638196649235747,10,0.9202558093163745,0.8911355799708826,0.6585281022560439,0.9030710512903605,0.7344724072365758,1.038668068971557,True,7,6,True,1.0387501173372409,fixed_n
rank_shift_dormant,26,S2,4.0,3.681023237265498,12,0.12638196649235747,10,0.9202558093163745,0.8911355799708826,0.42592062454120505,0.9030710512903605,0.3624883241237382,1.038668068971557,True,8,7,True,1.0387501173372409,fixed_n
rank_shift_dormant,27,S1,0.0,0.0,12,0.12944551792890227,10,0.9374179878260742,0.8897351209728637,0.8897351209728637,0.898832261569962,0.9173278372468155,0.9236603818937654,True,5,4,True,0.9236603818937654,fixed_n
rank_shift_dormant,27,S1,0.5,0.4687089939130371,12,0.12944551792890227,10,0.9374179878260742,0.8897351209728637,0.8290628424978559,0.898832261569962,0.9173278372468155,0.9239677494851176,True,5,4,True,0.9236603818937654,fixed_n
rank_shift_dormant,27,S1,1.0,0.9374179878260742,12,0.12944551792890227,10,0.9374179878260742,0.8897351209728637,0.7683905640228481,0.898832261569962,0.9173278372468155,0.9239677494851176,True,5,4,True,0.9236603818937654,fixed_n
rank_shift_dormant,27,S1,2.0,1.8748359756521484,12,0.12944551792890227,10,0.9374179878260742,0.8897351209728637,0.6470460070728326,0.898832261569962,0.8615131043345606,0.9239677494851176,True,5,4,True,0.9236603818937654,fixed_n
rank_shift_dormant,27,S1,4.0,3.749671951304297,12,0.12944551792890227,10,0.9374179878260742,0.8897351209728637,0.4043568931728013,0.898832261569962,0.8615131043345606,0.9239677494851176,True,5,4,True,0.9236603818937654,fixed_n
rank_shift_dormant,27,S2,0.0,0.0,12,0.12944551792890227,10,0.9374179878260742,0.8897351209728637,0.8897351209728637,0.898832261569962,0.8768255633106439,0.9236603818937654,True,6,5,True,0.9236603818937654,fixed_n
rank_shift_dormant,27,S2,0.5,0.4687089939130371,12,0.12944551792890227,10,0.9374179878260742,0.8897351209728637,0.8290628424978559,0.898832261569962,0.8768255633106439,0.9239677494851176,True,6,5,True,0.9236603818937654,fixed_n
rank_shift_dormant,27,S2,1.0,0.9374179878260742,12,0.12944551792890227,10,0.9374179878260742,0.8897351209728637,0.7683905640228481,0.898832261569962,0.8768255633106439,0.9239677494851176,True,6,5,True,0.9236603818937654,fixed_n
rank_shift_dormant,27,S2,2.0,1.8748359756521484,12,0.12944551792890227,10,0.9374179878260742,0.8897351209728637,0.6470460070728326,0.898832261569962,0.8145353826890245,0.9239677494851176,True,8,7,True,0.9236603818937654,fixed_n
rank_shift_dormant,27,S2,4.0,3.749671951304297,12,0.12944551792890227,10,0.9374179878260742,0.8897351209728637,0.4043568931728013,0.898832261569962,0.8615131043345606,0.9239677494851176,True,5,4,True,0.9236603818937654,fixed_n
rank_shift_dormant,28,S1,0.0,0.0,12,0.1100496013276061,10,0.854937131939739,0.9006954576886551,0.9006954576886551,0.9181180565531835,0.8086390823941972,0.98731626105712,False,5,5,False,0.98731626105712,fixed_n
rank_shift_dormant,28,S1,0.5,0.4274685659698695,12,0.1100496013276061,10,0.854937131939739,0.9006954576886551,0.8536527124235874,0.9181180565531835,0.6881002568451529,0.9943058139823675,False,5,5,False,0.98731626105712,fixed_n
rank_shift_dormant,28,S1,1.0,0.854937131939739,12,0.1100496013276061,10,0.854937131939739,0.9006954576886551,0.8066099671585197,0.9181180565531835,0.8131111340160994,0.9943058139823675,True,5,4,False,0.98731626105712,fixed_n
rank_shift_dormant,28,S1,2.0,1.709874263879478,12,0.1100496013276061,10,0.854937131939739,0.9006954576886551,0.7125244766283846,0.9181180565531835,0.8398195675216089,0.9943058139823675,True,5,4,False,0.98731626105712,fixed_n
rank_shift_dormant,28,S1,4.0,3.419748527758956,12,0.1100496013276061,10,0.854937131939739,0.9006954576886551,0.5243534955681142,0.9181180565531835,0.8398195675216089,0.9943058139823675,True,5,4,False,0.98731626105712,fixed_n
rank_shift_dormant,28,S2,0.0,0.0,12,0.1100496013276061,10,0.854937131939739,0.9006954576886551,0.9006954576886551,0.9181180565531835,0.8086390823941972,0.98731626105712,False,5,5,False,0.98731626105712,fixed_n
rank_shift_dormant,28,S2,0.5,0.4274685659698695,12,0.1100496013276061,10,0.854937131939739,0.9006954576886551,0.8536527124235874,0.9181180565531835,0.6881002568451529,0.9943058139823675,False,5,5,False,0.98731626105712,fixed_n
rank_shift_dormant,28,S2,1.0,0.854937131939739,12,0.1100496013276061,10,0.854937131939739,0.9006954576886551,0.8066099671585197,0.9181180565531835,0.8131111340160994,0.9943058139823675,True,5,4,False,0.98731626105712,fixed_n
rank_shift_dormant,28,S2,2.0,1.709874263879478,12,0.1100496013276061,10,0.854937131939739,0.9006954576886551,0.7125244766283846,0.9181180565531835,0.8398195675216089,0.9943058139823675,True,5,4,False,0.98731626105712,fixed_n
rank_shift_dormant,28,S2,4.0,3.419748527758956,12,0.1100496013276061,10,0.854937131939739,0.9006954576886551,0.5243534955681142,0.9181180565531835,0.8398195675216089,0.9943058139823675,True,5,4,False,0.98731626105712,fixed_n
rank_shift_dormant,29,S1,0.0,0.0,12,0.119718857197663,10,0.8054996765553777,0.897578505071156,0.897578505071156,0.9628980523123941,0.8100240939075105,0.9672383243054744,False,5,5,False,0.9672383243054744,fixed_n
rank_shift_dormant,29,S1,0.5,0.40274983827768884,12,0.119718857197663,10,0.8054996765553777,0.897578505071156,0.8493617546960074,0.9628980523123941,0.7405402591081781,0.9672383243054744,False,5,5,False,0.9672383243054744,fixed_n
rank_shift_dormant,29,S1,1.0,0.8054996765553777,12,0.119718857197663,10,0.8054996765553777,0.897578505071156,0.801145004320859,0.9628980523123941,0.6710564243088456,0.9672383243054744,False,5,5,False,0.9672383243054744,fixed_n
rank_shift_dormant,29,S1,2.0,1.6109993531107554,12,0.119718857197663,10,0.8054996765553777,0.897578505071156,0.704711503570562,0.9628980523123941,0.5320887547101805,0.9672383243054744,False,5,5,False,0.9672383243054744,fixed_n
rank_shift_dormant,29,S1,4.0,3.2219987062215107,12,0.119718857197663,10,0.8054996765553777,0.897578505071156,0.511844502069968,0.9628980523123941,1.0529605977048493,0.9672383243054744,True,5,4,False,0.9672383243054744,fixed_n
rank_shift_dormant,29,S2,0.0,0.0,12,0.119718857197663,10,0.8054996765553777,0.897578505071156,0.897578505071156,0.9628980523123941,0.8100240939075105,0.9672383243054744,False,5,5,False,0.9672383243054744,fixed_n
rank_shift_dormant,29,S2,0.5,0.40274983827768884,12,0.119718857197663,10,0.8054996765553777,0.897578505071156,0.8493617546960074,0.9628980523123941,0.7405402591081781,0.9672383243054744,False,5,5,False,0.9672383243054744,fixed_n
rank_shift_dormant,29,S2,1.0,0.8054996765553777,12,0.119718857197663,10,0.8054996765553777,0.897578505071156,0.801145004320859,0.9628980523123941,0.9315496476291882,0.9672383243054744,True,6,5,False,0.9672383243054744,fixed_n
rank_shift_dormant,29,S2,2.0,1.6109993531107554,12,0.119718857197663,10,0.8054996765553777,0.897578505071156,0.704711503570562,0.9628980523123941,0.9315496476291882,0.9672383243054744,True,6,5,False,0.9672383243054744,fixed_n
rank_shift_dormant,29,S2,4.0,3.2219987062215107,12,0.119718857197663,10,0.8054996765553777,0.897578505071156,0.511844502069968,0.9628980523123941,0.9093463781569838,0.9672383243054744,True,7,6,False,0.9672383243054744,fixed_n
rank_shift_dormant,30,S1,0.0,0.0,12,0.1506320018644153,10,0.7451039619604753,0.7011383916885229,0.7011383916885229,0.7150396703879393,0.6277101889191857,0.7213786260504225,True,5,4,True,0.7213786260504225,fixed_n
rank_shift_dormant,30,S1,0.5,0.3725519809802377,12,0.1506320018644153,10,0.7451039619604753,0.7011383916885229,0.6450201409949159,0.7150396703879393,0.6277101889191857,0.7260069778880397,True,5,4,True,0.7213786260504225,fixed_n
rank_shift_dormant,30,S1,1.0,0.7451039619604753,12,0.1506320018644153,10,0.7451039619604753,0.7011383916885229,0.5889018903013092,0.7150396703879393,0.6277101889191857,0.721800847542207,True,5,4,True,0.7213786260504225,fixed_n
rank_shift_dormant,30,S1,2.0,1.4902079239209507,12,0.1506320018644153,10,0.7451039619604753,0.7011383916885229,0.4766653889140956,0.7150396703879393,0.6277101889191857,0.721800847542207,True,5,4,True,0.7213786260504225,fixed_n
rank_shift_dormant,30,S1,4.0,2.9804158478419014,12,0.1506320018644153,10,0.7451039619604753,0.7011383916885229,0.25219238613966855,0.7150396703879393,0.6720654827431253,0.721800847542207,True,5,4,True,0.7213786260504225,fixed_n
rank_shift_dormant,30,S2,0.0,0.0,12,0.1506320018644153,10,0.7451039619604753,0.7011383916885229,0.7011383916885229,0.7150396703879393,0.761002516808867,0.7213786260504225,True,6,5,True,0.7213786260504225,fixed_n
rank_shift_dormant,30,S2,0.5,0.3725519809802377,12,0.1506320018644153,10,0.7451039619604753,0.7011383916885229,0.6450201409949159,0.7150396703879393,0.761002516808867,0.7260069778880397,True,6,5,True,0.7213786260504225,fixed_n
rank_shift_dormant,30,S2,1.0,0.7451039619604753,12,0.1506320018644153,10,0.7451039619604753,0.7011383916885229,0.5889018903013092,0.7150396703879393,0.761002516808867,0.721800847542207,True,6,5,True,0.7213786260504225,fixed_n
rank_shift_dormant,30,S2,2.0,1.4902079239209507,12,0.1506320018644153,10,0.7451039619604753,0.7011383916885229,0.4766653889140956,0.7150396703879393,0.7047488766501088,0.721800847542207,True,8,7,True,0.7213786260504225,fixed_n
rank_shift_dormant,30,S2,4.0,2.9804158478419014,12,0.1506320018644153,10,0.7451039619604753,0.7011383916885229,0.25219238613966855,0.7150396703879393,0.7047488766501088,0.721800847542207,True,8,7,True,0.7213786260504225,fixed_n
rank_shift_dormant,31,S1,0.0,0.0,12,0.12609433246086044,10,0.6599236488471591,0.7108680224776629,0.7108680224776629,0.7006708649497007,0.5165058789084175,0.6174777164619777,True,5,4,True,0.6174777164619777,fixed_n
rank_shift_dormant,31,S1,0.5,0.3299618244235796,12,0.12609433246086044,10,0.6599236488471591,0.7108680224776629,0.6692617064894041,0.7006708649497007,0.5165058789084175,0.561284300195233,True,5,4,True,0.6174777164619777,fixed_n
rank_shift_dormant,31,S1,1.0,0.6599236488471591,12,0.12609433246086044,10,0.6599236488471591,0.7108680224776629,0.6276553905011452,0.7006708649497007,0.5165058789084175,0.5148667086578342,True,5,4,True,0.6174777164619777,fixed_n
rank_shift_dormant,31,S1,2.0,1.3198472976943183,12,0.12609433246086044,10,0.6599236488471591,0.7108680224776629,0.5444427585246273,0.7006708649497007,0.5165058789084175,0.5148667086578342,True,5,4,True,0.6174777164619777,fixed_n
rank_shift_dormant,31,S1,4.0,2.6396945953886366,12,0.12609433246086044,10,0.6599236488471591,0.7108680224776629,0.3780174945715916,0.7006708649497007,0.39802071393576116,0.46515995752412664,True,5,4,True,0.6174777164619777,fixed_n
rank_shift_dormant,31,S2,0.0,0.0,12,0.12609433246086044,10,0.6599236488471591,0.7108680224776629,0.7108680224776629,0.7006708649497007,0.5734636682185624,0.6174777164619777,True,8,7,True,0.6174777164619777,fixed_n
rank_shift_dormant,31,S2,0.5,0.3299618244235796,12,0.12609433246086044,10,0.6599236488471591,0.7108680224776629,0.6692617064894041,0.7006708649497007,0.5734636682185624,0.561284300195233,True,8,7,True,0.6174777164619777,fixed_n
rank_shift_dormant,31,S2,1.0,0.6599236488471591,12,0.12609433246086044,10,0.6599236488471591,0.7108680224776629,0.6276553905011452,0.7006708649497007,0.5734636682185624,0.5148667086578342,True,8,7,True,0.6174777164619777,fixed_n
rank_shift_dormant,31,S2,2.0,1.3198472976943183,12,0.12609433246086044,10,0.6599236488471591,0.7108680224776629,0.5444427585246273,0.7006708649497007,0.5734636682185624,0.5148667086578342,True,8,7,True,0.6174777164619777,fixed_n
rank_shift_dormant,31,S2,4.0,2.6396945953886366,12,0.12609433246086044,10,0.6599236488471591,0.7108680224776629,0.3780174945715916,0.7006708649497007,0.1382257571127143,0.46515995752412664,True,8,7,True,0.6174777164619777,fixed_n
rank_shift_dormant,32,S1,0.0,0.0,12,0.12506981220472313,10,1.0665055808980157,0.9923046844342158,0.9923046844342158,1.0127796856657816,0.9857579789062356,1.0299825931983861,True,5,4,True,1.0299825931983861,fixed_n
rank_shift_dormant,32,S1,0.5,0.5332527904490079,12,0.12506981220472313,10,1.0665055808980157,0.9923046844342158,0.9256108580751139,1.0127796856657816,0.9857579789062356,1.0344622834857293,True,5,4,True,1.0299825931983861,fixed_n
rank_shift_dormant,32,S1,1.0,1.0665055808980157,12,0.12506981220472313,10,1.0665055808980157,0.9923046844342158,0.858917031716012,1.0127796856657816,1.0352062533333433,1.0344622834857293,True,5,4,True,1.0299825931983861,fixed_n
rank_shift_dormant,32,S1,2.0,2.1330111617960315,12,0.12506981220472313,10,1.0665055808980157,0.9923046844342158,0.7255293789978079,1.0127796856657816,1.074341634169961,1.0344622834857293,True,5,4,True,1.0299825931983861,fixed_n
rank_shift_dormant,32,S1,4.0,4.266022323592063,12,0.12506981220472313,10,1.0665055808980157,0.9923046844342158,0.4587540735614001,1.0127796856657816,1.0555700285135357,1.0344622834857293,True,5,4,True,1.0299825931983861,fixed_n
rank_shift_dormant,32,S2,0.0,0.0,12,0.12506981220472313,10,1.0665055808980157,0.9923046844342158,0.9923046844342158,1.0127796856657816,1.0555700285135357,1.0299825931983861,True,5,4,True,1.0299825931983861,fixed_n
rank_shift_dormant,32,S2,0.5,0.5332527904490079,12,0.12506981220472313,10,1.0665055808980157,0.9923046844342158,0.9256108580751139,1.0127796856657816,1.0555700285135357,1.0344622834857293,True,5,4,True,1.0299825931983861,fixed_n
rank_shift_dormant,32,S2,1.0,1.0665055808980157,12,0.12506981220472313,10,1.0665055808980157,0.9923046844342158,0.858917031716012,1.0127796856657816,1.0821201936488547,1.0344622834857293,True,6,5,True,1.0299825931983861,fixed_n
rank_shift_dormant,32,S2,2.0,2.1330111617960315,12,0.12506981220472313,10,1.0665055808980157,0.9923046844342158,0.7255293789978079,1.0127796856657816,1.0821201936488547,1.0344622834857293,True,6,5,True,1.0299825931983861,fixed_n
rank_shift_dormant,32,S2,4.0,4.266022323592063,12,0.12506981220472313,10,1.0665055808980157,0.9923046844342158,0.4587540735614001,1.0127796856657816,1.0592765099825503,1.0344622834857293,True,8,7,True,1.0299825931983861,fixed_n
rank_shift_dormant,33,S1,0.0,0.0,12,0.16232430813454302,10,0.8686953164627023,0.8357443200537265,0.8357443200537265,0.8784650331730374,0.7791596518868933,0.5521325719526237,True,5,4,False,0.5521325719526237,fixed_n
rank_shift_dormant,33,S1,0.5,0.43434765823135113,12,0.16232430813454302,10,0.8686953164627023,0.8357443200537265,0.7652391369414635,0.8784650331730374,0.7791596518868933,0.46911064624809595,True,5,4,False,0.5521325719526237,fixed_n
rank_shift_dormant,33,S1,1.0,0.8686953164627023,12,0.16232430813454302,10,0.8686953164627023,0.8357443200537265,0.6947339538292006,0.8784650331730374,0.7740180879284699,0.5021429473052321,True,5,4,False,0.5521325719526237,fixed_n
rank_shift_dormant,33,S1,2.0,1.7373906329254045,12,0.16232430813454302,10,0.8686953164627023,0.8357443200537265,0.5537235876046743,0.8784650331730374,0.7740180879284699,0.5435586418805892,True,5,4,False,0.5521325719526237,fixed_n
rank_shift_dormant,33,S1,4.0,3.474781265850809,12,0.16232430813454302,10,0.8686953164627023,0.8357443200537265,0.2717028551556224,0.8784650331730374,0.7431168004811953,0.5435586418805892,True,5,4,False,0.5521325719526237,fixed_n
rank_shift_dormant,33,S2,0.0,0.0,12,0.16232430813454302,10,0.8686953164627023,0.8357443200537265,0.8357443200537265,0.8784650331730374,0.7791596518868933,0.5521325719526237,True,5,4,False,0.5521325719526237,fixed_n
rank_shift_dormant,33,S2,0.5,0.43434765823135113,12,0.16232430813454302,10,0.8686953164627023,0.8357443200537265,0.7652391369414635,0.8784650331730374,0.5337992160486205,0.46911064624809595,True,8,7,False,0.5521325719526237,fixed_n
rank_shift_dormant,33,S2,1.0,0.8686953164627023,12,0.16232430813454302,10,0.8686953164627023,0.8357443200537265,0.6947339538292006,0.8784650331730374,0.5337992160486205,0.5021429473052321,True,8,7,False,0.5521325719526237,fixed_n
rank_shift_dormant,33,S2,2.0,1.7373906329254045,12,0.16232430813454302,10,0.8686953164627023,0.8357443200537265,0.5537235876046743,0.8784650331730374,0.7740180879284699,0.5435586418805892,True,5,4,False,0.5521325719526237,fixed_n
rank_shift_dormant,33,S2,4.0,3.474781265850809,12,0.16232430813454302,10,0.8686953164627023,0.8357443200537265,0.2717028551556224,0.8784650331730374,0.7431168004811953,0.5435586418805892,True,5,4,False,0.5521325719526237,fixed_n
rank_shift_dormant,34,S1,0.0,0.0,12,0.12246119233079802,10,0.5773208983931817,0.485801260937959,0.485801260937959,0.4958946164533895,0.4410369910254223,0.4782598638342599,True,5,4,False,0.4782598638342599,fixed_n
rank_shift_dormant,34,S1,0.5,0.28866044919659084,12,0.12246119233079802,10,0.5773208983931817,0.485801260937959,0.4504515581506007,0.4958946164533895,0.4410369910254223,0.4824808623985234,True,5,4,False,0.4782598638342599,fixed_n
rank_shift_dormant,34,S1,1.0,0.5773208983931817,12,0.12246119233079802,10,0.5773208983931817,0.485801260937959,0.4151018553632425,0.4958946164533895,0.4410369910254223,0.4785532073108497,True,5,4,False,0.4782598638342599,fixed_n
rank_shift_dormant,34,S1,2.0,1.1546417967863634,12,0.12246119233079802,10,0.5773208983931817,0.485801260937959,0.344402449788526,0.4958946164533895,0.4410369910254223,0.4785532073108497,True,5,4,False,0.4782598638342599,fixed_n
rank_shift_dormant,34,S1,4.0,2.3092835935727267,12,0.12246119233079802,10,0.5773208983931817,0.485801260937959,0.20300363863909293,0.4958946164533895,0.43638188956768087,0.4785532073108497,True,5,4,False,0.4782598638342599,fixed_n
rank_shift_dormant,34,S2,0.0,0.0,12,0.12246119233079802,10,0.5773208983931817,0.485801260937959,0.485801260937959,0.4958946164533895,0.6857358406778497,0.4782598638342599,True,8,7,False,0.4782598638342599,fixed_n
rank_shift_dormant,34,S2,0.5,0.28866044919659084,12,0.12246119233079802,10,0.5773208983931817,0.485801260937959,0.4504515581506007,0.4958946164533895,0.6857358406778497,0.4824808623985234,True,8,7,False,0.4782598638342599,fixed_n
rank_shift_dormant,34,S2,1.0,0.5773208983931817,12,0.12246119233079802,10,0.5773208983931817,0.485801260937959,0.4151018553632425,0.4958946164533895,0.7527109327058984,0.4785532073108497,True,7,6,False,0.4782598638342599,fixed_n
rank_shift_dormant,34,S2,2.0,1.1546417967863634,12,0.12246119233079802,10,0.5773208983931817,0.485801260937959,0.344402449788526,0.4958946164533895,0.7836573262812109,0.4785532073108497,True,8,7,False,0.4782598638342599,fixed_n
rank_shift_dormant,34,S2,4.0,2.3092835935727267,12,0.12246119233079802,10,0.5773208983931817,0.485801260937959,0.20300363863909293,0.4958946164533895,0.43638188956768087,0.4785532073108497,True,5,4,False,0.4782598638342599,fixed_n
rank_shift_dormant,35,S1,0.0,0.0,12,0.1264276413367293,10,0.823019781736986,0.7928173437433791,0.7928173437433791,0.7846368956686829,0.8038063665860596,0.7892420137475554,True,5,4,True,0.7892420137475554,fixed_n
rank_shift_dormant,35,S1,0.5,0.411509890868493,12,0.1264276413367293,10,0.823019781736986,0.7928173437433791,0.7407911188541405,0.7846368956686829,0.8038063665860596,0.7602931646072938,True,5,4,True,0.7892420137475554,fixed_n
rank_shift_dormant,35,S1,1.0,0.823019781736986,12,0.1264276413367293,10,0.823019781736986,0.7928173437433791,0.6887648939649021,0.7846368956686829,0.8038063665860596,0.7870576913914425,True,5,4,True,0.7892420137475554,fixed_n
rank_shift_dormant,35,S1,2.0,1.646039563473972,12,0.1264276413367293,10,0.823019781736986,0.7928173437433791,0.5847124441864253,0.7846368956686829,0.49856676571075365,0.7870576913914425,True,5,4,True,0.7892420137475554,fixed_n
rank_shift_dormant,35,S1,4.0,3.292079126947944,12,0.1264276413367293,10,0.823019781736986,0.7928173437433791,0.37660754462947155,0.7846368956686829,0.49856676571075365,0.7870576913914425,True,5,4,True,0.7892420137475554,fixed_n
rank_shift_dormant,35,S2,0.0,0.0,12,0.1264276413367293,10,0.823019781736986,0.7928173437433791,0.7928173437433791,0.7846368956686829,0.6368689191416981,0.7892420137475554,True,8,7,True,0.7892420137475554,fixed_n
rank_shift_dormant,35,S2,0.5,0.411509890868493,12,0.1264276413367293,10,0.823019781736986,0.7928173437433791,0.7407911188541405,0.7846368956686829,0.6368689191416981,0.7602931646072938,True,8,7,True,0.7892420137475554,fixed_n
rank_shift_dormant,35,S2,1.0,0.823019781736986,12,0.1264276413367293,10,0.823019781736986,0.7928173437433791,0.6887648939649021,0.7846368956686829,0.6368689191416981,0.7870576913914425,True,8,7,True,0.7892420137475554,fixed_n
rank_shift_dormant,35,S2,2.0,1.646039563473972,12,0.1264276413367293,10,0.823019781736986,0.7928173437433791,0.5847124441864253,0.7846368956686829,0.49856676571075365,0.7870576913914425,True,5,4,True,0.7892420137475554,fixed_n
rank_shift_dormant,35,S2,4.0,3.292079126947944,12,0.1264276413367293,10,0.823019781736986,0.7928173437433791,0.37660754462947155,0.7846368956686829,0.49856676571075365,0.7870576913914425,True,5,4,True,0.7892420137475554,fixed_n
rank_shift_dormant,36,S1,0.0,0.0,12,0.129526944000511,10,0.7086105792991604,0.705242984072264,0.705242984072264,0.6896560255582862,0.66407477085406,0.7174571268203649,True,5,4,True,0.7174571268203649,fixed_n
rank_shift_dormant,36,S1,0.5,0.3543052896495802,12,0.129526944000511,10,0.7086105792991604,0.705242984072264,0.6593509026607383,0.6896560255582862,0.66407477085406,0.7182882983903573,True,5,4,True,0.7174571268203649,fixed_n
rank_shift_dormant,36,S1,1.0,0.7086105792991604,12,0.129526944000511,10,0.7086105792991604,0.705242984072264,0.613458821249212,0.6896560255582862,0.66407477085406,0.7178787756956689,True,5,4,True,0.7174571268203649,fixed_n
rank_shift_dormant,36,S1,2.0,1.4172211585983208,12,0.129526944000511,10,0.7086105792991604,0.705242984072264,0.5216746584261601,0.6896560255582862,0.66407477085406,0.7178787756956689,True,5,4,True,0.7174571268203649,fixed_n
rank_shift_dormant,36,S1,4.0,2.8344423171966415,12,0.129526944000511,10,0.7086105792991604,0.705242984072264,0.3381063327800561,0.6896560255582862,0.6857502994013516,0.7178787756956689,True,5,4,True,0.7174571268203649,fixed_n
rank_shift_dormant,36,S2,0.0,0.0,12,0.129526944000511,10,0.7086105792991604,0.705242984072264,0.705242984072264,0.6896560255582862,0.66407477085406,0.7174571268203649,True,5,4,True,0.7174571268203649,fixed_n
rank_shift_dormant,36,S2,0.5,0.3543052896495802,12,0.129526944000511,10,0.7086105792991604,0.705242984072264,0.6593509026607383,0.6896560255582862,0.66407477085406,0.7182882983903573,True,5,4,True,0.7174571268203649,fixed_n
rank_shift_dormant,36,S2,1.0,0.7086105792991604,12,0.129526944000511,10,0.7086105792991604,0.705242984072264,0.613458821249212,0.6896560255582862,0.66407477085406,0.7178787756956689,True,5,4,True,0.7174571268203649,fixed_n
rank_shift_dormant,36,S2,2.0,1.4172211585983208,12,0.129526944000511,10,0.7086105792991604,0.705242984072264,0.5216746584261601,0.6896560255582862,0.6701484998317419,0.7178787756956689,True,6,5,True,0.7174571268203649,fixed_n
rank_shift_dormant,36,S2,4.0,2.8344423171966415,12,0.129526944000511,10,0.7086105792991604,0.705242984072264,0.3381063327800561,0.6896560255582862,0.6701484998317419,0.7178787756956689,True,6,5,True,0.7174571268203649,fixed_n
rank_shift_dormant,37,S1,0.0,0.0,12,0.13261015879749122,10,0.8062039745801803,0.746252995670769,0.746252995670769,0.7495046173863393,0.7760441259011196,0.8058377068539485,True,5,4,True,0.8058377068539485,fixed_n
rank_shift_dormant,37,S1,0.5,0.40310198729009017,12,0.13261015879749122,10,0.8062039745801803,0.746252995670769,0.6927975771246457,0.7495046173863393,0.7760441259011196,0.8052463778721175,True,5,4,True,0.8058377068539485,fixed_n
rank_shift_dormant,37,S1,1.0,0.8062039745801803,12,0.13261015879749122,10,0.8062039745801803,0.746252995670769,0.6393421585785226,0.7495046173863393,0.7760441259011196,0.8052463778721175,True,5,4,True,0.8058377068539485,fixed_n
rank_shift_dormant,37,S1,2.0,1.6124079491603607,12,0.13261015879749122,10,0.8062039745801803,0.746252995670769,0.5324313214862764,0.7495046173863393,0.6823641324678307,0.8052463778721175,True,5,4,True,0.8058377068539485,fixed_n
rank_shift_dormant,37,S1,4.0,3.2248158983207214,12,0.13261015879749122,10,0.8062039745801803,0.746252995670769,0.31860964730178387,0.7495046173863393,0.6823641324678307,0.8052463778721175,True,5,4,True,0.8058377068539485,fixed_n
rank_shift_dormant,37,S2,0.0,0.0,12,0.13261015879749122,10,0.8062039745801803,0.746252995670769,0.746252995670769,0.7495046173863393,0.7760441259011196,0.8058377068539485,True,5,4,True,0.8058377068539485,fixed_n
rank_shift_dormant,37,S2,0.5,0.40310198729009017,12,0.13261015879749122,10,0.8062039745801803,0.746252995670769,0.6927975771246457,0.7495046173863393,0.7760441259011196,0.8052463778721175,True,5,4,True,0.8058377068539485,fixed_n
rank_shift_dormant,37,S2,1.0,0.8062039745801803,12,0.13261015879749122,10,0.8062039745801803,0.746252995670769,0.6393421585785226,0.7495046173863393,0.7760441259011196,0.8052463778721175,True,5,4,True,0.8058377068539485,fixed_n
rank_shift_dormant,37,S2,2.0,1.6124079491603607,12,0.13261015879749122,10,0.8062039745801803,0.746252995670769,0.5324313214862764,0.7495046173863393,0.6823641324678307,0.8052463778721175,True,5,4,True,0.8058377068539485,fixed_n
rank_shift_dormant,37,S2,4.0,3.2248158983207214,12,0.13261015879749122,10,0.8062039745801803,0.746252995670769,0.31860964730178387,0.7495046173863393,0.6823641324678307,0.8052463778721175,True,5,4,True,0.8058377068539485,fixed_n
rank_shift_dormant,38,S1,0.0,0.0,12,0.14189159872158263,10,0.8638221131666317,0.8963909848651216,0.8963909848651216,0.9840516116511925,1.0676945830288576,0.8574549617055314,True,5,4,True,0.8574549617055314,fixed_n
rank_shift_dormant,38,S1,0.5,0.43191105658331586,12,0.14189159872158263,10,0.8638221131666317,0.8963909848651216,0.8351064345409871,0.9840516116511925,1.0676945830288576,0.8543504079384722,True,5,4,True,0.8574549617055314,fixed_n
rank_shift_dormant,38,S1,1.0,0.8638221131666317,12,0.14189159872158263,10,0.8638221131666317,0.8963909848651216,0.7738218842168524,0.9840516116511925,1.0676945830288576,0.8622847210358586,True,5,4,True,0.8574549617055314,fixed_n
rank_shift_dormant,38,S1,2.0,1.7276442263332634,12,0.14189159872158263,10,0.8638221131666317,0.8963909848651216,0.6512527835685831,0.9840516116511925,1.0676945830288576,0.8622847210358586,True,5,4,True,0.8574549617055314,fixed_n
rank_shift_dormant,38,S1,4.0,3.455288452666527,12,0.14189159872158263,10,0.8638221131666317,0.8963909848651216,0.4061145822720446,0.9840516116511925,1.0042986551410176,0.8622847210358586,True,5,4,True,0.8574549617055314,fixed_n
rank_shift_dormant,38,S2,0.0,0.0,12,0.14189159872158263,10,0.8638221131666317,0.8963909848651216,0.8963909848651216,0.9840516116511925,0.8976128399809372,0.8574549617055314,True,5,4,True,0.8574549617055314,fixed_n
rank_shift_dormant,38,S2,0.5,0.43191105658331586,12,0.14189159872158263,10,0.8638221131666317,0.8963909848651216,0.8351064345409871,0.9840516116511925,0.8976128399809372,0.8543504079384722,True,5,4,True,0.8574549617055314,fixed_n
rank_shift_dormant,38,S2,1.0,0.8638221131666317,12,0.14189159872158263,10,0.8638221131666317,0.8963909848651216,0.7738218842168524,0.9840516116511925,0.9580180336918364,0.8622847210358586,True,6,5,True,0.8574549617055314,fixed_n
rank_shift_dormant,38,S2,2.0,1.7276442263332634,12,0.14189159872158263,10,0.8638221131666317,0.8963909848651216,0.6512527835685831,0.9840516116511925,0.8904350324974795,0.8622847210358586,True,7,6,True,0.8574549617055314,fixed_n
rank_shift_dormant,38,S2,4.0,3.455288452666527,12,0.14189159872158263,10,0.8638221131666317,0.8963909848651216,0.4061145822720446,0.9840516116511925,1.0042986551410176,0.8622847210358586,True,5,4,True,0.8574549617055314,fixed_n
rank_shift_dormant,39,S1,0.0,0.0,12,0.11955997333962887,10,0.7759146855722885,0.7961365926469764,0.7961365926469764,0.7096001322922716,0.7248817162231375,0.810460202993247,True,5,4,True,0.810460202993247,fixed_n
rank_shift_dormant,39,S1,0.5,0.38795734278614424,12,0.11955997333962887,10,0.7759146855722885,0.7961365926469764,0.7497524230865518,0.7096001322922716,0.7248817162231375,0.8025434138387638,True,5,4,True,0.810460202993247,fixed_n
rank_shift_dormant,39,S1,1.0,0.7759146855722885,12,0.11955997333962887,10,0.7759146855722885,0.7961365926469764,0.7033682535261271,0.7096001322922716,0.7248817162231375,0.7946266246842806,True,5,4,True,0.810460202993247,fixed_n
rank_shift_dormant,39,S1,2.0,1.551829371144577,12,0.11955997333962887,10,0.7759146855722885,0.7961365926469764,0.6105999144052777,0.7096001322922716,0.7248817162231375,0.8033283709547611,True,5,4,True,0.810460202993247,fixed_n
rank_shift_dormant,39,S1,4.0,3.103658742289154,12,0.11955997333962887,10,0.7759146855722885,0.7961365926469764,0.4250632361635791,0.7096001322922716,0.7248817162231375,0.8033283709547611,True,5,4,True,0.810460202993247,fixed_n
rank_shift_dormant,39,S2,0.0,0.0,12,0.11955997333962887,10,0.7759146855722885,0.7961365926469764,0.7961365926469764,0.7096001322922716,0.6125193799592425,0.810460202993247,True,6,5,True,0.810460202993247,fixed_n
rank_shift_dormant,39,S2,0.5,0.38795734278614424,12,0.11955997333962887,10,0.7759146855722885,0.7961365926469764,0.7497524230865518,0.7096001322922716,0.6125193799592425,0.8025434138387638,True,6,5,True,0.810460202993247,fixed_n
rank_shift_dormant,39,S2,1.0,0.7759146855722885,12,0.11955997333962887,10,0.7759146855722885,0.7961365926469764,0.7033682535261271,0.7096001322922716,0.8599135371378338,0.7946266246842806,True,7,6,True,0.810460202993247,fixed_n
rank_shift_dormant,39,S2,2.0,1.551829371144577,12,0.11955997333962887,10,0.7759146855722885,0.7961365926469764,0.6105999144052777,0.7096001322922716,0.8599135371378338,0.8033283709547611,True,7,6,True,0.810460202993247,fixed_n
rank_shift_dormant,39,S2,4.0,3.103658742289154,12,0.11955997333962887,10,0.7759146855722885,0.7961365926469764,0.4250632361635791,0.7096001322922716,0.7248817162231375,0.8033283709547611,True,5,4,True,0.810460202993247,fixed_n
fdid_ar1_rho.7,0,S1,0.0,0.0,21,0.0716655227886282,18,2.578206904871588,2.458641634372552,2.458641634372552,2.4103948056004967,3.1520592629663646,0.03831493016660725,True,9,8,False,0.03831493016660725,large_n
fdid_ar1_rho.7,0,S1,0.5,1.289103452435794,21,0.0716655227886282,18,2.578206904871588,2.458641634372552,2.3662573615251152,2.4103948056004967,2.359437391239086,0.038314930374649725,True,9,8,False,0.03831493016660725,large_n
fdid_ar1_rho.7,0,S1,1.0,2.578206904871588,21,0.0716655227886282,18,2.578206904871588,2.458641634372552,2.2738730886776786,2.4103948056004967,2.359437391239086,0.03463232483584289,True,9,8,False,0.03831493016660725,large_n
fdid_ar1_rho.7,0,S1,2.0,5.156413809743176,21,0.0716655227886282,18,2.578206904871588,2.458641634372552,2.0891045429828052,2.4103948056004967,2.214385737563778,0.02734761329813251,True,9,8,False,0.03831493016660725,large_n
fdid_ar1_rho.7,0,S1,4.0,10.312827619486352,21,0.0716655227886282,18,2.578206904871588,2.458641634372552,1.7195674515930583,2.4103948056004967,2.2258328342242417,0.027347613259919967,True,9,8,False,0.03831493016660725,large_n
fdid_ar1_rho.7,0,S2,0.0,0.0,21,0.0716655227886282,18,2.578206904871588,2.458641634372552,2.458641634372552,2.4103948056004967,2.404199325686705,0.03831493016660725,True,2,1,False,0.03831493016660725,large_n
fdid_ar1_rho.7,0,S2,0.5,1.289103452435794,21,0.0716655227886282,18,2.578206904871588,2.458641634372552,2.3662573615251152,2.4103948056004967,2.3484906302279587,0.038314930374649725,True,3,2,False,0.03831493016660725,large_n
fdid_ar1_rho.7,0,S2,1.0,2.578206904871588,21,0.0716655227886282,18,2.578206904871588,2.458641634372552,2.2738730886776786,2.4103948056004967,2.3432214035141303,0.03463232483584289,True,4,3,False,0.03831493016660725,large_n
fdid_ar1_rho.7,0,S2,2.0,5.156413809743176,21,0.0716655227886282,18,2.578206904871588,2.458641634372552,2.0891045429828052,2.4103948056004967,2.284245003112025,0.02734761329813251,True,6,5,False,0.03831493016660725,large_n
fdid_ar1_rho.7,0,S2,4.0,10.312827619486352,21,0.0716655227886282,18,2.578206904871588,2.458641634372552,1.7195674515930583,2.4103948056004967,2.1902417475050093,0.027347613259919967,True,8,7,False,0.03831493016660725,large_n
fdid_ar1_rho.7,1,S1,0.0,0.0,21,0.08906756154988035,18,1.9932569214463562,2.0323489410714406,2.0323489410714406,2.0743644262927283,2.0096394974826137,1.9140006597861319,False,9,9,True,1.9140006597861319,large_n
fdid_ar1_rho.7,1,S1,0.5,0.9966284607231781,21,0.08906756154988035,18,1.9932569214463562,2.0323489410714406,1.943581674303616,2.0743644262927283,1.9208722307147892,1.8072346119523663,False,9,9,True,1.9140006597861319,large_n
fdid_ar1_rho.7,1,S1,1.0,1.9932569214463562,21,0.08906756154988035,18,1.9932569214463562,2.0323489410714406,1.8548144075357915,2.0743644262927283,2.06252027178307,1.7482613182077043,True,9,8,True,1.9140006597861319,large_n
fdid_ar1_rho.7,1,S1,2.0,3.9865138428927125,21,0.08906756154988035,18,1.9932569214463562,2.0323489410714406,1.6772798740001433,2.0743644262927283,2.0219681303577364,1.7482613039618735,True,9,8,True,1.9140006597861319,large_n
fdid_ar1_rho.7,1,S1,4.0,7.973027685785425,21,0.08906756154988035,18,1.9932569214463562,2.0323489410714406,1.3222108069288465,2.0743644262927283,1.897792818348469,1.7482613495351944,True,9,8,True,1.9140006597861319,large_n
fdid_ar1_rho.7,1,S2,0.0,0.0,21,0.08906756154988035,18,1.9932569214463562,2.0323489410714406,2.0323489410714406,2.0743644262927283,2.0323489410714406,1.9140006597861319,False,0,0,True,1.9140006597861319,large_n
fdid_ar1_rho.7,1,S2,0.5,0.9966284607231781,21,0.08906756154988035,18,1.9932569214463562,2.0323489410714406,1.943581674303616,2.0743644262927283,2.0743644262927283,1.8072346119523663,True,1,0,True,1.9140006597861319,large_n
fdid_ar1_rho.7,1,S2,1.0,1.9932569214463562,21,0.08906756154988035,18,1.9932569214463562,2.0323489410714406,1.8548144075357915,2.0743644262927283,2.0743644262927283,1.7482613182077043,True,1,0,True,1.9140006597861319,large_n
fdid_ar1_rho.7,1,S2,2.0,3.9865138428927125,21,0.08906756154988035,18,1.9932569214463562,2.0323489410714406,1.6772798740001433,2.0743644262927283,2.0743644262927283,1.7482613039618735,True,1,0,True,1.9140006597861319,large_n
fdid_ar1_rho.7,1,S2,4.0,7.973027685785425,21,0.08906756154988035,18,1.9932569214463562,2.0323489410714406,1.3222108069288465,2.0743644262927283,2.0443207551381364,1.7482613495351944,True,2,1,True,1.9140006597861319,large_n
fdid_ar1_rho.7,2,S1,0.0,0.0,21,0.08001784028833947,18,2.9018002242524807,3.157861939863608,3.157861939863608,3.1729138783977153,3.022984614926768,2.8321714280750423,True,9,8,True,2.8321714280750423,large_n
fdid_ar1_rho.7,2,S1,0.5,1.4509001121262404,21,0.08001784028833947,18,2.9018002242524807,3.157861939863608,3.041764046417156,3.1729138783977153,3.022984614926768,2.7165263232498953,True,9,8,True,2.8321714280750423,large_n
fdid_ar1_rho.7,2,S1,1.0,2.9018002242524807,21,0.08001784028833947,18,2.9018002242524807,3.157861939863608,2.9256661529707046,3.1729138783977153,3.022984614926768,2.716526044611684,True,9,8,True,2.8321714280750423,large_n
fdid_ar1_rho.7,2,S1,2.0,5.8036004485049615,21,0.08001784028833947,18,2.9018002242524807,3.157861939863608,2.693470366077802,3.1729138783977153,3.012562778696693,2.7165244623894917,True,9,8,True,2.8321714280750423,large_n
fdid_ar1_rho.7,2,S1,4.0,11.607200897009923,21,0.08001784028833947,18,2.9018002242524807,3.157861939863608,2.2290787922919972,3.1729138783977153,3.147035923319309,2.716523793481577,True,9,8,True,2.8321714280750423,large_n
fdid_ar1_rho.7,2,S2,0.0,0.0,21,0.08001784028833947,18,2.9018002242524807,3.157861939863608,3.157861939863608,3.1729138783977153,3.1757439732867985,2.8321714280750423,False,2,2,True,2.8321714280750423,large_n
fdid_ar1_rho.7,2,S2,0.5,1.4509001121262404,21,0.08001784028833947,18,2.9018002242524807,3.157861939863608,3.041764046417156,3.1729138783977153,3.1907963348456923,2.7165263232498953,True,3,2,True,2.8321714280750423,large_n
fdid_ar1_rho.7,2,S2,1.0,2.9018002242524807,21,0.08001784028833947,18,2.9018002242524807,3.157861939863608,2.9256661529707046,3.1729138783977153,3.1907963348456923,2.716526044611684,True,3,2,True,2.8321714280750423,large_n
fdid_ar1_rho.7,2,S2,2.0,5.8036004485049615,21,0.08001784028833947,18,2.9018002242524807,3.157861939863608,2.693470366077802,3.1729138783977153,3.225763033879487,2.7165244623894917,True,5,4,True,2.8321714280750423,large_n
fdid_ar1_rho.7,2,S2,4.0,11.607200897009923,21,0.08001784028833947,18,2.9018002242524807,3.157861939863608,2.2290787922919972,3.1729138783977153,3.1982625140777308,2.716523793481577,True,10,9,True,2.8321714280750423,large_n
fdid_ar1_rho.7,3,S1,0.0,0.0,21,0.07684146158792268,18,3.237789615539449,3.2446274350546096,3.2446274350546096,3.251542588297357,2.1822868615368667,2.9351949371881547,True,9,8,True,2.9351949371881547,large_n
fdid_ar1_rho.7,3,S1,0.5,1.6188948077697245,21,0.07684146158792268,18,3.237789615539449,3.2446274350546096,3.120229191868485,3.251542588297357,3.007116160452272,2.8061349474543427,True,9,8,True,2.9351949371881547,large_n
fdid_ar1_rho.7,3,S1,1.0,3.237789615539449,21,0.07684146158792268,18,3.237789615539449,3.2446274350546096,2.99583094868236,3.251542588297357,2.9677362208718385,2.80613489279635,True,9,8,True,2.9351949371881547,large_n
fdid_ar1_rho.7,3,S1,2.0,6.475579231078898,21,0.07684146158792268,18,3.237789615539449,3.2446274350546096,2.747034462310111,3.251542588297357,3.1292613628094537,2.806133365924669,True,9,8,True,2.9351949371881547,large_n
fdid_ar1_rho.7,3,S1,4.0,12.951158462157796,21,0.07684146158792268,18,3.237789615539449,3.2446274350546096,2.249441489565611,3.251542588297357,3.4498974140184204,2.8061347681032576,True,9,8,True,2.9351949371881547,large_n
fdid_ar1_rho.7,3,S2,0.0,0.0,21,0.07684146158792268,18,3.237789615539449,3.2446274350546096,3.2446274350546096,3.251542588297357,3.243435395550987,2.9351949371881547,False,1,1,True,2.9351949371881547,large_n
fdid_ar1_rho.7,3,S2,0.5,1.6188948077697245,21,0.07684146158792268,18,3.237789615539449,3.2446274350546096,3.120229191868485,3.251542588297357,3.2930877890247765,2.8061349474543427,True,3,2,True,2.9351949371881547,large_n
fdid_ar1_rho.7,3,S2,1.0,3.237789615539449,21,0.07684146158792268,18,3.237789615539449,3.2446274350546096,2.99583094868236,3.251542588297357,3.3178438811054844,2.80613489279635,True,4,3,True,2.9351949371881547,large_n
fdid_ar1_rho.7,3,S2,2.0,6.475579231078898,21,0.07684146158792268,18,3.237789615539449,3.2446274350546096,2.747034462310111,3.251542588297357,3.3309586205096515,2.806133365924669,True,6,5,True,2.9351949371881547,large_n
fdid_ar1_rho.7,3,S2,4.0,12.951158462157796,21,0.07684146158792268,18,3.237789615539449,3.2446274350546096,2.249441489565611,3.251542588297357,3.353046909683049,2.8061347681032576,True,9,8,True,2.9351949371881547,large_n
fdid_ar1_rho.7,4,S1,0.0,0.0,21,0.08957033980383981,18,2.590654884206317,2.3112368575301963,2.3112368575301963,2.4080105195529677,1.0280757772472278,1.8517811959771668,True,9,8,False,1.8517811959771668,large_n
fdid_ar1_rho.7,4,S1,0.5,1.2953274421031584,21,0.08957033980383981,18,2.590654884206317,2.3112368575301963,2.195213938383778,2.4080105195529677,1.0280757772472278,1.8517811886717634,True,9,8,False,1.8517811959771668,large_n
fdid_ar1_rho.7,4,S1,1.0,2.590654884206317,21,0.08957033980383981,18,2.590654884206317,2.3112368575301963,2.0791910192373595,2.4080105195529677,2.371122113099125,1.8517812535744511,True,9,8,False,1.8517811959771668,large_n
fdid_ar1_rho.7,4,S1,2.0,5.181309768412634,21,0.08957033980383981,18,2.590654884206317,2.3112368575301963,1.8471451809445227,2.4080105195529677,2.3815136589398236,1.8517811818299554,True,9,8,False,1.8517811959771668,large_n
fdid_ar1_rho.7,4,S1,4.0,10.362619536825267,21,0.08957033980383981,18,2.590654884206317,2.3112368575301963,1.3830535043588483,2.4080105195529677,2.3497954225266637,1.851781221468367,True,9,8,False,1.8517811959771668,large_n
fdid_ar1_rho.7,4,S2,0.0,0.0,21,0.08957033980383981,18,2.590654884206317,2.3112368575301963,2.3112368575301963,2.4080105195529677,2.462857277225349,1.8517811959771668,True,3,2,False,1.8517811959771668,large_n
fdid_ar1_rho.7,4,S2,0.5,1.2953274421031584,21,0.08957033980383981,18,2.590654884206317,2.3112368575301963,2.195213938383778,2.4080105195529677,2.462857277225349,1.8517811886717634,True,3,2,False,1.8517811959771668,large_n
fdid_ar1_rho.7,4,S2,1.0,2.590654884206317,21,0.08957033980383981,18,2.590654884206317,2.3112368575301963,2.0791910192373595,2.4080105195529677,2.465664983646133,1.8517812535744511,True,4,3,False,1.8517811959771668,large_n
fdid_ar1_rho.7,4,S2,2.0,5.181309768412634,21,0.08957033980383981,18,2.590654884206317,2.3112368575301963,1.8471451809445227,2.4080105195529677,2.474598524387962,1.8517811818299554,True,5,4,False,1.8517811959771668,large_n
fdid_ar1_rho.7,4,S2,4.0,10.362619536825267,21,0.08957033980383981,18,2.590654884206317,2.3112368575301963,1.3830535043588483,2.4080105195529677,2.443920782961194,1.851781221468367,True,10,9,False,1.8517811959771668,large_n
fdid_ar1_rho.7,5,S1,0.0,0.0,21,0.07657071194398683,18,2.486852905599802,2.470285682144424,2.470285682144424,2.4810900203401514,2.511734015144156,2.391248310216254,True,9,8,True,2.391248310216254,large_n
fdid_ar1_rho.7,5,S1,0.5,1.243426452799901,21,0.07657071194398683,18,2.486852905599802,2.470285682144424,2.37507563340355,2.4810900203401514,2.511734015144156,2.375483866233608,True,9,8,True,2.391248310216254,large_n
fdid_ar1_rho.7,5,S1,1.0,2.486852905599802,21,0.07657071194398683,18,2.486852905599802,2.470285682144424,2.279865584662675,2.4810900203401514,2.511734015144156,2.375483938001365,True,9,8,True,2.391248310216254,large_n
fdid_ar1_rho.7,5,S1,2.0,4.973705811199604,21,0.07657071194398683,18,2.486852905599802,2.470285682144424,2.089445487180926,2.4810900203401514,2.511734015144156,2.3754839561815406,True,9,8,True,2.391248310216254,large_n
fdid_ar1_rho.7,5,S1,4.0,9.947411622399208,21,0.07657071194398683,18,2.486852905599802,2.470285682144424,1.708605292217428,2.4810900203401514,2.460430185643916,2.3754839380295345,True,9,8,True,2.391248310216254,large_n
fdid_ar1_rho.7,5,S2,0.0,0.0,21,0.07657071194398683,18,2.486852905599802,2.470285682144424,2.470285682144424,2.4810900203401514,2.4690192172197367,2.391248310216254,False,2,2,True,2.391248310216254,large_n
fdid_ar1_rho.7,5,S2,0.5,1.243426452799901,21,0.07657071194398683,18,2.486852905599802,2.470285682144424,2.37507563340355,2.4810900203401514,2.4798239568589535,2.375483866233608,True,3,2,True,2.391248310216254,large_n
fdid_ar1_rho.7,5,S2,1.0,2.486852905599802,21,0.07657071194398683,18,2.486852905599802,2.470285682144424,2.279865584662675,2.4810900203401514,2.464776588240699,2.375483938001365,True,4,3,True,2.391248310216254,large_n
fdid_ar1_rho.7,5,S2,2.0,4.973705811199604,21,0.07657071194398683,18,2.486852905599802,2.470285682144424,2.089445487180926,2.4810900203401514,2.464776588240699,2.3754839561815406,True,4,3,True,2.391248310216254,large_n
fdid_ar1_rho.7,5,S2,4.0,9.947411622399208,21,0.07657071194398683,18,2.486852905599802,2.470285682144424,1.708605292217428,2.4810900203401514,2.3565321899199714,2.3754839380295345,True,9,8,True,2.391248310216254,large_n
fdid_ar1_rho.7,6,S1,0.0,0.0,21,0.07137748019512392,18,3.147875032096498,2.7776086204227797,2.7776086204227797,2.7614507616986215,2.7245506772413046,2.6496232379891382,False,9,9,False,2.6496232379891382,large_n
fdid_ar1_rho.7,6,S1,0.5,1.573937516048249,21,0.07137748019512392,18,3.147875032096498,2.7776086204227797,2.6652649265426835,2.7614507616986215,2.6140125653770965,2.4902451655264706,True,9,8,False,2.6496232379891382,large_n
fdid_ar1_rho.7,6,S1,1.0,3.147875032096498,21,0.07137748019512392,18,3.147875032096498,2.7776086204227797,2.552921232662587,2.7614507616986215,2.6140125653770965,2.332588338146416,True,9,8,False,2.6496232379891382,large_n
fdid_ar1_rho.7,6,S1,2.0,6.295750064192996,21,0.07137748019512392,18,3.147875032096498,2.7776086204227797,2.3282338449023943,2.7614507616986215,2.6140125653770965,2.038290595304195,True,9,8,False,2.6496232379891382,large_n
fdid_ar1_rho.7,6,S1,4.0,12.591500128385992,21,0.07137748019512392,18,3.147875032096498,2.7776086204227797,1.8788590693820084,2.7614507616986215,2.62757519055576,1.8630832733840352,True,9,8,False,2.6496232379891382,large_n
fdid_ar1_rho.7,6,S2,0.0,0.0,21,0.07137748019512392,18,3.147875032096498,2.7776086204227797,2.7776086204227797,2.7614507616986215,2.7776086204227797,2.6496232379891382,False,0,0,False,2.6496232379891382,large_n
fdid_ar1_rho.7,6,S2,0.5,1.573937516048249,21,0.07137748019512392,18,3.147875032096498,2.7776086204227797,2.6652649265426835,2.7614507616986215,2.7614507616986215,2.4902451655264706,True,1,0,False,2.6496232379891382,large_n
fdid_ar1_rho.7,6,S2,1.0,3.147875032096498,21,0.07137748019512392,18,3.147875032096498,2.7776086204227797,2.552921232662587,2.7614507616986215,2.712192300294317,2.332588338146416,True,2,1,False,2.6496232379891382,large_n
fdid_ar1_rho.7,6,S2,2.0,6.295750064192996,21,0.07137748019512392,18,3.147875032096498,2.7776086204227797,2.3282338449023943,2.7614507616986215,2.7039565815025743,2.038290595304195,True,3,2,False,2.6496232379891382,large_n
fdid_ar1_rho.7,6,S2,4.0,12.591500128385992,21,0.07137748019512392,18,3.147875032096498,2.7776086204227797,1.8788590693820084,2.7614507616986215,2.678891057509307,1.8630832733840352,True,9,8,False,2.6496232379891382,large_n
fdid_ar1_rho.7,7,S1,0.0,0.0,21,0.07830344960319523,18,2.657551076404092,3.2479555574638335,3.2479555574638335,3.2943337244525446,3.339197004072934,3.131877836082416,True,9,8,False,3.131877836082416,large_n
fdid_ar1_rho.7,7,S1,0.5,1.328775538202046,21,0.07830344960319523,18,2.657551076404092,3.2479555574638335,3.14390784907427,3.2943337244525446,3.339197004072934,3.1206674541483252,True,9,8,False,3.131877836082416,large_n
fdid_ar1_rho.7,7,S1,1.0,2.657551076404092,21,0.07830344960319523,18,2.657551076404092,3.2479555574638335,3.0398601406847083,3.2943337244525446,3.339197004072934,3.1206672057330054,True,9,8,False,3.131877836082416,large_n
fdid_ar1_rho.7,7,S1,2.0,5.315102152808184,21,0.07830344960319523,18,2.657551076404092,3.2479555574638335,2.831764723905583,3.2943337244525446,3.2768680005961786,3.1206672618609086,True,9,8,False,3.131877836082416,large_n
fdid_ar1_rho.7,7,S1,4.0,10.630204305616369,21,0.07830344960319523,18,2.657551076404092,3.2479555574638335,2.4155738903473325,3.2943337244525446,3.344389096046716,3.1206672656638674,True,9,8,False,3.131877836082416,large_n
fdid_ar1_rho.7,7,S2,0.0,0.0,21,0.07830344960319523,18,2.657551076404092,3.2479555574638335,3.2479555574638335,3.2943337244525446,3.2479555574638335,3.131877836082416,False,0,0,False,3.131877836082416,large_n
fdid_ar1_rho.7,7,S2,0.5,1.328775538202046,21,0.07830344960319523,18,2.657551076404092,3.2479555574638335,3.14390784907427,3.2943337244525446,3.326384425645827,3.1206674541483252,True,2,1,False,3.131877836082416,large_n
fdid_ar1_rho.7,7,S2,1.0,2.657551076404092,21,0.07830344960319523,18,2.657551076404092,3.2479555574638335,3.0398601406847083,3.2943337244525446,3.326384425645827,3.1206672057330054,True,2,1,False,3.131877836082416,large_n
fdid_ar1_rho.7,7,S2,2.0,5.315102152808184,21,0.07830344960319523,18,2.657551076404092,3.2479555574638335,2.831764723905583,3.2943337244525446,3.331609160980316,3.1206672618609086,True,4,3,False,3.131877836082416,large_n
fdid_ar1_rho.7,7,S2,4.0,10.630204305616369,21,0.07830344960319523,18,2.657551076404092,3.2479555574638335,2.4155738903473325,3.2943337244525446,3.3119696744883074,3.1206672656638674,True,8,7,False,3.131877836082416,large_n
fdid_ar1_rho.7,8,S1,0.0,0.0,21,0.07898457202914679,18,2.5929667265013814,2.843736149535411,2.843736149535411,2.825721286075243,2.7667587779447933,2.8264142402953802,True,9,8,True,2.8264142402953802,large_n
fdid_ar1_rho.7,8,S1,0.5,1.2964833632506907,21,0.07898457202914679,18,2.5929667265013814,2.843736149535411,2.741333965946147,2.825721286075243,2.7667587779447933,2.7875591054799047,True,9,8,True,2.8264142402953802,large_n
fdid_ar1_rho.7,8,S1,1.0,2.5929667265013814,21,0.07898457202914679,18,2.5929667265013814,2.843736149535411,2.638931782356882,2.825721286075243,2.7667587779447933,2.787559149179191,True,9,8,True,2.8264142402953802,large_n
fdid_ar1_rho.7,8,S1,2.0,5.185933453002763,21,0.07898457202914679,18,2.5929667265013814,2.843736149535411,2.434127415178353,2.825721286075243,2.7429847775286182,2.7875585633415136,True,9,8,True,2.8264142402953802,large_n
fdid_ar1_rho.7,8,S1,4.0,10.371866906005526,21,0.07898457202914679,18,2.5929667265013814,2.843736149535411,2.024518680821294,2.825721286075243,2.6085445545801926,2.787559144272126,True,9,8,True,2.8264142402953802,large_n
fdid_ar1_rho.7,8,S2,0.0,0.0,21,0.07898457202914679,18,2.5929667265013814,2.843736149535411,2.843736149535411,2.825721286075243,2.843736149535411,2.8264142402953802,False,0,0,True,2.8264142402953802,large_n
fdid_ar1_rho.7,8,S2,0.5,1.2964833632506907,21,0.07898457202914679,18,2.5929667265013814,2.843736149535411,2.741333965946147,2.825721286075243,2.741333965946147,2.7875591054799047,False,0,0,True,2.8264142402953802,large_n
fdid_ar1_rho.7,8,S2,1.0,2.5929667265013814,21,0.07898457202914679,18,2.5929667265013814,2.843736149535411,2.638931782356882,2.825721286075243,2.791607728704217,2.787559149179191,True,2,1,True,2.8264142402953802,large_n
fdid_ar1_rho.7,8,S2,2.0,5.185933453002763,21,0.07898457202914679,18,2.5929667265013814,2.843736149535411,2.434127415178353,2.825721286075243,2.791607728704217,2.7875585633415136,True,2,1,True,2.8264142402953802,large_n
fdid_ar1_rho.7,8,S2,4.0,10.371866906005526,21,0.07898457202914679,18,2.5929667265013814,2.843736149535411,2.024518680821294,2.825721286075243,2.667841847663751,2.787559144272126,True,10,9,True,2.8264142402953802,large_n
fdid_ar1_rho.7,9,S1,0.0,0.0,21,0.07410396167493732,18,2.6654477283933997,2.6359774010833155,2.6359774010833155,2.619935902522559,2.593556416597164,2.5730787928155268,False,9,9,True,2.5730787928155268,large_n
fdid_ar1_rho.7,9,S1,0.5,1.3327238641966999,21,0.07410396167493732,18,2.6654477283933997,2.6359774010833155,2.5372172829276085,2.619935902522559,2.5932370312966935,2.369949665493014,True,9,8,True,2.5730787928155268,large_n
fdid_ar1_rho.7,9,S1,1.0,2.6654477283933997,21,0.07410396167493732,18,2.6654477283933997,2.6359774010833155,2.4384571647719016,2.619935902522559,2.5932370312966935,2.16376791689422,True,9,8,True,2.5730787928155268,large_n
fdid_ar1_rho.7,9,S1,2.0,5.330895456786799,21,0.07410396167493732,18,2.6654477283933997,2.6359774010833155,2.240936928460489,2.619935902522559,2.5932370312966935,1.953081198107098,True,9,8,True,2.5730787928155268,large_n
fdid_ar1_rho.7,9,S1,4.0,10.661790913573599,21,0.07410396167493732,18,2.6654477283933997,2.6359774010833155,1.8458964558376625,2.619935902522559,2.5932370312966935,1.9530814448907252,True,9,8,True,2.5730787928155268,large_n
fdid_ar1_rho.7,9,S2,0.0,0.0,21,0.07410396167493732,18,2.6654477283933997,2.6359774010833155,2.6359774010833155,2.619935902522559,2.6359774010833155,2.5730787928155268,False,0,0,True,2.5730787928155268,large_n
fdid_ar1_rho.7,9,S2,0.5,1.3327238641966999,21,0.07410396167493732,18,2.6654477283933997,2.6359774010833155,2.5372172829276085,2.619935902522559,2.5372172829276085,2.369949665493014,False,0,0,True,2.5730787928155268,large_n
fdid_ar1_rho.7,9,S2,1.0,2.6654477283933997,21,0.07410396167493732,18,2.6654477283933997,2.6359774010833155,2.4384571647719016,2.619935902522559,2.619935902522559,2.16376791689422,True,1,0,True,2.5730787928155268,large_n
fdid_ar1_rho.7,9,S2,2.0,5.330895456786799,21,0.07410396167493732,18,2.6654477283933997,2.6359774010833155,2.240936928460489,2.619935902522559,2.619935902522559,1.953081198107098,True,1,0,True,2.5730787928155268,large_n
fdid_ar1_rho.7,9,S2,4.0,10.661790913573599,21,0.07410396167493732,18,2.6654477283933997,2.6359774010833155,1.8458964558376625,2.619935902522559,2.6188345552972088,1.9530814448907252,True,2,1,True,2.5730787928155268,large_n
fdid_ar1_rho.7,10,S1,0.0,0.0,21,0.08481493108135871,18,3.00284118180086,3.3440825682308444,3.3440825682308444,3.319571172345823,3.3070082465756876,3.2926854567007173,False,9,9,True,3.2926854567007173,large_n
fdid_ar1_rho.7,10,S1,0.5,1.50142059090043,21,0.08481493108135871,18,3.00284118180086,3.3440825682308444,3.2167396842894918,3.319571172345823,3.296151467718752,2.9883291194788315,True,9,8,True,3.2926854567007173,large_n
fdid_ar1_rho.7,10,S1,1.0,3.00284118180086,21,0.08481493108135871,18,3.00284118180086,3.3440825682308444,3.089396800348139,3.319571172345823,3.296151467718752,2.6838662564331166,True,9,8,True,3.2926854567007173,large_n
fdid_ar1_rho.7,10,S1,2.0,6.00568236360172,21,0.08481493108135871,18,3.00284118180086,3.3440825682308444,2.834711032465433,3.319571172345823,3.2211896640142337,2.0304614494750286,True,9,8,True,3.2926854567007173,large_n
fdid_ar1_rho.7,10,S1,4.0,12.01136472720344,21,0.08481493108135871,18,3.00284118180086,3.3440825682308444,2.325339496700022,3.319571172345823,3.13981823214707,0.8128013989530811,True,9,8,True,3.2926854567007173,large_n
fdid_ar1_rho.7,10,S2,0.0,0.0,21,0.08481493108135871,18,3.00284118180086,3.3440825682308444,3.3440825682308444,3.319571172345823,3.297520174743559,3.2926854567007173,False,5,5,True,3.2926854567007173,large_n
fdid_ar1_rho.7,10,S2,0.5,1.50142059090043,21,0.08481493108135871,18,3.00284118180086,3.3440825682308444,3.2167396842894918,3.319571172345823,3.2589371872410906,2.9883291194788315,True,6,5,True,3.2926854567007173,large_n
fdid_ar1_rho.7,10,S2,1.0,3.00284118180086,21,0.08481493108135871,18,3.00284118180086,3.3440825682308444,3.089396800348139,3.319571172345823,3.2589371872410906,2.6838662564331166,True,6,5,True,3.2926854567007173,large_n
fdid_ar1_rho.7,10,S2,2.0,6.00568236360172,21,0.08481493108135871,18,3.00284118180086,3.3440825682308444,2.834711032465433,3.319571172345823,3.2303599521269803,2.0304614494750286,True,5,4,True,3.2926854567007173,large_n
fdid_ar1_rho.7,10,S2,4.0,12.01136472720344,21,0.08481493108135871,18,3.00284118180086,3.3440825682308444,2.325339496700022,3.319571172345823,3.2303599521269803,0.8128013989530811,True,5,4,True,3.2926854567007173,large_n
fdid_ar1_rho.7,11,S1,0.0,0.0,21,0.07510521261039503,18,2.5730890059463727,2.64661206137719,2.64661206137719,2.6543394541498326,2.531487130490365,2.6165778536593196,True,9,8,True,2.6165778536593196,large_n
fdid_ar1_rho.7,11,S1,0.5,1.2865445029731863,21,0.07510521261039503,18,2.5730890059463727,2.64661206137719,2.549985862948654,2.6543394541498326,2.583381195804766,2.5786758681803796,True,9,8,True,2.6165778536593196,large_n
fdid_ar1_rho.7,11,S1,1.0,2.5730890059463727,21,0.07510521261039503,18,2.5730890059463727,2.64661206137719,2.4533596645201174,2.6543394541498326,2.5355517448017735,2.5786759417189353,True,9,8,True,2.6165778536593196,large_n
fdid_ar1_rho.7,11,S1,2.0,5.146178011892745,21,0.07510521261039503,18,2.5730890059463727,2.64661206137719,2.260107267663045,2.6543394541498326,2.5355517448017735,2.5786756266008846,True,9,8,True,2.6165778536593196,large_n
fdid_ar1_rho.7,11,S1,4.0,10.29235602378549,21,0.07510521261039503,18,2.5730890059463727,2.64661206137719,1.8736024739489008,2.6543394541498326,2.4538675662958878,2.578675545559557,True,9,8,True,2.6165778536593196,large_n
fdid_ar1_rho.7,11,S2,0.0,0.0,21,0.07510521261039503,18,2.5730890059463727,2.64661206137719,2.64661206137719,2.6543394541498326,2.656704772334008,2.6165778536593196,False,1,1,True,2.6165778536593196,large_n
fdid_ar1_rho.7,11,S2,0.5,1.2865445029731863,21,0.07510521261039503,18,2.5730890059463727,2.64661206137719,2.549985862948654,2.6543394541498326,2.6644320682856866,2.5786758681803796,True,2,1,True,2.6165778536593196,large_n
fdid_ar1_rho.7,11,S2,1.0,2.5730890059463727,21,0.07510521261039503,18,2.5730890059463727,2.64661206137719,2.4533596645201174,2.6543394541498326,2.6644320682856866,2.5786759417189353,True,2,1,True,2.6165778536593196,large_n
fdid_ar1_rho.7,11,S2,2.0,5.146178011892745,21,0.07510521261039503,18,2.5730890059463727,2.64661206137719,2.260107267663045,2.6543394541498326,2.6289938575743976,2.5786756266008846,True,3,2,True,2.6165778536593196,large_n
fdid_ar1_rho.7,11,S2,4.0,10.29235602378549,21,0.07510521261039503,18,2.5730890059463727,2.64661206137719,1.8736024739489008,2.6543394541498326,2.6243914367996766,2.578675545559557,True,6,5,True,2.6165778536593196,large_n
fdid_ar1_rho.7,12,S1,0.0,0.0,21,0.07698093185223899,18,2.603380986708636,2.5133568152874424,2.5133568152874424,2.5365070037765824,2.449338185942256,2.440464053357731,True,9,8,True,2.440464053357731,large_n
fdid_ar1_rho.7,12,S1,0.5,1.301690493354318,21,0.07698093185223899,18,2.603380986708636,2.5133568152874424,2.413151468125826,2.5365070037765824,2.440999773133867,2.4248461958475875,True,9,8,True,2.440464053357731,large_n
fdid_ar1_rho.7,12,S1,1.0,2.603380986708636,21,0.07698093185223899,18,2.603380986708636,2.5133568152874424,2.31294612096421,2.5365070037765824,2.440999773133867,2.4248462309974617,True,9,8,True,2.440464053357731,large_n
fdid_ar1_rho.7,12,S1,2.0,5.206761973417272,21,0.07698093185223899,18,2.603380986708636,2.5133568152874424,2.112535426640978,2.5365070037765824,2.321465143621098,2.424846238138922,True,9,8,True,2.440464053357731,large_n
fdid_ar1_rho.7,12,S1,4.0,10.413523946834545,21,0.07698093185223899,18,2.603380986708636,2.5133568152874424,1.7117140379945135,2.5365070037765824,2.6147533967324756,2.424846190115432,True,9,8,True,2.440464053357731,large_n
fdid_ar1_rho.7,12,S2,0.0,0.0,21,0.07698093185223899,18,2.603380986708636,2.5133568152874424,2.5133568152874424,2.5365070037765824,2.5748305016973125,2.440464053357731,True,2,1,True,2.440464053357731,large_n
fdid_ar1_rho.7,12,S2,0.5,1.301690493354318,21,0.07698093185223899,18,2.603380986708636,2.5133568152874424,2.413151468125826,2.5365070037765824,2.5218643939747816,2.4248461958475875,True,3,2,True,2.440464053357731,large_n
fdid_ar1_rho.7,12,S2,1.0,2.603380986708636,21,0.07698093185223899,18,2.603380986708636,2.5133568152874424,2.31294612096421,2.5365070037765824,2.46097502618932,2.4248462309974617,True,3,2,True,2.440464053357731,large_n
fdid_ar1_rho.7,12,S2,2.0,5.206761973417272,21,0.07698093185223899,18,2.603380986708636,2.5133568152874424,2.112535426640978,2.5365070037765824,2.4869270187024517,2.424846238138922,True,5,4,True,2.440464053357731,large_n
fdid_ar1_rho.7,12,S2,4.0,10.413523946834545,21,0.07698093185223899,18,2.603380986708636,2.5133568152874424,1.7117140379945135,2.5365070037765824,2.711859741205153,2.424846190115432,True,12,11,True,2.440464053357731,large_n
fdid_ar1_rho.7,13,S1,0.0,0.0,21,0.07128999032831533,18,3.0216305877687244,3.108823670595584,3.108823670595584,3.0827933678349217,3.3238600846065935,3.09748222391375,False,9,9,True,3.09748222391375,large_n
fdid_ar1_rho.7,13,S1,0.5,1.5108152938843622,21,0.07128999032831533,18,3.0216305877687244,3.108823670595584,3.0011176629066965,3.0827933678349217,3.8374804653561156,3.061840984275264,True,9,8,True,3.09748222391375,large_n
fdid_ar1_rho.7,13,S1,1.0,3.0216305877687244,21,0.07128999032831533,18,3.0216305877687244,3.108823670595584,2.89341165521781,3.0827933678349217,3.8374804653561156,3.061841018953399,True,9,8,True,3.09748222391375,large_n
fdid_ar1_rho.7,13,S1,2.0,6.043261175537449,21,0.07128999032831533,18,3.0216305877687244,3.108823670595584,2.677999639840036,3.0827933678349217,3.8374804653561156,3.061841019469165,True,9,8,True,3.09748222391375,large_n
fdid_ar1_rho.7,13,S1,4.0,12.086522351074898,21,0.07128999032831533,18,3.0216305877687244,3.108823670595584,2.247175609084487,3.0827933678349217,3.0271063997312915,3.061841001075262,True,9,8,True,3.09748222391375,large_n
fdid_ar1_rho.7,13,S2,0.0,0.0,21,0.07128999032831533,18,3.0216305877687244,3.108823670595584,3.108823670595584,3.0827933678349217,3.1762215042070556,3.09748222391375,False,3,3,True,3.09748222391375,large_n
fdid_ar1_rho.7,13,S2,0.5,1.5108152938843622,21,0.07128999032831533,18,3.0216305877687244,3.108823670595584,3.0011176629066965,3.0827933678349217,3.15071934450354,3.061840984275264,True,4,3,True,3.09748222391375,large_n
fdid_ar1_rho.7,13,S2,1.0,3.0216305877687244,21,0.07128999032831533,18,3.0216305877687244,3.108823670595584,2.89341165521781,3.0827933678349217,3.12097561319552,3.061841018953399,True,5,4,True,3.09748222391375,large_n
fdid_ar1_rho.7,13,S2,2.0,6.043261175537449,21,0.07128999032831533,18,3.0216305877687244,3.108823670595584,2.677999639840036,3.0827933678349217,3.137046279859928,3.061841019469165,True,8,7,True,3.09748222391375,large_n
fdid_ar1_rho.7,13,S2,4.0,12.086522351074898,21,0.07128999032831533,18,3.0216305877687244,3.108823670595584,2.247175609084487,3.0827933678349217,3.034565886708022,3.061841001075262,True,13,12,True,3.09748222391375,large_n
fdid_ar1_rho.7,14,S1,0.0,0.0,21,0.07016352852157867,18,2.5488872212706544,3.1137395041998435,3.1137395041998435,3.1089251776328846,2.732351827596424,2.8133389888128937,False,9,9,True,2.8133389888128937,large_n
fdid_ar1_rho.7,14,S1,0.5,1.2744436106353272,21,0.07016352852157867,18,2.5488872212706544,3.1137395041998435,3.024320043575888,3.1089251776328846,2.6804741803277294,2.7377269165939104,True,9,8,True,2.8133389888128937,large_n
fdid_ar1_rho.7,14,S1,1.0,2.5488872212706544,21,0.07016352852157867,18,2.5488872212706544,3.1137395041998435,2.934900582951933,3.1089251776328846,2.6804741803277294,2.720754747579976,True,9,8,True,2.8133389888128937,large_n
fdid_ar1_rho.7,14,S1,2.0,5.097774442541309,21,0.07016352852157867,18,2.5488872212706544,3.1137395041998435,2.7560616617040217,3.1089251776328846,2.6804741803277294,2.7207538580509363,True,9,8,True,2.8133389888128937,large_n
fdid_ar1_rho.7,14,S1,4.0,10.195548885082617,21,0.07016352852157867,18,2.5488872212706544,3.1137395041998435,2.3983838192082,3.1089251776328846,2.7222433559097143,2.720754869481655,True,9,8,True,2.8133389888128937,large_n
fdid_ar1_rho.7,14,S2,0.0,0.0,21,0.07016352852157867,18,2.5488872212706544,3.1137395041998435,3.1137395041998435,3.1089251776328846,3.0893574515871842,2.8133389888128937,False,2,2,True,2.8133389888128937,large_n
fdid_ar1_rho.7,14,S2,0.5,1.2744436106353272,21,0.07016352852157867,18,2.5488872212706544,3.1137395041998435,3.024320043575888,3.1089251776328846,3.0845423890897714,2.7377269165939104,True,3,2,True,2.8133389888128937,large_n
fdid_ar1_rho.7,14,S2,1.0,2.5488872212706544,21,0.07016352852157867,18,2.5488872212706544,3.1137395041998435,2.934900582951933,3.1089251776328846,3.0845423890897714,2.720754747579976,True,3,2,True,2.8133389888128937,large_n
fdid_ar1_rho.7,14,S2,2.0,5.097774442541309,21,0.07016352852157867,18,2.5488872212706544,3.1137395041998435,2.7560616617040217,3.1089251776328846,3.0845423890897714,2.7207538580509363,True,3,2,True,2.8133389888128937,large_n
fdid_ar1_rho.7,14,S2,4.0,10.195548885082617,21,0.07016352852157867,18,2.5488872212706544,3.1137395041998435,2.3983838192082,3.1089251776328846,3.0539891555703003,2.720754869481655,True,4,3,True,2.8133389888128937,large_n
fdid_ar1_rho.7,15,S1,0.0,0.0,21,0.08852440690914576,18,2.8159010097948034,2.953947840306512,2.953947840306512,2.9613991602953975,3.0204921273752117,2.8537459121543183,True,9,8,True,2.8537459121543183,large_n
fdid_ar1_rho.7,15,S1,0.5,1.4079505048974017,21,0.08852440690914576,18,2.8159010097948034,2.953947840306512,2.829309856903037,2.9613991602953975,2.912433115647966,2.8076165626115577,True,9,8,True,2.8537459121543183,large_n
fdid_ar1_rho.7,15,S1,1.0,2.8159010097948034,21,0.08852440690914576,18,2.8159010097948034,2.953947840306512,2.7046718734995627,2.9613991602953975,2.912433115647966,2.807616379465462,True,9,8,True,2.8537459121543183,large_n
fdid_ar1_rho.7,15,S1,2.0,5.631802019589607,21,0.08852440690914576,18,2.8159010097948034,2.953947840306512,2.4553959066926128,2.9613991602953975,2.912433115647966,2.807616412992567,True,9,8,True,2.8537459121543183,large_n
fdid_ar1_rho.7,15,S1,4.0,11.263604039179214,21,0.08852440690914576,18,2.8159010097948034,2.953947840306512,1.9568439730787133,2.9613991602953975,2.912433115647966,2.8076163751764946,True,9,8,True,2.8537459121543183,large_n
fdid_ar1_rho.7,15,S2,0.0,0.0,21,0.08852440690914576,18,2.8159010097948034,2.953947840306512,2.953947840306512,2.9613991602953975,2.9084807545431297,2.8537459121543183,False,2,2,True,2.8537459121543183,large_n
fdid_ar1_rho.7,15,S2,0.5,1.4079505048974017,21,0.08852440690914576,18,2.8159010097948034,2.953947840306512,2.829309856903037,2.9613991602953975,2.9055891280165036,2.8076165626115577,True,3,2,True,2.8537459121543183,large_n
fdid_ar1_rho.7,15,S2,1.0,2.8159010097948034,21,0.08852440690914576,18,2.8159010097948034,2.953947840306512,2.7046718734995627,2.9613991602953975,2.8750698142327678,2.807616379465462,True,4,3,True,2.8537459121543183,large_n
fdid_ar1_rho.7,15,S2,2.0,5.631802019589607,21,0.08852440690914576,18,2.8159010097948034,2.953947840306512,2.4553959066926128,2.9613991602953975,2.866744098957242,2.807616412992567,True,6,5,True,2.8537459121543183,large_n
fdid_ar1_rho.7,15,S2,4.0,11.263604039179214,21,0.08852440690914576,18,2.8159010097948034,2.953947840306512,1.9568439730787133,2.9613991602953975,2.8318357655291226,2.8076163751764946,True,10,9,True,2.8537459121543183,large_n
fdid_ar1_rho.7,16,S1,0.0,0.0,21,0.07634414026640915,18,2.4593081948977153,2.581545882586444,2.581545882586444,2.582533187214602,2.5270138220780467,2.4931267863696562,True,9,8,True,2.4931267863696562,large_n
fdid_ar1_rho.7,16,S1,0.5,1.2296540974488577,21,0.07634414026640915,18,2.4593081948977153,2.581545882586444,2.4876689976916433,2.582533187214602,2.5270138220780467,2.4179135891960297,True,9,8,True,2.4931267863696562,large_n
fdid_ar1_rho.7,16,S1,1.0,2.4593081948977153,21,0.07634414026640915,18,2.4593081948977153,2.581545882586444,2.393792112796843,2.582533187214602,2.5270138220780467,2.3865311152475126,True,9,8,True,2.4931267863696562,large_n
fdid_ar1_rho.7,16,S1,2.0,4.918616389795431,21,0.07634414026640915,18,2.4593081948977153,2.581545882586444,2.2060383430072426,2.582533187214602,2.5270138220780467,2.3865300846172186,True,9,8,True,2.4931267863696562,large_n
fdid_ar1_rho.7,16,S1,4.0,9.837232779590861,21,0.07634414026640915,18,2.4593081948977153,2.581545882586444,1.8305308034280412,2.582533187214602,2.532827044208832,2.3865301800403604,True,9,8,True,2.4931267863696562,large_n
fdid_ar1_rho.7,16,S2,0.0,0.0,21,0.07634414026640915,18,2.4593081948977153,2.581545882586444,2.581545882586444,2.582533187214602,2.607550339400819,2.4931267863696562,False,1,1,True,2.4931267863696562,large_n
fdid_ar1_rho.7,16,S2,0.5,1.2296540974488577,21,0.07634414026640915,18,2.4593081948977153,2.581545882586444,2.4876689976916433,2.582533187214602,2.6085383308290084,2.4179135891960297,True,2,1,True,2.4931267863696562,large_n
fdid_ar1_rho.7,16,S2,1.0,2.4593081948977153,21,0.07634414026640915,18,2.4593081948977153,2.581545882586444,2.393792112796843,2.582533187214602,2.6085383308290084,2.3865311152475126,True,2,1,True,2.4931267863696562,large_n
fdid_ar1_rho.7,16,S2,2.0,4.918616389795431,21,0.07634414026640915,18,2.4593081948977153,2.581545882586444,2.2060383430072426,2.582533187214602,2.6085383308290084,2.3865300846172186,True,2,1,True,2.4931267863696562,large_n
fdid_ar1_rho.7,16,S2,4.0,9.837232779590861,21,0.07634414026640915,18,2.4593081948977153,2.581545882586444,1.8305308034280412,2.582533187214602,2.583667102446666,2.3865301800403604,True,3,2,True,2.4931267863696562,large_n
fdid_ar1_rho.7,17,S1,0.0,0.0,21,0.07262899235411963,18,3.2053438921272694,3.391916479961414,3.391916479961414,3.3922332705847054,3.3712379831951984,0.30718846101058217,False,9,9,False,0.30718846101058217,large_n
fdid_ar1_rho.7,17,S1,0.5,1.6026719460636347,21,0.07262899235411963,18,3.2053438921272694,3.391916479961414,3.275516031444596,3.3922332705847054,3.3349009716316886,0.20353229126760142,True,9,8,False,0.30718846101058217,large_n
fdid_ar1_rho.7,17,S1,1.0,3.2053438921272694,21,0.07262899235411963,18,3.2053438921272694,3.391916479961414,3.1591155829277784,3.3922332705847054,3.3349009716316886,0.19694555096704924,True,9,8,False,0.30718846101058217,large_n
fdid_ar1_rho.7,17,S1,2.0,6.410687784254539,21,0.07262899235411963,18,3.2053438921272694,3.391916479961414,2.926314685894143,3.3922332705847054,3.3349009716316886,0.19354765554003617,True,9,8,False,0.30718846101058217,large_n
fdid_ar1_rho.7,17,S1,4.0,12.821375568509078,21,0.07262899235411963,18,3.2053438921272694,3.391916479961414,2.460712891826872,3.3922332705847054,3.2972413929353372,0.18500007021718523,True,9,8,False,0.30718846101058217,large_n
fdid_ar1_rho.7,17,S2,0.0,0.0,21,0.07262899235411963,18,3.2053438921272694,3.391916479961414,3.391916479961414,3.3922332705847054,3.4332609139805186,0.30718846101058217,False,2,2,False,0.30718846101058217,large_n
fdid_ar1_rho.7,17,S2,0.5,1.6026719460636347,21,0.07262899235411963,18,3.2053438921272694,3.391916479961414,3.275516031444596,3.3922332705847054,3.435894620732161,0.20353229126760142,True,3,2,False,0.30718846101058217,large_n
fdid_ar1_rho.7,17,S2,1.0,3.2053438921272694,21,0.07262899235411963,18,3.2053438921272694,3.391916479961414,3.1591155829277784,3.3922332705847054,3.4211840441417465,0.19694555096704924,True,4,3,False,0.30718846101058217,large_n
fdid_ar1_rho.7,17,S2,2.0,6.410687784254539,21,0.07262899235411963,18,3.2053438921272694,3.391916479961414,2.926314685894143,3.3922332705847054,3.3815414136442876,0.19354765554003617,True,3,2,False,0.30718846101058217,large_n
fdid_ar1_rho.7,17,S2,4.0,12.821375568509078,21,0.07262899235411963,18,3.2053438921272694,3.391916479961414,2.460712891826872,3.3922332705847054,3.2953235830095635,0.18500007021718523,True,6,5,False,0.30718846101058217,large_n
fdid_ar1_rho.7,18,S1,0.0,0.0,21,0.08165811967433811,18,3.3414047410198244,3.1781922139508403,3.1781922139508403,3.1959506881410498,3.9090729912313216,3.0396035652023037,True,9,8,True,3.0396035652023037,large_n
fdid_ar1_rho.7,18,S1,0.5,1.6707023705099122,21,0.08165811967433811,18,3.3414047410198244,3.1781922139508403,3.041765799839541,3.1959506881410498,3.9090729912313216,2.998254003998649,True,9,8,True,3.0396035652023037,large_n
fdid_ar1_rho.7,18,S1,1.0,3.3414047410198244,21,0.08165811967433811,18,3.3414047410198244,3.1781922139508403,2.905339385728243,3.1959506881410498,3.9090729912313216,2.9982541345536973,True,9,8,True,3.0396035652023037,large_n
fdid_ar1_rho.7,18,S1,2.0,6.682809482039649,21,0.08165811967433811,18,3.3414047410198244,3.1781922139508403,2.6324865575056453,3.1959506881410498,3.267256218084775,2.9982540809151734,True,9,8,True,3.0396035652023037,large_n
fdid_ar1_rho.7,18,S1,4.0,13.365618964079298,21,0.08165811967433811,18,3.3414047410198244,3.1781922139508403,2.0867809010604503,3.1959506881410498,3.1438638782323256,2.9982538783262362,True,9,8,True,3.0396035652023037,large_n
fdid_ar1_rho.7,18,S2,0.0,0.0,21,0.08165811967433811,18,3.3414047410198244,3.1781922139508403,3.1781922139508403,3.1959506881410498,3.1626183324722117,3.0396035652023037,False,1,1,True,3.0396035652023037,large_n
fdid_ar1_rho.7,18,S2,0.5,1.6707023705099122,21,0.08165811967433811,18,3.3414047410198244,3.1781922139508403,3.041765799839541,3.1959506881410498,3.180377322697307,2.998254003998649,True,2,1,True,3.0396035652023037,large_n
fdid_ar1_rho.7,18,S2,1.0,3.3414047410198244,21,0.08165811967433811,18,3.3414047410198244,3.1781922139508403,2.905339385728243,3.1959506881410498,3.1641746116544756,2.9982541345536973,True,4,3,True,3.0396035652023037,large_n
fdid_ar1_rho.7,18,S2,2.0,6.682809482039649,21,0.08165811967433811,18,3.3414047410198244,3.1781922139508403,2.6324865575056453,3.1959506881410498,3.097745310989826,2.9982540809151734,True,8,7,True,3.0396035652023037,large_n
fdid_ar1_rho.7,18,S2,4.0,13.365618964079298,21,0.08165811967433811,18,3.3414047410198244,3.1781922139508403,2.0867809010604503,3.1959506881410498,3.100572729300493,2.9982538783262362,True,8,7,True,3.0396035652023037,large_n
fdid_ar1_rho.7,19,S1,0.0,0.0,21,0.07865467774303642,18,2.143465021443864,2.28081198021824,2.28081198021824,2.264710189146839,2.6004663797103076,2.1414906881932154,False,9,9,True,2.1414906881932154,large_n
fdid_ar1_rho.7,19,S1,0.5,1.071732510721932,21,0.07865467774303642,18,2.143465021443864,2.28081198021824,2.1965152049606713,2.264710189146839,2.491653229427368,2.056703912660234,False,9,9,True,2.1414906881932154,large_n
fdid_ar1_rho.7,19,S1,1.0,2.143465021443864,21,0.07865467774303642,18,2.143465021443864,2.28081198021824,2.112218429703102,2.264710189146839,2.4510369203687787,2.0127379490305257,True,9,8,True,2.1414906881932154,large_n
fdid_ar1_rho.7,19,S1,2.0,4.286930042887728,21,0.07865467774303642,18,2.143465021443864,2.28081198021824,1.9436248791879642,2.264710189146839,2.4510369203687787,2.0127374023463007,True,9,8,True,2.1414906881932154,large_n
fdid_ar1_rho.7,19,S1,4.0,8.573860085775456,21,0.07865467774303642,18,2.143465021443864,2.28081198021824,1.6064377781576886,2.264710189146839,2.218923475151532,2.012737483326787,True,9,8,True,2.1414906881932154,large_n
fdid_ar1_rho.7,19,S2,0.0,0.0,21,0.07865467774303642,18,2.143465021443864,2.28081198021824,2.28081198021824,2.264710189146839,2.314109632027531,2.1414906881932154,False,4,4,True,2.1414906881932154,large_n
fdid_ar1_rho.7,19,S2,0.5,1.071732510721932,21,0.07865467774303642,18,2.143465021443864,2.28081198021824,2.1965152049606713,2.264710189146839,2.2256732733140736,2.056703912660234,False,3,3,True,2.1414906881932154,large_n
fdid_ar1_rho.7,19,S2,1.0,2.143465021443864,21,0.07865467774303642,18,2.143465021443864,2.28081198021824,2.112218429703102,2.264710189146839,2.2738256031976976,2.0127379490305257,True,5,4,True,2.1414906881932154,large_n
fdid_ar1_rho.7,19,S2,2.0,4.286930042887728,21,0.07865467774303642,18,2.143465021443864,2.28081198021824,1.9436248791879642,2.264710189146839,2.2738256031976976,2.0127374023463007,True,5,4,True,2.1414906881932154,large_n
fdid_ar1_rho.7,19,S2,4.0,8.573860085775456,21,0.07865467774303642,18,2.143465021443864,2.28081198021824,1.6064377781576886,2.264710189146839,2.1897554236598635,2.012737483326787,True,9,8,True,2.1414906881932154,large_n
fdid_ar1_rho.7,20,S1,0.0,0.0,21,0.069561298304094,18,2.620832343655017,2.2437261422433,2.2437261422433,2.2603487131315543,2.3486830238014873,2.02232773705667,False,9,9,False,2.02232773705667,large_n
fdid_ar1_rho.7,20,S1,0.5,1.3104161718275085,21,0.069561298304094,18,2.620832343655017,2.2437261422433,2.152571892012298,2.2603487131315543,2.4899362704203,1.9728536578060683,True,9,8,False,2.02232773705667,large_n
fdid_ar1_rho.7,20,S1,1.0,2.620832343655017,21,0.069561298304094,18,2.620832343655017,2.2437261422433,2.0614176417812957,2.2603487131315543,2.4899362704203,1.97285278745108,True,9,8,False,2.02232773705667,large_n
fdid_ar1_rho.7,20,S1,2.0,5.241664687310034,21,0.069561298304094,18,2.620832343655017,2.2437261422433,1.8791091413192909,2.2603487131315543,2.344029957661257,1.9728537532696462,True,9,8,False,2.02232773705667,large_n
fdid_ar1_rho.7,20,S1,4.0,10.483329374620068,21,0.069561298304094,18,2.620832343655017,2.2437261422433,1.5144921403952825,2.2603487131315543,2.2209111450030057,1.972853603414122,True,9,8,False,2.02232773705667,large_n
fdid_ar1_rho.7,20,S2,0.0,0.0,21,0.069561298304094,18,2.620832343655017,2.2437261422433,2.2437261422433,2.2603487131315543,2.2437261422433,2.02232773705667,False,0,0,False,2.02232773705667,large_n
fdid_ar1_rho.7,20,S2,0.5,1.3104161718275085,21,0.069561298304094,18,2.620832343655017,2.2437261422433,2.152571892012298,2.2603487131315543,2.2603487131315543,1.9728536578060683,True,1,0,False,2.02232773705667,large_n
fdid_ar1_rho.7,20,S2,1.0,2.620832343655017,21,0.069561298304094,18,2.620832343655017,2.2437261422433,2.0614176417812957,2.2603487131315543,2.2603487131315543,1.97285278745108,True,1,0,False,2.02232773705667,large_n
fdid_ar1_rho.7,20,S2,2.0,5.241664687310034,21,0.069561298304094,18,2.620832343655017,2.2437261422433,1.8791091413192909,2.2603487131315543,2.2157437353549034,1.9728537532696462,True,2,1,False,2.02232773705667,large_n
fdid_ar1_rho.7,20,S2,4.0,10.483329374620068,21,0.069561298304094,18,2.620832343655017,2.2437261422433,1.5144921403952825,2.2603487131315543,2.0437402153064843,1.972853603414122,True,6,5,False,2.02232773705667,large_n
fdid_ar1_rho.7,21,S1,0.0,0.0,21,0.08409134562958806,18,2.5960736873409993,2.5487491199075043,2.5487491199075043,2.5927559285669877,2.685424749785494,2.503470903903591,True,9,8,True,2.503470903903591,large_n
fdid_ar1_rho.7,21,S1,0.5,1.2980368436704997,21,0.08409134562958806,18,2.5960736873409993,2.5487491199075043,2.4395954550464687,2.5927559285669877,3.53086212201654,2.4922286768996753,True,9,8,True,2.503470903903591,large_n
fdid_ar1_rho.7,21,S1,1.0,2.5960736873409993,21,0.08409134562958806,18,2.5960736873409993,2.5487491199075043,2.330441790185433,2.5927559285669877,3.53086212201654,2.492228667217862,True,9,8,True,2.503470903903591,large_n
fdid_ar1_rho.7,21,S1,2.0,5.192147374681999,21,0.08409134562958806,18,2.5960736873409993,2.5487491199075043,2.1121344604633623,2.5927559285669877,3.53086212201654,2.4922286791402333,True,9,8,True,2.503470903903591,large_n
fdid_ar1_rho.7,21,S1,4.0,10.384294749363997,21,0.08409134562958806,18,2.5960736873409993,2.5487491199075043,1.6755198010192198,2.5927559285669877,3.53086212201654,2.492228690999171,True,9,8,True,2.503470903903591,large_n
fdid_ar1_rho.7,21,S2,0.0,0.0,21,0.08409134562958806,18,2.5960736873409993,2.5487491199075043,2.5487491199075043,2.5927559285669877,2.5927559285669877,2.503470903903591,True,1,0,True,2.503470903903591,large_n
fdid_ar1_rho.7,21,S2,0.5,1.2980368436704997,21,0.08409134562958806,18,2.5960736873409993,2.5487491199075043,2.4395954550464687,2.5927559285669877,2.5927559285669877,2.4922286768996753,True,1,0,True,2.503470903903591,large_n
fdid_ar1_rho.7,21,S2,1.0,2.5960736873409993,21,0.08409134562958806,18,2.5960736873409993,2.5487491199075043,2.330441790185433,2.5927559285669877,2.5927559285669877,2.492228667217862,True,1,0,True,2.503470903903591,large_n
fdid_ar1_rho.7,21,S2,2.0,5.192147374681999,21,0.08409134562958806,18,2.5960736873409993,2.5487491199075043,2.1121344604633623,2.5927559285669877,2.545491589878126,2.4922286791402333,True,2,1,True,2.503470903903591,large_n
fdid_ar1_rho.7,21,S2,4.0,10.384294749363997,21,0.08409134562958806,18,2.5960736873409993,2.5487491199075043,1.6755198010192198,2.5927559285669877,2.4968770874703976,2.492228690999171,True,4,3,True,2.503470903903591,large_n
fdid_ar1_rho.7,22,S1,0.0,0.0,21,0.08708497358221158,18,2.5698611840184005,2.60027477300617,2.60027477300617,2.6150766088878705,2.6759250058974353,2.5181445622359373,False,9,9,True,2.5181445622359373,large_n
fdid_ar1_rho.7,22,S1,0.5,1.2849305920092002,21,0.08708497358221158,18,2.5698611840184005,2.60027477300617,2.4883766263460734,2.6150766088878705,2.6923225756611484,2.3628861753797885,True,9,8,True,2.5181445622359373,large_n
fdid_ar1_rho.7,22,S1,1.0,2.5698611840184005,21,0.08708497358221158,18,2.5698611840184005,2.60027477300617,2.3764784796859764,2.6150766088878705,2.6923225756611484,2.304383600627875,True,9,8,True,2.5181445622359373,large_n
fdid_ar1_rho.7,22,S1,2.0,5.139722368036801,21,0.08708497358221158,18,2.5698611840184005,2.60027477300617,2.152682186365783,2.6150766088878705,2.6923225756611484,2.304383528155649,True,9,8,True,2.5181445622359373,large_n
fdid_ar1_rho.7,22,S1,4.0,10.279444736073602,21,0.08708497358221158,18,2.5698611840184005,2.60027477300617,1.7050895997253963,2.6150766088878705,2.6923225756611484,2.304383647078411,True,9,8,True,2.5181445622359373,large_n
fdid_ar1_rho.7,22,S2,0.0,0.0,21,0.08708497358221158,18,2.5698611840184005,2.60027477300617,2.60027477300617,2.6150766088878705,2.6952661500846657,2.5181445622359373,False,3,3,True,2.5181445622359373,large_n
fdid_ar1_rho.7,22,S2,0.5,1.2849305920092002,21,0.08708497358221158,18,2.5698611840184005,2.60027477300617,2.4883766263460734,2.6150766088878705,2.682790166977111,2.3628861753797885,True,3,2,True,2.5181445622359373,large_n
fdid_ar1_rho.7,22,S2,1.0,2.5698611840184005,21,0.08708497358221158,18,2.5698611840184005,2.60027477300617,2.3764784796859764,2.6150766088878705,2.682790166977111,2.304383600627875,True,3,2,True,2.5181445622359373,large_n
fdid_ar1_rho.7,22,S2,2.0,5.139722368036801,21,0.08708497358221158,18,2.5698611840184005,2.60027477300617,2.152682186365783,2.6150766088878705,2.682790166977111,2.304383528155649,True,3,2,True,2.5181445622359373,large_n
fdid_ar1_rho.7,22,S2,4.0,10.279444736073602,21,0.08708497358221158,18,2.5698611840184005,2.60027477300617,1.7050895997253963,2.6150766088878705,2.6582280990587766,2.304383647078411,True,4,3,True,2.5181445622359373,large_n
fdid_ar1_rho.7,23,S1,0.0,0.0,21,0.08109329410418438,18,3.2937914151390193,3.0634714524355817,3.0634714524355817,3.0421318005711013,3.009940904837619,3.1239286109337243,False,9,9,True,3.1239286109337243,large_n
fdid_ar1_rho.7,23,S1,0.5,1.6468957075695096,21,0.08109329410418438,18,3.2937914151390193,3.0634714524355817,2.9299192544627286,3.0421318005711013,2.834606587236106,2.894464099784218,False,9,9,True,3.1239286109337243,large_n
fdid_ar1_rho.7,23,S1,1.0,3.2937914151390193,21,0.08109329410418438,18,3.2937914151390193,3.0634714524355817,2.7963670564898755,3.0421318005711013,2.9844060129306063,2.7727982367800497,True,9,8,True,3.1239286109337243,large_n
fdid_ar1_rho.7,23,S1,2.0,6.587582830278039,21,0.08109329410418438,18,3.2937914151390193,3.0634714524355817,2.5292626605441693,3.0421318005711013,2.9844060129306063,2.77279834852058,True,9,8,True,3.1239286109337243,large_n
fdid_ar1_rho.7,23,S1,4.0,13.175165660556077,21,0.08109329410418438,18,3.2937914151390193,3.0634714524355817,1.9950538686527572,3.0421318005711013,2.8307997066501427,2.772798308474944,True,9,8,True,3.1239286109337243,large_n
fdid_ar1_rho.7,23,S2,0.0,0.0,21,0.08109329410418438,18,3.2937914151390193,3.0634714524355817,3.0634714524355817,3.0421318005711013,3.056790304862894,3.1239286109337243,False,1,1,True,3.1239286109337243,large_n
fdid_ar1_rho.7,23,S2,0.5,1.6468957075695096,21,0.08109329410418438,18,3.2937914151390193,3.0634714524355817,2.9299192544627286,3.0421318005711013,3.0325511899025708,2.894464099784218,True,2,1,True,3.1239286109337243,large_n
fdid_ar1_rho.7,23,S2,1.0,3.2937914151390193,21,0.08109329410418438,18,3.2937914151390193,3.0634714524355817,2.7963670564898755,3.0421318005711013,3.0325511899025708,2.7727982367800497,True,2,1,True,3.1239286109337243,large_n
fdid_ar1_rho.7,23,S2,2.0,6.587582830278039,21,0.08109329410418438,18,3.2937914151390193,3.0634714524355817,2.5292626605441693,3.0421318005711013,2.9333524864443716,2.77279834852058,True,3,2,True,3.1239286109337243,large_n
fdid_ar1_rho.7,23,S2,4.0,13.175165660556077,21,0.08109329410418438,18,3.2937914151390193,3.0634714524355817,1.9950538686527572,3.0421318005711013,2.9333524864443716,2.772798308474944,True,3,2,True,3.1239286109337243,large_n
fdid_ar1_rho.7,24,S1,0.0,0.0,21,0.07844534663719757,18,3.075756659745524,3.003643150246466,3.003643150246466,3.0136927810048673,3.0715186910197247,2.8747426181402336,False,9,9,True,2.8747426181402336,large_n
fdid_ar1_rho.7,24,S1,0.5,1.537878329872762,21,0.07844534663719757,18,3.075756659745524,3.003643150246466,2.8830037515737628,3.0136927810048673,2.9307469318855537,2.6402288778606,False,9,9,True,2.8747426181402336,large_n
fdid_ar1_rho.7,24,S1,1.0,3.075756659745524,21,0.07844534663719757,18,3.075756659745524,3.003643150246466,2.7623643529010597,3.0136927810048673,2.879576652950541,2.395301753940638,True,9,8,True,2.8747426181402336,large_n
fdid_ar1_rho.7,24,S1,2.0,6.151513319491048,21,0.07844534663719757,18,3.075756659745524,3.003643150246466,2.5210855555556533,3.0136927810048673,2.879576652950541,1.7559230712612677,True,9,8,True,2.8747426181402336,large_n
fdid_ar1_rho.7,24,S1,4.0,12.303026638982097,21,0.07844534663719757,18,3.075756659745524,3.003643150246466,2.0385279608648395,3.0136927810048673,2.879576652950541,0.3576321488525105,True,9,8,True,2.8747426181402336,large_n
fdid_ar1_rho.7,24,S2,0.0,0.0,21,0.07844534663719757,18,3.075756659745524,3.003643150246466,3.003643150246466,3.0136927810048673,3.0128268742692383,2.8747426181402336,False,2,2,True,2.8747426181402336,large_n
fdid_ar1_rho.7,24,S2,0.5,1.537878329872762,21,0.07844534663719757,18,3.075756659745524,3.003643150246466,2.8830037515737628,3.0136927810048673,2.891818101528227,2.6402288778606,False,2,2,True,2.8747426181402336,large_n
fdid_ar1_rho.7,24,S2,1.0,3.075756659745524,21,0.07844534663719757,18,3.075756659745524,3.003643150246466,2.7623643529010597,3.0136927810048673,3.022934190338811,2.395301753940638,True,3,2,True,2.8747426181402336,large_n
fdid_ar1_rho.7,24,S2,2.0,6.151513319491048,21,0.07844534663719757,18,3.075756659745524,3.003643150246466,2.5210855555556533,3.0136927810048673,2.9884203315914233,1.7559230712612677,True,2,1,True,2.8747426181402336,large_n
fdid_ar1_rho.7,24,S2,4.0,12.303026638982097,21,0.07844534663719757,18,3.075756659745524,3.003643150246466,2.0385279608648395,3.0136927810048673,2.911833484904534,0.3576321488525105,True,5,4,True,2.8747426181402336,large_n
fdid_ar1_rho.7,25,S1,0.0,0.0,21,0.09211537732173039,18,2.4057101966176626,2.7476520664688304,2.7476520664688304,2.6792843046219788,2.699279714704998,2.810708064375384,False,9,9,False,2.810708064375384,large_n
fdid_ar1_rho.7,25,S1,0.5,1.2028550983088313,21,0.09211537732173039,18,2.4057101966176626,2.7476520664688304,2.6368506152247453,2.6792843046219788,2.5857297316797263,2.5892060110358748,False,9,9,False,2.810708064375384,large_n
fdid_ar1_rho.7,25,S1,1.0,2.4057101966176626,21,0.09211537732173039,18,2.4057101966176626,2.7476520664688304,2.5260491639806597,2.6792843046219788,2.6500079270176395,2.3630228106227573,True,9,8,False,2.810708064375384,large_n
fdid_ar1_rho.7,25,S1,2.0,4.811420393235325,21,0.09211537732173039,18,2.4057101966176626,2.7476520664688304,2.30444626149249,2.6792843046219788,2.6500079270176395,1.8992531513500783,True,9,8,False,2.810708064375384,large_n
fdid_ar1_rho.7,25,S1,4.0,9.62284078647065,21,0.09211537732173039,18,2.4057101966176626,2.7476520664688304,1.8612404565161498,2.6792843046219788,2.6500079270176395,1.0288866544742095,True,9,8,False,2.810708064375384,large_n
fdid_ar1_rho.7,25,S2,0.0,0.0,21,0.09211537732173039,18,2.4057101966176626,2.7476520664688304,2.7476520664688304,2.6792843046219788,2.775673951534454,2.810708064375384,False,4,4,False,2.810708064375384,large_n
fdid_ar1_rho.7,25,S2,0.5,1.2028550983088313,21,0.09211537732173039,18,2.4057101966176626,2.7476520664688304,2.6368506152247453,2.6792843046219788,2.7050116068025054,2.5892060110358748,True,5,4,False,2.810708064375384,large_n
fdid_ar1_rho.7,25,S2,1.0,2.4057101966176626,21,0.09211537732173039,18,2.4057101966176626,2.7476520664688304,2.5260491639806597,2.6792843046219788,2.71331473581245,2.3630228106227573,True,6,5,False,2.810708064375384,large_n
fdid_ar1_rho.7,25,S2,2.0,4.811420393235325,21,0.09211537732173039,18,2.4057101966176626,2.7476520664688304,2.30444626149249,2.6792843046219788,2.71331473581245,1.8992531513500783,True,6,5,False,2.810708064375384,large_n
fdid_ar1_rho.7,25,S2,4.0,9.62284078647065,21,0.09211537732173039,18,2.4057101966176626,2.7476520664688304,1.8612404565161498,2.6792843046219788,2.6817532368856316,1.0288866544742095,True,6,5,False,2.810708064375384,large_n
fdid_ar1_rho.7,26,S1,0.0,0.0,21,0.07567245543295208,18,2.5714132038267405,2.870883054828348,2.870883054828348,2.915712484781093,2.4902569810180286,2.8070269170455093,False,9,9,True,2.8070269170455093,large_n
fdid_ar1_rho.7,26,S1,0.5,1.2857066019133703,21,0.07567245543295208,18,2.5714132038267405,2.870883054828348,2.7735904792952057,2.915712484781093,2.6234919059237156,2.7063159423106717,True,9,8,True,2.8070269170455093,large_n
fdid_ar1_rho.7,26,S1,1.0,2.5714132038267405,21,0.07567245543295208,18,2.5714132038267405,2.870883054828348,2.6762979037620642,2.915712484781093,2.6234919059237156,2.704376202459582,True,9,8,True,2.8070269170455093,large_n
fdid_ar1_rho.7,26,S1,2.0,5.142826407653481,21,0.07567245543295208,18,2.5714132038267405,2.870883054828348,2.4817127526957803,2.915712484781093,2.6234919059237156,2.7043753017198235,True,9,8,True,2.8070269170455093,large_n
fdid_ar1_rho.7,26,S1,4.0,10.285652815306962,21,0.07567245543295208,18,2.5714132038267405,2.870883054828348,2.0925424505632138,2.915712484781093,2.6234919059237156,2.704375051918269,True,9,8,True,2.8070269170455093,large_n
fdid_ar1_rho.7,26,S2,0.0,0.0,21,0.07567245543295208,18,2.5714132038267405,2.870883054828348,2.870883054828348,2.915712484781093,2.866049866646691,2.8070269170455093,False,1,1,True,2.8070269170455093,large_n
fdid_ar1_rho.7,26,S2,0.5,1.2857066019133703,21,0.07567245543295208,18,2.5714132038267405,2.870883054828348,2.7735904792952057,2.915712484781093,2.911550969070931,2.7063159423106717,True,2,1,True,2.8070269170455093,large_n
fdid_ar1_rho.7,26,S2,1.0,2.5714132038267405,21,0.07567245543295208,18,2.5714132038267405,2.870883054828348,2.6762979037620642,2.915712484781093,2.911550969070931,2.704376202459582,True,2,1,True,2.8070269170455093,large_n
fdid_ar1_rho.7,26,S2,2.0,5.142826407653481,21,0.07567245543295208,18,2.5714132038267405,2.870883054828348,2.4817127526957803,2.915712484781093,2.911550969070931,2.7043753017198235,True,2,1,True,2.8070269170455093,large_n
fdid_ar1_rho.7,26,S2,4.0,10.285652815306962,21,0.07567245543295208,18,2.5714132038267405,2.870883054828348,2.0925424505632138,2.915712484781093,2.898045216942844,2.704375051918269,True,3,2,True,2.8070269170455093,large_n
fdid_ar1_rho.7,27,S1,0.0,0.0,21,0.07591746268527982,18,2.346749820079947,2.545942023750173,2.545942023750173,2.528507415156785,2.7797133955632534,2.5214799915822033,False,9,9,True,2.5214799915822033,large_n
fdid_ar1_rho.7,27,S1,0.5,1.1733749100399735,21,0.07591746268527982,18,2.346749820079947,2.545942023750173,2.45686237780137,2.528507415156785,2.6848321449110215,2.418625381498634,True,9,8,True,2.5214799915822033,large_n
fdid_ar1_rho.7,27,S1,1.0,2.346749820079947,21,0.07591746268527982,18,2.346749820079947,2.545942023750173,2.3677827318525666,2.528507415156785,2.52488078518073,2.3408857241995946,True,9,8,True,2.5214799915822033,large_n
fdid_ar1_rho.7,27,S1,2.0,4.693499640159894,21,0.07591746268527982,18,2.346749820079947,2.545942023750173,2.1896234399549597,2.528507415156785,2.52488078518073,2.340885715340012,True,9,8,True,2.5214799915822033,large_n
fdid_ar1_rho.7,27,S1,4.0,9.386999280319788,21,0.07591746268527982,18,2.346749820079947,2.545942023750173,1.8333048561597471,2.528507415156785,2.4874351533322523,2.340885748112008,True,9,8,True,2.5214799915822033,large_n
fdid_ar1_rho.7,27,S2,0.0,0.0,21,0.07591746268527982,18,2.346749820079947,2.545942023750173,2.545942023750173,2.528507415156785,2.545942023750173,2.5214799915822033,False,0,0,True,2.5214799915822033,large_n
fdid_ar1_rho.7,27,S2,0.5,1.1733749100399735,21,0.07591746268527982,18,2.346749820079947,2.545942023750173,2.45686237780137,2.528507415156785,2.45686237780137,2.418625381498634,False,0,0,True,2.5214799915822033,large_n
fdid_ar1_rho.7,27,S2,1.0,2.346749820079947,21,0.07591746268527982,18,2.346749820079947,2.545942023750173,2.3677827318525666,2.528507415156785,2.528507415156785,2.3408857241995946,True,1,0,True,2.5214799915822033,large_n
fdid_ar1_rho.7,27,S2,2.0,4.693499640159894,21,0.07591746268527982,18,2.346749820079947,2.545942023750173,2.1896234399549597,2.528507415156785,2.528507415156785,2.340885715340012,True,1,0,True,2.5214799915822033,large_n
fdid_ar1_rho.7,27,S2,4.0,9.386999280319788,21,0.07591746268527982,18,2.346749820079947,2.545942023750173,1.8333048561597471,2.528507415156785,2.4613946304090106,2.340885748112008,True,3,2,True,2.5214799915822033,large_n
fdid_ar1_rho.7,28,S1,0.0,0.0,21,0.0765810026212085,18,2.512167917417205,2.3515897267876484,2.3515897267876484,2.3557233522907524,2.5883612263882707,2.1960621098261486,False,9,9,True,2.1960621098261486,large_n
fdid_ar1_rho.7,28,S1,0.5,1.2560839587086026,21,0.0765810026212085,18,2.512167917417205,2.3515897267876484,2.2553975578533274,2.3557233522907524,2.393320871144156,2.13446023162558,True,9,8,True,2.1960621098261486,large_n
fdid_ar1_rho.7,28,S1,1.0,2.512167917417205,21,0.0765810026212085,18,2.512167917417205,2.3515897267876484,2.159205388919005,2.3557233522907524,2.393320871144156,2.1344597973495523,True,9,8,True,2.1960621098261486,large_n
fdid_ar1_rho.7,28,S1,2.0,5.02433583483441,21,0.0765810026212085,18,2.512167917417205,2.3515897267876484,1.9668210510503628,2.3557233522907524,2.393320871144156,2.1344599471132257,True,9,8,True,2.1960621098261486,large_n
fdid_ar1_rho.7,28,S1,4.0,10.04867166966882,21,0.0765810026212085,18,2.512167917417205,2.3515897267876484,1.582052375313077,2.3557233522907524,2.3777545343419573,2.134459859692183,True,9,8,True,2.1960621098261486,large_n
fdid_ar1_rho.7,28,S2,0.0,0.0,21,0.0765810026212085,18,2.512167917417205,2.3515897267876484,2.3515897267876484,2.3557233522907524,2.3515897267876484,2.1960621098261486,False,0,0,True,2.1960621098261486,large_n
fdid_ar1_rho.7,28,S2,0.5,1.2560839587086026,21,0.0765810026212085,18,2.512167917417205,2.3515897267876484,2.2553975578533274,2.3557233522907524,2.3279496319501107,2.13446023162558,True,2,1,True,2.1960621098261486,large_n
fdid_ar1_rho.7,28,S2,1.0,2.512167917417205,21,0.0765810026212085,18,2.512167917417205,2.3515897267876484,2.159205388919005,2.3557233522907524,2.3279496319501107,2.1344597973495523,True,2,1,True,2.1960621098261486,large_n
fdid_ar1_rho.7,28,S2,2.0,5.02433583483441,21,0.0765810026212085,18,2.512167917417205,2.3515897267876484,1.9668210510503628,2.3557233522907524,2.3279496319501107,2.1344599471132257,True,2,1,True,2.1960621098261486,large_n
fdid_ar1_rho.7,28,S2,4.0,10.04867166966882,21,0.0765810026212085,18,2.512167917417205,2.3515897267876484,1.582052375313077,2.3557233522907524,2.352171470861535,2.134459859692183,True,7,6,True,2.1960621098261486,large_n
fdid_ar1_rho.7,29,S1,0.0,0.0,21,0.0764146822965566,18,2.4371773154638094,2.7433430566909798,2.7433430566909798,2.787613407903558,2.617148846885478,2.446409121641575,False,9,9,True,2.446409121641575,large_n
fdid_ar1_rho.7,29,S1,0.5,1.2185886577319047,21,0.0764146822965566,18,2.4371773154638094,2.7433430566909798,2.650224991560209,2.787613407903558,2.562260172696301,2.295305144779043,True,9,8,True,2.446409121641575,large_n
fdid_ar1_rho.7,29,S1,1.0,2.4371773154638094,21,0.0764146822965566,18,2.4371773154638094,2.7433430566909798,2.5571069264294386,2.787613407903558,2.562260172696301,2.2432767575573234,True,9,8,True,2.446409121641575,large_n
fdid_ar1_rho.7,29,S1,2.0,4.874354630927619,21,0.0764146822965566,18,2.4371773154638094,2.7433430566909798,2.370870796167897,2.787613407903558,2.562260172696301,2.243276819224155,True,9,8,True,2.446409121641575,large_n
fdid_ar1_rho.7,29,S1,4.0,9.748709261855238,21,0.0764146822965566,18,2.4371773154638094,2.7433430566909798,1.9983985356448137,2.787613407903558,2.418777792781022,2.243276857116922,True,9,8,True,2.446409121641575,large_n
fdid_ar1_rho.7,29,S2,0.0,0.0,21,0.0764146822965566,18,2.4371773154638094,2.7433430566909798,2.7433430566909798,2.787613407903558,2.7478338419050194,2.446409121641575,False,1,1,True,2.446409121641575,large_n
fdid_ar1_rho.7,29,S2,0.5,1.2185886577319047,21,0.0764146822965566,18,2.4371773154638094,2.7433430566909798,2.650224991560209,2.787613407903558,2.7921036617768182,2.295305144779043,True,2,1,True,2.446409121641575,large_n
fdid_ar1_rho.7,29,S2,1.0,2.4371773154638094,21,0.0764146822965566,18,2.4371773154638094,2.7433430566909798,2.5571069264294386,2.787613407903558,2.7921036617768182,2.2432767575573234,True,2,1,True,2.446409121641575,large_n
fdid_ar1_rho.7,29,S2,2.0,4.874354630927619,21,0.0764146822965566,18,2.4371773154638094,2.7433430566909798,2.370870796167897,2.787613407903558,2.7921036617768182,2.243276819224155,True,2,1,True,2.446409121641575,large_n
fdid_ar1_rho.7,29,S2,4.0,9.748709261855238,21,0.0764146822965566,18,2.4371773154638094,2.7433430566909798,1.9983985356448137,2.787613407903558,2.7094736767742287,2.243276857116922,True,5,4,True,2.446409121641575,large_n
fdid_ar1_rho.7,30,S1,0.0,0.0,21,0.08572767435171726,18,3.0408085996332126,3.2146595444432284,3.2146595444432284,3.2022306597352364,3.1654912096757477,1.853471549532685,False,9,9,False,1.853471549532685,large_n
fdid_ar1_rho.7,30,S1,0.5,1.5204042998166063,21,0.08572767435171726,18,3.0408085996332126,3.2146595444432284,3.0843188197455995,3.2022306597352364,3.1769462116168254,1.6645890006379966,True,9,8,False,1.853471549532685,large_n
fdid_ar1_rho.7,30,S1,1.0,3.0408085996332126,21,0.08572767435171726,18,3.0408085996332126,3.2146595444432284,2.9539780950479706,3.2022306597352364,3.1769462116168254,1.0032999400334024,True,9,8,False,1.853471549532685,large_n
fdid_ar1_rho.7,30,S1,2.0,6.081617199266425,21,0.08572767435171726,18,3.0408085996332126,3.2146595444432284,2.6932966456527137,3.2022306597352364,3.1861379997573884,0.18508861501124496,True,9,8,False,1.853471549532685,large_n
fdid_ar1_rho.7,30,S1,4.0,12.16323439853285,21,0.08572767435171726,18,3.0408085996332126,3.2146595444432284,2.1719337468621984,3.2022306597352364,3.1512507275239217,0.1850886232794262,True,9,8,False,1.853471549532685,large_n
fdid_ar1_rho.7,30,S2,0.0,0.0,21,0.08572767435171726,18,3.0408085996332126,3.2146595444432284,3.2146595444432284,3.2022306597352364,3.2468332017355563,1.853471549532685,False,1,1,False,1.853471549532685,large_n
fdid_ar1_rho.7,30,S2,0.5,1.5204042998166063,21,0.08572767435171726,18,3.0408085996332126,3.2146595444432284,3.0843188197455995,3.2022306597352364,3.2364881014948566,1.6645890006379966,True,2,1,False,1.853471549532685,large_n
fdid_ar1_rho.7,30,S2,1.0,3.0408085996332126,21,0.08572767435171726,18,3.0408085996332126,3.2146595444432284,2.9539780950479706,3.2022306597352364,3.2364881014948566,1.0032999400334024,True,2,1,False,1.853471549532685,large_n
fdid_ar1_rho.7,30,S2,2.0,6.081617199266425,21,0.08572767435171726,18,3.0408085996332126,3.2146595444432284,2.6932966456527137,3.2022306597352364,3.2364881014948566,0.18508861501124496,True,2,1,False,1.853471549532685,large_n
fdid_ar1_rho.7,30,S2,4.0,12.16323439853285,21,0.08572767435171726,18,3.0408085996332126,3.2146595444432284,2.1719337468621984,3.2022306597352364,3.1412626995265107,0.1850886232794262,True,6,5,False,1.853471549532685,large_n
fdid_ar1_rho.7,31,S1,0.0,0.0,21,0.087382984910931,18,2.2742121536805744,2.2728304008408777,2.2728304008408777,2.3156420068785075,0.5271258991276858,2.4712402309786032,False,9,9,True,2.4712402309786032,large_n
fdid_ar1_rho.7,31,S1,0.5,1.1371060768402872,21,0.087382984910931,18,2.2742121536805744,2.2728304008408777,2.173466677686215,2.3156420068785075,1.957754025376584,2.3857360457892662,True,9,8,True,2.4712402309786032,large_n
fdid_ar1_rho.7,31,S1,1.0,2.2742121536805744,21,0.087382984910931,18,2.2742121536805744,2.2728304008408777,2.074102954531552,2.3156420068785075,1.957754025376584,2.3399635220448145,True,9,8,True,2.4712402309786032,large_n
fdid_ar1_rho.7,31,S1,2.0,4.548424307361149,21,0.087382984910931,18,2.2742121536805744,2.2728304008408777,1.8753755082222265,2.3156420068785075,1.957754025376584,2.3399633391084302,True,9,8,True,2.4712402309786032,large_n
fdid_ar1_rho.7,31,S1,4.0,9.096848614722298,21,0.087382984910931,18,2.2742121536805744,2.2728304008408777,1.4779206156035756,2.3156420068785075,1.754329023184131,2.339963643605527,True,9,8,True,2.4712402309786032,large_n
fdid_ar1_rho.7,31,S2,0.0,0.0,21,0.087382984910931,18,2.2742121536805744,2.2728304008408777,2.2728304008408777,2.3156420068785075,2.2728304008408777,2.4712402309786032,False,0,0,True,2.4712402309786032,large_n
fdid_ar1_rho.7,31,S2,0.5,1.1371060768402872,21,0.087382984910931,18,2.2742121536805744,2.2728304008408777,2.173466677686215,2.3156420068785075,2.3156420068785075,2.3857360457892662,True,1,0,True,2.4712402309786032,large_n
fdid_ar1_rho.7,31,S2,1.0,2.2742121536805744,21,0.087382984910931,18,2.2742121536805744,2.2728304008408777,2.074102954531552,2.3156420068785075,2.3156420068785075,2.3399635220448145,True,1,0,True,2.4712402309786032,large_n
fdid_ar1_rho.7,31,S2,2.0,4.548424307361149,21,0.087382984910931,18,2.2742121536805744,2.2728304008408777,1.8753755082222265,2.3156420068785075,2.3156420068785075,2.3399633391084302,True,1,0,True,2.4712402309786032,large_n
fdid_ar1_rho.7,31,S2,4.0,9.096848614722298,21,0.087382984910931,18,2.2742121536805744,2.2728304008408777,1.4779206156035756,2.3156420068785075,2.2610187739040652,2.339963643605527,True,3,2,True,2.4712402309786032,large_n
fdid_ar1_rho.7,32,S1,0.0,0.0,21,0.08666611354584547,18,2.849417414015828,3.72087574420035,3.72087574420035,3.7182921482377678,3.7178156588677354,3.554568978382303,True,9,8,False,3.554568978382303,large_n
fdid_ar1_rho.7,32,S1,0.5,1.424708707007914,21,0.08666611354584547,18,2.849417414015828,3.72087574420035,3.597401777629048,3.7182921482377678,3.7178156588677354,3.478655780241363,True,9,8,False,3.554568978382303,large_n
fdid_ar1_rho.7,32,S1,1.0,2.849417414015828,21,0.08666611354584547,18,2.849417414015828,3.72087574420035,3.473927811057746,3.7182921482377678,3.5858522825272985,3.4786556723449253,True,9,8,False,3.554568978382303,large_n
fdid_ar1_rho.7,32,S1,2.0,5.698834828031656,21,0.08666611354584547,18,2.849417414015828,3.72087574420035,3.22697987791514,3.7182921482377678,3.5858522825272985,3.4786557544320384,True,9,8,False,3.554568978382303,large_n
fdid_ar1_rho.7,32,S1,4.0,11.397669656063313,21,0.08666611354584547,18,2.849417414015828,3.72087574420035,2.7330840116299298,3.7182921482377678,3.609786507297872,3.47865576043045,True,9,8,False,3.554568978382303,large_n
fdid_ar1_rho.7,32,S2,0.0,0.0,21,0.08666611354584547,18,2.849417414015828,3.72087574420035,3.72087574420035,3.7182921482377678,3.72087574420035,3.554568978382303,False,0,0,False,3.554568978382303,large_n
fdid_ar1_rho.7,32,S2,0.5,1.424708707007914,21,0.08666611354584547,18,2.849417414015828,3.72087574420035,3.597401777629048,3.7182921482377678,3.7182921482377678,3.478655780241363,True,1,0,False,3.554568978382303,large_n
fdid_ar1_rho.7,32,S2,1.0,2.849417414015828,21,0.08666611354584547,18,2.849417414015828,3.72087574420035,3.473927811057746,3.7182921482377678,3.691407353465287,3.4786556723449253,True,3,2,False,3.554568978382303,large_n
fdid_ar1_rho.7,32,S2,2.0,5.698834828031656,21,0.08666611354584547,18,2.849417414015828,3.72087574420035,3.22697987791514,3.7182921482377678,3.634197817374241,3.4786557544320384,True,5,4,False,3.554568978382303,large_n
fdid_ar1_rho.7,32,S2,4.0,11.397669656063313,21,0.08666611354584547,18,2.849417414015828,3.72087574420035,2.7330840116299298,3.7182921482377678,3.6319893769964,3.47865576043045,True,7,6,False,3.554568978382303,large_n
fdid_ar1_rho.7,33,S1,0.0,0.0,21,0.08145845378806155,18,3.1254884586909033,3.0942777165574,3.0942777165574,3.0629491977518515,2.8299391818035504,2.9073258680016654,True,9,8,True,2.9073258680016654,large_n
fdid_ar1_rho.7,33,S1,0.5,1.5627442293454517,21,0.08145845378806155,18,3.1254884586909033,3.0942777165574,2.9669789879687043,3.0629491977518515,2.553244988325445,2.5082968157286762,True,9,8,True,2.9073258680016654,large_n
fdid_ar1_rho.7,33,S1,1.0,3.1254884586909033,21,0.08145845378806155,18,3.1254884586909033,3.0942777165574,2.8396802593800072,3.0629491977518515,2.553244988325445,2.405081081706342,True,9,8,True,2.9073258680016654,large_n
fdid_ar1_rho.7,33,S1,2.0,6.250976917381807,21,0.08145845378806155,18,3.1254884586909033,3.0942777165574,2.5850828022026153,3.0629491977518515,2.655597742793428,2.405081398262629,True,9,8,True,2.9073258680016654,large_n
fdid_ar1_rho.7,33,S1,4.0,12.501953834763613,21,0.08145845378806155,18,3.1254884586909033,3.0942777165574,2.0758878878478297,3.0629491977518515,2.9098954828294357,2.405081574830432,True,9,8,True,2.9073258680016654,large_n
fdid_ar1_rho.7,33,S2,0.0,0.0,21,0.08145845378806155,18,3.1254884586909033,3.0942777165574,3.0942777165574,3.0629491977518515,3.1092583277089783,2.9073258680016654,False,2,2,True,2.9073258680016654,large_n
fdid_ar1_rho.7,33,S2,0.5,1.5627442293454517,21,0.08145845378806155,18,3.1254884586909033,3.0942777165574,2.9669789879687043,3.0629491977518515,3.093309001166326,2.5082968157286762,True,4,3,True,2.9073258680016654,large_n
fdid_ar1_rho.7,33,S2,1.0,3.1254884586909033,21,0.08145845378806155,18,3.1254884586909033,3.0942777165574,2.8396802593800072,3.0629491977518515,3.093309001166326,2.405081081706342,True,4,3,True,2.9073258680016654,large_n
fdid_ar1_rho.7,33,S2,2.0,6.250976917381807,21,0.08145845378806155,18,3.1254884586909033,3.0942777165574,2.5850828022026153,3.0629491977518515,3.0120453566085446,2.405081398262629,True,8,7,True,2.9073258680016654,large_n
fdid_ar1_rho.7,33,S2,4.0,12.501953834763613,21,0.08145845378806155,18,3.1254884586909033,3.0942777165574,2.0758878878478297,3.0629491977518515,2.880321923016562,2.405081574830432,True,12,11,True,2.9073258680016654,large_n
fdid_ar1_rho.7,34,S1,0.0,0.0,21,0.07808495117716821,18,3.163469832366135,3.386185858818267,3.386185858818267,3.3432585624648454,3.4771642056161136,3.2391896540151244,False,9,9,True,3.2391896540151244,large_n
fdid_ar1_rho.7,34,S1,0.5,1.5817349161830676,21,0.07808495117716821,18,3.163469832366135,3.386185858818267,3.2626761651128904,3.3432585624648454,3.4529729835688676,3.1982058911572073,True,9,8,True,3.2391896540151244,large_n
fdid_ar1_rho.7,34,S1,1.0,3.163469832366135,21,0.07808495117716821,18,3.163469832366135,3.386185858818267,3.1391664714075125,3.3432585624648454,3.4529729835688676,3.179142834053206,True,9,8,True,3.2391896540151244,large_n
fdid_ar1_rho.7,34,S1,2.0,6.32693966473227,21,0.07808495117716821,18,3.163469832366135,3.386185858818267,2.892147083996759,3.3432585624648454,3.4529729835688676,3.1791427716229106,True,9,8,True,3.2391896540151244,large_n
fdid_ar1_rho.7,34,S1,4.0,12.65387932946454,21,0.07808495117716821,18,3.163469832366135,3.386185858818267,2.398108309175251,3.3432585624648454,3.4529729835688676,3.1791427854109693,True,9,8,True,3.2391896540151244,large_n
fdid_ar1_rho.7,34,S2,0.0,0.0,21,0.07808495117716821,18,3.163469832366135,3.386185858818267,3.386185858818267,3.3432585624648454,3.3498187755702515,3.2391896540151244,False,3,3,True,3.2391896540151244,large_n
fdid_ar1_rho.7,34,S2,0.5,1.5817349161830676,21,0.07808495117716821,18,3.163469832366135,3.386185858818267,3.2626761651128904,3.3432585624648454,3.2051376307843595,3.1982058911572073,False,2,2,True,3.2391896540151244,large_n
fdid_ar1_rho.7,34,S2,1.0,3.163469832366135,21,0.07808495117716821,18,3.163469832366135,3.386185858818267,3.1391664714075125,3.3432585624648454,3.2857190804403063,3.179142834053206,True,3,2,True,3.2391896540151244,large_n
fdid_ar1_rho.7,34,S2,2.0,6.32693966473227,21,0.07808495117716821,18,3.163469832366135,3.386185858818267,2.892147083996759,3.3432585624648454,3.2857190804403063,3.1791427716229106,True,3,2,True,3.2391896540151244,large_n
fdid_ar1_rho.7,34,S2,4.0,12.65387932946454,21,0.07808495117716821,18,3.163469832366135,3.386185858818267,2.398108309175251,3.3432585624648454,3.2761335486025187,3.1791427854109693,True,4,3,True,3.2391896540151244,large_n
fdid_ar1_rho.7,35,S1,0.0,0.0,21,0.08893249596656518,18,2.6116179890945395,2.5666285345619086,2.5666285345619086,2.536800819802413,2.3485424791036476,2.564560049255351,True,9,8,True,2.564560049255351,large_n
fdid_ar1_rho.7,35,S1,0.5,1.3058089945472697,21,0.08893249596656518,18,2.6116179890945395,2.5666285345619086,2.450499681421229,2.536800819802413,2.3485424791036476,2.5323267595632535,True,9,8,True,2.564560049255351,large_n
fdid_ar1_rho.7,35,S1,1.0,2.6116179890945395,21,0.08893249596656518,18,2.6116179890945395,2.5666285345619086,2.3343708282805493,2.536800819802413,2.432395251544899,2.532326782750175,True,9,8,True,2.564560049255351,large_n
fdid_ar1_rho.7,35,S1,2.0,5.223235978189079,21,0.08893249596656518,18,2.6116179890945395,2.5666285345619086,2.10211312199919,2.536800819802413,2.4205809687457456,2.5323267843231347,True,9,8,True,2.564560049255351,large_n
fdid_ar1_rho.7,35,S1,4.0,10.446471956378158,21,0.08893249596656518,18,2.6116179890945395,2.5666285345619086,1.6375977094364718,2.536800819802413,2.4654048568654425,2.532326762441178,True,9,8,True,2.564560049255351,large_n
fdid_ar1_rho.7,35,S2,0.0,0.0,21,0.08893249596656518,18,2.6116179890945395,2.5666285345619086,2.5666285345619086,2.536800819802413,2.520720377573849,2.564560049255351,True,2,1,True,2.564560049255351,large_n
fdid_ar1_rho.7,35,S2,0.5,1.3058089945472697,21,0.08893249596656518,18,2.6116179890945395,2.5666285345619086,2.450499681421229,2.536800819802413,2.5509183305467835,2.5323267595632535,True,3,2,True,2.564560049255351,large_n
fdid_ar1_rho.7,35,S2,1.0,2.6116179890945395,21,0.08893249596656518,18,2.6116179890945395,2.5666285345619086,2.3343708282805493,2.536800819802413,2.5509183305467835,2.532326782750175,True,3,2,True,2.564560049255351,large_n
fdid_ar1_rho.7,35,S2,2.0,5.223235978189079,21,0.08893249596656518,18,2.6116179890945395,2.5666285345619086,2.10211312199919,2.536800819802413,2.530607648445498,2.5323267843231347,True,4,3,True,2.564560049255351,large_n
fdid_ar1_rho.7,35,S2,4.0,10.446471956378158,21,0.08893249596656518,18,2.6116179890945395,2.5666285345619086,1.6375977094364718,2.536800819802413,2.5098403569766705,2.532326762441178,True,9,8,True,2.564560049255351,large_n
fdid_ar1_rho.7,36,S1,0.0,0.0,21,0.07637654933041266,18,2.48898951188605,2.7654659114763986,2.7654659114763986,2.8138792353020396,3.400866466985647,2.6844329724230196,False,9,9,True,2.6844329724230196,large_n
fdid_ar1_rho.7,36,S1,0.5,1.244494755943025,21,0.07637654933041266,18,2.48898951188605,2.7654659114763986,2.6704156963576766,2.8138792353020396,3.095648077357827,2.617448586115068,True,9,8,True,2.6844329724230196,large_n
fdid_ar1_rho.7,36,S1,1.0,2.48898951188605,21,0.07637654933041266,18,2.48898951188605,2.7654659114763986,2.575365481238954,2.8138792353020396,3.095648077357827,2.6096448324756825,True,9,8,True,2.6844329724230196,large_n
fdid_ar1_rho.7,36,S1,2.0,4.9779790237721,21,0.07637654933041266,18,2.48898951188605,2.7654659114763986,2.385265051001509,2.8138792353020396,3.095648077357827,2.60964486972444,True,9,8,True,2.6844329724230196,large_n
fdid_ar1_rho.7,36,S1,4.0,9.9559580475442,21,0.07637654933041266,18,2.48898951188605,2.7654659114763986,2.00506419052662,2.8138792353020396,3.0617456840396757,2.6096448626932975,True,9,8,True,2.6844329724230196,large_n
fdid_ar1_rho.7,36,S2,0.0,0.0,21,0.07637654933041266,18,2.48898951188605,2.7654659114763986,2.7654659114763986,2.8138792353020396,2.8388270524988855,2.6844329724230196,False,5,5,True,2.6844329724230196,large_n
fdid_ar1_rho.7,36,S2,0.5,1.244494755943025,21,0.07637654933041266,18,2.48898951188605,2.7654659114763986,2.6704156963576766,2.8138792353020396,2.8769098031912668,2.617448586115068,True,7,6,True,2.6844329724230196,large_n
fdid_ar1_rho.7,36,S2,1.0,2.48898951188605,21,0.07637654933041266,18,2.48898951188605,2.7654659114763986,2.575365481238954,2.8138792353020396,2.8769098031912668,2.6096448324756825,True,7,6,True,2.6844329724230196,large_n
fdid_ar1_rho.7,36,S2,2.0,4.9779790237721,21,0.07637654933041266,18,2.48898951188605,2.7654659114763986,2.385265051001509,2.8138792353020396,2.8004618647094746,2.60964486972444,True,8,7,True,2.6844329724230196,large_n
fdid_ar1_rho.7,36,S2,4.0,9.9559580475442,21,0.07637654933041266,18,2.48898951188605,2.7654659114763986,2.00506419052662,2.8138792353020396,2.8004618647094746,2.6096448626932975,True,8,7,True,2.6844329724230196,large_n
fdid_ar1_rho.7,37,S1,0.0,0.0,21,0.09485823860879505,18,3.3685345279182832,2.996381796942984,2.996381796942984,2.974271854554938,3.018317294621915,3.1253057245565055,False,9,9,True,3.1253057245565055,large_n
fdid_ar1_rho.7,37,S1,0.5,1.6842672639591416,21,0.09485823860879505,18,3.3685345279182832,2.996381796942984,2.8366151709373653,2.974271854554938,2.8384260337928646,2.7715864176525336,False,9,9,True,3.1253057245565055,large_n
fdid_ar1_rho.7,37,S1,1.0,3.3685345279182832,21,0.09485823860879505,18,3.3685345279182832,2.996381796942984,2.6768485449317465,2.974271854554938,2.975290708605061,2.4080406761189117,True,9,8,True,3.1253057245565055,large_n
fdid_ar1_rho.7,37,S1,2.0,6.7370690558365665,21,0.09485823860879505,18,3.3685345279182832,2.996381796942984,2.3573152929205095,2.974271854554938,2.923704117015191,2.408040859629336,True,9,8,True,3.1253057245565055,large_n
fdid_ar1_rho.7,37,S1,4.0,13.474138111673133,21,0.09485823860879505,18,3.3685345279182832,2.996381796942984,1.7182487888980347,2.974271854554938,2.8781318330048626,2.408040733204478,True,9,8,True,3.1253057245565055,large_n
fdid_ar1_rho.7,37,S2,0.0,0.0,21,0.09485823860879505,18,3.3685345279182832,2.996381796942984,2.996381796942984,2.974271854554938,3.005909103784906,3.1253057245565055,False,2,2,True,3.1253057245565055,large_n
fdid_ar1_rho.7,37,S2,0.5,1.6842672639591416,21,0.09485823860879505,18,3.3685345279182832,2.996381796942984,2.8366151709373653,2.974271854554938,2.7778574094667094,2.7715864176525336,False,2,2,True,3.1253057245565055,large_n
fdid_ar1_rho.7,37,S2,1.0,3.3685345279182832,21,0.09485823860879505,18,3.3685345279182832,2.996381796942984,2.6768485449317465,2.974271854554938,2.9536232305874646,2.4080406761189117,True,3,2,True,3.1253057245565055,large_n
fdid_ar1_rho.7,37,S2,2.0,6.7370690558365665,21,0.09485823860879505,18,3.3685345279182832,2.996381796942984,2.3573152929205095,2.974271854554938,2.9300248399684827,2.408040859629336,True,2,1,True,3.1253057245565055,large_n
fdid_ar1_rho.7,37,S2,4.0,13.474138111673133,21,0.09485823860879505,18,3.3685345279182832,2.996381796942984,1.7182487888980347,2.974271854554938,2.8798467830641234,2.408040733204478,True,5,4,True,3.1253057245565055,large_n
fdid_ar1_rho.7,38,S1,0.0,0.0,21,0.082599061374899,18,2.4714474939416906,2.6368818317680374,2.6368818317680374,2.638131738981035,2.6222577659697417,2.5086386705349213,True,9,8,True,2.5086386705349213,large_n
fdid_ar1_rho.7,38,S1,0.5,1.2357237469708453,21,0.082599061374899,18,2.4714474939416906,2.6368818317680374,2.534812210149572,2.638131738981035,2.6222577659697417,2.476192075691128,True,9,8,True,2.5086386705349213,large_n
fdid_ar1_rho.7,38,S1,1.0,2.4714474939416906,21,0.082599061374899,18,2.4714474939416906,2.6368818317680374,2.432742588531107,2.638131738981035,2.6222577659697417,2.476191817910813,True,9,8,True,2.5086386705349213,large_n
fdid_ar1_rho.7,38,S1,2.0,4.942894987883381,21,0.082599061374899,18,2.4714474939416906,2.6368818317680374,2.2286033452941774,2.638131738981035,2.5271466244874587,2.47619185045089,True,9,8,True,2.5086386705349213,large_n
fdid_ar1_rho.7,38,S1,4.0,9.885789975766762,21,0.082599061374899,18,2.4714474939416906,2.6368818317680374,1.8203248588203174,2.638131738981035,2.624893509536522,2.4761916714054832,True,9,8,True,2.5086386705349213,large_n
fdid_ar1_rho.7,38,S2,0.0,0.0,21,0.082599061374899,18,2.4714474939416906,2.6368818317680374,2.6368818317680374,2.638131738981035,2.6626290752611466,2.5086386705349213,False,2,2,True,2.5086386705349213,large_n
fdid_ar1_rho.7,38,S2,0.5,1.2357237469708453,21,0.082599061374899,18,2.4714474939416906,2.6368818317680374,2.534812210149572,2.638131738981035,2.5504532416855654,2.476192075691128,False,2,2,True,2.5086386705349213,large_n
fdid_ar1_rho.7,38,S2,1.0,2.4714474939416906,21,0.082599061374899,18,2.4714474939416906,2.6368818317680374,2.432742588531107,2.638131738981035,2.6706438907232535,2.476191817910813,True,3,2,True,2.5086386705349213,large_n
fdid_ar1_rho.7,38,S2,2.0,4.942894987883381,21,0.082599061374899,18,2.4714474939416906,2.6368818317680374,2.2286033452941774,2.638131738981035,2.6516954830646062,2.47619185045089,True,4,3,True,2.5086386705349213,large_n
fdid_ar1_rho.7,38,S2,4.0,9.885789975766762,21,0.082599061374899,18,2.4714474939416906,2.6368818317680374,1.8203248588203174,2.638131738981035,2.5921056711841297,2.4761916714054832,True,6,5,True,2.5086386705349213,large_n
fdid_ar1_rho.7,39,S1,0.0,0.0,21,0.07716080893040782,18,2.1411210992435863,2.1916540232211004,2.1916540232211004,2.197358181768087,2.2185057206599135,2.1108963672859797,False,9,9,True,2.1108963672859797,large_n
fdid_ar1_rho.7,39,S1,0.5,1.0705605496217931,21,0.07716080893040782,18,2.1411210992435863,2.1916540232211004,2.109048705203301,2.197358181768087,2.208721414224933,1.9580766319560285,True,9,8,True,2.1108963672859797,large_n
fdid_ar1_rho.7,39,S1,1.0,2.1411210992435863,21,0.07716080893040782,18,2.1411210992435863,2.1916540232211004,2.0264433871855014,2.197358181768087,2.208721414224933,1.8278170578835706,True,9,8,True,2.1108963672859797,large_n
fdid_ar1_rho.7,39,S1,2.0,4.282242198487173,21,0.07716080893040782,18,2.1411210992435863,2.1916540232211004,1.8612327511499025,2.197358181768087,2.208721414224933,1.827815900342788,True,9,8,True,2.1108963672859797,large_n
fdid_ar1_rho.7,39,S1,4.0,8.564484396974345,21,0.07716080893040782,18,2.1411210992435863,2.1916540232211004,1.5308114790787044,2.197358181768087,2.116017672698969,1.8278165459595845,True,9,8,True,2.1108963672859797,large_n
fdid_ar1_rho.7,39,S2,0.0,0.0,21,0.07716080893040782,18,2.1411210992435863,2.1916540232211004,2.1916540232211004,2.197358181768087,2.1916540232211004,2.1108963672859797,False,0,0,True,2.1108963672859797,large_n
fdid_ar1_rho.7,39,S2,0.5,1.0705605496217931,21,0.07716080893040782,18,2.1411210992435863,2.1916540232211004,2.109048705203301,2.197358181768087,2.197358181768087,1.9580766319560285,True,1,0,True,2.1108963672859797,large_n
fdid_ar1_rho.7,39,S2,1.0,2.1411210992435863,21,0.07716080893040782,18,2.1411210992435863,2.1916540232211004,2.0264433871855014,2.197358181768087,2.197358181768087,1.8278170578835706,True,1,0,True,2.1108963672859797,large_n
fdid_ar1_rho.7,39,S2,2.0,4.282242198487173,21,0.07716080893040782,18,2.1411210992435863,2.1916540232211004,1.8612327511499025,2.197358181768087,2.197358181768087,1.827815900342788,True,1,0,True,2.1108963672859797,large_n
fdid_ar1_rho.7,39,S2,4.0,8.564484396974345,21,0.07716080893040782,18,2.1411210992435863,2.1916540232211004,1.5308114790787044,2.197358181768087,2.154954130705438,1.8278165459595845,True,3,2,True,2.1108963672859797,large_n
hsc_shared_trend,0,S1,0.0,0.0,15,0.09943650228239684,13,5.58905683892124,4.731467810529309,4.731467810529309,4.709515371647716,3.9232367170524527,5.927739726762783,True,7,6,True,5.927739726762783,large_n
hsc_shared_trend,0,S1,0.5,2.79452841946062,15,0.09943650228239684,13,5.58905683892124,4.731467810529309,4.45358967896939,4.709515371647716,3.9232367170524527,5.927739331346925,True,7,6,True,5.927739726762783,large_n
hsc_shared_trend,0,S1,1.0,5.58905683892124,15,0.09943650228239684,13,5.58905683892124,4.731467810529309,4.175711547409471,4.709515371647716,3.9232367170524527,5.927739445473777,True,7,6,True,5.927739726762783,large_n
hsc_shared_trend,0,S1,2.0,11.17811367784248,15,0.09943650228239684,13,5.58905683892124,4.731467810529309,3.6199552842896336,4.709515371647716,3.8759246564847687,5.927739350572722,True,7,6,True,5.927739726762783,large_n
hsc_shared_trend,0,S1,4.0,22.35622735568496,15,0.09943650228239684,13,5.58905683892124,4.731467810529309,2.5084427580499584,4.709515371647716,0.1755911058190771,5.927739378289442,True,7,6,True,5.927739726762783,large_n
hsc_shared_trend,0,S2,0.0,0.0,15,0.09943650228239684,13,5.58905683892124,4.731467810529309,4.731467810529309,4.709515371647716,4.400136857089656,5.927739726762783,False,4,4,True,5.927739726762783,large_n
hsc_shared_trend,0,S2,0.5,2.79452841946062,15,0.09943650228239684,13,5.58905683892124,4.731467810529309,4.45358967896939,4.709515371647716,4.363469165972193,5.927739331346925,True,5,4,True,5.927739726762783,large_n
hsc_shared_trend,0,S2,1.0,5.58905683892124,15,0.09943650228239684,13,5.58905683892124,4.731467810529309,4.175711547409471,4.709515371647716,1.0815418653204045,5.927739445473777,True,8,7,True,5.927739726762783,large_n
hsc_shared_trend,0,S2,2.0,11.17811367784248,15,0.09943650228239684,13,5.58905683892124,4.731467810529309,3.6199552842896336,4.709515371647716,1.0815418653204045,5.927739350572722,True,8,7,True,5.927739726762783,large_n
hsc_shared_trend,0,S2,4.0,22.35622735568496,15,0.09943650228239684,13,5.58905683892124,4.731467810529309,2.5084427580499584,4.709515371647716,0.4507737755810558,5.927739378289442,True,8,7,True,5.927739726762783,large_n
hsc_shared_trend,1,S1,0.0,0.0,15,0.08887661083759849,13,4.065140534107625,4.803140952661844,4.803140952661844,4.888225728300673,2.9131410536168034,2.555795211406119,False,7,7,False,2.555795211406119,large_n
hsc_shared_trend,1,S1,0.5,2.0325702670538126,15,0.08887661083759849,13,4.065140534107625,4.803140952661844,4.6224929960368275,4.888225728300673,4.648394284674762,2.5557953766973665,True,7,6,False,2.555795211406119,large_n
hsc_shared_trend,1,S1,1.0,4.065140534107625,15,0.08887661083759849,13,4.065140534107625,4.803140952661844,4.441845039411812,4.888225728300673,4.648394284674762,2.555795456286523,True,7,6,False,2.555795211406119,large_n
hsc_shared_trend,1,S1,2.0,8.13028106821525,15,0.08887661083759849,13,4.065140534107625,4.803140952661844,4.080549126161781,4.888225728300673,6.807043043155649,2.027965398505165,True,7,6,False,2.555795211406119,large_n
hsc_shared_trend,1,S1,4.0,16.2605621364305,15,0.08887661083759849,13,4.065140534107625,4.803140952661844,3.35795729966172,4.888225728300673,7.040833842554638,2.0279665924084824,True,7,6,False,2.555795211406119,large_n
hsc_shared_trend,1,S2,0.0,0.0,15,0.08887661083759849,13,4.065140534107625,4.803140952661844,4.803140952661844,4.888225728300673,4.875759242491512,2.555795211406119,False,3,3,False,2.555795211406119,large_n
hsc_shared_trend,1,S2,0.5,2.0325702670538126,15,0.08887661083759849,13,4.065140534107625,4.803140952661844,4.6224929960368275,4.888225728300673,4.72848853157897,2.5557953766973665,True,2,1,False,2.555795211406119,large_n
hsc_shared_trend,1,S2,1.0,4.065140534107625,15,0.08887661083759849,13,4.065140534107625,4.803140952661844,4.441845039411812,4.888225728300673,6.9004553282038925,2.555795456286523,True,3,2,False,2.555795211406119,large_n
hsc_shared_trend,1,S2,2.0,8.13028106821525,15,0.08887661083759849,13,4.065140534107625,4.803140952661844,4.080549126161781,4.888225728300673,7.088039558851435,2.027965398505165,True,8,7,False,2.555795211406119,large_n
hsc_shared_trend,1,S2,4.0,16.2605621364305,15,0.08887661083759849,13,4.065140534107625,4.803140952661844,3.35795729966172,4.888225728300673,7.0775631296924315,2.0279665924084824,True,9,8,False,2.555795211406119,large_n
hsc_shared_trend,2,S1,0.0,0.0,15,0.0964825596789346,13,4.422436780195826,4.256200104000018,4.256200104000018,4.648894548020281,5.138114227746928,2.7495251686145794,True,7,6,False,2.7495251686145794,large_n
hsc_shared_trend,2,S1,0.5,2.211218390097913,15,0.0964825596789346,13,4.422436780195826,4.256200104000018,4.042856093714238,4.648894548020281,4.642248569691958,2.149066696351376,True,7,6,False,2.7495251686145794,large_n
hsc_shared_trend,2,S1,1.0,4.422436780195826,15,0.0964825596789346,13,4.422436780195826,4.256200104000018,3.829512083428459,4.648894548020281,4.470075240857726,2.1489078835474404,True,7,6,False,2.7495251686145794,large_n
hsc_shared_trend,2,S1,2.0,8.844873560391653,15,0.0964825596789346,13,4.422436780195826,4.256200104000018,3.4028240628568995,4.648894548020281,2.218753117355326,2.1488952752974346,True,7,6,False,2.7495251686145794,large_n
hsc_shared_trend,2,S1,4.0,17.689747120783306,15,0.0964825596789346,13,4.422436780195826,4.256200104000018,2.549448021713781,4.648894548020281,4.616675603678948,2.148897330894206,True,7,6,False,2.7495251686145794,large_n
hsc_shared_trend,2,S2,0.0,0.0,15,0.0964825596789346,13,4.422436780195826,4.256200104000018,4.256200104000018,4.648894548020281,4.715702246596697,2.7495251686145794,True,2,1,False,2.7495251686145794,large_n
hsc_shared_trend,2,S2,0.5,2.211218390097913,15,0.0964825596789346,13,4.422436780195826,4.256200104000018,4.042856093714238,4.648894548020281,4.719945867586725,2.149066696351376,True,3,2,False,2.7495251686145794,large_n
hsc_shared_trend,2,S2,1.0,4.422436780195826,15,0.0964825596789346,13,4.422436780195826,4.256200104000018,3.829512083428459,4.648894548020281,4.719945867586725,2.1489078835474404,True,3,2,False,2.7495251686145794,large_n
hsc_shared_trend,2,S2,2.0,8.844873560391653,15,0.0964825596789346,13,4.422436780195826,4.256200104000018,3.4028240628568995,4.648894548020281,4.889557118515504,2.1488952752974346,True,6,5,False,2.7495251686145794,large_n
hsc_shared_trend,2,S2,4.0,17.689747120783306,15,0.0964825596789346,13,4.422436780195826,4.256200104000018,2.549448021713781,4.648894548020281,3.346729397090556,2.148897330894206,True,10,9,False,2.7495251686145794,large_n
hsc_shared_trend,3,S1,0.0,0.0,15,0.11345024226025352,13,10.957145845583405,11.29082411253802,11.29082411253802,11.305041461471625,10.988411261972766,10.90606439672149,False,7,7,True,10.90606439672149,large_n
hsc_shared_trend,3,S1,0.5,5.478572922791702,15,0.11345024226025352,13,10.957145845583405,11.29082411253802,10.669278687206834,11.305041461471625,12.93367899635658,10.302561853319354,True,7,6,True,10.90606439672149,large_n
hsc_shared_trend,3,S1,1.0,10.957145845583405,15,0.11345024226025352,13,10.957145845583405,11.29082411253802,10.047733261875653,11.305041461471625,11.142798639266115,10.128821792375255,True,7,6,True,10.90606439672149,large_n
hsc_shared_trend,3,S1,2.0,21.91429169116681,15,0.11345024226025352,13,10.957145845583405,11.29082411253802,8.804642411213283,11.305041461471625,11.142798639266115,10.128821338950885,True,7,6,True,10.90606439672149,large_n
hsc_shared_trend,3,S1,4.0,43.82858338233362,15,0.11345024226025352,13,10.957145845583405,11.29082411253802,6.318460709888548,11.305041461471625,12.207312618861966,10.128822075501148,True,7,6,True,10.90606439672149,large_n
hsc_shared_trend,3,S2,0.0,0.0,15,0.11345024226025352,13,10.957145845583405,11.29082411253802,11.29082411253802,11.305041461471625,11.027041444090573,10.90606439672149,False,6,6,True,10.90606439672149,large_n
hsc_shared_trend,3,S2,0.5,5.478572922791702,15,0.11345024226025352,13,10.957145845583405,11.29082411253802,10.669278687206834,11.305041461471625,13.12920014897108,10.302561853319354,True,8,7,True,10.90606439672149,large_n
hsc_shared_trend,3,S2,1.0,10.957145845583405,15,0.11345024226025352,13,10.957145845583405,11.29082411253802,10.047733261875653,11.305041461471625,11.35498304528221,10.128821792375255,True,9,8,True,10.90606439672149,large_n
hsc_shared_trend,3,S2,2.0,21.91429169116681,15,0.11345024226025352,13,10.957145845583405,11.29082411253802,8.804642411213283,11.305041461471625,9.95872549695007,10.128821338950885,True,10,9,True,10.90606439672149,large_n
hsc_shared_trend,3,S2,4.0,43.82858338233362,15,0.11345024226025352,13,10.957145845583405,11.29082411253802,6.318460709888548,11.305041461471625,12.207312618861966,10.128822075501148,True,7,6,True,10.90606439672149,large_n
hsc_shared_trend,4,S1,0.0,0.0,15,0.1009489424644542,13,5.715222062071921,5.444009000687458,5.444009000687458,4.945901154723067,0.5410726550168455,5.489957451652714,True,7,6,True,5.489957451652714,large_n
hsc_shared_trend,4,S1,0.5,2.8576110310359604,15,0.1009489424644542,13,5.715222062071921,5.444009000687458,5.15553618912962,4.945901154723067,-0.6753451452539082,5.380662226737961,True,7,6,True,5.489957451652714,large_n
hsc_shared_trend,4,S1,1.0,5.715222062071921,15,0.1009489424644542,13,5.715222062071921,5.444009000687458,4.867063377571782,4.945901154723067,-0.6753451452539082,5.380662379433986,True,7,6,True,5.489957451652714,large_n
hsc_shared_trend,4,S1,2.0,11.430444124143841,15,0.1009489424644542,13,5.715222062071921,5.444009000687458,4.290117754456105,4.945901154723067,-0.6753451452539082,5.380662418367056,True,7,6,True,5.489957451652714,large_n
hsc_shared_trend,4,S1,4.0,22.860888248287683,15,0.1009489424644542,13,5.715222062071921,5.444009000687458,3.1362265082247487,4.945901154723067,3.9536757603149537,5.380662491007804,True,7,6,True,5.489957451652714,large_n
hsc_shared_trend,4,S2,0.0,0.0,15,0.1009489424644542,13,5.715222062071921,5.444009000687458,5.444009000687458,4.945901154723067,5.745337735479316,5.489957451652714,True,5,4,True,5.489957451652714,large_n
hsc_shared_trend,4,S2,0.5,2.8576110310359604,15,0.1009489424644542,13,5.715222062071921,5.444009000687458,5.15553618912962,4.945901154723067,5.429949045824818,5.380662226737961,True,7,6,True,5.489957451652714,large_n
hsc_shared_trend,4,S2,1.0,5.715222062071921,15,0.1009489424644542,13,5.715222062071921,5.444009000687458,4.867063377571782,4.945901154723067,-0.013715592822975608,5.380662379433986,True,10,9,True,5.489957451652714,large_n
hsc_shared_trend,4,S2,2.0,11.430444124143841,15,0.1009489424644542,13,5.715222062071921,5.444009000687458,4.290117754456105,4.945901154723067,1.6798678729946293,5.380662418367056,True,11,10,True,5.489957451652714,large_n
hsc_shared_trend,4,S2,4.0,22.860888248287683,15,0.1009489424644542,13,5.715222062071921,5.444009000687458,3.1362265082247487,4.945901154723067,3.9536757603149537,5.380662491007804,True,7,6,True,5.489957451652714,large_n
hsc_shared_trend,5,S1,0.0,0.0,15,0.10957918189131419,13,6.322708742140702,7.370714867571701,7.370714867571701,7.403361419554317,9.873019116858426,5.727213891375193,False,7,7,True,5.727213891375193,large_n
hsc_shared_trend,5,S1,0.5,3.161354371070351,15,0.10957918189131419,13,6.322708742140702,7.370714867571701,7.024296241921282,7.403361419554317,5.1667972786875875,5.72720867257161,True,7,6,True,5.727213891375193,large_n
hsc_shared_trend,5,S1,1.0,6.322708742140702,15,0.10957918189131419,13,6.322708742140702,7.370714867571701,6.677877616270862,7.403361419554317,5.174489280610471,5.727208966831423,True,7,6,True,5.727213891375193,large_n
hsc_shared_trend,5,S1,2.0,12.645417484281404,15,0.10957918189131419,13,6.322708742140702,7.370714867571701,5.985040364970024,7.403361419554317,6.62768103740264,5.727208984064987,True,7,6,True,5.727213891375193,large_n
hsc_shared_trend,5,S1,4.0,25.29083496856281,15,0.10957918189131419,13,6.322708742140702,7.370714867571701,4.599365862368349,7.403361419554317,9.868302664763718,5.7272086208379775,True,7,6,True,5.727213891375193,large_n
hsc_shared_trend,5,S2,0.0,0.0,15,0.10957918189131419,13,6.322708742140702,7.370714867571701,7.370714867571701,7.403361419554317,7.02262941577384,5.727213891375193,False,1,1,True,5.727213891375193,large_n
hsc_shared_trend,5,S2,0.5,3.161354371070351,15,0.10957918189131419,13,6.322708742140702,7.370714867571701,7.024296241921282,7.403361419554317,7.473085142775682,5.72720867257161,True,3,2,True,5.727213891375193,large_n
hsc_shared_trend,5,S2,1.0,6.322708742140702,15,0.10957918189131419,13,6.322708742140702,7.370714867571701,6.677877616270862,7.403361419554317,7.379142427316114,5.727208966831423,True,4,3,True,5.727213891375193,large_n
hsc_shared_trend,5,S2,2.0,12.645417484281404,15,0.10957918189131419,13,6.322708742140702,7.370714867571701,5.985040364970024,7.403361419554317,9.143015350466142,5.727208984064987,True,8,7,True,5.727213891375193,large_n
hsc_shared_trend,5,S2,4.0,25.29083496856281,15,0.10957918189131419,13,6.322708742140702,7.370714867571701,4.599365862368349,7.403361419554317,14.711711962060326,5.7272086208379775,True,11,10,True,5.727213891375193,large_n
hsc_shared_trend,6,S1,0.0,0.0,15,0.10448791104039604,13,7.346520448613959,7.05229779915675,7.05229779915675,7.223430706685366,4.943360142637603,10.80741103363011,False,7,7,False,10.80741103363011,large_n
hsc_shared_trend,6,S1,0.5,3.6732602243069796,15,0.10448791104039604,13,7.346520448613959,7.05229779915675,6.668486511611138,7.223430706685366,5.018469166660092,10.807411655913029,True,7,6,False,10.80741103363011,large_n
hsc_shared_trend,6,S1,1.0,7.346520448613959,15,0.10448791104039604,13,7.346520448613959,7.05229779915675,6.284675224065524,7.223430706685366,6.147669164449281,10.807411714581797,True,7,6,False,10.80741103363011,large_n
hsc_shared_trend,6,S1,2.0,14.693040897227919,15,0.10448791104039604,13,7.346520448613959,7.05229779915675,5.517052648974298,7.223430706685366,7.057936163709883,10.807411388196535,True,7,6,False,10.80741103363011,large_n
hsc_shared_trend,6,S1,4.0,29.386081794455837,15,0.10448791104039604,13,7.346520448613959,7.05229779915675,3.9818074987918473,7.223430706685366,10.691352864138329,10.807412055649273,True,7,6,False,10.80741103363011,large_n
hsc_shared_trend,6,S2,0.0,0.0,15,0.10448791104039604,13,7.346520448613959,7.05229779915675,7.05229779915675,7.223430706685366,5.725427081500914,10.80741103363011,True,10,9,False,10.80741103363011,large_n
hsc_shared_trend,6,S2,0.5,3.6732602243069796,15,0.10448791104039604,13,7.346520448613959,7.05229779915675,6.668486511611138,7.223430706685366,8.891737496387957,10.807411655913029,True,11,10,False,10.80741103363011,large_n
hsc_shared_trend,6,S2,1.0,7.346520448613959,15,0.10448791104039604,13,7.346520448613959,7.05229779915675,6.284675224065524,7.223430706685366,8.789523206023318,10.807411714581797,True,9,8,False,10.80741103363011,large_n
hsc_shared_trend,6,S2,2.0,14.693040897227919,15,0.10448791104039604,13,7.346520448613959,7.05229779915675,5.517052648974298,7.223430706685366,9.838514295049269,10.807411388196535,True,10,9,False,10.80741103363011,large_n
hsc_shared_trend,6,S2,4.0,29.386081794455837,15,0.10448791104039604,13,7.346520448613959,7.05229779915675,3.9818074987918473,7.223430706685366,10.691352864138329,10.807412055649273,True,7,6,False,10.80741103363011,large_n
hsc_shared_trend,7,S1,0.0,0.0,15,0.10573363360389954,13,5.488488645805699,5.418446942128914,5.418446942128914,7.5807656193607,6.011060057174997,5.0530278972487075,False,7,7,True,5.0530278972487075,large_n
hsc_shared_trend,7,S1,0.5,2.7442443229028495,15,0.10573363360389954,13,5.488488645805699,5.418446942128914,5.1282880183715225,7.5807656193607,10.722015911258532,4.907718783886257,True,7,6,True,5.0530278972487075,large_n
hsc_shared_trend,7,S1,1.0,5.488488645805699,15,0.10573363360389954,13,5.488488645805699,5.418446942128914,4.838129094614132,7.5807656193607,11.050893115415471,4.4290403945803085,True,7,6,True,5.0530278972487075,large_n
hsc_shared_trend,7,S1,2.0,10.976977291611398,15,0.10573363360389954,13,5.488488645805699,5.418446942128914,4.257811247099349,7.5807656193607,10.442533710580125,3.311044842866515,True,7,6,True,5.0530278972487075,large_n
hsc_shared_trend,7,S1,4.0,21.953954583222796,15,0.10573363360389954,13,5.488488645805699,5.418446942128914,3.097175552069784,7.5807656193607,10.000763288288935,1.981430171913133,True,7,6,True,5.0530278972487075,large_n
hsc_shared_trend,7,S2,0.0,0.0,15,0.10573363360389954,13,5.488488645805699,5.418446942128914,5.418446942128914,7.5807656193607,5.810734505026764,5.0530278972487075,False,3,3,True,5.0530278972487075,large_n
hsc_shared_trend,7,S2,0.5,2.7442443229028495,15,0.10573363360389954,13,5.488488645805699,5.418446942128914,5.1282880183715225,7.5807656193607,5.9722659640893925,4.907718783886257,False,5,5,True,5.0530278972487075,large_n
hsc_shared_trend,7,S2,1.0,5.488488645805699,15,0.10573363360389954,13,5.488488645805699,5.418446942128914,4.838129094614132,7.5807656193607,8.424753283129155,4.4290403945803085,True,6,5,True,5.0530278972487075,large_n
hsc_shared_trend,7,S2,2.0,10.976977291611398,15,0.10573363360389954,13,5.488488645805699,5.418446942128914,4.257811247099349,7.5807656193607,8.334778913435596,3.311044842866515,True,5,4,True,5.0530278972487075,large_n
hsc_shared_trend,7,S2,4.0,21.953954583222796,15,0.10573363360389954,13,5.488488645805699,5.418446942128914,3.097175552069784,7.5807656193607,7.695429781883528,1.981430171913133,True,9,8,True,5.0530278972487075,large_n
hsc_shared_trend,8,S1,0.0,0.0,15,0.10746269340443121,13,10.984055566778556,11.408794815767465,11.408794815767465,11.463212662331248,13.639841503936728,9.119205150534405,False,7,7,False,9.119205150534405,large_n
hsc_shared_trend,8,S1,0.5,5.492027783389278,15,0.10746269340443121,13,10.984055566778556,11.408794815767465,10.818606717912484,11.463212662331248,12.018555092249507,8.280222573821476,True,7,6,False,9.119205150534405,large_n
hsc_shared_trend,8,S1,1.0,10.984055566778556,15,0.10746269340443121,13,10.984055566778556,11.408794815767465,10.228418620057505,11.463212662331248,12.018555092249507,7.9848869513626575,True,7,6,False,9.119205150534405,large_n
hsc_shared_trend,8,S1,2.0,21.968111133557112,15,0.10746269340443121,13,10.984055566778556,11.408794815767465,9.048042424347546,11.463212662331248,11.99976528385035,7.984886750294379,True,7,6,False,9.119205150534405,large_n
hsc_shared_trend,8,S1,4.0,43.936222267114225,15,0.10746269340443121,13,10.984055566778556,11.408794815767465,6.687290032927623,11.463212662331248,12.047632804802328,7.984887087886481,True,7,6,False,9.119205150534405,large_n
hsc_shared_trend,8,S2,0.0,0.0,15,0.10746269340443121,13,10.984055566778556,11.408794815767465,11.408794815767465,11.463212662331248,11.408794815767465,9.119205150534405,False,0,0,False,9.119205150534405,large_n
hsc_shared_trend,8,S2,0.5,5.492027783389278,15,0.10746269340443121,13,10.984055566778556,11.408794815767465,10.818606717912484,11.463212662331248,11.222375098226655,8.280222573821476,True,3,2,False,9.119205150534405,large_n
hsc_shared_trend,8,S2,1.0,10.984055566778556,15,0.10746269340443121,13,10.984055566778556,11.408794815767465,10.228418620057505,11.463212662331248,11.633283686020576,7.9848869513626575,True,4,3,False,9.119205150534405,large_n
hsc_shared_trend,8,S2,2.0,21.968111133557112,15,0.10746269340443121,13,10.984055566778556,11.408794815767465,9.048042424347546,11.463212662331248,6.155724025726966,7.984886750294379,True,8,7,False,9.119205150534405,large_n
hsc_shared_trend,8,S2,4.0,43.936222267114225,15,0.10746269340443121,13,10.984055566778556,11.408794815767465,6.687290032927623,11.463212662331248,8.269980893216276,7.984887087886481,True,11,10,False,9.119205150534405,large_n
hsc_shared_trend,9,S1,0.0,0.0,15,0.130505485665,13,6.215912671422658,6.197987203071777,6.197987203071777,5.61390712130491,4.2717243651518375,3.8050129492403,True,7,6,False,3.8050129492403,large_n
hsc_shared_trend,9,S1,0.5,3.107956335711329,15,0.130505485665,13,6.215912671422658,6.197987203071777,5.792381852054155,5.61390712130491,5.521540339651461,3.8050134314343937,True,7,6,False,3.8050129492403,large_n
hsc_shared_trend,9,S1,1.0,6.215912671422658,15,0.130505485665,13,6.215912671422658,6.197987203071777,5.386776501036535,5.61390712130491,3.8583922754327533,3.8050131137277905,True,7,6,False,3.8050129492403,large_n
hsc_shared_trend,9,S1,2.0,12.431825342845316,15,0.130505485665,13,6.215912671422658,6.197987203071777,4.575565799001294,5.61390712130491,3.8583922754327533,3.581413716225116,True,7,6,False,3.8050129492403,large_n
hsc_shared_trend,9,S1,4.0,24.863650685690633,15,0.130505485665,13,6.215912671422658,6.197987203071777,2.95314439493081,5.61390712130491,3.4887541795207797,3.4528077340577914,True,7,6,False,3.8050129492403,large_n
hsc_shared_trend,9,S2,0.0,0.0,15,0.130505485665,13,6.215912671422658,6.197987203071777,6.197987203071777,5.61390712130491,4.398791544115264,3.8050129492403,True,4,3,False,3.8050129492403,large_n
hsc_shared_trend,9,S2,0.5,3.107956335711329,15,0.130505485665,13,6.215912671422658,6.197987203071777,5.792381852054155,5.61390712130491,5.7622137007926755,3.8050134314343937,True,4,3,False,3.8050129492403,large_n
hsc_shared_trend,9,S2,1.0,6.215912671422658,15,0.130505485665,13,6.215912671422658,6.197987203071777,5.386776501036535,5.61390712130491,4.047851532745321,3.8050131137277905,True,6,5,False,3.8050129492403,large_n
hsc_shared_trend,9,S2,2.0,12.431825342845316,15,0.130505485665,13,6.215912671422658,6.197987203071777,4.575565799001294,5.61390712130491,1.5912594985519979,3.581413716225116,True,11,10,False,3.8050129492403,large_n
hsc_shared_trend,9,S2,4.0,24.863650685690633,15,0.130505485665,13,6.215912671422658,6.197987203071777,2.95314439493081,5.61390712130491,3.4887541795207797,3.4528077340577914,True,7,6,False,3.8050129492403,large_n
hsc_shared_trend,10,S1,0.0,0.0,15,0.1007443653690051,13,15.798983837976248,16.700665940943278,16.700665940943278,16.666166426945985,23.69919739814173,15.733639446099048,True,7,6,True,15.733639446099048,large_n
hsc_shared_trend,10,S1,0.5,7.899491918988124,15,0.1007443653690051,13,15.798983837976248,16.700665940943278,15.904836640827236,16.666166426945985,23.660632036429654,15.68694171450651,True,7,6,True,15.733639446099048,large_n
hsc_shared_trend,10,S1,1.0,15.798983837976248,15,0.1007443653690051,13,15.798983837976248,16.700665940943278,15.109007340711193,16.666166426945985,27.35119903160941,14.643487757828531,True,7,6,True,15.733639446099048,large_n
hsc_shared_trend,10,S1,2.0,31.597967675952496,15,0.1007443653690051,13,15.798983837976248,16.700665940943278,13.517348740479111,16.666166426945985,27.35119903160941,14.643487642338677,True,7,6,True,15.733639446099048,large_n
hsc_shared_trend,10,S1,4.0,63.19593535190499,15,0.1007443653690051,13,15.798983837976248,16.700665940943278,10.334031540014937,16.666166426945985,27.35119903160941,14.64348725833078,True,7,6,True,15.733639446099048,large_n
hsc_shared_trend,10,S2,0.0,0.0,15,0.1007443653690051,13,15.798983837976248,16.700665940943278,16.700665940943278,16.666166426945985,16.823679972581704,15.733639446099048,False,3,3,True,15.733639446099048,large_n
hsc_shared_trend,10,S2,0.5,7.899491918988124,15,0.1007443653690051,13,15.798983837976248,16.700665940943278,15.904836640827236,16.666166426945985,15.64285343471193,15.68694171450651,True,7,6,True,15.733639446099048,large_n
hsc_shared_trend,10,S2,1.0,15.798983837976248,15,0.1007443653690051,13,15.798983837976248,16.700665940943278,15.109007340711193,16.666166426945985,27.35119903160941,14.643487757828531,True,7,6,True,15.733639446099048,large_n
hsc_shared_trend,10,S2,2.0,31.597967675952496,15,0.1007443653690051,13,15.798983837976248,16.700665940943278,13.517348740479111,16.666166426945985,23.50962938384464,14.643487642338677,True,11,10,True,15.733639446099048,large_n
hsc_shared_trend,10,S2,4.0,63.19593535190499,15,0.1007443653690051,13,15.798983837976248,16.700665940943278,10.334031540014937,16.666166426945985,23.50962938384464,14.64348725833078,True,11,10,True,15.733639446099048,large_n
hsc_shared_trend,11,S1,0.0,0.0,15,0.10678364994429837,13,7.433432349539234,6.909912076532635,6.909912076532635,6.871265650734069,4.722133686405767,6.751107395700075,False,7,7,True,6.751107395700075,large_n
hsc_shared_trend,11,S1,0.5,3.716716174769617,15,0.10678364994429837,13,7.433432349539234,6.909912076532635,6.513027557583724,6.871265650734069,5.160386008872662,6.394167526339189,True,7,6,True,6.751107395700075,large_n
hsc_shared_trend,11,S1,1.0,7.433432349539234,15,0.10678364994429837,13,7.433432349539234,6.909912076532635,6.116143038634815,6.871265650734069,5.160386008872662,6.394167689905874,True,7,6,True,6.751107395700075,large_n
hsc_shared_trend,11,S1,2.0,14.866864699078468,15,0.10678364994429837,13,7.433432349539234,6.909912076532635,5.322374000736994,6.871265650734069,4.081060956793965,6.394168221836104,True,7,6,True,6.751107395700075,large_n
hsc_shared_trend,11,S1,4.0,29.733729398156935,15,0.10678364994429837,13,7.433432349539234,6.909912076532635,3.734835924941352,6.871265650734069,4.081060956793965,6.394168373690604,True,7,6,True,6.751107395700075,large_n
hsc_shared_trend,11,S2,0.0,0.0,15,0.10678364994429837,13,7.433432349539234,6.909912076532635,6.909912076532635,6.871265650734069,6.948379383443202,6.751107395700075,False,1,1,True,6.751107395700075,large_n
hsc_shared_trend,11,S2,0.5,3.716716174769617,15,0.10678364994429837,13,7.433432349539234,6.909912076532635,6.513027557583724,6.871265650734069,5.976244357723261,6.394167526339189,True,6,5,True,6.751107395700075,large_n
hsc_shared_trend,11,S2,1.0,7.433432349539234,15,0.10678364994429837,13,7.433432349539234,6.909912076532635,6.116143038634815,6.871265650734069,5.160386008872662,6.394167689905874,True,7,6,True,6.751107395700075,large_n
hsc_shared_trend,11,S2,2.0,14.866864699078468,15,0.10678364994429837,13,7.433432349539234,6.909912076532635,5.322374000736994,6.871265650734069,4.081060956793965,6.394168221836104,True,7,6,True,6.751107395700075,large_n
hsc_shared_trend,11,S2,4.0,29.733729398156935,15,0.10678364994429837,13,7.433432349539234,6.909912076532635,3.734835924941352,6.871265650734069,4.081060956793965,6.394168373690604,True,7,6,True,6.751107395700075,large_n
hsc_shared_trend,12,S1,0.0,0.0,15,0.11680633604725439,13,6.255098140426552,5.762224742838937,5.762224742838937,5.8258821994507315,6.098060061384563,5.41339194011859,False,7,7,True,5.41339194011859,large_n
hsc_shared_trend,12,S1,0.5,3.127549070213276,15,0.11680633604725439,13,6.255098140426552,5.762224742838937,5.396907195139329,5.8258821994507315,5.78952522032213,5.30677983070507,True,7,6,True,5.41339194011859,large_n
hsc_shared_trend,12,S1,1.0,6.255098140426552,15,0.11680633604725439,13,6.255098140426552,5.762224742838937,5.031589647439718,5.8258821994507315,5.78952522032213,5.306777908550988,True,7,6,True,5.41339194011859,large_n
hsc_shared_trend,12,S1,2.0,12.510196280853105,15,0.11680633604725439,13,6.255098140426552,5.762224742838937,4.300954552040499,5.8258821994507315,7.867284972175575,5.3067779767184895,True,7,6,True,5.41339194011859,large_n
hsc_shared_trend,12,S1,4.0,25.02039256170621,15,0.11680633604725439,13,6.255098140426552,5.762224742838937,2.839684361242058,5.8258821994507315,7.867284972175575,5.306778028538581,True,7,6,True,5.41339194011859,large_n
hsc_shared_trend,12,S2,0.0,0.0,15,0.11680633604725439,13,6.255098140426552,5.762224742838937,5.762224742838937,5.8258821994507315,5.6896547871983545,5.41339194011859,False,1,1,True,5.41339194011859,large_n
hsc_shared_trend,12,S2,0.5,3.127549070213276,15,0.11680633604725439,13,6.255098140426552,5.762224742838937,5.396907195139329,5.8258821994507315,5.623529918451537,5.30677983070507,True,3,2,True,5.41339194011859,large_n
hsc_shared_trend,12,S2,1.0,6.255098140426552,15,0.11680633604725439,13,6.255098140426552,5.762224742838937,5.031589647439718,5.8258821994507315,5.583318875454851,5.306777908550988,True,5,4,True,5.41339194011859,large_n
hsc_shared_trend,12,S2,2.0,12.510196280853105,15,0.11680633604725439,13,6.255098140426552,5.762224742838937,4.300954552040499,5.8258821994507315,7.761341480816007,5.3067779767184895,True,8,7,True,5.41339194011859,large_n
hsc_shared_trend,12,S2,4.0,25.02039256170621,15,0.11680633604725439,13,6.255098140426552,5.762224742838937,2.839684361242058,5.8258821994507315,6.181449433652007,5.306778028538581,True,10,9,True,5.41339194011859,large_n
hsc_shared_trend,13,S1,0.0,0.0,15,0.10259117037454334,13,8.840453772898481,9.511241465355525,9.511241465355525,8.813927820656462,8.838587801479116,9.495593673410326,True,7,6,True,9.495593673410326,large_n
hsc_shared_trend,13,S1,0.5,4.420226886449241,15,0.10259117037454334,13,8.840453772898481,9.511241465355525,9.057765215753673,8.813927820656462,8.723171320750884,8.327039485855373,True,7,6,True,9.495593673410326,large_n
hsc_shared_trend,13,S1,1.0,8.840453772898481,15,0.10259117037454334,13,8.840453772898481,9.511241465355525,8.604288966151824,8.813927820656462,8.680912041997415,6.7947611980591915,True,7,6,True,9.495593673410326,large_n
hsc_shared_trend,13,S1,2.0,17.680907545796963,15,0.10259117037454334,13,8.840453772898481,9.511241465355525,7.69733646694812,8.813927820656462,8.680912041997415,5.3764758020087555,True,7,6,True,9.495593673410326,large_n
hsc_shared_trend,13,S1,4.0,35.361815091593925,15,0.10259117037454334,13,8.840453772898481,9.511241465355525,5.883431468540715,8.813927820656462,8.680912041997415,5.376468477671892,True,7,6,True,9.495593673410326,large_n
hsc_shared_trend,13,S2,0.0,0.0,15,0.10259117037454334,13,8.840453772898481,9.511241465355525,9.511241465355525,8.813927820656462,9.287444609838928,9.495593673410326,True,5,4,True,9.495593673410326,large_n
hsc_shared_trend,13,S2,0.5,4.420226886449241,15,0.10259117037454334,13,8.840453772898481,9.511241465355525,9.057765215753673,8.813927820656462,9.671023629024186,8.327039485855373,True,6,5,True,9.495593673410326,large_n
hsc_shared_trend,13,S2,1.0,8.840453772898481,15,0.10259117037454334,13,8.840453772898481,9.511241465355525,8.604288966151824,8.813927820656462,9.15690085572603,6.7947611980591915,True,9,8,True,9.495593673410326,large_n
hsc_shared_trend,13,S2,2.0,17.680907545796963,15,0.10259117037454334,13,8.840453772898481,9.511241465355525,7.69733646694812,8.813927820656462,8.680912041997415,5.3764758020087555,True,7,6,True,9.495593673410326,large_n
hsc_shared_trend,13,S2,4.0,35.361815091593925,15,0.10259117037454334,13,8.840453772898481,9.511241465355525,5.883431468540715,8.813927820656462,0.7413354628596462,5.376468477671892,True,11,10,True,9.495593673410326,large_n
hsc_shared_trend,14,S1,0.0,0.0,15,0.1034247590710117,13,4.844588831040495,6.161937566701711,6.161937566701711,6.557709787816755,8.63649608110888,4.205027853437656,True,7,6,True,4.205027853437656,large_n
hsc_shared_trend,14,S1,0.5,2.4222944155202475,15,0.1034247590710117,13,4.844588831040495,6.161937566701711,5.911412350377473,6.557709787816755,11.166748970592712,3.598116982116248,True,7,6,True,4.205027853437656,large_n
hsc_shared_trend,14,S1,1.0,4.844588831040495,15,0.1034247590710117,13,4.844588831040495,6.161937566701711,5.660887134053235,6.557709787816755,11.166748970592712,3.4183916972531714,True,7,6,True,4.205027853437656,large_n
hsc_shared_trend,14,S1,2.0,9.68917766208099,15,0.1034247590710117,13,4.844588831040495,6.161937566701711,5.159836701404759,6.557709787816755,11.166748970592712,3.41836260048785,True,7,6,True,4.205027853437656,large_n
hsc_shared_trend,14,S1,4.0,19.37835532416198,15,0.1034247590710117,13,4.844588831040495,6.161937566701711,4.157735836107802,6.557709787816755,11.166748970592712,3.4183634680293045,True,7,6,True,4.205027853437656,large_n
hsc_shared_trend,14,S2,0.0,0.0,15,0.1034247590710117,13,4.844588831040495,6.161937566701711,6.161937566701711,6.557709787816755,7.007061896320964,4.205027853437656,False,1,1,True,4.205027853437656,large_n
hsc_shared_trend,14,S2,0.5,2.4222944155202475,15,0.1034247590710117,13,4.844588831040495,6.161937566701711,5.911412350377473,6.557709787816755,6.457614391878541,3.598116982116248,True,4,3,True,4.205027853437656,large_n
hsc_shared_trend,14,S2,1.0,4.844588831040495,15,0.1034247590710117,13,4.844588831040495,6.161937566701711,5.660887134053235,6.557709787816755,8.12674741879969,3.4183916972531714,True,6,5,True,4.205027853437656,large_n
hsc_shared_trend,14,S2,2.0,9.68917766208099,15,0.1034247590710117,13,4.844588831040495,6.161937566701711,5.159836701404759,6.557709787816755,8.12674741879969,3.41836260048785,True,6,5,True,4.205027853437656,large_n
hsc_shared_trend,14,S2,4.0,19.37835532416198,15,0.1034247590710117,13,4.844588831040495,6.161937566701711,4.157735836107802,6.557709787816755,8.90318916771978,3.4183634680293045,True,11,10,True,4.205027853437656,large_n
hsc_shared_trend,15,S1,0.0,0.0,15,0.09989845182743506,13,8.039639211798596,7.660890901396395,7.660890901396395,8.770428822728734,7.2653110352220605,8.5262557848701,True,7,6,True,8.5262557848701,large_n
hsc_shared_trend,15,S1,0.5,4.019819605899298,15,0.09989845182743506,13,8.039639211798596,7.660890901396395,7.259317146141486,8.770428822728734,7.163084403525957,7.67482440409499,True,7,6,True,8.5262557848701,large_n
hsc_shared_trend,15,S1,1.0,8.039639211798596,15,0.09989845182743506,13,8.039639211798596,7.660890901396395,6.857743390886574,8.770428822728734,7.545240146230588,6.789378945082209,True,7,6,True,8.5262557848701,large_n
hsc_shared_trend,15,S1,2.0,16.07927842359719,15,0.09989845182743506,13,8.039639211798596,7.660890901396395,6.0545958803767554,8.770428822728734,7.807526131792082,5.397289551206038,True,7,6,True,8.5262557848701,large_n
hsc_shared_trend,15,S1,4.0,32.15855684719438,15,0.09989845182743506,13,8.039639211798596,7.660890901396395,4.448300859357116,8.770428822728734,9.977732388464165,5.222587939955617,True,7,6,True,8.5262557848701,large_n
hsc_shared_trend,15,S2,0.0,0.0,15,0.09989845182743506,13,8.039639211798596,7.660890901396395,7.660890901396395,8.770428822728734,7.744515209183815,8.5262557848701,True,6,5,True,8.5262557848701,large_n
hsc_shared_trend,15,S2,0.5,4.019819605899298,15,0.09989845182743506,13,8.039639211798596,7.660890901396395,7.259317146141486,8.770428822728734,7.2653110352220605,7.67482440409499,True,7,6,True,8.5262557848701,large_n
hsc_shared_trend,15,S2,1.0,8.039639211798596,15,0.09989845182743506,13,8.039639211798596,7.660890901396395,6.857743390886574,8.770428822728734,4.071051925042263,6.789378945082209,True,9,8,True,8.5262557848701,large_n
hsc_shared_trend,15,S2,2.0,16.07927842359719,15,0.09989845182743506,13,8.039639211798596,7.660890901396395,6.0545958803767554,8.770428822728734,6.9506123953916115,5.397289551206038,True,11,10,True,8.5262557848701,large_n
hsc_shared_trend,15,S2,4.0,32.15855684719438,15,0.09989845182743506,13,8.039639211798596,7.660890901396395,4.448300859357116,8.770428822728734,9.977732388464165,5.222587939955617,True,7,6,True,8.5262557848701,large_n
hsc_shared_trend,16,S1,0.0,0.0,15,0.10915823876260791,13,4.380996485497831,5.637684008282376,5.637684008282376,5.528223530955229,5.285055693266221,4.802462352207614,True,7,6,True,4.802462352207614,large_n
hsc_shared_trend,16,S1,0.5,2.1904982427489155,15,0.10915823876260791,13,4.380996485497831,5.637684008282376,5.398573078091318,5.528223530955229,6.845492528553015,3.9439775021106254,True,7,6,True,4.802462352207614,large_n
hsc_shared_trend,16,S1,1.0,4.380996485497831,15,0.10915823876260791,13,4.380996485497831,5.637684008282376,5.159462147900259,5.528223530955229,7.4626487313327345,3.2962139431945445,True,7,6,True,4.802462352207614,large_n
hsc_shared_trend,16,S1,2.0,8.761992970995662,15,0.10915823876260791,13,4.380996485497831,5.637684008282376,4.68124028751814,5.528223530955229,7.4626487313327345,2.033618349163275,True,7,6,True,4.802462352207614,large_n
hsc_shared_trend,16,S1,4.0,17.523985941991324,15,0.10915823876260791,13,4.380996485497831,5.637684008282376,3.7247965667539034,5.528223530955229,5.726042387394701,0.5377047358788403,True,7,6,True,4.802462352207614,large_n
hsc_shared_trend,16,S2,0.0,0.0,15,0.10915823876260791,13,4.380996485497831,5.637684008282376,5.637684008282376,5.528223530955229,5.285055693266221,4.802462352207614,True,7,6,True,4.802462352207614,large_n
hsc_shared_trend,16,S2,0.5,2.1904982427489155,15,0.10915823876260791,13,4.380996485497831,5.637684008282376,5.398573078091318,5.528223530955229,5.305871483544229,3.9439775021106254,True,6,5,True,4.802462352207614,large_n
hsc_shared_trend,16,S2,1.0,4.380996485497831,15,0.10915823876260791,13,4.380996485497831,5.637684008282376,5.159462147900259,5.528223530955229,7.350353058645304,3.2962139431945445,True,6,5,True,4.802462352207614,large_n
hsc_shared_trend,16,S2,2.0,8.761992970995662,15,0.10915823876260791,13,4.380996485497831,5.637684008282376,4.68124028751814,5.528223530955229,7.4626487313327345,2.033618349163275,True,7,6,True,4.802462352207614,large_n
hsc_shared_trend,16,S2,4.0,17.523985941991324,15,0.10915823876260791,13,4.380996485497831,5.637684008282376,3.7247965667539034,5.528223530955229,12.869313833972749,0.5377047358788403,True,10,9,True,4.802462352207614,large_n
hsc_shared_trend,17,S1,0.0,0.0,15,0.09927177909831503,13,4.913164650236826,4.927598877999491,4.927598877999491,5.606381856264857,5.4853652119552265,6.580719107057368,True,7,6,False,6.580719107057368,large_n
hsc_shared_trend,17,S1,0.5,2.456582325118413,15,0.09927177909831503,13,4.913164650236826,4.927598877999491,4.68372958008351,5.606381856264857,5.093922429460304,6.212145199407626,True,7,6,False,6.580719107057368,large_n
hsc_shared_trend,17,S1,1.0,4.913164650236826,15,0.09927177909831503,13,4.913164650236826,4.927598877999491,4.439860282167529,5.606381856264857,5.4853652119552265,5.8503109621293135,True,7,6,False,6.580719107057368,large_n
hsc_shared_trend,17,S1,2.0,9.826329300473652,15,0.09927177909831503,13,4.913164650236826,4.927598877999491,3.9521216863355697,5.606381856264857,5.4200198869739165,5.850311609678805,True,7,6,False,6.580719107057368,large_n
hsc_shared_trend,17,S1,4.0,19.652658600947305,15,0.09927177909831503,13,4.913164650236826,4.927598877999491,2.9766444946716484,5.606381856264857,6.0041345435528175,5.850311731951095,True,7,6,False,6.580719107057368,large_n
hsc_shared_trend,17,S2,0.0,0.0,15,0.09927177909831503,13,4.913164650236826,4.927598877999491,4.927598877999491,5.606381856264857,5.071911557720511,6.580719107057368,False,1,1,False,6.580719107057368,large_n
hsc_shared_trend,17,S2,0.5,2.456582325118413,15,0.09927177909831503,13,4.913164650236826,4.927598877999491,4.68372958008351,5.606381856264857,5.79183583671586,6.212145199407626,True,2,1,False,6.580719107057368,large_n
hsc_shared_trend,17,S2,1.0,4.913164650236826,15,0.09927177909831503,13,4.913164650236826,4.927598877999491,4.439860282167529,5.606381856264857,5.606381856264857,5.8503109621293135,True,1,0,False,6.580719107057368,large_n
hsc_shared_trend,17,S2,2.0,9.826329300473652,15,0.09927177909831503,13,4.913164650236826,4.927598877999491,3.9521216863355697,5.606381856264857,5.507166248441772,5.850311609678805,True,5,4,False,6.580719107057368,large_n
hsc_shared_trend,17,S2,4.0,19.652658600947305,15,0.09927177909831503,13,4.913164650236826,4.927598877999491,2.9766444946716484,5.606381856264857,11.508793295667488,5.850311731951095,True,10,9,False,6.580719107057368,large_n
hsc_shared_trend,18,S1,0.0,0.0,15,0.1024882765869991,13,6.836139544139398,6.5878054599360665,6.5878054599360665,6.48643765494509,7.45187301522563,5.589812389916219,True,7,6,False,5.589812389916219,large_n
hsc_shared_trend,18,S1,0.5,3.418069772069699,15,0.1024882765869991,13,6.836139544139398,6.5878054599360665,6.237493379742526,6.48643765494509,7.03147575650947,5.155527407322215,True,7,6,False,5.589812389916219,large_n
hsc_shared_trend,18,S1,1.0,6.836139544139398,15,0.1024882765869991,13,6.836139544139398,6.5878054599360665,5.887181299548987,6.48643765494509,7.087110126657879,5.155527901051684,True,7,6,False,5.589812389916219,large_n
hsc_shared_trend,18,S1,2.0,13.672279088278795,15,0.1024882765869991,13,6.836139544139398,6.5878054599360665,5.1865571391619065,6.48643765494509,6.748004806277626,5.155527914203559,True,7,6,False,5.589812389916219,large_n
hsc_shared_trend,18,S1,4.0,27.34455817655759,15,0.1024882765869991,13,6.836139544139398,6.5878054599360665,3.785308818387746,6.48643765494509,6.9921363657562665,5.1555239891868645,True,7,6,False,5.589812389916219,large_n
hsc_shared_trend,18,S2,0.0,0.0,15,0.1024882765869991,13,6.836139544139398,6.5878054599360665,6.5878054599360665,6.48643765494509,6.314185349098537,5.589812389916219,True,5,4,False,5.589812389916219,large_n
hsc_shared_trend,18,S2,0.5,3.418069772069699,15,0.1024882765869991,13,6.836139544139398,6.5878054599360665,6.237493379742526,6.48643765494509,6.314185349098537,5.155527407322215,True,5,4,False,5.589812389916219,large_n
hsc_shared_trend,18,S2,1.0,6.836139544139398,15,0.1024882765869991,13,6.836139544139398,6.5878054599360665,5.887181299548987,6.48643765494509,7.03147575650947,5.155527901051684,True,7,6,False,5.589812389916219,large_n
hsc_shared_trend,18,S2,2.0,13.672279088278795,15,0.1024882765869991,13,6.836139544139398,6.5878054599360665,5.1865571391619065,6.48643765494509,1.911829784446126,5.155527914203559,True,10,9,False,5.589812389916219,large_n
hsc_shared_trend,18,S2,4.0,27.34455817655759,15,0.1024882765869991,13,6.836139544139398,6.5878054599360665,3.785308818387746,6.48643765494509,6.9921363657562665,5.1555239891868645,True,7,6,False,5.589812389916219,large_n
hsc_shared_trend,19,S1,0.0,0.0,15,0.1006655954601719,13,5.818994614869863,5.879232052029941,5.879232052029941,6.026503557760874,5.3325018945068505,3.818747835553598,True,7,6,False,3.818747835553598,large_n
hsc_shared_trend,19,S1,0.5,2.9094973074349313,15,0.1006655954601719,13,5.818994614869863,5.879232052029941,5.586345773087237,6.026503557760874,5.346430314331145,3.8187491152317925,True,7,6,False,3.818747835553598,large_n
hsc_shared_trend,19,S1,1.0,5.818994614869863,15,0.1006655954601719,13,5.818994614869863,5.879232052029941,5.293459494144533,6.026503557760874,5.346430314331145,3.818748864527926,True,7,6,False,3.818747835553598,large_n
hsc_shared_trend,19,S1,2.0,11.637989229739725,15,0.1006655954601719,13,5.818994614869863,5.879232052029941,4.707686936259124,6.026503557760874,14.327171588591975,3.8187490627965346,True,7,6,False,3.818747835553598,large_n
hsc_shared_trend,19,S1,4.0,23.27597845947945,15,0.1006655954601719,13,5.818994614869863,5.879232052029941,3.536141820488308,6.026503557760874,14.327171588591975,3.818748860018644,True,7,6,False,3.818747835553598,large_n
hsc_shared_trend,19,S2,0.0,0.0,15,0.1006655954601719,13,5.818994614869863,5.879232052029941,5.879232052029941,6.026503557760874,6.100616456169877,3.818747835553598,True,3,2,False,3.818747835553598,large_n
hsc_shared_trend,19,S2,0.5,2.9094973074349313,15,0.1006655954601719,13,5.818994614869863,5.879232052029941,5.586345773087237,6.026503557760874,6.0572338504509755,3.8187491152317925,True,4,3,False,3.818747835553598,large_n
hsc_shared_trend,19,S2,1.0,5.818994614869863,15,0.1006655954601719,13,5.818994614869863,5.879232052029941,5.293459494144533,6.026503557760874,14.440364097142364,3.818748864527926,True,8,7,False,3.818747835553598,large_n
hsc_shared_trend,19,S2,2.0,11.637989229739725,15,0.1006655954601719,13,5.818994614869863,5.879232052029941,4.707686936259124,6.026503557760874,14.440364097142364,3.8187490627965346,True,8,7,False,3.818747835553598,large_n
hsc_shared_trend,19,S2,4.0,23.27597845947945,15,0.1006655954601719,13,5.818994614869863,5.879232052029941,3.536141820488308,6.026503557760874,14.440364097142364,3.818748860018644,True,8,7,False,3.818747835553598,large_n
hsc_shared_trend,20,S1,0.0,0.0,15,0.10419299649785639,13,7.701798894139048,6.843160076030152,6.843160076030152,6.928157582281782,13.274307857839617,7.218449645319492,False,7,7,True,7.218449645319492,large_n
hsc_shared_trend,20,S1,0.5,3.850899447069524,15,0.10419299649785639,13,7.701798894139048,6.843160076030152,6.441923323428041,6.928157582281782,12.64048960344718,7.2184497970781685,True,7,6,True,7.218449645319492,large_n
hsc_shared_trend,20,S1,1.0,7.701798894139048,15,0.10419299649785639,13,7.701798894139048,6.843160076030152,6.040686570825929,6.928157582281782,12.029578040480905,7.21844973833341,True,7,6,True,7.218449645319492,large_n
hsc_shared_trend,20,S1,2.0,15.403597788278097,15,0.10419299649785639,13,7.701798894139048,6.843160076030152,5.2382130656217045,6.928157582281782,8.582117649704482,7.218449775710827,True,7,6,True,7.218449645319492,large_n
hsc_shared_trend,20,S1,4.0,30.807195576556193,15,0.10419299649785639,13,7.701798894139048,6.843160076030152,3.6332660552132574,6.928157582281782,4.849265537358533,7.218449786355796,True,7,6,True,7.218449645319492,large_n
hsc_shared_trend,20,S2,0.0,0.0,15,0.10419299649785639,13,7.701798894139048,6.843160076030152,6.843160076030152,6.928157582281782,7.18527176884096,7.218449645319492,False,2,2,True,7.218449645319492,large_n
hsc_shared_trend,20,S2,0.5,3.850899447069524,15,0.10419299649785639,13,7.701798894139048,6.843160076030152,6.441923323428041,6.928157582281782,6.935821191119163,7.2184497970781685,True,4,3,True,7.218449645319492,large_n
hsc_shared_trend,20,S2,1.0,7.701798894139048,15,0.10419299649785639,13,7.701798894139048,6.843160076030152,6.040686570825929,6.928157582281782,6.639413111282353,7.21844973833341,True,5,4,True,7.218449645319492,large_n
hsc_shared_trend,20,S2,2.0,15.403597788278097,15,0.10419299649785639,13,7.701798894139048,6.843160076030152,5.2382130656217045,6.928157582281782,2.889836292342653,7.218449775710827,True,9,8,True,7.218449645319492,large_n
hsc_shared_trend,20,S2,4.0,30.807195576556193,15,0.10419299649785639,13,7.701798894139048,6.843160076030152,3.6332660552132574,6.928157582281782,4.849265537358533,7.218449786355796,True,7,6,True,7.218449645319492,large_n
hsc_shared_trend,21,S1,0.0,0.0,15,0.09194902173575215,13,4.023586522725252,3.398867729353371,3.398867729353371,3.6160540234423073,4.149652545097545,2.8219921994669583,True,7,6,False,2.8219921994669583,large_n
hsc_shared_trend,21,S1,0.5,2.011793261362626,15,0.09194902173575215,13,4.023586522725252,3.398867729353371,3.2138853070364988,3.6160540234423073,3.422635138516875,2.8219922069871153,True,7,6,False,2.8219921994669583,large_n
hsc_shared_trend,21,S1,1.0,4.023586522725252,15,0.09194902173575215,13,4.023586522725252,3.398867729353371,3.0289028847196278,3.6160540234423073,3.422635138516875,2.821992239573209,True,7,6,False,2.8219921994669583,large_n
hsc_shared_trend,21,S1,2.0,8.047173045450505,15,0.09194902173575215,13,4.023586522725252,3.398867729353371,2.6589380400858835,3.6160540234423073,-0.00294287401826967,2.8219924278496915,True,7,6,False,2.8219921994669583,large_n
hsc_shared_trend,21,S1,4.0,16.09434609090101,15,0.09194902173575215,13,4.023586522725252,3.398867729353371,1.919008350818397,3.6160540234423073,1.0670322465511641,2.502771700298748,True,7,6,False,2.8219921994669583,large_n
hsc_shared_trend,21,S2,0.0,0.0,15,0.09194902173575215,13,4.023586522725252,3.398867729353371,3.398867729353371,3.6160540234423073,3.4538101274516064,2.8219921994669583,False,1,1,False,2.8219921994669583,large_n
hsc_shared_trend,21,S2,0.5,2.011793261362626,15,0.09194902173575215,13,4.023586522725252,3.398867729353371,3.2138853070364988,3.6160540234423073,3.6709729870159493,2.8219922069871153,True,2,1,False,2.8219921994669583,large_n
hsc_shared_trend,21,S2,1.0,4.023586522725252,15,0.09194902173575215,13,4.023586522725252,3.398867729353371,3.0289028847196278,3.6160540234423073,3.575120154858115,2.821992239573209,True,2,1,False,2.8219921994669583,large_n
hsc_shared_trend,21,S2,2.0,8.047173045450505,15,0.09194902173575215,13,4.023586522725252,3.398867729353371,2.6589380400858835,3.6160540234423073,2.3172099601609752,2.8219924278496915,True,3,2,False,2.8219921994669583,large_n
hsc_shared_trend,21,S2,4.0,16.09434609090101,15,0.09194902173575215,13,4.023586522725252,3.398867729353371,1.919008350818397,3.6160540234423073,1.0735254334442734,2.502771700298748,True,8,7,False,2.8219921994669583,large_n
hsc_shared_trend,22,S1,0.0,0.0,15,0.09326889416370313,13,4.954151553530119,6.276510461415834,6.276510461415834,6.621139528993391,9.744322035194344,6.3021039269602435,True,7,6,False,6.3021039269602435,large_n
hsc_shared_trend,22,S1,0.5,2.4770757767650595,15,0.09326889416370313,13,4.954151553530119,6.276510461415834,6.045476342957261,6.621139528993391,8.020269827195104,6.302104048840892,True,7,6,False,6.3021039269602435,large_n
hsc_shared_trend,22,S1,1.0,4.954151553530119,15,0.09326889416370313,13,4.954151553530119,6.276510461415834,5.814442224498689,6.621139528993391,6.437850417764233,6.302103958745771,True,7,6,False,6.3021039269602435,large_n
hsc_shared_trend,22,S1,2.0,9.908303107060238,15,0.09326889416370313,13,4.954151553530119,6.276510461415834,5.352373987581542,6.621139528993391,7.005371849284474,6.302104086085016,True,7,6,False,6.3021039269602435,large_n
hsc_shared_trend,22,S1,4.0,19.816606214120476,15,0.09326889416370313,13,4.954151553530119,6.276510461415834,4.4282375137472485,6.621139528993391,7.005371849284474,6.302103957339048,True,7,6,False,6.3021039269602435,large_n
hsc_shared_trend,22,S2,0.0,0.0,15,0.09326889416370313,13,4.954151553530119,6.276510461415834,6.276510461415834,6.621139528993391,6.406032633735052,6.3021039269602435,False,2,2,False,6.3021039269602435,large_n
hsc_shared_trend,22,S2,0.5,2.4770757767650595,15,0.09326889416370313,13,4.954151553530119,6.276510461415834,6.045476342957261,6.621139528993391,6.642931350485116,6.302104048840892,True,5,4,False,6.3021039269602435,large_n
hsc_shared_trend,22,S2,1.0,4.954151553530119,15,0.09326889416370313,13,4.954151553530119,6.276510461415834,5.814442224498689,6.621139528993391,6.802440736545554,6.302103958745771,True,6,5,False,6.3021039269602435,large_n
hsc_shared_trend,22,S2,2.0,9.908303107060238,15,0.09326889416370313,13,4.954151553530119,6.276510461415834,5.352373987581542,6.621139528993391,5.0787712754575915,6.302104086085016,True,9,8,False,6.3021039269602435,large_n
hsc_shared_trend,22,S2,4.0,19.816606214120476,15,0.09326889416370313,13,4.954151553530119,6.276510461415834,4.4282375137472485,6.621139528993391,5.804541317505863,6.302103957339048,True,11,10,False,6.3021039269602435,large_n
hsc_shared_trend,23,S1,0.0,0.0,15,0.11630960067494023,13,7.665053951796201,8.209827756766318,8.209827756766318,8.566836882850946,9.195258066633277,8.038004073595697,True,7,6,True,8.038004073595697,large_n
hsc_shared_trend,23,S1,0.5,3.8325269758981007,15,0.11630960067494023,13,7.665053951796201,8.209827756766318,7.764068074623674,8.566836882850946,9.231375883617492,7.9111186887881555,True,7,6,True,8.038004073595697,large_n
hsc_shared_trend,23,S1,1.0,7.665053951796201,15,0.11630960067494023,13,7.665053951796201,8.209827756766318,7.318308392481029,8.566836882850946,9.336970113850025,6.9568279267691855,True,7,6,True,8.038004073595697,large_n
hsc_shared_trend,23,S1,2.0,15.330107903592403,15,0.11630960067494023,13,7.665053951796201,8.209827756766318,6.42678902819574,8.566836882850946,9.336970113850025,6.7302232093929595,True,7,6,True,8.038004073595697,large_n
hsc_shared_trend,23,S1,4.0,30.660215807184805,15,0.11630960067494023,13,7.665053951796201,8.209827756766318,4.643750299625163,8.566836882850946,9.088436111641581,6.730227084446337,True,7,6,True,8.038004073595697,large_n
hsc_shared_trend,23,S2,0.0,0.0,15,0.11630960067494023,13,7.665053951796201,8.209827756766318,8.209827756766318,8.566836882850946,7.76813948892234,8.038004073595697,True,4,3,True,8.038004073595697,large_n
hsc_shared_trend,23,S2,0.5,3.8325269758981007,15,0.11630960067494023,13,7.665053951796201,8.209827756766318,7.764068074623674,8.566836882850946,7.76813948892234,7.9111186887881555,True,4,3,True,8.038004073595697,large_n
hsc_shared_trend,23,S2,1.0,7.665053951796201,15,0.11630960067494023,13,7.665053951796201,8.209827756766318,7.318308392481029,8.566836882850946,4.12963558670234,6.9568279267691855,True,4,3,True,8.038004073595697,large_n
hsc_shared_trend,23,S2,2.0,15.330107903592403,15,0.11630960067494023,13,7.665053951796201,8.209827756766318,6.42678902819574,8.566836882850946,5.236191543198806,6.7302232093929595,True,8,7,True,8.038004073595697,large_n
hsc_shared_trend,23,S2,4.0,30.660215807184805,15,0.11630960067494023,13,7.665053951796201,8.209827756766318,4.643750299625163,8.566836882850946,6.240747914443119,6.730227084446337,True,9,8,True,8.038004073595697,large_n
hsc_shared_trend,24,S1,0.0,0.0,15,0.10115414418291245,13,7.578526842797628,7.267066236357293,7.267066236357293,7.7160769244546685,7.98087792417649,7.664691950840332,True,7,6,True,7.664691950840332,large_n
hsc_shared_trend,24,S1,0.5,3.789263421398814,15,0.10115414418291245,13,7.578526842797628,7.267066236357293,6.88376653788208,7.7160769244546685,7.502120215106484,7.664680851178506,True,7,6,True,7.664691950840332,large_n
hsc_shared_trend,24,S1,1.0,7.578526842797628,15,0.10115414418291245,13,7.578526842797628,7.267066236357293,6.500466839406869,7.7160769244546685,7.258864129575012,7.6646730881965475,True,7,6,True,7.664691950840332,large_n
hsc_shared_trend,24,S1,2.0,15.157053685595256,15,0.10115414418291245,13,7.578526842797628,7.267066236357293,5.733867442456445,7.7160769244546685,7.258864129575012,7.342577904833448,True,7,6,True,7.664691950840332,large_n
hsc_shared_trend,24,S1,4.0,30.314107371190513,15,0.10115414418291245,13,7.578526842797628,7.267066236357293,4.200668648555598,7.7160769244546685,7.258864129575012,7.342590263611573,True,7,6,True,7.664691950840332,large_n
hsc_shared_trend,24,S2,0.0,0.0,15,0.10115414418291245,13,7.578526842797628,7.267066236357293,7.267066236357293,7.7160769244546685,7.000185881343588,7.664691950840332,False,1,1,True,7.664691950840332,large_n
hsc_shared_trend,24,S2,0.5,3.789263421398814,15,0.10115414418291245,13,7.578526842797628,7.267066236357293,6.88376653788208,7.7160769244546685,10.225693918080484,7.664680851178506,True,6,5,True,7.664691950840332,large_n
hsc_shared_trend,24,S2,1.0,7.578526842797628,15,0.10115414418291245,13,7.578526842797628,7.267066236357293,6.500466839406869,7.7160769244546685,11.866980844469026,7.6646730881965475,True,9,8,True,7.664691950840332,large_n
hsc_shared_trend,24,S2,2.0,15.157053685595256,15,0.10115414418291245,13,7.578526842797628,7.267066236357293,5.733867442456445,7.7160769244546685,14.487365009602874,7.342577904833448,True,11,10,True,7.664691950840332,large_n
hsc_shared_trend,24,S2,4.0,30.314107371190513,15,0.10115414418291245,13,7.578526842797628,7.267066236357293,4.200668648555598,7.7160769244546685,7.258864129575012,7.342590263611573,True,7,6,True,7.664691950840332,large_n
hsc_shared_trend,25,S1,0.0,0.0,15,0.09833798351939722,13,5.791167925299059,5.104840782623876,5.104840782623876,5.58124100001793,4.191707069849968,6.079336280628955,False,7,7,True,6.079336280628955,large_n
hsc_shared_trend,25,S1,0.5,2.8955839626495297,15,0.09833798351939722,13,5.791167925299059,5.104840782623876,4.820094894625816,5.58124100001793,8.56933743835088,6.079336242734565,True,7,6,True,6.079336280628955,large_n
hsc_shared_trend,25,S1,1.0,5.791167925299059,15,0.09833798351939722,13,5.791167925299059,5.104840782623876,4.535349006627755,5.58124100001793,4.550100194360525,6.079333171341913,True,7,6,True,6.079336280628955,large_n
hsc_shared_trend,25,S1,2.0,11.582335850598119,15,0.09833798351939722,13,5.791167925299059,5.104840782623876,3.9658572306316344,5.58124100001793,4.550100194360525,6.079332889156411,True,7,6,True,6.079336280628955,large_n
hsc_shared_trend,25,S1,4.0,23.164671701196237,15,0.09833798351939722,13,5.791167925299059,5.104840782623876,2.8268736786393935,5.58124100001793,6.0329847523267714,6.079333057904851,True,7,6,True,6.079336280628955,large_n
hsc_shared_trend,25,S2,0.0,0.0,15,0.09833798351939722,13,5.791167925299059,5.104840782623876,5.104840782623876,5.58124100001793,3.3287391608194974,6.079336280628955,False,7,7,True,6.079336280628955,large_n
hsc_shared_trend,25,S2,0.5,2.8955839626495297,15,0.09833798351939722,13,5.791167925299059,5.104840782623876,4.820094894625816,5.58124100001793,4.583475029927292,6.079336242734565,True,8,7,True,6.079336280628955,large_n
hsc_shared_trend,25,S2,1.0,5.791167925299059,15,0.09833798351939722,13,5.791167925299059,5.104840782623876,4.535349006627755,5.58124100001793,4.54461124672939,6.079333171341913,True,8,7,True,6.079336280628955,large_n
hsc_shared_trend,25,S2,2.0,11.582335850598119,15,0.09833798351939722,13,5.791167925299059,5.104840782623876,3.9658572306316344,5.58124100001793,4.550100194360525,6.079332889156411,True,7,6,True,6.079336280628955,large_n
hsc_shared_trend,25,S2,4.0,23.164671701196237,15,0.09833798351939722,13,5.791167925299059,5.104840782623876,2.8268736786393935,5.58124100001793,6.0329847523267714,6.079333057904851,True,7,6,True,6.079336280628955,large_n
hsc_shared_trend,26,S1,0.0,0.0,15,0.1028311518725291,13,6.952595494930279,6.119652933560201,6.119652933560201,2.9535979590889396,-0.5716620551225461,5.464497073371614,True,7,6,False,5.464497073371614,large_n
hsc_shared_trend,26,S1,0.5,3.4762977474651393,15,0.1028311518725291,13,6.952595494930279,6.119652933560201,5.762181231936483,2.9535979590889396,6.196148707087817,5.080195964061232,False,7,7,False,5.464497073371614,large_n
hsc_shared_trend,26,S1,1.0,6.952595494930279,15,0.1028311518725291,13,6.952595494930279,6.119652933560201,5.404709530312763,2.9535979590889396,0.5151403116129455,4.633378471438494,True,7,6,False,5.464497073371614,large_n
hsc_shared_trend,26,S1,2.0,13.905190989860557,15,0.1028311518725291,13,6.952595494930279,6.119652933560201,4.689766127065326,2.9535979590889396,2.8051344896058703,4.181933251836504,True,7,6,False,5.464497073371614,large_n
hsc_shared_trend,26,S1,4.0,27.810381979721114,15,0.1028311518725291,13,6.952595494930279,6.119652933560201,3.259879320570453,2.9535979590889396,2.8051344896058703,4.1819328533931,True,7,6,False,5.464497073371614,large_n
hsc_shared_trend,26,S2,0.0,0.0,15,0.1028311518725291,13,6.952595494930279,6.119652933560201,6.119652933560201,2.9535979590889396,2.9535979590889396,5.464497073371614,True,1,0,False,5.464497073371614,large_n
hsc_shared_trend,26,S2,0.5,3.4762977474651393,15,0.1028311518725291,13,6.952595494930279,6.119652933560201,5.762181231936483,2.9535979590889396,5.762181231936483,5.080195964061232,False,0,0,False,5.464497073371614,large_n
hsc_shared_trend,26,S2,1.0,6.952595494930279,15,0.1028311518725291,13,6.952595494930279,6.119652933560201,5.404709530312763,2.9535979590889396,2.9535979590889396,4.633378471438494,True,1,0,False,5.464497073371614,large_n
hsc_shared_trend,26,S2,2.0,13.905190989860557,15,0.1028311518725291,13,6.952595494930279,6.119652933560201,4.689766127065326,2.9535979590889396,3.6698143914597856,4.181933251836504,True,6,5,False,5.464497073371614,large_n
hsc_shared_trend,26,S2,4.0,27.810381979721114,15,0.1028311518725291,13,6.952595494930279,6.119652933560201,3.259879320570453,2.9535979590889396,8.771928068160124,4.1819328533931,True,10,9,False,5.464497073371614,large_n
hsc_shared_trend,27,S1,0.0,0.0,15,0.09955222781154469,13,6.371795559360361,6.411311464110113,6.411311464110113,6.284414523579715,4.517574672655384,5.443754975393187,True,7,6,True,5.443754975393187,large_n
hsc_shared_trend,27,S1,0.5,3.1858977796801806,15,0.09955222781154469,13,6.371795559360361,6.411311464110113,6.094148242563098,6.284414523579715,3.2600243172300423,4.914814058029979,True,7,6,True,5.443754975393187,large_n
hsc_shared_trend,27,S1,1.0,6.371795559360361,15,0.09955222781154469,13,6.371795559360361,6.411311464110113,5.776985021016083,6.284414523579715,3.2600243172300423,4.64466382378539,True,7,6,True,5.443754975393187,large_n
hsc_shared_trend,27,S1,2.0,12.743591118720722,15,0.09955222781154469,13,6.371795559360361,6.411311464110113,5.142658577922051,6.284414523579715,3.26737471461245,4.644664003589174,True,7,6,True,5.443754975393187,large_n
hsc_shared_trend,27,S1,4.0,25.487182237441445,15,0.09955222781154469,13,6.371795559360361,6.411311464110113,3.874005691733988,6.284414523579715,3.8103473921748146,4.644664431141521,True,7,6,True,5.443754975393187,large_n
hsc_shared_trend,27,S2,0.0,0.0,15,0.09955222781154469,13,6.371795559360361,6.411311464110113,6.411311464110113,6.284414523579715,6.412823335766386,5.443754975393187,False,2,2,True,5.443754975393187,large_n
hsc_shared_trend,27,S2,0.5,3.1858977796801806,15,0.09955222781154469,13,6.371795559360361,6.411311464110113,6.094148242563098,6.284414523579715,5.892594957555768,4.914814058029979,True,4,3,True,5.443754975393187,large_n
hsc_shared_trend,27,S2,1.0,6.371795559360361,15,0.09955222781154469,13,6.371795559360361,6.411311464110113,5.776985021016083,6.284414523579715,5.526065493527969,4.64466382378539,True,7,6,True,5.443754975393187,large_n
hsc_shared_trend,27,S2,2.0,12.743591118720722,15,0.09955222781154469,13,6.371795559360361,6.411311464110113,5.142658577922051,6.284414523579715,4.015551099993763,4.644664003589174,True,9,8,True,5.443754975393187,large_n
hsc_shared_trend,27,S2,4.0,25.487182237441445,15,0.09955222781154469,13,6.371795559360361,6.411311464110113,3.874005691733988,6.284414523579715,8.084910381002885,4.644664431141521,True,11,10,True,5.443754975393187,large_n
hsc_shared_trend,28,S1,0.0,0.0,15,0.12070369825507629,13,6.6550509648148815,6.860249941864711,6.860249941864711,7.022504963658678,7.519776433915792,6.438986757668477,True,7,6,True,6.438986757668477,large_n
hsc_shared_trend,28,S1,0.5,3.3275254824074407,15,0.12070369825507629,13,6.6550509648148815,6.860249941864711,6.4586053101001255,7.022504963658678,7.342886789568624,6.438986222045131,True,7,6,True,6.438986757668477,large_n
hsc_shared_trend,28,S1,1.0,6.6550509648148815,15,0.12070369825507629,13,6.6550509648148815,6.860249941864711,6.056960678335541,7.022504963658678,8.244628185335554,6.438986459796048,True,7,6,True,6.438986757668477,large_n
hsc_shared_trend,28,S1,2.0,13.310101929629763,15,0.12070369825507629,13,6.6550509648148815,6.860249941864711,5.253671414806372,7.022504963658678,8.244628185335554,6.438986333879505,True,7,6,True,6.438986757668477,large_n
hsc_shared_trend,28,S1,4.0,26.620203859259526,15,0.12070369825507629,13,6.6550509648148815,6.860249941864711,3.6470928877480326,7.022504963658678,8.244628185335554,6.438983965485175,True,7,6,True,6.438986757668477,large_n
hsc_shared_trend,28,S2,0.0,0.0,15,0.12070369825507629,13,6.6550509648148815,6.860249941864711,6.860249941864711,7.022504963658678,7.892078641372729,6.438986757668477,True,3,2,True,6.438986757668477,large_n
hsc_shared_trend,28,S2,0.5,3.3275254824074407,15,0.12070369825507629,13,6.6550509648148815,6.860249941864711,6.4586053101001255,7.022504963658678,8.609591013839129,6.438986222045131,True,5,4,True,6.438986757668477,large_n
hsc_shared_trend,28,S2,1.0,6.6550509648148815,15,0.12070369825507629,13,6.6550509648148815,6.860249941864711,6.056960678335541,7.022504963658678,11.183476668111506,6.438986459796048,True,8,7,True,6.438986757668477,large_n
hsc_shared_trend,28,S2,2.0,13.310101929629763,15,0.12070369825507629,13,6.6550509648148815,6.860249941864711,5.253671414806372,7.022504963658678,11.395750448454779,6.438986333879505,True,10,9,True,6.438986757668477,large_n
hsc_shared_trend,28,S2,4.0,26.620203859259526,15,0.12070369825507629,13,6.6550509648148815,6.860249941864711,3.6470928877480326,7.022504963658678,9.865959090746587,6.438983965485175,True,11,10,True,6.438986757668477,large_n
hsc_shared_trend,29,S1,0.0,0.0,15,0.10370695115156975,13,7.779686807997486,7.673388938425559,7.673388938425559,7.952495158553235,7.603008602305171,6.661438949771323,False,7,7,True,6.661438949771323,large_n
hsc_shared_trend,29,S1,0.5,3.889843403998743,15,0.10370695115156975,13,7.779686807997486,7.673388938425559,7.269985138539806,7.952495158553235,2.280757988344651,6.748903658378492,True,7,6,True,6.661438949771323,large_n
hsc_shared_trend,29,S1,1.0,7.779686807997486,15,0.10370695115156975,13,7.779686807997486,7.673388938425559,6.866581338654053,7.952495158553235,2.713040377152436,6.748903351881506,True,7,6,True,6.661438949771323,large_n
hsc_shared_trend,29,S1,2.0,15.559373615994971,15,0.10370695115156975,13,7.779686807997486,7.673388938425559,6.059773738882545,7.952495158553235,-0.8512373139884992,6.748902055070239,True,7,6,True,6.661438949771323,large_n
hsc_shared_trend,29,S1,4.0,31.118747231989943,15,0.10370695115156975,13,7.779686807997486,7.673388938425559,4.446158539339533,7.952495158553235,0.15611913934378308,6.748902571880244,True,7,6,True,6.661438949771323,large_n
hsc_shared_trend,29,S2,0.0,0.0,15,0.10370695115156975,13,7.779686807997486,7.673388938425559,7.673388938425559,7.952495158553235,8.01209633301396,6.661438949771323,False,5,5,True,6.661438949771323,large_n
hsc_shared_trend,29,S2,0.5,3.889843403998743,15,0.10370695115156975,13,7.779686807997486,7.673388938425559,7.269985138539806,7.952495158553235,2.8768837867395605,6.748903658378492,True,5,4,True,6.661438949771323,large_n
hsc_shared_trend,29,S2,1.0,7.779686807997486,15,0.10370695115156975,13,7.779686807997486,7.673388938425559,6.866581338654053,7.952495158553235,8.77995091602881,6.748903351881506,True,7,6,True,6.661438949771323,large_n
hsc_shared_trend,29,S2,2.0,15.559373615994971,15,0.10370695115156975,13,7.779686807997486,7.673388938425559,6.059773738882545,7.952495158553235,12.501041504001368,6.748902055070239,True,9,8,True,6.661438949771323,large_n
hsc_shared_trend,29,S2,4.0,31.118747231989943,15,0.10370695115156975,13,7.779686807997486,7.673388938425559,4.446158539339533,7.952495158553235,0.15611913934378308,6.748902571880244,True,7,6,True,6.661438949771323,large_n
hsc_shared_trend,30,S1,0.0,0.0,15,0.12380542657960283,13,5.091888343177923,5.373689293254284,5.373689293254284,5.338709960575006,5.135165659396232,4.510480847247809,True,7,6,True,4.510480847247809,large_n
hsc_shared_trend,30,S1,0.5,2.5459441715889617,15,0.12380542657960283,13,5.091888343177923,5.373689293254284,5.058487589042858,5.338709960575006,3.415912954726913,3.761577086879594,True,7,6,True,4.510480847247809,large_n
hsc_shared_trend,30,S1,1.0,5.091888343177923,15,0.12380542657960283,13,5.091888343177923,5.373689293254284,4.743285884831433,5.338709960575006,3.415912954726913,3.287560484754856,True,7,6,True,4.510480847247809,large_n
hsc_shared_trend,30,S1,2.0,10.183776686355847,15,0.12380542657960283,13,5.091888343177923,5.373689293254284,4.112882476408583,5.338709960575006,4.648655571159085,3.2875585506867893,True,7,6,True,4.510480847247809,large_n
hsc_shared_trend,30,S1,4.0,20.367553372711694,15,0.12380542657960283,13,5.091888343177923,5.373689293254284,2.8520756595628827,5.338709960575006,4.648655571159085,3.287558998957092,True,7,6,True,4.510480847247809,large_n
hsc_shared_trend,30,S2,0.0,0.0,15,0.12380542657960283,13,5.091888343177923,5.373689293254284,5.373689293254284,5.338709960575006,5.387697610269172,4.510480847247809,False,1,1,True,4.510480847247809,large_n
hsc_shared_trend,30,S2,0.5,2.5459441715889617,15,0.12380542657960283,13,5.091888343177923,5.373689293254284,5.058487589042858,5.338709960575006,5.352914147302035,3.761577086879594,True,2,1,True,4.510480847247809,large_n
hsc_shared_trend,30,S2,1.0,5.091888343177923,15,0.12380542657960283,13,5.091888343177923,5.373689293254284,4.743285884831433,5.338709960575006,2.8911382226844458,3.287560484754856,True,7,6,True,4.510480847247809,large_n
hsc_shared_trend,30,S2,2.0,10.183776686355847,15,0.12380542657960283,13,5.091888343177923,5.373689293254284,4.112882476408583,5.338709960575006,2.6480775126948446,3.2875585506867893,True,8,7,True,4.510480847247809,large_n
hsc_shared_trend,30,S2,4.0,20.367553372711694,15,0.12380542657960283,13,5.091888343177923,5.373689293254284,2.8520756595628827,5.338709960575006,2.6480775126948446,3.287558998957092,True,8,7,True,4.510480847247809,large_n
hsc_shared_trend,31,S1,0.0,0.0,15,0.0959945598264527,13,6.439209813897834,6.984497773026215,6.984497773026215,7.328442858923474,8.33098387151731,6.109596975419247,False,7,7,True,6.109596975419247,large_n
hsc_shared_trend,31,S1,0.5,3.219604906948917,15,0.0959945598264527,13,6.439209813897834,6.984497773026215,6.675433217168566,7.328442858923474,9.595135180524455,6.109597715891299,True,7,6,True,6.109596975419247,large_n
hsc_shared_trend,31,S1,1.0,6.439209813897834,15,0.0959945598264527,13,6.439209813897834,6.984497773026215,6.366368661310918,7.328442858923474,8.709727254247264,6.109597917170493,True,7,6,True,6.109596975419247,large_n
hsc_shared_trend,31,S1,2.0,12.878419627795669,15,0.0959945598264527,13,6.439209813897834,6.984497773026215,5.748239549595621,7.328442858923474,7.007656321246314,6.109597194723152,True,7,6,True,6.109596975419247,large_n
hsc_shared_trend,31,S1,4.0,25.756839255591338,15,0.0959945598264527,13,6.439209813897834,6.984497773026215,4.511981326165026,7.328442858923474,7.6977123357514925,6.109596948553984,True,7,6,True,6.109596975419247,large_n
hsc_shared_trend,31,S2,0.0,0.0,15,0.0959945598264527,13,6.439209813897834,6.984497773026215,6.984497773026215,7.328442858923474,8.600944961060057,6.109596975419247,False,4,4,True,6.109596975419247,large_n
hsc_shared_trend,31,S2,0.5,3.219604906948917,15,0.0959945598264527,13,6.439209813897834,6.984497773026215,6.675433217168566,7.328442858923474,8.973296494661065,6.109597715891299,True,7,6,True,6.109596975419247,large_n
hsc_shared_trend,31,S2,1.0,6.439209813897834,15,0.0959945598264527,13,6.439209813897834,6.984497773026215,6.366368661310918,7.328442858923474,8.709727254247264,6.109597917170493,True,7,6,True,6.109596975419247,large_n
hsc_shared_trend,31,S2,2.0,12.878419627795669,15,0.0959945598264527,13,6.439209813897834,6.984497773026215,5.748239549595621,7.328442858923474,6.9722308147441465,6.109597194723152,True,10,9,True,6.109596975419247,large_n
hsc_shared_trend,31,S2,4.0,25.756839255591338,15,0.0959945598264527,13,6.439209813897834,6.984497773026215,4.511981326165026,7.328442858923474,7.6977123357514925,6.109596948553984,True,7,6,True,6.109596975419247,large_n
hsc_shared_trend,32,S1,0.0,0.0,15,0.10583644658151514,13,6.748884818683565,7.510707398781051,7.510707398781051,8.742824441397001,6.1024447613189965,6.790489508962857,False,7,7,True,6.790489508962857,large_n
hsc_shared_trend,32,S1,0.5,3.3744424093417824,15,0.10583644658151514,13,6.748884818683565,7.510707398781051,7.15356840498235,8.742824441397001,7.343976496708775,6.055718674644403,True,7,6,True,6.790489508962857,large_n
hsc_shared_trend,32,S1,1.0,6.748884818683565,15,0.10583644658151514,13,6.748884818683565,7.510707398781051,6.79642941118365,8.742824441397001,7.343976496708775,5.018031288340829,True,7,6,True,6.790489508962857,large_n
hsc_shared_trend,32,S1,2.0,13.49776963736713,15,0.10583644658151514,13,6.748884818683565,7.510707398781051,6.0821514235862475,8.742824441397001,8.709432214871711,3.0832735250625376,True,7,6,True,6.790489508962857,large_n
hsc_shared_trend,32,S1,4.0,26.99553927473426,15,0.10583644658151514,13,6.748884818683565,7.510707398781051,4.653595448391444,8.742824441397001,8.709432214871711,0.8637143645890291,True,7,6,True,6.790489508962857,large_n
hsc_shared_trend,32,S2,0.0,0.0,15,0.10583644658151514,13,6.748884818683565,7.510707398781051,7.510707398781051,8.742824441397001,7.857572608803008,6.790489508962857,False,1,1,True,6.790489508962857,large_n
hsc_shared_trend,32,S2,0.5,3.3744424093417824,15,0.10583644658151514,13,6.748884818683565,7.510707398781051,7.15356840498235,8.742824441397001,9.376686304812912,6.055718674644403,True,3,2,True,6.790489508962857,large_n
hsc_shared_trend,32,S2,1.0,6.748884818683565,15,0.10583644658151514,13,6.748884818683565,7.510707398781051,6.79642941118365,8.742824441397001,9.784809536511483,5.018031288340829,True,5,4,True,6.790489508962857,large_n
hsc_shared_trend,32,S2,2.0,13.49776963736713,15,0.10583644658151514,13,6.748884818683565,7.510707398781051,6.0821514235862475,8.742824441397001,11.063991447894596,3.0832735250625376,True,7,6,True,6.790489508962857,large_n
hsc_shared_trend,32,S2,4.0,26.99553927473426,15,0.10583644658151514,13,6.748884818683565,7.510707398781051,4.653595448391444,8.742824441397001,17.10202281919347,0.8637143645890291,True,9,8,True,6.790489508962857,large_n
hsc_shared_trend,33,S1,0.0,0.0,15,0.09835342617871458,13,8.181885125926243,8.72694954263213,8.72694954263213,8.808291593053143,8.014197147836295,6.622635968641614,True,7,6,False,6.622635968641614,large_n
hsc_shared_trend,33,S1,0.5,4.0909425629631215,15,0.09835342617871458,13,8.181885125926243,8.72694954263213,8.324591325264379,8.808291593053143,11.111176448525176,5.577528707144051,True,7,6,False,6.622635968641614,large_n
hsc_shared_trend,33,S1,1.0,8.181885125926243,15,0.09835342617871458,13,8.181885125926243,8.72694954263213,7.9222331078966235,8.808291593053143,11.111176448525176,5.577529042654924,True,7,6,False,6.622635968641614,large_n
hsc_shared_trend,33,S1,2.0,16.363770251852486,15,0.09835342617871458,13,8.181885125926243,8.72694954263213,7.117516673161113,8.808291593053143,11.111176448525176,5.577529807020427,True,7,6,False,6.622635968641614,large_n
hsc_shared_trend,33,S1,4.0,32.72754050370497,15,0.09835342617871458,13,8.181885125926243,8.72694954263213,5.508083803690094,8.808291593053143,11.111176448525176,5.577529483841579,True,7,6,False,6.622635968641614,large_n
hsc_shared_trend,33,S2,0.0,0.0,15,0.09835342617871458,13,8.181885125926243,8.72694954263213,8.72694954263213,8.808291593053143,8.892758111705325,6.622635968641614,False,1,1,False,6.622635968641614,large_n
hsc_shared_trend,33,S2,0.5,4.0909425629631215,15,0.09835342617871458,13,8.181885125926243,8.72694954263213,8.324591325264379,8.808291593053143,8.97409623626584,5.577528707144051,True,2,1,False,6.622635968641614,large_n
hsc_shared_trend,33,S2,1.0,8.181885125926243,15,0.09835342617871458,13,8.181885125926243,8.72694954263213,7.9222331078966235,8.808291593053143,11.111176448525176,5.577529042654924,True,7,6,False,6.622635968641614,large_n
hsc_shared_trend,33,S2,2.0,16.363770251852486,15,0.09835342617871458,13,8.181885125926243,8.72694954263213,7.117516673161113,8.808291593053143,10.876720010236765,5.577529807020427,True,7,6,False,6.622635968641614,large_n
hsc_shared_trend,33,S2,4.0,32.72754050370497,15,0.09835342617871458,13,8.181885125926243,8.72694954263213,5.508083803690094,8.808291593053143,11.644906502771661,5.577529483841579,True,9,8,False,6.622635968641614,large_n
hsc_shared_trend,34,S1,0.0,0.0,15,0.12380758711312678,13,10.976076916493517,10.989310620606355,10.989310620606355,10.879151888793874,11.549916021627473,11.399263573643115,False,7,7,True,11.399263573643115,large_n
hsc_shared_trend,34,S1,0.5,5.488038458246758,15,0.12380758711312678,13,10.976076916493517,10.989310620606355,10.309849821106779,10.879151888793874,14.418491938691881,11.297795881721871,True,7,6,True,11.399263573643115,large_n
hsc_shared_trend,34,S1,1.0,10.976076916493517,15,0.12380758711312678,13,10.976076916493517,10.989310620606355,9.630389021607204,10.879151888793874,13.08282016042279,11.297795362871241,True,7,6,True,11.399263573643115,large_n
hsc_shared_trend,34,S1,2.0,21.952153832987033,15,0.12380758711312678,13,10.976076916493517,10.989310620606355,8.271467422608051,10.879151888793874,13.284308056958048,11.297795915919565,True,7,6,True,11.399263573643115,large_n
hsc_shared_trend,34,S1,4.0,43.904307665974066,15,0.12380758711312678,13,10.976076916493517,10.989310620606355,5.55362422460975,10.879151888793874,12.895021354124273,11.297795420277588,True,7,6,True,11.399263573643115,large_n
hsc_shared_trend,34,S2,0.0,0.0,15,0.12380758711312678,13,10.976076916493517,10.989310620606355,10.989310620606355,10.879151888793874,11.54056943853608,11.399263573643115,False,5,5,True,11.399263573643115,large_n
hsc_shared_trend,34,S2,0.5,5.488038458246758,15,0.12380758711312678,13,10.976076916493517,10.989310620606355,10.309849821106779,10.879151888793874,10.901767084043845,11.297795881721871,True,5,4,True,11.399263573643115,large_n
hsc_shared_trend,34,S2,1.0,10.976076916493517,15,0.12380758711312678,13,10.976076916493517,10.989310620606355,9.630389021607204,10.879151888793874,11.530163178247244,11.297795362871241,True,10,9,True,11.399263573643115,large_n
hsc_shared_trend,34,S2,2.0,21.952153832987033,15,0.12380758711312678,13,10.976076916493517,10.989310620606355,8.271467422608051,10.879151888793874,13.284308056958048,11.297795915919565,True,7,6,True,11.399263573643115,large_n
hsc_shared_trend,34,S2,4.0,43.904307665974066,15,0.12380758711312678,13,10.976076916493517,10.989310620606355,5.55362422460975,10.879151888793874,12.895021354124273,11.297795420277588,True,7,6,True,11.399263573643115,large_n
hsc_shared_trend,35,S1,0.0,0.0,15,0.1001123681757102,13,10.640501457404095,9.982514779080173,9.982514779080173,10.365294748185438,7.890323394395071,13.981963674726089,False,7,7,False,13.981963674726089,large_n
hsc_shared_trend,35,S1,0.5,5.320250728702048,15,0.1001123681757102,13,10.640501457404095,9.982514779080173,9.449891879341262,10.365294748185438,8.876246765662547,13.981963585209144,True,7,6,False,13.981963674726089,large_n
hsc_shared_trend,35,S1,1.0,10.640501457404095,15,0.1001123681757102,13,10.640501457404095,9.982514779080173,8.917268979602351,10.365294748185438,0.4573509609506402,12.73516126843424,True,7,6,False,13.981963674726089,large_n
hsc_shared_trend,35,S1,2.0,21.28100291480819,15,0.1001123681757102,13,10.640501457404095,9.982514779080173,7.852023180124533,10.365294748185438,0.4573509609506402,12.735157579972274,True,7,6,False,13.981963674726089,large_n
hsc_shared_trend,35,S1,4.0,42.56200582961638,15,0.1001123681757102,13,10.640501457404095,9.982514779080173,5.721531581168894,10.365294748185438,0.2124737369056035,12.735157778401877,True,7,6,False,13.981963674726089,large_n
hsc_shared_trend,35,S2,0.0,0.0,15,0.1001123681757102,13,10.640501457404095,9.982514779080173,9.982514779080173,10.365294748185438,12.283888920215546,13.981963674726089,False,3,3,False,13.981963674726089,large_n
hsc_shared_trend,35,S2,0.5,5.320250728702048,15,0.1001123681757102,13,10.640501457404095,9.982514779080173,9.449891879341262,10.365294748185438,10.50997207242881,13.981963585209144,True,6,5,False,13.981963674726089,large_n
hsc_shared_trend,35,S2,1.0,10.640501457404095,15,0.1001123681757102,13,10.640501457404095,9.982514779080173,8.917268979602351,10.365294748185438,12.848937097189019,12.73516126843424,True,9,8,False,13.981963674726089,large_n
hsc_shared_trend,35,S2,2.0,21.28100291480819,15,0.1001123681757102,13,10.640501457404095,9.982514779080173,7.852023180124533,10.365294748185438,0.4573509609506402,12.735157579972274,True,7,6,False,13.981963674726089,large_n
hsc_shared_trend,35,S2,4.0,42.56200582961638,15,0.1001123681757102,13,10.640501457404095,9.982514779080173,5.721531581168894,10.365294748185438,0.2124737369056035,12.735157778401877,True,7,6,False,13.981963674726089,large_n
hsc_shared_trend,36,S1,0.0,0.0,15,0.11287250939317792,13,4.893542328647732,4.927464236175266,4.927464236175266,4.77967370265885,8.155941112888382,2.3996334853255057,True,7,6,False,2.3996334853255057,large_n
hsc_shared_trend,36,S1,0.5,2.446771164323866,15,0.11287250939317792,13,4.893542328647732,4.927464236175266,4.651291034947164,4.77967370265885,8.155941112888382,1.5876522425933963,True,7,6,False,2.3996334853255057,large_n
hsc_shared_trend,36,S1,1.0,4.893542328647732,15,0.11287250939317792,13,4.893542328647732,4.927464236175266,4.375117833719061,4.77967370265885,7.19670775773678,0.9982245851810561,True,7,6,False,2.3996334853255057,large_n
hsc_shared_trend,36,S1,2.0,9.787084657295464,15,0.11287250939317792,13,4.893542328647732,4.927464236175266,3.8227714312628565,4.77967370265885,7.306320885156646,0.9982246384203961,True,7,6,False,2.3996334853255057,large_n
hsc_shared_trend,36,S1,4.0,19.57416931459093,15,0.11287250939317792,13,4.893542328647732,4.927464236175266,2.718078626350446,4.77967370265885,5.518768470356022,0.9982236638172104,True,7,6,False,2.3996334853255057,large_n
hsc_shared_trend,36,S2,0.0,0.0,15,0.11287250939317792,13,4.893542328647732,4.927464236175266,4.927464236175266,4.77967370265885,6.0341776735737085,2.3996334853255057,True,4,3,False,2.3996334853255057,large_n
hsc_shared_trend,36,S2,0.5,2.446771164323866,15,0.11287250939317792,13,4.893542328647732,4.927464236175266,4.651291034947164,4.77967370265885,6.954099718708366,1.5876522425933963,False,3,3,False,2.3996334853255057,large_n
hsc_shared_trend,36,S2,1.0,4.893542328647732,15,0.11287250939317792,13,4.893542328647732,4.927464236175266,4.375117833719061,4.77967370265885,7.08952382178307,0.9982245851810561,True,4,3,False,2.3996334853255057,large_n
hsc_shared_trend,36,S2,2.0,9.787084657295464,15,0.11287250939317792,13,4.893542328647732,4.927464236175266,3.8227714312628565,4.77967370265885,7.306320885156646,0.9982246384203961,True,7,6,False,2.3996334853255057,large_n
hsc_shared_trend,36,S2,4.0,19.57416931459093,15,0.11287250939317792,13,4.893542328647732,4.927464236175266,2.718078626350446,4.77967370265885,8.892818372923802,0.9982236638172104,True,10,9,False,2.3996334853255057,large_n
hsc_shared_trend,37,S1,0.0,0.0,15,0.09449919577707934,13,5.843204395294556,4.84776450622773,4.84776450622773,4.994505318848644,3.6368348340519274,5.588343274851134,True,7,6,True,5.588343274851134,large_n
hsc_shared_trend,37,S1,0.5,2.921602197647278,15,0.09449919577707934,13,5.843204395294556,4.84776450622773,4.571675448169513,4.994505318848644,3.9643744464483546,5.588343219460283,True,7,6,True,5.588343274851134,large_n
hsc_shared_trend,37,S1,1.0,5.843204395294556,15,0.09449919577707934,13,5.843204395294556,4.84776450622773,4.295586390111298,4.994505318848644,3.9643744464483546,5.588343127417069,True,7,6,True,5.588343274851134,large_n
hsc_shared_trend,37,S1,2.0,11.686408790589113,15,0.09449919577707934,13,5.843204395294556,4.84776450622773,3.7434082739948673,4.994505318848644,5.2644083807064295,5.588342905875535,True,7,6,True,5.588343274851134,large_n
hsc_shared_trend,37,S1,4.0,23.372817581178225,15,0.09449919577707934,13,5.843204395294556,4.84776450622773,2.639052041762006,4.994505318848644,5.2644083807064295,5.588343326087932,True,7,6,True,5.588343274851134,large_n
hsc_shared_trend,37,S2,0.0,0.0,15,0.09449919577707934,13,5.843204395294556,4.84776450622773,4.84776450622773,4.994505318848644,5.285630660134261,5.588343274851134,True,6,5,True,5.588343274851134,large_n
hsc_shared_trend,37,S2,0.5,2.921602197647278,15,0.09449919577707934,13,5.843204395294556,4.84776450622773,4.571675448169513,4.994505318848644,10.450273717035937,5.588343219460283,True,7,6,True,5.588343274851134,large_n
hsc_shared_trend,37,S2,1.0,5.843204395294556,15,0.09449919577707934,13,5.843204395294556,4.84776450622773,4.295586390111298,4.994505318848644,11.554797072537063,5.588343127417069,True,9,8,True,5.588343274851134,large_n
hsc_shared_trend,37,S2,2.0,11.686408790589113,15,0.09449919577707934,13,5.843204395294556,4.84776450622773,3.7434082739948673,4.994505318848644,12.370548604067134,5.588342905875535,True,9,8,True,5.588343274851134,large_n
hsc_shared_trend,37,S2,4.0,23.372817581178225,15,0.09449919577707934,13,5.843204395294556,4.84776450622773,2.639052041762006,4.994505318848644,7.208251049118656,5.588343326087932,True,9,8,True,5.588343274851134,large_n
hsc_shared_trend,38,S1,0.0,0.0,15,0.1076217533947159,13,7.950355136082338,8.156764810876846,8.156764810876846,8.212010731736228,10.461888807151098,9.938752586058676,True,7,6,False,9.938752586058676,large_n
hsc_shared_trend,38,S1,0.5,3.975177568041169,15,0.1076217533947159,13,7.950355136082338,8.156764810876846,7.728949230948911,8.212010731736228,11.665407354652942,9.938752841564188,True,7,6,False,9.938752586058676,large_n
hsc_shared_trend,38,S1,1.0,7.950355136082338,15,0.1076217533947159,13,7.950355136082338,8.156764810876846,7.301133651020978,8.212010731736228,12.102564385852416,9.938752226897531,True,7,6,False,9.938752586058676,large_n
hsc_shared_trend,38,S1,2.0,15.900710272164677,15,0.1076217533947159,13,7.950355136082338,8.156764810876846,6.445502491165111,8.212010731736228,10.568388868578989,9.938752854030177,True,7,6,False,9.938752586058676,large_n
hsc_shared_trend,38,S1,4.0,31.801420544329353,15,0.1076217533947159,13,7.950355136082338,8.156764810876846,4.734240171453378,8.212010731736228,10.568388868578989,9.93875280271823,True,7,6,False,9.938752586058676,large_n
hsc_shared_trend,38,S2,0.0,0.0,15,0.1076217533947159,13,7.950355136082338,8.156764810876846,8.156764810876846,8.212010731736228,8.087718256223813,9.938752586058676,False,1,1,False,9.938752586058676,large_n
hsc_shared_trend,38,S2,0.5,3.975177568041169,15,0.1076217533947159,13,7.950355136082338,8.156764810876846,7.728949230948911,8.212010731736228,11.120629046380305,9.938752841564188,True,4,3,False,9.938752586058676,large_n
hsc_shared_trend,38,S2,1.0,7.950355136082338,15,0.1076217533947159,13,7.950355136082338,8.156764810876846,7.301133651020978,8.212010731736228,10.846719000735572,9.938752226897531,True,7,6,False,9.938752586058676,large_n
hsc_shared_trend,38,S2,2.0,15.900710272164677,15,0.1076217533947159,13,7.950355136082338,8.156764810876846,6.445502491165111,8.212010731736228,10.568388868578989,9.938752854030177,True,7,6,False,9.938752586058676,large_n
hsc_shared_trend,38,S2,4.0,31.801420544329353,15,0.1076217533947159,13,7.950355136082338,8.156764810876846,4.734240171453378,8.212010731736228,10.568388868578989,9.93875280271823,True,7,6,False,9.938752586058676,large_n
hsc_shared_trend,39,S1,0.0,0.0,15,0.11607574612224811,13,5.0748956136140695,5.202457720690594,5.202457720690594,5.227433694372193,5.537380734122258,3.70409606970545,False,7,7,False,3.70409606970545,large_n
hsc_shared_trend,39,S1,0.5,2.5374478068070347,15,0.11607574612224811,13,5.0748956136140695,5.202457720690594,4.9079215732692045,5.227433694372193,6.6616627020789405,3.5071691284900766,True,7,6,False,3.70409606970545,large_n
hsc_shared_trend,39,S1,1.0,5.0748956136140695,15,0.11607574612224811,13,5.0748956136140695,5.202457720690594,4.613385425847816,5.227433694372193,4.958101329572648,2.8733842640948204,True,7,6,False,3.70409606970545,large_n
hsc_shared_trend,39,S1,2.0,10.149791227228139,15,0.11607574612224811,13,5.0748956136140695,5.202457720690594,4.024313131005039,5.227433694372193,4.958101329572648,2.8600691488380576,True,7,6,False,3.70409606970545,large_n
hsc_shared_trend,39,S1,4.0,20.299582454456278,15,0.11607574612224811,13,5.0748956136140695,5.202457720690594,2.8461685413194844,5.227433694372193,4.187263719089303,2.860066217358698,True,7,6,False,3.70409606970545,large_n
hsc_shared_trend,39,S2,0.0,0.0,15,0.11607574612224811,13,5.0748956136140695,5.202457720690594,5.202457720690594,5.227433694372193,5.413678749007978,3.70409606970545,False,4,4,False,3.70409606970545,large_n
hsc_shared_trend,39,S2,0.5,2.5374478068070347,15,0.11607574612224811,13,5.0748956136140695,5.202457720690594,4.9079215732692045,5.227433694372193,5.5422255088178325,3.5071691284900766,True,3,2,False,3.70409606970545,large_n
hsc_shared_trend,39,S2,1.0,5.0748956136140695,15,0.11607574612224811,13,5.0748956136140695,5.202457720690594,4.613385425847816,5.227433694372193,5.56139614016358,2.8733842640948204,True,5,4,False,3.70409606970545,large_n
hsc_shared_trend,39,S2,2.0,10.149791227228139,15,0.11607574612224811,13,5.0748956136140695,5.202457720690594,4.024313131005039,5.227433694372193,6.344809117233128,2.8600691488380576,True,9,8,False,3.70409606970545,large_n
hsc_shared_trend,39,S2,4.0,20.299582454456278,15,0.11607574612224811,13,5.0748956136140695,5.202457720690594,2.8461685413194844,5.227433694372193,4.187263719089303,2.860066217358698,True,7,6,False,3.70409606970545,large_n
pangeo_seasonal,0,S1,0.0,0.0,14,0.13213350180131547,12,1.4255386988390626,1.991810142385313,1.991810142385313,1.7909028181678355,1.879752092004939,5.162042895163219,True,6,5,False,5.162042895163219,large_n
pangeo_seasonal,0,S1,0.5,0.7127693494195313,14,0.13213350180131547,12,1.4255386988390626,1.991810142385313,1.897629432269865,1.7909028181678355,0.851060718237928,5.16204289515902,True,6,5,False,5.162042895163219,large_n
pangeo_seasonal,0,S1,1.0,1.4255386988390626,14,0.13213350180131547,12,1.4255386988390626,1.991810142385313,1.8034487221544169,1.7909028181678355,1.0556697184368111,5.162042895155297,True,6,5,False,5.162042895163219,large_n
pangeo_seasonal,0,S1,2.0,2.851077397678125,14,0.13213350180131547,12,1.4255386988390626,1.991810142385313,1.6150873019235206,1.7909028181678355,1.610406978366799,5.162042895148364,True,6,5,False,5.162042895163219,large_n
pangeo_seasonal,0,S1,4.0,5.70215479535625,14,0.13213350180131547,12,1.4255386988390626,1.991810142385313,1.2383644614617282,1.7909028181678355,1.610406978366799,5.162042895135169,True,6,5,False,5.162042895163219,large_n
pangeo_seasonal,0,S2,0.0,0.0,14,0.13213350180131547,12,1.4255386988390626,1.991810142385313,1.991810142385313,1.7909028181678355,1.9004987156526085,5.162042895163219,False,2,2,False,5.162042895163219,large_n
pangeo_seasonal,0,S2,0.5,0.7127693494195313,14,0.13213350180131547,12,1.4255386988390626,1.991810142385313,1.897629432269865,1.7909028181678355,1.2758734711151525,5.16204289515902,True,5,4,False,5.162042895163219,large_n
pangeo_seasonal,0,S2,1.0,1.4255386988390626,14,0.13213350180131547,12,1.4255386988390626,1.991810142385313,1.8034487221544169,1.7909028181678355,1.6054677344324282,5.162042895155297,True,7,6,False,5.162042895163219,large_n
pangeo_seasonal,0,S2,2.0,2.851077397678125,14,0.13213350180131547,12,1.4255386988390626,1.991810142385313,1.6150873019235206,1.7909028181678355,3.174947913731576,5.162042895148364,True,9,8,False,5.162042895163219,large_n
pangeo_seasonal,0,S2,4.0,5.70215479535625,14,0.13213350180131547,12,1.4255386988390626,1.991810142385313,1.2383644614617282,1.7909028181678355,1.610406978366799,5.162042895135169,True,6,5,False,5.162042895163219,large_n
pangeo_seasonal,1,S1,0.0,0.0,14,0.11963397869130571,12,1.1770386238614008,1.141751846003452,1.141751846003452,1.1433176109675094,1.2210303594782477,9.824517036784986,True,6,5,False,9.824517036784986,large_n
pangeo_seasonal,1,S1,0.5,0.5885193119307004,14,0.11963397869130571,12,1.1770386238614008,1.141751846003452,1.0713449391805125,1.1433176109675094,1.7441109139633397,9.824517036785423,True,6,5,False,9.824517036784986,large_n
pangeo_seasonal,1,S1,1.0,1.1770386238614008,14,0.11963397869130571,12,1.1770386238614008,1.141751846003452,1.000938032357573,1.1433176109675094,1.7441109139633397,9.824517036785858,True,6,5,False,9.824517036784986,large_n
pangeo_seasonal,1,S1,2.0,2.3540772477228016,14,0.11963397869130571,12,1.1770386238614008,1.141751846003452,0.8601242187116949,1.1433176109675094,1.7441109139633397,9.824517036786734,True,6,5,False,9.824517036784986,large_n
pangeo_seasonal,1,S1,4.0,4.708154495445603,14,0.11963397869130571,12,1.1770386238614008,1.141751846003452,0.5784965914199374,1.1433176109675094,1.7441109139633397,9.82451703678849,True,6,5,False,9.824517036784986,large_n
pangeo_seasonal,1,S2,0.0,0.0,14,0.11963397869130571,12,1.1770386238614008,1.141751846003452,1.141751846003452,1.1433176109675094,1.141751846003452,9.824517036784986,False,0,0,False,9.824517036784986,large_n
pangeo_seasonal,1,S2,0.5,0.5885193119307004,14,0.11963397869130571,12,1.1770386238614008,1.141751846003452,1.0713449391805125,1.1433176109675094,1.7441109139633397,9.824517036785423,True,6,5,False,9.824517036784986,large_n
pangeo_seasonal,1,S2,1.0,1.1770386238614008,14,0.11963397869130571,12,1.1770386238614008,1.141751846003452,1.000938032357573,1.1433176109675094,2.041126763143307,9.824517036785858,True,9,8,False,9.824517036784986,large_n
pangeo_seasonal,1,S2,2.0,2.3540772477228016,14,0.11963397869130571,12,1.1770386238614008,1.141751846003452,0.8601242187116949,1.1433176109675094,1.3936477413539152,9.824517036786734,True,10,9,False,9.824517036784986,large_n
pangeo_seasonal,1,S2,4.0,4.708154495445603,14,0.11963397869130571,12,1.1770386238614008,1.141751846003452,0.5784965914199374,1.1433176109675094,1.7441109139633397,9.82451703678849,True,6,5,False,9.824517036784986,large_n
pangeo_seasonal,2,S1,0.0,0.0,14,0.11591495875452026,12,1.7755491790908815,1.604768756126311,1.604768756126311,1.616657239428872,1.563421453931573,3.6301322522046515,False,6,6,False,3.6301322522046515,large_n
pangeo_seasonal,2,S1,0.5,0.8877745895454408,14,0.11591495875452026,12,1.7755491790908815,1.604768756126311,1.5018624011958401,1.616657239428872,1.586155665842442,3.6301322406167813,True,6,5,False,3.6301322522046515,large_n
pangeo_seasonal,2,S1,1.0,1.7755491790908815,14,0.11591495875452026,12,1.7755491790908815,1.604768756126311,1.398956046265369,1.616657239428872,1.586155665842442,3.630132213945311,True,6,5,False,3.6301322522046515,large_n
pangeo_seasonal,2,S1,2.0,3.551098358181763,14,0.11591495875452026,12,1.7755491790908815,1.604768756126311,1.1931433364044266,1.616657239428872,1.586155665842442,3.6301320897161435,True,6,5,False,3.6301322522046515,large_n
pangeo_seasonal,2,S1,4.0,7.102196716363526,14,0.11591495875452026,12,1.7755491790908815,1.604768756126311,0.7815179166825434,1.616657239428872,1.586155665842442,3.6301323277262316,True,6,5,False,3.6301322522046515,large_n
pangeo_seasonal,2,S2,0.0,0.0,14,0.11591495875452026,12,1.7755491790908815,1.604768756126311,1.604768756126311,1.616657239428872,1.7630946085658672,3.6301322522046515,False,1,1,False,3.6301322522046515,large_n
pangeo_seasonal,2,S2,0.5,0.8877745895454408,14,0.11591495875452026,12,1.7755491790908815,1.604768756126311,1.5018624011958401,1.616657239428872,1.4684267664622477,3.6301322406167813,True,8,7,False,3.6301322522046515,large_n
pangeo_seasonal,2,S2,1.0,1.7755491790908815,14,0.11591495875452026,12,1.7755491790908815,1.604768756126311,1.398956046265369,1.616657239428872,1.1779725928198594,3.630132213945311,True,10,9,False,3.6301322522046515,large_n
pangeo_seasonal,2,S2,2.0,3.551098358181763,14,0.11591495875452026,12,1.7755491790908815,1.604768756126311,1.1931433364044266,1.616657239428872,1.1779725928198594,3.6301320897161435,True,10,9,False,3.6301322522046515,large_n
pangeo_seasonal,2,S2,4.0,7.102196716363526,14,0.11591495875452026,12,1.7755491790908815,1.604768756126311,0.7815179166825434,1.616657239428872,1.586155665842442,3.6301323277262316,True,6,5,False,3.6301322522046515,large_n
pangeo_seasonal,3,S1,0.0,0.0,14,0.10255797389953586,12,1.3715930806956447,0.9779653561634275,0.9779653561634275,0.8451796422196309,1.0818912269671315,0.0010395312439381854,False,6,6,False,0.0010395312439381854,large_n
pangeo_seasonal,3,S1,0.5,0.6857965403478223,14,0.10255797389953586,12,1.3715930806956447,0.9779653561634275,0.9076314524780434,0.8451796422196309,0.817499962024139,0.0009456501640485726,True,6,5,False,0.0010395312439381854,large_n
pangeo_seasonal,3,S1,1.0,1.3715930806956447,14,0.10255797389953586,12,1.3715930806956447,0.9779653561634275,0.8372975487926595,0.8451796422196309,0.808226033379119,0.0008517690841784997,True,6,5,False,0.0010395312439381854,large_n
pangeo_seasonal,3,S1,2.0,2.7431861613912893,14,0.10255797389953586,12,1.3715930806956447,0.9779653561634275,0.6966297414218914,0.8451796422196309,1.117048262158311,0.0008311344317046832,True,6,5,False,0.0010395312439381854,large_n
pangeo_seasonal,3,S1,4.0,5.486372322782579,14,0.10255797389953586,12,1.3715930806956447,0.9779653561634275,0.41529412668035554,0.8451796422196309,1.117048262158311,0.0008311344374778429,True,6,5,False,0.0010395312439381854,large_n
pangeo_seasonal,3,S2,0.0,0.0,14,0.10255797389953586,12,1.3715930806956447,0.9779653561634275,0.9779653561634275,0.8451796422196309,0.9547092424154574,0.0010395312439381854,False,1,1,False,0.0010395312439381854,large_n
pangeo_seasonal,3,S2,0.5,0.6857965403478223,14,0.10255797389953586,12,1.3715930806956447,0.9779653561634275,0.9076314524780434,0.8451796422196309,1.1883736196920816,0.0009456501640485726,True,5,4,False,0.0010395312439381854,large_n
pangeo_seasonal,3,S2,1.0,1.3715930806956447,14,0.10255797389953586,12,1.3715930806956447,0.9779653561634275,0.8372975487926595,0.8451796422196309,0.7831829064615441,0.0008517690841784997,True,8,7,False,0.0010395312439381854,large_n
pangeo_seasonal,3,S2,2.0,2.7431861613912893,14,0.10255797389953586,12,1.3715930806956447,0.9779653561634275,0.6966297414218914,0.8451796422196309,1.117048262158311,0.0008311344317046832,True,6,5,False,0.0010395312439381854,large_n
pangeo_seasonal,3,S2,4.0,5.486372322782579,14,0.10255797389953586,12,1.3715930806956447,0.9779653561634275,0.41529412668035554,0.8451796422196309,1.117048262158311,0.0008311344374778429,True,6,5,False,0.0010395312439381854,large_n
pangeo_seasonal,4,S1,0.0,0.0,14,0.1286114713330211,12,1.9011581025805904,1.532678754917095,1.532678754917095,1.46368472947776,1.1891420822311574,8.01487721778922,False,6,6,False,8.01487721778922,large_n
pangeo_seasonal,4,S1,0.5,0.9505790512902952,14,0.1286114713330211,12,1.9011581025805904,1.532678754917095,1.4104233845123033,1.46368472947776,1.5830386574416209,8.01487721805701,True,6,5,False,8.01487721778922,large_n
pangeo_seasonal,4,S1,1.0,1.9011581025805904,14,0.1286114713330211,12,1.9011581025805904,1.532678754917095,1.2881680141075107,1.46368472947776,1.5830386574416209,8.014877218316615,True,6,5,False,8.01487721778922,large_n
pangeo_seasonal,4,S1,2.0,3.8023162051611807,14,0.1286114713330211,12,1.9011581025805904,1.532678754917095,1.0436572732979266,1.46368472947776,1.5830386574416209,8.014877122775685,True,6,5,False,8.01487721778922,large_n
pangeo_seasonal,4,S1,4.0,7.6046324103223615,14,0.1286114713330211,12,1.9011581025805904,1.532678754917095,0.5546357916787577,1.46368472947776,1.5830386574416209,8.014877128016533,True,6,5,False,8.01487721778922,large_n
pangeo_seasonal,4,S2,0.0,0.0,14,0.1286114713330211,12,1.9011581025805904,1.532678754917095,1.532678754917095,1.46368472947776,1.532678754917095,8.01487721778922,False,0,0,False,8.01487721778922,large_n
pangeo_seasonal,4,S2,0.5,0.9505790512902952,14,0.1286114713330211,12,1.9011581025805904,1.532678754917095,1.4104233845123033,1.46368472947776,1.6043081172140767,8.01487721805701,True,7,6,False,8.01487721778922,large_n
pangeo_seasonal,4,S2,1.0,1.9011581025805904,14,0.1286114713330211,12,1.9011581025805904,1.532678754917095,1.2881680141075107,1.46368472947776,2.7635260011095477,8.014877218316615,True,10,9,False,8.01487721778922,large_n
pangeo_seasonal,4,S2,2.0,3.8023162051611807,14,0.1286114713330211,12,1.9011581025805904,1.532678754917095,1.0436572732979266,1.46368472947776,2.7635260011095477,8.014877122775685,True,10,9,False,8.01487721778922,large_n
pangeo_seasonal,4,S2,4.0,7.6046324103223615,14,0.1286114713330211,12,1.9011581025805904,1.532678754917095,0.5546357916787577,1.46368472947776,2.7635260011095477,8.014877128016533,True,10,9,False,8.01487721778922,large_n
pangeo_seasonal,5,S1,0.0,0.0,14,0.10885232452453528,12,1.8684521986491744,1.870110917167218,1.870110917167218,1.8725512165568674,1.5951189182332237,3.452400417037861,False,6,6,False,3.452400417037861,large_n
pangeo_seasonal,5,S1,0.5,0.9342260993245872,14,0.10885232452453528,12,1.8684521986491744,1.870110917167218,1.768418234624248,1.8725512165568674,1.8810137609793265,2.760790562006566,True,6,5,False,3.452400417037861,large_n
pangeo_seasonal,5,S1,1.0,1.8684521986491744,14,0.10885232452453528,12,1.8684521986491744,1.870110917167218,1.6667255520812767,1.8725512165568674,2.1207879023719913,2.0685976054825197,True,6,5,False,3.452400417037861,large_n
pangeo_seasonal,5,S1,2.0,3.736904397298349,14,0.10885232452453528,12,1.8684521986491744,1.870110917167218,1.4633401869953353,1.8725512165568674,1.960791245112194,0.6839908109749882,True,6,5,False,3.452400417037861,large_n
pangeo_seasonal,5,S1,4.0,7.473808794596698,14,0.10885232452453528,12,1.8684521986491744,1.870110917167218,1.0565694568234525,1.8725512165568674,1.960791245112194,-2.0825710948739733,True,6,5,False,3.452400417037861,large_n
pangeo_seasonal,5,S2,0.0,0.0,14,0.10885232452453528,12,1.8684521986491744,1.870110917167218,1.870110917167218,1.8725512165568674,1.5742753935365337,3.452400417037861,False,3,3,False,3.452400417037861,large_n
pangeo_seasonal,5,S2,0.5,0.9342260993245872,14,0.10885232452453528,12,1.8684521986491744,1.870110917167218,1.768418234624248,1.8725512165568674,1.1300867957568925,2.760790562006566,True,7,6,False,3.452400417037861,large_n
pangeo_seasonal,5,S2,1.0,1.8684521986491744,14,0.10885232452453528,12,1.8684521986491744,1.870110917167218,1.6667255520812767,1.8725512165568674,2.1207879023719913,2.0685976054825197,True,6,5,False,3.452400417037861,large_n
pangeo_seasonal,5,S2,2.0,3.736904397298349,14,0.10885232452453528,12,1.8684521986491744,1.870110917167218,1.4633401869953353,1.8725512165568674,1.960791245112194,0.6839908109749882,True,6,5,False,3.452400417037861,large_n
pangeo_seasonal,5,S2,4.0,7.473808794596698,14,0.10885232452453528,12,1.8684521986491744,1.870110917167218,1.0565694568234525,1.8725512165568674,1.960791245112194,-2.0825710948739733,True,6,5,False,3.452400417037861,large_n
pangeo_seasonal,6,S1,0.0,0.0,14,0.1087455625675271,12,1.5068207516842864,-0.06274843217692058,-0.06274843217692058,-0.3074439211413825,-0.7576853038314528,2.714428765138111,True,6,5,False,2.714428765138111,large_n
pangeo_seasonal,6,S1,0.5,0.7534103758421432,14,0.1087455625675271,12,1.5068207516842864,-0.06274843217692058,-0.1446784673420865,-0.3074439211413825,-0.7983198206692542,2.714428864352181,True,6,5,False,2.714428765138111,large_n
pangeo_seasonal,6,S1,1.0,1.5068207516842864,14,0.1087455625675271,12,1.5068207516842864,-0.06274843217692058,-0.22660850250725223,-0.3074439211413825,-0.07793260947962058,2.714428400294268,True,6,5,False,2.714428765138111,large_n
pangeo_seasonal,6,S1,2.0,3.013641503368573,14,0.1087455625675271,12,1.5068207516842864,-0.06274843217692058,-0.3904685728375842,-0.3074439211413825,-0.07793260947962058,2.7144286007576444,True,6,5,False,2.714428765138111,large_n
pangeo_seasonal,6,S1,4.0,6.027283006737146,14,0.1087455625675271,12,1.5068207516842864,-0.06274843217692058,-0.7181887134982476,-0.3074439211413825,-0.07793260947962058,2.7144284209337552,True,6,5,False,2.714428765138111,large_n
pangeo_seasonal,6,S2,0.0,0.0,14,0.1087455625675271,12,1.5068207516842864,-0.06274843217692058,-0.06274843217692058,-0.3074439211413825,0.46114981435563995,2.714428765138111,False,3,3,False,2.714428765138111,large_n
pangeo_seasonal,6,S2,0.5,0.7534103758421432,14,0.1087455625675271,12,1.5068207516842864,-0.06274843217692058,-0.1446784673420865,-0.3074439211413825,-2.545956537073046,2.714428864352181,True,9,8,False,2.714428765138111,large_n
pangeo_seasonal,6,S2,1.0,1.5068207516842864,14,0.1087455625675271,12,1.5068207516842864,-0.06274843217692058,-0.22660850250725223,-0.3074439211413825,-2.6561179154767585,2.714428400294268,True,10,9,False,2.714428765138111,large_n
pangeo_seasonal,6,S2,2.0,3.013641503368573,14,0.1087455625675271,12,1.5068207516842864,-0.06274843217692058,-0.3904685728375842,-0.3074439211413825,-2.6561179154767585,2.7144286007576444,True,10,9,False,2.714428765138111,large_n
pangeo_seasonal,6,S2,4.0,6.027283006737146,14,0.1087455625675271,12,1.5068207516842864,-0.06274843217692058,-0.7181887134982476,-0.3074439211413825,-0.07793260947962058,2.7144284209337552,True,6,5,False,2.714428765138111,large_n
pangeo_seasonal,7,S1,0.0,0.0,14,0.11676500307995927,12,1.6850759670463404,1.7042628404093811,1.7042628404093811,1.6798012073446948,1.911715426336712,5.50221421096085,True,6,5,False,5.50221421096085,large_n
pangeo_seasonal,7,S1,0.5,0.8425379835231702,14,0.11676500307995927,12,1.6850759670463404,1.7042628404093811,1.6058838901683152,1.6798012073446948,2.4809043527652896,5.502214214501078,True,6,5,False,5.50221421096085,large_n
pangeo_seasonal,7,S1,1.0,1.6850759670463404,14,0.11676500307995927,12,1.6850759670463404,1.7042628404093811,1.5075049399272495,1.6798012073446948,2.4809043527652896,5.502214217859846,True,6,5,False,5.50221421096085,large_n
pangeo_seasonal,7,S1,2.0,3.370151934092681,14,0.11676500307995927,12,1.6850759670463404,1.7042628404093811,1.3107470394451182,1.6798012073446948,2.4809043527652896,5.502214224213218,True,6,5,False,5.50221421096085,large_n
pangeo_seasonal,7,S1,4.0,6.740303868185362,14,0.11676500307995927,12,1.6850759670463404,1.7042628404093811,0.9172312384808559,1.6798012073446948,2.4809043527652896,5.502214205816817,True,6,5,False,5.50221421096085,large_n
pangeo_seasonal,7,S2,0.0,0.0,14,0.11676500307995927,12,1.6850759670463404,1.7042628404093811,1.7042628404093811,1.6798012073446948,1.8052580167636996,5.50221421096085,False,1,1,False,5.50221421096085,large_n
pangeo_seasonal,7,S2,0.5,0.8425379835231702,14,0.11676500307995927,12,1.6850759670463404,1.7042628404093811,1.6058838901683152,1.6798012073446948,4.582404155249928,5.502214214501078,True,9,8,False,5.50221421096085,large_n
pangeo_seasonal,7,S2,1.0,1.6850759670463404,14,0.11676500307995927,12,1.6850759670463404,1.7042628404093811,1.5075049399272495,1.6798012073446948,2.4809043527652896,5.502214217859846,True,6,5,False,5.50221421096085,large_n
pangeo_seasonal,7,S2,2.0,3.370151934092681,14,0.11676500307995927,12,1.6850759670463404,1.7042628404093811,1.3107470394451182,1.6798012073446948,2.4809043527652896,5.502214224213218,True,6,5,False,5.50221421096085,large_n
pangeo_seasonal,7,S2,4.0,6.740303868185362,14,0.11676500307995927,12,1.6850759670463404,1.7042628404093811,0.9172312384808559,1.6798012073446948,2.4809043527652896,5.502214205816817,True,6,5,False,5.50221421096085,large_n
pangeo_seasonal,8,S1,0.0,0.0,14,0.11184408907632241,12,1.640064689168506,1.3553618565441083,1.3553618565441083,1.4047861230165015,1.6192499768871158,9.741939014992107,True,6,5,False,9.741939014992107,large_n
pangeo_seasonal,8,S1,0.5,0.820032344584253,14,0.11184408907632241,12,1.640064689168506,1.3553618565441083,1.2636460859509617,1.4047861230165015,2.0874478327435453,9.741939014991779,True,6,5,False,9.741939014992107,large_n
pangeo_seasonal,8,S1,1.0,1.640064689168506,14,0.11184408907632241,12,1.640064689168506,1.3553618565441083,1.171930315357815,1.4047861230165015,1.1472432635453802,9.741939014991454,True,6,5,False,9.741939014992107,large_n
pangeo_seasonal,8,S1,2.0,3.280129378337012,14,0.11184408907632241,12,1.640064689168506,1.3553618565441083,0.9884987741715212,1.4047861230165015,0.7696098316424917,9.741939014990809,True,6,5,False,9.741939014992107,large_n
pangeo_seasonal,8,S1,4.0,6.560258756674024,14,0.11184408907632241,12,1.640064689168506,1.3553618565441083,0.6216356917989346,1.4047861230165015,0.7696098316424917,9.741939014989534,True,6,5,False,9.741939014992107,large_n
pangeo_seasonal,8,S2,0.0,0.0,14,0.11184408907632241,12,1.640064689168506,1.3553618565441083,1.3553618565441083,1.4047861230165015,1.3571883421572146,9.741939014992107,False,2,2,False,9.741939014992107,large_n
pangeo_seasonal,8,S2,0.5,0.820032344584253,14,0.11184408907632241,12,1.640064689168506,1.3553618565441083,1.2636460859509617,1.4047861230165015,3.0734149156511483,9.741939014991779,True,9,8,False,9.741939014992107,large_n
pangeo_seasonal,8,S2,1.0,1.640064689168506,14,0.11184408907632241,12,1.640064689168506,1.3553618565441083,1.171930315357815,1.4047861230165015,2.285333531820505,9.741939014991454,True,10,9,False,9.741939014992107,large_n
pangeo_seasonal,8,S2,2.0,3.280129378337012,14,0.11184408907632241,12,1.640064689168506,1.3553618565441083,0.9884987741715212,1.4047861230165015,0.0507779348369354,9.741939014990809,True,10,9,False,9.741939014992107,large_n
pangeo_seasonal,8,S2,4.0,6.560258756674024,14,0.11184408907632241,12,1.640064689168506,1.3553618565441083,0.6216356917989346,1.4047861230165015,0.7696098316424917,9.741939014989534,True,6,5,False,9.741939014992107,large_n
pangeo_seasonal,9,S1,0.0,0.0,14,0.11730988198095993,12,1.8395907307713528,1.9709845082806456,1.9709845082806456,1.9429489234664252,1.7944661524553331,4.294508273776271,True,6,5,False,4.294508273776271,large_n
pangeo_seasonal,9,S1,0.5,0.9197953653856764,14,0.11730988198095993,12,1.8395907307713528,1.9709845082806456,1.8630834225206183,1.9429489234664252,2.92435753966807,4.294508274109791,True,6,5,False,4.294508273776271,large_n
pangeo_seasonal,9,S1,1.0,1.8395907307713528,14,0.11730988198095993,12,1.8395907307713528,1.9709845082806456,1.7551823367605905,1.9429489234664252,3.006415987370101,4.294508274737298,True,6,5,False,4.294508273776271,large_n
pangeo_seasonal,9,S1,2.0,3.6791814615427056,14,0.11730988198095993,12,1.8395907307713528,1.9709845082806456,1.5393801652405354,1.9429489234664252,3.006415987370101,4.2945082781726995,True,6,5,False,4.294508273776271,large_n
pangeo_seasonal,9,S1,4.0,7.358362923085411,14,0.11730988198095993,12,1.8395907307713528,1.9709845082806456,1.1077758222004248,1.9429489234664252,3.006415987370101,4.291481610280872,True,6,5,False,4.294508273776271,large_n
pangeo_seasonal,9,S2,0.0,0.0,14,0.11730988198095993,12,1.8395907307713528,1.9709845082806456,1.9709845082806456,1.9429489234664252,1.933227824978479,4.294508273776271,True,2,1,False,4.294508273776271,large_n
pangeo_seasonal,9,S2,0.5,0.9197953653856764,14,0.11730988198095993,12,1.8395907307713528,1.9709845082806456,1.8630834225206183,1.9429489234664252,2.9431208159649205,4.294508274109791,True,5,4,False,4.294508273776271,large_n
pangeo_seasonal,9,S2,1.0,1.8395907307713528,14,0.11730988198095993,12,1.8395907307713528,1.9709845082806456,1.7551823367605905,1.9429489234664252,3.472934099993855,4.294508274737298,True,7,6,False,4.294508273776271,large_n
pangeo_seasonal,9,S2,2.0,3.6791814615427056,14,0.11730988198095993,12,1.8395907307713528,1.9709845082806456,1.5393801652405354,1.9429489234664252,5.1493911231358105,4.2945082781726995,True,8,7,False,4.294508273776271,large_n
pangeo_seasonal,9,S2,4.0,7.358362923085411,14,0.11730988198095993,12,1.8395907307713528,1.9709845082806456,1.1077758222004248,1.9429489234664252,3.006415987370101,4.291481610280872,True,6,5,False,4.294508273776271,large_n
pangeo_seasonal,10,S1,0.0,0.0,14,0.10782583801868995,12,1.8148265103358656,1.7217385073690905,1.7217385073690905,1.7106314938836547,1.2656154602104812,10.104330309468672,False,6,6,False,10.104330309468672,large_n
pangeo_seasonal,10,S1,0.5,0.9074132551679328,14,0.10782583801868995,12,1.8148265103358656,1.7217385073690905,1.6238959127013408,1.7106314938836547,1.2353185675661487,10.104330310118737,True,6,5,False,10.104330309468672,large_n
pangeo_seasonal,10,S1,1.0,1.8148265103358656,14,0.10782583801868995,12,1.8148265103358656,1.7217385073690905,1.5260533180335913,1.7106314938836547,1.2353185675661487,10.104330310748804,True,6,5,False,10.104330309468672,large_n
pangeo_seasonal,10,S1,2.0,3.6296530206717312,14,0.10782583801868995,12,1.8148265103358656,1.7217385073690905,1.3303681286980917,1.7106314938836547,1.2353185675661487,10.104330311958927,True,6,5,False,10.104330309468672,large_n
pangeo_seasonal,10,S1,4.0,7.2593060413434625,14,0.10782583801868995,12,1.8148265103358656,1.7217385073690905,0.9389977500270932,1.7106314938836547,1.2353185675661487,10.104330313890655,True,6,5,False,10.104330309468672,large_n
pangeo_seasonal,10,S2,0.0,0.0,14,0.10782583801868995,12,1.8148265103358656,1.7217385073690905,1.7217385073690905,1.7106314938836547,1.4452609909824456,10.104330309468672,False,2,2,False,10.104330309468672,large_n
pangeo_seasonal,10,S2,0.5,0.9074132551679328,14,0.10782583801868995,12,1.8148265103358656,1.7217385073690905,1.6238959127013408,1.7106314938836547,0.2101621833576976,10.104330310118737,True,9,8,False,10.104330309468672,large_n
pangeo_seasonal,10,S2,1.0,1.8148265103358656,14,0.10782583801868995,12,1.8148265103358656,1.7217385073690905,1.5260533180335913,1.7106314938836547,1.2353185675661487,10.104330310748804,True,6,5,False,10.104330309468672,large_n
pangeo_seasonal,10,S2,2.0,3.6296530206717312,14,0.10782583801868995,12,1.8148265103358656,1.7217385073690905,1.3303681286980917,1.7106314938836547,1.2353185675661487,10.104330311958927,True,6,5,False,10.104330309468672,large_n
pangeo_seasonal,10,S2,4.0,7.2593060413434625,14,0.10782583801868995,12,1.8148265103358656,1.7217385073690905,0.9389977500270932,1.7106314938836547,1.2353185675661487,10.104330313890655,True,6,5,False,10.104330309468672,large_n
pangeo_seasonal,11,S1,0.0,0.0,14,0.10762631935373544,12,1.8887850427895718,1.811129864353085,1.811129864353085,1.690460664209541,3.1821824789675053,2.4009515375984325,False,6,6,False,2.4009515375984325,large_n
pangeo_seasonal,11,S1,0.5,0.9443925213947859,14,0.10762631935373544,12,1.8887850427895718,1.811129864353085,1.7094883732501702,1.690460664209541,2.4171642187860995,2.400951504014632,True,6,5,False,2.4009515375984325,large_n
pangeo_seasonal,11,S1,1.0,1.8887850427895718,14,0.10762631935373544,12,1.8887850427895718,1.811129864353085,1.6078468821472562,1.690460664209541,2.4171642187860995,2.39635774068078,True,6,5,False,2.4009515375984325,large_n
pangeo_seasonal,11,S1,2.0,3.7775700855791436,14,0.10762631935373544,12,1.8887850427895718,1.811129864353085,1.4045638999414272,1.690460664209541,2.4171642187860995,2.350968604676729,True,6,5,False,2.4009515375984325,large_n
pangeo_seasonal,11,S1,4.0,7.555140171158287,14,0.10762631935373544,12,1.8887850427895718,1.811129864353085,0.9979979355297681,1.690460664209541,2.4171642187860995,2.3481282066034357,True,6,5,False,2.4009515375984325,large_n
pangeo_seasonal,11,S2,0.0,0.0,14,0.10762631935373544,12,1.8887850427895718,1.811129864353085,1.811129864353085,1.690460664209541,2.0201127429864316,2.4009515375984325,False,2,2,False,2.4009515375984325,large_n
pangeo_seasonal,11,S2,0.5,0.9443925213947859,14,0.10762631935373544,12,1.8887850427895718,1.811129864353085,1.7094883732501702,1.690460664209541,2.239783158021787,2.400951504014632,True,7,6,False,2.4009515375984325,large_n
pangeo_seasonal,11,S2,1.0,1.8887850427895718,14,0.10762631935373544,12,1.8887850427895718,1.811129864353085,1.6078468821472562,1.690460664209541,1.8908913357224293,2.39635774068078,True,9,8,False,2.4009515375984325,large_n
pangeo_seasonal,11,S2,2.0,3.7775700855791436,14,0.10762631935373544,12,1.8887850427895718,1.811129864353085,1.4045638999414272,1.690460664209541,1.8908913357224293,2.350968604676729,True,9,8,False,2.4009515375984325,large_n
pangeo_seasonal,11,S2,4.0,7.555140171158287,14,0.10762631935373544,12,1.8887850427895718,1.811129864353085,0.9979979355297681,1.690460664209541,2.6810671377731494,2.3481282066034357,True,10,9,False,2.4009515375984325,large_n
pangeo_seasonal,12,S1,0.0,0.0,14,0.1150179094977187,12,1.3223734960838032,1.1763202693616146,1.1763202693616146,1.1881903118708081,0.9384173610913707,0.001076349296170065,False,6,6,False,0.001076349296170065,large_n
pangeo_seasonal,12,S1,0.5,0.6611867480419016,14,0.1150179094977187,12,1.3223734960838032,1.1763202693616146,1.10027195181424,1.1881903118708081,0.7360674394462938,0.0010763492371452799,True,6,5,False,0.001076349296170065,large_n
pangeo_seasonal,12,S1,1.0,1.3223734960838032,14,0.1150179094977187,12,1.3223734960838032,1.1763202693616146,1.0242236342668658,1.1881903118708081,1.0527173675133539,0.001076351767194339,True,6,5,False,0.001076349296170065,large_n
pangeo_seasonal,12,S1,2.0,2.6447469921676063,14,0.1150179094977187,12,1.3223734960838032,1.1763202693616146,0.872126999172117,1.1881903118708081,1.0527173675133539,0.001076349139372823,True,6,5,False,0.001076349296170065,large_n
pangeo_seasonal,12,S1,4.0,5.289493984335213,14,0.1150179094977187,12,1.3223734960838032,1.1763202693616146,0.5679337289826192,1.1881903118708081,0.8607718385431836,-0.0009611123478805439,True,6,5,False,0.001076349296170065,large_n
pangeo_seasonal,12,S2,0.0,0.0,14,0.1150179094977187,12,1.3223734960838032,1.1763202693616146,1.1763202693616146,1.1881903118708081,1.3464819565259754,0.001076349296170065,False,1,1,False,0.001076349296170065,large_n
pangeo_seasonal,12,S2,0.5,0.6611867480419016,14,0.1150179094977187,12,1.3223734960838032,1.1763202693616146,1.10027195181424,1.1881903118708081,0.8930304884426024,0.0010763492371452799,True,6,5,False,0.001076349296170065,large_n
pangeo_seasonal,12,S2,1.0,1.3223734960838032,14,0.1150179094977187,12,1.3223734960838032,1.1763202693616146,1.0242236342668658,1.1881903118708081,3.4223091899550466,0.001076351767194339,True,10,9,False,0.001076349296170065,large_n
pangeo_seasonal,12,S2,2.0,2.6447469921676063,14,0.1150179094977187,12,1.3223734960838032,1.1763202693616146,0.872126999172117,1.1881903118708081,3.4223091899550466,0.001076349139372823,True,10,9,False,0.001076349296170065,large_n
pangeo_seasonal,12,S2,4.0,5.289493984335213,14,0.1150179094977187,12,1.3223734960838032,1.1763202693616146,0.5679337289826192,1.1881903118708081,0.8607718385431836,-0.0009611123478805439,True,6,5,False,0.001076349296170065,large_n
pangeo_seasonal,13,S1,0.0,0.0,14,0.11505367404075796,12,1.43413326462926,1.7604497922988678,1.7604497922988678,1.7376390814622744,2.1703648310729466,-0.0489431100058102,True,6,5,False,-0.0489431100058102,large_n
pangeo_seasonal,13,S1,0.5,0.71706663231463,14,0.11505367404075796,12,1.43413326462926,1.7604497922988678,1.6779486417190366,1.7376390814622744,3.153577482135316,-0.04894312065156825,True,6,5,False,-0.0489431100058102,large_n
pangeo_seasonal,13,S1,1.0,1.43413326462926,14,0.11505367404075796,12,1.43413326462926,1.7604497922988678,1.5954474911392045,1.7376390814622744,3.9784961468923696,-0.048943525636133245,True,6,5,False,-0.0489431100058102,large_n
pangeo_seasonal,13,S1,2.0,2.86826652925852,14,0.11505367404075796,12,1.43413326462926,1.7604497922988678,1.430445189979542,1.7376390814622744,3.9784961468923696,-0.048943644401841624,True,6,5,False,-0.0489431100058102,large_n
pangeo_seasonal,13,S1,4.0,5.73653305851704,14,0.11505367404075796,12,1.43413326462926,1.7604497922988678,1.100440587660216,1.7376390814622744,3.9784961468923696,-0.048943161663594026,True,6,5,False,-0.0489431100058102,large_n
pangeo_seasonal,13,S2,0.0,0.0,14,0.11505367404075796,12,1.43413326462926,1.7604497922988678,1.7604497922988678,1.7376390814622744,1.6467337106209854,-0.0489431100058102,False,1,1,False,-0.0489431100058102,large_n
pangeo_seasonal,13,S2,0.5,0.71706663231463,14,0.11505367404075796,12,1.43413326462926,1.7604497922988678,1.6779486417190366,1.7376390814622744,1.708014069393552,-0.04894312065156825,True,6,5,False,-0.0489431100058102,large_n
pangeo_seasonal,13,S2,1.0,1.43413326462926,14,0.11505367404075796,12,1.43413326462926,1.7604497922988678,1.5954474911392045,1.7376390814622744,1.4660513100902892,-0.048943525636133245,True,10,9,False,-0.0489431100058102,large_n
pangeo_seasonal,13,S2,2.0,2.86826652925852,14,0.11505367404075796,12,1.43413326462926,1.7604497922988678,1.430445189979542,1.7376390814622744,3.9784961468923696,-0.048943644401841624,True,6,5,False,-0.0489431100058102,large_n
pangeo_seasonal,13,S2,4.0,5.73653305851704,14,0.11505367404075796,12,1.43413326462926,1.7604497922988678,1.100440587660216,1.7376390814622744,3.9784961468923696,-0.048943161663594026,True,6,5,False,-0.0489431100058102,large_n
pangeo_seasonal,14,S1,0.0,0.0,14,0.12645571697106453,12,1.2770540863044044,0.7479954405170771,0.7479954405170771,0.7593281510378352,0.8688118583950061,11.781348587227242,False,6,6,False,11.781348587227242,large_n
pangeo_seasonal,14,S1,0.5,0.6385270431522022,14,0.12645571697106453,12,1.2770540863044044,0.7479954405170771,0.6672500454698517,0.7593281510378352,1.4068702353577787,11.781348590538286,True,6,5,False,11.781348587227242,large_n
pangeo_seasonal,14,S1,1.0,1.2770540863044044,14,0.12645571697106453,12,1.2770540863044044,0.7479954405170771,0.5865046504226259,0.7593281510378352,1.4068702353577787,11.781348593832115,True,6,5,False,11.781348587227242,large_n
pangeo_seasonal,14,S1,2.0,2.554108172608809,14,0.12645571697106453,12,1.2770540863044044,0.7479954405170771,0.4250138603281748,0.7593281510378352,1.4068702353577787,11.781348600370919,True,6,5,False,11.781348587227242,large_n
pangeo_seasonal,14,S1,4.0,5.108216345217618,14,0.12645571697106453,12,1.2770540863044044,0.7479954405170771,0.10203228013927249,0.7593281510378352,1.4068702353577787,11.781348613267898,True,6,5,False,11.781348587227242,large_n
pangeo_seasonal,14,S2,0.0,0.0,14,0.12645571697106453,12,1.2770540863044044,0.7479954405170771,0.7479954405170771,0.7593281510378352,1.0208599226519273,11.781348587227242,False,1,1,False,11.781348587227242,large_n
pangeo_seasonal,14,S2,0.5,0.6385270431522022,14,0.12645571697106453,12,1.2770540863044044,0.7479954405170771,0.6672500454698517,0.7593281510378352,1.4449133662986435,11.781348590538286,True,5,4,False,11.781348587227242,large_n
pangeo_seasonal,14,S2,1.0,1.2770540863044044,14,0.12645571697106453,12,1.2770540863044044,0.7479954405170771,0.5865046504226259,0.7593281510378352,1.2872161834734348,11.781348593832115,True,7,6,False,11.781348587227242,large_n
pangeo_seasonal,14,S2,2.0,2.554108172608809,14,0.12645571697106453,12,1.2770540863044044,0.7479954405170771,0.4250138603281748,0.7593281510378352,2.449750187261391,11.781348600370919,True,10,9,False,11.781348587227242,large_n
pangeo_seasonal,14,S2,4.0,5.108216345217618,14,0.12645571697106453,12,1.2770540863044044,0.7479954405170771,0.10203228013927249,0.7593281510378352,1.4068702353577787,11.781348613267898,True,6,5,False,11.781348587227242,large_n
pangeo_seasonal,15,S1,0.0,0.0,14,0.14558617720035194,12,2.02223432442596,2.105811216440584,2.105811216440584,2.033689086324012,3.5619380318179332,8.398065710293944,False,6,6,False,8.398065710293944,large_n
pangeo_seasonal,15,S1,0.5,1.01111716221298,14,0.14558617720035194,12,2.02223432442596,2.105811216440584,1.958606534092329,2.033689086324012,1.9189156387328885,8.398065720059565,True,6,5,False,8.398065710293944,large_n
pangeo_seasonal,15,S1,1.0,2.02223432442596,14,0.14558617720035194,12,2.02223432442596,2.105811216440584,1.8114018517440726,2.033689086324012,1.8097761327121844,8.39806573052448,True,6,5,False,8.398065710293944,large_n
pangeo_seasonal,15,S1,2.0,4.04446864885192,14,0.14558617720035194,12,2.02223432442596,2.105811216440584,1.5169924870475608,2.033689086324012,1.8097761327121844,8.398065752718365,True,6,5,False,8.398065710293944,large_n
pangeo_seasonal,15,S1,4.0,8.08893729770384,14,0.14558617720035194,12,2.02223432442596,2.105811216440584,0.9281737576545369,2.033689086324012,1.8097761327121844,8.398065800027586,True,6,5,False,8.398065710293944,large_n
pangeo_seasonal,15,S2,0.0,0.0,14,0.14558617720035194,12,2.02223432442596,2.105811216440584,2.105811216440584,2.033689086324012,1.94297206052592,8.398065710293944,False,3,3,False,8.398065710293944,large_n
pangeo_seasonal,15,S2,0.5,1.01111716221298,14,0.14558617720035194,12,2.02223432442596,2.105811216440584,1.958606534092329,2.033689086324012,-0.8034442455884061,8.398065720059565,True,9,8,False,8.398065710293944,large_n
pangeo_seasonal,15,S2,1.0,2.02223432442596,14,0.14558617720035194,12,2.02223432442596,2.105811216440584,1.8114018517440726,2.033689086324012,-0.9604024554725215,8.39806573052448,True,10,9,False,8.398065710293944,large_n
pangeo_seasonal,15,S2,2.0,4.04446864885192,14,0.14558617720035194,12,2.02223432442596,2.105811216440584,1.5169924870475608,2.033689086324012,1.8097761327121844,8.398065752718365,True,6,5,False,8.398065710293944,large_n
pangeo_seasonal,15,S2,4.0,8.08893729770384,14,0.14558617720035194,12,2.02223432442596,2.105811216440584,0.9281737576545369,2.033689086324012,1.8097761327121844,8.398065800027586,True,6,5,False,8.398065710293944,large_n
pangeo_seasonal,16,S1,0.0,0.0,14,0.12997935162818025,12,1.8001691898495502,2.1677824973089557,2.1677824973089557,2.110786126251322,1.5977903348175009,10.033793061181298,False,6,6,False,10.033793061181298,large_n
pangeo_seasonal,16,S1,0.5,0.9000845949247751,14,0.12997935162818025,12,1.8001691898495502,2.1677824973089557,2.05079008525012,2.110786126251322,2.4773038633200364,9.88095024820547,True,6,5,False,10.033793061181298,large_n
pangeo_seasonal,16,S1,1.0,1.8001691898495502,14,0.12997935162818025,12,1.8001691898495502,2.1677824973089557,1.9337976731912836,2.110786126251322,2.4773038633200364,9.728131283758067,True,6,5,False,10.033793061181298,large_n
pangeo_seasonal,16,S1,2.0,3.6003383796991004,14,0.12997935162818025,12,1.8001691898495502,2.1677824973089557,1.6998128490736129,2.110786126251322,1.9184816186889684,9.422525159590073,True,6,5,False,10.033793061181298,large_n
pangeo_seasonal,16,S1,4.0,7.200676759398201,14,0.12997935162818025,12,1.8001691898495502,2.1677824973089557,1.2318432008382707,2.110786126251322,1.9184816186889684,8.811312911269258,True,6,5,False,10.033793061181298,large_n
pangeo_seasonal,16,S2,0.0,0.0,14,0.12997935162818025,12,1.8001691898495502,2.1677824973089557,2.1677824973089557,2.110786126251322,2.168489131099654,10.033793061181298,False,1,1,False,10.033793061181298,large_n
pangeo_seasonal,16,S2,0.5,0.9000845949247751,14,0.12997935162818025,12,1.8001691898495502,2.1677824973089557,2.05079008525012,2.110786126251322,2.2608726781782886,9.88095024820547,True,5,4,False,10.033793061181298,large_n
pangeo_seasonal,16,S2,1.0,1.8001691898495502,14,0.12997935162818025,12,1.8001691898495502,2.1677824973089557,1.9337976731912836,2.110786126251322,2.474277067925997,9.728131283758067,True,8,7,False,10.033793061181298,large_n
pangeo_seasonal,16,S2,2.0,3.6003383796991004,14,0.12997935162818025,12,1.8001691898495502,2.1677824973089557,1.6998128490736129,2.110786126251322,1.9184816186889684,9.422525159590073,True,6,5,False,10.033793061181298,large_n
pangeo_seasonal,16,S2,4.0,7.200676759398201,14,0.12997935162818025,12,1.8001691898495502,2.1677824973089557,1.2318432008382707,2.110786126251322,1.9184816186889684,8.811312911269258,True,6,5,False,10.033793061181298,large_n
pangeo_seasonal,17,S1,0.0,0.0,14,0.12471571985092389,12,1.8070512960824685,1.1701097093549293,1.1701097093549293,1.0551018224581217,1.030573830003941,8.671837777539277,True,6,5,False,8.671837777539277,large_n
pangeo_seasonal,17,S1,0.5,0.9035256480412343,14,0.12471571985092389,12,1.8070512960824685,1.1701097093549293,1.0574258577556952,1.0551018224581217,1.217483909885694,8.67183777754737,True,6,5,False,8.671837777539277,large_n
pangeo_seasonal,17,S1,1.0,1.8070512960824685,14,0.12471571985092389,12,1.8070512960824685,1.1701097093549293,0.9447420061564602,1.0551018224581217,1.3074060397751879,8.671837777552591,True,6,5,False,8.671837777539277,large_n
pangeo_seasonal,17,S1,2.0,3.614102592164937,14,0.12471571985092389,12,1.8070512960824685,1.1701097093549293,0.7193743029579901,1.0551018224581217,1.0315437536150223,8.671837777558594,True,6,5,False,8.671837777539277,large_n
pangeo_seasonal,17,S1,4.0,7.228205184329874,14,0.12471571985092389,12,1.8070512960824685,1.1701097093549293,0.2686388965610497,1.0551018224581217,1.0315437536150223,8.671837777563006,True,6,5,False,8.671837777539277,large_n
pangeo_seasonal,17,S2,0.0,0.0,14,0.12471571985092389,12,1.8070512960824685,1.1701097093549293,1.1701097093549293,1.0551018224581217,1.0551018224581217,8.671837777539277,True,1,0,False,8.671837777539277,large_n
pangeo_seasonal,17,S2,0.5,0.9035256480412343,14,0.12471571985092389,12,1.8070512960824685,1.1701097093549293,1.0574258577556952,1.0551018224581217,1.217483909885694,8.67183777754737,True,6,5,False,8.671837777539277,large_n
pangeo_seasonal,17,S2,1.0,1.8070512960824685,14,0.12471571985092389,12,1.8070512960824685,1.1701097093549293,0.9447420061564602,1.0551018224581217,1.3074060397751879,8.671837777552591,True,6,5,False,8.671837777539277,large_n
pangeo_seasonal,17,S2,2.0,3.614102592164937,14,0.12471571985092389,12,1.8070512960824685,1.1701097093549293,0.7193743029579901,1.0551018224581217,1.0315437536150223,8.671837777558594,True,6,5,False,8.671837777539277,large_n
pangeo_seasonal,17,S2,4.0,7.228205184329874,14,0.12471571985092389,12,1.8070512960824685,1.1701097093549293,0.2686388965610497,1.0551018224581217,1.0315437536150223,8.671837777563006,True,6,5,False,8.671837777539277,large_n
pangeo_seasonal,18,S1,0.0,0.0,14,0.1396217355237811,12,1.38599601300499,0.877513930555293,0.877513930555293,0.8662509480440796,1.1466283825040877,4.898986066086955,True,6,5,False,4.898986066086955,large_n
pangeo_seasonal,18,S1,0.5,0.692998006502495,14,0.1396217355237811,12,1.38599601300499,0.877513930555293,0.7807563461728938,0.8662509480440796,1.1262302837799438,4.898986032881883,True,6,5,False,4.898986066086955,large_n
pangeo_seasonal,18,S1,1.0,1.38599601300499,14,0.1396217355237811,12,1.38599601300499,0.877513930555293,0.6839987617904951,0.8662509480440796,0.8679592098795746,4.898985699327332,True,6,5,False,4.898986066086955,large_n
pangeo_seasonal,18,S1,2.0,2.77199202600998,14,0.1396217355237811,12,1.38599601300499,0.877513930555293,0.4904835930256974,0.8662509480440796,0.6472838414916957,4.898985397292251,True,6,5,False,4.898986066086955,large_n
pangeo_seasonal,18,S1,4.0,5.54398405201996,14,0.1396217355237811,12,1.38599601300499,0.877513930555293,0.10345325549610233,0.8662509480440796,0.6472838414916957,4.898984653218196,True,6,5,False,4.898986066086955,large_n
pangeo_seasonal,18,S2,0.0,0.0,14,0.1396217355237811,12,1.38599601300499,0.877513930555293,0.877513930555293,0.8662509480440796,1.1664107964309727,4.898986066086955,False,1,1,False,4.898986066086955,large_n
pangeo_seasonal,18,S2,0.5,0.692998006502495,14,0.1396217355237811,12,1.38599601300499,0.877513930555293,0.7807563461728938,0.8662509480440796,1.1630449621800998,4.898986032881883,True,4,3,False,4.898986066086955,large_n
pangeo_seasonal,18,S2,1.0,1.38599601300499,14,0.1396217355237811,12,1.38599601300499,0.877513930555293,0.6839987617904951,0.8662509480440796,1.0039575475610876,4.898985699327332,True,7,6,False,4.898986066086955,large_n
pangeo_seasonal,18,S2,2.0,2.77199202600998,14,0.1396217355237811,12,1.38599601300499,0.877513930555293,0.4904835930256974,0.8662509480440796,-0.1403090332451713,4.898985397292251,True,10,9,False,4.898986066086955,large_n
pangeo_seasonal,18,S2,4.0,5.54398405201996,14,0.1396217355237811,12,1.38599601300499,0.877513930555293,0.10345325549610233,0.8662509480440796,-0.1403090332451713,4.898984653218196,True,10,9,False,4.898986066086955,large_n
pangeo_seasonal,19,S1,0.0,0.0,14,0.1302346117385475,12,1.5720275968736945,1.3043673138367988,1.3043673138367988,1.3708931981268506,0.44827036310777685,0.7823930700557646,True,6,5,False,0.7823930700557646,large_n
pangeo_seasonal,19,S1,0.5,0.7860137984368473,14,0.1302346117385475,12,1.5720275968736945,1.3043673138367988,1.202001111976235,1.3708931981268506,3.283099953911949,0.4199048011056803,True,6,5,False,0.7823930700557646,large_n
pangeo_seasonal,19,S1,1.0,1.5720275968736945,14,0.1302346117385475,12,1.5720275968736945,1.3043673138367988,1.0996349101156713,1.3708931981268506,3.283099953911949,0.12005624606363874,True,6,5,False,0.7823930700557646,large_n
pangeo_seasonal,19,S1,2.0,3.144055193747389,14,0.1302346117385475,12,1.5720275968736945,1.3043673138367988,0.8949025063945435,1.3708931981268506,1.80592311306701,0.01169294175601543,True,6,5,False,0.7823930700557646,large_n
pangeo_seasonal,19,S1,4.0,6.288110387494778,14,0.1302346117385475,12,1.5720275968736945,1.3043673138367988,0.4854376989522885,1.3708931981268506,1.80592311306701,-0.08566460100904294,True,6,5,False,0.7823930700557646,large_n
pangeo_seasonal,19,S2,0.0,0.0,14,0.1302346117385475,12,1.5720275968736945,1.3043673138367988,1.3043673138367988,1.3708931981268506,1.3839930284482804,0.7823930700557646,False,1,1,False,0.7823930700557646,large_n
pangeo_seasonal,19,S2,0.5,0.7860137984368473,14,0.1302346117385475,12,1.5720275968736945,1.3043673138367988,1.202001111976235,1.3708931981268506,1.4364884083915923,0.4199048011056803,True,4,3,False,0.7823930700557646,large_n
pangeo_seasonal,19,S2,1.0,1.5720275968736945,14,0.1302346117385475,12,1.5720275968736945,1.3043673138367988,1.0996349101156713,1.3708931981268506,1.8588896110061541,0.12005624606363874,True,6,5,False,0.7823930700557646,large_n
pangeo_seasonal,19,S2,2.0,3.144055193747389,14,0.1302346117385475,12,1.5720275968736945,1.3043673138367988,0.8949025063945435,1.3708931981268506,0.7264854188949514,0.01169294175601543,True,9,8,False,0.7823930700557646,large_n
pangeo_seasonal,19,S2,4.0,6.288110387494778,14,0.1302346117385475,12,1.5720275968736945,1.3043673138367988,0.4854376989522885,1.3708931981268506,1.80592311306701,-0.08566460100904294,True,6,5,False,0.7823930700557646,large_n
pangeo_seasonal,20,S1,0.0,0.0,14,0.21286869657280538,12,2.1152972236330623,1.6239654738167595,1.6239654738167595,1.6220830412280374,2.913044051717268,9.706350504256106,False,6,6,False,9.706350504256106,large_n
pangeo_seasonal,20,S1,0.5,1.0576486118165311,14,0.21286869657280538,12,2.1152972236330623,1.6239654738167595,1.3988251923873372,1.6220830412280374,3.0438967430238812,9.706350542831297,True,6,5,False,9.706350504256106,large_n
pangeo_seasonal,20,S1,1.0,2.1152972236330623,14,0.21286869657280538,12,2.1152972236330623,1.6239654738167595,1.1736849109579155,1.6220830412280374,1.3131258174040412,9.706350581559136,True,6,5,False,9.706350504256106,large_n
pangeo_seasonal,20,S1,2.0,4.2305944472661245,14,0.21286869657280538,12,2.1152972236330623,1.6239654738167595,0.7234043480990714,1.6220830412280374,1.3131258174040412,9.706350659463848,True,6,5,False,9.706350504256106,large_n
pangeo_seasonal,20,S1,4.0,8.461188894532249,14,0.21286869657280538,12,2.1152972236330623,1.6239654738167595,-0.17715677761861687,1.6220830412280374,4.122334689954899,9.7063508170397,True,6,5,False,9.706350504256106,large_n
pangeo_seasonal,20,S2,0.0,0.0,14,0.21286869657280538,12,2.1152972236330623,1.6239654738167595,1.6239654738167595,1.6220830412280374,2.913044051717268,9.706350504256106,False,6,6,False,9.706350504256106,large_n
pangeo_seasonal,20,S2,0.5,1.0576486118165311,14,0.21286869657280538,12,2.1152972236330623,1.6239654738167595,1.3988251923873372,1.6220830412280374,1.9595408081677745,9.706350542831297,True,6,5,False,9.706350504256106,large_n
pangeo_seasonal,20,S2,1.0,2.1152972236330623,14,0.21286869657280538,12,2.1152972236330623,1.6239654738167595,1.1736849109579155,1.6220830412280374,0.8161365733914303,9.706350581559136,True,7,6,False,9.706350504256106,large_n
pangeo_seasonal,20,S2,2.0,4.2305944472661245,14,0.21286869657280538,12,2.1152972236330623,1.6239654738167595,0.7234043480990714,1.6220830412280374,4.4500833948827045,9.706350659463848,True,10,9,False,9.706350504256106,large_n
pangeo_seasonal,20,S2,4.0,8.461188894532249,14,0.21286869657280538,12,2.1152972236330623,1.6239654738167595,-0.17715677761861687,1.6220830412280374,4.122334689954899,9.7063508170397,True,6,5,False,9.706350504256106,large_n
pangeo_seasonal,21,S1,0.0,0.0,14,0.10790245236763923,12,1.4318845163094698,1.457354221597186,1.457354221597186,1.4145594758655937,2.554908715664814,7.082435399102179,True,6,5,False,7.082435399102179,large_n
pangeo_seasonal,21,S1,0.5,0.7159422581547349,14,0.10790245236763923,12,1.4318845163094698,1.457354221597186,1.3801022961886644,1.4145594758655937,0.9369672521894874,7.082437786144548,True,6,5,False,7.082435399102179,large_n
pangeo_seasonal,21,S1,1.0,1.4318845163094698,14,0.10790245236763923,12,1.4318845163094698,1.457354221597186,1.3028503707801429,1.4145594758655937,0.9369672521894874,7.082431884049113,True,6,5,False,7.082435399102179,large_n
pangeo_seasonal,21,S1,2.0,2.8637690326189396,14,0.10790245236763923,12,1.4318845163094698,1.457354221597186,1.1483465199631002,1.4145594758655937,0.9369672521894874,7.082435549649981,True,6,5,False,7.082435399102179,large_n
pangeo_seasonal,21,S1,4.0,5.727538065237879,14,0.10790245236763923,12,1.4318845163094698,1.457354221597186,0.8393388183290151,1.4145594758655937,0.9369672521894874,7.08243390804185,True,6,5,False,7.082435399102179,large_n
pangeo_seasonal,21,S2,0.0,0.0,14,0.10790245236763923,12,1.4318845163094698,1.457354221597186,1.457354221597186,1.4145594758655937,1.4039526041505273,7.082435399102179,False,1,1,False,7.082435399102179,large_n
pangeo_seasonal,21,S2,0.5,0.7159422581547349,14,0.10790245236763923,12,1.4318845163094698,1.457354221597186,1.3801022961886644,1.4145594758655937,0.9363437316425787,7.082437786144548,True,6,5,False,7.082435399102179,large_n
pangeo_seasonal,21,S2,1.0,1.4318845163094698,14,0.10790245236763923,12,1.4318845163094698,1.457354221597186,1.3028503707801429,1.4145594758655937,0.33662160603099756,7.082431884049113,True,8,7,False,7.082435399102179,large_n
pangeo_seasonal,21,S2,2.0,2.8637690326189396,14,0.10790245236763923,12,1.4318845163094698,1.457354221597186,1.1483465199631002,1.4145594758655937,0.18810039048545288,7.082435549649981,True,9,8,False,7.082435399102179,large_n
pangeo_seasonal,21,S2,4.0,5.727538065237879,14,0.10790245236763923,12,1.4318845163094698,1.457354221597186,0.8393388183290151,1.4145594758655937,-0.04999336189375949,7.08243390804185,True,10,9,False,7.082435399102179,large_n
pangeo_seasonal,22,S1,0.0,0.0,14,0.12726066637562972,12,1.5180273171528613,1.3688994471071707,1.3688994471071707,1.1962476960171489,1.9731353680992068,10.950992101575165,False,6,6,False,10.950992101575165,large_n
pangeo_seasonal,22,S1,0.5,0.7590136585764307,14,0.12726066637562972,12,1.5180273171528613,1.3688994471071707,1.2723068631285295,1.1962476960171489,1.142306106339148,10.950992101575098,True,6,5,False,10.950992101575165,large_n
pangeo_seasonal,22,S1,1.0,1.5180273171528613,14,0.12726066637562972,12,1.5180273171528613,1.3688994471071707,1.1757142791498878,1.1962476960171489,1.130692372963464,10.950992101575034,True,6,5,False,10.950992101575165,large_n
pangeo_seasonal,22,S1,2.0,3.0360546343057226,14,0.12726066637562972,12,1.5180273171528613,1.3688994471071707,0.9825291111926056,1.1962476960171489,1.130692372963464,10.950992101574904,True,6,5,False,10.950992101575165,large_n
pangeo_seasonal,22,S1,4.0,6.072109268611445,14,0.12726066637562972,12,1.5180273171528613,1.3688994471071707,0.5961587752780406,1.1962476960171489,1.130692372963464,10.950992102320981,True,6,5,False,10.950992101575165,large_n
pangeo_seasonal,22,S2,0.0,0.0,14,0.12726066637562972,12,1.5180273171528613,1.3688994471071707,1.3688994471071707,1.1962476960171489,1.4137731165042977,10.950992101575165,False,2,2,False,10.950992101575165,large_n
pangeo_seasonal,22,S2,0.5,0.7590136585764307,14,0.12726066637562972,12,1.5180273171528613,1.3688994471071707,1.2723068631285295,1.1962476960171489,1.1990420559590889,10.950992101575098,True,8,7,False,10.950992101575165,large_n
pangeo_seasonal,22,S2,1.0,1.5180273171528613,14,0.12726066637562972,12,1.5180273171528613,1.3688994471071707,1.1757142791498878,1.1962476960171489,-0.07550650398512246,10.950992101575034,True,9,8,False,10.950992101575165,large_n
pangeo_seasonal,22,S2,2.0,3.0360546343057226,14,0.12726066637562972,12,1.5180273171528613,1.3688994471071707,0.9825291111926056,1.1962476960171489,0.33029634139600006,10.950992101574904,True,10,9,False,10.950992101575165,large_n
pangeo_seasonal,22,S2,4.0,6.072109268611445,14,0.12726066637562972,12,1.5180273171528613,1.3688994471071707,0.5961587752780406,1.1962476960171489,0.33029634139600006,10.950992102320981,True,10,9,False,10.950992101575165,large_n
pangeo_seasonal,23,S1,0.0,0.0,14,0.11238483386701444,12,1.4071944823191294,1.2546288178362213,1.2546288178362213,1.3820228163490598,0.7496547296611519,2.391463565894469,False,6,6,False,2.391463565894469,large_n
pangeo_seasonal,23,S1,0.5,0.7035972411595647,14,0.11238483386701444,12,1.4071944823191294,1.2546288178362213,1.175555158779214,1.3820228163490598,1.2735599663933883,2.3914635777877713,True,6,5,False,2.391463565894469,large_n
pangeo_seasonal,23,S1,1.0,1.4071944823191294,14,0.11238483386701444,12,1.4071944823191294,1.2546288178362213,1.0964814997222068,1.3820228163490598,1.6571252492834745,2.3914635818036594,True,6,5,False,2.391463565894469,large_n
pangeo_seasonal,23,S1,2.0,2.8143889646382587,14,0.11238483386701444,12,1.4071944823191294,1.2546288178362213,0.9383341816081924,1.3820228163490598,1.6571252492834745,2.391463577846494,True,6,5,False,2.391463565894469,large_n
pangeo_seasonal,23,S1,4.0,5.628777929276517,14,0.11238483386701444,12,1.4071944823191294,1.2546288178362213,0.6220395453801626,1.3820228163490598,1.6571252492834745,2.391463560335845,True,6,5,False,2.391463565894469,large_n
pangeo_seasonal,23,S2,0.0,0.0,14,0.11238483386701444,12,1.4071944823191294,1.2546288178362213,1.2546288178362213,1.3820228163490598,1.2546288178362213,2.391463565894469,False,0,0,False,2.391463565894469,large_n
pangeo_seasonal,23,S2,0.5,0.7035972411595647,14,0.11238483386701444,12,1.4071944823191294,1.2546288178362213,1.175555158779214,1.3820228163490598,1.3320473806124453,2.3914635777877713,True,7,6,False,2.391463565894469,large_n
pangeo_seasonal,23,S2,1.0,1.4071944823191294,14,0.11238483386701444,12,1.4071944823191294,1.2546288178362213,1.0964814997222068,1.3820228163490598,2.011765807254272,2.3914635818036594,True,9,8,False,2.391463565894469,large_n
pangeo_seasonal,23,S2,2.0,2.8143889646382587,14,0.11238483386701444,12,1.4071944823191294,1.2546288178362213,0.9383341816081924,1.3820228163490598,1.6571252492834745,2.391463577846494,True,6,5,False,2.391463565894469,large_n
pangeo_seasonal,23,S2,4.0,5.628777929276517,14,0.11238483386701444,12,1.4071944823191294,1.2546288178362213,0.6220395453801626,1.3820228163490598,1.6571252492834745,2.391463560335845,True,6,5,False,2.391463565894469,large_n
pangeo_seasonal,24,S1,0.0,0.0,14,0.10269561941081379,12,2.176527575672198,2.3277545296263304,2.3277545296263304,2.3002227625141436,2.560212666313693,11.202060942250972,False,6,6,False,11.202060942250972,large_n
pangeo_seasonal,24,S1,0.5,1.088263787836099,14,0.10269561941081379,12,2.176527575672198,2.3277545296263304,2.2159946058521443,2.3002227625141436,1.6054486272820037,11.202060942255189,True,6,5,False,11.202060942250972,large_n
pangeo_seasonal,24,S1,1.0,2.176527575672198,14,0.10269561941081379,12,2.176527575672198,2.3277545296263304,2.1042346820779576,2.3002227625141436,1.0374604607473357,11.202060942264398,True,6,5,False,11.202060942250972,large_n
pangeo_seasonal,24,S1,2.0,4.353055151344396,14,0.10269561941081379,12,2.176527575672198,2.3277545296263304,1.8807148345295843,2.3002227625141436,1.0374604607473357,11.20206094229401,True,6,5,False,11.202060942250972,large_n
pangeo_seasonal,24,S1,4.0,8.706110302688792,14,0.10269561941081379,12,2.176527575672198,2.3277545296263304,1.4336751394328375,2.3002227625141436,1.0374604607473357,11.202060942382776,True,6,5,False,11.202060942250972,large_n
pangeo_seasonal,24,S2,0.0,0.0,14,0.10269561941081379,12,2.176527575672198,2.3277545296263304,2.3277545296263304,2.3002227625141436,2.3796334180037384,11.202060942250972,False,1,1,False,11.202060942250972,large_n
pangeo_seasonal,24,S2,0.5,1.088263787836099,14,0.10269561941081379,12,2.176527575672198,2.3277545296263304,2.2159946058521443,2.3002227625141436,1.7521626828730947,11.202060942255189,True,3,2,False,11.202060942250972,large_n
pangeo_seasonal,24,S2,1.0,2.176527575672198,14,0.10269561941081379,12,2.176527575672198,2.3277545296263304,2.1042346820779576,2.3002227625141436,1.7750219011513273,11.202060942264398,True,8,7,False,11.202060942250972,large_n
pangeo_seasonal,24,S2,2.0,4.353055151344396,14,0.10269561941081379,12,2.176527575672198,2.3277545296263304,1.8807148345295843,2.3002227625141436,1.0374604607473357,11.20206094229401,True,6,5,False,11.202060942250972,large_n
pangeo_seasonal,24,S2,4.0,8.706110302688792,14,0.10269561941081379,12,2.176527575672198,2.3277545296263304,1.4336751394328375,2.3002227625141436,1.0374604607473357,11.202060942382776,True,6,5,False,11.202060942250972,large_n
pangeo_seasonal,25,S1,0.0,0.0,14,0.1253470487881195,12,1.7369287931460786,2.5349874862696025,2.5349874862696025,2.4722208061861894,2.730766675536639,5.795331294094567,True,6,5,False,5.795331294094567,large_n
pangeo_seasonal,25,S1,0.5,0.8684643965730393,14,0.1253470487881195,12,1.7369287931460786,2.5349874862696025,2.426128037181617,2.4722208061861894,2.589433791997427,5.795331296768067,True,6,5,False,5.795331294094567,large_n
pangeo_seasonal,25,S1,1.0,1.7369287931460786,14,0.1253470487881195,12,1.7369287931460786,2.5349874862696025,2.317268588093632,2.4722208061861894,2.3376046013292155,5.795331299439584,True,6,5,False,5.795331294094567,large_n
pangeo_seasonal,25,S1,2.0,3.4738575862921572,14,0.1253470487881195,12,1.7369287931460786,2.5349874862696025,2.099549689917661,2.4722208061861894,2.3376046013292155,5.795331304792674,True,6,5,False,5.795331294094567,large_n
pangeo_seasonal,25,S1,4.0,6.9477151725843145,14,0.1253470487881195,12,1.7369287931460786,2.5349874862696025,1.6641118935657186,2.4722208061861894,2.7506137926849386,5.795331315590749,True,6,5,False,5.795331294094567,large_n
pangeo_seasonal,25,S2,0.0,0.0,14,0.1253470487881195,12,1.7369287931460786,2.5349874862696025,2.5349874862696025,2.4722208061861894,2.380780186478635,5.795331294094567,False,2,2,False,5.795331294094567,large_n
pangeo_seasonal,25,S2,0.5,0.8684643965730393,14,0.1253470487881195,12,1.7369287931460786,2.5349874862696025,2.426128037181617,2.4722208061861894,3.3531460529767947,5.795331296768067,True,9,8,False,5.795331294094567,large_n
pangeo_seasonal,25,S2,1.0,1.7369287931460786,14,0.1253470487881195,12,1.7369287931460786,2.5349874862696025,2.317268588093632,2.4722208061861894,7.666710948518895,5.795331299439584,True,10,9,False,5.795331294094567,large_n
pangeo_seasonal,25,S2,2.0,3.4738575862921572,14,0.1253470487881195,12,1.7369287931460786,2.5349874862696025,2.099549689917661,2.4722208061861894,2.3376046013292155,5.795331304792674,True,6,5,False,5.795331294094567,large_n
pangeo_seasonal,25,S2,4.0,6.9477151725843145,14,0.1253470487881195,12,1.7369287931460786,2.5349874862696025,1.6641118935657186,2.4722208061861894,2.7506137926849386,5.795331315590749,True,6,5,False,5.795331294094567,large_n
pangeo_seasonal,26,S1,0.0,0.0,14,0.13911153304466872,12,1.5989354031696081,1.3747524118311776,1.3747524118311776,1.3107221131538545,1.6940870291242356,6.074159538023891,True,6,5,False,6.074159538023891,large_n
pangeo_seasonal,26,S1,0.5,0.7994677015848041,14,0.13911153304466872,12,1.5989354031696081,1.3747524118311776,1.2635372342440176,1.3107221131538545,1.6103572929818029,6.074159537858162,True,6,5,False,6.074159538023891,large_n
pangeo_seasonal,26,S1,1.0,1.5989354031696081,14,0.13911153304466872,12,1.5989354031696081,1.3747524118311776,1.1523220566568582,1.3107221131538545,1.1746587178987158,6.074159537689576,True,6,5,False,6.074159538023891,large_n
pangeo_seasonal,26,S1,2.0,3.1978708063392163,14,0.13911153304466872,12,1.5989354031696081,1.3747524118311776,0.9298917014825381,1.3107221131538545,1.1746587178987158,6.074159537347973,True,6,5,False,6.074159538023891,large_n
pangeo_seasonal,26,S1,4.0,6.3957416126784326,14,0.13911153304466872,12,1.5989354031696081,1.3747524118311776,0.48503099113389875,1.3107221131538545,1.2074801168915301,6.074159536654923,True,6,5,False,6.074159538023891,large_n
pangeo_seasonal,26,S2,0.0,0.0,14,0.13911153304466872,12,1.5989354031696081,1.3747524118311776,1.3747524118311776,1.3107221131538545,1.35662225622014,6.074159538023891,False,1,1,False,6.074159538023891,large_n
pangeo_seasonal,26,S2,0.5,0.7994677015848041,14,0.13911153304466872,12,1.5989354031696081,1.3747524118311776,1.2635372342440176,1.3107221131538545,1.2963969021423882,6.074159537858162,True,4,3,False,6.074159538023891,large_n
pangeo_seasonal,26,S2,1.0,1.5989354031696081,14,0.13911153304466872,12,1.5989354031696081,1.3747524118311776,1.1523220566568582,1.3107221131538545,-0.5175968826746322,6.074159537689576,True,10,9,False,6.074159538023891,large_n
pangeo_seasonal,26,S2,2.0,3.1978708063392163,14,0.13911153304466872,12,1.5989354031696081,1.3747524118311776,0.9298917014825381,1.3107221131538545,1.1746587178987158,6.074159537347973,True,6,5,False,6.074159538023891,large_n
pangeo_seasonal,26,S2,4.0,6.3957416126784326,14,0.13911153304466872,12,1.5989354031696081,1.3747524118311776,0.48503099113389875,1.3107221131538545,1.2074801168915301,6.074159536654923,True,6,5,False,6.074159538023891,large_n
pangeo_seasonal,27,S1,0.0,0.0,14,0.12427020988257853,12,1.2386205421046137,1.3830242233154435,1.3830242233154435,1.431638569608449,0.44844579016529523,-6.756985359324119e-05,True,6,5,False,-6.756985359324119e-05,large_n
pangeo_seasonal,27,S1,0.5,0.6193102710523068,14,0.12427020988257853,12,1.2386205421046137,1.3830242233154435,1.3060624059493375,1.431638569608449,1.3630599212569625,-6.756920308959025e-05,True,6,5,False,-6.756985359324119e-05,large_n
pangeo_seasonal,27,S1,1.0,1.2386205421046137,14,0.12427020988257853,12,1.2386205421046137,1.3830242233154435,1.2291005885832305,1.431638569608449,1.9747452782341697,-6.757171372662185e-05,True,6,5,False,-6.756985359324119e-05,large_n
pangeo_seasonal,27,S1,2.0,2.4772410842092274,14,0.12427020988257853,12,1.2386205421046137,1.3830242233154435,1.0751769538510172,1.431638569608449,1.9747452782341697,-6.757132799606325e-05,True,6,5,False,-6.756985359324119e-05,large_n
pangeo_seasonal,27,S1,4.0,4.954482168418455,14,0.12427020988257853,12,1.2386205421046137,1.3830242233154435,0.7673296843865899,1.431638569608449,1.9747452782341697,-6.757056678097229e-05,True,6,5,False,-6.756985359324119e-05,large_n
pangeo_seasonal,27,S2,0.0,0.0,14,0.12427020988257853,12,1.2386205421046137,1.3830242233154435,1.3830242233154435,1.431638569608449,1.3830242233154435,-6.756985359324119e-05,False,0,0,False,-6.756985359324119e-05,large_n
pangeo_seasonal,27,S2,0.5,0.6193102710523068,14,0.12427020988257853,12,1.2386205421046137,1.3830242233154435,1.3060624059493375,1.431638569608449,1.6656929254667223,-6.756920308959025e-05,True,5,4,False,-6.756985359324119e-05,large_n
pangeo_seasonal,27,S2,1.0,1.2386205421046137,14,0.12427020988257853,12,1.2386205421046137,1.3830242233154435,1.2291005885832305,1.431638569608449,1.7733426949495072,-6.757171372662185e-05,True,8,7,False,-6.756985359324119e-05,large_n
pangeo_seasonal,27,S2,2.0,2.4772410842092274,14,0.12427020988257853,12,1.2386205421046137,1.3830242233154435,1.0751769538510172,1.431638569608449,2.089613059402546,-6.757132799606325e-05,True,10,9,False,-6.756985359324119e-05,large_n
pangeo_seasonal,27,S2,4.0,4.954482168418455,14,0.12427020988257853,12,1.2386205421046137,1.3830242233154435,0.7673296843865899,1.431638569608449,1.9747452782341697,-6.757056678097229e-05,True,6,5,False,-6.756985359324119e-05,large_n
pangeo_seasonal,28,S1,0.0,0.0,14,0.13453651698460534,12,1.5221945886030936,1.6069318435285738,1.6069318435285738,1.6215069616136824,2.3187581761745726,5.69417261194889,True,6,5,False,5.69417261194889,large_n
pangeo_seasonal,28,S1,0.5,0.7610972943015468,14,0.13453651698460534,12,1.5221945886030936,1.6069318435285738,1.504536464466836,1.6215069616136824,1.2325660331116755,5.694173728249706,True,6,5,False,5.69417261194889,large_n
pangeo_seasonal,28,S1,1.0,1.5221945886030936,14,0.13453651698460534,12,1.5221945886030936,1.6069318435285738,1.402141085405099,1.6215069616136824,1.2325660331116755,5.558947793264593,True,6,5,False,5.69417261194889,large_n
pangeo_seasonal,28,S1,2.0,3.0443891772061873,14,0.13453651698460534,12,1.5221945886030936,1.6069318435285738,1.1973503272816246,1.6215069616136824,1.2676087997643886,4.852852743914935,True,6,5,False,5.69417261194889,large_n
pangeo_seasonal,28,S1,4.0,6.088778354412375,14,0.13453651698460534,12,1.5221945886030936,1.6069318435285738,0.7877688110346757,1.6215069616136824,1.2676087997643886,3.4949777576121956,True,6,5,False,5.69417261194889,large_n
pangeo_seasonal,28,S2,0.0,0.0,14,0.13453651698460534,12,1.5221945886030936,1.6069318435285738,1.6069318435285738,1.6215069616136824,1.6069318435285738,5.69417261194889,False,0,0,False,5.69417261194889,large_n
pangeo_seasonal,28,S2,0.5,0.7610972943015468,14,0.13453651698460534,12,1.5221945886030936,1.6069318435285738,1.504536464466836,1.6215069616136824,1.4597302999819863,5.694173728249706,True,7,6,False,5.69417261194889,large_n
pangeo_seasonal,28,S2,1.0,1.5221945886030936,14,0.13453651698460534,12,1.5221945886030936,1.6069318435285738,1.402141085405099,1.6215069616136824,-1.5159797631348868,5.558947793264593,True,9,8,False,5.69417261194889,large_n
pangeo_seasonal,28,S2,2.0,3.0443891772061873,14,0.13453651698460534,12,1.5221945886030936,1.6069318435285738,1.1973503272816246,1.6215069616136824,-1.4128866677593428,4.852852743914935,True,10,9,False,5.69417261194889,large_n
pangeo_seasonal,28,S2,4.0,6.088778354412375,14,0.13453651698460534,12,1.5221945886030936,1.6069318435285738,0.7877688110346757,1.6215069616136824,1.2676087997643886,3.4949777576121956,True,6,5,False,5.69417261194889,large_n
pangeo_seasonal,29,S1,0.0,0.0,14,0.10814754295144557,12,1.5012121660932536,1.0757937841760614,1.0757937841760614,1.0736387957921472,1.19696648812541,7.0934270608946495,False,6,6,False,7.0934270608946495,large_n
pangeo_seasonal,29,S1,0.5,0.7506060830466268,14,0.10814754295144557,12,1.5012121660932536,1.0757937841760614,0.9946175805701609,1.0736387957921472,0.5145517945108642,7.093427060892288,True,6,5,False,7.0934270608946495,large_n
pangeo_seasonal,29,S1,1.0,1.5012121660932536,14,0.10814754295144557,12,1.5012121660932536,1.0757937841760614,0.9134413769642592,1.0736387957921472,1.327228921246478,7.093427060889931,True,6,5,False,7.0934270608946495,large_n
pangeo_seasonal,29,S1,2.0,3.002424332186507,14,0.10814754295144557,12,1.5012121660932536,1.0757937841760614,0.7510889697524563,1.0736387957921472,1.327228921246478,7.09342706088523,True,6,5,False,7.0934270608946495,large_n
pangeo_seasonal,29,S1,4.0,6.004848664373014,14,0.10814754295144557,12,1.5012121660932536,1.0757937841760614,0.42638415532885093,1.0736387957921472,1.327228921246478,7.093427060875874,True,6,5,False,7.0934270608946495,large_n
pangeo_seasonal,29,S2,0.0,0.0,14,0.10814754295144557,12,1.5012121660932536,1.0757937841760614,1.0757937841760614,1.0736387957921472,1.0757937841760614,7.0934270608946495,False,0,0,False,7.0934270608946495,large_n
pangeo_seasonal,29,S2,0.5,0.7506060830466268,14,0.10814754295144557,12,1.5012121660932536,1.0757937841760614,0.9946175805701609,1.0736387957921472,0.7206352722772833,7.093427060892288,True,8,7,False,7.0934270608946495,large_n
pangeo_seasonal,29,S2,1.0,1.5012121660932536,14,0.10814754295144557,12,1.5012121660932536,1.0757937841760614,0.9134413769642592,1.0736387957921472,1.789849981331067,7.093427060889931,True,9,8,False,7.0934270608946495,large_n
pangeo_seasonal,29,S2,2.0,3.002424332186507,14,0.10814754295144557,12,1.5012121660932536,1.0757937841760614,0.7510889697524563,1.0736387957921472,1.327228921246478,7.09342706088523,True,6,5,False,7.0934270608946495,large_n
pangeo_seasonal,29,S2,4.0,6.004848664373014,14,0.10814754295144557,12,1.5012121660932536,1.0757937841760614,0.42638415532885093,1.0736387957921472,1.327228921246478,7.093427060875874,True,6,5,False,7.0934270608946495,large_n
pangeo_seasonal,30,S1,0.0,0.0,14,0.11132008961553301,12,1.8618534791120336,1.9911797321695908,1.9911797321695908,2.0650289601338954,2.9031142208752376,13.749619342440417,False,6,6,False,13.749619342440417,large_n
pangeo_seasonal,30,S1,0.5,0.9309267395560168,14,0.11132008961553301,12,1.8618534791120336,1.9911797321695908,1.8875488840967194,2.0650289601338954,3.2406962025474173,13.749619355912817,True,6,5,False,13.749619342440417,large_n
pangeo_seasonal,30,S1,1.0,1.8618534791120336,14,0.11132008961553301,12,1.8618534791120336,1.9911797321695908,1.783918036023848,2.0650289601338954,3.2406962025474173,13.749621159719593,True,6,5,False,13.749619342440417,large_n
pangeo_seasonal,30,S1,2.0,3.723706958224067,14,0.11132008961553301,12,1.8618534791120336,1.9911797321695908,1.5766563398781046,2.0650289601338954,2.0835049478115812,13.749621298124914,True,6,5,False,13.749619342440417,large_n
pangeo_seasonal,30,S1,4.0,7.447413916448134,14,0.11132008961553301,12,1.8618534791120336,1.9911797321695908,1.1621329475866173,2.0650289601338954,2.9347586091725866,13.749619700174891,True,6,5,False,13.749619342440417,large_n
pangeo_seasonal,30,S2,0.0,0.0,14,0.11132008961553301,12,1.8618534791120336,1.9911797321695908,1.9911797321695908,2.0650289601338954,1.9911797321695908,13.749619342440417,False,0,0,False,13.749619342440417,large_n
pangeo_seasonal,30,S2,0.5,0.9309267395560168,14,0.11132008961553301,12,1.8618534791120336,1.9911797321695908,1.8875488840967194,2.0650289601338954,2.403825930729977,13.749619355912817,True,5,4,False,13.749619342440417,large_n
pangeo_seasonal,30,S2,1.0,1.8618534791120336,14,0.11132008961553301,12,1.8618534791120336,1.9911797321695908,1.783918036023848,2.0650289601338954,3.3005593959550934,13.749621159719593,True,9,8,False,13.749619342440417,large_n
pangeo_seasonal,30,S2,2.0,3.723706958224067,14,0.11132008961553301,12,1.8618534791120336,1.9911797321695908,1.5766563398781046,2.0650289601338954,2.0835049478115812,13.749621298124914,True,6,5,False,13.749619342440417,large_n
pangeo_seasonal,30,S2,4.0,7.447413916448134,14,0.11132008961553301,12,1.8618534791120336,1.9911797321695908,1.1621329475866173,2.0650289601338954,2.9347586091725866,13.749619700174891,True,6,5,False,13.749619342440417,large_n
pangeo_seasonal,31,S1,0.0,0.0,14,0.14141405568655507,12,1.7744197696813355,2.401112611990668,2.401112611990668,2.394168453039369,1.6456480966404918,4.155550824823171,False,6,6,False,4.155550824823171,large_n
pangeo_seasonal,31,S1,0.5,0.8872098848406678,14,0.14141405568655507,12,1.7744197696813355,2.401112611990668,2.275648663930147,2.394168453039369,2.22486123395135,4.155550842814318,True,6,5,False,4.155550824823171,large_n
pangeo_seasonal,31,S1,1.0,1.7744197696813355,14,0.14141405568655507,12,1.7744197696813355,2.401112611990668,2.1501847158696266,2.394168453039369,2.718115733297475,4.155550823594721,True,6,5,False,4.155550824823171,large_n
pangeo_seasonal,31,S1,2.0,3.548839539362671,14,0.14141405568655507,12,1.7744197696813355,2.401112611990668,1.8992568197485862,2.394168453039369,2.5554465212385766,4.153460670079818,True,6,5,False,4.155550824823171,large_n
pangeo_seasonal,31,S1,4.0,7.097679078725342,14,0.14141405568655507,12,1.7744197696813355,2.401112611990668,1.397401027506505,2.394168453039369,3.327831806905428,4.149430767700499,True,6,5,False,4.155550824823171,large_n
pangeo_seasonal,31,S2,0.0,0.0,14,0.14141405568655507,12,1.7744197696813355,2.401112611990668,2.401112611990668,2.394168453039369,1.7488043807747946,4.155550824823171,False,4,4,False,4.155550824823171,large_n
pangeo_seasonal,31,S2,0.5,0.8872098848406678,14,0.14141405568655507,12,1.7744197696813355,2.401112611990668,2.275648663930147,2.394168453039369,2.22486123395135,4.155550842814318,True,6,5,False,4.155550824823171,large_n
pangeo_seasonal,31,S2,1.0,1.7744197696813355,14,0.14141405568655507,12,1.7744197696813355,2.401112611990668,2.1501847158696266,2.394168453039369,4.064432707368967,4.155550823594721,True,9,8,False,4.155550824823171,large_n
pangeo_seasonal,31,S2,2.0,3.548839539362671,14,0.14141405568655507,12,1.7744197696813355,2.401112611990668,1.8992568197485862,2.394168453039369,2.5554465212385766,4.153460670079818,True,6,5,False,4.155550824823171,large_n
pangeo_seasonal,31,S2,4.0,7.097679078725342,14,0.14141405568655507,12,1.7744197696813355,2.401112611990668,1.397401027506505,2.394168453039369,3.327831806905428,4.149430767700499,True,6,5,False,4.155550824823171,large_n
pangeo_seasonal,32,S1,0.0,0.0,14,0.12225477334230395,12,1.3441956133681323,1.217758329378242,1.217758329378242,1.2842150884317756,0.9005135373004348,5.3604205272215895,False,6,6,False,5.3604205272215895,large_n
pangeo_seasonal,32,S1,0.5,0.6720978066840662,14,0.12225477334230395,12,1.3441956133681323,1.217758329378242,1.135591164358222,1.2842150884317756,2.150744316075733,5.360420527221499,True,6,5,False,5.3604205272215895,large_n
pangeo_seasonal,32,S1,1.0,1.3441956133681323,14,0.12225477334230395,12,1.3441956133681323,1.217758329378242,1.0534239993382024,1.2842150884317756,0.990806114377575,5.360420527221416,True,6,5,False,5.3604205272215895,large_n
pangeo_seasonal,32,S1,2.0,2.6883912267362646,14,0.12225477334230395,12,1.3441956133681323,1.217758329378242,0.8890896692981615,1.2842150884317756,0.990806114377575,5.360420527221253,True,6,5,False,5.3604205272215895,large_n
pangeo_seasonal,32,S1,4.0,5.376782453472529,14,0.12225477334230395,12,1.3441956133681323,1.217758329378242,0.5604210092180815,1.2842150884317756,2.1470757888505254,5.360420527220961,True,6,5,False,5.3604205272215895,large_n
pangeo_seasonal,32,S2,0.0,0.0,14,0.12225477334230395,12,1.3441956133681323,1.217758329378242,1.217758329378242,1.2842150884317756,0.4659414403646311,5.3604205272215895,False,4,4,False,5.3604205272215895,large_n
pangeo_seasonal,32,S2,0.5,0.6720978066840662,14,0.12225477334230395,12,1.3441956133681323,1.217758329378242,1.135591164358222,1.2842150884317756,1.386808576299594,5.360420527221499,True,6,5,False,5.3604205272215895,large_n
pangeo_seasonal,32,S2,1.0,1.3441956133681323,14,0.12225477334230395,12,1.3441956133681323,1.217758329378242,1.0534239993382024,1.2842150884317756,2.156716363393959,5.360420527221416,True,8,7,False,5.3604205272215895,large_n
pangeo_seasonal,32,S2,2.0,2.6883912267362646,14,0.12225477334230395,12,1.3441956133681323,1.217758329378242,0.8890896692981615,1.2842150884317756,1.543200050794297,5.360420527221253,True,10,9,False,5.3604205272215895,large_n
pangeo_seasonal,32,S2,4.0,5.376782453472529,14,0.12225477334230395,12,1.3441956133681323,1.217758329378242,0.5604210092180815,1.2842150884317756,2.1470757888505254,5.360420527220961,True,6,5,False,5.3604205272215895,large_n
pangeo_seasonal,33,S1,0.0,0.0,14,0.13765340285852545,12,1.6633888741119616,1.7562656711901112,1.7562656711901112,2.826948638305738,1.213945769949793,6.326389947229938,True,6,5,False,6.326389947229938,large_n
pangeo_seasonal,33,S1,0.5,0.8316944370559808,14,0.13765340285852545,12,1.6633888741119616,1.7562656711901112,1.6417801017908509,2.826948638305738,2.561724871466217,6.326121952487747,True,6,5,False,6.326389947229938,large_n
pangeo_seasonal,33,S1,1.0,1.6633888741119616,14,0.13765340285852545,12,1.6633888741119616,1.7562656711901112,1.527294532391589,2.826948638305738,2.3185777937129926,6.3261219527394825,True,6,5,False,6.326389947229938,large_n
pangeo_seasonal,33,S1,2.0,3.326777748223923,14,0.13765340285852545,12,1.6633888741119616,1.7562656711901112,1.2983233935930663,2.826948638305738,2.3185777937129926,6.3261219529150345,True,6,5,False,6.326389947229938,large_n
pangeo_seasonal,33,S1,4.0,6.653555496447846,14,0.13765340285852545,12,1.6633888741119616,1.7562656711901112,0.8403811159960204,2.826948638305738,1.2208986806032711,6.326121953119231,True,6,5,False,6.326389947229938,large_n
pangeo_seasonal,33,S2,0.0,0.0,14,0.13765340285852545,12,1.6633888741119616,1.7562656711901112,1.7562656711901112,2.826948638305738,1.299586640510667,6.326389947229938,False,2,2,False,6.326389947229938,large_n
pangeo_seasonal,33,S2,0.5,0.8316944370559808,14,0.13765340285852545,12,1.6633888741119616,1.7562656711901112,1.6417801017908509,2.826948638305738,2.40550549480258,6.326121952487747,True,7,6,False,6.326389947229938,large_n
pangeo_seasonal,33,S2,1.0,1.6633888741119616,14,0.13765340285852545,12,1.6633888741119616,1.7562656711901112,1.527294532391589,2.826948638305738,-0.27668386354042857,6.3261219527394825,True,9,8,False,6.326389947229938,large_n
pangeo_seasonal,33,S2,2.0,3.326777748223923,14,0.13765340285852545,12,1.6633888741119616,1.7562656711901112,1.2983233935930663,2.826948638305738,-0.27668386354042857,6.3261219529150345,True,9,8,False,6.326389947229938,large_n
pangeo_seasonal,33,S2,4.0,6.653555496447846,14,0.13765340285852545,12,1.6633888741119616,1.7562656711901112,0.8403811159960204,2.826948638305738,1.2208986806032711,6.326121953119231,True,6,5,False,6.326389947229938,large_n
pangeo_seasonal,34,S1,0.0,0.0,14,0.09836243168168232,12,1.374951528208363,0.937884639619208,0.937884639619208,0.9414383268611848,1.0670855069465697,9.365444314877152,False,6,6,False,9.365444314877152,large_n
pangeo_seasonal,34,S1,0.5,0.6874757641041815,14,0.09836243168168232,12,1.374951528208363,0.937884639619208,0.8702628517396981,0.9414383268611848,0.20962403121411127,9.365444314893699,True,6,5,False,9.365444314877152,large_n
pangeo_seasonal,34,S1,1.0,1.374951528208363,14,0.09836243168168232,12,1.374951528208363,0.937884639619208,0.8026410638601881,0.9414383268611848,0.20962403121411127,9.365444314902467,True,6,5,False,9.365444314877152,large_n
pangeo_seasonal,34,S1,2.0,2.749903056416726,14,0.09836243168168232,12,1.374951528208363,0.937884639619208,0.6673974881011683,0.9414383268611848,0.20962403121411127,9.365444314909281,True,6,5,False,9.365444314877152,large_n
pangeo_seasonal,34,S1,4.0,5.499806112833452,14,0.09836243168168232,12,1.374951528208363,0.937884639619208,0.3969103365831286,0.9414383268611848,0.20962403121411127,9.36544431490643,True,6,5,False,9.365444314877152,large_n
pangeo_seasonal,34,S2,0.0,0.0,14,0.09836243168168232,12,1.374951528208363,0.937884639619208,0.937884639619208,0.9414383268611848,0.937884639619208,9.365444314877152,False,0,0,False,9.365444314877152,large_n
pangeo_seasonal,34,S2,0.5,0.6874757641041815,14,0.09836243168168232,12,1.374951528208363,0.937884639619208,0.8702628517396981,0.9414383268611848,0.8826147734641682,9.365444314893699,True,5,4,False,9.365444314877152,large_n
pangeo_seasonal,34,S2,1.0,1.374951528208363,14,0.09836243168168232,12,1.374951528208363,0.937884639619208,0.8026410638601881,0.9414383268611848,-0.06908648883796253,9.365444314902467,True,7,6,False,9.365444314877152,large_n
pangeo_seasonal,34,S2,2.0,2.749903056416726,14,0.09836243168168232,12,1.374951528208363,0.937884639619208,0.6673974881011683,0.9414383268611848,-1.1742521919969895,9.365444314909281,True,9,8,False,9.365444314877152,large_n
pangeo_seasonal,34,S2,4.0,5.499806112833452,14,0.09836243168168232,12,1.374951528208363,0.937884639619208,0.3969103365831286,0.9414383268611848,0.20962403121411127,9.36544431490643,True,6,5,False,9.365444314877152,large_n
pangeo_seasonal,35,S1,0.0,0.0,14,0.10529845226313794,12,1.4027093498477012,2.243304159586452,2.243304159586452,2.362645447331448,4.663342988226843,0.0020743644637466474,True,6,5,False,0.0020743644637466474,large_n
pangeo_seasonal,35,S1,0.5,0.7013546749238506,14,0.10529845226313794,12,1.4027093498477012,2.243304159586452,2.169452597829454,2.362645447331448,2.3503974726925763,0.0020743644190641675,True,6,5,False,0.0020743644637466474,large_n
pangeo_seasonal,35,S1,1.0,1.4027093498477012,14,0.10529845226313794,12,1.4027093498477012,2.243304159586452,2.0956010360724564,2.362645447331448,2.3503974726925763,0.002074364498078296,True,6,5,False,0.0020743644637466474,large_n
pangeo_seasonal,35,S1,2.0,2.8054186996954025,14,0.10529845226313794,12,1.4027093498477012,2.243304159586452,1.9478979125584608,2.362645447331448,3.233352990945684,0.0020743641600180496,True,6,5,False,0.0020743644637466474,large_n
pangeo_seasonal,35,S1,4.0,5.610837399390805,14,0.10529845226313794,12,1.4027093498477012,2.243304159586452,1.65249166553047,2.362645447331448,3.233352990945684,6.210548573193364e-05,True,6,5,False,0.0020743644637466474,large_n
pangeo_seasonal,35,S2,0.0,0.0,14,0.10529845226313794,12,1.4027093498477012,2.243304159586452,2.243304159586452,2.362645447331448,2.344902703550198,0.0020743644637466474,True,2,1,False,0.0020743644637466474,large_n
pangeo_seasonal,35,S2,0.5,0.7013546749238506,14,0.10529845226313794,12,1.4027093498477012,2.243304159586452,2.169452597829454,2.362645447331448,2.3503974726925763,0.0020743644190641675,True,6,5,False,0.0020743644637466474,large_n
pangeo_seasonal,35,S2,1.0,1.4027093498477012,14,0.10529845226313794,12,1.4027093498477012,2.243304159586452,2.0956010360724564,2.362645447331448,2.3503974726925763,0.002074364498078296,True,6,5,False,0.0020743644637466474,large_n
pangeo_seasonal,35,S2,2.0,2.8054186996954025,14,0.10529845226313794,12,1.4027093498477012,2.243304159586452,1.9478979125584608,2.362645447331448,3.167175853073731,0.0020743641600180496,True,7,6,False,0.0020743644637466474,large_n
pangeo_seasonal,35,S2,4.0,5.610837399390805,14,0.10529845226313794,12,1.4027093498477012,2.243304159586452,1.65249166553047,2.362645447331448,3.233352990945684,6.210548573193364e-05,True,6,5,False,0.0020743644637466474,large_n
pangeo_seasonal,36,S1,0.0,0.0,14,0.1025678405345439,12,1.7258985485585119,2.0057566702848755,2.0057566702848755,1.9469010078042153,1.7739770346911026,5.407656738318993,False,6,6,False,5.407656738318993,large_n
pangeo_seasonal,36,S1,0.5,0.8629492742792559,14,0.1025678405345439,12,1.7258985485585119,2.0057566702848755,1.9172458267312003,1.9469010078042153,1.7095117912230695,5.368857510227662,True,6,5,False,5.407656738318993,large_n
pangeo_seasonal,36,S1,1.0,1.7258985485585119,14,0.1025678405345439,12,1.7258985485585119,2.0057566702848755,1.8287349831775248,1.9469010078042153,0.2133686840684444,5.368857515569664,True,6,5,False,5.407656738318993,large_n
pangeo_seasonal,36,S1,2.0,3.4517970971170238,14,0.1025678405345439,12,1.7258985485585119,2.0057566702848755,1.6517132960701748,1.9469010078042153,1.1463274109148922,5.368857519028751,True,6,5,False,5.407656738318993,large_n
pangeo_seasonal,36,S1,4.0,6.9035941942340475,14,0.1025678405345439,12,1.7258985485585119,2.0057566702848755,1.2976699218554744,1.9469010078042153,1.1463274109148922,5.368857521492533,True,6,5,False,5.407656738318993,large_n
pangeo_seasonal,36,S2,0.0,0.0,14,0.1025678405345439,12,1.7258985485585119,2.0057566702848755,2.0057566702848755,1.9469010078042153,1.8896387828716068,5.407656738318993,False,3,3,False,5.407656738318993,large_n
pangeo_seasonal,36,S2,0.5,0.8629492742792559,14,0.1025678405345439,12,1.7258985485585119,2.0057566702848755,1.9172458267312003,1.9469010078042153,-0.0768164353825302,5.368857510227662,True,8,7,False,5.407656738318993,large_n
pangeo_seasonal,36,S2,1.0,1.7258985485585119,14,0.1025678405345439,12,1.7258985485585119,2.0057566702848755,1.8287349831775248,1.9469010078042153,-1.759674562291187,5.368857515569664,True,10,9,False,5.407656738318993,large_n
pangeo_seasonal,36,S2,2.0,3.4517970971170238,14,0.1025678405345439,12,1.7258985485585119,2.0057566702848755,1.6517132960701748,1.9469010078042153,1.1463274109148922,5.368857519028751,True,6,5,False,5.407656738318993,large_n
pangeo_seasonal,36,S2,4.0,6.9035941942340475,14,0.1025678405345439,12,1.7258985485585119,2.0057566702848755,1.2976699218554744,1.9469010078042153,1.1463274109148922,5.368857521492533,True,6,5,False,5.407656738318993,large_n
pangeo_seasonal,37,S1,0.0,0.0,14,0.15916873897515593,12,1.6503902406023174,1.8701662933670953,1.8701662933670953,1.9560836845071694,1.551076872436276,3.647232507678753,False,6,6,False,3.647232507678753,large_n
pangeo_seasonal,37,S1,0.5,0.8251951203011587,14,0.15916873897515593,12,1.6503902406023174,1.8701662933670953,1.738821026660308,1.9560836845071694,2.070418075544142,3.6291012577580304,True,6,5,False,3.647232507678753,large_n
pangeo_seasonal,37,S1,1.0,1.6503902406023174,14,0.15916873897515593,12,1.6503902406023174,1.8701662933670953,1.6074757599535203,1.9560836845071694,2.070418075544142,3.629102077718575,True,6,5,False,3.647232507678753,large_n
pangeo_seasonal,37,S1,2.0,3.300780481204635,14,0.15916873897515593,12,1.6503902406023174,1.8701662933670953,1.3447852265399454,1.9560836845071694,2.8569995544062623,3.629101428511577,True,6,5,False,3.647232507678753,large_n
pangeo_seasonal,37,S1,4.0,6.60156096240927,14,0.15916873897515593,12,1.6503902406023174,1.8701662933670953,0.8194041597127948,1.9560836845071694,2.8569995544062623,3.6291010806207735,True,6,5,False,3.647232507678753,large_n
pangeo_seasonal,37,S2,0.0,0.0,14,0.15916873897515593,12,1.6503902406023174,1.8701662933670953,1.8701662933670953,1.9560836845071694,1.8701662933670953,3.647232507678753,False,0,0,False,3.647232507678753,large_n
pangeo_seasonal,37,S2,0.5,0.8251951203011587,14,0.15916873897515593,12,1.6503902406023174,1.8701662933670953,1.738821026660308,1.9560836845071694,3.06192303707929,3.6291012577580304,True,8,7,False,3.647232507678753,large_n
pangeo_seasonal,37,S2,1.0,1.6503902406023174,14,0.15916873897515593,12,1.6503902406023174,1.8701662933670953,1.6074757599535203,1.9560836845071694,3.1215381397229414,3.629102077718575,True,9,8,False,3.647232507678753,large_n
pangeo_seasonal,37,S2,2.0,3.300780481204635,14,0.15916873897515593,12,1.6503902406023174,1.8701662933670953,1.3447852265399454,1.9560836845071694,4.196755463265147,3.629101428511577,True,10,9,False,3.647232507678753,large_n
pangeo_seasonal,37,S2,4.0,6.60156096240927,14,0.15916873897515593,12,1.6503902406023174,1.8701662933670953,0.8194041597127948,1.9560836845071694,2.8569995544062623,3.6291010806207735,True,6,5,False,3.647232507678753,large_n
pangeo_seasonal,38,S1,0.0,0.0,14,0.1345789199200953,12,2.2776759716008073,3.141877749828106,3.141877749828106,3.3298514717154477,3.1791417050510278,4.067841219613831,True,6,5,False,4.067841219613831,large_n
pangeo_seasonal,38,S1,0.5,1.1388379858004036,14,0.1345789199200953,12,2.2776759716008073,3.141877749828106,2.9886141637351114,3.3298514717154477,3.310484598742402,4.067841830665978,True,6,5,False,4.067841219613831,large_n
pangeo_seasonal,38,S1,1.0,2.2776759716008073,14,0.1345789199200953,12,2.2776759716008073,3.141877749828106,2.8353505776421164,3.3298514717154477,3.310484598742402,4.0678419712521094,True,6,5,False,4.067841219613831,large_n
pangeo_seasonal,38,S1,2.0,4.5553519432016145,14,0.1345789199200953,12,2.2776759716008073,3.141877749828106,2.528823405456126,3.3298514717154477,3.310484598742402,4.067842001495773,True,6,5,False,4.067841219613831,large_n
pangeo_seasonal,38,S1,4.0,9.110703886403229,14,0.1345789199200953,12,2.2776759716008073,3.141877749828106,1.9157690610841454,3.3298514717154477,3.310484598742402,4.067841749036829,True,6,5,False,4.067841219613831,large_n
pangeo_seasonal,38,S2,0.0,0.0,14,0.1345789199200953,12,2.2776759716008073,3.141877749828106,3.141877749828106,3.3298514717154477,2.941771623007742,4.067841219613831,False,2,2,False,4.067841219613831,large_n
pangeo_seasonal,38,S2,0.5,1.1388379858004036,14,0.1345789199200953,12,2.2776759716008073,3.141877749828106,2.9886141637351114,3.3298514717154477,3.310484598742402,4.067841830665978,True,6,5,False,4.067841219613831,large_n
pangeo_seasonal,38,S2,1.0,2.2776759716008073,14,0.1345789199200953,12,2.2776759716008073,3.141877749828106,2.8353505776421164,3.3298514717154477,3.2763999242436013,4.0678419712521094,True,7,6,False,4.067841219613831,large_n
pangeo_seasonal,38,S2,2.0,4.5553519432016145,14,0.1345789199200953,12,2.2776759716008073,3.141877749828106,2.528823405456126,3.3298514717154477,3.618892279658933,4.067842001495773,True,9,8,False,4.067841219613831,large_n
pangeo_seasonal,38,S2,4.0,9.110703886403229,14,0.1345789199200953,12,2.2776759716008073,3.141877749828106,1.9157690610841454,3.3298514717154477,3.310484598742402,4.067841749036829,True,6,5,False,4.067841219613831,large_n
pangeo_seasonal,39,S1,0.0,0.0,14,0.13200547538150026,12,1.633823541483082,1.6448602275407986,1.6448602275407986,1.6876093807948447,1.510051628689009,-0.29894961930906483,True,6,5,False,-0.29894961930906483,large_n
pangeo_seasonal,39,S1,0.5,0.816911770741541,14,0.13200547538150026,12,1.633823541483082,1.6448602275407986,1.5370234008993182,1.6876093807948447,1.6961350065055547,-0.2989561547989421,True,6,5,False,-0.29894961930906483,large_n
pangeo_seasonal,39,S1,1.0,1.633823541483082,14,0.13200547538150026,12,1.633823541483082,1.6448602275407986,1.4291865742578378,1.6876093807948447,1.5534375670637757,-0.2989551282362459,True,6,5,False,-0.29894961930906483,large_n
pangeo_seasonal,39,S1,2.0,3.267647082966164,14,0.13200547538150026,12,1.633823541483082,1.6448602275407986,1.213512920974877,1.6876093807948447,1.5534375670637757,-0.2989533272645115,True,6,5,False,-0.29894961930906483,large_n
pangeo_seasonal,39,S1,4.0,6.535294165932328,14,0.13200547538150026,12,1.633823541483082,1.6448602275407986,0.782165614408956,1.6876093807948447,1.5534375670637757,-0.29895273337252526,True,6,5,False,-0.29894961930906483,large_n
pangeo_seasonal,39,S2,0.0,0.0,14,0.13200547538150026,12,1.633823541483082,1.6448602275407986,1.6448602275407986,1.6876093807948447,1.6060805903527793,-0.29894961930906483,True,2,1,False,-0.29894961930906483,large_n
pangeo_seasonal,39,S2,0.5,0.816911770741541,14,0.13200547538150026,12,1.633823541483082,1.6448602275407986,1.5370234008993182,1.6876093807948447,1.7131511566903286,-0.2989561547989421,True,5,4,False,-0.29894961930906483,large_n
pangeo_seasonal,39,S2,1.0,1.633823541483082,14,0.13200547538150026,12,1.633823541483082,1.6448602275407986,1.4291865742578378,1.6876093807948447,1.5534375670637757,-0.2989551282362459,True,6,5,False,-0.29894961930906483,large_n
pangeo_seasonal,39,S2,2.0,3.267647082966164,14,0.13200547538150026,12,1.633823541483082,1.6448602275407986,1.213512920974877,1.6876093807948447,1.5534375670637757,-0.2989533272645115,True,6,5,False,-0.29894961930906483,large_n
pangeo_seasonal,39,S2,4.0,6.535294165932328,14,0.13200547538150026,12,1.633823541483082,1.6448602275407986,0.782165614408956,1.6876093807948447,1.5534375670637757,-0.29895273337252526,True,6,5,False,-0.29894961930906483,large_n
