dgp,seed,pool,tau_mult,tau,ratio,pi,vk,l1,det,thr,e_post,oracle,naive,iterative,iscm,predicted_leak
marex_native,0,clean,0.0,0.0,0.0,0.0,0.12781687250498805,0.0,1.0,1.3391550828832957,2.0839770238834134,-0.08368126747215285,-0.08368126747215285,0.18268615809288064,0.18268615809287783,0.0
marex_native,0,clean,0.0,0.0,1.0,1.3391550828832957,0.12781687250498805,0.0,1.0,1.3391550828832957,2.0839770238834134,-0.08368126747215285,-0.2548478819654534,0.18268615809288064,0.18268615809287828,0.0
marex_native,0,clean,0.0,0.0,2.0,2.6783101657665913,0.12781687250498805,0.0,1.0,1.3391550828832957,2.0839770238834134,-0.08368126747215285,-0.4260144964587525,0.18268615809288064,0.18268615809288033,0.0
marex_native,0,clean,1.0,9.73554555661609,0.0,0.0,0.12781687250498805,0.0,1.0,1.3391550828832957,2.0839770238834134,9.651864289143937,9.651864289143937,9.91823171470897,9.918231714708968,0.0
marex_native,0,clean,1.0,9.73554555661609,1.0,1.3391550828832957,0.12781687250498805,0.0,1.0,1.3391550828832957,2.0839770238834134,9.651864289143937,9.480697674650637,9.91823171470897,9.918231714708968,0.0
marex_native,0,clean,1.0,9.73554555661609,2.0,2.6783101657665913,0.12781687250498805,0.0,1.0,1.3391550828832957,2.0839770238834134,9.651864289143937,9.309531060157337,9.91823171470897,9.91823171470897,0.0
marex_native,0,clean,3.0,29.206636669848272,0.0,0.0,0.12781687250498805,0.0,1.0,1.3391550828832957,2.0839770238834134,29.122955402376117,29.122955402376117,29.389322827941157,29.389322827941147,0.0
marex_native,0,clean,3.0,29.206636669848272,1.0,1.3391550828832957,0.12781687250498805,0.0,1.0,1.3391550828832957,2.0839770238834134,29.122955402376117,28.951788787882823,29.389322827941157,29.389322827941154,0.0
marex_native,0,clean,3.0,29.206636669848272,2.0,2.6783101657665913,0.12781687250498805,0.0,1.0,1.3391550828832957,2.0839770238834134,29.122955402376117,28.78062217338952,29.389322827941157,29.389322827941154,0.0
marex_native,0,inclusive,0.0,0.0,0.0,0.0,0.12781687250498805,0.7868081830983233,0.8994326387750403,0.7669147106848122,0.5633747447256183,-0.08368126747215285,-0.08368126747215285,-0.011672469553029429,-0.012977591705950689,0.0
marex_native,0,inclusive,0.0,0.0,1.0,0.7669147106848122,0.12781687250498805,0.7868081830983233,0.8994326387750403,0.7669147106848122,0.5633747447256183,-0.08368126747215285,-0.18170590726995214,-0.011672469553029429,-0.012977591705949518,0.0
marex_native,0,inclusive,0.0,0.0,2.0,1.5338294213696244,0.12781687250498805,0.7868081830983233,0.8994326387750403,0.7669147106848122,0.5633747447256183,-0.08368126747215285,-0.2797305470677557,-0.011672469553029429,-0.012977591705952621,0.0
marex_native,0,inclusive,1.0,9.73554555661609,0.0,0.0,0.12781687250498805,0.7868081830983233,0.8994326387750403,0.7669147106848122,-7.096632166146442,9.651864289143937,9.651864289143937,8.744794960348802,9.722567964910139,0.9790781267142615
marex_native,0,inclusive,1.0,9.73554555661609,1.0,0.7669147106848122,0.12781687250498805,0.7868081830983233,0.8994326387750403,0.7669147106848122,-7.096632166146442,9.651864289143937,9.553839649346138,8.744794960348802,9.72256796491014,0.9790781267142615
marex_native,0,inclusive,1.0,9.73554555661609,2.0,1.5338294213696244,0.12781687250498805,0.7868081830983233,0.8994326387750403,0.7669147106848122,-7.096632166146442,9.651864289143937,9.455815009548335,8.744794960348802,9.722567964910137,0.9790781267142615
marex_native,0,inclusive,3.0,29.206636669848272,0.0,0.0,0.12781687250498805,0.7868081830983233,0.8994326387750403,0.7669147106848122,-22.416645987890565,29.122955402376117,29.122955402376117,26.257729820152463,29.19365907814232,2.937234380142785
marex_native,0,inclusive,3.0,29.206636669848272,1.0,0.7669147106848122,0.12781687250498805,0.7868081830983233,0.8994326387750403,0.7669147106848122,-22.416645987890565,29.122955402376117,29.02493076257832,26.257729820152463,29.193659078142325,2.937234380142785
marex_native,0,inclusive,3.0,29.206636669848272,2.0,1.5338294213696244,0.12781687250498805,0.7868081830983233,0.8994326387750403,0.7669147106848122,-22.416645987890565,29.122955402376117,28.92690612278052,26.257729820152463,29.19365907814232,2.937234380142785
marex_native,1,clean,0.0,0.0,0.0,0.0,0.1154035012555667,0.0,1.0,1.9073477124777343,-1.5908825854919115,-0.0800060600396634,-0.0800060600396634,-0.26359948049193493,-0.26359948049193843,0.0
marex_native,1,clean,0.0,0.0,1.0,1.9073477124777343,0.1154035012555667,0.0,1.0,1.9073477124777343,-1.5908825854919115,-0.0800060600396634,-0.3001206641713864,-0.26359948049193493,-0.26359948049193477,0.0
marex_native,1,clean,0.0,0.0,2.0,3.8146954249554685,0.1154035012555667,0.0,1.0,1.9073477124777343,-1.5908825854919115,-0.0800060600396634,-0.5202352683031151,-0.26359948049193493,-0.263599480491937,0.0
marex_native,1,clean,1.0,8.411605453850477,0.0,0.0,0.1154035012555667,0.0,1.0,1.9073477124777343,-1.5908825854919115,8.331599393810816,8.331599393810816,8.148005973358543,8.14800597335854,0.0
marex_native,1,clean,1.0,8.411605453850477,1.0,1.9073477124777343,0.1154035012555667,0.0,1.0,1.9073477124777343,-1.5908825854919115,8.331599393810816,8.111484789679093,8.148005973358543,8.148005973358543,0.0
marex_native,1,clean,1.0,8.411605453850477,2.0,3.8146954249554685,0.1154035012555667,0.0,1.0,1.9073477124777343,-1.5908825854919115,8.331599393810816,7.8913701855473635,8.148005973358543,8.148005973358542,0.0
marex_native,1,clean,3.0,25.23481636155143,0.0,0.0,0.1154035012555667,0.0,1.0,1.9073477124777343,-1.5908825854919115,25.15481030151176,25.15481030151176,24.97121688105949,24.971216881059483,0.0
marex_native,1,clean,3.0,25.23481636155143,1.0,1.9073477124777343,0.1154035012555667,0.0,1.0,1.9073477124777343,-1.5908825854919115,25.15481030151176,24.93469569738004,24.97121688105949,24.97121688105949,0.0
marex_native,1,clean,3.0,25.23481636155143,2.0,3.8146954249554685,0.1154035012555667,0.0,1.0,1.9073477124777343,-1.5908825854919115,25.15481030151176,24.71458109324831,24.97121688105949,24.971216881059487,0.0
marex_native,1,inclusive,0.0,0.0,0.0,0.0,0.1154035012555667,0.29097712973334006,0.9664202204434773,1.0952887689911501,0.393365832549253,-0.0800060600396634,-0.0800060600396634,-0.03461026568916452,-0.03581285341203483,0.0
marex_native,1,inclusive,0.0,0.0,1.0,1.0952887689911501,0.1154035012555667,0.29097712973334006,0.9664202204434773,1.0952887689911501,0.393365832549253,-0.0800060600396634,-0.20640621886714,-0.03461026568916452,-0.035812853412032684,0.0
marex_native,1,inclusive,0.0,0.0,2.0,2.1905775379823003,0.1154035012555667,0.29097712973334006,0.9664202204434773,1.0952887689911501,0.393365832549253,-0.0800060600396634,-0.3328063776946223,-0.03461026568916452,-0.035812853412037084,0.0
marex_native,1,inclusive,1.0,8.411605453850477,0.0,0.0,0.1154035012555667,0.29097712973334006,0.9664202204434773,1.0952887689911501,-2.054218978861468,8.331599393810816,8.331599393810816,8.094535331304568,8.375792600438444,0.2824598568567431
marex_native,1,inclusive,1.0,8.411605453850477,1.0,1.0952887689911501,0.1154035012555667,0.29097712973334006,0.9664202204434773,1.0952887689911501,-2.054218978861468,8.331599393810816,8.205199234983338,8.094535331304568,8.375792600438446,0.2824598568567431
marex_native,1,inclusive,1.0,8.411605453850477,2.0,2.1905775379823003,0.1154035012555667,0.29097712973334006,0.9664202204434773,1.0952887689911501,-2.054218978861468,8.331599393810816,8.078799076155857,8.094535331304568,8.375792600438443,0.2824598568567431
marex_native,1,inclusive,3.0,25.23481636155143,0.0,0.0,0.1154035012555667,0.29097712973334006,0.9664202204434773,1.0952887689911501,-6.9493886016829105,25.15481030151176,25.15481030151176,24.352826525292027,25.199003508139388,0.8473795705702293
marex_native,1,inclusive,3.0,25.23481636155143,1.0,1.0952887689911501,0.1154035012555667,0.29097712973334006,0.9664202204434773,1.0952887689911501,-6.9493886016829105,25.15481030151176,25.028410142684283,24.352826525292027,25.19900350813939,0.8473795705702293
marex_native,1,inclusive,3.0,25.23481636155143,2.0,2.1905775379823003,0.1154035012555667,0.29097712973334006,0.9664202204434773,1.0952887689911501,-6.9493886016829105,25.15481030151176,24.9020099838568,24.352826525292027,25.199003508139384,0.8473795705702293
marex_native,2,clean,0.0,0.0,0.0,0.0,0.0994361802631373,0.0,1.0,2.162168347539711,-1.6986908326837962,-0.5888258853271978,-0.5888258853271978,-0.7577372131772862,-0.7577372131772826,0.0
marex_native,2,clean,0.0,0.0,1.0,2.162168347539711,0.0994361802631373,0.0,1.0,2.162168347539711,-1.6986908326837962,-0.5888258853271978,-0.8038236468924083,-0.7577372131772862,-0.7577372131772848,0.0
marex_native,2,clean,0.0,0.0,2.0,4.324336695079422,0.0994361802631373,0.0,1.0,2.162168347539711,-1.6986908326837962,-0.5888258853271978,-1.018821408457613,-0.7577372131772862,-0.7577372131772808,0.0
marex_native,2,clean,1.0,7.376529290522223,0.0,0.0,0.0994361802631373,0.0,1.0,2.162168347539711,-1.6986908326837962,6.787703405195027,6.787703405195027,6.618792077344939,6.618792077344943,0.0
marex_native,2,clean,1.0,7.376529290522223,1.0,2.162168347539711,0.0994361802631373,0.0,1.0,2.162168347539711,-1.6986908326837962,6.787703405195027,6.572705643629817,6.618792077344939,6.61879207734494,0.0
marex_native,2,clean,1.0,7.376529290522223,2.0,4.324336695079422,0.0994361802631373,0.0,1.0,2.162168347539711,-1.6986908326837962,6.787703405195027,6.357707882064612,6.618792077344939,6.618792077344945,0.0
marex_native,2,clean,3.0,22.12958787156667,0.0,0.0,0.0994361802631373,0.0,1.0,2.162168347539711,-1.6986908326837962,21.540761986239463,21.540761986239463,21.371850658389377,21.371850658389377,0.0
marex_native,2,clean,3.0,22.12958787156667,1.0,2.162168347539711,0.0994361802631373,0.0,1.0,2.162168347539711,-1.6986908326837962,21.540761986239463,21.325764224674252,21.371850658389377,21.371850658389377,0.0
marex_native,2,clean,3.0,22.12958787156667,2.0,4.324336695079422,0.0994361802631373,0.0,1.0,2.162168347539711,-1.6986908326837962,21.540761986239463,21.11076646310905,21.371850658389377,21.371850658389384,0.0
marex_native,2,inclusive,0.0,0.0,0.0,0.0,0.0994361802631373,0.9339181162631784,0.907134749840245,2.01729776377543,-2.2946704517390857,-0.5888258853271978,-0.5888258853271978,-0.816999150010821,-0.900637033422765,0.0
marex_native,2,inclusive,0.0,0.0,1.0,2.01729776377543,0.0994361802631373,0.9339181162631784,0.907134749840245,2.01729776377543,-2.2946704517390857,-0.5888258853271978,-0.7894182694103961,-0.816999150010821,-0.9006370334227657,0.0
marex_native,2,inclusive,0.0,0.0,2.0,4.03459552755086,0.0994361802631373,0.9339181162631784,0.907134749840245,2.01729776377543,-2.2946704517390857,-0.5888258853271978,-0.9900106534935972,-0.816999150010821,-0.9006370334227696,0.0
marex_native,2,inclusive,1.0,7.376529290522223,0.0,0.0,0.0994361802631373,0.9339181162631784,0.907134749840245,2.01729776377543,-9.183744791303758,6.787703405195027,6.787703405195027,5.874506902636298,6.475892257099461,0.6850232378751065
marex_native,2,inclusive,1.0,7.376529290522223,1.0,2.01729776377543,0.0994361802631373,0.9339181162631784,0.907134749840245,2.01729776377543,-9.183744791303758,6.787703405195027,6.587111021111829,5.874506902636298,6.47589225709946,0.6850232378751065
marex_native,2,inclusive,1.0,7.376529290522223,2.0,4.03459552755086,0.0994361802631373,0.9339181162631784,0.907134749840245,2.01729776377543,-9.183744791303758,6.787703405195027,6.386518637028628,5.874506902636298,6.4758922570994555,0.6850232378751065
marex_native,2,inclusive,3.0,22.12958787156667,0.0,0.0,0.0994361802631373,0.9339181162631784,0.907134749840245,2.01729776377543,-22.961893470433104,21.540761986239463,21.540761986239463,19.25751900793052,21.228950838143895,2.0550697136253198
marex_native,2,inclusive,3.0,22.12958787156667,1.0,2.01729776377543,0.0994361802631373,0.9339181162631784,0.907134749840245,2.01729776377543,-22.961893470433104,21.540761986239463,21.34016960215627,19.25751900793052,21.2289508381439,2.0550697136253198
marex_native,2,inclusive,3.0,22.12958787156667,2.0,4.03459552755086,0.0994361802631373,0.9339181162631784,0.907134749840245,2.01729776377543,-22.961893470433104,21.540761986239463,21.139577218073065,19.25751900793052,21.22895083814389,2.0550697136253198
marex_native,3,clean,0.0,0.0,0.0,0.0,0.11146814539205711,0.0,1.0,1.3160108251973548,-1.4236107521412678,0.5015518774487348,0.5015518774487348,0.3428646271473553,0.34286462714735616,0.0
marex_native,3,clean,0.0,0.0,1.0,1.3160108251973548,0.11146814539205711,0.0,1.0,1.3160108251973548,-1.4236107521412678,0.5015518774487348,0.35485859144811227,0.3428646271473553,0.3428646271473532,0.0
marex_native,3,clean,0.0,0.0,2.0,2.6320216503947096,0.11146814539205711,0.0,1.0,1.3160108251973548,-1.4236107521412678,0.5015518774487348,0.20816530544749554,0.3428646271473553,0.3428646271473563,0.0
marex_native,3,clean,1.0,8.255631755455793,0.0,0.0,0.11146814539205711,0.0,1.0,1.3160108251973548,-1.4236107521412678,8.75718363290453,8.75718363290453,8.59849638260315,8.598496382603152,0.0
marex_native,3,clean,1.0,8.255631755455793,1.0,1.3160108251973548,0.11146814539205711,0.0,1.0,1.3160108251973548,-1.4236107521412678,8.75718363290453,8.610490346903907,8.59849638260315,8.598496382603148,0.0
marex_native,3,clean,1.0,8.255631755455793,2.0,2.6320216503947096,0.11146814539205711,0.0,1.0,1.3160108251973548,-1.4236107521412678,8.75718363290453,8.46379706090329,8.59849638260315,8.598496382603152,0.0
marex_native,3,clean,3.0,24.766895266367378,0.0,0.0,0.11146814539205711,0.0,1.0,1.3160108251973548,-1.4236107521412678,25.268447143816115,25.268447143816115,25.109759893514738,25.109759893514735,0.0
marex_native,3,clean,3.0,24.766895266367378,1.0,1.3160108251973548,0.11146814539205711,0.0,1.0,1.3160108251973548,-1.4236107521412678,25.268447143816115,25.121753857815495,25.109759893514738,25.109759893514735,0.0
marex_native,3,clean,3.0,24.766895266367378,2.0,2.6320216503947096,0.11146814539205711,0.0,1.0,1.3160108251973548,-1.4236107521412678,25.268447143816115,24.97506057181488,25.109759893514738,25.109759893514738,0.0
marex_native,3,inclusive,0.0,0.0,0.0,0.0,0.11146814539205711,0.39820832991873634,0.95561245598429,1.0060746253115602,-1.7770252441152805,0.5015518774487348,0.5015518774487348,0.30347016917233416,0.3175661506627806,0.0
marex_native,3,inclusive,0.0,0.0,1.0,1.0060746253115602,0.11146814539205711,0.39820832991873634,0.95561245598429,1.0060746253115602,-1.7770252441152805,0.5015518774487348,0.38940660483924316,0.30347016917233416,0.3175661506627772,0.0
marex_native,3,inclusive,0.0,0.0,2.0,2.0121492506231204,0.11146814539205711,0.39820832991873634,0.95561245598429,1.0060746253115602,-1.7770252441152805,0.5015518774487348,0.27726133222975735,0.30347016917233416,0.31756615066278016,0.0
marex_native,3,inclusive,1.0,8.255631755455793,0.0,0.0,0.11146814539205711,0.39820832991873634,0.95561245598429,1.0060746253115602,-5.064486577879417,8.75718363290453,8.75718363290453,8.192654706705344,8.573197906118576,0.3664472179227868
marex_native,3,inclusive,1.0,8.255631755455793,1.0,1.0060746253115602,0.11146814539205711,0.39820832991873634,0.95561245598429,1.0060746253115602,-5.064486577879417,8.75718363290453,8.645038360295038,8.192654706705344,8.573197906118573,0.3664472179227868
marex_native,3,inclusive,1.0,8.255631755455793,2.0,2.0121492506231204,0.11146814539205711,0.39820832991873634,0.95561245598429,1.0060746253115602,-5.064486577879417,8.75718363290453,8.532893087685553,8.192654706705344,8.573197906118576,0.3664472179227868
marex_native,3,inclusive,3.0,24.766895266367378,0.0,0.0,0.11146814539205711,0.39820832991873634,0.95561245598429,1.0060746253115602,-11.639409245407691,25.268447143816115,25.268447143816115,23.971023781771354,25.08446141703016,1.0993416537683602
marex_native,3,inclusive,3.0,24.766895266367378,1.0,1.0060746253115602,0.11146814539205711,0.39820832991873634,0.95561245598429,1.0060746253115602,-11.639409245407691,25.268447143816115,25.156301871206626,23.971023781771354,25.08446141703016,1.0993416537683602
marex_native,3,inclusive,3.0,24.766895266367378,2.0,2.0121492506231204,0.11146814539205711,0.39820832991873634,0.95561245598429,1.0060746253115602,-11.639409245407691,25.268447143816115,25.04415659859714,23.971023781771354,25.084461417030163,1.0993416537683602
marex_native,4,clean,0.0,0.0,0.0,0.0,0.12624896778308217,0.0,1.0,1.0711519092910369,-1.2135323341685136,-1.1232078376473198,-1.1232078376473198,-1.2764150422074878,-1.276415042207489,0.0
marex_native,4,clean,0.0,0.0,1.0,1.0711519092910369,0.12624896778308217,0.0,1.0,1.0711519092910369,-1.2135323341685136,-1.1232078376473198,-1.2584396605341908,-1.2764150422074878,-1.2764150422074885,0.0
marex_native,4,clean,0.0,0.0,2.0,2.1423038185820737,0.12624896778308217,0.0,1.0,1.0711519092910369,-1.2135323341685136,-1.1232078376473198,-1.3936714834210604,-1.2764150422074878,-1.2764150422074878,0.0
marex_native,4,clean,1.0,8.40343433860691,0.0,0.0,0.12624896778308217,0.0,1.0,1.0711519092910369,-1.2135323341685136,7.280226500959593,7.280226500959593,7.127019296399425,7.127019296399424,0.0
marex_native,4,clean,1.0,8.40343433860691,1.0,1.0711519092910369,0.12624896778308217,0.0,1.0,1.0711519092910369,-1.2135323341685136,7.280226500959593,7.144994678072722,7.127019296399425,7.127019296399424,0.0
marex_native,4,clean,1.0,8.40343433860691,2.0,2.1423038185820737,0.12624896778308217,0.0,1.0,1.0711519092910369,-1.2135323341685136,7.280226500959593,7.009762855185852,7.127019296399425,7.127019296399425,0.0
marex_native,4,clean,3.0,25.21030301582073,0.0,0.0,0.12624896778308217,0.0,1.0,1.0711519092910369,-1.2135323341685136,24.08709517817341,24.08709517817341,23.933887973613242,23.933887973613242,0.0
marex_native,4,clean,3.0,25.21030301582073,1.0,1.0711519092910369,0.12624896778308217,0.0,1.0,1.0711519092910369,-1.2135323341685136,24.08709517817341,23.951863355286537,23.933887973613242,23.93388797361324,0.0
marex_native,4,clean,3.0,25.21030301582073,2.0,2.1423038185820737,0.12624896778308217,0.0,1.0,1.0711519092910369,-1.2135323341685136,24.08709517817341,23.81663153239967,23.933887973613242,23.933887973613242,0.0
marex_native,4,inclusive,0.0,0.0,0.0,0.0,0.12624896778308217,0.24253237497125846,0.9693805380058992,1.1579718793557126,-0.9638079395884418,-1.1232078376473198,-1.1232078376473198,-1.2448875951614966,-1.284209395953361,0.0
marex_native,4,inclusive,0.0,0.0,1.0,1.1579718793557126,0.12624896778308217,0.24253237497125846,0.9693805380058992,1.1579718793557126,-0.9638079395884418,-1.1232078376473198,-1.2694005921378135,-1.2448875951614966,-1.2842093959533603,0.0
marex_native,4,inclusive,0.0,0.0,2.0,2.315943758711425,0.12624896778308217,0.24253237497125846,0.9693805380058992,1.1579718793557126,-0.9638079395884418,-1.1232078376473198,-1.415593346628306,-1.2448875951614966,-1.284209395953358,0.0
marex_native,4,inclusive,1.0,8.40343433860691,0.0,0.0,0.12624896778308217,0.24253237497125846,0.9693805380058992,1.1579718793557126,-3.001912827645802,7.280226500959593,7.280226500959593,6.901238105094516,7.119224942653552,0.257308638350896
marex_native,4,inclusive,1.0,8.40343433860691,1.0,1.1579718793557126,0.12624896778308217,0.24253237497125846,0.9693805380058992,1.1579718793557126,-3.001912827645802,7.280226500959593,7.134033746469099,6.901238105094516,7.119224942653552,0.257308638350896
marex_native,4,inclusive,1.0,8.40343433860691,2.0,2.315943758711425,0.12624896778308217,0.24253237497125846,0.9693805380058992,1.1579718793557126,-3.001912827645802,7.280226500959593,6.987840991978606,6.901238105094516,7.119224942653554,0.257308638350896
marex_native,4,inclusive,3.0,25.21030301582073,0.0,0.0,0.12624896778308217,0.24253237497125846,0.9693805380058992,1.1579718793557126,-7.078122603760519,24.08709517817341,24.08709517817341,23.193489505606543,23.92609361986737,0.7719259150526879
marex_native,4,inclusive,3.0,25.21030301582073,1.0,1.1579718793557126,0.12624896778308217,0.24253237497125846,0.9693805380058992,1.1579718793557126,-7.078122603760519,24.08709517817341,23.940902423682918,23.193489505606543,23.92609361986737,0.7719259150526879
marex_native,4,inclusive,3.0,25.21030301582073,2.0,2.315943758711425,0.12624896778308217,0.24253237497125846,0.9693805380058992,1.1579718793557126,-7.078122603760519,24.08709517817341,23.79470966919242,23.193489505606543,23.92609361986737,0.7719259150526879
marex_native,5,clean,0.0,0.0,0.0,0.0,0.10767589491455265,0.0,1.0,1.6712092757908834,0.6818951220243534,-0.6883992887740306,-0.6883992887740306,-0.6149756212721897,-0.6149756212721902,0.0
marex_native,5,clean,0.0,0.0,1.0,1.6712092757908834,0.10767589491455265,0.0,1.0,1.6712092757908834,0.6818951220243534,-0.6883992887740306,-0.8683482431343151,-0.6149756212721897,-0.6149756212721897,0.0
marex_native,5,clean,0.0,0.0,2.0,3.342418551581767,0.10767589491455265,0.0,1.0,1.6712092757908834,0.6818951220243534,-0.6883992887740306,-1.0482971974945996,-0.6149756212721897,-0.6149756212721891,0.0
marex_native,5,clean,1.0,9.714131507597402,0.0,0.0,0.10767589491455265,0.0,1.0,1.6712092757908834,0.6818951220243534,9.025732218823373,9.025732218823373,9.099155886325214,9.099155886325214,0.0
marex_native,5,clean,1.0,9.714131507597402,1.0,1.6712092757908834,0.10767589491455265,0.0,1.0,1.6712092757908834,0.6818951220243534,9.025732218823373,8.845783264463089,9.099155886325214,9.099155886325214,0.0
marex_native,5,clean,1.0,9.714131507597402,2.0,3.342418551581767,0.10767589491455265,0.0,1.0,1.6712092757908834,0.6818951220243534,9.025732218823373,8.665834310102804,9.099155886325214,9.099155886325216,0.0
marex_native,5,clean,3.0,29.14239452279221,0.0,0.0,0.10767589491455265,0.0,1.0,1.6712092757908834,0.6818951220243534,28.453995234018187,28.453995234018187,28.527418901520026,28.527418901520026,0.0
marex_native,5,clean,3.0,29.14239452279221,1.0,1.6712092757908834,0.10767589491455265,0.0,1.0,1.6712092757908834,0.6818951220243534,28.453995234018187,28.2740462796579,28.527418901520026,28.527418901520026,0.0
marex_native,5,clean,3.0,29.14239452279221,2.0,3.342418551581767,0.10767589491455265,0.0,1.0,1.6712092757908834,0.6818951220243534,28.453995234018187,28.094097325297618,28.527418901520026,28.52741890152003,0.0
marex_native,5,inclusive,0.0,0.0,0.0,0.0,0.10767589491455265,0.5367943357009455,0.9422001895183378,1.5673474655012214,1.0716967501243473,-0.6883992887740306,-0.6883992887740306,-0.5730033821273721,-0.6081546029196818,0.0
marex_native,5,inclusive,0.0,0.0,1.0,1.5673474655012214,0.10767589491455265,0.5367943357009455,0.9422001895183378,1.5673474655012214,1.0716967501243473,-0.6883992887740306,-0.8571648297639328,-0.5730033821273721,-0.6081546029196839,0.0
marex_native,5,inclusive,0.0,0.0,2.0,3.134694931002443,0.10767589491455265,0.5367943357009455,0.9422001895183378,1.5673474655012214,1.0716967501243473,-0.6883992887740306,-1.0259303707538279,-0.5730033821273721,-0.6081546029196789,0.0
marex_native,5,inclusive,1.0,9.714131507597402,0.0,0.0,0.10767589491455265,0.5367943357009455,0.9422001895183378,1.5673474655012214,-4.142794019408024,9.025732218823373,9.025732218823373,8.579653165336955,9.105976904677723,0.5614749601330724
marex_native,5,inclusive,1.0,9.714131507597402,1.0,1.5673474655012214,0.10767589491455265,0.5367943357009455,0.9422001895183378,1.5673474655012214,-4.142794019408024,9.025732218823373,8.856966677833471,8.579653165336955,9.10597690467772,0.5614749601330724
marex_native,5,inclusive,1.0,9.714131507597402,2.0,3.134694931002443,0.10767589491455265,0.5367943357009455,0.9422001895183378,1.5673474655012214,-4.142794019408024,9.025732218823373,8.688201136843576,8.579653165336955,9.105976904677725,0.5614749601330724
marex_native,5,inclusive,3.0,29.14239452279221,0.0,0.0,0.10767589491455265,0.5367943357009455,0.9422001895183378,1.5673474655012214,-14.57177555847277,28.453995234018187,28.453995234018187,26.884966260265628,28.534239919872537,1.6844248803992175
marex_native,5,inclusive,3.0,29.14239452279221,1.0,1.5673474655012214,0.10767589491455265,0.5367943357009455,0.9422001895183378,1.5673474655012214,-14.57177555847277,28.453995234018187,28.28522969302828,26.884966260265628,28.53423991987253,1.6844248803992175
marex_native,5,inclusive,3.0,29.14239452279221,2.0,3.134694931002443,0.10767589491455265,0.5367943357009455,0.9422001895183378,1.5673474655012214,-14.57177555847277,28.453995234018187,28.116464152038382,26.884966260265628,28.53423991987253,1.6844248803992175
marex_native,6,clean,0.0,0.0,0.0,0.0,0.11281724323184378,0.0,1.0,2.0044504347557637,-1.882076492105196,-0.24890322601164455,-0.24890322601164455,-0.4612339074024149,-0.46123390740241177,0.0
marex_native,6,clean,0.0,0.0,1.0,2.0044504347557637,0.11281724323184378,0.0,1.0,2.0044504347557637,-1.882076492105196,-0.24890322601164455,-0.47503979825566633,-0.4612339074024149,-0.46123390740241743,0.0
marex_native,6,clean,0.0,0.0,2.0,4.008900869511527,0.11281724323184378,0.0,1.0,2.0044504347557637,-1.882076492105196,-0.24890322601164455,-0.7011763704996767,-0.4612339074024149,-0.4612339074024123,0.0
marex_native,6,clean,1.0,11.118911470627674,0.0,0.0,0.11281724323184378,0.0,1.0,2.0044504347557637,-1.882076492105196,10.870008244616034,10.870008244616034,10.657677563225265,10.657677563225267,0.0
marex_native,6,clean,1.0,11.118911470627674,1.0,2.0044504347557637,0.11281724323184378,0.0,1.0,2.0044504347557637,-1.882076492105196,10.870008244616034,10.643871672372013,10.657677563225265,10.657677563225262,0.0
marex_native,6,clean,1.0,11.118911470627674,2.0,4.008900869511527,0.11281724323184378,0.0,1.0,2.0044504347557637,-1.882076492105196,10.870008244616034,10.417735100128002,10.657677563225265,10.657677563225267,0.0
marex_native,6,clean,3.0,33.356734411883025,0.0,0.0,0.11281724323184378,0.0,1.0,2.0044504347557637,-1.882076492105196,33.10783118587138,33.10783118587138,32.89550050448061,32.895500504480616,0.0
marex_native,6,clean,3.0,33.356734411883025,1.0,2.0044504347557637,0.11281724323184378,0.0,1.0,2.0044504347557637,-1.882076492105196,33.10783118587138,32.88169461362737,32.89550050448061,32.895500504480616,0.0
marex_native,6,clean,3.0,33.356734411883025,2.0,4.008900869511527,0.11281724323184378,0.0,1.0,2.0044504347557637,-1.882076492105196,33.10783118587138,32.65555804138335,32.89550050448061,32.895500504480616,0.0
marex_native,6,inclusive,0.0,0.0,0.0,0.0,0.11281724323184378,0.05325058722694245,0.9939924155485795,1.976602112291388,-1.8320517044201068,-0.24890322601164455,-0.24890322601164455,-0.45559024876251897,-0.45834378777536616,0.0
marex_native,6,inclusive,0.0,0.0,1.0,1.976602112291388,0.11281724323184378,0.05325058722694245,0.9939924155485795,1.976602112291388,-1.8320517044201068,-0.24890322601164455,-0.4718980272865977,-0.45559024876251897,-0.4583437877753657,0.0
marex_native,6,inclusive,0.0,0.0,2.0,3.953204224582776,0.11281724323184378,0.05325058722694245,0.9939924155485795,1.976602112291388,-1.8320517044201068,-0.24890322601164455,-0.6948928285615551,-0.45559024876251897,-0.4583437877753696,0.0
marex_native,6,inclusive,1.0,11.118911470627674,0.0,0.0,0.11281724323184378,0.05325058722694245,0.9939924155485795,1.976602112291388,-2.42414026955542,10.870008244616034,10.870008244616034,10.596523422197489,10.660567682852312,0.06679779966766364
marex_native,6,inclusive,1.0,11.118911470627674,1.0,1.976602112291388,0.11281724323184378,0.05325058722694245,0.9939924155485795,1.976602112291388,-2.42414026955542,10.870008244616034,10.647013443341082,10.596523422197489,10.660567682852314,0.06679779966766364
marex_native,6,inclusive,1.0,11.118911470627674,2.0,3.953204224582776,0.11281724323184378,0.05325058722694245,0.9939924155485795,1.976602112291388,-2.42414026955542,10.870008244616034,10.424018642066125,10.596523422197489,10.66056768285231,0.06679779966766364
marex_native,6,inclusive,3.0,33.356734411883025,0.0,0.0,0.11281724323184378,0.05325058722694245,0.9939924155485795,1.976602112291388,-3.6083173998260376,33.10783118587138,33.10783118587138,32.700750764117515,32.89839062410766,0.2003933990029909
marex_native,6,inclusive,3.0,33.356734411883025,1.0,1.976602112291388,0.11281724323184378,0.05325058722694245,0.9939924155485795,1.976602112291388,-3.6083173998260376,33.10783118587138,32.884836384596426,32.700750764117515,32.898390624107655,0.2003933990029909
marex_native,6,inclusive,3.0,33.356734411883025,2.0,3.953204224582776,0.11281724323184378,0.05325058722694245,0.9939924155485795,1.976602112291388,-3.6083173998260376,33.10783118587138,32.661841583321475,32.700750764117515,32.89839062410766,0.2003933990029909
marex_native,7,clean,0.0,0.0,0.0,0.0,0.11324325924794901,0.0,1.0,7.72867155834392,6.19703637032822,0.1759928369140283,0.1759928369140283,0.8777654331680751,0.8777654331680759,0.0
marex_native,7,clean,0.0,0.0,1.0,7.72867155834392,0.11324325924794901,0.0,1.0,7.72867155834392,6.19703637032822,0.1759928369140283,-0.6992271200097591,0.8777654331680751,0.877765433168079,0.0
marex_native,7,clean,0.0,0.0,2.0,15.45734311668784,0.11324325924794901,0.0,1.0,7.72867155834392,6.19703637032822,0.1759928369140283,-1.5744470769335492,0.8777654331680751,0.8777654331680793,0.0
marex_native,7,clean,1.0,8.89185397518833,0.0,0.0,0.11324325924794901,0.0,1.0,7.72867155834392,6.19703637032822,9.067846812102358,9.067846812102358,9.769619408356405,9.769619408356405,0.0
marex_native,7,clean,1.0,8.89185397518833,1.0,7.72867155834392,0.11324325924794901,0.0,1.0,7.72867155834392,6.19703637032822,9.067846812102358,8.19262685517857,9.769619408356405,9.769619408356409,0.0
marex_native,7,clean,1.0,8.89185397518833,2.0,15.45734311668784,0.11324325924794901,0.0,1.0,7.72867155834392,6.19703637032822,9.067846812102358,7.317406898254781,9.769619408356405,9.769619408356409,0.0
marex_native,7,clean,3.0,26.67556192556499,0.0,0.0,0.11324325924794901,0.0,1.0,7.72867155834392,6.19703637032822,26.851554762479008,26.851554762479008,27.553327358733053,27.553327358733057,0.0
marex_native,7,clean,3.0,26.67556192556499,1.0,7.72867155834392,0.11324325924794901,0.0,1.0,7.72867155834392,6.19703637032822,26.851554762479008,25.976334805555222,27.553327358733053,27.55332735873306,0.0
marex_native,7,clean,3.0,26.67556192556499,2.0,15.45734311668784,0.11324325924794901,0.0,1.0,7.72867155834392,6.19703637032822,26.851554762479008,25.101114848631433,27.553327358733053,27.55332735873306,0.0
marex_native,7,inclusive,0.0,0.0,0.0,0.0,0.11324325924794901,0.0,1.0,7.72488798406017,6.192767344345458,0.1759928369140283,0.1759928369140283,0.8772819947519779,0.8772819947519737,0.0
marex_native,7,inclusive,0.0,0.0,1.0,7.72488798406017,0.11324325924794901,0.0,1.0,7.72488798406017,6.192767344345458,0.1759928369140283,-0.6987986557262615,0.8772819947519779,0.8772819947519764,0.0
marex_native,7,inclusive,0.0,0.0,2.0,15.44977596812034,0.11324325924794901,0.0,1.0,7.72488798406017,6.192767344345458,0.1759928369140283,-1.5735901483665544,0.8772819947519779,0.8772819947519745,0.0
marex_native,7,inclusive,1.0,8.89185397518833,0.0,0.0,0.11324325924794901,0.0,1.0,7.72488798406017,6.192767344345458,9.067846812102358,9.067846812102358,9.769135969940308,9.769135969940303,0.0
marex_native,7,inclusive,1.0,8.89185397518833,1.0,7.72488798406017,0.11324325924794901,0.0,1.0,7.72488798406017,6.192767344345458,9.067846812102358,8.193055319462069,9.769135969940308,9.769135969940306,0.0
marex_native,7,inclusive,1.0,8.89185397518833,2.0,15.44977596812034,0.11324325924794901,0.0,1.0,7.72488798406017,6.192767344345458,9.067846812102358,7.3182638268217755,9.769135969940308,9.769135969940304,0.0
marex_native,7,inclusive,3.0,26.67556192556499,0.0,0.0,0.11324325924794901,0.0,1.0,7.72488798406017,6.192767344345458,26.851554762479008,26.851554762479008,27.552843920316956,27.552843920316953,0.0
marex_native,7,inclusive,3.0,26.67556192556499,1.0,7.72488798406017,0.11324325924794901,0.0,1.0,7.72488798406017,6.192767344345458,26.851554762479008,25.97676326983872,27.552843920316956,27.55284392031696,0.0
marex_native,7,inclusive,3.0,26.67556192556499,2.0,15.44977596812034,0.11324325924794901,0.0,1.0,7.72488798406017,6.192767344345458,26.851554762479008,25.10197177719843,27.552843920316956,27.552843920316956,0.0
marex_native,8,clean,0.0,0.0,0.0,0.0,0.11777714109431009,0.0,1.0,1.0830475507759474,-1.088850605773959,-1.1659543026894155,-1.1659543026894155,-1.294196014116281,-1.29419601411628,0.0
marex_native,8,clean,0.0,0.0,1.0,1.0830475507759474,0.11777714109431009,0.0,1.0,1.0830475507759474,-1.088850605773959,-1.1659543026894155,-1.2935125468889979,-1.294196014116281,-1.2941960141162772,0.0
marex_native,8,clean,0.0,0.0,2.0,2.1660951015518948,0.11777714109431009,0.0,1.0,1.0830475507759474,-1.088850605773959,-1.1659543026894155,-1.4210707910885858,-1.294196014116281,-1.2941960141162796,0.0
marex_native,8,clean,1.0,8.7314835630021,0.0,0.0,0.11777714109431009,0.0,1.0,1.0830475507759474,-1.088850605773959,7.565529260312684,7.565529260312684,7.437287548885818,7.437287548885819,0.0
marex_native,8,clean,1.0,8.7314835630021,1.0,1.0830475507759474,0.11777714109431009,0.0,1.0,1.0830475507759474,-1.088850605773959,7.565529260312684,7.437971016113101,7.437287548885818,7.437287548885822,0.0
marex_native,8,clean,1.0,8.7314835630021,2.0,2.1660951015518948,0.11777714109431009,0.0,1.0,1.0830475507759474,-1.088850605773959,7.565529260312684,7.310412771913514,7.437287548885818,7.43728754888582,0.0
marex_native,8,clean,3.0,26.194450689006302,0.0,0.0,0.11777714109431009,0.0,1.0,1.0830475507759474,-1.088850605773959,25.02849638631688,25.02849638631688,24.900254674890018,24.900254674890018,0.0
marex_native,8,clean,3.0,26.194450689006302,1.0,1.0830475507759474,0.11777714109431009,0.0,1.0,1.0830475507759474,-1.088850605773959,25.02849638631688,24.9009381421173,24.900254674890018,24.90025467489002,0.0
marex_native,8,clean,3.0,26.194450689006302,2.0,2.1660951015518948,0.11777714109431009,0.0,1.0,1.0830475507759474,-1.088850605773959,25.02849638631688,24.773379897917714,24.900254674890018,24.90025467489002,0.0
marex_native,8,inclusive,0.0,0.0,0.0,0.0,0.11777714109431009,0.0,1.0,1.0848366019508093,-1.0833117227673,-1.1659543026894155,-1.1659543026894155,-1.2935436603108996,-1.2935436603108998,0.0
marex_native,8,inclusive,0.0,0.0,1.0,1.0848366019508093,0.11777714109431009,0.0,1.0,1.0848366019508093,-1.0833117227673,-1.1659543026894155,-1.2937232562216452,-1.2935436603108996,-1.293543660310897,0.0
marex_native,8,inclusive,0.0,0.0,2.0,2.1696732039016187,0.11777714109431009,0.0,1.0,1.0848366019508093,-1.0833117227673,-1.1659543026894155,-1.4214922097538831,-1.2935436603108996,-1.293543660310902,0.0
marex_native,8,inclusive,1.0,8.7314835630021,0.0,0.0,0.11777714109431009,0.0,1.0,1.0848366019508093,-1.0833117227673,7.565529260312684,7.565529260312684,7.4379399026912,7.437939902691199,0.0
marex_native,8,inclusive,1.0,8.7314835630021,1.0,1.0848366019508093,0.11777714109431009,0.0,1.0,1.0848366019508093,-1.0833117227673,7.565529260312684,7.437760306780454,7.4379399026912,7.437939902691203,0.0
marex_native,8,inclusive,1.0,8.7314835630021,2.0,2.1696732039016187,0.11777714109431009,0.0,1.0,1.0848366019508093,-1.0833117227673,7.565529260312684,7.309991353248217,7.4379399026912,7.437939902691197,0.0
marex_native,8,inclusive,3.0,26.194450689006302,0.0,0.0,0.11777714109431009,0.0,1.0,1.0848366019508093,-1.0833117227673,25.02849638631688,25.02849638631688,24.9009070286954,24.900907028695396,0.0
marex_native,8,inclusive,3.0,26.194450689006302,1.0,1.0848366019508093,0.11777714109431009,0.0,1.0,1.0848366019508093,-1.0833117227673,25.02849638631688,24.900727432784656,24.9009070286954,24.900907028695404,0.0
marex_native,8,inclusive,3.0,26.194450689006302,2.0,2.1696732039016187,0.11777714109431009,0.0,1.0,1.0848366019508093,-1.0833117227673,25.02849638631688,24.772958479252416,24.9009070286954,24.900907028695396,0.0
marex_native,9,clean,0.0,0.0,0.0,0.0,0.11784358120431435,0.0,1.0,0.46116545939629494,1.700248188256235,1.5297490409522951,1.5297490409522951,1.7301123763925559,1.7301123763925572,0.0
marex_native,9,clean,0.0,0.0,1.0,0.46116545939629494,0.11784358120431435,0.0,1.0,0.46116545939629494,1.700248188256235,1.5297490409522951,1.4754036516893052,1.7301123763925559,1.7301123763925597,0.0
marex_native,9,clean,0.0,0.0,2.0,0.9223309187925899,0.11784358120431435,0.0,1.0,0.46116545939629494,1.700248188256235,1.5297490409522951,1.4210582624263097,1.7301123763925559,1.7301123763925568,0.0
marex_native,9,clean,1.0,9.081366813446143,0.0,0.0,0.11784358120431435,0.0,1.0,0.46116545939629494,1.700248188256235,10.611115854398431,10.611115854398431,10.811479189838693,10.811479189838693,0.0
marex_native,9,clean,1.0,9.081366813446143,1.0,0.46116545939629494,0.11784358120431435,0.0,1.0,0.46116545939629494,1.700248188256235,10.611115854398431,10.556770465135441,10.811479189838693,10.811479189838696,0.0
marex_native,9,clean,1.0,9.081366813446143,2.0,0.9223309187925899,0.11784358120431435,0.0,1.0,0.46116545939629494,1.700248188256235,10.611115854398431,10.502425075872447,10.811479189838693,10.811479189838694,0.0
marex_native,9,clean,3.0,27.24410044033843,0.0,0.0,0.11784358120431435,0.0,1.0,0.46116545939629494,1.700248188256235,28.77384948129072,28.77384948129072,28.974212816730983,28.974212816730983,0.0
marex_native,9,clean,3.0,27.24410044033843,1.0,0.46116545939629494,0.11784358120431435,0.0,1.0,0.46116545939629494,1.700248188256235,28.77384948129072,28.719504092027734,28.974212816730983,28.974212816730986,0.0
marex_native,9,clean,3.0,27.24410044033843,2.0,0.9223309187925899,0.11784358120431435,0.0,1.0,0.46116545939629494,1.700248188256235,28.77384948129072,28.665158702764735,28.974212816730983,28.974212816730983,0.0
marex_native,9,inclusive,0.0,0.0,0.0,0.0,0.11784358120431435,0.23570765543781452,0.9722233657659354,0.46993643502989696,1.3564536617685192,1.5297490409522951,1.5297490409522951,1.6895983981928056,1.7378705940292916,0.0
marex_native,9,inclusive,0.0,0.0,1.0,0.46993643502989696,0.11784358120431435,0.23570765543781452,0.9722233657659354,0.46993643502989696,1.3564536617685192,1.5297490409522951,1.4743700485099835,1.6895983981928056,1.7378705940292911,0.0
marex_native,9,inclusive,0.0,0.0,2.0,0.9398728700597939,0.11784358120431435,0.23570765543781452,0.9722233657659354,0.46993643502989696,1.3564536617685192,1.5297490409522951,1.4189910560676737,1.6895983981928056,1.7378705940292927,0.0
marex_native,9,inclusive,1.0,9.081366813446143,0.0,0.0,0.11784358120431435,0.23570765543781452,0.9722233657659354,0.46993643502989696,-0.7840940179996452,10.611115854398431,10.611115854398431,10.518715407316474,10.819237407475427,0.2522498043224667
marex_native,9,inclusive,1.0,9.081366813446143,1.0,0.46993643502989696,0.11784358120431435,0.23570765543781452,0.9722233657659354,0.46993643502989696,-0.7840940179996452,10.611115854398431,10.55573686195612,10.518715407316474,10.819237407475429,0.2522498043224667
marex_native,9,inclusive,1.0,9.081366813446143,2.0,0.9398728700597939,0.11784358120431435,0.23570765543781452,0.9722233657659354,0.46993643502989696,-0.7840940179996452,10.611115854398431,10.50035786951381,10.518715407316474,10.819237407475429,0.2522498043224667
marex_native,9,inclusive,3.0,27.24410044033843,0.0,0.0,0.11784358120431435,0.23570765543781452,0.9722233657659354,0.46993643502989696,-5.0651893775359795,28.77384948129072,28.77384948129072,28.176949425563826,28.981971034367717,0.7567494129674
marex_native,9,inclusive,3.0,27.24410044033843,1.0,0.46993643502989696,0.11784358120431435,0.23570765543781452,0.9722233657659354,0.46993643502989696,-5.0651893775359795,28.77384948129072,28.718470488848414,28.176949425563826,28.98197103436772,0.7567494129674
marex_native,9,inclusive,3.0,27.24410044033843,2.0,0.9398728700597939,0.11784358120431435,0.23570765543781452,0.9722233657659354,0.46993643502989696,-5.0651893775359795,28.77384948129072,28.6630914964061,28.176949425563826,28.98197103436772,0.7567494129674
marex_native,10,clean,0.0,0.0,0.0,0.0,0.10886778758229683,0.0,1.0,1.29916939797758,0.45300852759726384,0.4811764298097231,0.4811764298097231,0.5304944659651554,0.530494465965151,0.0
marex_native,10,clean,0.0,0.0,1.0,1.29916939797758,0.10886778758229683,0.0,1.0,1.29916939797758,0.45300852759726384,0.4811764298097231,0.33973873175728075,0.5304944659651554,0.5304944659651523,0.0
marex_native,10,clean,0.0,0.0,2.0,2.59833879595516,0.10886778758229683,0.0,1.0,1.29916939797758,0.45300852759726384,0.4811764298097231,0.19830103370483557,0.5304944659651554,0.5304944659651506,0.0
marex_native,10,clean,1.0,7.285264738030313,0.0,0.0,0.10886778758229683,0.0,1.0,1.29916939797758,0.45300852759726384,7.766441167840036,7.766441167840036,7.8157592039954675,7.815759203995464,0.0
marex_native,10,clean,1.0,7.285264738030313,1.0,1.29916939797758,0.10886778758229683,0.0,1.0,1.29916939797758,0.45300852759726384,7.766441167840036,7.625003469787593,7.8157592039954675,7.815759203995465,0.0
marex_native,10,clean,1.0,7.285264738030313,2.0,2.59833879595516,0.10886778758229683,0.0,1.0,1.29916939797758,0.45300852759726384,7.766441167840036,7.483565771735148,7.8157592039954675,7.815759203995463,0.0
marex_native,10,clean,3.0,21.85579421409094,0.0,0.0,0.10886778758229683,0.0,1.0,1.29916939797758,0.45300852759726384,22.336970643900663,22.336970643900663,22.386288680056094,22.38628868005609,0.0
marex_native,10,clean,3.0,21.85579421409094,1.0,1.29916939797758,0.10886778758229683,0.0,1.0,1.29916939797758,0.45300852759726384,22.336970643900663,22.19553294584822,22.386288680056094,22.386288680056094,0.0
marex_native,10,clean,3.0,21.85579421409094,2.0,2.59833879595516,0.10886778758229683,0.0,1.0,1.29916939797758,0.45300852759726384,22.336970643900663,22.05409524779577,22.386288680056094,22.386288680056087,0.0
marex_native,10,inclusive,0.0,0.0,0.0,0.0,0.10886778758229683,0.23456638127223362,0.9744632770297064,1.3015288680312533,0.007767780335210262,0.4811764298097231,0.4811764298097231,0.4820220908692434,0.4946539312784676,0.0
marex_native,10,inclusive,0.0,0.0,1.0,1.3015288680312533,0.10886778758229683,0.23456638127223362,0.9744632770297064,1.3015288680312533,0.007767780335210262,0.4811764298097231,0.3394818614726674,0.4820220908692434,0.4946539312784658,0.0
marex_native,10,inclusive,0.0,0.0,2.0,2.6030577360625067,0.10886778758229683,0.23456638127223362,0.9744632770297064,1.3015288680312533,0.007767780335210262,0.4811764298097231,0.19778729313561313,0.4820220908692434,0.4946539312784654,0.0
marex_native,10,inclusive,1.0,7.285264738030313,0.0,0.0,0.10886778758229683,0.23456638127223362,0.9744632770297064,1.3015288680312533,-1.7011104058747661,7.766441167840036,7.766441167840036,7.581245041519227,7.77991866930878,0.18604178738032853
marex_native,10,inclusive,1.0,7.285264738030313,1.0,1.3015288680312533,0.10886778758229683,0.23456638127223362,0.9744632770297064,1.3015288680312533,-1.7011104058747661,7.766441167840036,7.62474659950298,7.581245041519227,7.7799186693087785,0.18604178738032853
marex_native,10,inclusive,1.0,7.285264738030313,2.0,2.6030577360625067,0.10886778758229683,0.23456638127223362,0.9744632770297064,1.3015288680312533,-1.7011104058747661,7.766441167840036,7.483052031165926,7.581245041519227,7.779918669308778,0.18604178738032853
marex_native,10,inclusive,3.0,21.85579421409094,0.0,0.0,0.10886778758229683,0.23456638127223362,0.9744632770297064,1.3015288680312533,-5.118866778294725,22.336970643900663,22.336970643900663,21.77969094281919,22.35044814536941,0.5581253621409856
marex_native,10,inclusive,3.0,21.85579421409094,1.0,1.3015288680312533,0.10886778758229683,0.23456638127223362,0.9744632770297064,1.3015288680312533,-5.118866778294725,22.336970643900663,22.195276075563605,21.77969094281919,22.350448145369402,0.5581253621409856
marex_native,10,inclusive,3.0,21.85579421409094,2.0,2.6030577360625067,0.10886778758229683,0.23456638127223362,0.9744632770297064,1.3015288680312533,-5.118866778294725,22.336970643900663,22.05358150722655,21.77969094281919,22.350448145369402,0.5581253621409856
marex_native,11,clean,0.0,0.0,0.0,0.0,0.10760017946117502,0.0,1.0,2.061007700639537,-0.9650687790725044,-0.244194276673484,-0.244194276673484,-0.3480358504940654,-0.34803585049406255,0.0
marex_native,11,clean,0.0,0.0,1.0,2.061007700639537,0.10760017946117502,0.0,1.0,2.061007700639537,-0.9650687790725044,-0.244194276673484,-0.4659590751331635,-0.3480358504940654,-0.34803585049406427,0.0
marex_native,11,clean,0.0,0.0,2.0,4.122015401279074,0.10760017946117502,0.0,1.0,2.061007700639537,-0.9650687790725044,-0.244194276673484,-0.6877238735928402,-0.3480358504940654,-0.3480358504940632,0.0
marex_native,11,clean,1.0,10.48754045111936,0.0,0.0,0.10760017946117502,0.0,1.0,2.061007700639537,-0.9650687790725044,10.243346174445875,10.243346174445875,10.139504600625294,10.139504600625298,0.0
marex_native,11,clean,1.0,10.48754045111936,1.0,2.061007700639537,0.10760017946117502,0.0,1.0,2.061007700639537,-0.9650687790725044,10.243346174445875,10.021581375986196,10.139504600625294,10.139504600625296,0.0
marex_native,11,clean,1.0,10.48754045111936,2.0,4.122015401279074,0.10760017946117502,0.0,1.0,2.061007700639537,-0.9650687790725044,10.243346174445875,9.799816577526519,10.139504600625294,10.139504600625296,0.0
marex_native,11,clean,3.0,31.46262135335808,0.0,0.0,0.10760017946117502,0.0,1.0,2.061007700639537,-0.9650687790725044,31.2184270766846,31.2184270766846,31.11458550286402,31.11458550286402,0.0
marex_native,11,clean,3.0,31.46262135335808,1.0,2.061007700639537,0.10760017946117502,0.0,1.0,2.061007700639537,-0.9650687790725044,31.2184270766846,30.996662278224914,31.11458550286402,31.114585502864013,0.0
marex_native,11,clean,3.0,31.46262135335808,2.0,4.122015401279074,0.10760017946117502,0.0,1.0,2.061007700639537,-0.9650687790725044,31.2184270766846,30.77489747976524,31.11458550286402,31.114585502864017,0.0
marex_native,11,inclusive,0.0,0.0,0.0,0.0,0.10760017946117502,0.23655464420292646,0.9745466778313907,2.297729548879905,-0.8004830649995014,-0.244194276673484,-0.244194276673484,-0.3303263981230614,-0.3389539009646212,0.0
marex_native,11,inclusive,0.0,0.0,1.0,2.297729548879905,0.10760017946117502,0.23655464420292646,0.9745466778313907,2.297729548879905,-0.8004830649995014,-0.244194276673484,-0.49143038848620507,-0.3303263981230614,-0.33895390096461947,0.0
marex_native,11,inclusive,0.0,0.0,2.0,4.59545909775981,0.10760017946117502,0.23655464420292646,0.9745466778313907,2.297729548879905,-0.8004830649995014,-0.244194276673484,-0.738666500298929,-0.3303263981230614,-0.3389539009646215,0.0
marex_native,11,inclusive,1.0,10.48754045111936,0.0,0.0,0.10760017946117502,0.23655464420292646,0.9745466778313907,2.297729548879905,-3.281359464977841,10.243346174445875,10.243346174445875,9.890271307137631,10.148586550154738,0.2669427458586631
marex_native,11,inclusive,1.0,10.48754045111936,1.0,2.297729548879905,0.10760017946117502,0.23655464420292646,0.9745466778313907,2.297729548879905,-3.281359464977841,10.243346174445875,9.996110062633154,9.890271307137631,10.14858655015474,0.2669427458586631
marex_native,11,inclusive,1.0,10.48754045111936,2.0,4.59545909775981,0.10760017946117502,0.23655464420292646,0.9745466778313907,2.297729548879905,-3.281359464977841,10.243346174445875,9.74887395082043,9.890271307137631,10.148586550154738,0.2669427458586631
marex_native,11,inclusive,3.0,31.46262135335808,0.0,0.0,0.10760017946117502,0.23655464420292646,0.9745466778313907,2.297729548879905,-8.243112264934517,31.2184270766846,31.2184270766846,30.331466717659033,31.123667452393462,0.8008282375759894
marex_native,11,inclusive,3.0,31.46262135335808,1.0,2.297729548879905,0.10760017946117502,0.23655464420292646,0.9745466778313907,2.297729548879905,-8.243112264934517,31.2184270766846,30.971190964871873,30.331466717659033,31.12366745239346,0.8008282375759894
marex_native,11,inclusive,3.0,31.46262135335808,2.0,4.59545909775981,0.10760017946117502,0.23655464420292646,0.9745466778313907,2.297729548879905,-8.243112264934517,31.2184270766846,30.723954853059148,30.331466717659033,31.123667452393455,0.8008282375759894
marex_native,12,clean,0.0,0.0,0.0,0.0,0.10114933336301647,0.0,1.0,8.905490925692899,6.248380806588476,1.3687839295134736,1.3687839295134736,2.0008034826981658,2.0008034826981653,0.0
marex_native,12,clean,0.0,0.0,1.0,8.905490925692899,0.10114933336301647,0.0,1.0,8.905490925692899,6.248380806588476,1.3687839295134736,0.46799945910924945,2.0008034826981658,2.0008034826981707,0.0
marex_native,12,clean,0.0,0.0,2.0,17.810981851385797,0.10114933336301647,0.0,1.0,8.905490925692899,6.248380806588476,1.3687839295134736,-0.43278501129498326,2.0008034826981658,2.0008034826981667,0.0
marex_native,12,clean,1.0,8.909110151985095,0.0,0.0,0.10114933336301647,0.0,1.0,8.905490925692899,6.248380806588476,10.277894081498566,10.277894081498566,10.909913634683258,10.909913634683258,0.0
marex_native,12,clean,1.0,8.909110151985095,1.0,8.905490925692899,0.10114933336301647,0.0,1.0,8.905490925692899,6.248380806588476,10.277894081498566,9.377109611094342,10.909913634683258,10.909913634683264,0.0
marex_native,12,clean,1.0,8.909110151985095,2.0,17.810981851385797,0.10114933336301647,0.0,1.0,8.905490925692899,6.248380806588476,10.277894081498566,8.47632514069011,10.909913634683258,10.90991363468326,0.0
marex_native,12,clean,3.0,26.727330455955283,0.0,0.0,0.10114933336301647,0.0,1.0,8.905490925692899,6.248380806588476,28.09611438546876,28.09611438546876,28.72813393865345,28.72813393865345,0.0
marex_native,12,clean,3.0,26.727330455955283,1.0,8.905490925692899,0.10114933336301647,0.0,1.0,8.905490925692899,6.248380806588476,28.09611438546876,27.195329915064537,28.72813393865345,28.728133938653457,0.0
marex_native,12,clean,3.0,26.727330455955283,2.0,17.810981851385797,0.10114933336301647,0.0,1.0,8.905490925692899,6.248380806588476,28.09611438546876,26.294545444660304,28.72813393865345,28.728133938653453,0.0
marex_native,12,inclusive,0.0,0.0,0.0,0.0,0.10114933336301647,1.0,0.8988506666369835,6.823381626901432,4.224539159565124,1.3687839295134736,1.3687839295134736,1.7960932492694455,1.998210955318596,0.0
marex_native,12,inclusive,0.0,0.0,1.0,6.823381626901432,0.10114933336301647,1.0,0.8988506666369835,6.823381626901432,4.224539159565124,1.3687839295134736,0.6786034266709422,1.7960932492694455,1.9982109553186003,0.0
marex_native,12,inclusive,0.0,0.0,2.0,13.646763253802863,0.10114933336301647,1.0,0.8988506666369835,6.823381626901432,4.224539159565124,1.3687839295134736,-0.011577076171592182,1.7960932492694455,1.9982109553185998,0.0
marex_native,12,inclusive,1.0,8.909110151985095,0.0,0.0,0.10114933336301647,1.0,0.8988506666369835,6.823381626901432,-4.6845709924199666,10.277894081498566,10.277894081498566,9.804052848523561,10.907321107303689,0.9011505527309747
marex_native,12,inclusive,1.0,8.909110151985095,1.0,6.823381626901432,0.10114933336301647,1.0,0.8988506666369835,6.823381626901432,-4.6845709924199666,10.277894081498566,9.587713578656034,9.804052848523561,10.907321107303693,0.9011505527309747
marex_native,12,inclusive,1.0,8.909110151985095,2.0,13.646763253802863,0.10114933336301647,1.0,0.8988506666369835,6.823381626901432,-4.6845709924199666,10.277894081498566,8.8975330758135,9.804052848523561,10.907321107303693,0.9011505527309747
marex_native,12,inclusive,3.0,26.727330455955283,0.0,0.0,0.10114933336301647,1.0,0.8988506666369835,6.823381626901432,-22.50279129639016,28.09611438546876,28.09611438546876,25.819972047031808,28.72554141127388,2.703451658192924
marex_native,12,inclusive,3.0,26.727330455955283,1.0,6.823381626901432,0.10114933336301647,1.0,0.8988506666369835,6.823381626901432,-22.50279129639016,28.09611438546876,27.405933882626226,25.819972047031808,28.725541411273884,2.703451658192924
marex_native,12,inclusive,3.0,26.727330455955283,2.0,13.646763253802863,0.10114933336301647,1.0,0.8988506666369835,6.823381626901432,-22.50279129639016,28.09611438546876,26.715753379783695,25.819972047031808,28.725541411273888,2.703451658192924
marex_native,13,clean,0.0,0.0,0.0,0.0,0.09879250520762527,0.0,1.0,1.1455508279686397,-3.1385278025766694,-0.1720903248117594,-0.1720903248117594,-0.4821533490920899,-0.4821533490920917,0.0
marex_native,13,clean,0.0,0.0,1.0,1.1455508279686397,0.09879250520762527,0.0,1.0,1.1455508279686397,-3.1385278025766694,-0.1720903248117594,-0.2852621609494491,-0.4821533490920899,-0.4821533490920901,0.0
marex_native,13,clean,0.0,0.0,2.0,2.2911016559372794,0.09879250520762527,0.0,1.0,1.1455508279686397,-3.1385278025766694,-0.1720903248117594,-0.39843399708714033,-0.4821533490920899,-0.4821533490920898,0.0
marex_native,13,clean,1.0,7.789739607984699,0.0,0.0,0.09879250520762527,0.0,1.0,1.1455508279686397,-3.1385278025766694,7.617649283172938,7.617649283172938,7.3075862588926075,7.307586258892606,0.0
marex_native,13,clean,1.0,7.789739607984699,1.0,1.1455508279686397,0.09879250520762527,0.0,1.0,1.1455508279686397,-3.1385278025766694,7.617649283172938,7.5044774470352476,7.3075862588926075,7.307586258892607,0.0
marex_native,13,clean,1.0,7.789739607984699,2.0,2.2911016559372794,0.09879250520762527,0.0,1.0,1.1455508279686397,-3.1385278025766694,7.617649283172938,7.3913056108975566,7.3075862588926075,7.3075862588926075,0.0
marex_native,13,clean,3.0,23.369218823954096,0.0,0.0,0.09879250520762527,0.0,1.0,1.1455508279686397,-3.1385278025766694,23.197128499142345,23.197128499142345,22.887065474862013,22.887065474862013,0.0
marex_native,13,clean,3.0,23.369218823954096,1.0,1.1455508279686397,0.09879250520762527,0.0,1.0,1.1455508279686397,-3.1385278025766694,23.197128499142345,23.083956663004653,22.887065474862013,22.887065474862013,0.0
marex_native,13,clean,3.0,23.369218823954096,2.0,2.2911016559372794,0.09879250520762527,0.0,1.0,1.1455508279686397,-3.1385278025766694,23.197128499142345,22.970784826866964,22.887065474862013,22.887065474862016,0.0
marex_native,13,inclusive,0.0,0.0,0.0,0.0,0.09879250520762527,0.3559653699954833,0.964833289330987,0.9632030537608441,-3.2911927822101332,-0.1720903248117594,-0.1720903248117594,-0.4972355048875528,-0.5153589852111493,0.0
marex_native,13,inclusive,0.0,0.0,1.0,0.9632030537608441,0.09879250520762527,0.3559653699954833,0.964833289330987,0.9632030537608441,-3.2911927822101332,-0.1720903248117594,-0.2672475675164264,-0.4972355048875528,-0.5153589852111475,0.0
marex_native,13,inclusive,0.0,0.0,2.0,1.9264061075216883,0.09879250520762527,0.3559653699954833,0.964833289330987,0.9632030537608441,-3.2911927822101332,-0.1720903248117594,-0.36240481022109494,-0.4972355048875528,-0.5153589852111475,0.0
marex_native,13,inclusive,1.0,7.789739607984699,0.0,0.0,0.09879250520762527,0.3559653699954833,0.964833289330987,0.9632030537608441,-6.064070323934878,7.617649283172938,7.617649283172938,7.018564584116194,7.274380622773547,0.2739395189809489
marex_native,13,inclusive,1.0,7.789739607984699,1.0,0.9632030537608441,0.09879250520762527,0.3559653699954833,0.964833289330987,0.9632030537608441,-6.064070323934878,7.617649283172938,7.52249204046827,7.018564584116194,7.274380622773549,0.2739395189809489
marex_native,13,inclusive,1.0,7.789739607984699,2.0,1.9264061075216883,0.09879250520762527,0.3559653699954833,0.964833289330987,0.9632030537608441,-6.064070323934878,7.617649283172938,7.427334797763602,7.018564584116194,7.274380622773549,0.2739395189809489
marex_native,13,inclusive,3.0,23.369218823954096,0.0,0.0,0.09879250520762527,0.3559653699954833,0.964833289330987,0.9632030537608441,-11.609825407384367,23.197128499142345,23.197128499142345,22.050164762123707,22.853859838742956,0.8218185569428468
marex_native,13,inclusive,3.0,23.369218823954096,1.0,0.9632030537608441,0.09879250520762527,0.3559653699954833,0.964833289330987,0.9632030537608441,-11.609825407384367,23.197128499142345,23.101971256437675,22.050164762123707,22.853859838742956,0.8218185569428468
marex_native,13,inclusive,3.0,23.369218823954096,2.0,1.9264061075216883,0.09879250520762527,0.3559653699954833,0.964833289330987,0.9632030537608441,-11.609825407384367,23.197128499142345,23.00681401373301,22.050164762123707,22.853859838742956,0.8218185569428468
marex_native,14,clean,0.0,0.0,0.0,0.0,0.10898436131085275,0.0,1.0,1.004006907501213,-2.056630494131403,-0.24016572417507973,-0.24016572417507973,-0.4643062850304133,-0.46430628503041416,0.0
marex_native,14,clean,0.0,0.0,1.0,1.004006907501213,0.10898436131085275,0.0,1.0,1.004006907501213,-2.056630494131403,-0.24016572417507973,-0.3495867757407837,-0.4643062850304133,-0.4643062850304144,0.0
marex_native,14,clean,0.0,0.0,2.0,2.008013815002426,0.10898436131085275,0.0,1.0,1.004006907501213,-2.056630494131403,-0.24016572417507973,-0.4590078273064904,-0.4643062850304133,-0.4643062850304164,0.0
marex_native,14,clean,1.0,9.440891319352405,0.0,0.0,0.10898436131085275,0.0,1.0,1.004006907501213,-2.056630494131403,9.200725595177326,9.200725595177326,8.976585034321992,8.976585034321992,0.0
marex_native,14,clean,1.0,9.440891319352405,1.0,1.004006907501213,0.10898436131085275,0.0,1.0,1.004006907501213,-2.056630494131403,9.200725595177326,9.091304543611622,8.976585034321992,8.976585034321992,0.0
marex_native,14,clean,1.0,9.440891319352405,2.0,2.008013815002426,0.10898436131085275,0.0,1.0,1.004006907501213,-2.056630494131403,9.200725595177326,8.981883492045915,8.976585034321992,8.976585034321989,0.0
marex_native,14,clean,3.0,28.322673958057216,0.0,0.0,0.10898436131085275,0.0,1.0,1.004006907501213,-2.056630494131403,28.08250823388214,28.08250823388214,27.858367673026805,27.858367673026805,0.0
marex_native,14,clean,3.0,28.322673958057216,1.0,1.004006907501213,0.10898436131085275,0.0,1.0,1.004006907501213,-2.056630494131403,28.08250823388214,27.97308718231643,27.858367673026805,27.858367673026798,0.0
marex_native,14,clean,3.0,28.322673958057216,2.0,2.008013815002426,0.10898436131085275,0.0,1.0,1.004006907501213,-2.056630494131403,28.08250823388214,27.863666130750726,27.858367673026805,27.8583676730268,0.0
marex_native,14,inclusive,0.0,0.0,0.0,0.0,0.10898436131085275,0.5613305599948726,0.9388237474346955,0.9168751717858236,-1.3605854766392482,-0.24016572417507973,-0.24016572417507973,-0.3884482633554299,-0.41376058543134664,0.0
marex_native,14,inclusive,0.0,0.0,1.0,0.9168751717858236,0.10898436131085275,0.5613305599948726,0.9388237474346955,0.9168751717858236,-1.3605854766392482,-0.24016572417507973,-0.3400907791739357,-0.3884482633554299,-0.41376058543134653,0.0
marex_native,14,inclusive,0.0,0.0,2.0,1.8337503435716471,0.10898436131085275,0.5613305599948726,0.9388237474346955,0.9168751717858236,-1.3605854766392482,-0.24016572417507973,-0.4400158341727945,-0.3884482633554299,-0.41376058543134847,0.0
marex_native,14,inclusive,1.0,9.440891319352405,0.0,0.0,0.10898436131085275,0.5613305599948726,0.9388237474346955,0.9168751717858236,-6.660046287782063,9.200725595177326,9.200725595177326,8.474884704202681,9.02713073392106,0.5775583517942935
marex_native,14,inclusive,1.0,9.440891319352405,1.0,0.9168751717858236,0.10898436131085275,0.5613305599948726,0.9388237474346955,0.9168751717858236,-6.660046287782063,9.200725595177326,9.10080054017847,8.474884704202681,9.02713073392106,0.5775583517942935
marex_native,14,inclusive,1.0,9.440891319352405,2.0,1.8337503435716471,0.10898436131085275,0.5613305599948726,0.9388237474346955,0.9168751717858236,-6.660046287782063,9.200725595177326,9.000875485179611,8.474884704202681,9.027130733921057,0.5775583517942935
marex_native,14,inclusive,3.0,28.322673958057216,0.0,0.0,0.10898436131085275,0.5613305599948726,0.9388237474346955,0.9168751717858236,-17.2589679100677,28.08250823388214,28.08250823388214,26.201550639318906,27.908913372625875,1.7326750553828807
marex_native,14,inclusive,3.0,28.322673958057216,1.0,0.9168751717858236,0.10898436131085275,0.5613305599948726,0.9388237474346955,0.9168751717858236,-17.2589679100677,28.08250823388214,27.98258317888328,26.201550639318906,27.90891337262587,1.7326750553828807
marex_native,14,inclusive,3.0,28.322673958057216,2.0,1.8337503435716471,0.10898436131085275,0.5613305599948726,0.9388237474346955,0.9168751717858236,-17.2589679100677,28.08250823388214,27.882658123884426,26.201550639318906,27.90891337262587,1.7326750553828807
marex_native,15,clean,0.0,0.0,0.0,0.0,0.09867026260523648,0.0,1.0,0.7404830054215623,-0.043561566644805795,-1.526681203285915,-1.526681203285915,-1.5309794345062557,-1.5309794345062535,0.0
marex_native,15,clean,0.0,0.0,1.0,0.7404830054215623,0.09867026260523648,0.0,1.0,0.7404830054215623,-0.043561566644805795,-1.526681203285915,-1.5997448558855836,-1.5309794345062557,-1.5309794345062615,0.0
marex_native,15,clean,0.0,0.0,2.0,1.4809660108431246,0.09867026260523648,0.0,1.0,0.7404830054215623,-0.043561566644805795,-1.526681203285915,-1.6728085084852438,-1.5309794345062557,-1.5309794345062622,0.0
marex_native,15,clean,1.0,10.242411658202176,0.0,0.0,0.09867026260523648,0.0,1.0,0.7404830054215623,-0.043561566644805795,8.715730454916258,8.715730454916258,8.711432223695917,8.711432223695919,0.0
marex_native,15,clean,1.0,10.242411658202176,1.0,0.7404830054215623,0.09867026260523648,0.0,1.0,0.7404830054215623,-0.043561566644805795,8.715730454916258,8.642666802316588,8.711432223695917,8.71143222369591,0.0
marex_native,15,clean,1.0,10.242411658202176,2.0,1.4809660108431246,0.09867026260523648,0.0,1.0,0.7404830054215623,-0.043561566644805795,8.715730454916258,8.56960314971693,8.711432223695917,8.711432223695912,0.0
marex_native,15,clean,3.0,30.727234974606528,0.0,0.0,0.09867026260523648,0.0,1.0,0.7404830054215623,-0.043561566644805795,29.20055377132062,29.20055377132062,29.196255540100275,29.19625554010028,0.0
marex_native,15,clean,3.0,30.727234974606528,1.0,0.7404830054215623,0.09867026260523648,0.0,1.0,0.7404830054215623,-0.043561566644805795,29.20055377132062,29.12749011872095,29.196255540100275,29.19625554010027,0.0
marex_native,15,clean,3.0,30.727234974606528,2.0,1.4809660108431246,0.09867026260523648,0.0,1.0,0.7404830054215623,-0.043561566644805795,29.20055377132062,29.05442646612129,29.196255540100275,29.19625554010027,0.0
marex_native,15,inclusive,0.0,0.0,0.0,0.0,0.09867026260523648,0.5931882993425821,0.9414699547295138,0.659388740751402,1.0977015014057883,-1.526681203285915,-1.526681203285915,-1.4183707078800496,-1.5065490945885196,0.0
marex_native,15,inclusive,0.0,0.0,1.0,0.659388740751402,0.09867026260523648,0.5931882993425821,0.9414699547295138,0.659388740751402,1.0977015014057883,-1.526681203285915,-1.5917432634947972,-1.4183707078800496,-1.5065490945885256,0.0
marex_native,15,inclusive,0.0,0.0,2.0,1.318777481502804,0.09867026260523648,0.5931882993425821,0.9414699547295138,0.659388740751402,1.0977015014057883,-1.526681203285915,-1.6568053237036793,-1.4183707078800496,-1.5065490945885303,0.0
marex_native,15,inclusive,1.0,10.242411658202176,0.0,0.0,0.09867026260523648,0.5931882993425821,0.9414699547295138,0.659388740751402,-4.977977251289801,8.715730454916258,8.715730454916258,8.22455213228859,8.735862563613653,0.599488818033529
marex_native,15,inclusive,1.0,10.242411658202176,1.0,0.659388740751402,0.09867026260523648,0.5931882993425821,0.9414699547295138,0.659388740751402,-4.977977251289801,8.715730454916258,8.650668394707376,8.22455213228859,8.735862563613647,0.599488818033529
marex_native,15,inclusive,1.0,10.242411658202176,2.0,1.318777481502804,0.09867026260523648,0.5931882993425821,0.9414699547295138,0.659388740751402,-4.977977251289801,8.715730454916258,8.585606334498493,8.22455213228859,8.735862563613642,0.599488818033529
marex_native,15,inclusive,3.0,30.727234974606528,0.0,0.0,0.09867026260523648,0.5931882993425821,0.9414699547295138,0.659388740751402,-17.12933475668098,29.20055377132062,29.20055377132062,27.5103978126259,29.220685880018017,1.7984664541005873
marex_native,15,inclusive,3.0,30.727234974606528,1.0,0.659388740751402,0.09867026260523648,0.5931882993425821,0.9414699547295138,0.659388740751402,-17.12933475668098,29.20055377132062,29.135491711111733,27.5103978126259,29.220685880018003,1.7984664541005873
marex_native,15,inclusive,3.0,30.727234974606528,2.0,1.318777481502804,0.09867026260523648,0.5931882993425821,0.9414699547295138,0.659388740751402,-17.12933475668098,29.20055377132062,29.07042965090285,27.5103978126259,29.220685880017996,1.7984664541005873
marex_native,16,clean,0.0,0.0,0.0,0.0,0.09865297429457928,0.0,1.0,1.4423925917567442,1.2923263449200888,-0.23425748987748135,-0.23425748987748135,-0.1067656521918721,-0.10676565219187223,0.0
marex_native,16,clean,0.0,0.0,1.0,1.4423925917567442,0.09865297429457928,0.0,1.0,1.4423925917567442,1.2923263449200888,-0.23425748987748135,-0.37655380915475123,-0.1067656521918721,-0.10676565219187252,0.0
marex_native,16,clean,0.0,0.0,2.0,2.8847851835134883,0.09865297429457928,0.0,1.0,1.4423925917567442,1.2923263449200888,-0.23425748987748135,-0.5188501284320196,-0.1067656521918721,-0.10676565219187126,0.0
marex_native,16,clean,1.0,7.750469462004926,0.0,0.0,0.09865297429457928,0.0,1.0,1.4423925917567442,1.2923263449200888,7.516211972127444,7.516211972127444,7.6437038098130525,7.6437038098130525,0.0
marex_native,16,clean,1.0,7.750469462004926,1.0,1.4423925917567442,0.09865297429457928,0.0,1.0,1.4423925917567442,1.2923263449200888,7.516211972127444,7.373915652850174,7.6437038098130525,7.6437038098130525,0.0
marex_native,16,clean,1.0,7.750469462004926,2.0,2.8847851835134883,0.09865297429457928,0.0,1.0,1.4423925917567442,1.2923263449200888,7.516211972127444,7.2316193335729055,7.6437038098130525,7.643703809813054,0.0
marex_native,16,clean,3.0,23.251408386014777,0.0,0.0,0.09865297429457928,0.0,1.0,1.4423925917567442,1.2923263449200888,23.017150896137295,23.017150896137295,23.144642733822906,23.144642733822906,0.0
marex_native,16,clean,3.0,23.251408386014777,1.0,1.4423925917567442,0.09865297429457928,0.0,1.0,1.4423925917567442,1.2923263449200888,23.017150896137295,22.874854576860024,23.144642733822906,23.144642733822902,0.0
marex_native,16,clean,3.0,23.251408386014777,2.0,2.8847851835134883,0.09865297429457928,0.0,1.0,1.4423925917567442,1.2923263449200888,23.017150896137295,22.73255825758276,23.144642733822906,23.14464273382291,0.0
marex_native,16,inclusive,0.0,0.0,0.0,0.0,0.09865297429457928,0.17764461092773684,0.9824748307645754,1.367760789841055,1.1131677850710262,-0.23425748987748135,-0.23425748987748135,-0.12444017699131393,-0.1266599134091553,0.0
marex_native,16,inclusive,0.0,0.0,1.0,1.367760789841055,0.09865297429457928,0.17764461092773684,0.9824748307645754,1.367760789841055,1.1131677850710262,-0.23425748987748135,-0.36919115991880747,-0.12444017699131393,-0.12665991340915822,0.0
marex_native,16,inclusive,0.0,0.0,2.0,2.73552157968211,0.09865297429457928,0.17764461092773684,0.9824748307645754,1.367760789841055,1.1131677850710262,-0.23425748987748135,-0.504124829960125,-0.12444017699131393,-0.1266599134091525,0.0
marex_native,16,inclusive,1.0,7.750469462004926,0.0,0.0,0.09865297429457928,0.17764461092773684,0.9824748307645754,1.367760789841055,-0.26366134701414123,7.516211972127444,7.516211972127444,7.49020099603798,7.62380954859577,0.1358282889756263
marex_native,16,inclusive,1.0,7.750469462004926,1.0,1.367760789841055,0.09865297429457928,0.17764461092773684,0.9824748307645754,1.367760789841055,-0.26366134701414123,7.516211972127444,7.381278302086118,7.49020099603798,7.6238095485957675,0.1358282889756263
marex_native,16,inclusive,1.0,7.750469462004926,2.0,2.73552157968211,0.09865297429457928,0.17764461092773684,0.9824748307645754,1.367760789841055,-0.26366134701414123,7.516211972127444,7.2463446320448,7.49020099603798,7.623809548595773,0.1358282889756263
marex_native,16,inclusive,3.0,23.251408386014777,0.0,0.0,0.09865297429457928,0.17764461092773684,0.9824748307645754,1.367760789841055,-3.0173196111844858,23.017150896137295,23.017150896137295,22.719483342096588,23.12474847260562,0.40748486692687885
marex_native,16,inclusive,3.0,23.251408386014777,1.0,1.367760789841055,0.09865297429457928,0.17764461092773684,0.9824748307645754,1.367760789841055,-3.0173196111844858,23.017150896137295,22.882217226095968,22.719483342096588,23.124748472605617,0.40748486692687885
marex_native,16,inclusive,3.0,23.251408386014777,2.0,2.73552157968211,0.09865297429457928,0.17764461092773684,0.9824748307645754,1.367760789841055,-3.0173196111844858,23.017150896137295,22.747283556054654,22.719483342096588,23.124748472605628,0.40748486692687885
marex_native,17,clean,0.0,0.0,0.0,0.0,0.11428328232498648,0.0,1.0,0.9023664935138691,1.1102359805675845,-1.2479478687874532,-1.2479478687874532,-1.1210664567728883,-1.1210664567728899,0.0
marex_native,17,clean,0.0,0.0,1.0,0.9023664935138691,0.11428328232498648,0.0,1.0,0.9023664935138691,1.1102359805675845,-1.2479478687874532,-1.3510732735263047,-1.1210664567728883,-1.1210664567728879,0.0
marex_native,17,clean,0.0,0.0,2.0,1.8047329870277382,0.11428328232498648,0.0,1.0,0.9023664935138691,1.1102359805675845,-1.2479478687874532,-1.4541986782651564,-1.1210664567728883,-1.1210664567728856,0.0
marex_native,17,clean,1.0,7.898295538370373,0.0,0.0,0.11428328232498648,0.0,1.0,0.9023664935138691,1.1102359805675845,6.650347669582923,6.650347669582923,6.777229081597488,6.777229081597487,0.0
marex_native,17,clean,1.0,7.898295538370373,1.0,0.9023664935138691,0.11428328232498648,0.0,1.0,0.9023664935138691,1.1102359805675845,6.650347669582923,6.547222264844072,6.777229081597488,6.777229081597488,0.0
marex_native,17,clean,1.0,7.898295538370373,2.0,1.8047329870277382,0.11428328232498648,0.0,1.0,0.9023664935138691,1.1102359805675845,6.650347669582923,6.444096860105221,6.777229081597488,6.777229081597492,0.0
marex_native,17,clean,3.0,23.69488661511112,0.0,0.0,0.11428328232498648,0.0,1.0,0.9023664935138691,1.1102359805675845,22.44693874632366,22.44693874632366,22.57382015833823,22.573820158338222,0.0
marex_native,17,clean,3.0,23.69488661511112,1.0,0.9023664935138691,0.11428328232498648,0.0,1.0,0.9023664935138691,1.1102359805675845,22.44693874632366,22.343813341584813,22.57382015833823,22.57382015833823,0.0
marex_native,17,clean,3.0,23.69488661511112,2.0,1.8047329870277382,0.11428328232498648,0.0,1.0,0.9023664935138691,1.1102359805675845,22.44693874632366,22.24068793684596,22.57382015833823,22.57382015833823,0.0
marex_native,17,inclusive,0.0,0.0,0.0,0.0,0.11428328232498648,0.04693145566916046,0.9946365192018387,0.8812080150613343,1.0970373147037094,-1.2479478687874532,-1.2479478687874532,-1.1225748436301246,-1.1286282194132098,0.0
marex_native,17,inclusive,0.0,0.0,1.0,0.8812080150613343,0.11428328232498648,0.04693145566916046,0.9946365192018387,0.8812080150613343,1.0970373147037094,-1.2479478687874532,-1.3486552131597436,-1.1225748436301246,-1.128628219413205,0.0
marex_native,17,inclusive,0.0,0.0,2.0,1.7624160301226686,0.11428328232498648,0.04693145566916046,0.9946365192018387,0.8812080150613343,1.0970373147037094,-1.2479478687874532,-1.449362557532038,-1.1225748436301246,-1.128628219413204,0.0
marex_native,17,inclusive,1.0,7.898295538370373,0.0,0.0,0.11428328232498648,0.04693145566916046,0.9946365192018387,0.8812080150613343,0.726358807782755,6.650347669582923,6.650347669582923,6.733358338282005,6.7696673189571674,0.04236235645825218
marex_native,17,inclusive,1.0,7.898295538370373,1.0,0.8812080150613343,0.11428328232498648,0.04693145566916046,0.9946365192018387,0.8812080150613343,0.726358807782755,6.650347669582923,6.549640325210634,6.733358338282005,6.769667318957173,0.04236235645825218
marex_native,17,inclusive,1.0,7.898295538370373,2.0,1.7624160301226686,0.11428328232498648,0.04693145566916046,0.9946365192018387,0.8812080150613343,0.726358807782755,6.650347669582923,6.448932980838339,6.733358338282005,6.769667318957173,0.04236235645825218
marex_native,17,inclusive,3.0,23.69488661511112,0.0,0.0,0.11428328232498648,0.04693145566916046,0.9946365192018387,0.8812080150613343,-0.014998206059161134,22.44693874632366,22.44693874632366,22.445224702106238,22.566258395697904,0.12708706937475656
marex_native,17,inclusive,3.0,23.69488661511112,1.0,0.8812080150613343,0.11428328232498648,0.04693145566916046,0.9946365192018387,0.8812080150613343,-0.014998206059161134,22.44693874632366,22.346231401951375,22.445224702106238,22.566258395697915,0.12708706937475656
marex_native,17,inclusive,3.0,23.69488661511112,2.0,1.7624160301226686,0.11428328232498648,0.04693145566916046,0.9946365192018387,0.8812080150613343,-0.014998206059161134,22.44693874632366,22.24552405757908,22.445224702106238,22.56625839569791,0.12708706937475656
marex_native,18,clean,0.0,0.0,0.0,0.0,0.1129206370056667,0.0,1.0,1.4318291223194175,2.984930189991964,0.6434135242790816,0.6434135242790816,0.9804737427504179,0.9804737427504199,0.0
marex_native,18,clean,0.0,0.0,1.0,1.4318291223194175,0.1129206370056667,0.0,1.0,1.4318291223194175,2.984930189991964,0.6434135242790816,0.4817304677035068,0.9804737427504179,0.9804737427504182,0.0
marex_native,18,clean,0.0,0.0,2.0,2.863658244638835,0.1129206370056667,0.0,1.0,1.4318291223194175,2.984930189991964,0.6434135242790816,0.3200474111279334,0.9804737427504179,0.9804737427504187,0.0
marex_native,18,clean,1.0,7.069802918822019,0.0,0.0,0.1129206370056667,0.0,1.0,1.4318291223194175,2.984930189991964,7.713216443101102,7.713216443101102,8.050276661572438,8.05027666157244,0.0
marex_native,18,clean,1.0,7.069802918822019,1.0,1.4318291223194175,0.1129206370056667,0.0,1.0,1.4318291223194175,2.984930189991964,7.713216443101102,7.551533386525527,8.050276661572438,8.050276661572438,0.0
marex_native,18,clean,1.0,7.069802918822019,2.0,2.863658244638835,0.1129206370056667,0.0,1.0,1.4318291223194175,2.984930189991964,7.713216443101102,7.389850329949954,8.050276661572438,8.05027666157244,0.0
marex_native,18,clean,3.0,21.209408756466054,0.0,0.0,0.1129206370056667,0.0,1.0,1.4318291223194175,2.984930189991964,21.852822280745134,21.852822280745134,22.18988249921647,22.189882499216473,0.0
marex_native,18,clean,3.0,21.209408756466054,1.0,1.4318291223194175,0.1129206370056667,0.0,1.0,1.4318291223194175,2.984930189991964,21.852822280745134,21.691139224169554,22.18988249921647,22.189882499216466,0.0
marex_native,18,clean,3.0,21.209408756466054,2.0,2.863658244638835,0.1129206370056667,0.0,1.0,1.4318291223194175,2.984930189991964,21.852822280745134,21.529456167593985,22.18988249921647,22.18988249921647,0.0
marex_native,18,inclusive,0.0,0.0,0.0,0.0,0.1129206370056667,0.7041818370540576,0.9204833383920352,1.4059340517267211,2.3039359941014284,0.6434135242790816,0.6434135242790816,0.903575444353298,0.9816315045221,0.0
marex_native,18,inclusive,0.0,0.0,1.0,1.4059340517267211,0.1129206370056667,0.7041818370540576,0.9204833383920352,1.4059340517267211,2.3039359941014284,0.6434135242790816,0.4846545555701439,0.903575444353298,0.9816315045221017,0.0
marex_native,18,inclusive,0.0,0.0,2.0,2.8118681034534423,0.1129206370056667,0.7041818370540576,0.9204833383920352,1.4059340517267211,2.3039359941014284,0.6434135242790816,0.32589558686120057,0.903575444353298,0.9816315045220978,0.0
marex_native,18,inclusive,1.0,7.069802918822019,0.0,0.0,0.1129206370056667,0.7041818370540576,0.9204833383920352,1.4059340517267211,-2.6744908128847955,7.713216443101102,7.713216443101102,7.411211236844343,8.051434423344121,0.562167126330972
marex_native,18,inclusive,1.0,7.069802918822019,1.0,1.4059340517267211,0.1129206370056667,0.7041818370540576,0.9204833383920352,1.4059340517267211,-2.6744908128847955,7.713216443101102,7.554457474392164,7.411211236844343,8.051434423344123,0.562167126330972
marex_native,18,inclusive,1.0,7.069802918822019,2.0,2.8118681034534423,0.1129206370056667,0.7041818370540576,0.9204833383920352,1.4059340517267211,-2.6744908128847955,7.713216443101102,7.395698505683221,7.411211236844343,8.05143442334412,0.562167126330972
marex_native,18,inclusive,3.0,21.209408756466054,0.0,0.0,0.1129206370056667,0.7041818370540576,0.9204833383920352,1.4059340517267211,-12.631344426857254,21.852822280745134,21.852822280745134,20.426482821826433,22.191040260988153,1.686501378992916
marex_native,18,inclusive,3.0,21.209408756466054,1.0,1.4059340517267211,0.1129206370056667,0.7041818370540576,0.9204833383920352,1.4059340517267211,-12.631344426857254,21.852822280745134,21.694063312036192,20.426482821826433,22.19104026098815,1.686501378992916
marex_native,18,inclusive,3.0,21.209408756466054,2.0,2.8118681034534423,0.1129206370056667,0.7041818370540576,0.9204833383920352,1.4059340517267211,-12.631344426857254,21.852822280745134,21.53530434332725,20.426482821826433,22.19104026098815,1.686501378992916
marex_native,19,clean,0.0,0.0,0.0,0.0,0.11964439036150112,0.0,1.0,0.9513991277310008,2.3837160445448093,-0.18967660655726631,-0.18967660655726631,0.09552164638722474,0.09552164638722625,0.0
marex_native,19,clean,0.0,0.0,1.0,0.9513991277310008,0.11964439036150112,0.0,1.0,0.9513991277310008,2.3837160445448093,-0.18967660655726631,-0.30350617518510886,0.09552164638722474,0.09552164638722292,0.0
marex_native,19,clean,0.0,0.0,2.0,1.9027982554620015,0.11964439036150112,0.0,1.0,0.9513991277310008,2.3837160445448093,-0.18967660655726631,-0.41733574381294714,0.09552164638722474,0.09552164638722459,0.0
marex_native,19,clean,1.0,9.557429109886995,0.0,0.0,0.11964439036150112,0.0,1.0,0.9513991277310008,2.3837160445448093,9.36775250332973,9.36775250332973,9.652950756274219,9.652950756274222,0.0
marex_native,19,clean,1.0,9.557429109886995,1.0,0.9513991277310008,0.11964439036150112,0.0,1.0,0.9513991277310008,2.3837160445448093,9.36775250332973,9.253922934701887,9.652950756274219,9.652950756274219,0.0
marex_native,19,clean,1.0,9.557429109886995,2.0,1.9027982554620015,0.11964439036150112,0.0,1.0,0.9513991277310008,2.3837160445448093,9.36775250332973,9.140093366074048,9.652950756274219,9.652950756274219,0.0
marex_native,19,clean,3.0,28.672287329660982,0.0,0.0,0.11964439036150112,0.0,1.0,0.9513991277310008,2.3837160445448093,28.482610723103722,28.482610723103722,28.76780897604821,28.767808976048215,0.0
marex_native,19,clean,3.0,28.672287329660982,1.0,0.9513991277310008,0.11964439036150112,0.0,1.0,0.9513991277310008,2.3837160445448093,28.482610723103722,28.36878115447588,28.76780897604821,28.76780897604821,0.0
marex_native,19,clean,3.0,28.672287329660982,2.0,1.9027982554620015,0.11964439036150112,0.0,1.0,0.9513991277310008,2.3837160445448093,28.482610723103722,28.25495158584804,28.76780897604821,28.76780897604821,0.0
marex_native,19,inclusive,0.0,0.0,0.0,0.0,0.11964439036150112,0.47242455870862077,0.9434770516815059,1.175044436751658,3.1527033368381736,-0.18967660655726631,-0.18967660655726631,0.18752666216940667,0.1987612330741793,0.0
marex_native,19,inclusive,0.0,0.0,1.0,1.175044436751658,0.11964439036150112,0.47242455870862077,0.9434770516815059,1.175044436751658,3.1527033368381736,-0.18967660655726631,-0.33026408184009454,0.18752666216940667,0.19876123307417654,0.0
marex_native,19,inclusive,0.0,0.0,2.0,2.350088873503316,0.11964439036150112,0.47242455870862077,0.9434770516815059,1.175044436751658,3.1527033368381736,-0.18967660655726631,-0.4708515571229185,0.18752666216940667,0.19876123307417803,0.0
marex_native,19,inclusive,1.0,9.557429109886995,0.0,0.0,0.11964439036150112,0.47242455870862077,0.9434770516815059,1.175044436751658,-1.3624608927891146,9.36775250332973,9.36775250332973,9.204741700420586,9.756190342961174,0.5402140716358139
marex_native,19,inclusive,1.0,9.557429109886995,1.0,1.175044436751658,0.11964439036150112,0.47242455870862077,0.9434770516815059,1.175044436751658,-1.3624608927891146,9.36775250332973,9.227165028046901,9.204741700420586,9.756190342961172,0.5402140716358139
marex_native,19,inclusive,1.0,9.557429109886995,2.0,2.350088873503316,0.11964439036150112,0.47242455870862077,0.9434770516815059,1.175044436751658,-1.3624608927891146,9.36775250332973,9.086577552764076,9.204741700420586,9.756190342961172,0.5402140716358139
marex_native,19,inclusive,3.0,28.672287329660982,0.0,0.0,0.11964439036150112,0.47242455870862077,0.9434770516815059,1.175044436751658,-10.392789352043696,28.482610723103722,28.482610723103722,27.23917177692295,28.87104856273517,1.6206422149074418
marex_native,19,inclusive,3.0,28.672287329660982,1.0,1.175044436751658,0.11964439036150112,0.47242455870862077,0.9434770516815059,1.175044436751658,-10.392789352043696,28.482610723103722,28.342023247820897,27.23917177692295,28.87104856273517,1.6206422149074418
marex_native,19,inclusive,3.0,28.672287329660982,2.0,2.350088873503316,0.11964439036150112,0.47242455870862077,0.9434770516815059,1.175044436751658,-10.392789352043696,28.482610723103722,28.20143577253807,27.23917177692295,28.871048562735165,1.6206422149074418
marex_native,20,clean,0.0,0.0,0.0,0.0,0.12012139244770537,0.0,1.0,1.0811580210239753,0.7442670501083171,-1.0738730410503081,-1.0738730410503081,-0.9844706466383485,-0.9844706466383509,0.0
marex_native,20,clean,0.0,0.0,1.0,1.0811580210239753,0.12012139244770537,0.0,1.0,1.0811580210239753,0.7442670501083171,-1.0738730410503081,-1.203743247991713,-0.9844706466383485,-0.9844706466383502,0.0
marex_native,20,clean,0.0,0.0,2.0,2.1623160420479506,0.12012139244770537,0.0,1.0,1.0811580210239753,0.7442670501083171,-1.0738730410503081,-1.3336134549331178,-0.9844706466383485,-0.98447064663835,0.0
marex_native,20,clean,1.0,11.113442081965603,0.0,0.0,0.12012139244770537,0.0,1.0,1.0811580210239753,0.7442670501083171,10.039569040915296,10.039569040915296,10.128971435327255,10.128971435327253,0.0
marex_native,20,clean,1.0,11.113442081965603,1.0,1.0811580210239753,0.12012139244770537,0.0,1.0,1.0811580210239753,0.7442670501083171,10.039569040915296,9.909698833973891,10.128971435327255,10.128971435327253,0.0
marex_native,20,clean,1.0,11.113442081965603,2.0,2.1623160420479506,0.12012139244770537,0.0,1.0,1.0811580210239753,0.7442670501083171,10.039569040915296,9.779828627032487,10.128971435327255,10.128971435327255,0.0
marex_native,20,clean,3.0,33.34032624589681,0.0,0.0,0.12012139244770537,0.0,1.0,1.0811580210239753,0.7442670501083171,32.266453204846506,32.266453204846506,32.35585559925846,32.35585559925846,0.0
marex_native,20,clean,3.0,33.34032624589681,1.0,1.0811580210239753,0.12012139244770537,0.0,1.0,1.0811580210239753,0.7442670501083171,32.266453204846506,32.1365829979051,32.35585559925846,32.35585559925846,0.0
marex_native,20,clean,3.0,33.34032624589681,2.0,2.1623160420479506,0.12012139244770537,0.0,1.0,1.0811580210239753,0.7442670501083171,32.266453204846506,32.0067127909637,32.35585559925846,32.35585559925846,0.0
marex_native,20,inclusive,0.0,0.0,0.0,0.0,0.12012139244770537,0.4357863665360602,0.9476527348419623,0.9927959850413626,0.09314243962981124,-1.0738730410503081,-1.0738730410503081,-1.0626846415059987,-1.1213861390725792,0.0
marex_native,20,inclusive,0.0,0.0,1.0,0.9927959850413626,0.12012139244770537,0.4357863665360602,0.9476527348419623,0.9927959850413626,0.09314243962981124,-1.0738730410503081,-1.1931290771899683,-1.0626846415059987,-1.1213861390725794,0.0
marex_native,20,inclusive,0.0,0.0,2.0,1.9855919700827251,0.12012139244770537,0.4357863665360602,0.9476527348419623,0.9927959850413626,0.09314243962981124,-1.0738730410503081,-1.312385113329627,-1.0626846415059987,-1.1213861390725788,0.0
marex_native,20,inclusive,1.0,11.113442081965603,0.0,0.0,0.12012139244770537,0.4357863665360602,0.9476527348419623,0.9927959850413626,-4.749944104978923,10.039569040915296,10.039569040915296,9.468999140976457,9.992055942893026,0.5817582994831476
marex_native,20,inclusive,1.0,11.113442081965603,1.0,0.9927959850413626,0.12012139244770537,0.4357863665360602,0.9476527348419623,0.9927959850413626,-4.749944104978923,10.039569040915296,9.920313004775636,9.468999140976457,9.992055942893025,0.5817582994831476
marex_native,20,inclusive,1.0,11.113442081965603,2.0,1.9855919700827251,0.12012139244770537,0.4357863665360602,0.9476527348419623,0.9927959850413626,-4.749944104978923,10.039569040915296,9.801056968635978,9.468999140976457,9.992055942893026,0.5817582994831476
marex_native,20,inclusive,3.0,33.34032624589681,0.0,0.0,0.12012139244770537,0.4357863665360602,0.9476527348419623,0.9927959850413626,-14.436117194196402,32.266453204846506,32.266453204846506,30.532366705941364,32.218940106824235,1.7452748984494428
marex_native,20,inclusive,3.0,33.34032624589681,1.0,0.9927959850413626,0.12012139244770537,0.4357863665360602,0.9476527348419623,0.9927959850413626,-14.436117194196402,32.266453204846506,32.147197168706846,30.532366705941364,32.218940106824235,1.7452748984494428
marex_native,20,inclusive,3.0,33.34032624589681,2.0,1.9855919700827251,0.12012139244770537,0.4357863665360602,0.9476527348419623,0.9927959850413626,-14.436117194196402,32.266453204846506,32.027941132567186,30.532366705941364,32.218940106824235,1.7452748984494428
marex_native,21,clean,0.0,0.0,0.0,0.0,0.15442929587644288,0.0,1.0,1.095470776548262,0.2558929826804473,-0.7891065531289854,-0.7891065531289854,-0.7495891799939216,-0.749589179993921,0.0
marex_native,21,clean,0.0,0.0,1.0,1.095470776548262,0.15442929587644288,0.0,1.0,1.095470776548262,0.2558929826804473,-0.7891065531289854,-0.9582793338045519,-0.7495891799939216,-0.7495891799939187,0.0
marex_native,21,clean,0.0,0.0,2.0,2.190941553096524,0.15442929587644288,0.0,1.0,1.095470776548262,0.2558929826804473,-0.7891065531289854,-1.12745211448012,-0.7495891799939216,-0.7495891799939196,0.0
marex_native,21,clean,1.0,8.459813365304045,0.0,0.0,0.15442929587644288,0.0,1.0,1.095470776548262,0.2558929826804473,7.670706812175058,7.670706812175058,7.710224185310122,7.710224185310122,0.0
marex_native,21,clean,1.0,8.459813365304045,1.0,1.095470776548262,0.15442929587644288,0.0,1.0,1.095470776548262,0.2558929826804473,7.670706812175058,7.501534031499491,7.710224185310122,7.710224185310125,0.0
marex_native,21,clean,1.0,8.459813365304045,2.0,2.190941553096524,0.15442929587644288,0.0,1.0,1.095470776548262,0.2558929826804473,7.670706812175058,7.332361250823924,7.710224185310122,7.710224185310125,0.0
marex_native,21,clean,3.0,25.379440095912138,0.0,0.0,0.15442929587644288,0.0,1.0,1.095470776548262,0.2558929826804473,24.590333542783156,24.590333542783156,24.62985091591822,24.629850915918222,0.0
marex_native,21,clean,3.0,25.379440095912138,1.0,1.095470776548262,0.15442929587644288,0.0,1.0,1.095470776548262,0.2558929826804473,24.590333542783156,24.42116076210759,24.62985091591822,24.629850915918222,0.0
marex_native,21,clean,3.0,25.379440095912138,2.0,2.190941553096524,0.15442929587644288,0.0,1.0,1.095470776548262,0.2558929826804473,24.590333542783156,24.251987981432023,24.62985091591822,24.629850915918222,0.0
marex_native,21,inclusive,0.0,0.0,0.0,0.0,0.15442929587644288,0.09856201895398485,0.9847791368127755,1.1253716515599343,0.3849583493439937,-0.7891065531289854,-0.7891065531289854,-0.7296577062980333,-0.7409353823838735,0.0
marex_native,21,inclusive,0.0,0.0,1.0,1.1253716515599343,0.15442929587644288,0.09856201895398485,0.9847791368127755,1.1253716515599343,0.3849583493439937,-0.7891065531289854,-0.9628969048786971,-0.7296577062980333,-0.7409353823838752,0.0
marex_native,21,inclusive,0.0,0.0,2.0,2.2507433031198687,0.15442929587644288,0.09856201895398485,0.9847791368127755,1.1253716515599343,0.3849583493439937,-0.7891065531289854,-1.1366872566284059,-0.7296577062980333,-0.7409353823838735,0.0
marex_native,21,inclusive,1.0,8.459813365304045,0.0,0.0,0.15442929587644288,0.09856201895398485,0.9847791368127755,1.1253716515599343,-0.4488579359142818,7.670706812175058,7.670706812175058,7.6013899971832615,7.718877982920169,0.12876566182274612
marex_native,21,inclusive,1.0,8.459813365304045,1.0,1.1253716515599343,0.15442929587644288,0.09856201895398485,0.9847791368127755,1.1253716515599343,-0.4488579359142818,7.670706812175058,7.496916460425346,7.6013899971832615,7.7188779829201675,0.12876566182274612
marex_native,21,inclusive,1.0,8.459813365304045,2.0,2.2507433031198687,0.15442929587644288,0.09856201895398485,0.9847791368127755,1.1253716515599343,-0.4488579359142818,7.670706812175058,7.323126108675638,7.6013899971832615,7.718877982920169,0.12876566182274612
marex_native,21,inclusive,3.0,25.379440095912138,0.0,0.0,0.15442929587644288,0.09856201895398485,0.9847791368127755,1.1253716515599343,-2.116490506430823,24.590333542783156,24.590333542783156,24.263485404145865,24.638504713528267,0.38629698546823843
marex_native,21,inclusive,3.0,25.379440095912138,1.0,1.1253716515599343,0.15442929587644288,0.09856201895398485,0.9847791368127755,1.1253716515599343,-2.116490506430823,24.590333542783156,24.416543191033448,24.263485404145865,24.63850471352827,0.38629698546823843
marex_native,21,inclusive,3.0,25.379440095912138,2.0,2.2507433031198687,0.15442929587644288,0.09856201895398485,0.9847791368127755,1.1253716515599343,-2.116490506430823,24.590333542783156,24.242752839283735,24.263485404145865,24.638504713528267,0.38629698546823843
marex_native,22,clean,0.0,0.0,0.0,0.0,0.12160045239991887,0.0,1.0,1.1114693402080602,0.4678991693355982,0.8154333689614319,0.8154333689614319,0.8723301196301818,0.8723301196301869,0.0
marex_native,22,clean,0.0,0.0,1.0,1.1114693402080602,0.12160045239991887,0.0,1.0,1.1114693402080602,0.4678991693355982,0.8154333689614319,0.6802781943634926,0.8723301196301818,0.8723301196301869,0.0
marex_native,22,clean,0.0,0.0,2.0,2.2229386804161204,0.12160045239991887,0.0,1.0,1.1114693402080602,0.4678991693355982,0.8154333689614319,0.5451230197655506,0.8723301196301818,0.8723301196301844,0.0
marex_native,22,clean,1.0,6.500822369207021,0.0,0.0,0.12160045239991887,0.0,1.0,1.1114693402080602,0.4678991693355982,7.316255738168446,7.316255738168446,7.373152488837197,7.373152488837201,0.0
marex_native,22,clean,1.0,6.500822369207021,1.0,1.1114693402080602,0.12160045239991887,0.0,1.0,1.1114693402080602,0.4678991693355982,7.316255738168446,7.181100563570507,7.373152488837197,7.373152488837202,0.0
marex_native,22,clean,1.0,6.500822369207021,2.0,2.2229386804161204,0.12160045239991887,0.0,1.0,1.1114693402080602,0.4678991693355982,7.316255738168446,7.045945388972565,7.373152488837197,7.373152488837198,0.0
marex_native,22,clean,3.0,19.50246710762106,0.0,0.0,0.12160045239991887,0.0,1.0,1.1114693402080602,0.4678991693355982,20.317900476582487,20.317900476582487,20.374797227251236,20.374797227251243,0.0
marex_native,22,clean,3.0,19.50246710762106,1.0,1.1114693402080602,0.12160045239991887,0.0,1.0,1.1114693402080602,0.4678991693355982,20.317900476582487,20.182745301984546,20.374797227251236,20.37479722725124,0.0
marex_native,22,clean,3.0,19.50246710762106,2.0,2.2229386804161204,0.12160045239991887,0.0,1.0,1.1114693402080602,0.4678991693355982,20.317900476582487,20.047590127386606,20.374797227251236,20.37479722725124,0.0
marex_native,22,inclusive,0.0,0.0,0.0,0.0,0.12160045239991887,0.0,1.0,1.1111020973952412,0.46560121271425314,0.8154333689614319,0.8154333689614319,0.8720506870654361,0.872050687065436,0.0
marex_native,22,inclusive,0.0,0.0,1.0,1.1111020973952412,0.12160045239991887,0.0,1.0,1.1111020973952412,0.46560121271425314,0.8154333689614319,0.6803228512556743,0.8720506870654361,0.8720506870654386,0.0
marex_native,22,inclusive,0.0,0.0,2.0,2.2222041947904825,0.12160045239991887,0.0,1.0,1.1111020973952412,0.46560121271425314,0.8154333689614319,0.5452123335499067,0.8720506870654361,0.8720506870654308,0.0
marex_native,22,inclusive,1.0,6.500822369207021,0.0,0.0,0.12160045239991887,0.0,1.0,1.1111020973952412,0.46560121271425314,7.316255738168446,7.316255738168446,7.372873056272451,7.37287305627245,0.0
marex_native,22,inclusive,1.0,6.500822369207021,1.0,1.1111020973952412,0.12160045239991887,0.0,1.0,1.1111020973952412,0.46560121271425314,7.316255738168446,7.181145220462689,7.372873056272451,7.372873056272454,0.0
marex_native,22,inclusive,1.0,6.500822369207021,2.0,2.2222041947904825,0.12160045239991887,0.0,1.0,1.1111020973952412,0.46560121271425314,7.316255738168446,7.046034702756922,7.372873056272451,7.372873056272446,0.0
marex_native,22,inclusive,3.0,19.50246710762106,0.0,0.0,0.12160045239991887,0.0,1.0,1.1111020973952412,0.46560121271425314,20.317900476582487,20.317900476582487,20.37451779468649,20.37451779468649,0.0
marex_native,22,inclusive,3.0,19.50246710762106,1.0,1.1111020973952412,0.12160045239991887,0.0,1.0,1.1111020973952412,0.46560121271425314,20.317900476582487,20.18278995887673,20.37451779468649,20.374517794686493,0.0
marex_native,22,inclusive,3.0,19.50246710762106,2.0,2.2222041947904825,0.12160045239991887,0.0,1.0,1.1111020973952412,0.46560121271425314,20.317900476582487,20.047679441170963,20.37451779468649,20.374517794686486,0.0
marex_native,23,clean,0.0,0.0,0.0,0.0,0.12578410148389235,0.0,1.0,1.0799695050354543,-1.668842458462673,0.043484093931951406,0.043484093931951406,-0.16642975522394182,-0.16642975522394587,0.0
marex_native,23,clean,0.0,0.0,1.0,1.0799695050354543,0.12578410148389235,0.0,1.0,1.0799695050354543,-1.668842458462673,0.043484093931951406,-0.09235889988893575,-0.16642975522394182,-0.16642975522394426,0.0
marex_native,23,clean,0.0,0.0,2.0,2.1599390100709086,0.12578410148389235,0.0,1.0,1.0799695050354543,-1.668842458462673,0.043484093931951406,-0.2282018937098229,-0.16642975522394182,-0.16642975522394302,0.0
marex_native,23,clean,1.0,8.885762622670004,0.0,0.0,0.12578410148389235,0.0,1.0,1.0799695050354543,-1.668842458462673,8.929246716601956,8.929246716601956,8.719332867446063,8.719332867446058,0.0
marex_native,23,clean,1.0,8.885762622670004,1.0,1.0799695050354543,0.12578410148389235,0.0,1.0,1.0799695050354543,-1.668842458462673,8.929246716601956,8.793403722781068,8.719332867446063,8.71933286744606,0.0
marex_native,23,clean,1.0,8.885762622670004,2.0,2.1599390100709086,0.12578410148389235,0.0,1.0,1.0799695050354543,-1.668842458462673,8.929246716601956,8.657560728960181,8.719332867446063,8.719332867446061,0.0
marex_native,23,clean,3.0,26.657287868010012,0.0,0.0,0.12578410148389235,0.0,1.0,1.0799695050354543,-1.668842458462673,26.70077196194196,26.70077196194196,26.49085811278608,26.490858112786064,0.0
marex_native,23,clean,3.0,26.657287868010012,1.0,1.0799695050354543,0.12578410148389235,0.0,1.0,1.0799695050354543,-1.668842458462673,26.70077196194196,26.56492896812108,26.49085811278608,26.49085811278607,0.0
marex_native,23,clean,3.0,26.657287868010012,2.0,2.1599390100709086,0.12578410148389235,0.0,1.0,1.0799695050354543,-1.668842458462673,26.70077196194196,26.429085974300186,26.49085811278608,26.490858112786064,0.0
marex_native,23,inclusive,0.0,0.0,0.0,0.0,0.12578410148389235,0.0,1.0,1.0800709803314765,-1.67673161843975,0.043484093931951406,0.043484093931951406,-0.16742208612312198,-0.16742208612312517,0.0
marex_native,23,inclusive,0.0,0.0,1.0,1.0800709803314765,0.12578410148389235,0.0,1.0,1.0800709803314765,-1.67673161843975,0.043484093931951406,-0.09237166386786697,-0.16742208612312198,-0.1674220861231221,0.0
marex_native,23,inclusive,0.0,0.0,2.0,2.160141960662953,0.12578410148389235,0.0,1.0,1.0800709803314765,-1.67673161843975,0.043484093931951406,-0.2282274216676882,-0.16742208612312198,-0.16742208612312148,0.0
marex_native,23,inclusive,1.0,8.885762622670004,0.0,0.0,0.12578410148389235,0.0,1.0,1.0800709803314765,-1.67673161843975,8.929246716601956,8.929246716601956,8.718340536546883,8.71834053654688,0.0
marex_native,23,inclusive,1.0,8.885762622670004,1.0,1.0800709803314765,0.12578410148389235,0.0,1.0,1.0800709803314765,-1.67673161843975,8.929246716601956,8.793390958802139,8.718340536546883,8.718340536546883,0.0
marex_native,23,inclusive,1.0,8.885762622670004,2.0,2.160141960662953,0.12578410148389235,0.0,1.0,1.0800709803314765,-1.67673161843975,8.929246716601956,8.657535201002316,8.718340536546883,8.718340536546883,0.0
marex_native,23,inclusive,3.0,26.657287868010012,0.0,0.0,0.12578410148389235,0.0,1.0,1.0800709803314765,-1.67673161843975,26.70077196194196,26.70077196194196,26.48986578188689,26.489865781886884,0.0
marex_native,23,inclusive,3.0,26.657287868010012,1.0,1.0800709803314765,0.12578410148389235,0.0,1.0,1.0800709803314765,-1.67673161843975,26.70077196194196,26.56491620414215,26.48986578188689,26.489865781886895,0.0
marex_native,23,inclusive,3.0,26.657287868010012,2.0,2.160141960662953,0.12578410148389235,0.0,1.0,1.0800709803314765,-1.67673161843975,26.70077196194196,26.429060446342326,26.48986578188689,26.489865781886895,0.0
marex_native,24,clean,0.0,0.0,0.0,0.0,0.10571053433170663,0.0,1.0,1.3833375537943953,0.9209135487868749,0.7228466522221524,0.7228466522221524,0.8201969155377228,0.8201969155377211,0.0
marex_native,24,clean,0.0,0.0,1.0,1.3833375537943953,0.10571053433170663,0.0,1.0,1.3833375537943953,0.9209135487868749,0.7228466522221524,0.5766133002494314,0.8201969155377228,0.8201969155377212,0.0
marex_native,24,clean,0.0,0.0,2.0,2.7666751075887905,0.10571053433170663,0.0,1.0,1.3833375537943953,0.9209135487868749,0.7228466522221524,0.43037994827671044,0.8201969155377228,0.8201969155377226,0.0
marex_native,24,clean,1.0,6.84052240600739,0.0,0.0,0.10571053433170663,0.0,1.0,1.3833375537943953,0.9209135487868749,7.563369058229543,7.563369058229543,7.6607193215451135,7.660719321545112,0.0
marex_native,24,clean,1.0,6.84052240600739,1.0,1.3833375537943953,0.10571053433170663,0.0,1.0,1.3833375537943953,0.9209135487868749,7.563369058229543,7.417135706256822,7.6607193215451135,7.660719321545112,0.0
marex_native,24,clean,1.0,6.84052240600739,2.0,2.7666751075887905,0.10571053433170663,0.0,1.0,1.3833375537943953,0.9209135487868749,7.563369058229543,7.270902354284101,7.6607193215451135,7.6607193215451135,0.0
marex_native,24,clean,3.0,20.52156721802217,0.0,0.0,0.10571053433170663,0.0,1.0,1.3833375537943953,0.9209135487868749,21.244413870244323,21.244413870244323,21.341764133559895,21.34176413355989,0.0
marex_native,24,clean,3.0,20.52156721802217,1.0,1.3833375537943953,0.10571053433170663,0.0,1.0,1.3833375537943953,0.9209135487868749,21.244413870244323,21.098180518271604,21.341764133559895,21.341764133559895,0.0
marex_native,24,clean,3.0,20.52156721802217,2.0,2.7666751075887905,0.10571053433170663,0.0,1.0,1.3833375537943953,0.9209135487868749,21.244413870244323,20.951947166298883,21.341764133559895,21.341764133559895,0.0
marex_native,24,inclusive,0.0,0.0,0.0,0.0,0.10571053433170663,0.5917545089420839,0.9374453146665356,1.5309794519167932,-0.6250955249822312,0.7228466522221524,0.7228466522221524,0.6567674702679227,0.7005928345820842,0.0
marex_native,24,inclusive,0.0,0.0,1.0,1.5309794519167932,0.10571053433170663,0.5917545089420839,0.9374453146665356,1.5309794519167932,-0.6250955249822312,0.7228466522221524,0.5610059963091644,0.6567674702679227,0.7005928345820837,0.0
marex_native,24,inclusive,0.0,0.0,2.0,3.0619589038335864,0.10571053433170663,0.5917545089420839,0.9374453146665356,1.5309794519167932,-0.6250955249822312,0.7228466522221524,0.3991653403961749,0.6567674702679227,0.7005928345820815,0.0
marex_native,24,inclusive,1.0,6.84052240600739,0.0,0.0,0.10571053433170663,0.5917545089420839,0.9374453146665356,1.5309794519167932,-4.67300550225646,7.563369058229543,7.563369058229543,7.069383149651007,7.541115240589474,0.4279067266243049
marex_native,24,inclusive,1.0,6.84052240600739,1.0,1.5309794519167932,0.10571053433170663,0.5917545089420839,0.9374453146665356,1.5309794519167932,-4.67300550225646,7.563369058229543,7.401528402316555,7.069383149651007,7.541115240589474,0.4279067266243049
marex_native,24,inclusive,1.0,6.84052240600739,2.0,3.0619589038335864,0.10571053433170663,0.5917545089420839,0.9374453146665356,1.5309794519167932,-4.67300550225646,7.563369058229543,7.239687746403566,7.069383149651007,7.5411152405894715,0.4279067266243049
marex_native,24,inclusive,3.0,20.52156721802217,0.0,0.0,0.10571053433170663,0.5917545089420839,0.9374453146665356,1.5309794519167932,-12.768825456804912,21.244413870244323,21.244413870244323,19.894614508417177,21.222160052604252,1.2837201798729145
marex_native,24,inclusive,3.0,20.52156721802217,1.0,1.5309794519167932,0.10571053433170663,0.5917545089420839,0.9374453146665356,1.5309794519167932,-12.768825456804912,21.244413870244323,21.082573214331337,19.894614508417177,21.222160052604256,1.2837201798729145
marex_native,24,inclusive,3.0,20.52156721802217,2.0,3.0619589038335864,0.10571053433170663,0.5917545089420839,0.9374453146665356,1.5309794519167932,-12.768825456804912,21.244413870244323,20.920732558418347,19.894614508417177,21.222160052604252,1.2837201798729145
marex_native,25,clean,0.0,0.0,0.0,0.0,0.11780163894103624,0.0,1.0,1.2713417848292,-3.0401930074220873,0.9903535302687189,0.9903535302687189,0.6322138112973164,0.632213811297319,0.0
marex_native,25,clean,0.0,0.0,1.0,1.2713417848292,0.11780163894103624,0.0,1.0,1.2713417848292,-3.0401930074220873,0.9903535302687189,0.8405873843616163,0.6322138112973164,0.6322138112973182,0.0
marex_native,25,clean,0.0,0.0,2.0,2.5426835696584,0.11780163894103624,0.0,1.0,1.2713417848292,-3.0401930074220873,0.9903535302687189,0.6908212384545138,0.6322138112973164,0.6322138112973179,0.0
marex_native,25,clean,1.0,6.834510025074173,0.0,0.0,0.11780163894103624,0.0,1.0,1.2713417848292,-3.0401930074220873,7.824863555342892,7.824863555342892,7.46672383637149,7.466723836371492,0.0
marex_native,25,clean,1.0,6.834510025074173,1.0,1.2713417848292,0.11780163894103624,0.0,1.0,1.2713417848292,-3.0401930074220873,7.824863555342892,7.67509740943579,7.46672383637149,7.466723836371492,0.0
marex_native,25,clean,1.0,6.834510025074173,2.0,2.5426835696584,0.11780163894103624,0.0,1.0,1.2713417848292,-3.0401930074220873,7.824863555342892,7.525331263528687,7.46672383637149,7.466723836371491,0.0
marex_native,25,clean,3.0,20.503530075222518,0.0,0.0,0.11780163894103624,0.0,1.0,1.2713417848292,-3.0401930074220873,21.493883605491234,21.493883605491234,21.13574388651983,21.135743886519833,0.0
marex_native,25,clean,3.0,20.503530075222518,1.0,1.2713417848292,0.11780163894103624,0.0,1.0,1.2713417848292,-3.0401930074220873,21.493883605491234,21.344117459584133,21.13574388651983,21.135743886519837,0.0
marex_native,25,clean,3.0,20.503530075222518,2.0,2.5426835696584,0.11780163894103624,0.0,1.0,1.2713417848292,-3.0401930074220873,21.493883605491234,21.194351313677025,21.13574388651983,21.13574388651983,0.0
marex_native,25,inclusive,0.0,0.0,0.0,0.0,0.11780163894103624,0.0,1.0,1.2718801221849751,-3.0404724991470573,0.9903535302687189,0.9903535302687189,0.6321808867140447,0.6321808867140472,0.0
marex_native,25,inclusive,0.0,0.0,1.0,1.2718801221849751,0.11780163894103624,0.0,1.0,1.2718801221849751,-3.0404724991470573,0.9903535302687189,0.840523967338801,0.6321808867140447,0.6321808867140448,0.0
marex_native,25,inclusive,0.0,0.0,2.0,2.5437602443699503,0.11780163894103624,0.0,1.0,1.2718801221849751,-3.0404724991470573,0.9903535302687189,0.6906944044088874,0.6321808867140447,0.6321808867140465,0.0
marex_native,25,inclusive,1.0,6.834510025074173,0.0,0.0,0.11780163894103624,0.0,1.0,1.2718801221849751,-3.0404724991470573,7.824863555342892,7.824863555342892,7.466690911788218,7.466690911788221,0.0
marex_native,25,inclusive,1.0,6.834510025074173,1.0,1.2718801221849751,0.11780163894103624,0.0,1.0,1.2718801221849751,-3.0404724991470573,7.824863555342892,7.675033992412975,7.466690911788218,7.466690911788219,0.0
marex_native,25,inclusive,1.0,6.834510025074173,2.0,2.5437602443699503,0.11780163894103624,0.0,1.0,1.2718801221849751,-3.0404724991470573,7.824863555342892,7.525204429483061,7.466690911788218,7.46669091178822,0.0
marex_native,25,inclusive,3.0,20.503530075222518,0.0,0.0,0.11780163894103624,0.0,1.0,1.2718801221849751,-3.0404724991470573,21.493883605491234,21.493883605491234,21.13571096193656,21.135710961936564,0.0
marex_native,25,inclusive,3.0,20.503530075222518,1.0,1.2718801221849751,0.11780163894103624,0.0,1.0,1.2718801221849751,-3.0404724991470573,21.493883605491234,21.344054042561318,21.13571096193656,21.13571096193656,0.0
marex_native,25,inclusive,3.0,20.503530075222518,2.0,2.5437602443699503,0.11780163894103624,0.0,1.0,1.2718801221849751,-3.0404724991470573,21.493883605491234,21.1942244796314,21.13571096193656,21.13571096193656,0.0
marex_native,26,clean,0.0,0.0,0.0,0.0,0.11650915488545355,0.0,1.0,1.966992090063716,1.80263638194547,-0.4053576745849071,-0.4053576745849071,-0.19533403315866593,-0.19533403315866876,0.0
marex_native,26,clean,0.0,0.0,1.0,1.966992090063716,0.11650915488545355,0.0,1.0,1.966992090063716,1.80263638194547,-0.4053576745849071,-0.6345302606646029,-0.19533403315866593,-0.19533403315866937,0.0
marex_native,26,clean,0.0,0.0,2.0,3.933984180127432,0.11650915488545355,0.0,1.0,1.966992090063716,1.80263638194547,-0.4053576745849071,-0.8637028467442974,-0.19533403315866593,-0.19533403315866807,0.0
marex_native,26,clean,1.0,7.963453222910623,0.0,0.0,0.11650915488545355,0.0,1.0,1.966992090063716,1.80263638194547,7.558095548325714,7.558095548325714,7.768119189751955,7.768119189751952,0.0
marex_native,26,clean,1.0,7.963453222910623,1.0,1.966992090063716,0.11650915488545355,0.0,1.0,1.966992090063716,1.80263638194547,7.558095548325714,7.328922962246018,7.768119189751955,7.768119189751952,0.0
marex_native,26,clean,1.0,7.963453222910623,2.0,3.933984180127432,0.11650915488545355,0.0,1.0,1.966992090063716,1.80263638194547,7.558095548325714,7.099750376166324,7.768119189751955,7.768119189751953,0.0
marex_native,26,clean,3.0,23.89035966873187,0.0,0.0,0.11650915488545355,0.0,1.0,1.966992090063716,1.80263638194547,23.48500199414696,23.48500199414696,23.695025635573202,23.6950256355732,0.0
marex_native,26,clean,3.0,23.89035966873187,1.0,1.966992090063716,0.11650915488545355,0.0,1.0,1.966992090063716,1.80263638194547,23.48500199414696,23.255829408067264,23.695025635573202,23.6950256355732,0.0
marex_native,26,clean,3.0,23.89035966873187,2.0,3.933984180127432,0.11650915488545355,0.0,1.0,1.966992090063716,1.80263638194547,23.48500199414696,23.02665682198757,23.695025635573202,23.6950256355732,0.0
marex_native,26,inclusive,0.0,0.0,0.0,0.0,0.11650915488545355,0.0,1.0,1.966309566064158,1.8040500156852772,-0.4053576745849071,-0.4053576745849071,-0.19516933188632493,-0.19516933188632626,0.0
marex_native,26,inclusive,0.0,0.0,1.0,1.966309566064158,0.11650915488545355,0.0,1.0,1.966309566064158,1.8040500156852772,-0.4053576745849071,-0.6344507403702252,-0.19516933188632493,-0.19516933188632665,0.0
marex_native,26,inclusive,0.0,0.0,2.0,3.932619132128316,0.11650915488545355,0.0,1.0,1.966309566064158,1.8040500156852772,-0.4053576745849071,-0.8635438061555419,-0.19516933188632493,-0.19516933188632518,0.0
marex_native,26,inclusive,1.0,7.963453222910623,0.0,0.0,0.11650915488545355,0.0,1.0,1.966309566064158,1.8040500156852772,7.558095548325714,7.558095548325714,7.768283891024296,7.7682838910242955,0.0
marex_native,26,inclusive,1.0,7.963453222910623,1.0,1.966309566064158,0.11650915488545355,0.0,1.0,1.966309566064158,1.8040500156852772,7.558095548325714,7.329002482540396,7.768283891024296,7.768283891024295,0.0
marex_native,26,inclusive,1.0,7.963453222910623,2.0,3.932619132128316,0.11650915488545355,0.0,1.0,1.966309566064158,1.8040500156852772,7.558095548325714,7.09990941675508,7.768283891024296,7.768283891024296,0.0
marex_native,26,inclusive,3.0,23.89035966873187,0.0,0.0,0.11650915488545355,0.0,1.0,1.966309566064158,1.8040500156852772,23.48500199414696,23.48500199414696,23.695190336845542,23.69519033684554,0.0
marex_native,26,inclusive,3.0,23.89035966873187,1.0,1.966309566064158,0.11650915488545355,0.0,1.0,1.966309566064158,1.8040500156852772,23.48500199414696,23.25590892836164,23.695190336845542,23.695190336845542,0.0
marex_native,26,inclusive,3.0,23.89035966873187,2.0,3.932619132128316,0.11650915488545355,0.0,1.0,1.966309566064158,1.8040500156852772,23.48500199414696,23.026815862576324,23.695190336845542,23.695190336845542,0.0
marex_native,27,clean,0.0,0.0,0.0,0.0,0.10889255020360594,0.0,1.0,0.46824531617785026,0.6455096739250934,0.01571463630479286,0.01571463630479286,0.08600583087959138,0.0860058308795944,0.0
marex_native,27,clean,0.0,0.0,1.0,0.46824531617785026,0.10889255020360594,0.0,1.0,0.46824531617785026,0.6455096739250934,0.01571463630479286,-0.035273790294709784,0.08600583087959138,0.08600583087959236,0.0
marex_native,27,clean,0.0,0.0,2.0,0.9364906323557005,0.10889255020360594,0.0,1.0,0.46824531617785026,0.6455096739250934,0.01571463630479286,-0.08626221689420958,0.08600583087959138,0.08600583087959163,0.0
marex_native,27,clean,1.0,8.594427820590314,0.0,0.0,0.10889255020360594,0.0,1.0,0.46824531617785026,0.6455096739250934,8.610142456895101,8.610142456895101,8.680433651469901,8.680433651469903,0.0
marex_native,27,clean,1.0,8.594427820590314,1.0,0.46824531617785026,0.10889255020360594,0.0,1.0,0.46824531617785026,0.6455096739250934,8.610142456895101,8.559154030295598,8.680433651469901,8.680433651469901,0.0
marex_native,27,clean,1.0,8.594427820590314,2.0,0.9364906323557005,0.10889255020360594,0.0,1.0,0.46824531617785026,0.6455096739250934,8.610142456895101,8.5081656036961,8.680433651469901,8.680433651469901,0.0
marex_native,27,clean,3.0,25.783283461770942,0.0,0.0,0.10889255020360594,0.0,1.0,0.46824531617785026,0.6455096739250934,25.798998098075735,25.798998098075735,25.869289292650535,25.869289292650535,0.0
marex_native,27,clean,3.0,25.783283461770942,1.0,0.46824531617785026,0.10889255020360594,0.0,1.0,0.46824531617785026,0.6455096739250934,25.798998098075735,25.748009671476233,25.869289292650535,25.869289292650535,0.0
marex_native,27,clean,3.0,25.783283461770942,2.0,0.9364906323557005,0.10889255020360594,0.0,1.0,0.46824531617785026,0.6455096739250934,25.798998098075735,25.697021244876737,25.869289292650535,25.86928929265054,0.0
marex_native,27,inclusive,0.0,0.0,0.0,0.0,0.10889255020360594,0.31933814604249244,0.9652264549001415,0.7011252160724282,0.9437718822972329,0.01571463630479286,0.01571463630479286,0.11848436337859311,0.12275291749111239,0.0
marex_native,27,inclusive,0.0,0.0,1.0,0.7011252160724282,0.10889255020360594,0.31933814604249244,0.9652264549001415,0.7011252160724282,0.9437718822972329,0.01571463630479286,-0.060632676485397496,0.11848436337859311,0.12275291749110248,0.0
marex_native,27,inclusive,0.0,0.0,2.0,1.4022504321448563,0.10889255020360594,0.31933814604249244,0.9652264549001415,0.7011252160724282,0.9437718822972329,0.01571463630479286,-0.13697998927557647,0.11848436337859311,0.12275291749110441,0.0
marex_native,27,inclusive,1.0,8.594427820590314,0.0,0.0,0.10889255020360594,0.31933814604249244,0.9652264549001415,0.7011252160724282,-1.8007567642260938,8.610142456895101,8.610142456895101,8.414053460542126,8.71718073808142,0.29885872342677633
marex_native,27,inclusive,1.0,8.594427820590314,1.0,0.7011252160724282,0.10889255020360594,0.31933814604249244,0.9652264549001415,0.7011252160724282,-1.8007567642260938,8.610142456895101,8.53379514410491,8.414053460542126,8.71718073808141,0.29885872342677633
marex_native,27,inclusive,1.0,8.594427820590314,2.0,1.4022504321448563,0.10889255020360594,0.31933814604249244,0.9652264549001415,0.7011252160724282,-1.8007567642260938,8.610142456895101,8.457447831314733,8.414053460542126,8.717180738081414,0.29885872342677633
marex_native,27,inclusive,3.0,25.783283461770942,0.0,0.0,0.10889255020360594,0.31933814604249244,0.9652264549001415,0.7011252160724282,-7.289814057272759,25.798998098075735,25.798998098075735,25.00519165486921,25.906036379262055,0.8965761702803291
marex_native,27,inclusive,3.0,25.783283461770942,1.0,0.7011252160724282,0.10889255020360594,0.31933814604249244,0.9652264549001415,0.7011252160724282,-7.289814057272759,25.798998098075735,25.722650785285545,25.00519165486921,25.906036379262044,0.8965761702803291
marex_native,27,inclusive,3.0,25.783283461770942,2.0,1.4022504321448563,0.10889255020360594,0.31933814604249244,0.9652264549001415,0.7011252160724282,-7.289814057272759,25.798998098075735,25.64630347249537,25.00519165486921,25.906036379262048,0.8965761702803291
marex_native,28,clean,0.0,0.0,0.0,0.0,0.13286031221412756,0.0,1.0,12.401220284107765,13.371444309658694,-0.23978322624942905,-0.23978322624942905,1.5367510394856425,1.5367510394856443,0.0
marex_native,28,clean,0.0,0.0,1.0,12.401220284107765,0.13286031221412756,0.0,1.0,12.401220284107765,13.371444309658694,-0.23978322624942905,-1.8874132250321622,1.5367510394856425,1.5367510394856403,0.0
marex_native,28,clean,0.0,0.0,2.0,24.80244056821553,0.13286031221412756,0.0,1.0,12.401220284107765,13.371444309658694,-0.23978322624942905,-3.5350432238148897,1.5367510394856425,1.5367510394856412,0.0
marex_native,28,clean,1.0,6.956190635093688,0.0,0.0,0.13286031221412756,0.0,1.0,12.401220284107765,13.371444309658694,6.716407408844259,6.716407408844259,8.492941674579331,8.492941674579333,0.0
marex_native,28,clean,1.0,6.956190635093688,1.0,12.401220284107765,0.13286031221412756,0.0,1.0,12.401220284107765,13.371444309658694,6.716407408844259,5.068777410061526,8.492941674579331,8.492941674579328,0.0
marex_native,28,clean,1.0,6.956190635093688,2.0,24.80244056821553,0.13286031221412756,0.0,1.0,12.401220284107765,13.371444309658694,6.716407408844259,3.421147411278798,8.492941674579331,8.49294167457933,0.0
marex_native,28,clean,3.0,20.868571905281065,0.0,0.0,0.13286031221412756,0.0,1.0,12.401220284107765,13.371444309658694,20.628788679031636,20.628788679031636,22.40532294476671,22.40532294476671,0.0
marex_native,28,clean,3.0,20.868571905281065,1.0,12.401220284107765,0.13286031221412756,0.0,1.0,12.401220284107765,13.371444309658694,20.628788679031636,18.981158680248903,22.40532294476671,22.405322944766706,0.0
marex_native,28,clean,3.0,20.868571905281065,2.0,24.80244056821553,0.13286031221412756,0.0,1.0,12.401220284107765,13.371444309658694,20.628788679031636,17.333528681466174,22.40532294476671,22.405322944766706,0.0
marex_native,28,inclusive,0.0,0.0,0.0,0.0,0.13286031221412756,0.0,1.0,12.401220284107765,13.371444309658694,-0.23978322624942905,-0.23978322624942905,1.5367510394856425,1.5367510394856443,0.0
marex_native,28,inclusive,0.0,0.0,1.0,12.401220284107765,0.13286031221412756,0.0,1.0,12.401220284107765,13.371444309658694,-0.23978322624942905,-1.8874132250321622,1.5367510394856425,1.5367510394856403,0.0
marex_native,28,inclusive,0.0,0.0,2.0,24.80244056821553,0.13286031221412756,0.0,1.0,12.401220284107765,13.371444309658694,-0.23978322624942905,-3.5350432238148897,1.5367510394856425,1.5367510394856412,0.0
marex_native,28,inclusive,1.0,6.956190635093688,0.0,0.0,0.13286031221412756,0.0,1.0,12.401220284107765,13.371444309658694,6.716407408844259,6.716407408844259,8.492941674579331,8.492941674579333,0.0
marex_native,28,inclusive,1.0,6.956190635093688,1.0,12.401220284107765,0.13286031221412756,0.0,1.0,12.401220284107765,13.371444309658694,6.716407408844259,5.068777410061526,8.492941674579331,8.492941674579328,0.0
marex_native,28,inclusive,1.0,6.956190635093688,2.0,24.80244056821553,0.13286031221412756,0.0,1.0,12.401220284107765,13.371444309658694,6.716407408844259,3.421147411278798,8.492941674579331,8.49294167457933,0.0
marex_native,28,inclusive,3.0,20.868571905281065,0.0,0.0,0.13286031221412756,0.0,1.0,12.401220284107765,13.371444309658694,20.628788679031636,20.628788679031636,22.40532294476671,22.40532294476671,0.0
marex_native,28,inclusive,3.0,20.868571905281065,1.0,12.401220284107765,0.13286031221412756,0.0,1.0,12.401220284107765,13.371444309658694,20.628788679031636,18.981158680248903,22.40532294476671,22.405322944766706,0.0
marex_native,28,inclusive,3.0,20.868571905281065,2.0,24.80244056821553,0.13286031221412756,0.0,1.0,12.401220284107765,13.371444309658694,20.628788679031636,17.333528681466174,22.40532294476671,22.405322944766706,0.0
marex_native,29,clean,0.0,0.0,0.0,0.0,0.15650383583695304,0.0,1.0,0.7283315279826913,-1.2726028543281729,1.3834844047711201,1.3834844047711201,1.1843171765717089,1.184317176571706,0.0
marex_native,29,clean,0.0,0.0,1.0,0.7283315279826913,0.15650383583695304,0.0,1.0,0.7283315279826913,-1.2726028543281729,1.3834844047711201,1.2694977268808416,1.1843171765717089,1.1843171765717073,0.0
marex_native,29,clean,0.0,0.0,2.0,1.4566630559653826,0.15650383583695304,0.0,1.0,0.7283315279826913,-1.2726028543281729,1.3834844047711201,1.1555110489905587,1.1843171765717089,1.1843171765717053,0.0
marex_native,29,clean,1.0,7.053311825494403,0.0,0.0,0.15650383583695304,0.0,1.0,0.7283315279826913,-1.2726028543281729,8.436796230265525,8.436796230265525,8.237629002066113,8.237629002066111,0.0
marex_native,29,clean,1.0,7.053311825494403,1.0,0.7283315279826913,0.15650383583695304,0.0,1.0,0.7283315279826913,-1.2726028543281729,8.436796230265525,8.322809552375245,8.237629002066113,8.237629002066111,0.0
marex_native,29,clean,1.0,7.053311825494403,2.0,1.4566630559653826,0.15650383583695304,0.0,1.0,0.7283315279826913,-1.2726028543281729,8.436796230265525,8.208822874484962,8.237629002066113,8.23762900206611,0.0
marex_native,29,clean,3.0,21.15993547648321,0.0,0.0,0.15650383583695304,0.0,1.0,0.7283315279826913,-1.2726028543281729,22.54341988125433,22.54341988125433,22.34425265305492,22.344252653054916,0.0
marex_native,29,clean,3.0,21.15993547648321,1.0,0.7283315279826913,0.15650383583695304,0.0,1.0,0.7283315279826913,-1.2726028543281729,22.54341988125433,22.429433203364052,22.34425265305492,22.34425265305492,0.0
marex_native,29,clean,3.0,21.15993547648321,2.0,1.4566630559653826,0.15650383583695304,0.0,1.0,0.7283315279826913,-1.2726028543281729,22.54341988125433,22.31544652547377,22.34425265305492,22.344252653054916,0.0
marex_native,29,inclusive,0.0,0.0,0.0,0.0,0.15650383583695304,0.2386450976776633,0.9626511268097614,0.6268618899657195,-1.552903964534724,1.3834844047711201,1.3834844047711201,1.1404489776350233,1.1846960397942785,0.0
marex_native,29,inclusive,0.0,0.0,1.0,0.6268618899657195,0.15650383583695304,0.2386450976776633,0.9626511268097614,0.6268618899657195,-1.552903964534724,1.3834844047711201,1.2853781144514813,1.1404489776350233,1.1846960397942765,0.0
marex_native,29,inclusive,0.0,0.0,2.0,1.253723779931439,0.15650383583695304,0.2386450976776633,0.9626511268097614,0.6268618899657195,-1.552903964534724,1.3834844047711201,1.1872718241318438,1.1404489776350233,1.1846960397942765,0.0
marex_native,29,inclusive,1.0,7.053311825494403,0.0,0.0,0.15650383583695304,0.2386450976776633,0.9626511268097614,0.6268618899657195,-3.236142254080852,8.436796230265525,8.436796230265525,7.930327554187828,8.238007865288683,0.2634332489416011
marex_native,29,inclusive,1.0,7.053311825494403,1.0,0.6268618899657195,0.15650383583695304,0.2386450976776633,0.9626511268097614,0.6268618899657195,-3.236142254080852,8.436796230265525,8.338689939945885,7.930327554187828,8.238007865288681,0.2634332489416011
marex_native,29,inclusive,1.0,7.053311825494403,2.0,1.253723779931439,0.15650383583695304,0.2386450976776633,0.9626511268097614,0.6268618899657195,-3.236142254080852,8.436796230265525,8.240583649626249,7.930327554187828,8.238007865288681,0.2634332489416011
marex_native,29,inclusive,3.0,21.15993547648321,0.0,0.0,0.15650383583695304,0.2386450976776633,0.9626511268097614,0.6268618899657195,-6.602618833173112,22.54341988125433,22.54341988125433,21.510084707293434,22.344631516277488,0.7902997468248033
marex_native,29,inclusive,3.0,21.15993547648321,1.0,0.6268618899657195,0.15650383583695304,0.2386450976776633,0.9626511268097614,0.6268618899657195,-6.602618833173112,22.54341988125433,22.445313590934692,21.510084707293434,22.344631516277488,0.7902997468248033
marex_native,29,inclusive,3.0,21.15993547648321,2.0,1.253723779931439,0.15650383583695304,0.2386450976776633,0.9626511268097614,0.6268618899657195,-6.602618833173112,22.54341988125433,22.347207300615057,21.510084707293434,22.34463151627749,0.7902997468248033
marex_native,30,clean,0.0,0.0,0.0,0.0,0.11873175734375495,0.0,1.0,0.6859174752848853,1.733764561743746,-0.12775848416979158,-0.12775848416979158,0.07809442906636263,0.07809442906636853,0.0
marex_native,30,clean,0.0,0.0,1.0,0.6859174752848853,0.11873175734375495,0.0,1.0,0.6859174752848853,1.733764561743746,-0.12775848416979158,-0.20919867140315773,0.07809442906636263,0.07809442906636843,0.0
marex_native,30,clean,0.0,0.0,2.0,1.3718349505697707,0.11873175734375495,0.0,1.0,0.6859174752848853,1.733764561743746,-0.12775848416979158,-0.2906388586365267,0.07809442906636263,0.07809442906636573,0.0
marex_native,30,clean,1.0,7.4026187252345865,0.0,0.0,0.11873175734375495,0.0,1.0,0.6859174752848853,1.733764561743746,7.274860241064791,7.274860241064791,7.480713154300945,7.48071315430095,0.0
marex_native,30,clean,1.0,7.4026187252345865,1.0,0.6859174752848853,0.11873175734375495,0.0,1.0,0.6859174752848853,1.733764561743746,7.274860241064791,7.193420053831424,7.480713154300945,7.48071315430095,0.0
marex_native,30,clean,1.0,7.4026187252345865,2.0,1.3718349505697707,0.11873175734375495,0.0,1.0,0.6859174752848853,1.733764561743746,7.274860241064791,7.111979866598055,7.480713154300945,7.480713154300948,0.0
marex_native,30,clean,3.0,22.20785617570376,0.0,0.0,0.11873175734375495,0.0,1.0,0.6859174752848853,1.733764561743746,22.080097691533965,22.080097691533965,22.285950604770118,22.285950604770125,0.0
marex_native,30,clean,3.0,22.20785617570376,1.0,0.6859174752848853,0.11873175734375495,0.0,1.0,0.6859174752848853,1.733764561743746,22.080097691533965,21.9986575043006,22.285950604770118,22.285950604770125,0.0
marex_native,30,clean,3.0,22.20785617570376,2.0,1.3718349505697707,0.11873175734375495,0.0,1.0,0.6859174752848853,1.733764561743746,22.080097691533965,21.91721731706723,22.285950604770118,22.28595060477012,0.0
marex_native,30,inclusive,0.0,0.0,0.0,0.0,0.11873175734375495,0.16015857376878562,0.9809840910827626,0.822109003623493,1.6341715851084402,-0.12775848416979158,-0.12775848416979158,0.06626957993135818,0.06755418414402418,0.0
marex_native,30,inclusive,0.0,0.0,1.0,0.822109003623493,0.11873175734375495,0.16015857376878562,0.9809840910827626,0.822109003623493,1.6341715851084402,-0.12775848416979158,-0.2253689308981393,0.06626957993135818,0.06755418414401732,0.0
marex_native,30,inclusive,0.0,0.0,2.0,1.644218007246986,0.11873175734375495,0.16015857376878562,0.9809840910827626,0.822109003623493,1.6341715851084402,-0.12775848416979158,-0.3229793776264785,0.06626957993135818,0.06755418414401869,0.0
marex_native,30,inclusive,1.0,7.4026187252345865,0.0,0.0,0.11873175734375495,0.16015857376878562,0.9809840910827626,0.822109003623493,0.44857872792075854,7.274860241064791,7.274860241064791,7.328120781737844,7.470172909378606,0.1407675234280964
marex_native,30,inclusive,1.0,7.4026187252345865,1.0,0.822109003623493,0.11873175734375495,0.16015857376878562,0.9809840910827626,0.822109003623493,0.44857872792075854,7.274860241064791,7.177249794336443,7.328120781737844,7.470172909378599,0.1407675234280964
marex_native,30,inclusive,1.0,7.4026187252345865,2.0,1.644218007246986,0.11873175734375495,0.16015857376878562,0.9809840910827626,0.822109003623493,0.44857872792075854,7.274860241064791,7.079639347608103,7.328120781737844,7.4701729093786,0.1407675234280964
marex_native,30,inclusive,3.0,22.20785617570376,0.0,0.0,0.11873175734375495,0.16015857376878562,0.9809840910827626,0.822109003623493,-1.922606986454595,22.080097691533965,22.080097691533965,21.851823185350828,22.27541035984778,0.42230257028428925
marex_native,30,inclusive,3.0,22.20785617570376,1.0,0.822109003623493,0.11873175734375495,0.16015857376878562,0.9809840910827626,0.822109003623493,-1.922606986454595,22.080097691533965,21.98248724480562,21.851823185350828,22.275410359847776,0.42230257028428925
marex_native,30,inclusive,3.0,22.20785617570376,2.0,1.644218007246986,0.11873175734375495,0.16015857376878562,0.9809840910827626,0.822109003623493,-1.922606986454595,22.080097691533965,21.88487679807728,21.851823185350828,22.275410359847776,0.42230257028428925
marex_native,31,clean,0.0,0.0,0.0,0.0,0.1252088496235704,0.0,1.0,0.992184125519105,-1.7464191062939591,-1.7903104358919009,-1.7903104358919009,-2.0089775631515936,-2.0089775631515914,0.0
marex_native,31,clean,0.0,0.0,1.0,0.992184125519105,0.1252088496235704,0.0,1.0,0.992184125519105,-1.7464191062939591,-1.7903104358919009,-1.9145406688629194,-2.0089775631515936,-2.008977563151595,0.0
marex_native,31,clean,0.0,0.0,2.0,1.98436825103821,0.1252088496235704,0.0,1.0,0.992184125519105,-1.7464191062939591,-1.7903104358919009,-2.0387709018339324,-2.0089775631515936,-2.0089775631515927,0.0
marex_native,31,clean,1.0,9.167659936982949,0.0,0.0,0.1252088496235704,0.0,1.0,0.992184125519105,-1.7464191062939591,7.377349501091042,7.377349501091042,7.15868237383135,7.158682373831351,0.0
marex_native,31,clean,1.0,9.167659936982949,1.0,0.992184125519105,0.1252088496235704,0.0,1.0,0.992184125519105,-1.7464191062939591,7.377349501091042,7.253119268120024,7.15868237383135,7.158682373831349,0.0
marex_native,31,clean,1.0,9.167659936982949,2.0,1.98436825103821,0.1252088496235704,0.0,1.0,0.992184125519105,-1.7464191062939591,7.377349501091042,7.128889035149011,7.15868237383135,7.1586823738313505,0.0
marex_native,31,clean,3.0,27.502979810948844,0.0,0.0,0.1252088496235704,0.0,1.0,0.992184125519105,-1.7464191062939591,25.712669375056947,25.712669375056947,25.494002247797255,25.49400224779726,0.0
marex_native,31,clean,3.0,27.502979810948844,1.0,0.992184125519105,0.1252088496235704,0.0,1.0,0.992184125519105,-1.7464191062939591,25.712669375056947,25.588439142085928,25.494002247797255,25.49400224779725,0.0
marex_native,31,clean,3.0,27.502979810948844,2.0,1.98436825103821,0.1252088496235704,0.0,1.0,0.992184125519105,-1.7464191062939591,25.712669375056947,25.464208909114916,25.494002247797255,25.494002247797255,0.0
marex_native,31,inclusive,0.0,0.0,0.0,0.0,0.1252088496235704,0.4766322632131581,0.9403214226296016,1.1786095810909472,-0.8002421688240731,-1.7903104358919009,-1.7903104358919009,-1.890507837270637,-2.010491085041797,0.0
marex_native,31,inclusive,0.0,0.0,1.0,1.1786095810909472,0.1252088496235704,0.4766322632131581,0.9403214226296016,1.1786095810909472,-0.8002421688240731,-1.7903104358919009,-1.9378827856956178,-1.890507837270637,-2.0104910850417976,0.0
marex_native,31,inclusive,0.0,0.0,2.0,2.3572191621818943,0.1252088496235704,0.4766322632131581,0.9403214226296016,1.1786095810909472,-0.8002421688240731,-1.7903104358919009,-2.085455135499328,-1.890507837270637,-2.0104910850417927,0.0
marex_native,31,inclusive,1.0,9.167659936982949,0.0,0.0,0.1252088496235704,0.4766322632131581,0.9403214226296016,1.1786095810909472,-5.169844672956849,7.377349501091042,7.377349501091042,6.730039196857571,7.1571688519411465,0.5471129028547381
marex_native,31,inclusive,1.0,9.167659936982949,1.0,1.1786095810909472,0.1252088496235704,0.4766322632131581,0.9403214226296016,1.1786095810909472,-5.169844672956849,7.377349501091042,7.229777151287325,6.730039196857571,7.157168851941146,0.5471129028547381
marex_native,31,inclusive,1.0,9.167659936982949,2.0,2.3572191621818943,0.1252088496235704,0.4766322632131581,0.9403214226296016,1.1786095810909472,-5.169844672956849,7.377349501091042,7.082204801483615,6.730039196857571,7.157168851941151,0.5471129028547381
marex_native,31,inclusive,3.0,27.502979810948844,0.0,0.0,0.1252088496235704,0.4766322632131581,0.9403214226296016,1.1786095810909472,-13.909049681222413,25.712669375056947,25.712669375056947,23.971133265114,25.49248872590705,1.6413387085642142
marex_native,31,inclusive,3.0,27.502979810948844,1.0,1.1786095810909472,0.1252088496235704,0.4766322632131581,0.9403214226296016,1.1786095810909472,-13.909049681222413,25.712669375056947,25.56509702525323,23.971133265114,25.49248872590705,1.6413387085642142
marex_native,31,inclusive,3.0,27.502979810948844,2.0,2.3572191621818943,0.1252088496235704,0.4766322632131581,0.9403214226296016,1.1786095810909472,-13.909049681222413,25.712669375056947,25.41752467544952,23.971133265114,25.492488725907055,1.6413387085642142
marex_native,32,clean,0.0,0.0,0.0,0.0,0.12403926854159417,0.0,1.0,1.2140913997061402,1.5673304358969475,0.4998054908095497,0.4998054908095497,0.694216011641187,0.6942160116411851,0.0
marex_native,32,clean,0.0,0.0,1.0,1.2140913997061402,0.12403926854159417,0.0,1.0,1.2140913997061402,1.5673304358969475,0.4998054908095497,0.3492104816473599,0.694216011641187,0.6942160116411848,0.0
marex_native,32,clean,0.0,0.0,2.0,2.4281827994122804,0.12403926854159417,0.0,1.0,1.2140913997061402,1.5673304358969475,0.4998054908095497,0.19861547248517156,0.694216011641187,0.694216011641187,0.0
marex_native,32,clean,1.0,6.547274101561177,0.0,0.0,0.12403926854159417,0.0,1.0,1.2140913997061402,1.5673304358969475,7.04707959237072,7.04707959237072,7.2414901132023575,7.241490113202355,0.0
marex_native,32,clean,1.0,6.547274101561177,1.0,1.2140913997061402,0.12403926854159417,0.0,1.0,1.2140913997061402,1.5673304358969475,7.04707959237072,6.89648458320853,7.2414901132023575,7.241490113202356,0.0
marex_native,32,clean,1.0,6.547274101561177,2.0,2.4281827994122804,0.12403926854159417,0.0,1.0,1.2140913997061402,1.5673304358969475,7.04707959237072,6.745889574046342,7.2414901132023575,7.2414901132023575,0.0
marex_native,32,clean,3.0,19.64182230468353,0.0,0.0,0.12403926854159417,0.0,1.0,1.2140913997061402,1.5673304358969475,20.14162779549308,20.14162779549308,20.336038316324718,20.336038316324714,0.0
marex_native,32,clean,3.0,19.64182230468353,1.0,1.2140913997061402,0.12403926854159417,0.0,1.0,1.2140913997061402,1.5673304358969475,20.14162779549308,19.99103278633089,20.336038316324718,20.336038316324714,0.0
marex_native,32,clean,3.0,19.64182230468353,2.0,2.4281827994122804,0.12403926854159417,0.0,1.0,1.2140913997061402,1.5673304358969475,20.14162779549308,19.840437777168702,20.336038316324718,20.336038316324718,0.0
marex_native,32,inclusive,0.0,0.0,0.0,0.0,0.12403926854159417,0.26312565248233344,0.9673620865315616,1.0084563335061227,1.6566234424874806,0.4998054908095497,0.4998054908095497,0.7052918508645561,0.7290877538868104,0.0
marex_native,32,inclusive,0.0,0.0,1.0,1.0084563335061227,0.12403926854159417,0.26312565248233344,0.9673620865315616,1.0084563335061227,1.6566234424874806,0.4998054908095497,0.3747173048453149,0.7052918508645561,0.7290877538868128,0.0
marex_native,32,inclusive,0.0,0.0,2.0,2.0169126670122455,0.12403926854159417,0.26312565248233344,0.9673620865315616,1.0084563335061227,1.6566234424874806,0.4998054908095497,0.24962911888107583,0.7052918508645561,0.7290877538868112,0.0
marex_native,32,inclusive,1.0,6.547274101561177,0.0,0.0,0.12403926854159417,0.26312565248233344,0.9673620865315616,1.0084563335061227,-0.06613232746648663,7.04707959237072,7.04707959237072,7.038876586844827,7.2763618554479805,0.21368936558090107
marex_native,32,inclusive,1.0,6.547274101561177,1.0,1.0084563335061227,0.12403926854159417,0.26312565248233344,0.9673620865315616,1.0084563335061227,-0.06613232746648663,7.04707959237072,6.921991406406486,7.038876586844827,7.276361855447983,0.21368936558090107
marex_native,32,inclusive,1.0,6.547274101561177,2.0,2.0169126670122455,0.12403926854159417,0.26312565248233344,0.9673620865315616,1.0084563335061227,-0.06613232746648663,7.04707959237072,6.796903220442246,7.038876586844827,7.276361855447981,0.21368936558090107
marex_native,32,inclusive,3.0,19.64182230468353,0.0,0.0,0.12403926854159417,0.26312565248233344,0.9673620865315616,1.0084563335061227,-3.511643867374424,20.14162779549308,20.14162779549308,19.70604605880538,20.370910058570338,0.6410680967427032
marex_native,32,inclusive,3.0,19.64182230468353,1.0,1.0084563335061227,0.12403926854159417,0.26312565248233344,0.9673620865315616,1.0084563335061227,-3.511643867374424,20.14162779549308,20.016539609528845,19.70604605880538,20.37091005857034,0.6410680967427032
marex_native,32,inclusive,3.0,19.64182230468353,2.0,2.0169126670122455,0.12403926854159417,0.26312565248233344,0.9673620865315616,1.0084563335061227,-3.511643867374424,20.14162779549308,19.891451423564607,19.70604605880538,20.37091005857034,0.6410680967427032
marex_native,33,clean,0.0,0.0,0.0,0.0,0.11765661592710545,0.0,1.0,1.045960311082779,1.2344318944297612,2.0992019258322117,2.0992019258322117,2.2444410051233037,2.2444410051233032,0.0
marex_native,33,clean,0.0,0.0,1.0,1.045960311082779,0.11765661592710545,0.0,1.0,1.045960311082779,1.2344318944297612,2.0992019258322117,1.976137775236154,2.2444410051233037,2.244441005123308,0.0
marex_native,33,clean,0.0,0.0,2.0,2.091920622165558,0.11765661592710545,0.0,1.0,1.045960311082779,1.2344318944297612,2.0992019258322117,1.8530736246400892,2.2444410051233037,2.2444410051233055,0.0
marex_native,33,clean,1.0,7.691576511229179,0.0,0.0,0.11765661592710545,0.0,1.0,1.045960311082779,1.2344318944297612,9.790778437061386,9.790778437061386,9.936017516352477,9.936017516352477,0.0
marex_native,33,clean,1.0,7.691576511229179,1.0,1.045960311082779,0.11765661592710545,0.0,1.0,1.045960311082779,1.2344318944297612,9.790778437061386,9.667714286465328,9.936017516352477,9.936017516352482,0.0
marex_native,33,clean,1.0,7.691576511229179,2.0,2.091920622165558,0.11765661592710545,0.0,1.0,1.045960311082779,1.2344318944297612,9.790778437061386,9.544650135869263,9.936017516352477,9.93601751635248,0.0
marex_native,33,clean,3.0,23.074729533687538,0.0,0.0,0.11765661592710545,0.0,1.0,1.045960311082779,1.2344318944297612,25.173931459519746,25.173931459519746,25.319170538810837,25.319170538810837,0.0
marex_native,33,clean,3.0,23.074729533687538,1.0,1.045960311082779,0.11765661592710545,0.0,1.0,1.045960311082779,1.2344318944297612,25.173931459519746,25.05086730892369,25.319170538810837,25.31917053881084,0.0
marex_native,33,clean,3.0,23.074729533687538,2.0,2.091920622165558,0.11765661592710545,0.0,1.0,1.045960311082779,1.2344318944297612,25.173931459519746,24.927803158327624,25.319170538810837,25.31917053881084,0.0
marex_native,33,inclusive,0.0,0.0,0.0,0.0,0.11765661592710545,0.5590482950008779,0.9342242694703785,0.9455239063251335,0.255517176221737,2.0992019258322117,2.0992019258322117,2.1292652120977094,2.2791799374948947,0.0
marex_native,33,inclusive,0.0,0.0,1.0,0.9455239063251335,0.11765661592710545,0.5590482950008779,0.9342242694703785,0.9455239063251335,0.255517176221737,2.0992019258322117,1.9879547827358195,2.1292652120977094,2.2791799374948956,0.0
marex_native,33,inclusive,0.0,0.0,2.0,1.891047812650267,0.11765661592710545,0.5590482950008779,0.9342242694703785,0.9455239063251335,0.255517176221737,2.0992019258322117,1.8767076396394273,2.1292652120977094,2.279179937494896,0.0
marex_native,33,inclusive,1.0,7.691576511229179,0.0,0.0,0.11765661592710545,0.5590482950008779,0.9342242694703785,0.9455239063251335,-4.0444455582497385,9.790778437061386,9.790778437061386,9.31492265937631,9.970756448724067,0.5059190639505764
marex_native,33,inclusive,1.0,7.691576511229179,1.0,0.9455239063251335,0.11765661592710545,0.5590482950008779,0.9342242694703785,0.9455239063251335,-4.0444455582497385,9.790778437061386,9.679531293964994,9.31492265937631,9.97075644872407,0.5059190639505764
marex_native,33,inclusive,1.0,7.691576511229179,2.0,1.891047812650267,0.11765661592710545,0.5590482950008779,0.9342242694703785,0.9455239063251335,-4.0444455582497385,9.790778437061386,9.568284150868601,9.31492265937631,9.97075644872407,0.5059190639505764
marex_native,33,inclusive,3.0,23.074729533687538,0.0,0.0,0.11765661592710545,0.5590482950008779,0.9342242694703785,0.9455239063251335,-12.644371027192689,25.173931459519746,25.173931459519746,23.686237553933516,25.35390947118243,1.5177571918517292
marex_native,33,inclusive,3.0,23.074729533687538,1.0,0.9455239063251335,0.11765661592710545,0.5590482950008779,0.9342242694703785,0.9455239063251335,-12.644371027192689,25.173931459519746,25.062684316423354,23.686237553933516,25.35390947118243,1.5177571918517292
marex_native,33,inclusive,3.0,23.074729533687538,2.0,1.891047812650267,0.11765661592710545,0.5590482950008779,0.9342242694703785,0.9455239063251335,-12.644371027192689,25.173931459519746,24.951437173326962,23.686237553933516,25.35390947118243,1.5177571918517292
marex_native,34,clean,0.0,0.0,0.0,0.0,0.13619210217356512,0.0,1.0,3.4825490436498363,1.9183354993016066,0.11631749541364655,0.11631749541364655,0.37757963973770503,0.37757963973770803,0.0
marex_native,34,clean,0.0,0.0,1.0,3.4825490436498363,0.13619210217356512,0.0,1.0,3.4825490436498363,1.9183354993016066,0.11631749541364655,-0.3579781797635633,0.37757963973770503,0.37757963973770814,0.0
marex_native,34,clean,0.0,0.0,2.0,6.965098087299673,0.13619210217356512,0.0,1.0,3.4825490436498363,1.9183354993016066,0.11631749541364655,-0.832273854940776,0.37757963973770503,0.37757963973770553,0.0
marex_native,34,clean,1.0,9.248967746126395,0.0,0.0,0.13619210217356512,0.0,1.0,3.4825490436498363,1.9183354993016066,9.365285241540043,9.365285241540043,9.626547385864102,9.626547385864104,0.0
marex_native,34,clean,1.0,9.248967746126395,1.0,3.4825490436498363,0.13619210217356512,0.0,1.0,3.4825490436498363,1.9183354993016066,9.365285241540043,8.890989566362833,9.626547385864102,9.626547385864106,0.0
marex_native,34,clean,1.0,9.248967746126395,2.0,6.965098087299673,0.13619210217356512,0.0,1.0,3.4825490436498363,1.9183354993016066,9.365285241540043,8.41669389118562,9.626547385864102,9.626547385864102,0.0
marex_native,34,clean,3.0,27.746903238379183,0.0,0.0,0.13619210217356512,0.0,1.0,3.4825490436498363,1.9183354993016066,27.863220733792833,27.863220733792833,28.124482878116886,28.124482878116893,0.0
marex_native,34,clean,3.0,27.746903238379183,1.0,3.4825490436498363,0.13619210217356512,0.0,1.0,3.4825490436498363,1.9183354993016066,27.863220733792833,27.38892505861562,28.124482878116886,28.12448287811689,0.0
marex_native,34,clean,3.0,27.746903238379183,2.0,6.965098087299673,0.13619210217356512,0.0,1.0,3.4825490436498363,1.9183354993016066,27.863220733792833,26.91462938343841,28.124482878116886,28.12448287811689,0.0
marex_native,34,inclusive,0.0,0.0,0.0,0.0,0.13619210217356512,0.539908124656956,0.9264687775223819,2.0569030602059057,3.5709909104860813,0.11631749541364655,0.11631749541364655,0.6026582543554412,0.6504895458723433,0.0
marex_native,34,inclusive,0.0,0.0,1.0,2.0569030602059057,0.13619210217356512,0.539908124656956,0.9264687775223819,2.0569030602059057,3.5709909104860813,0.11631749541364655,-0.16381645632303615,0.6026582543554412,0.6504895458723421,0.0
marex_native,34,inclusive,0.0,0.0,2.0,4.1138061204118115,0.13619210217356512,0.539908124656956,0.9264687775223819,2.0569030602059057,3.5709909104860813,0.11631749541364655,-0.44395040805971886,0.6026582543554412,0.6504895458723408,0.0
marex_native,34,inclusive,1.0,9.248967746126395,0.0,0.0,0.13619210217356512,0.539908124656956,0.9264687775223819,2.0569030602059057,-1.422601920337695,9.365285241540043,9.365285241540043,9.171538095453103,9.89945729199874,0.680087905028734
marex_native,34,inclusive,1.0,9.248967746126395,1.0,2.0569030602059057,0.13619210217356512,0.539908124656956,0.9264687775223819,2.0569030602059057,-1.422601920337695,9.365285241540043,9.08515128980336,9.171538095453103,9.899457291998738,0.680087905028734
marex_native,34,inclusive,1.0,9.248967746126395,2.0,4.1138061204118115,0.13619210217356512,0.539908124656956,0.9264687775223819,2.0569030602059057,-1.422601920337695,9.365285241540043,8.805017338066678,9.171538095453103,9.899457291998738,0.680087905028734
marex_native,34,inclusive,3.0,27.746903238379183,0.0,0.0,0.13619210217356512,0.539908124656956,0.9264687775223819,2.0569030602059057,-11.409787581985244,27.863220733792833,27.863220733792833,26.309297777648418,28.39739278425153,2.0402637150862017
marex_native,34,inclusive,3.0,27.746903238379183,1.0,2.0569030602059057,0.13619210217356512,0.539908124656956,0.9264687775223819,2.0569030602059057,-11.409787581985244,27.863220733792833,27.58308678205615,26.309297777648418,28.39739278425153,2.0402637150862017
marex_native,34,inclusive,3.0,27.746903238379183,2.0,4.1138061204118115,0.13619210217356512,0.539908124656956,0.9264687775223819,2.0569030602059057,-11.409787581985244,27.863220733792833,27.302952830319462,26.309297777648418,28.397392784251522,2.0402637150862017
marex_native,35,clean,0.0,0.0,0.0,0.0,0.11971147064033115,0.0,1.0,1.1443205947455173,3.124769429164155,0.4947321657015067,0.4947321657015067,0.8688029094786998,0.8688029094786958,0.0
marex_native,35,clean,0.0,0.0,1.0,1.1443205947455173,0.11971147064033115,0.0,1.0,1.1443205947455173,3.124769429164155,0.4947321657015067,0.3577438644205017,0.8688029094786998,0.8688029094786953,0.0
marex_native,35,clean,0.0,0.0,2.0,2.2886411894910346,0.11971147064033115,0.0,1.0,1.1443205947455173,3.124769429164155,0.4947321657015067,0.220755563139501,0.8688029094786998,0.8688029094786983,0.0
marex_native,35,clean,1.0,9.514009428680783,0.0,0.0,0.11971147064033115,0.0,1.0,1.1443205947455173,3.124769429164155,10.00874159438229,10.00874159438229,10.382812338159484,10.382812338159479,0.0
marex_native,35,clean,1.0,9.514009428680783,1.0,1.1443205947455173,0.11971147064033115,0.0,1.0,1.1443205947455173,3.124769429164155,10.00874159438229,9.871753293101285,10.382812338159484,10.382812338159479,0.0
marex_native,35,clean,1.0,9.514009428680783,2.0,2.2886411894910346,0.11971147064033115,0.0,1.0,1.1443205947455173,3.124769429164155,10.00874159438229,9.734764991820285,10.382812338159484,10.382812338159482,0.0
marex_native,35,clean,3.0,28.54202828604235,0.0,0.0,0.11971147064033115,0.0,1.0,1.1443205947455173,3.124769429164155,29.036760451743856,29.036760451743856,29.41083119552105,29.410831195521045,0.0
marex_native,35,clean,3.0,28.54202828604235,1.0,1.1443205947455173,0.11971147064033115,0.0,1.0,1.1443205947455173,3.124769429164155,29.036760451743856,28.899772150462855,29.41083119552105,29.410831195521048,0.0
marex_native,35,clean,3.0,28.54202828604235,2.0,2.2886411894910346,0.11971147064033115,0.0,1.0,1.1443205947455173,3.124769429164155,29.036760451743856,28.76278384918185,29.41083119552105,29.410831195521048,0.0
marex_native,35,inclusive,0.0,0.0,0.0,0.0,0.11971147064033115,0.515750401652897,0.9382587609347902,1.3159880331142673,3.4326372173357287,0.4947321657015067,0.4947321657015067,0.9056582151635026,0.9652542058452943,0.0
marex_native,35,inclusive,0.0,0.0,1.0,1.3159880331142673,0.11971147064033115,0.515750401652897,0.9382587609347902,1.3159880331142673,3.4326372173357287,0.4947321657015067,0.33719330291232125,0.9056582151635026,0.9652542058452944,0.0
marex_native,35,inclusive,0.0,0.0,2.0,2.6319760662285345,0.11971147064033115,0.515750401652897,0.9382587609347902,1.3159880331142673,3.4326372173357287,0.4947321657015067,0.17965444012313725,0.9056582151635026,0.9652542058452963,0.0
marex_native,35,inclusive,1.0,9.514009428680783,0.0,0.0,0.11971147064033115,0.515750401652897,0.9382587609347902,1.3159880331142673,-1.4742169668358414,10.00874159438229,10.00874159438229,9.832260913239447,10.479263634526076,0.5874067306048402
marex_native,35,inclusive,1.0,9.514009428680783,1.0,1.3159880331142673,0.11971147064033115,0.515750401652897,0.9382587609347902,1.3159880331142673,-1.4742169668358414,10.00874159438229,9.851202731593105,9.832260913239447,10.479263634526077,0.5874067306048402
marex_native,35,inclusive,1.0,9.514009428680783,2.0,2.6319760662285345,0.11971147064033115,0.515750401652897,0.9382587609347902,1.3159880331142673,-1.4742169668358414,10.00874159438229,9.69366386880392,9.832260913239447,10.47926363452608,0.5874067306048402
marex_native,35,inclusive,3.0,28.54202828604235,0.0,0.0,0.11971147064033115,0.515750401652897,0.9382587609347902,1.3159880331142673,-11.287925335178965,29.036760451743856,29.036760451743856,27.685466309391337,29.507282491887644,1.7622201918145204
marex_native,35,inclusive,3.0,28.54202828604235,1.0,1.3159880331142673,0.11971147064033115,0.515750401652897,0.9382587609347902,1.3159880331142673,-11.287925335178965,29.036760451743856,28.87922158895467,27.685466309391337,29.507282491887644,1.7622201918145204
marex_native,35,inclusive,3.0,28.54202828604235,2.0,2.6319760662285345,0.11971147064033115,0.515750401652897,0.9382587609347902,1.3159880331142673,-11.287925335178965,29.036760451743856,28.72168272616549,27.685466309391337,29.507282491887647,1.7622201918145204
marex_native,36,clean,0.0,0.0,0.0,0.0,0.13526921204162978,0.0,1.0,2.194859269358856,1.4651299013621952,-1.2338559306000434,-1.2338559306000434,-1.035668963304147,-1.0356689633041485,0.0
marex_native,36,clean,0.0,0.0,1.0,2.194859269358856,0.13526921204162978,0.0,1.0,2.194859269358856,1.4651299013621952,-1.2338559306000434,-1.5307528145084803,-1.035668963304147,-1.0356689633041456,0.0
marex_native,36,clean,0.0,0.0,2.0,4.389718538717712,0.13526921204162978,0.0,1.0,2.194859269358856,1.4651299013621952,-1.2338559306000434,-1.8276496984169228,-1.035668963304147,-1.035668963304148,0.0
marex_native,36,clean,1.0,8.753206316786496,0.0,0.0,0.13526921204162978,0.0,1.0,2.194859269358856,1.4651299013621952,7.51935038618645,7.51935038618645,7.717537353482347,7.717537353482345,0.0
marex_native,36,clean,1.0,8.753206316786496,1.0,2.194859269358856,0.13526921204162978,0.0,1.0,2.194859269358856,1.4651299013621952,7.51935038618645,7.222453502278013,7.717537353482347,7.7175373534823475,0.0
marex_native,36,clean,1.0,8.753206316786496,2.0,4.389718538717712,0.13526921204162978,0.0,1.0,2.194859269358856,1.4651299013621952,7.51935038618645,6.925556618369571,7.717537353482347,7.717537353482346,0.0
marex_native,36,clean,3.0,26.25961895035949,0.0,0.0,0.13526921204162978,0.0,1.0,2.194859269358856,1.4651299013621952,25.02576301975944,25.02576301975944,25.22394998705534,25.223949987055338,0.0
marex_native,36,clean,3.0,26.25961895035949,1.0,2.194859269358856,0.13526921204162978,0.0,1.0,2.194859269358856,1.4651299013621952,25.02576301975944,24.728866135851007,25.22394998705534,25.22394998705534,0.0
marex_native,36,clean,3.0,26.25961895035949,2.0,4.389718538717712,0.13526921204162978,0.0,1.0,2.194859269358856,1.4651299013621952,25.02576301975944,24.43196925194256,25.22394998705534,25.223949987055335,0.0
marex_native,36,inclusive,0.0,0.0,0.0,0.0,0.13526921204162978,0.0,1.0,2.1943083343106045,1.463449548347961,-1.2338559306000434,-1.2338559306000434,-1.0358962633323359,-1.0358962633323356,0.0
marex_native,36,inclusive,0.0,0.0,1.0,2.1943083343106045,0.13526921204162978,0.0,1.0,2.1943083343106045,1.463449548347961,-1.2338559306000434,-1.5306782899586182,-1.0358962633323359,-1.035896263332334,0.0
marex_native,36,inclusive,0.0,0.0,2.0,4.388616668621209,0.13526921204162978,0.0,1.0,2.1943083343106045,1.463449548347961,-1.2338559306000434,-1.827500649317193,-1.0358962633323359,-1.035896263332332,0.0
marex_native,36,inclusive,1.0,8.753206316786496,0.0,0.0,0.13526921204162978,0.0,1.0,2.1943083343106045,1.463449548347961,7.51935038618645,7.51935038618645,7.717310053454158,7.717310053454158,0.0
marex_native,36,inclusive,1.0,8.753206316786496,1.0,2.1943083343106045,0.13526921204162978,0.0,1.0,2.1943083343106045,1.463449548347961,7.51935038618645,7.2225280268278755,7.717310053454158,7.71731005345416,0.0
marex_native,36,inclusive,1.0,8.753206316786496,2.0,4.388616668621209,0.13526921204162978,0.0,1.0,2.1943083343106045,1.463449548347961,7.51935038618645,6.9257056674693,7.717310053454158,7.717310053454161,0.0
marex_native,36,inclusive,3.0,26.25961895035949,0.0,0.0,0.13526921204162978,0.0,1.0,2.1943083343106045,1.463449548347961,25.02576301975944,25.02576301975944,25.223722687027152,25.22372268702715,0.0
marex_native,36,inclusive,3.0,26.25961895035949,1.0,2.1943083343106045,0.13526921204162978,0.0,1.0,2.1943083343106045,1.463449548347961,25.02576301975944,24.72894066040087,25.223722687027152,25.223722687027156,0.0
marex_native,36,inclusive,3.0,26.25961895035949,2.0,4.388616668621209,0.13526921204162978,0.0,1.0,2.1943083343106045,1.463449548347961,25.02576301975944,24.432118301042294,25.223722687027152,25.223722687027156,0.0
marex_native,37,clean,0.0,0.0,0.0,0.0,0.1375233026330084,0.0,1.0,0.6097612311460915,0.6018965808047497,-1.165167769108146,-1.165167769108146,-1.0823929634723641,-1.0823929634723612,0.0
marex_native,37,clean,0.0,0.0,1.0,0.6097612311460915,0.1375233026330084,0.0,1.0,0.6097612311460915,0.6018965808047497,-1.165167769108146,-1.2490241474329267,-1.0823929634723641,-1.082392963472362,0.0
marex_native,37,clean,0.0,0.0,2.0,1.219522462292183,0.1375233026330084,0.0,1.0,0.6097612311460915,0.6018965808047497,-1.165167769108146,-1.3328805257577074,-1.0823929634723641,-1.0823929634723632,0.0
marex_native,37,clean,1.0,7.269282768092266,0.0,0.0,0.1375233026330084,0.0,1.0,0.6097612311460915,0.6018965808047497,6.104114998984119,6.104114998984119,6.1868898046199,6.186889804619903,0.0
marex_native,37,clean,1.0,7.269282768092266,1.0,0.6097612311460915,0.1375233026330084,0.0,1.0,0.6097612311460915,0.6018965808047497,6.104114998984119,6.020258620659338,6.1868898046199,6.186889804619903,0.0
marex_native,37,clean,1.0,7.269282768092266,2.0,1.219522462292183,0.1375233026330084,0.0,1.0,0.6097612311460915,0.6018965808047497,6.104114998984119,5.936402242334557,6.1868898046199,6.186889804619901,0.0
marex_native,37,clean,3.0,21.807848304276796,0.0,0.0,0.1375233026330084,0.0,1.0,0.6097612311460915,0.6018965808047497,20.642680535168648,20.642680535168648,20.72545534080443,20.725455340804434,0.0
marex_native,37,clean,3.0,21.807848304276796,1.0,0.6097612311460915,0.1375233026330084,0.0,1.0,0.6097612311460915,0.6018965808047497,20.642680535168648,20.55882415684387,20.72545534080443,20.725455340804434,0.0
marex_native,37,clean,3.0,21.807848304276796,2.0,1.219522462292183,0.1375233026330084,0.0,1.0,0.6097612311460915,0.6018965808047497,20.642680535168648,20.47496777851909,20.72545534080443,20.725455340804434,0.0
marex_native,37,inclusive,0.0,0.0,0.0,0.0,0.1375233026330084,0.5623177486878549,0.9226682060712882,0.8029127484885097,1.4192616766513495,-1.165167769108146,-1.165167769108146,-0.969986216034593,-1.051283884772385,0.0
marex_native,37,inclusive,0.0,0.0,1.0,0.8029127484885097,0.1375233026330084,0.5623177486878549,0.9226682060712882,0.8029127484885097,1.4192616766513495,-1.165167769108146,-1.2755869820064318,-0.969986216034593,-1.051283884772385,0.0
marex_native,37,inclusive,0.0,0.0,2.0,1.6058254969770194,0.1375233026330084,0.5623177486878549,0.9226682060712882,0.8029127484885097,1.4192616766513495,-1.165167769108146,-1.3860061949047164,-0.969986216034593,-1.051283884772384,0.0
marex_native,37,inclusive,1.0,7.269282768092266,0.0,0.0,0.1375233026330084,0.5623177486878549,0.9226682060712882,0.8029127484885097,-2.6683850440777164,6.104114998984119,6.104114998984119,5.737149875026023,6.217998883319878,0.5621466770316471
marex_native,37,inclusive,1.0,7.269282768092266,1.0,0.8029127484885097,0.1375233026330084,0.5623177486878549,0.9226682060712882,0.8029127484885097,-2.6683850440777164,6.104114998984119,5.993695786085833,5.737149875026023,6.217998883319878,0.5621466770316471
marex_native,37,inclusive,1.0,7.269282768092266,2.0,1.6058254969770194,0.1375233026330084,0.5623177486878549,0.9226682060712882,0.8029127484885097,-2.6683850440777164,6.104114998984119,5.8832765731875485,5.737149875026023,6.21799888331988,0.5621466770316471
marex_native,37,inclusive,3.0,21.807848304276796,0.0,0.0,0.1375233026330084,0.5623177486878549,0.9226682060712882,0.8029127484885097,-10.843678485535836,20.642680535168648,20.642680535168648,19.15142205714726,20.756564419504407,1.686440031094941
marex_native,37,inclusive,3.0,21.807848304276796,1.0,0.8029127484885097,0.1375233026330084,0.5623177486878549,0.9226682060712882,0.8029127484885097,-10.843678485535836,20.642680535168648,20.53226132227036,19.15142205714726,20.756564419504407,1.686440031094941
marex_native,37,inclusive,3.0,21.807848304276796,2.0,1.6058254969770194,0.1375233026330084,0.5623177486878549,0.9226682060712882,0.8029127484885097,-10.843678485535836,20.642680535168648,20.42184210937208,19.15142205714726,20.75656441950441,1.686440031094941
marex_native,38,clean,0.0,0.0,0.0,0.0,0.11406443906652333,0.0,1.0,1.3517709270985687,-1.7606403845502583,-2.3236243561204875,-2.3236243561204875,-2.5244508139820794,-2.5244508139820807,0.0
marex_native,38,clean,0.0,0.0,1.0,1.3517709270985687,0.11406443906652333,0.0,1.0,1.3517709270985687,-1.7606403845502583,-2.3236243561204875,-2.4778133486664204,-2.5244508139820794,-2.524450813982081,0.0
marex_native,38,clean,0.0,0.0,2.0,2.7035418541971374,0.11406443906652333,0.0,1.0,1.3517709270985687,-1.7606403845502583,-2.3236243561204875,-2.6320023412123503,-2.5244508139820794,-2.5244508139820785,0.0
marex_native,38,clean,1.0,8.142306669763105,0.0,0.0,0.11406443906652333,0.0,1.0,1.3517709270985687,-1.7606403845502583,5.818682313642617,5.818682313642617,5.617855855781025,5.617855855781023,0.0
marex_native,38,clean,1.0,8.142306669763105,1.0,1.3517709270985687,0.11406443906652333,0.0,1.0,1.3517709270985687,-1.7606403845502583,5.818682313642617,5.664493321096684,5.617855855781025,5.617855855781023,0.0
marex_native,38,clean,1.0,8.142306669763105,2.0,2.7035418541971374,0.11406443906652333,0.0,1.0,1.3517709270985687,-1.7606403845502583,5.818682313642617,5.510304328550754,5.617855855781025,5.617855855781026,0.0
marex_native,38,clean,3.0,24.426920009289315,0.0,0.0,0.11406443906652333,0.0,1.0,1.3517709270985687,-1.7606403845502583,22.103295653168825,22.103295653168825,21.902469195307233,21.902469195307233,0.0
marex_native,38,clean,3.0,24.426920009289315,1.0,1.3517709270985687,0.11406443906652333,0.0,1.0,1.3517709270985687,-1.7606403845502583,22.103295653168825,21.949106660622896,21.902469195307233,21.902469195307233,0.0
marex_native,38,clean,3.0,24.426920009289315,2.0,2.7035418541971374,0.11406443906652333,0.0,1.0,1.3517709270985687,-1.7606403845502583,22.103295653168825,21.794917668076963,21.902469195307233,21.902469195307233,0.0
marex_native,38,inclusive,0.0,0.0,0.0,0.0,0.11406443906652333,0.5222216103351315,0.9404330849487067,1.0257969344784896,-0.22932453777780779,-2.3236243561204875,-2.3236243561204875,-2.3497821308863025,-2.49861703984443,0.0
marex_native,38,inclusive,0.0,0.0,1.0,1.0257969344784896,0.11406443906652333,0.5222216103351315,0.9404330849487067,1.0257969344784896,-0.22932453777780779,-2.3236243561204875,-2.4406313080479323,-2.3497821308863025,-2.498617039844426,0.0
marex_native,38,inclusive,0.0,0.0,2.0,2.0515938689569793,0.11406443906652333,0.5222216103351315,0.9404330849487067,1.0257969344784896,-0.22932453777780779,-2.3236243561204875,-2.557638259975383,-2.3497821308863025,-2.4986170398444294,0.0
marex_native,38,inclusive,1.0,8.142306669763105,0.0,0.0,0.11406443906652333,0.5222216103351315,0.9404330849487067,1.0257969344784896,-4.481413038703982,5.818682313642617,5.818682313642617,5.307512449157447,5.643689629918674,0.48501208971935766
marex_native,38,inclusive,1.0,8.142306669763105,1.0,1.0257969344784896,0.11406443906652333,0.5222216103351315,0.9404330849487067,1.0257969344784896,-4.481413038703982,5.818682313642617,5.701675361715172,5.307512449157447,5.643689629918678,0.48501208971935766
marex_native,38,inclusive,1.0,8.142306669763105,2.0,2.0515938689569793,0.11406443906652333,0.5222216103351315,0.9404330849487067,1.0257969344784896,-4.481413038703982,5.818682313642617,5.584668409787722,5.307512449157447,5.643689629918675,0.48501208971935766
marex_native,38,inclusive,3.0,24.426920009289315,0.0,0.0,0.11406443906652333,0.5222216103351315,0.9404330849487067,1.0257969344784896,-12.985590040556321,22.103295653168825,22.103295653168825,20.62210160924494,21.928302969444882,1.455036269158073
marex_native,38,inclusive,3.0,24.426920009289315,1.0,1.0257969344784896,0.11406443906652333,0.5222216103351315,0.9404330849487067,1.0257969344784896,-12.985590040556321,22.103295653168825,21.98628870124138,20.62210160924494,21.92830296944489,1.455036269158073
marex_native,38,inclusive,3.0,24.426920009289315,2.0,2.0515938689569793,0.11406443906652333,0.5222216103351315,0.9404330849487067,1.0257969344784896,-12.985590040556321,22.103295653168825,21.86928174931393,20.62210160924494,21.928302969444886,1.455036269158073
marex_native,39,clean,0.0,0.0,0.0,0.0,0.13109294483363537,0.0,1.0,1.799924439187228,2.2569412414491397,-1.3604603247158706,-1.3604603247158706,-1.0645912510578228,-1.0645912510578222,0.0
marex_native,39,clean,0.0,0.0,1.0,1.799924439187228,0.13109294483363537,0.0,1.0,1.799924439187228,2.2569412414491397,-1.3604603247158706,-1.5964177199269542,-1.0645912510578228,-1.0645912510578228,0.0
marex_native,39,clean,0.0,0.0,2.0,3.599848878374456,0.13109294483363537,0.0,1.0,1.799924439187228,2.2569412414491397,-1.3604603247158706,-1.8323751151380392,-1.0645912510578228,-1.0645912510578235,0.0
marex_native,39,clean,1.0,7.441003049679903,0.0,0.0,0.13109294483363537,0.0,1.0,1.799924439187228,2.2569412414491397,6.080542724964033,6.080542724964033,6.376411798622081,6.376411798622081,0.0
marex_native,39,clean,1.0,7.441003049679903,1.0,1.799924439187228,0.13109294483363537,0.0,1.0,1.799924439187228,2.2569412414491397,6.080542724964033,5.84458532975295,6.376411798622081,6.376411798622081,0.0
marex_native,39,clean,1.0,7.441003049679903,2.0,3.599848878374456,0.13109294483363537,0.0,1.0,1.799924439187228,2.2569412414491397,6.080542724964033,5.608627934541865,6.376411798622081,6.3764117986220805,0.0
marex_native,39,clean,3.0,22.32300914903971,0.0,0.0,0.13109294483363537,0.0,1.0,1.799924439187228,2.2569412414491397,20.962548824323836,20.962548824323836,21.25841789798188,21.258417897981886,0.0
marex_native,39,clean,3.0,22.32300914903971,1.0,1.799924439187228,0.13109294483363537,0.0,1.0,1.799924439187228,2.2569412414491397,20.962548824323836,20.72659142911275,21.25841789798188,21.258417897981882,0.0
marex_native,39,clean,3.0,22.32300914903971,2.0,3.599848878374456,0.13109294483363537,0.0,1.0,1.799924439187228,2.2569412414491397,20.962548824323836,20.490634033901664,21.25841789798188,21.25841789798188,0.0
marex_native,39,inclusive,0.0,0.0,0.0,0.0,0.13109294483363537,0.6219660448805893,0.9184646395900745,1.0720182101975386,0.476657202180229,-1.3604603247158706,-1.3604603247158706,-1.2979739284059064,-1.4131996730818177,0.0
marex_native,39,inclusive,0.0,0.0,1.0,1.0720182101975386,0.13109294483363537,0.6219660448805893,0.9184646395900745,1.0720182101975386,0.476657202180229,-1.3604603247158706,-1.500994348805952,-1.2979739284059064,-1.4131996730818206,0.0
marex_native,39,inclusive,0.0,0.0,2.0,2.1440364203950772,0.13109294483363537,0.6219660448805893,0.9184646395900745,1.0720182101975386,0.476657202180229,-1.3604603247158706,-1.6415283728960304,-1.2979739284059064,-1.4131996730818204,0.0
marex_native,39,inclusive,1.0,7.441003049679903,0.0,0.0,0.13109294483363537,0.6219660448805893,0.9184646395900745,1.0720182101975386,-4.15139403457359,6.080542724964033,6.080542724964033,5.536324255806993,6.027803376598085,0.6067048654670054
marex_native,39,inclusive,1.0,7.441003049679903,1.0,1.0720182101975386,0.13109294483363537,0.6219660448805893,0.9184646395900745,1.0720182101975386,-4.15139403457359,6.080542724964033,5.9400087008739515,5.536324255806993,6.027803376598082,0.6067048654670054
marex_native,39,inclusive,1.0,7.441003049679903,2.0,2.1440364203950772,0.13109294483363537,0.6219660448805893,0.9184646395900745,1.0720182101975386,-4.15139403457359,6.080542724964033,5.799474676783873,5.536324255806993,6.027803376598082,0.6067048654670054
marex_native,39,inclusive,3.0,22.32300914903971,0.0,0.0,0.13109294483363537,0.6219660448805893,0.9184646395900745,1.0720182101975386,-13.407496508081206,20.962548824323836,20.962548824323836,19.204920624232784,20.90980947595789,1.8201145964010164
marex_native,39,inclusive,3.0,22.32300914903971,1.0,1.0720182101975386,0.13109294483363537,0.6219660448805893,0.9184646395900745,1.0720182101975386,-13.407496508081206,20.962548824323836,20.822014800233752,19.204920624232784,20.909809475957882,1.8201145964010164
marex_native,39,inclusive,3.0,22.32300914903971,2.0,2.1440364203950772,0.13109294483363537,0.6219660448805893,0.9184646395900745,1.0720182101975386,-13.407496508081206,20.962548824323836,20.681480776143673,19.204920624232784,20.909809475957882,1.8201145964010164
rank_shift_ok,0,clean,0.0,0.0,0.0,0.0,0.11967317863191917,0.0,1.0,0.06918566678763795,-0.02580264630364351,-0.011019866135482021,-0.011019866135482021,-0.01410775083575419,-0.01410775083575418,0.0
rank_shift_ok,0,clean,0.0,0.0,1.0,0.06918566678763795,0.11967317863191917,0.0,1.0,0.06918566678763795,-0.02580264630364351,-0.011019866135482021,-0.019299534795727446,-0.01410775083575419,-0.014107750835754173,0.0
rank_shift_ok,0,clean,0.0,0.0,2.0,0.1383713335752759,0.11967317863191917,0.0,1.0,0.06918566678763795,-0.02580264630364351,-0.011019866135482021,-0.027579203455972895,-0.01410775083575419,-0.01410775083575419,0.0
rank_shift_ok,0,clean,1.0,0.9231310830321762,0.0,0.0,0.11967317863191917,0.0,1.0,0.06918566678763795,-0.02580264630364351,0.9121112168966942,0.9121112168966942,0.9090233321964221,0.909023332196422,0.0
rank_shift_ok,0,clean,1.0,0.9231310830321762,1.0,0.06918566678763795,0.11967317863191917,0.0,1.0,0.06918566678763795,-0.02580264630364351,0.9121112168966942,0.9038315482364487,0.9090233321964221,0.9090233321964221,0.0
rank_shift_ok,0,clean,1.0,0.9231310830321762,2.0,0.1383713335752759,0.11967317863191917,0.0,1.0,0.06918566678763795,-0.02580264630364351,0.9121112168966942,0.8955518795762034,0.9090233321964221,0.9090233321964222,0.0
rank_shift_ok,0,clean,3.0,2.7693932490965283,0.0,0.0,0.11967317863191917,0.0,1.0,0.06918566678763795,-0.02580264630364351,2.758373382961046,2.758373382961046,2.755285498260774,2.755285498260774,0.0
rank_shift_ok,0,clean,3.0,2.7693932490965283,1.0,0.06918566678763795,0.11967317863191917,0.0,1.0,0.06918566678763795,-0.02580264630364351,2.758373382961046,2.7500937143008013,2.755285498260774,2.7552854982607746,0.0
rank_shift_ok,0,clean,3.0,2.7693932490965283,2.0,0.1383713335752759,0.11967317863191917,0.0,1.0,0.06918566678763795,-0.02580264630364351,2.758373382961046,2.741814045640555,2.755285498260774,2.7552854982607737,0.0
rank_shift_ok,0,inclusive,0.0,0.0,0.0,0.0,0.11967317863191917,0.3878174307682699,0.9535886553310969,0.0442544978055515,-0.014615437538508589,-0.011019866135482021,-0.011019866135482021,-0.01276894200281162,-0.013390408884822664,0.0
rank_shift_ok,0,inclusive,0.0,0.0,1.0,0.0442544978055515,0.11967317863191917,0.3878174307682699,0.9535886553310969,0.0442544978055515,-0.014615437538508589,-0.011019866135482021,-0.016315942556631664,-0.01276894200281162,-0.01339040888482267,0.0
rank_shift_ok,0,inclusive,0.0,0.0,2.0,0.088508995611103,0.11967317863191917,0.3878174307682699,0.9535886553310969,0.0442544978055515,-0.014615437538508589,-0.011019866135482021,-0.021612018977781294,-0.01276894200281162,-0.01339040888482266,0.0
rank_shift_ok,0,inclusive,1.0,0.9231310830321762,0.0,0.0,0.11967317863191917,0.3878174307682699,0.9535886553310969,0.0442544978055515,-0.3726217624223776,0.9121112168966942,0.9121112168966942,0.8675183861601804,0.9097406741473535,0.042843754869184146
rank_shift_ok,0,inclusive,1.0,0.9231310830321762,1.0,0.0442544978055515,0.11967317863191917,0.3878174307682699,0.9535886553310969,0.0442544978055515,-0.3726217624223776,0.9121112168966942,0.9068151404755446,0.8675183861601804,0.9097406741473536,0.042843754869184146
rank_shift_ok,0,inclusive,1.0,0.9231310830321762,2.0,0.088508995611103,0.11967317863191917,0.3878174307682699,0.9535886553310969,0.0442544978055515,-0.3726217624223776,0.9121112168966942,0.9015190640543949,0.8675183861601804,0.9097406741473535,0.042843754869184146
rank_shift_ok,0,inclusive,3.0,2.7693932490965283,0.0,0.0,0.11967317863191917,0.3878174307682699,0.9535886553310969,0.0442544978055515,-1.0886344121901155,2.758373382961046,2.758373382961046,2.6280930424861637,2.7560028402117056,0.12853126460755243
rank_shift_ok,0,inclusive,3.0,2.7693932490965283,1.0,0.0442544978055515,0.11967317863191917,0.3878174307682699,0.9535886553310969,0.0442544978055515,-1.0886344121901155,2.758373382961046,2.7530773065398964,2.6280930424861637,2.756002840211705,0.12853126460755243
rank_shift_ok,0,inclusive,3.0,2.7693932490965283,2.0,0.088508995611103,0.11967317863191917,0.3878174307682699,0.9535886553310969,0.0442544978055515,-1.0886344121901155,2.758373382961046,2.747781230118747,2.6280930424861637,2.7560028402117056,0.12853126460755243
rank_shift_ok,1,clean,0.0,0.0,0.0,0.0,0.1269646642650859,0.0,1.0,0.0726036130559221,-0.09307707484489165,-0.03208081967216808,-0.03208081967216808,-0.04389831923062603,-0.04389831923062602,0.0
rank_shift_ok,1,clean,0.0,0.0,1.0,0.0726036130559221,0.1269646642650859,0.0,1.0,0.0726036130559221,-0.09307707484489165,-0.03208081967216808,-0.041298913028245454,-0.04389831923062603,-0.04389831923062604,0.0
rank_shift_ok,1,clean,0.0,0.0,2.0,0.1452072261118442,0.1269646642650859,0.0,1.0,0.0726036130559221,-0.09307707484489165,-0.03208081967216808,-0.05051700638432281,-0.04389831923062603,-0.04389831923062604,0.0
rank_shift_ok,1,clean,1.0,0.5716578181909913,0.0,0.0,0.1269646642650859,0.0,1.0,0.0726036130559221,-0.09307707484489165,0.5395769985188231,0.5395769985188231,0.5277594989603651,0.5277594989603652,0.0
rank_shift_ok,1,clean,1.0,0.5716578181909913,1.0,0.0726036130559221,0.1269646642650859,0.0,1.0,0.0726036130559221,-0.09307707484489165,0.5395769985188231,0.5303589051627458,0.5277594989603651,0.5277594989603651,0.0
rank_shift_ok,1,clean,1.0,0.5716578181909913,2.0,0.1452072261118442,0.1269646642650859,0.0,1.0,0.0726036130559221,-0.09307707484489165,0.5395769985188231,0.5211408118066684,0.5277594989603651,0.5277594989603651,0.0
rank_shift_ok,1,clean,3.0,1.7149734545729738,0.0,0.0,0.1269646642650859,0.0,1.0,0.0726036130559221,-0.09307707484489165,1.6828926349008058,1.6828926349008058,1.6710751353423479,1.6710751353423479,0.0
rank_shift_ok,1,clean,3.0,1.7149734545729738,1.0,0.0726036130559221,0.1269646642650859,0.0,1.0,0.0726036130559221,-0.09307707484489165,1.6828926349008058,1.673674541544728,1.6710751353423479,1.6710751353423474,0.0
rank_shift_ok,1,clean,3.0,1.7149734545729738,2.0,0.1452072261118442,0.1269646642650859,0.0,1.0,0.0726036130559221,-0.09307707484489165,1.6828926349008058,1.6644564481886508,1.6710751353423479,1.6710751353423476,0.0
rank_shift_ok,1,inclusive,0.0,0.0,0.0,0.0,0.1269646642650859,0.0,1.0,0.07260367670310963,-0.09307715456513235,-0.03208081967216808,-0.03208081967216808,-0.04389832935227962,-0.043898329352279615,0.0
rank_shift_ok,1,inclusive,0.0,0.0,1.0,0.07260367670310963,0.1269646642650859,0.0,1.0,0.07260367670310963,-0.09307715456513235,-0.03208081967216808,-0.04129892110918924,-0.04389832935227962,-0.04389832935227962,0.0
rank_shift_ok,1,inclusive,0.0,0.0,2.0,0.14520735340621926,0.1269646642650859,0.0,1.0,0.07260367670310963,-0.09307715456513235,-0.03208081967216808,-0.05051702254621041,-0.04389832935227962,-0.043898329352279636,0.0
rank_shift_ok,1,inclusive,1.0,0.5716578181909913,0.0,0.0,0.1269646642650859,0.0,1.0,0.07260367670310963,-0.09307715456513235,0.5395769985188231,0.5395769985188231,0.5277594888387116,0.5277594888387116,0.0
rank_shift_ok,1,inclusive,1.0,0.5716578181909913,1.0,0.07260367670310963,0.1269646642650859,0.0,1.0,0.07260367670310963,-0.09307715456513235,0.5395769985188231,0.5303588970818021,0.5277594888387116,0.5277594888387117,0.0
rank_shift_ok,1,inclusive,1.0,0.5716578181909913,2.0,0.14520735340621926,0.1269646642650859,0.0,1.0,0.07260367670310963,-0.09307715456513235,0.5395769985188231,0.5211407956447809,0.5277594888387116,0.5277594888387117,0.0
rank_shift_ok,1,inclusive,3.0,1.7149734545729738,0.0,0.0,0.1269646642650859,0.0,1.0,0.07260367670310963,-0.09307715456513235,1.6828926349008058,1.6828926349008058,1.671075125220694,1.6710751252206941,0.0
rank_shift_ok,1,inclusive,3.0,1.7149734545729738,1.0,0.07260367670310963,0.1269646642650859,0.0,1.0,0.07260367670310963,-0.09307715456513235,1.6828926349008058,1.6736745334637846,1.671075125220694,1.6710751252206941,0.0
rank_shift_ok,1,inclusive,3.0,1.7149734545729738,2.0,0.14520735340621926,0.1269646642650859,0.0,1.0,0.07260367670310963,-0.09307715456513235,1.6828926349008058,1.6644564320267634,1.671075125220694,1.6710751252206941,0.0
rank_shift_ok,2,clean,0.0,0.0,0.0,0.0,0.1273217559524112,0.0,1.0,0.1027004135023546,-0.018572472328283164,-0.07113287887833294,-0.07113287887833294,-0.07349755866754751,-0.07349755866754752,0.0
rank_shift_ok,2,clean,0.0,0.0,1.0,0.1027004135023546,0.1273217559524112,0.0,1.0,0.1027004135023546,-0.018572472328283164,-0.07113287887833294,-0.08420887586249146,-0.07349755866754751,-0.07349755866754752,0.0
rank_shift_ok,2,clean,0.0,0.0,2.0,0.2054008270047092,0.1273217559524112,0.0,1.0,0.1027004135023546,-0.018572472328283164,-0.07113287887833294,-0.09728487284664995,-0.07349755866754751,-0.07349755866754752,0.0
rank_shift_ok,2,clean,1.0,0.7782110159640243,0.0,0.0,0.1273217559524112,0.0,1.0,0.1027004135023546,-0.018572472328283164,0.7070781370856912,0.7070781370856912,0.7047134572964767,0.7047134572964766,0.0
rank_shift_ok,2,clean,1.0,0.7782110159640243,1.0,0.1027004135023546,0.1273217559524112,0.0,1.0,0.1027004135023546,-0.018572472328283164,0.7070781370856912,0.6940021401015328,0.7047134572964767,0.7047134572964767,0.0
rank_shift_ok,2,clean,1.0,0.7782110159640243,2.0,0.2054008270047092,0.1273217559524112,0.0,1.0,0.1027004135023546,-0.018572472328283164,0.7070781370856912,0.6809261431173743,0.7047134572964767,0.7047134572964767,0.0
rank_shift_ok,2,clean,3.0,2.3346330478920727,0.0,0.0,0.1273217559524112,0.0,1.0,0.1027004135023546,-0.018572472328283164,2.2635001690137395,2.2635001690137395,2.2611354892245252,2.261135489224525,0.0
rank_shift_ok,2,clean,3.0,2.3346330478920727,1.0,0.1027004135023546,0.1273217559524112,0.0,1.0,0.1027004135023546,-0.018572472328283164,2.2635001690137395,2.250424172029581,2.2611354892245252,2.261135489224525,0.0
rank_shift_ok,2,clean,3.0,2.3346330478920727,2.0,0.2054008270047092,0.1273217559524112,0.0,1.0,0.1027004135023546,-0.018572472328283164,2.2635001690137395,2.237348175045423,2.2611354892245252,2.2611354892245252,0.0
rank_shift_ok,2,inclusive,0.0,0.0,0.0,0.0,0.1273217559524112,0.2510045788994312,0.9680416562624289,0.09549547459876832,-0.0014119746433882737,-0.07113287887833294,-0.07113287887833294,-0.07131265396928943,-0.07366692694261195,0.0
rank_shift_ok,2,inclusive,0.0,0.0,1.0,0.09549547459876832,0.1273217559524112,0.2510045788994312,0.9680416562624289,0.09549547459876832,-0.0014119746433882737,-0.07113287887833294,-0.08329153038975701,-0.07131265396928943,-0.07366692694261195,0.0
rank_shift_ok,2,inclusive,0.0,0.0,2.0,0.19099094919753665,0.1273217559524112,0.2510045788994312,0.9680416562624289,0.09549547459876832,-0.0014119746433882737,-0.07113287887833294,-0.09545018190118107,-0.07131265396928943,-0.07366692694261194,0.0
rank_shift_ok,2,inclusive,1.0,0.7782110159640243,0.0,0.0,0.1273217559524112,0.2510045788994312,0.9680416562624289,0.09549547459876832,-0.1967465030003367,0.7070781370856912,0.7070781370856912,0.6820280268461921,0.7045440890214122,0.02487033514854273
rank_shift_ok,2,inclusive,1.0,0.7782110159640243,1.0,0.09549547459876832,0.1273217559524112,0.2510045788994312,0.9680416562624289,0.09549547459876832,-0.1967465030003367,0.7070781370856912,0.6949194855742673,0.6820280268461921,0.7045440890214124,0.02487033514854273
rank_shift_ok,2,inclusive,1.0,0.7782110159640243,2.0,0.19099094919753665,0.1273217559524112,0.2510045788994312,0.9680416562624289,0.09549547459876832,-0.1967465030003367,0.7070781370856912,0.6827608340628433,0.6820280268461921,0.7045440890214124,0.02487033514854273
rank_shift_ok,2,inclusive,3.0,2.3346330478920727,0.0,0.0,0.1273217559524112,0.2510045788994312,0.9680416562624289,0.09549547459876832,-0.5874155597142335,2.2635001690137395,2.2635001690137395,2.188709388477155,2.2609661209494605,0.07461100544562818
rank_shift_ok,2,inclusive,3.0,2.3346330478920727,1.0,0.09549547459876832,0.1273217559524112,0.2510045788994312,0.9680416562624289,0.09549547459876832,-0.5874155597142335,2.2635001690137395,2.2513415175023157,2.188709388477155,2.260966120949461,0.07461100544562818
rank_shift_ok,2,inclusive,3.0,2.3346330478920727,2.0,0.19099094919753665,0.1273217559524112,0.2510045788994312,0.9680416562624289,0.09549547459876832,-0.5874155597142335,2.2635001690137395,2.239182865990892,2.188709388477155,2.260966120949461,0.07461100544562818
rank_shift_ok,3,clean,0.0,0.0,0.0,0.0,0.1279411551869919,0.0,1.0,0.14882089153707811,0.4097173431277403,0.051548944449878634,0.051548944449878634,0.10396865462978684,0.10396865462978686,0.0
rank_shift_ok,3,clean,0.0,0.0,1.0,0.14882089153707811,0.1279411551869919,0.0,1.0,0.14882089153707811,0.4097173431277403,0.051548944449878634,0.032508627670666805,0.10396865462978684,0.10396865462978684,0.0
rank_shift_ok,3,clean,0.0,0.0,2.0,0.29764178307415623,0.1279411551869919,0.0,1.0,0.14882089153707811,0.4097173431277403,0.051548944449878634,0.013468310891455004,0.10396865462978684,0.10396865462978684,0.0
rank_shift_ok,3,clean,1.0,0.9287819306743581,0.0,0.0,0.1279411551869919,0.0,1.0,0.14882089153707811,0.4097173431277403,0.9803308751242368,0.9803308751242368,1.0327505853041452,1.032750585304145,0.0
rank_shift_ok,3,clean,1.0,0.9287819306743581,1.0,0.14882089153707811,0.1279411551869919,0.0,1.0,0.14882089153707811,0.4097173431277403,0.9803308751242368,0.961290558345025,1.0327505853041452,1.032750585304145,0.0
rank_shift_ok,3,clean,1.0,0.9287819306743581,2.0,0.29764178307415623,0.1279411551869919,0.0,1.0,0.14882089153707811,0.4097173431277403,0.9803308751242368,0.9422502415658132,1.0327505853041452,1.032750585304145,0.0
rank_shift_ok,3,clean,3.0,2.7863457920230745,0.0,0.0,0.1279411551869919,0.0,1.0,0.14882089153707811,0.4097173431277403,2.837894736472953,2.837894736472953,2.8903144466528614,2.8903144466528614,0.0
rank_shift_ok,3,clean,3.0,2.7863457920230745,1.0,0.14882089153707811,0.1279411551869919,0.0,1.0,0.14882089153707811,0.4097173431277403,2.837894736472953,2.8188544196937415,2.8903144466528614,2.8903144466528614,0.0
rank_shift_ok,3,clean,3.0,2.7863457920230745,2.0,0.29764178307415623,0.1279411551869919,0.0,1.0,0.14882089153707811,0.4097173431277403,2.837894736472953,2.7998141029145294,2.8903144466528614,2.8903144466528614,0.0
rank_shift_ok,3,inclusive,0.0,0.0,0.0,0.0,0.1279411551869919,0.6814153131564075,0.9128189376726634,0.10038126900428748,0.2848926880898953,0.051548944449878634,0.051548944449878634,0.08799844406842719,0.09640295620157634,0.0
rank_shift_ok,3,inclusive,0.0,0.0,1.0,0.10038126900428748,0.1279411551869919,0.6814153131564075,0.9128189376726634,0.10038126900428748,0.2848926880898953,0.051548944449878634,0.03870604893433387,0.08799844406842719,0.09640295620157628,0.0
rank_shift_ok,3,inclusive,0.0,0.0,2.0,0.20076253800857496,0.1279411551869919,0.6814153131564075,0.9128189376726634,0.10038126900428748,0.2848926880898953,0.051548944449878634,0.025863153418789163,0.08799844406842719,0.09640295620157631,0.0
rank_shift_ok,3,inclusive,1.0,0.9287819306743581,0.0,0.0,0.1279411551869919,0.6814153131564075,0.9128189376726634,0.10038126900428748,-0.3479935420545852,0.9803308751242368,0.9803308751242368,0.9358081793561599,1.0251848868759346,0.08097219538662524
rank_shift_ok,3,inclusive,1.0,0.9287819306743581,1.0,0.10038126900428748,0.1279411551869919,0.6814153131564075,0.9128189376726634,0.10038126900428748,-0.3479935420545852,0.9803308751242368,0.9674879796086922,0.9358081793561599,1.0251848868759346,0.08097219538662524
rank_shift_ok,3,inclusive,1.0,0.9287819306743581,2.0,0.20076253800857496,0.1279411551869919,0.6814153131564075,0.9128189376726634,0.10038126900428748,-0.3479935420545852,0.9803308751242368,0.9546450840931472,0.9358081793561599,1.0251848868759343,0.08097219538662524
rank_shift_ok,3,inclusive,3.0,2.7863457920230745,0.0,0.0,0.1279411551869919,0.6814153131564075,0.9128189376726634,0.10038126900428748,-1.6137660023435463,2.837894736472953,2.837894736472953,2.6314276499316263,2.882748748224651,0.24291658615987574
rank_shift_ok,3,inclusive,3.0,2.7863457920230745,1.0,0.10038126900428748,0.1279411551869919,0.6814153131564075,0.9128189376726634,0.10038126900428748,-1.6137660023435463,2.837894736472953,2.825051840957409,2.6314276499316263,2.8827487482246514,0.24291658615987574
rank_shift_ok,3,inclusive,3.0,2.7863457920230745,2.0,0.20076253800857496,0.1279411551869919,0.6814153131564075,0.9128189376726634,0.10038126900428748,-1.6137660023435463,2.837894736472953,2.8122089454418644,2.6314276499316263,2.8827487482246514,0.24291658615987574
rank_shift_ok,4,clean,0.0,0.0,0.0,0.0,0.13786400010399763,0.0,1.0,0.32561007133395364,0.4662908609660513,-0.029858693029839144,-0.029858693029839144,0.034426030274877686,0.0344260302748777,0.0
rank_shift_ok,4,clean,0.0,0.0,1.0,0.32561007133395364,0.13786400010399763,0.0,1.0,0.32561007133395364,0.4662908609660513,-0.029858693029839144,-0.07474859993808601,0.034426030274877686,0.0344260302748777,0.0
rank_shift_ok,4,clean,0.0,0.0,2.0,0.6512201426679073,0.13786400010399763,0.0,1.0,0.32561007133395364,0.4662908609660513,-0.029858693029839144,-0.11963850684633288,0.034426030274877686,0.03442603027487765,0.0
rank_shift_ok,4,clean,1.0,1.1552260356523263,0.0,0.0,0.13786400010399763,0.0,1.0,0.32561007133395364,0.4662908609660513,1.1253673426224875,1.1253673426224875,1.1896520659272043,1.1896520659272043,0.0
rank_shift_ok,4,clean,1.0,1.1552260356523263,1.0,0.32561007133395364,0.13786400010399763,0.0,1.0,0.32561007133395364,0.4662908609660513,1.1253673426224875,1.0804774357142404,1.1896520659272043,1.189652065927204,0.0
rank_shift_ok,4,clean,1.0,1.1552260356523263,2.0,0.6512201426679073,0.13786400010399763,0.0,1.0,0.32561007133395364,0.4662908609660513,1.1253673426224875,1.0355875288059935,1.1896520659272043,1.189652065927204,0.0
rank_shift_ok,4,clean,3.0,3.465678106956979,0.0,0.0,0.13786400010399763,0.0,1.0,0.32561007133395364,0.4662908609660513,3.4358194139271396,3.4358194139271396,3.500104137231857,3.5001041372318564,0.0
rank_shift_ok,4,clean,3.0,3.465678106956979,1.0,0.32561007133395364,0.13786400010399763,0.0,1.0,0.32561007133395364,0.4662908609660513,3.4358194139271396,3.3909295070188934,3.500104137231857,3.5001041372318573,0.0
rank_shift_ok,4,clean,3.0,3.465678106956979,2.0,0.6512201426679073,0.13786400010399763,0.0,1.0,0.32561007133395364,0.4662908609660513,3.4358194139271396,3.346039600110646,3.500104137231857,3.5001041372318564,0.0
rank_shift_ok,4,inclusive,0.0,0.0,0.0,0.0,0.13786400010399763,0.18299599733789232,0.9747714398039776,0.30751505630318754,0.46186582409874954,-0.029858693029839144,-0.029858693029839144,0.03381597699174379,0.03469118565737222,0.0
rank_shift_ok,4,inclusive,0.0,0.0,1.0,0.30751505630318754,0.13786400010399763,0.18299599733789232,0.9747714398039776,0.30751505630318754,0.46186582409874954,-0.029858693029839144,-0.07225394878400264,0.03381597699174379,0.03469118565737221,0.0
rank_shift_ok,4,inclusive,0.0,0.0,2.0,0.6150301126063751,0.13786400010399763,0.18299599733789232,0.9747714398039776,0.30751505630318754,0.46186582409874954,-0.029858693029839144,-0.11464920453816614,0.03381597699174379,0.03469118565737222,0.0
rank_shift_ok,4,inclusive,1.0,1.1552260356523263,0.0,0.0,0.13786400010399763,0.18299599733789232,0.9747714398039776,0.30751505630318754,0.2504640835538525,1.1253673426224875,1.1253673426224875,1.159897323063603,1.189917221309699,0.02914468958046696
rank_shift_ok,4,inclusive,1.0,1.1552260356523263,1.0,0.30751505630318754,0.13786400010399763,0.18299599733789232,0.9747714398039776,0.30751505630318754,0.2504640835538525,1.1253673426224875,1.0829720868683237,1.159897323063603,1.1899172213096985,0.02914468958046696
rank_shift_ok,4,inclusive,1.0,1.1552260356523263,2.0,0.6150301126063751,0.13786400010399763,0.18299599733789232,0.9747714398039776,0.30751505630318754,0.2504640835538525,1.1253673426224875,1.0405768311141603,1.159897323063603,1.1899172213096987,0.02914468958046696
rank_shift_ok,4,inclusive,3.0,3.465678106956979,0.0,0.0,0.13786400010399763,0.18299599733789232,0.9747714398039776,0.30751505630318754,-0.17233939753594146,3.4358194139271396,3.4358194139271396,3.4120600152073215,3.500369292614351,0.08743406874140089
rank_shift_ok,4,inclusive,3.0,3.465678106956979,1.0,0.30751505630318754,0.13786400010399763,0.18299599733789232,0.9747714398039776,0.30751505630318754,-0.17233939753594146,3.4358194139271396,3.3934241581729765,3.4120600152073215,3.5003692926143515,0.08743406874140089
rank_shift_ok,4,inclusive,3.0,3.465678106956979,2.0,0.6150301126063751,0.13786400010399763,0.18299599733789232,0.9747714398039776,0.30751505630318754,-0.17233939753594146,3.4358194139271396,3.3510289024188125,3.4120600152073215,3.5003692926143506,0.08743406874140089
rank_shift_ok,5,clean,0.0,0.0,0.0,0.0,0.12203398764393086,0.0,1.0,0.06621002400708295,0.018467447346827766,-0.1320830828516093,-0.1320830828516093,-0.12982942661027158,-0.12982942661027158,0.0
rank_shift_ok,5,clean,0.0,0.0,1.0,0.06621002400708295,0.12203398764393086,0.0,1.0,0.06621002400708295,0.018467447346827766,-0.1320830828516093,-0.14016295610319401,-0.12982942661027158,-0.12982942661027155,0.0
rank_shift_ok,5,clean,0.0,0.0,2.0,0.1324200480141659,0.12203398764393086,0.0,1.0,0.06621002400708295,0.018467447346827766,-0.1320830828516093,-0.14824282935477878,-0.12982942661027158,-0.1298294266102716,0.0
rank_shift_ok,5,clean,1.0,0.985599975081964,0.0,0.0,0.12203398764393086,0.0,1.0,0.06621002400708295,0.018467447346827766,0.8535168922303547,0.8535168922303547,0.8557705484716923,0.8557705484716924,0.0
rank_shift_ok,5,clean,1.0,0.985599975081964,1.0,0.06621002400708295,0.12203398764393086,0.0,1.0,0.06621002400708295,0.018467447346827766,0.8535168922303547,0.8454370189787699,0.8557705484716923,0.8557705484716923,0.0
rank_shift_ok,5,clean,1.0,0.985599975081964,2.0,0.1324200480141659,0.12203398764393086,0.0,1.0,0.06621002400708295,0.018467447346827766,0.8535168922303547,0.8373571457271851,0.8557705484716923,0.8557705484716923,0.0
rank_shift_ok,5,clean,3.0,2.9567999252458916,0.0,0.0,0.12203398764393086,0.0,1.0,0.06621002400708295,0.018467447346827766,2.824716842394282,2.824716842394282,2.82697049863562,2.8269704986356197,0.0
rank_shift_ok,5,clean,3.0,2.9567999252458916,1.0,0.06621002400708295,0.12203398764393086,0.0,1.0,0.06621002400708295,0.018467447346827766,2.824716842394282,2.816636969142698,2.82697049863562,2.8269704986356206,0.0
rank_shift_ok,5,clean,3.0,2.9567999252458916,2.0,0.1324200480141659,0.12203398764393086,0.0,1.0,0.06621002400708295,0.018467447346827766,2.824716842394282,2.808557095891113,2.82697049863562,2.82697049863562,0.0
rank_shift_ok,5,inclusive,0.0,0.0,0.0,0.0,0.12203398764393086,0.05293854856195729,0.9935396978189025,0.06492142524253819,0.023049224147919507,-0.1320830828516093,-0.1320830828516093,-0.12927029411673988,-0.13011084952168933,0.0
rank_shift_ok,5,inclusive,0.0,0.0,1.0,0.06492142524253819,0.12203398764393086,0.05293854856195729,0.9935396978189025,0.06492142524253819,0.023049224147919507,-0.1320830828516093,-0.1400057032574836,-0.12927029411673988,-0.13011084952168933,0.0
rank_shift_ok,5,inclusive,0.0,0.0,2.0,0.12984285048507638,0.12203398764393086,0.05293854856195729,0.9935396978189025,0.06492142524253819,0.023049224147919507,-0.1320830828516093,-0.1479283236633579,-0.12927029411673988,-0.13011084952168936,0.0
rank_shift_ok,5,inclusive,1.0,0.985599975081964,0.0,0.0,0.12203398764393086,0.05293854856195729,0.9935396978189025,0.06492142524253819,-0.029127007995620947,0.8535168922303547,0.8535168922303547,0.8499624072965124,0.8554891255602747,0.006367273668711683
rank_shift_ok,5,inclusive,1.0,0.985599975081964,1.0,0.06492142524253819,0.12203398764393086,0.05293854856195729,0.9935396978189025,0.06492142524253819,-0.029127007995620947,0.8535168922303547,0.8455942718244802,0.8499624072965124,0.8554891255602745,0.006367273668711683
rank_shift_ok,5,inclusive,1.0,0.985599975081964,2.0,0.12984285048507638,0.12203398764393086,0.05293854856195729,0.9935396978189025,0.06492142524253819,-0.029127007995620947,0.8535168922303547,0.8376716514186061,0.8499624072965124,0.8554891255602747,0.006367273668711683
rank_shift_ok,5,inclusive,3.0,2.9567999252458916,0.0,0.0,0.12203398764393086,0.05293854856195729,0.9935396978189025,0.06492142524253819,-0.1334794722827018,2.824716842394282,2.824716842394282,2.8084278101230167,2.826689075724202,0.019101821006135045
rank_shift_ok,5,inclusive,3.0,2.9567999252458916,1.0,0.06492142524253819,0.12203398764393086,0.05293854856195729,0.9935396978189025,0.06492142524253819,-0.1334794722827018,2.824716842394282,2.8167942219884083,2.8084278101230167,2.8266890757242025,0.019101821006135045
rank_shift_ok,5,inclusive,3.0,2.9567999252458916,2.0,0.12984285048507638,0.12203398764393086,0.05293854856195729,0.9935396978189025,0.06492142524253819,-0.1334794722827018,2.824716842394282,2.808871601582534,2.8084278101230167,2.8266890757242025,0.019101821006135045
rank_shift_ok,6,clean,0.0,0.0,0.0,0.0,0.13446566699165827,0.0,1.0,0.19992058959620135,0.04387155841618854,-0.04214968152855682,-0.04214968152855682,-0.036250463164160515,-0.03625046316416053,0.0
rank_shift_ok,6,clean,0.0,0.0,1.0,0.19992058959620135,0.13446566699165827,0.0,1.0,0.19992058959620135,0.04387155841618854,-0.04214968152855682,-0.0690321369539756,-0.036250463164160515,-0.036250463164160515,0.0
rank_shift_ok,6,clean,0.0,0.0,2.0,0.3998411791924027,0.13446566699165827,0.0,1.0,0.19992058959620135,0.04387155841618854,-0.04214968152855682,-0.0959145923793944,-0.036250463164160515,-0.03625046316416053,0.0
rank_shift_ok,6,clean,1.0,0.8438563257180955,0.0,0.0,0.13446566699165827,0.0,1.0,0.19992058959620135,0.04387155841618854,0.8017066441895387,0.8017066441895387,0.807605862553935,0.8076058625539351,0.0
rank_shift_ok,6,clean,1.0,0.8438563257180955,1.0,0.19992058959620135,0.13446566699165827,0.0,1.0,0.19992058959620135,0.04387155841618854,0.8017066441895387,0.77482418876412,0.807605862553935,0.8076058625539351,0.0
rank_shift_ok,6,clean,1.0,0.8438563257180955,2.0,0.3998411791924027,0.13446566699165827,0.0,1.0,0.19992058959620135,0.04387155841618854,0.8017066441895387,0.7479417333387012,0.807605862553935,0.8076058625539351,0.0
rank_shift_ok,6,clean,3.0,2.5315689771542864,0.0,0.0,0.13446566699165827,0.0,1.0,0.19992058959620135,0.04387155841618854,2.4894192956257304,2.4894192956257304,2.495318513990126,2.4953185139901266,0.0
rank_shift_ok,6,clean,3.0,2.5315689771542864,1.0,0.19992058959620135,0.13446566699165827,0.0,1.0,0.19992058959620135,0.04387155841618854,2.4894192956257304,2.462536840200311,2.495318513990126,2.495318513990126,0.0
rank_shift_ok,6,clean,3.0,2.5315689771542864,2.0,0.3998411791924027,0.13446566699165827,0.0,1.0,0.19992058959620135,0.04387155841618854,2.4894192956257304,2.4356543847748924,2.495318513990126,2.495318513990126,0.0
rank_shift_ok,6,inclusive,0.0,0.0,0.0,0.0,0.13446566699165827,0.0,1.0,0.19992058969349877,0.043871558551053146,-0.04214968152855682,-0.04214968152855682,-0.036250463146025855,-0.03625046314602587,0.0
rank_shift_ok,6,inclusive,0.0,0.0,1.0,0.19992058969349877,0.13446566699165827,0.0,1.0,0.19992058969349877,0.043871558551053146,-0.04214968152855682,-0.06903213696705875,-0.036250463146025855,-0.03625046314602585,0.0
rank_shift_ok,6,inclusive,0.0,0.0,2.0,0.39984117938699754,0.13446566699165827,0.0,1.0,0.19992058969349877,0.043871558551053146,-0.04214968152855682,-0.0959145924055607,-0.036250463146025855,-0.036250463146025834,0.0
rank_shift_ok,6,inclusive,1.0,0.8438563257180955,0.0,0.0,0.13446566699165827,0.0,1.0,0.19992058969349877,0.043871558551053146,0.8017066441895387,0.8017066441895387,0.8076058625720697,0.8076058625720697,0.0
rank_shift_ok,6,inclusive,1.0,0.8438563257180955,1.0,0.19992058969349877,0.13446566699165827,0.0,1.0,0.19992058969349877,0.043871558551053146,0.8017066441895387,0.7748241887510368,0.8076058625720697,0.8076058625720697,0.0
rank_shift_ok,6,inclusive,1.0,0.8438563257180955,2.0,0.39984117938699754,0.13446566699165827,0.0,1.0,0.19992058969349877,0.043871558551053146,0.8017066441895387,0.7479417333125348,0.8076058625720697,0.8076058625720697,0.0
rank_shift_ok,6,inclusive,3.0,2.5315689771542864,0.0,0.0,0.13446566699165827,0.0,1.0,0.19992058969349877,0.043871558551053146,2.4894192956257304,2.4894192956257304,2.495318514008261,2.4953185140082614,0.0
rank_shift_ok,6,inclusive,3.0,2.5315689771542864,1.0,0.19992058969349877,0.13446566699165827,0.0,1.0,0.19992058969349877,0.043871558551053146,2.4894192956257304,2.462536840187228,2.495318514008261,2.4953185140082605,0.0
rank_shift_ok,6,inclusive,3.0,2.5315689771542864,2.0,0.39984117938699754,0.13446566699165827,0.0,1.0,0.19992058969349877,0.043871558551053146,2.4894192956257304,2.4356543847487258,2.495318514008261,2.4953185140082605,0.0
rank_shift_ok,7,clean,0.0,0.0,0.0,0.0,0.1434423804670033,0.0,1.0,0.5151657639393507,0.21304524376802053,-0.029930419309471303,-0.029930419309471303,0.0006292976037865716,0.0006292976037865634,0.0
rank_shift_ok,7,clean,0.0,0.0,1.0,0.5151657639393507,0.1434423804670033,0.0,1.0,0.5151657639393507,0.21304524376802053,-0.029930419309471303,-0.10382702282403404,0.0006292976037865716,0.0006292976037865812,0.0
rank_shift_ok,7,clean,0.0,0.0,2.0,1.0303315278787013,0.1434423804670033,0.0,1.0,0.5151657639393507,0.21304524376802053,-0.029930419309471303,-0.17772362633859679,0.0006292976037865716,0.0006292976037865522,0.0
rank_shift_ok,7,clean,1.0,1.007834662968353,0.0,0.0,0.1434423804670033,0.0,1.0,0.5151657639393507,0.21304524376802053,0.9779042436588817,0.9779042436588817,1.0084639605721395,1.0084639605721395,0.0
rank_shift_ok,7,clean,1.0,1.007834662968353,1.0,0.5151657639393507,0.1434423804670033,0.0,1.0,0.5151657639393507,0.21304524376802053,0.9779042436588817,0.9040076401443189,1.0084639605721395,1.0084639605721395,0.0
rank_shift_ok,7,clean,1.0,1.007834662968353,2.0,1.0303315278787013,0.1434423804670033,0.0,1.0,0.5151657639393507,0.21304524376802053,0.9779042436588817,0.8301110366297563,1.0084639605721395,1.0084639605721397,0.0
rank_shift_ok,7,clean,3.0,3.023503988905059,0.0,0.0,0.1434423804670033,0.0,1.0,0.5151657639393507,0.21304524376802053,2.9935735695955876,2.9935735695955876,3.0241332865088455,3.0241332865088455,0.0
rank_shift_ok,7,clean,3.0,3.023503988905059,1.0,0.5151657639393507,0.1434423804670033,0.0,1.0,0.5151657639393507,0.21304524376802053,2.9935735695955876,2.919676966081025,3.0241332865088455,3.0241332865088455,0.0
rank_shift_ok,7,clean,3.0,3.023503988905059,2.0,1.0303315278787013,0.1434423804670033,0.0,1.0,0.5151657639393507,0.21304524376802053,2.9935735695955876,2.845780362566462,3.0241332865088455,3.0241332865088455,0.0
rank_shift_ok,7,inclusive,0.0,0.0,0.0,0.0,0.1434423804670033,0.18667200482697005,0.9732233232610715,0.5602887938514315,0.23733703504884654,-0.029930419309471303,-0.029930419309471303,0.004113769970915848,0.004226953744934349,0.0
rank_shift_ok,7,inclusive,0.0,0.0,1.0,0.5602887938514315,0.1434423804670033,0.18667200482697005,0.9732233232610715,0.5602887938514315,0.23733703504884654,-0.029930419309471303,-0.1102995776485067,0.004113769970915848,0.004226953744934358,0.0
rank_shift_ok,7,inclusive,0.0,0.0,2.0,1.120577587702863,0.1434423804670033,0.18667200482697005,0.9732233232610715,0.5602887938514315,0.23733703504884654,-0.029930419309471303,-0.19066873598754214,0.004113769970915848,0.004226953744934309,0.0
rank_shift_ok,7,inclusive,1.0,1.007834662968353,0.0,0.0,0.1434423804670033,0.18667200482697005,0.9732233232610715,0.5602887938514315,0.04920251797843046,0.9779042436588817,0.9779042436588817,0.9849619699626782,1.0120616167132874,0.026986462976590558
rank_shift_ok,7,inclusive,1.0,1.007834662968353,1.0,0.5602887938514315,0.1434423804670033,0.18667200482697005,0.9732233232610715,0.5602887938514315,0.04920251797843046,0.9779042436588817,0.8975350853198464,0.9849619699626782,1.0120616167132874,0.026986462976590558
rank_shift_ok,7,inclusive,1.0,1.007834662968353,2.0,1.120577587702863,0.1434423804670033,0.18667200482697005,0.9732233232610715,0.5602887938514315,0.04920251797843046,0.9779042436588817,0.817165926980811,0.9849619699626782,1.0120616167132876,0.026986462976590558
rank_shift_ok,7,inclusive,3.0,3.023503988905059,0.0,0.0,0.1434423804670033,0.18667200482697005,0.9732233232610715,0.5602887938514315,-0.32706651616240184,2.9935735695955876,2.9935735695955876,2.9466583699462032,3.027730942649993,0.08095938892977167
rank_shift_ok,7,inclusive,3.0,3.023503988905059,1.0,0.5602887938514315,0.1434423804670033,0.18667200482697005,0.9732233232610715,0.5602887938514315,-0.32706651616240184,2.9935735695955876,2.913204411256552,2.9466583699462032,3.0277309426499928,0.08095938892977167
rank_shift_ok,7,inclusive,3.0,3.023503988905059,2.0,1.120577587702863,0.1434423804670033,0.18667200482697005,0.9732233232610715,0.5602887938514315,-0.32706651616240184,2.9935735695955876,2.832835252917517,2.9466583699462032,3.027730942649993,0.08095938892977167
rank_shift_ok,8,clean,0.0,0.0,0.0,0.0,0.11914999383953373,0.0,1.0,0.6463080102421233,-0.38234454102896076,0.018688081884969645,0.018688081884969645,-0.02686826782321039,-0.02686826782321038,0.0
rank_shift_ok,8,clean,0.0,0.0,1.0,0.6463080102421233,0.11914999383953373,0.0,1.0,0.6463080102421233,-0.38234454102896076,0.018688081884969645,-0.05831951355382066,-0.02686826782321039,-0.026868267823210397,0.0
rank_shift_ok,8,clean,0.0,0.0,2.0,1.2926160204842465,0.11914999383953373,0.0,1.0,0.6463080102421233,-0.38234454102896076,0.018688081884969645,-0.13532710899261094,-0.02686826782321039,-0.02686826782321039,0.0
rank_shift_ok,8,clean,1.0,1.1888174143987857,0.0,0.0,0.11914999383953373,0.0,1.0,0.6463080102421233,-0.38234454102896076,1.2075054962837553,1.2075054962837553,1.1619491465755754,1.1619491465755751,0.0
rank_shift_ok,8,clean,1.0,1.1888174143987857,1.0,0.6463080102421233,0.11914999383953373,0.0,1.0,0.6463080102421233,-0.38234454102896076,1.2075054962837553,1.1304979008449652,1.1619491465755754,1.1619491465755754,0.0
rank_shift_ok,8,clean,1.0,1.1888174143987857,2.0,1.2926160204842465,0.11914999383953373,0.0,1.0,0.6463080102421233,-0.38234454102896076,1.2075054962837553,1.0534903054061748,1.1619491465755754,1.1619491465755754,0.0
rank_shift_ok,8,clean,3.0,3.5664522431963572,0.0,0.0,0.11914999383953373,0.0,1.0,0.6463080102421233,-0.38234454102896076,3.585140325081327,3.585140325081327,3.5395839753731466,3.539583975373147,0.0
rank_shift_ok,8,clean,3.0,3.5664522431963572,1.0,0.6463080102421233,0.11914999383953373,0.0,1.0,0.6463080102421233,-0.38234454102896076,3.585140325081327,3.5081327296425364,3.5395839753731466,3.5395839753731466,0.0
rank_shift_ok,8,clean,3.0,3.5664522431963572,2.0,1.2926160204842465,0.11914999383953373,0.0,1.0,0.6463080102421233,-0.38234454102896076,3.585140325081327,3.4311251342037465,3.5395839753731466,3.539583975373147,0.0
rank_shift_ok,8,inclusive,0.0,0.0,0.0,0.0,0.11914999383953373,0.447068635900092,0.9467317747866553,0.6676427053915066,-0.31307188462604885,0.018688081884969645,0.018688081884969645,-0.018614431239555286,-0.019661779328944605,0.0
rank_shift_ok,8,inclusive,0.0,0.0,1.0,0.6676427053915066,0.11914999383953373,0.447068635900092,0.9467317747866553,0.6676427053915066,-0.31307188462604885,0.018688081884969645,-0.06086154234943798,-0.018614431239555286,-0.019661779328944567,0.0
rank_shift_ok,8,inclusive,0.0,0.0,2.0,1.3352854107830132,0.11914999383953373,0.447068635900092,0.9467317747866553,0.6676427053915066,-0.31307188462604885,0.018688081884969645,-0.14041116658384564,-0.018614431239555286,-0.01966177932894458,0.0
rank_shift_ok,8,inclusive,1.0,1.1888174143987857,0.0,0.0,0.11914999383953373,0.447068635900092,0.9467317747866553,0.6676427053915066,-0.8445548644155882,1.2075054962837553,1.2075054962837553,1.10687678939149,1.169155635069841,0.06332619376774067
rank_shift_ok,8,inclusive,1.0,1.1888174143987857,1.0,0.6676427053915066,0.11914999383953373,0.447068635900092,0.9467317747866553,0.6676427053915066,-0.8445548644155882,1.2075054962837553,1.1279558720493479,1.10687678939149,1.1691556350698413,0.06332619376774067
rank_shift_ok,8,inclusive,1.0,1.1888174143987857,2.0,1.3352854107830132,0.11914999383953373,0.447068635900092,0.9467317747866553,0.6676427053915066,-0.8445548644155882,1.2075054962837553,1.04840624781494,1.10687678939149,1.169155635069841,0.06332619376774067
rank_shift_ok,8,inclusive,3.0,3.5664522431963572,0.0,0.0,0.11914999383953373,0.447068635900092,0.9467317747866553,0.6676427053915066,-1.9075208239946668,3.585140325081327,3.585140325081327,3.3578592306535797,3.546790463867413,0.189978581303222
rank_shift_ok,8,inclusive,3.0,3.5664522431963572,1.0,0.6676427053915066,0.11914999383953373,0.447068635900092,0.9467317747866553,0.6676427053915066,-1.9075208239946668,3.585140325081327,3.505590700846919,3.3578592306535797,3.546790463867412,0.189978581303222
rank_shift_ok,8,inclusive,3.0,3.5664522431963572,2.0,1.3352854107830132,0.11914999383953373,0.447068635900092,0.9467317747866553,0.6676427053915066,-1.9075208239946668,3.585140325081327,3.426041076612512,3.3578592306535797,3.546790463867413,0.189978581303222
rank_shift_ok,9,clean,0.0,0.0,0.0,0.0,0.13195901780367864,0.0,1.0,0.25487256312130263,-0.24110381613851045,0.13115430134672384,0.13115430134672384,0.09933847858036729,0.09933847858036729,0.0
rank_shift_ok,9,clean,0.0,0.0,1.0,0.25487256312130263,0.13195901780367864,0.0,1.0,0.25487256312130263,-0.24110381613851045,0.13115430134672384,0.09752156825213065,0.09933847858036729,0.09933847858036728,0.0
rank_shift_ok,9,clean,0.0,0.0,2.0,0.5097451262426053,0.13195901780367864,0.0,1.0,0.25487256312130263,-0.24110381613851045,0.13115430134672384,0.06388883515753747,0.09933847858036729,0.09933847858036728,0.0
rank_shift_ok,9,clean,1.0,1.3178027595495028,0.0,0.0,0.13195901780367864,0.0,1.0,0.25487256312130263,-0.24110381613851045,1.4489570608962268,1.4489570608962268,1.41714123812987,1.4171412381298703,0.0
rank_shift_ok,9,clean,1.0,1.3178027595495028,1.0,0.25487256312130263,0.13195901780367864,0.0,1.0,0.25487256312130263,-0.24110381613851045,1.4489570608962268,1.4153243278016334,1.41714123812987,1.41714123812987,0.0
rank_shift_ok,9,clean,1.0,1.3178027595495028,2.0,0.5097451262426053,0.13195901780367864,0.0,1.0,0.25487256312130263,-0.24110381613851045,1.4489570608962268,1.3816915947070403,1.41714123812987,1.41714123812987,0.0
rank_shift_ok,9,clean,3.0,3.9534082786485083,0.0,0.0,0.13195901780367864,0.0,1.0,0.25487256312130263,-0.24110381613851045,4.084562579995232,4.084562579995232,4.052746757228876,4.052746757228876,0.0
rank_shift_ok,9,clean,3.0,3.9534082786485083,1.0,0.25487256312130263,0.13195901780367864,0.0,1.0,0.25487256312130263,-0.24110381613851045,4.084562579995232,4.05092984690064,4.052746757228876,4.052746757228877,0.0
rank_shift_ok,9,clean,3.0,3.9534082786485083,2.0,0.5097451262426053,0.13195901780367864,0.0,1.0,0.25487256312130263,-0.24110381613851045,4.084562579995232,4.0172971138060465,4.052746757228876,4.052746757228876,0.0
rank_shift_ok,9,inclusive,0.0,0.0,0.0,0.0,0.13195901780367864,0.0,1.0,0.25487337175359837,-0.2411056569802143,0.13115430134672384,0.13115430134672384,0.09933823566470411,0.09933823566470411,0.0
rank_shift_ok,9,inclusive,0.0,0.0,1.0,0.25487337175359837,0.13195901780367864,0.0,1.0,0.25487337175359837,-0.2411056569802143,0.13115430134672384,0.09752146154580715,0.09933823566470411,0.09933823566470411,0.0
rank_shift_ok,9,inclusive,0.0,0.0,2.0,0.5097467435071967,0.13195901780367864,0.0,1.0,0.25487337175359837,-0.2411056569802143,0.13115430134672384,0.06388862174489046,0.09933823566470411,0.09933823566470411,0.0
rank_shift_ok,9,inclusive,1.0,1.3178027595495028,0.0,0.0,0.13195901780367864,0.0,1.0,0.25487337175359837,-0.2411056569802143,1.4489570608962268,1.4489570608962268,1.4171409952142069,1.417140995214207,0.0
rank_shift_ok,9,inclusive,1.0,1.3178027595495028,1.0,0.25487337175359837,0.13195901780367864,0.0,1.0,0.25487337175359837,-0.2411056569802143,1.4489570608962268,1.4153242210953099,1.4171409952142069,1.4171409952142069,0.0
rank_shift_ok,9,inclusive,1.0,1.3178027595495028,2.0,0.5097467435071967,0.13195901780367864,0.0,1.0,0.25487337175359837,-0.2411056569802143,1.4489570608962268,1.3816913812943934,1.4171409952142069,1.417140995214207,0.0
rank_shift_ok,9,inclusive,3.0,3.9534082786485083,0.0,0.0,0.13195901780367864,0.0,1.0,0.25487337175359837,-0.2411056569802143,4.084562579995232,4.084562579995232,4.052746514313213,4.052746514313212,0.0
rank_shift_ok,9,inclusive,3.0,3.9534082786485083,1.0,0.25487337175359837,0.13195901780367864,0.0,1.0,0.25487337175359837,-0.2411056569802143,4.084562579995232,4.0509297401943165,4.052746514313213,4.052746514313213,0.0
rank_shift_ok,9,inclusive,3.0,3.9534082786485083,2.0,0.5097467435071967,0.13195901780367864,0.0,1.0,0.25487337175359837,-0.2411056569802143,4.084562579995232,4.017296900393399,4.052746514313213,4.052746514313212,0.0
rank_shift_ok,10,clean,0.0,0.0,0.0,0.0,0.14227725256458879,0.0,1.0,0.4220202581117539,-0.0007991410206461769,-0.02002256575011919,-0.02002256575011919,-0.02013626533894839,-0.02013626533894839,0.0
rank_shift_ok,10,clean,0.0,0.0,1.0,0.4220202581117539,0.14227725256458879,0.0,1.0,0.4220202581117539,-0.0007991410206461769,-0.02002256575011919,-0.08006644860085817,-0.02013626533894839,-0.020136265338948394,0.0
rank_shift_ok,10,clean,0.0,0.0,2.0,0.8440405162235078,0.14227725256458879,0.0,1.0,0.4220202581117539,-0.0007991410206461769,-0.02002256575011919,-0.1401103314515971,-0.02013626533894839,-0.020136265338948356,0.0
rank_shift_ok,10,clean,1.0,0.8310472938577863,0.0,0.0,0.14227725256458879,0.0,1.0,0.4220202581117539,-0.0007991410206461769,0.8110247281076672,0.8110247281076672,0.8109110285188381,0.810911028518838,0.0
rank_shift_ok,10,clean,1.0,0.8310472938577863,1.0,0.4220202581117539,0.14227725256458879,0.0,1.0,0.4220202581117539,-0.0007991410206461769,0.8110247281076672,0.7509808452569282,0.8109110285188381,0.810911028518838,0.0
rank_shift_ok,10,clean,1.0,0.8310472938577863,2.0,0.8440405162235078,0.14227725256458879,0.0,1.0,0.4220202581117539,-0.0007991410206461769,0.8110247281076672,0.6909369624061892,0.8109110285188381,0.8109110285188379,0.0
rank_shift_ok,10,clean,3.0,2.493141881573359,0.0,0.0,0.14227725256458879,0.0,1.0,0.4220202581117539,-0.0007991410206461769,2.4731193158232396,2.4731193158232396,2.4730056162344103,2.4730056162344103,0.0
rank_shift_ok,10,clean,3.0,2.493141881573359,1.0,0.4220202581117539,0.14227725256458879,0.0,1.0,0.4220202581117539,-0.0007991410206461769,2.4731193158232396,2.4130754329725006,2.4730056162344103,2.4730056162344103,0.0
rank_shift_ok,10,clean,3.0,2.493141881573359,2.0,0.8440405162235078,0.14227725256458879,0.0,1.0,0.4220202581117539,-0.0007991410206461769,2.4731193158232396,2.353031550121762,2.4730056162344103,2.4730056162344107,0.0
rank_shift_ok,10,inclusive,0.0,0.0,0.0,0.0,0.14227725256458879,0.8675496702018609,0.8765674164603641,0.18865982323262284,-0.1840362031247536,-0.02002256575011919,-0.02002256575011919,-0.04620673110312771,-0.0527132656718105,0.0
rank_shift_ok,10,inclusive,0.0,0.0,1.0,0.18865982323262284,0.14227725256458879,0.8675496702018609,0.8765674164603641,0.18865982323262284,-0.1840362031247536,-0.02002256575011919,-0.04686456706897775,-0.04620673110312771,-0.05271326567181049,0.0
rank_shift_ok,10,inclusive,0.0,0.0,2.0,0.3773196464652457,0.14227725256458879,0.8675496702018609,0.8765674164603641,0.18865982323262284,-0.1840362031247536,-0.02002256575011919,-0.0737065683878363,-0.04620673110312771,-0.052713265671810484,0.0
rank_shift_ok,10,inclusive,1.0,0.8310472938577863,0.0,0.0,0.14227725256458879,0.8675496702018609,0.8765674164603641,0.18865982323262284,-0.9050110088332252,0.8110247281076672,0.8110247281076672,0.6822622482301692,0.778334028185976,0.10257831452448954
rank_shift_ok,10,inclusive,1.0,0.8310472938577863,1.0,0.18865982323262284,0.14227725256458879,0.8675496702018609,0.8765674164603641,0.18865982323262284,-0.9050110088332252,0.8110247281076672,0.7841827267888086,0.6822622482301692,0.7783340281859759,0.10257831452448954
rank_shift_ok,10,inclusive,1.0,0.8310472938577863,2.0,0.3773196464652457,0.14227725256458879,0.8675496702018609,0.8765674164603641,0.18865982323262284,-0.9050110088332252,0.8110247281076672,0.75734072546995,0.6822622482301692,0.7783340281859759,0.10257831452448954
rank_shift_ok,10,inclusive,3.0,2.493141881573359,0.0,0.0,0.14227725256458879,0.8675496702018609,0.8765674164603641,0.18865982323262284,-2.346960620250168,2.4731193158232396,2.4731193158232396,2.1392002068967626,2.4404286159015482,0.3077349435734686
rank_shift_ok,10,inclusive,3.0,2.493141881573359,1.0,0.18865982323262284,0.14227725256458879,0.8675496702018609,0.8765674164603641,0.18865982323262284,-2.346960620250168,2.4731193158232396,2.446277314504381,2.1392002068967626,2.4404286159015482,0.3077349435734686
rank_shift_ok,10,inclusive,3.0,2.493141881573359,2.0,0.3773196464652457,0.14227725256458879,0.8675496702018609,0.8765674164603641,0.18865982323262284,-2.346960620250168,2.4731193158232396,2.419435313185523,2.1392002068967626,2.4404286159015487,0.3077349435734686
rank_shift_ok,11,clean,0.0,0.0,0.0,0.0,0.15964959298358,0.0,1.0,0.387077590465094,0.3029434768280002,-0.031071297288202664,-0.031071297288202664,0.01729350548441817,0.01729350548441817,0.0
rank_shift_ok,11,clean,0.0,0.0,1.0,0.387077590465094,0.15964959298358,0.0,1.0,0.387077590465094,0.3029434768280002,-0.031071297288202664,-0.0928680770590198,0.01729350548441817,0.01729350548441816,0.0
rank_shift_ok,11,clean,0.0,0.0,2.0,0.774155180930188,0.15964959298358,0.0,1.0,0.387077590465094,0.3029434768280002,-0.031071297288202664,-0.1546648568298369,0.01729350548441817,0.017293505484418176,0.0
rank_shift_ok,11,clean,1.0,1.0089694707806085,0.0,0.0,0.15964959298358,0.0,1.0,0.387077590465094,0.3029434768280002,0.9778981734924057,0.9778981734924057,1.0262629762650266,1.0262629762650266,0.0
rank_shift_ok,11,clean,1.0,1.0089694707806085,1.0,0.387077590465094,0.15964959298358,0.0,1.0,0.387077590465094,0.3029434768280002,0.9778981734924057,0.9161013937215886,1.0262629762650266,1.0262629762650266,0.0
rank_shift_ok,11,clean,1.0,1.0089694707806085,2.0,0.774155180930188,0.15964959298358,0.0,1.0,0.387077590465094,0.3029434768280002,0.9778981734924057,0.8543046139507714,1.0262629762650266,1.0262629762650264,0.0
rank_shift_ok,11,clean,3.0,3.0269084123418253,0.0,0.0,0.15964959298358,0.0,1.0,0.387077590465094,0.3029434768280002,2.9958371150536225,2.9958371150536225,3.044201917826243,3.044201917826243,0.0
rank_shift_ok,11,clean,3.0,3.0269084123418253,1.0,0.387077590465094,0.15964959298358,0.0,1.0,0.387077590465094,0.3029434768280002,2.9958371150536225,2.9340403352828055,3.044201917826243,3.0442019178262436,0.0
rank_shift_ok,11,clean,3.0,3.0269084123418253,2.0,0.774155180930188,0.15964959298358,0.0,1.0,0.387077590465094,0.3029434768280002,2.9958371150536225,2.8722435555119885,3.044201917826243,3.0442019178262436,0.0
rank_shift_ok,11,inclusive,0.0,0.0,0.0,0.0,0.15964959298358,0.36516353489770637,0.9417017902811359,0.04218505795357663,0.07091235105405241,-0.031071297288202664,-0.031071297288202664,-0.019750169304914474,-0.02097284884529978,0.0
rank_shift_ok,11,inclusive,0.0,0.0,1.0,0.04218505795357663,0.15964959298358,0.36516353489770637,0.9417017902811359,0.04218505795357663,0.07091235105405241,-0.031071297288202664,-0.03780612462047992,-0.019750169304914474,-0.020972848845299794,0.0
rank_shift_ok,11,inclusive,0.0,0.0,2.0,0.08437011590715326,0.15964959298358,0.36516353489770637,0.9417017902811359,0.04218505795357663,0.07091235105405241,-0.031071297288202664,-0.04454095195275714,-0.019750169304914474,-0.02097284884529977,0.0
rank_shift_ok,11,inclusive,1.0,1.0089694707806085,0.0,0.0,0.15964959298358,0.36516353489770637,0.9417017902811359,0.04218505795357663,-0.2975265075000627,0.9778981734924057,0.9778981734924057,0.9303981876681947,0.9879966219353086,0.05882111380749927
rank_shift_ok,11,inclusive,1.0,1.0089694707806085,1.0,0.04218505795357663,0.15964959298358,0.36516353489770637,0.9417017902811359,0.04218505795357663,-0.2975265075000627,0.9778981734924057,0.9711633461601284,0.9303981876681947,0.9879966219353086,0.05882111380749927
rank_shift_ok,11,inclusive,1.0,1.0089694707806085,2.0,0.08437011590715326,0.15964959298358,0.36516353489770637,0.9417017902811359,0.04218505795357663,-0.2975265075000627,0.9778981734924057,0.9644285188278513,0.9303981876681947,0.9879966219353087,0.05882111380749927
rank_shift_ok,11,inclusive,3.0,3.0269084123418253,0.0,0.0,0.15964959298358,0.36516353489770637,0.9417017902811359,0.04218505795357663,-1.0344042246082927,2.9958371150536225,2.9958371150536225,2.830694901614413,3.0059355634965255,0.1764633414224978
rank_shift_ok,11,inclusive,3.0,3.0269084123418253,1.0,0.04218505795357663,0.15964959298358,0.36516353489770637,0.9417017902811359,0.04218505795357663,-1.0344042246082927,2.9958371150536225,2.9891022877213453,2.830694901614413,3.0059355634965255,0.1764633414224978
rank_shift_ok,11,inclusive,3.0,3.0269084123418253,2.0,0.08437011590715326,0.15964959298358,0.36516353489770637,0.9417017902811359,0.04218505795357663,-1.0344042246082927,2.9958371150536225,2.982367460389068,2.830694901614413,3.0059355634965255,0.1764633414224978
rank_shift_ok,12,clean,0.0,0.0,0.0,0.0,0.1577570548969987,0.0,1.0,0.4097678790996869,-0.3440182011553288,-0.10766381984140191,-0.10766381984140191,-0.1619351180866299,-0.16193511808662986,0.0
rank_shift_ok,12,clean,0.0,0.0,1.0,0.4097678790996869,0.1577570548969987,0.0,1.0,0.4097678790996869,-0.3440182011553288,-0.10766381984140191,-0.17230759363955794,-0.1619351180866299,-0.16193511808662986,0.0
rank_shift_ok,12,clean,0.0,0.0,2.0,0.8195357581993739,0.1577570548969987,0.0,1.0,0.4097678790996869,-0.3440182011553288,-0.10766381984140191,-0.23695136743771403,-0.1619351180866299,-0.16193511808662991,0.0
rank_shift_ok,12,clean,1.0,0.9021467017816218,0.0,0.0,0.1577570548969987,0.0,1.0,0.4097678790996869,-0.3440182011553288,0.79448288194022,0.79448288194022,0.740211583694992,0.7402115836949921,0.0
rank_shift_ok,12,clean,1.0,0.9021467017816218,1.0,0.4097678790996869,0.1577570548969987,0.0,1.0,0.4097678790996869,-0.3440182011553288,0.79448288194022,0.7298391081420638,0.740211583694992,0.7402115836949918,0.0
rank_shift_ok,12,clean,1.0,0.9021467017816218,2.0,0.8195357581993739,0.1577570548969987,0.0,1.0,0.4097678790996869,-0.3440182011553288,0.79448288194022,0.6651953343439078,0.740211583694992,0.7402115836949918,0.0
rank_shift_ok,12,clean,3.0,2.7064401053448655,0.0,0.0,0.1577570548969987,0.0,1.0,0.4097678790996869,-0.3440182011553288,2.598776285503463,2.598776285503463,2.5445049872582355,2.544504987258235,0.0
rank_shift_ok,12,clean,3.0,2.7064401053448655,1.0,0.4097678790996869,0.1577570548969987,0.0,1.0,0.4097678790996869,-0.3440182011553288,2.598776285503463,2.534132511705308,2.5445049872582355,2.544504987258236,0.0
rank_shift_ok,12,clean,3.0,2.7064401053448655,2.0,0.8195357581993739,0.1577570548969987,0.0,1.0,0.4097678790996869,-0.3440182011553288,2.598776285503463,2.469488737907151,2.5445049872582355,2.544504987258235,0.0
rank_shift_ok,12,inclusive,0.0,0.0,0.0,0.0,0.1577570548969987,0.21691315266803313,0.9657804198666681,0.5302128063383528,-0.3045544432605455,-0.10766381984140191,-0.10766381984140191,-0.1557094318659806,-0.16122653624255223,0.0
rank_shift_ok,12,inclusive,0.0,0.0,1.0,0.5302128063383528,0.1577570548969987,0.21691315266803313,0.9657804198666681,0.5302128063383528,-0.3045544432605455,-0.10766381984140191,-0.19130863063801318,-0.1557094318659806,-0.16122653624255223,0.0
rank_shift_ok,12,inclusive,0.0,0.0,2.0,1.0604256126767055,0.1577570548969987,0.21691315266803313,0.9657804198666681,0.5302128063383528,-0.3045544432605455,-0.10766381984140191,-0.27495344143462447,-0.1557094318659806,-0.16122653624255226,0.0
rank_shift_ok,12,inclusive,1.0,0.9021467017816218,0.0,0.0,0.1577570548969987,0.21691315266803313,0.9657804198666681,0.5302128063383528,-0.5002419285130648,0.79448288194022,0.79448288194022,0.7155661885620039,0.7409201655390697,0.03087108135363734
rank_shift_ok,12,inclusive,1.0,0.9021467017816218,1.0,0.5302128063383528,0.1577570548969987,0.21691315266803313,0.9657804198666681,0.5302128063383528,-0.5002419285130648,0.79448288194022,0.7108380711436085,0.7155661885620039,0.7409201655390695,0.03087108135363734
rank_shift_ok,12,inclusive,1.0,0.9021467017816218,2.0,1.0604256126767055,0.1577570548969987,0.21691315266803313,0.9657804198666681,0.5302128063383528,-0.5002419285130648,0.79448288194022,0.6271932603469973,0.7155661885620039,0.7409201655390695,0.03087108135363734
rank_shift_ok,12,inclusive,3.0,2.7064401053448655,0.0,0.0,0.1577570548969987,0.21691315266803313,0.9657804198666681,0.5302128063383528,-0.8916168990181038,2.598776285503463,2.598776285503463,2.458117429417973,2.545213569102313,0.09261324406091202
rank_shift_ok,12,inclusive,3.0,2.7064401053448655,1.0,0.5302128063383528,0.1577570548969987,0.21691315266803313,0.9657804198666681,0.5302128063383528,-0.8916168990181038,2.598776285503463,2.5151314747068527,2.458117429417973,2.5452135691023137,0.09261324406091202
rank_shift_ok,12,inclusive,3.0,2.7064401053448655,2.0,1.0604256126767055,0.1577570548969987,0.21691315266803313,0.9657804198666681,0.5302128063383528,-0.8916168990181038,2.598776285503463,2.431486663910241,2.458117429417973,2.5452135691023132,0.09261324406091202
rank_shift_ok,13,clean,0.0,0.0,0.0,0.0,0.11579979982879118,0.0,1.0,0.43157828657178016,0.10949989674774134,-0.045271707107393484,-0.045271707107393484,-0.03259164098273172,-0.032591640982731734,0.0
rank_shift_ok,13,clean,0.0,0.0,1.0,0.43157828657178016,0.11579979982879118,0.0,1.0,0.43157828657178016,0.10949989674774134,-0.045271707107393484,-0.09524838630285831,-0.03259164098273172,-0.032591640982731755,0.0
rank_shift_ok,13,clean,0.0,0.0,2.0,0.8631565731435603,0.11579979982879118,0.0,1.0,0.43157828657178016,0.10949989674774134,-0.045271707107393484,-0.1452250654983231,-0.03259164098273172,-0.03259164098273171,0.0
rank_shift_ok,13,clean,1.0,1.0495206868596574,0.0,0.0,0.11579979982879118,0.0,1.0,0.43157828657178016,0.10949989674774134,1.004248979752264,1.004248979752264,1.0169290458769256,1.0169290458769258,0.0
rank_shift_ok,13,clean,1.0,1.0495206868596574,1.0,0.43157828657178016,0.11579979982879118,0.0,1.0,0.43157828657178016,0.10949989674774134,1.004248979752264,0.9542723005567991,1.0169290458769256,1.0169290458769258,0.0
rank_shift_ok,13,clean,1.0,1.0495206868596574,2.0,0.8631565731435603,0.11579979982879118,0.0,1.0,0.43157828657178016,0.10949989674774134,1.004248979752264,0.9042956213613342,1.0169290458769256,1.0169290458769256,0.0
rank_shift_ok,13,clean,3.0,3.148562060578972,0.0,0.0,0.11579979982879118,0.0,1.0,0.43157828657178016,0.10949989674774134,3.103290353471579,3.103290353471579,3.1159704195962408,3.1159704195962408,0.0
rank_shift_ok,13,clean,3.0,3.148562060578972,1.0,0.43157828657178016,0.11579979982879118,0.0,1.0,0.43157828657178016,0.10949989674774134,3.103290353471579,3.0533136742761138,3.1159704195962408,3.1159704195962403,0.0
rank_shift_ok,13,clean,3.0,3.148562060578972,2.0,0.8631565731435603,0.11579979982879118,0.0,1.0,0.43157828657178016,0.10949989674774134,3.103290353471579,3.003336995080649,3.1159704195962408,3.1159704195962403,0.0
rank_shift_ok,13,inclusive,0.0,0.0,0.0,0.0,0.11579979982879118,0.332093578903142,0.9615436300385893,0.4707000390670716,0.034139925681561246,-0.045271707107393484,-0.045271707107393484,-0.041318310547298884,-0.04297081199075769,0.0
rank_shift_ok,13,inclusive,0.0,0.0,1.0,0.4707000390670716,0.11579979982879118,0.332093578903142,0.9615436300385893,0.4707000390670716,0.034139925681561246,-0.045271707107393484,-0.0997786774107646,-0.041318310547298884,-0.04297081199075772,0.0
rank_shift_ok,13,inclusive,0.0,0.0,2.0,0.9414000781341432,0.11579979982879118,0.332093578903142,0.9615436300385893,0.4707000390670716,0.034139925681561246,-0.045271707107393484,-0.15428564771413564,-0.041318310547298884,-0.04297081199075769,0.0
rank_shift_ok,13,inclusive,1.0,1.0495206868596574,0.0,0.0,0.11579979982879118,0.332093578903142,0.9615436300385893,0.4707000390670716,-0.31439915535054613,1.004248979752264,1.004248979752264,0.9678416204963295,1.0065498748689,0.04036075581602887
rank_shift_ok,13,inclusive,1.0,1.0495206868596574,1.0,0.4707000390670716,0.11579979982879118,0.332093578903142,0.9615436300385893,0.4707000390670716,-0.31439915535054613,1.004248979752264,0.9497420094488929,0.9678416204963295,1.0065498748688997,0.04036075581602887
rank_shift_ok,13,inclusive,1.0,1.0495206868596574,2.0,0.9414000781341432,0.11579979982879118,0.332093578903142,0.9615436300385893,0.4707000390670716,-0.31439915535054613,1.004248979752264,0.8952350391455217,0.9678416204963295,1.0065498748688997,0.04036075581602887
rank_shift_ok,13,inclusive,3.0,3.148562060578972,0.0,0.0,0.11579979982879118,0.332093578903142,0.9615436300385893,0.4707000390670716,-1.0114773174147609,3.103290353471579,3.103290353471579,2.986161482583587,3.105591248588215,0.1210822674480866
rank_shift_ok,13,inclusive,3.0,3.148562060578972,1.0,0.4707000390670716,0.11579979982879118,0.332093578903142,0.9615436300385893,0.4707000390670716,-1.0114773174147609,3.103290353471579,3.0487833831682076,2.986161482583587,3.1055912485882144,0.1210822674480866
rank_shift_ok,13,inclusive,3.0,3.148562060578972,2.0,0.9414000781341432,0.11579979982879118,0.332093578903142,0.9615436300385893,0.4707000390670716,-1.0114773174147609,3.103290353471579,2.9942764128648363,2.986161482583587,3.105591248588214,0.1210822674480866
rank_shift_ok,14,clean,0.0,0.0,0.0,0.0,0.13788521784828223,0.0,1.0,0.11477649079154623,0.07014852110001821,-0.010846032384636056,-0.010846032384636056,-0.0011735882710252276,-0.001173588271025223,0.0
rank_shift_ok,14,clean,0.0,0.0,1.0,0.11477649079154623,0.13788521784828223,0.0,1.0,0.11477649079154623,0.07014852110001821,-0.010846032384636056,-0.02667201382128977,-0.0011735882710252276,-0.0011735882710252115,0.0
rank_shift_ok,14,clean,0.0,0.0,2.0,0.22955298158309245,0.13788521784828223,0.0,1.0,0.11477649079154623,0.07014852110001821,-0.010846032384636056,-0.04249799525794347,-0.0011735882710252276,-0.0011735882710252037,0.0
rank_shift_ok,14,clean,1.0,1.132049453662209,0.0,0.0,0.13788521784828223,0.0,1.0,0.11477649079154623,0.07014852110001821,1.121203421277573,1.121203421277573,1.130875865391184,1.130875865391184,0.0
rank_shift_ok,14,clean,1.0,1.132049453662209,1.0,0.11477649079154623,0.13788521784828223,0.0,1.0,0.11477649079154623,0.07014852110001821,1.121203421277573,1.1053774398409193,1.130875865391184,1.130875865391184,0.0
rank_shift_ok,14,clean,1.0,1.132049453662209,2.0,0.22955298158309245,0.13788521784828223,0.0,1.0,0.11477649079154623,0.07014852110001821,1.121203421277573,1.0895514584042656,1.130875865391184,1.130875865391184,0.0
rank_shift_ok,14,clean,3.0,3.396148360986627,0.0,0.0,0.13788521784828223,0.0,1.0,0.11477649079154623,0.07014852110001821,3.385302328601991,3.385302328601991,3.3949747727156017,3.394974772715602,0.0
rank_shift_ok,14,clean,3.0,3.396148360986627,1.0,0.11477649079154623,0.13788521784828223,0.0,1.0,0.11477649079154623,0.07014852110001821,3.385302328601991,3.3694763471653375,3.3949747727156017,3.394974772715602,0.0
rank_shift_ok,14,clean,3.0,3.396148360986627,2.0,0.22955298158309245,0.13788521784828223,0.0,1.0,0.11477649079154623,0.07014852110001821,3.385302328601991,3.353650365728684,3.3949747727156017,3.394974772715602,0.0
rank_shift_ok,14,inclusive,0.0,0.0,0.0,0.0,0.13788521784828223,0.12474343889361961,0.9827997237530094,0.11827320240194675,-0.0729758542381076,-0.010846032384636056,-0.010846032384636056,-0.020908323943922003,-0.021274246866980755,0.0
rank_shift_ok,14,inclusive,0.0,0.0,1.0,0.11827320240194675,0.13788521784828223,0.12474343889361961,0.9827997237530094,0.11827320240194675,-0.0729758542381076,-0.010846032384636056,-0.027154158663442444,-0.020908323943922003,-0.021274246866980737,0.0
rank_shift_ok,14,inclusive,0.0,0.0,2.0,0.2365464048038935,0.13788521784828223,0.12474343889361961,0.9827997237530094,0.11827320240194675,-0.0729758542381076,-0.010846032384636056,-0.043462284942248866,-0.020908323943922003,-0.021274246866980755,0.0
rank_shift_ok,14,inclusive,1.0,1.132049453662209,0.0,0.0,0.13788521784828223,0.12474343889361961,0.9827997237530094,0.11827320240194675,-0.21419159608557484,1.121203421277573,1.121203421277573,1.0916695663900424,1.1107752067952283,0.019471563328244804
rank_shift_ok,14,inclusive,1.0,1.132049453662209,1.0,0.11827320240194675,0.13788521784828223,0.12474343889361961,0.9827997237530094,0.11827320240194675,-0.21419159608557484,1.121203421277573,1.1048952949987665,1.0916695663900424,1.1107752067952281,0.019471563328244804
rank_shift_ok,14,inclusive,1.0,1.132049453662209,2.0,0.2365464048038935,0.13788521784828223,0.12474343889361961,0.9827997237530094,0.11827320240194675,-0.21419159608557484,1.121203421277573,1.08858716871996,1.0916695663900424,1.1107752067952281,0.019471563328244804
rank_shift_ok,14,inclusive,3.0,3.396148360986627,0.0,0.0,0.13788521784828223,0.12474343889361961,0.9827997237530094,0.11827320240194675,-0.49662307978050924,3.385302328601991,3.385302328601991,3.3168253470579705,3.3748741141196463,0.05841468998473442
rank_shift_ok,14,inclusive,3.0,3.396148360986627,1.0,0.11827320240194675,0.13788521784828223,0.12474343889361961,0.9827997237530094,0.11827320240194675,-0.49662307978050924,3.385302328601991,3.368994202323185,3.3168253470579705,3.3748741141196468,0.05841468998473442
rank_shift_ok,14,inclusive,3.0,3.396148360986627,2.0,0.2365464048038935,0.13788521784828223,0.12474343889361961,0.9827997237530094,0.11827320240194675,-0.49662307978050924,3.385302328601991,3.352686076044378,3.3168253470579705,3.3748741141196463,0.05841468998473442
rank_shift_ok,15,clean,0.0,0.0,0.0,0.0,0.13141487954011052,0.0,1.0,0.07589222102570128,-0.043891352977246466,-0.06647480621756094,-0.06647480621756094,-0.07224278308191825,-0.07224278308191825,0.0
rank_shift_ok,15,clean,0.0,0.0,1.0,0.07589222102570128,0.13141487954011052,0.0,1.0,0.07589222102570128,-0.043891352977246466,-0.06647480621756094,-0.07644817330168494,-0.07224278308191825,-0.07224278308191827,0.0
rank_shift_ok,15,clean,0.0,0.0,2.0,0.15178444205140257,0.13141487954011052,0.0,1.0,0.07589222102570128,-0.043891352977246466,-0.06647480621756094,-0.08642154038580888,-0.07224278308191825,-0.07224278308191824,0.0
rank_shift_ok,15,clean,1.0,1.3237904713875772,0.0,0.0,0.13141487954011052,0.0,1.0,0.07589222102570128,-0.043891352977246466,1.2573156651700161,1.2573156651700161,1.2515476883056589,1.2515476883056589,0.0
rank_shift_ok,15,clean,1.0,1.3237904713875772,1.0,0.07589222102570128,0.13141487954011052,0.0,1.0,0.07589222102570128,-0.043891352977246466,1.2573156651700161,1.2473422980858921,1.2515476883056589,1.2515476883056589,0.0
rank_shift_ok,15,clean,1.0,1.3237904713875772,2.0,0.15178444205140257,0.13141487954011052,0.0,1.0,0.07589222102570128,-0.043891352977246466,1.2573156651700161,1.2373689310017686,1.2515476883056589,1.2515476883056593,0.0
rank_shift_ok,15,clean,3.0,3.9713714141627317,0.0,0.0,0.13141487954011052,0.0,1.0,0.07589222102570128,-0.043891352977246466,3.90489660794517,3.90489660794517,3.8991286310808135,3.8991286310808126,0.0
rank_shift_ok,15,clean,3.0,3.9713714141627317,1.0,0.07589222102570128,0.13141487954011052,0.0,1.0,0.07589222102570128,-0.043891352977246466,3.90489660794517,3.894923240861046,3.8991286310808135,3.8991286310808126,0.0
rank_shift_ok,15,clean,3.0,3.9713714141627317,2.0,0.15178444205140257,0.13141487954011052,0.0,1.0,0.07589222102570128,-0.043891352977246466,3.90489660794517,3.884949873776923,3.8991286310808135,3.8991286310808135,0.0
rank_shift_ok,15,inclusive,0.0,0.0,0.0,0.0,0.13141487954011052,0.0,1.0,0.07589243328635537,-0.04389139797943414,-0.06647480621756094,-0.06647480621756094,-0.07224278899587533,-0.07224278899587533,0.0
rank_shift_ok,15,inclusive,0.0,0.0,1.0,0.07589243328635537,0.13141487954011052,0.0,1.0,0.07589243328635537,-0.04389139797943414,-0.06647480621756094,-0.0764482011958932,-0.07224278899587533,-0.07224278899587533,0.0
rank_shift_ok,15,inclusive,0.0,0.0,2.0,0.15178486657271073,0.13141487954011052,0.0,1.0,0.07589243328635537,-0.04389139797943414,-0.06647480621756094,-0.08642159617422547,-0.07224278899587533,-0.07224278899587533,0.0
rank_shift_ok,15,inclusive,1.0,1.3237904713875772,0.0,0.0,0.13141487954011052,0.0,1.0,0.07589243328635537,-0.04389139797943414,1.2573156651700161,1.2573156651700161,1.251547682391702,1.2515476823917018,0.0
rank_shift_ok,15,inclusive,1.0,1.3237904713875772,1.0,0.07589243328635537,0.13141487954011052,0.0,1.0,0.07589243328635537,-0.04389139797943414,1.2573156651700161,1.2473422701916843,1.251547682391702,1.2515476823917022,0.0
rank_shift_ok,15,inclusive,1.0,1.3237904713875772,2.0,0.15178486657271073,0.13141487954011052,0.0,1.0,0.07589243328635537,-0.04389139797943414,1.2573156651700161,1.2373688752133518,1.251547682391702,1.251547682391702,0.0
rank_shift_ok,15,inclusive,3.0,3.9713714141627317,0.0,0.0,0.13141487954011052,0.0,1.0,0.07589243328635537,-0.04389139797943414,3.90489660794517,3.90489660794517,3.8991286251668553,3.8991286251668558,0.0
rank_shift_ok,15,inclusive,3.0,3.9713714141627317,1.0,0.07589243328635537,0.13141487954011052,0.0,1.0,0.07589243328635537,-0.04389139797943414,3.90489660794517,3.8949232129668383,3.8991286251668553,3.899128625166856,0.0
rank_shift_ok,15,inclusive,3.0,3.9713714141627317,2.0,0.15178486657271073,0.13141487954011052,0.0,1.0,0.07589243328635537,-0.04389139797943414,3.90489660794517,3.884949817988506,3.8991286251668553,3.899128625166856,0.0
rank_shift_ok,16,clean,0.0,0.0,0.0,0.0,0.1328769548596448,0.0,1.0,0.1288335522012545,-0.1700174320746366,-0.005955209775087832,-0.005955209775087832,-0.02854660842222203,-0.028546608422222043,0.0
rank_shift_ok,16,clean,0.0,0.0,1.0,0.1288335522012545,0.1328769548596448,0.0,1.0,0.1288335522012545,-0.1700174320746366,-0.005955209775087832,-0.023074219875341605,-0.02854660842222203,-0.028546608422222033,0.0
rank_shift_ok,16,clean,0.0,0.0,2.0,0.257667104402509,0.1328769548596448,0.0,1.0,0.1288335522012545,-0.1700174320746366,-0.005955209775087832,-0.040193229975595386,-0.02854660842222203,-0.028546608422222026,0.0
rank_shift_ok,16,clean,1.0,1.125666788226642,0.0,0.0,0.1328769548596448,0.0,1.0,0.1288335522012545,-0.1700174320746366,1.1197115784515543,1.1197115784515543,1.0971201798044201,1.0971201798044201,0.0
rank_shift_ok,16,clean,1.0,1.125666788226642,1.0,0.1288335522012545,0.1328769548596448,0.0,1.0,0.1288335522012545,-0.1700174320746366,1.1197115784515543,1.1025925683513003,1.0971201798044201,1.09712017980442,0.0
rank_shift_ok,16,clean,1.0,1.125666788226642,2.0,0.257667104402509,0.1328769548596448,0.0,1.0,0.1288335522012545,-0.1700174320746366,1.1197115784515543,1.0854735582510469,1.0971201798044201,1.0971201798044201,0.0
rank_shift_ok,16,clean,3.0,3.377000364679926,0.0,0.0,0.1328769548596448,0.0,1.0,0.1288335522012545,-0.1700174320746366,3.371045154904838,3.371045154904838,3.3484537562577046,3.3484537562577037,0.0
rank_shift_ok,16,clean,3.0,3.377000364679926,1.0,0.1288335522012545,0.1328769548596448,0.0,1.0,0.1288335522012545,-0.1700174320746366,3.371045154904838,3.3539261448045843,3.3484537562577046,3.3484537562577037,0.0
rank_shift_ok,16,clean,3.0,3.377000364679926,2.0,0.257667104402509,0.1328769548596448,0.0,1.0,0.1288335522012545,-0.1700174320746366,3.371045154904838,3.336807134704331,3.3484537562577046,3.3484537562577046,0.0
rank_shift_ok,16,inclusive,0.0,0.0,0.0,0.0,0.1328769548596448,0.3639725152306002,0.9516364405235521,0.09864058981702079,-0.07862743571808738,-0.005955209775087832,-0.005955209775087832,-0.016402984001729744,-0.01723660770357374,0.0
rank_shift_ok,16,inclusive,0.0,0.0,1.0,0.09864058981702079,0.1328769548596448,0.3639725152306002,0.9516364405235521,0.09864058981702079,-0.07862743571808738,-0.005955209775087832,-0.01906227097553283,-0.016402984001729744,-0.017236607703573725,0.0
rank_shift_ok,16,inclusive,0.0,0.0,2.0,0.19728117963404157,0.1328769548596448,0.3639725152306002,0.9516364405235521,0.09864058981702079,-0.07862743571808738,-0.005955209775087832,-0.03216933217597784,-0.016402984001729744,-0.01723660770357372,0.0
rank_shift_ok,16,inclusive,1.0,1.125666788226642,0.0,0.0,0.1328769548596448,0.3639725152306002,0.9516364405235521,0.09864058981702079,-0.4883392079404897,1.1197115784515543,1.1197115784515543,1.054822551561851,1.1084301805230685,0.05444125266306122
rank_shift_ok,16,inclusive,1.0,1.125666788226642,1.0,0.09864058981702079,0.1328769548596448,0.3639725152306002,0.9516364405235521,0.09864058981702079,-0.4883392079404897,1.1197115784515543,1.106604517251109,1.054822551561851,1.108430180523068,0.05444125266306122
rank_shift_ok,16,inclusive,1.0,1.125666788226642,2.0,0.19728117963404157,0.1328769548596448,0.3639725152306002,0.9516364405235521,0.09864058981702079,-0.4883392079404897,1.1197115784515543,1.0934974560506645,1.054822551561851,1.1084301805230687,0.05444125266306122
rank_shift_ok,16,inclusive,3.0,3.377000364679926,0.0,0.0,0.1328769548596448,0.3639725152306002,0.9516364405235521,0.09864058981702079,-1.3077627523852944,3.371045154904838,3.371045154904838,3.197273622689013,3.359763756976352,0.16332375798918364
rank_shift_ok,16,inclusive,3.0,3.377000364679926,1.0,0.09864058981702079,0.1328769548596448,0.3639725152306002,0.9516364405235521,0.09864058981702079,-1.3077627523852944,3.371045154904838,3.357938093704393,3.197273622689013,3.359763756976352,0.16332375798918364
rank_shift_ok,16,inclusive,3.0,3.377000364679926,2.0,0.19728117963404157,0.1328769548596448,0.3639725152306002,0.9516364405235521,0.09864058981702079,-1.3077627523852944,3.371045154904838,3.3448310325039485,3.197273622689013,3.3597637569763528,0.16332375798918364
rank_shift_ok,17,clean,0.0,0.0,0.0,0.0,0.12178758356589081,0.0,1.0,0.1430462597457599,0.4018833130402445,-0.049208400805825614,-0.049208400805825614,-0.0002640032351997751,-0.0002640032351997812,0.0
rank_shift_ok,17,clean,0.0,0.0,1.0,0.1430462597457599,0.12178758356589081,0.0,1.0,0.1430462597457599,0.4018833130402445,-0.049208400805825614,-0.06662965911840049,-0.0002640032351997751,-0.0002640032351997878,0.0
rank_shift_ok,17,clean,0.0,0.0,2.0,0.2860925194915198,0.12178758356589081,0.0,1.0,0.1430462597457599,0.4018833130402445,-0.049208400805825614,-0.08405091743097533,-0.0002640032351997751,-0.00026400323519976625,0.0
rank_shift_ok,17,clean,1.0,1.3268012713959725,0.0,0.0,0.12178758356589081,0.0,1.0,0.1430462597457599,0.4018833130402445,1.277592870590147,1.277592870590147,1.3265372681607726,1.3265372681607728,0.0
rank_shift_ok,17,clean,1.0,1.3268012713959725,1.0,0.1430462597457599,0.12178758356589081,0.0,1.0,0.1430462597457599,0.4018833130402445,1.277592870590147,1.260171612277572,1.3265372681607726,1.3265372681607726,0.0
rank_shift_ok,17,clean,1.0,1.3268012713959725,2.0,0.2860925194915198,0.12178758356589081,0.0,1.0,0.1430462597457599,0.4018833130402445,1.277592870590147,1.2427503539649971,1.3265372681607726,1.3265372681607728,0.0
rank_shift_ok,17,clean,3.0,3.9804038141879174,0.0,0.0,0.12178758356589081,0.0,1.0,0.1430462597457599,0.4018833130402445,3.931195413382092,3.931195413382092,3.980139810952717,3.9801398109527177,0.0
rank_shift_ok,17,clean,3.0,3.9804038141879174,1.0,0.1430462597457599,0.12178758356589081,0.0,1.0,0.1430462597457599,0.4018833130402445,3.931195413382092,3.913774155069517,3.980139810952717,3.9801398109527177,0.0
rank_shift_ok,17,clean,3.0,3.9804038141879174,2.0,0.2860925194915198,0.12178758356589081,0.0,1.0,0.1430462597457599,0.4018833130402445,3.931195413382092,3.896352896756942,3.980139810952717,3.9801398109527173,0.0
rank_shift_ok,17,inclusive,0.0,0.0,0.0,0.0,0.12178758356589081,0.0,1.0,0.14304638516650126,0.40188065345555535,-0.049208400805825614,-0.049208400805825614,-0.00026432713959235744,-0.0002643271395923612,0.0
rank_shift_ok,17,inclusive,0.0,0.0,1.0,0.14304638516650126,0.12178758356589081,0.0,1.0,0.14304638516650126,0.40188065345555535,-0.049208400805825614,-0.06662967439308949,-0.00026432713959235744,-0.00026432713959236324,0.0
rank_shift_ok,17,inclusive,0.0,0.0,2.0,0.2860927703330025,0.12178758356589081,0.0,1.0,0.14304638516650126,0.40188065345555535,-0.049208400805825614,-0.08405094798035337,-0.00026432713959235744,-0.00026432713959236525,0.0
rank_shift_ok,17,inclusive,1.0,1.3268012713959725,0.0,0.0,0.12178758356589081,0.0,1.0,0.14304638516650126,0.40188065345555535,1.277592870590147,1.277592870590147,1.3265369442563801,1.3265369442563801,0.0
rank_shift_ok,17,inclusive,1.0,1.3268012713959725,1.0,0.14304638516650126,0.12178758356589081,0.0,1.0,0.14304638516650126,0.40188065345555535,1.277592870590147,1.2601715970028828,1.3265369442563801,1.32653694425638,0.0
rank_shift_ok,17,inclusive,1.0,1.3268012713959725,2.0,0.2860927703330025,0.12178758356589081,0.0,1.0,0.14304638516650126,0.40188065345555535,1.277592870590147,1.2427503234156192,1.3265369442563801,1.3265369442563801,0.0
rank_shift_ok,17,inclusive,3.0,3.9804038141879174,0.0,0.0,0.12178758356589081,0.0,1.0,0.14304638516650126,0.40188065345555535,3.931195413382092,3.931195413382092,3.980139487048325,3.980139487048325,0.0
rank_shift_ok,17,inclusive,3.0,3.9804038141879174,1.0,0.14304638516650126,0.12178758356589081,0.0,1.0,0.14304638516650126,0.40188065345555535,3.931195413382092,3.9137741397948282,3.980139487048325,3.9801394870483255,0.0
rank_shift_ok,17,inclusive,3.0,3.9804038141879174,2.0,0.2860927703330025,0.12178758356589081,0.0,1.0,0.14304638516650126,0.40188065345555535,3.931195413382092,3.8963528662075633,3.980139487048325,3.980139487048324,0.0
rank_shift_ok,18,clean,0.0,0.0,0.0,0.0,0.11788874252337922,0.0,1.0,0.9079576833651483,1.6527316027573633,0.1420374839663785,0.1420374839663785,0.33687593434409313,0.3368759343440932,0.0
rank_shift_ok,18,clean,0.0,0.0,1.0,0.9079576833651483,0.11788874252337922,0.0,1.0,0.9079576833651483,1.6527316027573633,0.1420374839663785,0.034999494410020655,0.33687593434409313,0.33687593434409313,0.0
rank_shift_ok,18,clean,0.0,0.0,2.0,1.8159153667302965,0.11788874252337922,0.0,1.0,0.9079576833651483,1.6527316027573633,0.1420374839663785,-0.07203849514633717,0.33687593434409313,0.3368759343440931,0.0
rank_shift_ok,18,clean,1.0,0.752456197190005,0.0,0.0,0.11788874252337922,0.0,1.0,0.9079576833651483,1.6527316027573633,0.8944936811563835,0.8944936811563835,1.0893321315340982,1.0893321315340982,0.0
rank_shift_ok,18,clean,1.0,0.752456197190005,1.0,0.9079576833651483,0.11788874252337922,0.0,1.0,0.9079576833651483,1.6527316027573633,0.8944936811563835,0.7874556916000256,1.0893321315340982,1.089332131534098,0.0
rank_shift_ok,18,clean,1.0,0.752456197190005,2.0,1.8159153667302965,0.11788874252337922,0.0,1.0,0.9079576833651483,1.6527316027573633,0.8944936811563835,0.6804177020436677,1.0893321315340982,1.089332131534098,0.0
rank_shift_ok,18,clean,3.0,2.257368591570015,0.0,0.0,0.11788874252337922,0.0,1.0,0.9079576833651483,1.6527316027573633,2.399406075536393,2.399406075536393,2.5942445259141076,2.5942445259141076,0.0
rank_shift_ok,18,clean,3.0,2.257368591570015,1.0,0.9079576833651483,0.11788874252337922,0.0,1.0,0.9079576833651483,1.6527316027573633,2.399406075536393,2.292368085980035,2.5942445259141076,2.594244525914107,0.0
rank_shift_ok,18,clean,3.0,2.257368591570015,2.0,1.8159153667302965,0.11788874252337922,0.0,1.0,0.9079576833651483,1.6527316027573633,2.399406075536393,2.1853300964236775,2.5942445259141076,2.5942445259141076,0.0
rank_shift_ok,18,inclusive,0.0,0.0,0.0,0.0,0.11788874252337922,0.0,1.0,0.9079576833651483,1.6527316027573633,0.1420374839663785,0.1420374839663785,0.33687593434409313,0.3368759343440932,0.0
rank_shift_ok,18,inclusive,0.0,0.0,1.0,0.9079576833651483,0.11788874252337922,0.0,1.0,0.9079576833651483,1.6527316027573633,0.1420374839663785,0.034999494410020655,0.33687593434409313,0.33687593434409313,0.0
rank_shift_ok,18,inclusive,0.0,0.0,2.0,1.8159153667302965,0.11788874252337922,0.0,1.0,0.9079576833651483,1.6527316027573633,0.1420374839663785,-0.07203849514633717,0.33687593434409313,0.3368759343440931,0.0
rank_shift_ok,18,inclusive,1.0,0.752456197190005,0.0,0.0,0.11788874252337922,0.0,1.0,0.9079576833651483,1.6527316027573633,0.8944936811563835,0.8944936811563835,1.0893321315340982,1.0893321315340982,0.0
rank_shift_ok,18,inclusive,1.0,0.752456197190005,1.0,0.9079576833651483,0.11788874252337922,0.0,1.0,0.9079576833651483,1.6527316027573633,0.8944936811563835,0.7874556916000256,1.0893321315340982,1.089332131534098,0.0
rank_shift_ok,18,inclusive,1.0,0.752456197190005,2.0,1.8159153667302965,0.11788874252337922,0.0,1.0,0.9079576833651483,1.6527316027573633,0.8944936811563835,0.6804177020436677,1.0893321315340982,1.089332131534098,0.0
rank_shift_ok,18,inclusive,3.0,2.257368591570015,0.0,0.0,0.11788874252337922,0.0,1.0,0.9079576833651483,1.6527316027573633,2.399406075536393,2.399406075536393,2.5942445259141076,2.5942445259141076,0.0
rank_shift_ok,18,inclusive,3.0,2.257368591570015,1.0,0.9079576833651483,0.11788874252337922,0.0,1.0,0.9079576833651483,1.6527316027573633,2.399406075536393,2.292368085980035,2.5942445259141076,2.594244525914107,0.0
rank_shift_ok,18,inclusive,3.0,2.257368591570015,2.0,1.8159153667302965,0.11788874252337922,0.0,1.0,0.9079576833651483,1.6527316027573633,2.399406075536393,2.1853300964236775,2.5942445259141076,2.5942445259141076,0.0
rank_shift_ok,19,clean,0.0,0.0,0.0,0.0,0.13202576248681855,0.0,1.0,0.13624787718341427,0.16671035727065814,-0.13712007732574882,-0.13712007732574882,-0.11511001529264027,-0.11511001529264026,0.0
rank_shift_ok,19,clean,0.0,0.0,1.0,0.13624787718341427,0.13202576248681855,0.0,1.0,0.13624787718341427,0.16671035727065814,-0.13712007732574882,-0.1551083071980995,-0.11511001529264027,-0.11511001529264026,0.0
rank_shift_ok,19,clean,0.0,0.0,2.0,0.27249575436682855,0.13202576248681855,0.0,1.0,0.13624787718341427,0.16671035727065814,-0.13712007732574882,-0.17309653707045017,-0.11511001529264027,-0.11511001529264024,0.0
rank_shift_ok,19,clean,1.0,0.8398784303843063,0.0,0.0,0.13202576248681855,0.0,1.0,0.13624787718341427,0.16671035727065814,0.7027583530585575,0.7027583530585575,0.7247684150916661,0.7247684150916661,0.0
rank_shift_ok,19,clean,1.0,0.8398784303843063,1.0,0.13624787718341427,0.13202576248681855,0.0,1.0,0.13624787718341427,0.16671035727065814,0.7027583530585575,0.6847701231862067,0.7247684150916661,0.7247684150916659,0.0
rank_shift_ok,19,clean,1.0,0.8398784303843063,2.0,0.27249575436682855,0.13202576248681855,0.0,1.0,0.13624787718341427,0.16671035727065814,0.7027583530585575,0.6667818933138563,0.7247684150916661,0.7247684150916662,0.0
rank_shift_ok,19,clean,3.0,2.5196352911529187,0.0,0.0,0.13202576248681855,0.0,1.0,0.13624787718341427,0.16671035727065814,2.38251521382717,2.38251521382717,2.404525275860278,2.4045252758602786,0.0
rank_shift_ok,19,clean,3.0,2.5196352911529187,1.0,0.13624787718341427,0.13202576248681855,0.0,1.0,0.13624787718341427,0.16671035727065814,2.38251521382717,2.3645269839548186,2.404525275860278,2.4045252758602778,0.0
rank_shift_ok,19,clean,3.0,2.5196352911529187,2.0,0.27249575436682855,0.13202576248681855,0.0,1.0,0.13624787718341427,0.16671035727065814,2.38251521382717,2.3465387540824683,2.404525275860278,2.404525275860278,0.0
rank_shift_ok,19,inclusive,0.0,0.0,0.0,0.0,0.13202576248681855,0.02115368463775358,0.9972071686562949,0.13794808204879688,0.16948054246465696,-0.13712007732574882,-0.13712007732574882,-0.11474427948017285,-0.11506563840168453,0.0
rank_shift_ok,19,inclusive,0.0,0.0,1.0,0.13794808204879688,0.13202576248681855,0.02115368463775358,0.9972071686562949,0.13794808204879688,0.16948054246465696,-0.13712007732574882,-0.15533277804183543,-0.11474427948017285,-0.11506563840168452,0.0
rank_shift_ok,19,inclusive,0.0,0.0,2.0,0.27589616409759377,0.13202576248681855,0.02115368463775358,0.9972071686562949,0.13794808204879688,0.16948054246465696,-0.13712007732574882,-0.17354547875792203,-0.11474427948017285,-0.1150656384016845,0.0
rank_shift_ok,19,inclusive,1.0,0.8398784303843063,0.0,0.0,0.13202576248681855,0.02115368463775358,0.9972071686562949,0.13794808204879688,0.15171401901425585,0.7027583530585575,0.7027583530585575,0.7227885120988542,0.7248127919826218,0.0023456388052791465
rank_shift_ok,19,inclusive,1.0,0.8398784303843063,1.0,0.13794808204879688,0.13202576248681855,0.02115368463775358,0.9972071686562949,0.13794808204879688,0.15171401901425585,0.7027583530585575,0.6845456523424709,0.7227885120988542,0.7248127919826218,0.0023456388052791465
rank_shift_ok,19,inclusive,1.0,0.8398784303843063,2.0,0.27589616409759377,0.13202576248681855,0.02115368463775358,0.9972071686562949,0.13794808204879688,0.15171401901425585,0.7027583530585575,0.6663329516263843,0.7227885120988542,0.7248127919826218,0.0023456388052791465
rank_shift_ok,19,inclusive,3.0,2.5196352911529187,0.0,0.0,0.13202576248681855,0.02115368463775358,0.9972071686562949,0.13794808204879688,0.11618097211345364,2.38251521382717,2.38251521382717,2.3978540952569087,2.4045696527512344,0.007036916415837439
rank_shift_ok,19,inclusive,3.0,2.5196352911529187,1.0,0.13794808204879688,0.13202576248681855,0.02115368463775358,0.9972071686562949,0.13794808204879688,0.11618097211345364,2.38251521382717,2.3643025131110833,2.3978540952569087,2.4045696527512344,0.007036916415837439
rank_shift_ok,19,inclusive,3.0,2.5196352911529187,2.0,0.27589616409759377,0.13202576248681855,0.02115368463775358,0.9972071686562949,0.13794808204879688,0.11618097211345364,2.38251521382717,2.3460898123949963,2.3978540952569087,2.404569652751234,0.007036916415837439
rank_shift_ok,20,clean,0.0,0.0,0.0,0.0,0.11928825350107741,0.0,1.0,0.08127639822955836,-0.1804812114350439,0.18914236882928104,0.18914236882928104,0.167613080327436,0.16761308032743596,0.0
rank_shift_ok,20,clean,0.0,0.0,1.0,0.08127639822955836,0.11928825350107741,0.0,1.0,0.08127639822955836,-0.1804812114350439,0.18914236882928104,0.17944704923361895,0.167613080327436,0.16761308032743596,0.0
rank_shift_ok,20,clean,0.0,0.0,2.0,0.16255279645911672,0.11928825350107741,0.0,1.0,0.08127639822955836,-0.1804812114350439,0.18914236882928104,0.16975172963795687,0.167613080327436,0.16761308032743596,0.0
rank_shift_ok,20,clean,1.0,1.3176189994849512,0.0,0.0,0.11928825350107741,0.0,1.0,0.08127639822955836,-0.1804812114350439,1.506761368314232,1.506761368314232,1.4852320798123873,1.485232079812387,0.0
rank_shift_ok,20,clean,1.0,1.3176189994849512,1.0,0.08127639822955836,0.11928825350107741,0.0,1.0,0.08127639822955836,-0.1804812114350439,1.506761368314232,1.4970660487185703,1.4852320798123873,1.4852320798123873,0.0
rank_shift_ok,20,clean,1.0,1.3176189994849512,2.0,0.16255279645911672,0.11928825350107741,0.0,1.0,0.08127639822955836,-0.1804812114350439,1.506761368314232,1.4873707291229081,1.4852320798123873,1.4852320798123873,0.0
rank_shift_ok,20,clean,3.0,3.9528569984548536,0.0,0.0,0.11928825350107741,0.0,1.0,0.08127639822955836,-0.1804812114350439,4.141999367284135,4.141999367284135,4.120470078782289,4.12047007878229,0.0
rank_shift_ok,20,clean,3.0,3.9528569984548536,1.0,0.08127639822955836,0.11928825350107741,0.0,1.0,0.08127639822955836,-0.1804812114350439,4.141999367284135,4.132304047688473,4.120470078782289,4.12047007878229,0.0
rank_shift_ok,20,clean,3.0,3.9528569984548536,2.0,0.16255279645911672,0.11928825350107741,0.0,1.0,0.08127639822955836,-0.1804812114350439,4.141999367284135,4.12260872809281,4.120470078782289,4.120470078782288,0.0
rank_shift_ok,20,inclusive,0.0,0.0,0.0,0.0,0.11928825350107741,0.03717364822948904,0.9955656204264408,0.08244598762152143,-0.19282520090604688,0.18914236882928104,0.18914236882928104,0.16614058738220433,0.16688059930297677,0.0
rank_shift_ok,20,inclusive,0.0,0.0,1.0,0.08244598762152143,0.11928825350107741,0.03717364822948904,0.9955656204264408,0.08244598762152143,-0.19282520090604688,0.18914236882928104,0.17930753095773827,0.16614058738220433,0.16688059930297675,0.0
rank_shift_ok,20,inclusive,0.0,0.0,2.0,0.16489197524304286,0.11928825350107741,0.03717364822948904,0.9955656204264408,0.08244598762152143,-0.19282520090604688,0.18914236882928104,0.16947269308619556,0.16614058738220433,0.16688059930297677,0.0
rank_shift_ok,20,inclusive,1.0,1.3176189994849512,0.0,0.0,0.11928825350107741,0.03717364822948904,0.9955656204264408,0.08244598762152143,-0.24180590609339178,1.506761368314232,1.506761368314232,1.477916764090106,1.4844995987879277,0.005842822777049534
rank_shift_ok,20,inclusive,1.0,1.3176189994849512,1.0,0.08244598762152143,0.11928825350107741,0.03717364822948904,0.9955656204264408,0.08244598762152143,-0.24180590609339178,1.506761368314232,1.4969265304426895,1.477916764090106,1.484499598787928,0.005842822777049534
rank_shift_ok,20,inclusive,1.0,1.3176189994849512,2.0,0.16489197524304286,0.11928825350107741,0.03717364822948904,0.9955656204264408,0.08244598762152143,-0.24180590609339178,1.506761368314232,1.4870916925711468,1.477916764090106,1.484499598787928,0.005842822777049534
rank_shift_ok,20,inclusive,3.0,3.9528569984548536,0.0,0.0,0.11928825350107741,0.03717364822948904,0.9955656204264408,0.08244598762152143,-0.33976731646808156,4.141999367284135,4.141999367284135,4.10146911750591,4.1197375977578305,0.0175284683311486
rank_shift_ok,20,inclusive,3.0,3.9528569984548536,1.0,0.08244598762152143,0.11928825350107741,0.03717364822948904,0.9955656204264408,0.08244598762152143,-0.33976731646808156,4.141999367284135,4.132164529412592,4.10146911750591,4.1197375977578305,0.0175284683311486
rank_shift_ok,20,inclusive,3.0,3.9528569984548536,2.0,0.16489197524304286,0.11928825350107741,0.03717364822948904,0.9955656204264408,0.08244598762152143,-0.33976731646808156,4.141999367284135,4.122329691541049,4.10146911750591,4.1197375977578305,0.0175284683311486
rank_shift_ok,21,clean,0.0,0.0,0.0,0.0,0.12153059723196388,0.0,1.0,0.7868963438968145,0.24861335397519926,-0.233593968209248,-0.233593968209248,-0.20337983882080035,-0.20337983882080038,0.0
rank_shift_ok,21,clean,0.0,0.0,1.0,0.7868963438968145,0.12153059723196388,0.0,1.0,0.7868963438968145,0.24861335397519926,-0.233593968209248,-0.3292259508426767,-0.20337983882080035,-0.20337983882080038,0.0
rank_shift_ok,21,clean,0.0,0.0,2.0,1.573792687793629,0.12153059723196388,0.0,1.0,0.7868963438968145,0.24861335397519926,-0.233593968209248,-0.4248579334761054,-0.20337983882080035,-0.20337983882080035,0.0
rank_shift_ok,21,clean,1.0,0.9253256666575315,0.0,0.0,0.12153059723196388,0.0,1.0,0.7868963438968145,0.24861335397519926,0.6917316984482835,0.6917316984482835,0.7219458278367311,0.7219458278367311,0.0
rank_shift_ok,21,clean,1.0,0.9253256666575315,1.0,0.7868963438968145,0.12153059723196388,0.0,1.0,0.7868963438968145,0.24861335397519926,0.6917316984482835,0.5960997158148549,0.7219458278367311,0.7219458278367312,0.0
rank_shift_ok,21,clean,1.0,0.9253256666575315,2.0,1.573792687793629,0.12153059723196388,0.0,1.0,0.7868963438968145,0.24861335397519926,0.6917316984482835,0.5004677331814261,0.7219458278367311,0.7219458278367312,0.0
rank_shift_ok,21,clean,3.0,2.7759769999725945,0.0,0.0,0.12153059723196388,0.0,1.0,0.7868963438968145,0.24861335397519926,2.5423830317633467,2.5423830317633467,2.572597161151794,2.572597161151794,0.0
rank_shift_ok,21,clean,3.0,2.7759769999725945,1.0,0.7868963438968145,0.12153059723196388,0.0,1.0,0.7868963438968145,0.24861335397519926,2.5423830317633467,2.446751049129918,2.572597161151794,2.572597161151794,0.0
rank_shift_ok,21,clean,3.0,2.7759769999725945,2.0,1.573792687793629,0.12153059723196388,0.0,1.0,0.7868963438968145,0.24861335397519926,2.5423830317633467,2.3511190664964894,2.572597161151794,2.5725971611517946,0.0
rank_shift_ok,21,inclusive,0.0,0.0,0.0,0.0,0.12153059723196388,1.0,0.8784694027680361,0.4355873199362059,0.1557112494897957,-0.233593968209248,-0.233593968209248,-0.21467028706301777,-0.24436854190549703,0.0
rank_shift_ok,21,inclusive,0.0,0.0,1.0,0.4355873199362059,0.12153059723196388,1.0,0.8784694027680361,0.4355873199362059,0.1557112494897957,-0.233593968209248,-0.2865311553477655,-0.21467028706301777,-0.24436854190549692,0.0
rank_shift_ok,21,inclusive,0.0,0.0,2.0,0.8711746398724118,0.12153059723196388,1.0,0.8784694027680361,0.4355873199362059,0.1557112494897957,-0.233593968209248,-0.3394683424862833,-0.21467028706301777,-0.24436854190549712,0.0
rank_shift_ok,21,inclusive,1.0,0.9253256666575315,0.0,0.0,0.12153059723196388,1.0,0.8784694027680361,0.4355873199362059,-0.7696144171677358,0.6917316984482835,0.6917316984482835,0.5981999986915587,0.6809571247520345,0.11245538090295493
rank_shift_ok,21,inclusive,1.0,0.9253256666575315,1.0,0.4355873199362059,0.12153059723196388,1.0,0.8784694027680361,0.4355873199362059,-0.7696144171677358,0.6917316984482835,0.6387945113097658,0.5981999986915587,0.6809571247520344,0.11245538090295493
rank_shift_ok,21,inclusive,1.0,0.9253256666575315,2.0,0.8711746398724118,0.12153059723196388,1.0,0.8784694027680361,0.4355873199362059,-0.7696144171677358,0.6917316984482835,0.5858573241712483,0.5981999986915587,0.6809571247520345,0.11245538090295493
rank_shift_ok,21,inclusive,3.0,2.7759769999725945,0.0,0.0,0.12153059723196388,1.0,0.8784694027680361,0.4355873199362059,-2.6202657504827984,2.5423830317633467,2.5423830317633467,2.223940570200712,2.531608458067098,0.3373661427088648
rank_shift_ok,21,inclusive,3.0,2.7759769999725945,1.0,0.4355873199362059,0.12153059723196388,1.0,0.8784694027680361,0.4355873199362059,-2.6202657504827984,2.5423830317633467,2.4894458446248287,2.223940570200712,2.531608458067097,0.3373661427088648
rank_shift_ok,21,inclusive,3.0,2.7759769999725945,2.0,0.8711746398724118,0.12153059723196388,1.0,0.8784694027680361,0.4355873199362059,-2.6202657504827984,2.5423830317633467,2.436508657486311,2.223940570200712,2.5316084580670974,0.3373661427088648
rank_shift_ok,22,clean,0.0,0.0,0.0,0.0,0.13088487991521275,0.0,1.0,0.4165325537246572,0.6267989845047693,-0.004712977779052205,-0.004712977779052205,0.07732553203883183,0.07732553203883183,0.0
rank_shift_ok,22,clean,0.0,0.0,1.0,0.4165325537246572,0.13088487991521275,0.0,1.0,0.4165325537246572,0.6267989845047693,-0.004712977779052205,-0.05923079105408084,0.07732553203883183,0.07732553203883186,0.0
rank_shift_ok,22,clean,0.0,0.0,2.0,0.8330651074493144,0.13088487991521275,0.0,1.0,0.4165325537246572,0.6267989845047693,-0.004712977779052205,-0.11374860432910952,0.07732553203883183,0.07732553203883183,0.0
rank_shift_ok,22,clean,1.0,1.2678497310140475,0.0,0.0,0.13088487991521275,0.0,1.0,0.4165325537246572,0.6267989845047693,1.2631367532349953,1.2631367532349953,1.3451752630528795,1.3451752630528793,0.0
rank_shift_ok,22,clean,1.0,1.2678497310140475,1.0,0.4165325537246572,0.13088487991521275,0.0,1.0,0.4165325537246572,0.6267989845047693,1.2631367532349953,1.2086189399599667,1.3451752630528795,1.3451752630528795,0.0
rank_shift_ok,22,clean,1.0,1.2678497310140475,2.0,0.8330651074493144,0.13088487991521275,0.0,1.0,0.4165325537246572,0.6267989845047693,1.2631367532349953,1.154101126684938,1.3451752630528795,1.3451752630528793,0.0
rank_shift_ok,22,clean,3.0,3.8035491930421426,0.0,0.0,0.13088487991521275,0.0,1.0,0.4165325537246572,0.6267989845047693,3.7988362152630915,3.7988362152630915,3.880874725080974,3.8808747250809756,0.0
rank_shift_ok,22,clean,3.0,3.8035491930421426,1.0,0.4165325537246572,0.13088487991521275,0.0,1.0,0.4165325537246572,0.6267989845047693,3.7988362152630915,3.7443184019880627,3.880874725080974,3.880874725080975,0.0
rank_shift_ok,22,clean,3.0,3.8035491930421426,2.0,0.8330651074493144,0.13088487991521275,0.0,1.0,0.4165325537246572,0.6267989845047693,3.7988362152630915,3.6898005887130325,3.880874725080974,3.880874725080974,0.0
rank_shift_ok,22,inclusive,0.0,0.0,0.0,0.0,0.13088487991521275,0.6591468670032457,0.9137276414657914,0.07438121543235846,0.19560155849922953,-0.004712977779052205,-0.004712977779052205,0.0208883087163479,0.02286054155354119,0.0
rank_shift_ok,22,inclusive,0.0,0.0,1.0,0.07438121543235846,0.13088487991521275,0.6591468670032457,0.9137276414657914,0.07438121543235846,0.19560155849922953,-0.004712977779052205,-0.014448354228864002,0.0208883087163479,0.022860541553541208,0.0
rank_shift_ok,22,inclusive,0.0,0.0,2.0,0.1487624308647169,0.13088487991521275,0.6591468670032457,0.9137276414657914,0.07438121543235846,0.19560155849922953,-0.004712977779052205,-0.024183730678675807,0.0208883087163479,0.022860541553541204,0.0
rank_shift_ok,22,inclusive,1.0,1.2678497310140475,0.0,0.0,0.13088487991521275,0.6591468670032457,0.9137276414657914,0.07438121543235846,-0.6400976195295877,1.2631367532349953,1.2631367532349953,1.179357653168852,1.2907102725675887,0.10938038656154374
rank_shift_ok,22,inclusive,1.0,1.2678497310140475,1.0,0.07438121543235846,0.13088487991521275,0.6591468670032457,0.9137276414657914,0.07438121543235846,-0.6400976195295877,1.2631367532349953,1.2534013767851837,1.179357653168852,1.290710272567589,0.10938038656154374
rank_shift_ok,22,inclusive,1.0,1.2678497310140475,2.0,0.1487624308647169,0.13088487991521275,0.6591468670032457,0.9137276414657914,0.07438121543235846,-0.6400976195295877,1.2631367532349953,1.243666000335372,1.179357653168852,1.290710272567589,0.10938038656154374
rank_shift_ok,22,inclusive,3.0,3.8035491930421426,0.0,0.0,0.13088487991521275,0.6591468670032457,0.9137276414657914,0.07438121543235846,-2.311495975587222,3.7988362152630915,3.7988362152630915,3.4962963420738595,3.826409734595685,0.3281411596846312
rank_shift_ok,22,inclusive,3.0,3.8035491930421426,1.0,0.07438121543235846,0.13088487991521275,0.6591468670032457,0.9137276414657914,0.07438121543235846,-2.311495975587222,3.7988362152630915,3.7891008388132796,3.4962963420738595,3.826409734595685,0.3281411596846312
rank_shift_ok,22,inclusive,3.0,3.8035491930421426,2.0,0.1487624308647169,0.13088487991521275,0.6591468670032457,0.9137276414657914,0.07438121543235846,-2.311495975587222,3.7988362152630915,3.7793654623634674,3.4962963420738595,3.8264097345956842,0.3281411596846312
rank_shift_ok,23,clean,0.0,0.0,0.0,0.0,0.12668149419383284,0.0,1.0,0.7458971321379084,0.09432270789365937,-0.04569527096224406,-0.04569527096224406,-0.03374632938986686,-0.03374632938986686,0.0
rank_shift_ok,23,clean,0.0,0.0,1.0,0.7458971321379084,0.12668149419383284,0.0,1.0,0.7458971321379084,0.09432270789365937,-0.04569527096224406,-0.14018663417636906,-0.03374632938986686,-0.033746329389866846,0.0
rank_shift_ok,23,clean,0.0,0.0,2.0,1.4917942642758169,0.12668149419383284,0.0,1.0,0.7458971321379084,0.09432270789365937,-0.04569527096224406,-0.23467799739049414,-0.03374632938986686,-0.03374632938986689,0.0
rank_shift_ok,23,clean,1.0,0.9985775520735891,0.0,0.0,0.12668149419383284,0.0,1.0,0.7458971321379084,0.09432270789365937,0.9528822811113452,0.9528822811113452,0.9648312226837221,0.9648312226837225,0.0
rank_shift_ok,23,clean,1.0,0.9985775520735891,1.0,0.7458971321379084,0.12668149419383284,0.0,1.0,0.7458971321379084,0.09432270789365937,0.9528822811113452,0.8583909178972201,0.9648312226837221,0.9648312226837223,0.0
rank_shift_ok,23,clean,1.0,0.9985775520735891,2.0,1.4917942642758169,0.12668149419383284,0.0,1.0,0.7458971321379084,0.09432270789365937,0.9528822811113452,0.7638995546830949,0.9648312226837221,0.9648312226837221,0.0
rank_shift_ok,23,clean,3.0,2.9957326562207673,0.0,0.0,0.12668149419383284,0.0,1.0,0.7458971321379084,0.09432270789365937,2.950037385258523,2.950037385258523,2.9619863268309006,2.9619863268309,0.0
rank_shift_ok,23,clean,3.0,2.9957326562207673,1.0,0.7458971321379084,0.12668149419383284,0.0,1.0,0.7458971321379084,0.09432270789365937,2.950037385258523,2.8555460220443982,2.9619863268309006,2.9619863268309006,0.0
rank_shift_ok,23,clean,3.0,2.9957326562207673,2.0,1.4917942642758169,0.12668149419383284,0.0,1.0,0.7458971321379084,0.09432270789365937,2.950037385258523,2.761054658830273,2.9619863268309006,2.9619863268309006,0.0
rank_shift_ok,23,inclusive,0.0,0.0,0.0,0.0,0.12668149419383284,1.0,0.8733185058061672,0.41033198265595844,-0.06441289275016703,-0.04569527096224406,-0.04569527096224406,-0.05385519246118231,-0.06166729790234798,0.0
rank_shift_ok,23,inclusive,0.0,0.0,1.0,0.41033198265595844,0.12668149419383284,1.0,0.8733185058061672,0.41033198265595844,-0.06441289275016703,-0.04569527096224406,-0.0976767396406188,-0.05385519246118231,-0.061667297902348,0.0
rank_shift_ok,23,inclusive,0.0,0.0,2.0,0.8206639653119169,0.12668149419383284,1.0,0.8733185058061672,0.41033198265595844,-0.06441289275016703,-0.04569527096224406,-0.1496582083189935,-0.05385519246118231,-0.06166729790234802,0.0
rank_shift_ok,23,inclusive,1.0,0.9985775520735891,0.0,0.0,0.12668149419383284,1.0,0.8733185058061672,0.41033198265595844,-1.0629904448237562,0.9528822811113452,0.9528822811113452,0.8182210632473046,0.9369102541712413,0.12650129636510218
rank_shift_ok,23,inclusive,1.0,0.9985775520735891,1.0,0.41033198265595844,0.12668149419383284,1.0,0.8733185058061672,0.41033198265595844,-1.0629904448237562,0.9528822811113452,0.9009008124329702,0.8182210632473046,0.936910254171241,0.12650129636510218
rank_shift_ok,23,inclusive,1.0,0.9985775520735891,2.0,0.8206639653119169,0.12668149419383284,1.0,0.8733185058061672,0.41033198265595844,-1.0629904448237562,0.9528822811113452,0.8489193437545955,0.8182210632473046,0.9369102541712411,0.12650129636510218
rank_shift_ok,23,inclusive,3.0,2.9957326562207673,0.0,0.0,0.12668149419383284,1.0,0.8733185058061672,0.41033198265595844,-3.0601455489709344,2.950037385258523,2.950037385258523,2.5623735746642784,2.934065358318419,0.3795038890953066
rank_shift_ok,23,inclusive,3.0,2.9957326562207673,1.0,0.41033198265595844,0.12668149419383284,1.0,0.8733185058061672,0.41033198265595844,-3.0601455489709344,2.950037385258523,2.8980559165801485,2.5623735746642784,2.9340653583184193,0.3795038890953066
rank_shift_ok,23,inclusive,3.0,2.9957326562207673,2.0,0.8206639653119169,0.12668149419383284,1.0,0.8733185058061672,0.41033198265595844,-3.0601455489709344,2.950037385258523,2.846074447901773,2.5623735746642784,2.934065358318419,0.3795038890953066
rank_shift_ok,24,clean,0.0,0.0,0.0,0.0,0.12327568110413287,0.0,1.0,0.30339939021446405,0.4248589524355636,-0.09554138350224736,-0.09554138350224736,-0.04316660676756488,-0.04316660676756487,0.0
rank_shift_ok,24,clean,0.0,0.0,1.0,0.30339939021446405,0.12327568110413287,0.0,1.0,0.30339939021446405,0.4248589524355636,-0.09554138350224736,-0.132943149977514,-0.04316660676756488,-0.04316660676756486,0.0
rank_shift_ok,24,clean,0.0,0.0,2.0,0.6067987804289281,0.12327568110413287,0.0,1.0,0.30339939021446405,0.4248589524355636,-0.09554138350224736,-0.17034491645278066,-0.04316660676756488,-0.043166606767564904,0.0
rank_shift_ok,24,clean,1.0,1.0615998557460264,0.0,0.0,0.12327568110413287,0.0,1.0,0.30339939021446405,0.4248589524355636,0.9660584722437793,0.9660584722437793,1.0184332489784615,1.0184332489784618,0.0
rank_shift_ok,24,clean,1.0,1.0615998557460264,1.0,0.30339939021446405,0.12327568110413287,0.0,1.0,0.30339939021446405,0.4248589524355636,0.9660584722437793,0.9286567057685124,1.0184332489784615,1.0184332489784615,0.0
rank_shift_ok,24,clean,1.0,1.0615998557460264,2.0,0.6067987804289281,0.12327568110413287,0.0,1.0,0.30339939021446405,0.4248589524355636,0.9660584722437793,0.8912549392932458,1.0184332489784615,1.0184332489784615,0.0
rank_shift_ok,24,clean,3.0,3.1847995672380796,0.0,0.0,0.12327568110413287,0.0,1.0,0.30339939021446405,0.4248589524355636,3.089258183735832,3.089258183735832,3.1416329604705147,3.141632960470514,0.0
rank_shift_ok,24,clean,3.0,3.1847995672380796,1.0,0.30339939021446405,0.12327568110413287,0.0,1.0,0.30339939021446405,0.4248589524355636,3.089258183735832,3.0518564172605656,3.1416329604705147,3.1416329604705147,0.0
rank_shift_ok,24,clean,3.0,3.1847995672380796,2.0,0.6067987804289281,0.12327568110413287,0.0,1.0,0.30339939021446405,0.4248589524355636,3.089258183735832,3.0144546507852983,3.1416329604705147,3.141632960470514,0.0
rank_shift_ok,24,inclusive,0.0,0.0,0.0,0.0,0.12327568110413287,0.0,1.0,0.30339935772446047,0.4248588846091598,-0.09554138350224736,-0.09554138350224736,-0.04316661512891103,-0.04316661512891099,0.0
rank_shift_ok,24,inclusive,0.0,0.0,1.0,0.30339935772446047,0.12327568110413287,0.0,1.0,0.30339935772446047,0.4248588846091598,-0.09554138350224736,-0.13294314597228668,-0.04316661512891103,-0.043166615128911,0.0
rank_shift_ok,24,inclusive,0.0,0.0,2.0,0.6067987154489209,0.12327568110413287,0.0,1.0,0.30339935772446047,0.4248588846091598,-0.09554138350224736,-0.17034490844232603,-0.04316661512891103,-0.04316661512891103,0.0
rank_shift_ok,24,inclusive,1.0,1.0615998557460264,0.0,0.0,0.12327568110413287,0.0,1.0,0.30339935772446047,0.4248588846091598,0.9660584722437793,0.9660584722437793,1.0184332406171155,1.0184332406171157,0.0
rank_shift_ok,24,inclusive,1.0,1.0615998557460264,1.0,0.30339935772446047,0.12327568110413287,0.0,1.0,0.30339935772446047,0.4248588846091598,0.9660584722437793,0.9286567097737397,1.0184332406171155,1.0184332406171155,0.0
rank_shift_ok,24,inclusive,1.0,1.0615998557460264,2.0,0.6067987154489209,0.12327568110413287,0.0,1.0,0.30339935772446047,0.4248588846091598,0.9660584722437793,0.8912549473037004,1.0184332406171155,1.0184332406171153,0.0
rank_shift_ok,24,inclusive,3.0,3.1847995672380796,0.0,0.0,0.12327568110413287,0.0,1.0,0.30339935772446047,0.4248588846091598,3.089258183735832,3.089258183735832,3.1416329521091684,3.1416329521091684,0.0
rank_shift_ok,24,inclusive,3.0,3.1847995672380796,1.0,0.30339935772446047,0.12327568110413287,0.0,1.0,0.30339935772446047,0.4248588846091598,3.089258183735832,3.0518564212657933,3.1416329521091684,3.141632952109169,0.0
rank_shift_ok,24,inclusive,3.0,3.1847995672380796,2.0,0.6067987154489209,0.12327568110413287,0.0,1.0,0.30339935772446047,0.4248588846091598,3.089258183735832,3.014454658795754,3.1416329521091684,3.1416329521091693,0.0
rank_shift_ok,25,clean,0.0,0.0,0.0,0.0,0.13007412170348362,0.0,1.0,0.4434849165502739,-0.3525306891072775,-0.08877819957453997,-0.08877819957453997,-0.1346333193336929,-0.13463331933369294,0.0
rank_shift_ok,25,clean,0.0,0.0,1.0,0.4434849165502739,0.13007412170348362,0.0,1.0,0.4434849165502739,-0.3525306891072775,-0.08877819957453997,-0.14646411058355957,-0.1346333193336929,-0.13463331933369294,0.0
rank_shift_ok,25,clean,0.0,0.0,2.0,0.8869698331005478,0.13007412170348362,0.0,1.0,0.4434849165502739,-0.3525306891072775,-0.08877819957453997,-0.20415002159257917,-0.1346333193336929,-0.1346333193336929,0.0
rank_shift_ok,25,clean,1.0,1.2487156706200708,0.0,0.0,0.13007412170348362,0.0,1.0,0.4434849165502739,-0.3525306891072775,1.159937471045531,1.159937471045531,1.114082351286378,1.114082351286378,0.0
rank_shift_ok,25,clean,1.0,1.2487156706200708,1.0,0.4434849165502739,0.13007412170348362,0.0,1.0,0.4434849165502739,-0.3525306891072775,1.159937471045531,1.1022515600365113,1.114082351286378,1.114082351286378,0.0
rank_shift_ok,25,clean,1.0,1.2487156706200708,2.0,0.8869698331005478,0.13007412170348362,0.0,1.0,0.4434849165502739,-0.3525306891072775,1.159937471045531,1.0445656490274917,1.114082351286378,1.114082351286378,0.0
rank_shift_ok,25,clean,3.0,3.7461470118602125,0.0,0.0,0.13007412170348362,0.0,1.0,0.4434849165502739,-0.3525306891072775,3.657368812285673,3.657368812285673,3.6115136925265197,3.61151369252652,0.0
rank_shift_ok,25,clean,3.0,3.7461470118602125,1.0,0.4434849165502739,0.13007412170348362,0.0,1.0,0.4434849165502739,-0.3525306891072775,3.657368812285673,3.5996829012766534,3.6115136925265197,3.61151369252652,0.0
rank_shift_ok,25,clean,3.0,3.7461470118602125,2.0,0.8869698331005478,0.13007412170348362,0.0,1.0,0.4434849165502739,-0.3525306891072775,3.657368812285673,3.5419969902676334,3.6115136925265197,3.6115136925265197,0.0
rank_shift_ok,25,inclusive,0.0,0.0,0.0,0.0,0.13007412170348362,0.0,1.0,0.4434849180856208,-0.35253067942516186,-0.08877819957453997,-0.08877819957453997,-0.13463331807430023,-0.13463331807430023,0.0
rank_shift_ok,25,inclusive,0.0,0.0,1.0,0.4434849180856208,0.13007412170348362,0.0,1.0,0.4434849180856208,-0.35253067942516186,-0.08877819957453997,-0.14646411078326846,-0.13463331807430023,-0.13463331807430023,0.0
rank_shift_ok,25,inclusive,0.0,0.0,2.0,0.8869698361712416,0.13007412170348362,0.0,1.0,0.4434849180856208,-0.35253067942516186,-0.08877819957453997,-0.204150021991997,-0.13463331807430023,-0.13463331807430026,0.0
rank_shift_ok,25,inclusive,1.0,1.2487156706200708,0.0,0.0,0.13007412170348362,0.0,1.0,0.4434849180856208,-0.35253067942516186,1.159937471045531,1.159937471045531,1.1140823525457706,1.1140823525457708,0.0
rank_shift_ok,25,inclusive,1.0,1.2487156706200708,1.0,0.4434849180856208,0.13007412170348362,0.0,1.0,0.4434849180856208,-0.35253067942516186,1.159937471045531,1.1022515598368023,1.1140823525457706,1.1140823525457706,0.0
rank_shift_ok,25,inclusive,1.0,1.2487156706200708,2.0,0.8869698361712416,0.13007412170348362,0.0,1.0,0.4434849180856208,-0.35253067942516186,1.159937471045531,1.0445656486280739,1.1140823525457706,1.1140823525457706,0.0
rank_shift_ok,25,inclusive,3.0,3.7461470118602125,0.0,0.0,0.13007412170348362,0.0,1.0,0.4434849180856208,-0.35253067942516186,3.657368812285673,3.657368812285673,3.6115136937859127,3.6115136937859127,0.0
rank_shift_ok,25,inclusive,3.0,3.7461470118602125,1.0,0.4434849180856208,0.13007412170348362,0.0,1.0,0.4434849180856208,-0.35253067942516186,3.657368812285673,3.5996829010769438,3.6115136937859127,3.611513693785912,0.0
rank_shift_ok,25,inclusive,3.0,3.7461470118602125,2.0,0.8869698361712416,0.13007412170348362,0.0,1.0,0.4434849180856208,-0.35253067942516186,3.657368812285673,3.5419969898682155,3.6115136937859127,3.6115136937859122,0.0
rank_shift_ok,26,clean,0.0,0.0,0.0,0.0,0.14893027846640308,0.0,1.0,0.12679332345536895,0.1997484183549517,0.3313476445361864,0.3313476445361864,0.36109623210501307,0.36109623210501296,0.0
rank_shift_ok,26,clean,0.0,0.0,1.0,0.12679332345536895,0.14893027846640308,0.0,1.0,0.12679332345536895,0.1997484183549517,0.3313476445361864,0.3124642795662977,0.36109623210501307,0.361096232105013,0.0
rank_shift_ok,26,clean,0.0,0.0,2.0,0.2535866469107379,0.14893027846640308,0.0,1.0,0.12679332345536895,0.1997484183549517,0.3313476445361864,0.29358091459640884,0.36109623210501307,0.361096232105013,0.0
rank_shift_ok,26,clean,1.0,1.1367304926804147,0.0,0.0,0.14893027846640308,0.0,1.0,0.12679332345536895,0.1997484183549517,1.4680781372166012,1.4680781372166012,1.4978267247854276,1.4978267247854278,0.0
rank_shift_ok,26,clean,1.0,1.1367304926804147,1.0,0.12679332345536895,0.14893027846640308,0.0,1.0,0.12679332345536895,0.1997484183549517,1.4680781372166012,1.4491947722467124,1.4978267247854276,1.4978267247854278,0.0
rank_shift_ok,26,clean,1.0,1.1367304926804147,2.0,0.2535866469107379,0.14893027846640308,0.0,1.0,0.12679332345536895,0.1997484183549517,1.4680781372166012,1.4303114072768235,1.4978267247854276,1.4978267247854276,0.0
rank_shift_ok,26,clean,3.0,3.410191478041244,0.0,0.0,0.14893027846640308,0.0,1.0,0.12679332345536895,0.1997484183549517,3.741539122577431,3.741539122577431,3.771287710146256,3.7712877101462574,0.0
rank_shift_ok,26,clean,3.0,3.410191478041244,1.0,0.12679332345536895,0.14893027846640308,0.0,1.0,0.12679332345536895,0.1997484183549517,3.741539122577431,3.7226557576075416,3.771287710146256,3.771287710146257,0.0
rank_shift_ok,26,clean,3.0,3.410191478041244,2.0,0.2535866469107379,0.14893027846640308,0.0,1.0,0.12679332345536895,0.1997484183549517,3.741539122577431,3.703772392637653,3.771287710146256,3.771287710146257,0.0
rank_shift_ok,26,inclusive,0.0,0.0,0.0,0.0,0.14893027846640308,0.24000908707561194,0.964255379827362,0.08861206298817374,-0.14883901651999185,0.3313476445361864,0.3313476445361864,0.30918100835919854,0.3206422435667961,0.0
rank_shift_ok,26,inclusive,0.0,0.0,1.0,0.08861206298817374,0.14893027846640308,0.24000908707561194,0.964255379827362,0.08861206298817374,-0.14883901651999185,0.3313476445361864,0.3181506253198753,0.30918100835919854,0.32064224356679616,0.0
rank_shift_ok,26,inclusive,0.0,0.0,2.0,0.17722412597634749,0.14893027846640308,0.24000908707561194,0.964255379827362,0.08861206298817374,-0.14883901651999185,0.3313476445361864,0.30495360610356415,0.30918100835919854,0.32064224356679616,0.0
rank_shift_ok,26,inclusive,1.0,1.1367304926804147,0.0,0.0,0.14893027846640308,0.24000908707561194,0.964255379827362,0.08861206298817374,-0.4216646643192288,1.4680781372166012,1.4680781372166012,1.4052795013400958,1.4573727362472109,0.04063199969951716
rank_shift_ok,26,inclusive,1.0,1.1367304926804147,1.0,0.08861206298817374,0.14893027846640308,0.24000908707561194,0.964255379827362,0.08861206298817374,-0.4216646643192288,1.4680781372166012,1.45488111800029,1.4052795013400958,1.4573727362472109,0.04063199969951716
rank_shift_ok,26,inclusive,1.0,1.1367304926804147,2.0,0.17722412597634749,0.14893027846640308,0.24000908707561194,0.964255379827362,0.08861206298817374,-0.4216646643192288,1.4680781372166012,1.4416840987839787,1.4052795013400958,1.4573727362472106,0.04063199969951716
rank_shift_ok,26,inclusive,3.0,3.410191478041244,0.0,0.0,0.14893027846640308,0.24000908707561194,0.964255379827362,0.08861206298817374,-0.9673159599177026,3.741539122577431,3.741539122577431,3.597476487301891,3.7308337216080405,0.12189599909855149
rank_shift_ok,26,inclusive,3.0,3.410191478041244,1.0,0.08861206298817374,0.14893027846640308,0.24000908707561194,0.964255379827362,0.08861206298817374,-0.9673159599177026,3.741539122577431,3.7283421033611193,3.597476487301891,3.73083372160804,0.12189599909855149
rank_shift_ok,26,inclusive,3.0,3.410191478041244,2.0,0.17722412597634749,0.14893027846640308,0.24000908707561194,0.964255379827362,0.08861206298817374,-0.9673159599177026,3.741539122577431,3.715145084144808,3.597476487301891,3.73083372160804,0.12189599909855149
rank_shift_ok,27,clean,0.0,0.0,0.0,0.0,0.13552151290862907,0.0,1.0,0.15188385216318107,-0.04044076474382077,0.040398538491430935,0.040398538491430935,0.03491794487016641,0.0349179448701664,0.0
rank_shift_ok,27,clean,0.0,0.0,1.0,0.15188385216318107,0.13552151290862907,0.0,1.0,0.15188385216318107,-0.04044076474382077,0.040398538491430935,0.019815009059886084,0.03491794487016641,0.03491794487016641,0.0
rank_shift_ok,27,clean,0.0,0.0,2.0,0.30376770432636213,0.13552151290862907,0.0,1.0,0.15188385216318107,-0.04044076474382077,0.040398538491430935,-0.0007685203716587714,0.03491794487016641,0.0349179448701664,0.0
rank_shift_ok,27,clean,1.0,1.0585684136580529,0.0,0.0,0.13552151290862907,0.0,1.0,0.15188385216318107,-0.04044076474382077,1.0989669521494838,1.0989669521494838,1.0934863585282195,1.0934863585282193,0.0
rank_shift_ok,27,clean,1.0,1.0585684136580529,1.0,0.15188385216318107,0.13552151290862907,0.0,1.0,0.15188385216318107,-0.04044076474382077,1.0989669521494838,1.078383422717939,1.0934863585282195,1.0934863585282193,0.0
rank_shift_ok,27,clean,1.0,1.0585684136580529,2.0,0.30376770432636213,0.13552151290862907,0.0,1.0,0.15188385216318107,-0.04044076474382077,1.0989669521494838,1.057799893286394,1.0934863585282195,1.093486358528219,0.0
rank_shift_ok,27,clean,3.0,3.1757052409741586,0.0,0.0,0.13552151290862907,0.0,1.0,0.15188385216318107,-0.04044076474382077,3.216103779465589,3.216103779465589,3.2106231858443253,3.2106231858443244,0.0
rank_shift_ok,27,clean,3.0,3.1757052409741586,1.0,0.15188385216318107,0.13552151290862907,0.0,1.0,0.15188385216318107,-0.04044076474382077,3.216103779465589,3.1955202500340443,3.2106231858443253,3.2106231858443244,0.0
rank_shift_ok,27,clean,3.0,3.1757052409741586,2.0,0.30376770432636213,0.13552151290862907,0.0,1.0,0.15188385216318107,-0.04044076474382077,3.216103779465589,3.1749367206025,3.2106231858443253,3.2106231858443253,0.0
rank_shift_ok,27,inclusive,0.0,0.0,0.0,0.0,0.13552151290862907,0.8024731533014714,0.8912476241960263,0.09701950556866293,-0.121339625160202,0.040398538491430935,0.040398538491430935,0.0239544089139544,0.026877388801527655,0.0
rank_shift_ok,27,inclusive,0.0,0.0,1.0,0.09701950556866293,0.13552151290862907,0.8024731533014714,0.8912476241960263,0.09701950556866293,-0.121339625160202,0.040398538491430935,0.027250308315118564,0.0239544089139544,0.026877388801527645,0.0
rank_shift_ok,27,inclusive,0.0,0.0,2.0,0.19403901113732586,0.13552151290862907,0.8024731533014714,0.8912476241960263,0.09701950556866293,-0.121339625160202,0.040398538491430935,0.014102078138806226,0.0239544089139544,0.026877388801527666,0.0
rank_shift_ok,27,inclusive,1.0,1.0585684136580529,0.0,0.0,0.13552151290862907,0.8024731533014714,0.8912476241960263,0.09701950556866293,-0.970812358053716,1.0989669521494838,1.0989669521494838,0.9674009926356506,1.0854458024595806,0.11512182993635678
rank_shift_ok,27,inclusive,1.0,1.0585684136580529,1.0,0.09701950556866293,0.13552151290862907,0.8024731533014714,0.8912476241960263,0.09701950556866293,-0.970812358053716,1.0989669521494838,1.0858187219731714,0.9674009926356506,1.0854458024595806,0.11512182993635678
rank_shift_ok,27,inclusive,1.0,1.0585684136580529,2.0,0.19403901113732586,0.13552151290862907,0.8024731533014714,0.8912476241960263,0.09701950556866293,-0.970812358053716,1.0989669521494838,1.0726704917968592,0.9674009926356506,1.0854458024595808,0.11512182993635678
rank_shift_ok,27,inclusive,3.0,3.1757052409741586,0.0,0.0,0.13552151290862907,0.8024731533014714,0.8912476241960263,0.09701950556866293,-2.6697578238407442,3.216103779465589,3.216103779465589,2.854294160079043,3.2025826297756854,0.34536548980907034
rank_shift_ok,27,inclusive,3.0,3.1757052409741586,1.0,0.09701950556866293,0.13552151290862907,0.8024731533014714,0.8912476241960263,0.09701950556866293,-2.6697578238407442,3.216103779465589,3.202955549289277,2.854294160079043,3.202582629775686,0.34536548980907034
rank_shift_ok,27,inclusive,3.0,3.1757052409741586,2.0,0.19403901113732586,0.13552151290862907,0.8024731533014714,0.8912476241960263,0.09701950556866293,-2.6697578238407442,3.216103779465589,3.1898073191129646,2.854294160079043,3.202582629775686,0.34536548980907034
rank_shift_ok,28,clean,0.0,0.0,0.0,0.0,0.1221691160638424,0.0,1.0,0.34758551475289173,0.24871683890580285,0.3202218700888279,0.3202218700888279,0.35060738644814304,0.35060738644814293,0.0
rank_shift_ok,28,clean,0.0,0.0,1.0,0.34758551475289173,0.1221691160638424,0.0,1.0,0.34758551475289173,0.24871683890580285,0.3202218700888279,0.27775765499487154,0.35060738644814304,0.350607386448143,0.0
rank_shift_ok,28,clean,0.0,0.0,2.0,0.6951710295057835,0.1221691160638424,0.0,1.0,0.34758551475289173,0.24871683890580285,0.3202218700888279,0.23529343990091509,0.35060738644814304,0.35060738644814293,0.0
rank_shift_ok,28,clean,1.0,1.2107806583996292,0.0,0.0,0.1221691160638424,0.0,1.0,0.34758551475289173,0.24871683890580285,1.531002528488457,1.531002528488457,1.5613880448477722,1.561388044847772,0.0
rank_shift_ok,28,clean,1.0,1.2107806583996292,1.0,0.34758551475289173,0.1221691160638424,0.0,1.0,0.34758551475289173,0.24871683890580285,1.531002528488457,1.488538313394501,1.5613880448477722,1.5613880448477724,0.0
rank_shift_ok,28,clean,1.0,1.2107806583996292,2.0,0.6951710295057835,0.1221691160638424,0.0,1.0,0.34758551475289173,0.24871683890580285,1.531002528488457,1.4460740983005445,1.5613880448477722,1.5613880448477724,0.0
rank_shift_ok,28,clean,3.0,3.6323419751988877,0.0,0.0,0.1221691160638424,0.0,1.0,0.34758551475289173,0.24871683890580285,3.952563845287716,3.952563845287716,3.98294936164703,3.982949361647031,0.0
rank_shift_ok,28,clean,3.0,3.6323419751988877,1.0,0.34758551475289173,0.1221691160638424,0.0,1.0,0.34758551475289173,0.24871683890580285,3.952563845287716,3.910099630193759,3.98294936164703,3.9829493616470306,0.0
rank_shift_ok,28,clean,3.0,3.6323419751988877,2.0,0.6951710295057835,0.1221691160638424,0.0,1.0,0.34758551475289173,0.24871683890580285,3.952563845287716,3.867635415099803,3.98294936164703,3.9829493616470306,0.0
rank_shift_ok,28,inclusive,0.0,0.0,0.0,0.0,0.1221691160638424,0.5710449469688229,0.9302359435960952,0.2380008138152368,-0.08144399980814805,0.3202218700888279,0.3202218700888279,0.3102719286235628,0.33354110939222276,0.0
rank_shift_ok,28,inclusive,0.0,0.0,1.0,0.2380008138152368,0.1221691160638424,0.5710449469688229,0.9302359435960952,0.2380008138152368,-0.08144399980814805,0.3202218700888279,0.2911455210425454,0.3102719286235628,0.3335411093922228,0.0
rank_shift_ok,28,inclusive,0.0,0.0,2.0,0.4760016276304736,0.1221691160638424,0.5710449469688229,0.9302359435960952,0.2380008138152368,-0.08144399980814805,0.3202218700888279,0.26206917199626273,0.3102719286235628,0.33354110939222276,0.0
rank_shift_ok,28,inclusive,1.0,1.2107806583996292,0.0,0.0,0.1221691160638424,0.5710449469688229,0.9302359435960952,0.2380008138152368,-0.7728541766748409,1.531002528488457,1.531002528488457,1.4365836168778432,1.5443217677918517,0.08446897014534879
rank_shift_ok,28,inclusive,1.0,1.2107806583996292,1.0,0.2380008138152368,0.1221691160638424,0.5710449469688229,0.9302359435960952,0.2380008138152368,-0.7728541766748409,1.531002528488457,1.5019261794421745,1.4365836168778432,1.544321767791852,0.08446897014534879
rank_shift_ok,28,inclusive,1.0,1.2107806583996292,2.0,0.4760016276304736,0.1221691160638424,0.5710449469688229,0.9302359435960952,0.2380008138152368,-0.7728541766748409,1.531002528488457,1.4728498303958921,1.4365836168778432,1.5443217677918522,0.08446897014534879
rank_shift_ok,28,inclusive,3.0,3.6323419751988877,0.0,0.0,0.1221691160638424,0.5710449469688229,0.9302359435960952,0.2380008138152368,-2.155674530408226,3.952563845287716,3.952563845287716,3.689206993386404,3.965883084591111,0.2534069104360464
rank_shift_ok,28,inclusive,3.0,3.6323419751988877,1.0,0.2380008138152368,0.1221691160638424,0.5710449469688229,0.9302359435960952,0.2380008138152368,-2.155674530408226,3.952563845287716,3.923487496241434,3.689206993386404,3.9658830845911113,0.2534069104360464
rank_shift_ok,28,inclusive,3.0,3.6323419751988877,2.0,0.4760016276304736,0.1221691160638424,0.5710449469688229,0.9302359435960952,0.2380008138152368,-2.155674530408226,3.952563845287716,3.89441114719515,3.689206993386404,3.9658830845911104,0.2534069104360464
rank_shift_ok,29,clean,0.0,0.0,0.0,0.0,0.11775585921656069,0.0,1.0,0.4749608907648689,0.28286826400927645,-0.032569421414921675,-0.032569421414921675,0.000739974058587596,0.0007399740585876042,0.0
rank_shift_ok,29,clean,0.0,0.0,1.0,0.4749608907648689,0.11775585921656069,0.0,1.0,0.4749608907648689,0.28286826400927645,-0.032569421414921675,-0.08849884920120185,0.000739974058587596,0.000739974058587592,0.0
rank_shift_ok,29,clean,0.0,0.0,2.0,0.9499217815297378,0.11775585921656069,0.0,1.0,0.4749608907648689,0.28286826400927645,-0.032569421414921675,-0.144428276987482,0.000739974058587596,0.0007399740585876137,0.0
rank_shift_ok,29,clean,1.0,1.558650123333444,0.0,0.0,0.11775585921656069,0.0,1.0,0.4749608907648689,0.28286826400927645,1.5260807019185223,1.5260807019185223,1.5593900973920314,1.5593900973920316,0.0
rank_shift_ok,29,clean,1.0,1.558650123333444,1.0,0.4749608907648689,0.11775585921656069,0.0,1.0,0.4749608907648689,0.28286826400927645,1.5260807019185223,1.4701512741322422,1.5593900973920314,1.5593900973920316,0.0
rank_shift_ok,29,clean,1.0,1.558650123333444,2.0,0.9499217815297378,0.11775585921656069,0.0,1.0,0.4749608907648689,0.28286826400927645,1.5260807019185223,1.4142218463459622,1.5593900973920314,1.5593900973920318,0.0
rank_shift_ok,29,clean,3.0,4.675950370000332,0.0,0.0,0.11775585921656069,0.0,1.0,0.4749608907648689,0.28286826400927645,4.64338094858541,4.64338094858541,4.676690344058919,4.676690344058919,0.0
rank_shift_ok,29,clean,3.0,4.675950370000332,1.0,0.4749608907648689,0.11775585921656069,0.0,1.0,0.4749608907648689,0.28286826400927645,4.64338094858541,4.58745152079913,4.676690344058919,4.676690344058919,0.0
rank_shift_ok,29,clean,3.0,4.675950370000332,2.0,0.9499217815297378,0.11775585921656069,0.0,1.0,0.4749608907648689,0.28286826400927645,4.64338094858541,4.531522093012849,4.676690344058919,4.676690344058918,0.0
rank_shift_ok,29,inclusive,0.0,0.0,0.0,0.0,0.11775585921656069,0.15518382242648665,0.9817261956536589,0.36813253873551116,0.17724662685202314,-0.032569421414921675,-0.032569421414921675,-0.011697592576724576,-0.011915331004217536,0.0
rank_shift_ok,29,inclusive,0.0,0.0,1.0,0.36813253873551116,0.11775585921656069,0.15518382242648665,0.9817261956536589,0.36813253873551116,0.17724662685202314,-0.032569421414921675,-0.07591918481929559,-0.011697592576724576,-0.011915331004217546,0.0
rank_shift_ok,29,inclusive,0.0,0.0,2.0,0.7362650774710223,0.11775585921656069,0.15518382242648665,0.9817261956536589,0.36813253873551116,0.17724662685202314,-0.032569421414921675,-0.11926894822366954,-0.011697592576724576,-0.01191533100421755,0.0
rank_shift_ok,29,inclusive,1.0,1.558650123333444,0.0,0.0,0.11775585921656069,0.15518382242648665,0.9817261956536589,0.36813253873551116,-0.06463065711237558,1.5260807019185223,1.5260807019185223,1.5184700633585235,1.5467347923292265,0.028482467398195807
rank_shift_ok,29,inclusive,1.0,1.558650123333444,1.0,0.36813253873551116,0.11775585921656069,0.15518382242648665,0.9817261956536589,0.36813253873551116,-0.06463065711237558,1.5260807019185223,1.482730938514148,1.5184700633585235,1.546734792329226,0.028482467398195807
rank_shift_ok,29,inclusive,1.0,1.558650123333444,2.0,0.7362650774710223,0.11775585921656069,0.15518382242648665,0.9817261956536589,0.36813253873551116,-0.06463065711237558,1.5260807019185223,1.4393811751097745,1.5184700633585235,1.5467347923292265,0.028482467398195807
rank_shift_ok,29,inclusive,3.0,4.675950370000332,0.0,0.0,0.11775585921656069,0.15518382242648665,0.9817261956536589,0.36813253873551116,-0.548385225041173,4.64338094858541,4.64338094858541,4.57880537522902,4.664035038996114,0.08544740219458742
rank_shift_ok,29,inclusive,3.0,4.675950370000332,1.0,0.36813253873551116,0.11775585921656069,0.15518382242648665,0.9817261956536589,0.36813253873551116,-0.548385225041173,4.64338094858541,4.600031185181035,4.57880537522902,4.664035038996113,0.08544740219458742
rank_shift_ok,29,inclusive,3.0,4.675950370000332,2.0,0.7362650774710223,0.11775585921656069,0.15518382242648665,0.9817261956536589,0.36813253873551116,-0.548385225041173,4.64338094858541,4.556681421776664,4.57880537522902,4.664035038996116,0.08544740219458742
rank_shift_ok,30,clean,0.0,0.0,0.0,0.0,0.1271507082324575,0.0,1.0,0.3818945112944258,0.2734355534508616,-0.07184265836167986,-0.07184265836167986,-0.03707513408446879,-0.03707513408446881,0.0
rank_shift_ok,30,clean,0.0,0.0,1.0,0.3818945112944258,0.1271507082324575,0.0,1.0,0.3818945112944258,0.2734355534508616,-0.07184265836167986,-0.12040081594285432,-0.03707513408446879,-0.03707513408446879,0.0
rank_shift_ok,30,clean,0.0,0.0,2.0,0.7637890225888516,0.1271507082324575,0.0,1.0,0.3818945112944258,0.2734355534508616,-0.07184265836167986,-0.16895897352402883,-0.03707513408446879,-0.0370751340844688,0.0
rank_shift_ok,30,clean,1.0,1.0712426204154797,0.0,0.0,0.1271507082324575,0.0,1.0,0.3818945112944258,0.2734355534508616,0.9993999620537997,0.9993999620537997,1.0341674863310106,1.0341674863310106,0.0
rank_shift_ok,30,clean,1.0,1.0712426204154797,1.0,0.3818945112944258,0.1271507082324575,0.0,1.0,0.3818945112944258,0.2734355534508616,0.9993999620537997,0.9508418044726253,1.0341674863310106,1.0341674863310109,0.0
rank_shift_ok,30,clean,1.0,1.0712426204154797,2.0,0.7637890225888516,0.1271507082324575,0.0,1.0,0.3818945112944258,0.2734355534508616,0.9993999620537997,0.9022836468914507,1.0341674863310106,1.0341674863310106,0.0
rank_shift_ok,30,clean,3.0,3.213727861246439,0.0,0.0,0.1271507082324575,0.0,1.0,0.3818945112944258,0.2734355534508616,3.141885202884759,3.141885202884759,3.1766527271619696,3.17665272716197,0.0
rank_shift_ok,30,clean,3.0,3.213727861246439,1.0,0.3818945112944258,0.1271507082324575,0.0,1.0,0.3818945112944258,0.2734355534508616,3.141885202884759,3.093327045303585,3.1766527271619696,3.1766527271619704,0.0
rank_shift_ok,30,clean,3.0,3.213727861246439,2.0,0.7637890225888516,0.1271507082324575,0.0,1.0,0.3818945112944258,0.2734355534508616,3.141885202884759,3.0447688877224097,3.1766527271619696,3.1766527271619696,0.0
rank_shift_ok,30,inclusive,0.0,0.0,0.0,0.0,0.1271507082324575,0.3705161671898433,0.9528886069302358,0.30330547260801516,0.22149387520246067,-0.07184265836167986,-0.07184265836167986,-0.043679555260535394,-0.04583909907502269,0.0
rank_shift_ok,30,inclusive,0.0,0.0,1.0,0.30330547260801516,0.1271507082324575,0.3705161671898433,0.9528886069302358,0.30330547260801516,0.22149387520246067,-0.07184265836167986,-0.11040816401456921,-0.043679555260535394,-0.045839099075022656,0.0
rank_shift_ok,30,inclusive,0.0,0.0,2.0,0.6066109452160303,0.1271507082324575,0.3705161671898433,0.9528886069302358,0.30330547260801516,0.22149387520246067,-0.07184265836167986,-0.14897366966745856,-0.043679555260535394,-0.045839099075022684,0.0
rank_shift_ok,30,inclusive,1.0,1.0712426204154797,0.0,0.0,0.1271507082324575,0.3705161671898433,0.9528886069302358,0.30330547260801516,-0.17541883464428704,0.9993999620537997,0.9993999620537997,0.9770953329914663,1.0254035213404569,0.05046773216347788
rank_shift_ok,30,inclusive,1.0,1.0712426204154797,1.0,0.30330547260801516,0.1271507082324575,0.3705161671898433,0.9528886069302358,0.30330547260801516,-0.17541883464428704,0.9993999620537997,0.9608344564009107,0.9770953329914663,1.0254035213404573,0.05046773216347788
rank_shift_ok,30,inclusive,1.0,1.0712426204154797,2.0,0.6066109452160303,0.1271507082324575,0.3705161671898433,0.9528886069302358,0.30330547260801516,-0.17541883464428704,0.9993999620537997,0.922268950748021,0.9770953329914663,1.0254035213404569,0.05046773216347788
rank_shift_ok,30,inclusive,3.0,3.213727861246439,0.0,0.0,0.1271507082324575,0.3705161671898433,0.9528886069302358,0.30330547260801516,-0.9692442543377824,3.141885202884759,3.141885202884759,3.0186451094954694,3.1678887621714162,0.15140319649043366
rank_shift_ok,30,inclusive,3.0,3.213727861246439,1.0,0.30330547260801516,0.1271507082324575,0.3705161671898433,0.9528886069302358,0.30330547260801516,-0.9692442543377824,3.141885202884759,3.1033196972318704,3.0186451094954694,3.167888762171417,0.15140319649043366
rank_shift_ok,30,inclusive,3.0,3.213727861246439,2.0,0.6066109452160303,0.1271507082324575,0.3705161671898433,0.9528886069302358,0.30330547260801516,-0.9692442543377824,3.141885202884759,3.0647541915789804,3.0186451094954694,3.1678887621714162,0.15140319649043366
rank_shift_ok,31,clean,0.0,0.0,0.0,0.0,0.12104929352895925,0.0,1.0,0.07817489126967372,-0.08019915770257752,0.05242236649305141,0.05242236649305141,0.04271431511153682,0.04271431511153681,0.0
rank_shift_ok,31,clean,0.0,0.0,1.0,0.07817489126967372,0.12104929352895925,0.0,1.0,0.07817489126967372,-0.08019915770257752,0.05242236649305141,0.04295935113315419,0.04271431511153682,0.0427143151115368,0.0
rank_shift_ok,31,clean,0.0,0.0,2.0,0.15634978253934745,0.12104929352895925,0.0,1.0,0.07817489126967372,-0.08019915770257752,0.05242236649305141,0.033496335773256995,0.04271431511153682,0.04271431511153681,0.0
rank_shift_ok,31,clean,1.0,1.048417451785389,0.0,0.0,0.12104929352895925,0.0,1.0,0.07817489126967372,-0.08019915770257752,1.1008398182784405,1.1008398182784405,1.0911317668969256,1.0911317668969258,0.0
rank_shift_ok,31,clean,1.0,1.048417451785389,1.0,0.07817489126967372,0.12104929352895925,0.0,1.0,0.07817489126967372,-0.08019915770257752,1.1008398182784405,1.0913768029185433,1.0911317668969256,1.091131766896926,0.0
rank_shift_ok,31,clean,1.0,1.048417451785389,2.0,0.15634978253934745,0.12104929352895925,0.0,1.0,0.07817489126967372,-0.08019915770257752,1.1008398182784405,1.0819137875586462,1.0911317668969256,1.091131766896926,0.0
rank_shift_ok,31,clean,3.0,3.145252355356167,0.0,0.0,0.12104929352895925,0.0,1.0,0.07817489126967372,-0.08019915770257752,3.1976747218492187,3.1976747218492187,3.187966670467704,3.1879666704677043,0.0
rank_shift_ok,31,clean,3.0,3.145252355356167,1.0,0.07817489126967372,0.12104929352895925,0.0,1.0,0.07817489126967372,-0.08019915770257752,3.1976747218492187,3.188211706489321,3.187966670467704,3.187966670467704,0.0
rank_shift_ok,31,clean,3.0,3.145252355356167,2.0,0.15634978253934745,0.12104929352895925,0.0,1.0,0.07817489126967372,-0.08019915770257752,3.1976747218492187,3.1787486911294236,3.187966670467704,3.1879666704677034,0.0
rank_shift_ok,31,inclusive,0.0,0.0,0.0,0.0,0.12104929352895925,0.1838258656265378,0.9777480088335582,0.10437762892835789,-0.002009100597827962,0.05242236649305141,0.05242236649305141,0.052179166285055735,0.053366681203784655,0.0
rank_shift_ok,31,inclusive,0.0,0.0,1.0,0.10437762892835789,0.12104929352895925,0.1838258656265378,0.9777480088335582,0.10437762892835789,-0.002009100597827962,0.05242236649305141,0.039787528251045826,0.052179166285055735,0.053366681203784655,0.0
rank_shift_ok,31,inclusive,0.0,0.0,2.0,0.20875525785671578,0.12104929352895925,0.1838258656265378,0.9777480088335582,0.10437762892835789,-0.002009100597827962,0.05242236649305141,0.027152690009040248,0.052179166285055735,0.05336668120378467,0.0
rank_shift_ok,31,inclusive,1.0,1.048417451785389,0.0,0.0,0.12104929352895925,0.1838258656265378,0.9777480088335582,0.10437762892835789,-0.19473534621024607,1.1008398182784405,1.1008398182784405,1.0772672421945728,1.1017841329891738,0.023329375875871895
rank_shift_ok,31,inclusive,1.0,1.048417451785389,1.0,0.10437762892835789,0.12104929352895925,0.1838258656265378,0.9777480088335582,0.10437762892835789,-0.19473534621024607,1.1008398182784405,1.0882049800364348,1.0772672421945728,1.1017841329891738,0.023329375875871895
rank_shift_ok,31,inclusive,1.0,1.048417451785389,2.0,0.20875525785671578,0.12104929352895925,0.1838258656265378,0.9777480088335582,0.10437762892835789,-0.19473534621024607,1.1008398182784405,1.075570141794429,1.0772672421945728,1.1017841329891733,0.023329375875871895
rank_shift_ok,31,inclusive,3.0,3.145252355356167,0.0,0.0,0.12104929352895925,0.1838258656265378,0.9777480088335582,0.10437762892835789,-0.5801878374350823,3.1976747218492187,3.1976747218492187,3.1274433940136066,3.198619036559952,0.06998812762761568
rank_shift_ok,31,inclusive,3.0,3.145252355356167,1.0,0.10437762892835789,0.12104929352895925,0.1838258656265378,0.9777480088335582,0.10437762892835789,-0.5801878374350823,3.1976747218492187,3.185039883607213,3.1274433940136066,3.198619036559952,0.06998812762761568
rank_shift_ok,31,inclusive,3.0,3.145252355356167,2.0,0.20875525785671578,0.12104929352895925,0.1838258656265378,0.9777480088335582,0.10437762892835789,-0.5801878374350823,3.1976747218492187,3.172405045365207,3.1274433940136066,3.1986190365599514,0.06998812762761568
rank_shift_ok,32,clean,0.0,0.0,0.0,0.0,0.11427486588502363,0.0,1.0,0.4470364380424012,0.053170263716296184,-0.05925562810925693,-0.05925562810925693,-0.05317960335400583,-0.053179603354005844,0.0
rank_shift_ok,32,clean,0.0,0.0,1.0,0.4470364380424012,0.11427486588502363,0.0,1.0,0.4470364380424012,0.053170263716296184,-0.05925562810925693,-0.110340657112271,-0.05317960335400583,-0.05317960335400584,0.0
rank_shift_ok,32,clean,0.0,0.0,2.0,0.8940728760848023,0.11427486588502363,0.0,1.0,0.4470364380424012,0.053170263716296184,-0.05925562810925693,-0.16142568611528507,-0.05317960335400583,-0.05317960335400588,0.0
rank_shift_ok,32,clean,1.0,1.2085687080199983,0.0,0.0,0.11427486588502363,0.0,1.0,0.4470364380424012,0.053170263716296184,1.1493130799107414,1.1493130799107414,1.1553891046659923,1.1553891046659925,0.0
rank_shift_ok,32,clean,1.0,1.2085687080199983,1.0,0.4470364380424012,0.11427486588502363,0.0,1.0,0.4470364380424012,0.053170263716296184,1.1493130799107414,1.0982280509077273,1.1553891046659923,1.1553891046659925,0.0
rank_shift_ok,32,clean,1.0,1.2085687080199983,2.0,0.8940728760848023,0.11427486588502363,0.0,1.0,0.4470364380424012,0.053170263716296184,1.1493130799107414,1.0471430219047133,1.1553891046659923,1.1553891046659925,0.0
rank_shift_ok,32,clean,3.0,3.625706124059995,0.0,0.0,0.11427486588502363,0.0,1.0,0.4470364380424012,0.053170263716296184,3.5664504959507375,3.5664504959507375,3.5725265207059884,3.5725265207059884,0.0
rank_shift_ok,32,clean,3.0,3.625706124059995,1.0,0.4470364380424012,0.11427486588502363,0.0,1.0,0.4470364380424012,0.053170263716296184,3.5664504959507375,3.515365466947724,3.5725265207059884,3.5725265207059893,0.0
rank_shift_ok,32,clean,3.0,3.625706124059995,2.0,0.8940728760848023,0.11427486588502363,0.0,1.0,0.4470364380424012,0.053170263716296184,3.5664504959507375,3.46428043794471,3.5725265207059884,3.572526520705989,0.0
rank_shift_ok,32,inclusive,0.0,0.0,0.0,0.0,0.11427486588502363,0.0,1.0,0.4383468325334194,0.04561849191226229,-0.05925562810925693,-0.05925562810925693,-0.05404258106410611,-0.05404258106410612,0.0
rank_shift_ok,32,inclusive,0.0,0.0,1.0,0.4383468325334194,0.11427486588502363,0.0,1.0,0.4383468325334194,0.04561849191226229,-0.05925562810925693,-0.10934765360813833,-0.05404258106410611,-0.054042581064106116,0.0
rank_shift_ok,32,inclusive,0.0,0.0,2.0,0.8766936650668388,0.11427486588502363,0.0,1.0,0.4383468325334194,0.04561849191226229,-0.05925562810925693,-0.15943967910701973,-0.05404258106410611,-0.05404258106410608,0.0
rank_shift_ok,32,inclusive,1.0,1.2085687080199983,0.0,0.0,0.11427486588502363,0.0,1.0,0.4383468325334194,0.04561849191226229,1.1493130799107414,1.1493130799107414,1.1545261269558922,1.1545261269558922,0.0
rank_shift_ok,32,inclusive,1.0,1.2085687080199983,1.0,0.4383468325334194,0.11427486588502363,0.0,1.0,0.4383468325334194,0.04561849191226229,1.1493130799107414,1.09922105441186,1.1545261269558922,1.1545261269558922,0.0
rank_shift_ok,32,inclusive,1.0,1.2085687080199983,2.0,0.8766936650668388,0.11427486588502363,0.0,1.0,0.4383468325334194,0.04561849191226229,1.1493130799107414,1.0491290289129787,1.1545261269558922,1.1545261269558924,0.0
rank_shift_ok,32,inclusive,3.0,3.625706124059995,0.0,0.0,0.11427486588502363,0.0,1.0,0.4383468325334194,0.04561849191226229,3.5664504959507375,3.5664504959507375,3.5716635429958883,3.5716635429958883,0.0
rank_shift_ok,32,inclusive,3.0,3.625706124059995,1.0,0.4383468325334194,0.11427486588502363,0.0,1.0,0.4383468325334194,0.04561849191226229,3.5664504959507375,3.516358470451857,3.5716635429958883,3.571663542995889,0.0
rank_shift_ok,32,inclusive,3.0,3.625706124059995,2.0,0.8766936650668388,0.11427486588502363,0.0,1.0,0.4383468325334194,0.04561849191226229,3.5664504959507375,3.466266444952975,3.5716635429958883,3.5716635429958887,0.0
rank_shift_ok,33,clean,0.0,0.0,0.0,0.0,0.13248062011019013,0.0,1.0,0.48437019996197045,1.1298534161464473,0.13818473648397983,0.13818473648397983,0.287868417688678,0.2878684176886779,0.0
rank_shift_ok,33,clean,0.0,0.0,1.0,0.48437019996197045,0.13248062011019013,0.0,1.0,0.48437019996197045,1.1298534161464473,0.13818473648397983,0.07401507203012123,0.287868417688678,0.28786841768867794,0.0
rank_shift_ok,33,clean,0.0,0.0,2.0,0.9687403999239409,0.13248062011019013,0.0,1.0,0.48437019996197045,1.1298534161464473,0.13818473648397983,0.009845407576262604,0.287868417688678,0.287868417688678,0.0
rank_shift_ok,33,clean,1.0,1.2357595008985953,0.0,0.0,0.13248062011019013,0.0,1.0,0.48437019996197045,1.1298534161464473,1.3739442373825754,1.3739442373825754,1.5236279185872734,1.5236279185872734,0.0
rank_shift_ok,33,clean,1.0,1.2357595008985953,1.0,0.48437019996197045,0.13248062011019013,0.0,1.0,0.48437019996197045,1.1298534161464473,1.3739442373825754,1.3097745729287167,1.5236279185872734,1.5236279185872734,0.0
rank_shift_ok,33,clean,1.0,1.2357595008985953,2.0,0.9687403999239409,0.13248062011019013,0.0,1.0,0.48437019996197045,1.1298534161464473,1.3739442373825754,1.245604908474858,1.5236279185872734,1.5236279185872734,0.0
rank_shift_ok,33,clean,3.0,3.707278502695786,0.0,0.0,0.13248062011019013,0.0,1.0,0.48437019996197045,1.1298534161464473,3.845463239179766,3.845463239179766,3.9951469203844647,3.995146920384464,0.0
rank_shift_ok,33,clean,3.0,3.707278502695786,1.0,0.48437019996197045,0.13248062011019013,0.0,1.0,0.48437019996197045,1.1298534161464473,3.845463239179766,3.7812935747259084,3.9951469203844647,3.995146920384465,0.0
rank_shift_ok,33,clean,3.0,3.707278502695786,2.0,0.9687403999239409,0.13248062011019013,0.0,1.0,0.48437019996197045,1.1298534161464473,3.845463239179766,3.7171239102720484,3.9951469203844647,3.995146920384464,0.0
rank_shift_ok,33,inclusive,0.0,0.0,0.0,0.0,0.13248062011019013,0.7521709013347456,0.9003519325623323,0.2810530680787853,0.6900560459037732,0.13818473648397983,0.13818473648397983,0.22960378935609752,0.255015601180155,0.0
rank_shift_ok,33,inclusive,0.0,0.0,1.0,0.2810530680787853,0.13248062011019013,0.7521709013347456,0.9003519325623323,0.2810530680787853,0.6900560459037732,0.13818473648397983,0.10095065174103093,0.22960378935609752,0.255015601180155,0.0
rank_shift_ok,33,inclusive,0.0,0.0,2.0,0.5621061361575705,0.13248062011019013,0.7521709013347456,0.9003519325623323,0.2810530680787853,0.6900560459037732,0.13818473648397983,0.06371656699808197,0.22960378935609752,0.25501560118015504,0.0
rank_shift_ok,33,inclusive,1.0,1.2357595008985953,0.0,0.0,0.13248062011019013,0.7521709013347456,0.9003519325623323,0.2810530680787853,-0.23944629172009874,1.3739442373825754,1.3739442373825754,1.3422222441724114,1.4907751020787505,0.12314104608228185
rank_shift_ok,33,inclusive,1.0,1.2357595008985953,1.0,0.2810530680787853,0.13248062011019013,0.7521709013347456,0.9003519325623323,0.2810530680787853,-0.23944629172009874,1.3739442373825754,1.3367101526396266,1.3422222441724114,1.4907751020787507,0.12314104608228185
rank_shift_ok,33,inclusive,1.0,1.2357595008985953,2.0,0.5621061361575705,0.13248062011019013,0.7521709013347456,0.9003519325623323,0.2810530680787853,-0.23944629172009874,1.3739442373825754,1.2994760678966775,1.3422222441724114,1.4907751020787505,0.12314104608228185
rank_shift_ok,33,inclusive,3.0,3.707278502695786,0.0,0.0,0.13248062011019013,0.7521709013347456,0.9003519325623323,0.2810530680787853,-2.098450966967843,3.845463239179766,3.845463239179766,3.5674591538050384,3.9622941038759407,0.3694231382468456
rank_shift_ok,33,inclusive,3.0,3.707278502695786,1.0,0.2810530680787853,0.13248062011019013,0.7521709013347456,0.9003519325623323,0.2810530680787853,-2.098450966967843,3.845463239179766,3.8082291544368174,3.5674591538050384,3.9622941038759416,0.3694231382468456
rank_shift_ok,33,inclusive,3.0,3.707278502695786,2.0,0.5621061361575705,0.13248062011019013,0.7521709013347456,0.9003519325623323,0.2810530680787853,-2.098450966967843,3.845463239179766,3.7709950696938686,3.5674591538050384,3.9622941038759416,0.3694231382468456
rank_shift_ok,34,clean,0.0,0.0,0.0,0.0,0.11188524527730187,0.0,1.0,0.06525887270490209,0.07970094704371475,-0.058320360318543575,-0.058320360318543575,-0.04940300030972432,-0.049403000309724304,0.0
rank_shift_ok,34,clean,0.0,0.0,1.0,0.06525887270490209,0.11188524527730187,0.0,1.0,0.06525887270490209,0.07970094704371475,-0.058320360318543575,-0.0656218652976518,-0.04940300030972432,-0.04940300030972433,0.0
rank_shift_ok,34,clean,0.0,0.0,2.0,0.13051774540980418,0.11188524527730187,0.0,1.0,0.06525887270490209,0.07970094704371475,-0.058320360318543575,-0.07292337027675996,-0.04940300030972432,-0.04940300030972431,0.0
rank_shift_ok,34,clean,1.0,0.6881287883642835,0.0,0.0,0.11188524527730187,0.0,1.0,0.06525887270490209,0.07970094704371475,0.6298084280457399,0.6298084280457399,0.638725788054559,0.6387257880545592,0.0
rank_shift_ok,34,clean,1.0,0.6881287883642835,1.0,0.06525887270490209,0.11188524527730187,0.0,1.0,0.06525887270490209,0.07970094704371475,0.6298084280457399,0.6225069230666316,0.638725788054559,0.638725788054559,0.0
rank_shift_ok,34,clean,1.0,0.6881287883642835,2.0,0.13051774540980418,0.11188524527730187,0.0,1.0,0.06525887270490209,0.07970094704371475,0.6298084280457399,0.6152054180875236,0.638725788054559,0.6387257880545593,0.0
rank_shift_ok,34,clean,3.0,2.0643863650928505,0.0,0.0,0.11188524527730187,0.0,1.0,0.06525887270490209,0.07970094704371475,2.0060660047743073,2.0060660047743073,2.0149833647831263,2.014983364783127,0.0
rank_shift_ok,34,clean,3.0,2.0643863650928505,1.0,0.06525887270490209,0.11188524527730187,0.0,1.0,0.06525887270490209,0.07970094704371475,2.0060660047743073,1.998764499795199,2.0149833647831263,2.0149833647831263,0.0
rank_shift_ok,34,clean,3.0,2.0643863650928505,2.0,0.13051774540980418,0.11188524527730187,0.0,1.0,0.06525887270490209,0.07970094704371475,2.0060660047743073,1.99146299481609,2.0149833647831263,2.0149833647831255,0.0
rank_shift_ok,34,inclusive,0.0,0.0,0.0,0.0,0.11188524527730187,0.2807342773418074,0.9685899765218657,0.09170034996583121,0.0963818263601046,-0.058320360318543575,-0.058320360318543575,-0.04753665603596896,-0.04907820356211978,0.0
rank_shift_ok,34,inclusive,0.0,0.0,1.0,0.09170034996583121,0.11188524527730187,0.2807342773418074,0.9685899765218657,0.09170034996583121,0.0963818263601046,-0.058320360318543575,-0.06858027646648504,-0.04753665603596896,-0.0490782035621198,0.0
rank_shift_ok,34,inclusive,0.0,0.0,2.0,0.18340069993166241,0.11188524527730187,0.2807342773418074,0.9685899765218657,0.09170034996583121,0.0963818263601046,-0.058320360318543575,-0.07884019261442647,-0.04753665603596896,-0.04907820356211979,0.0
rank_shift_ok,34,inclusive,1.0,0.6881287883642835,0.0,0.0,0.11188524527730187,0.2807342773418074,0.9685899765218657,0.09170034996583121,-0.09679951175943603,0.6298084280457399,0.6298084280457399,0.6189779909298123,0.6390505848021637,0.02161414139850219
rank_shift_ok,34,inclusive,1.0,0.6881287883642835,1.0,0.09170034996583121,0.11188524527730187,0.2807342773418074,0.9685899765218657,0.09170034996583121,-0.09679951175943603,0.6298084280457399,0.6195485118977985,0.6189779909298123,0.6390505848021637,0.02161414139850219
rank_shift_ok,34,inclusive,1.0,0.6881287883642835,2.0,0.18340069993166241,0.11188524527730187,0.2807342773418074,0.9685899765218657,0.09170034996583121,-0.09679951175943603,0.6298084280457399,0.6092885957498568,0.6189779909298123,0.6390505848021635,0.02161414139850219
rank_shift_ok,34,inclusive,3.0,2.0643863650928505,0.0,0.0,0.11188524527730187,0.2807342773418074,0.9685899765218657,0.09170034996583121,-0.4831621879985174,2.0060660047743073,2.0060660047743073,1.9520072848613748,2.015308161530731,0.06484242419550656
rank_shift_ok,34,inclusive,3.0,2.0643863650928505,1.0,0.09170034996583121,0.11188524527730187,0.2807342773418074,0.9685899765218657,0.09170034996583121,-0.4831621879985174,2.0060660047743073,1.9958060886263655,1.9520072848613748,2.0153081615307307,0.06484242419550656
rank_shift_ok,34,inclusive,3.0,2.0643863650928505,2.0,0.18340069993166241,0.11188524527730187,0.2807342773418074,0.9685899765218657,0.09170034996583121,-0.4831621879985174,2.0060660047743073,1.9855461724784238,1.9520072848613748,2.0153081615307307,0.06484242419550656
rank_shift_ok,35,clean,0.0,0.0,0.0,0.0,0.11647574657679893,0.0,1.0,0.08749546444307388,0.09926090892919145,-0.1177212966858815,-0.1177212966858815,-0.10615980821246226,-0.10615980821246226,0.0
rank_shift_ok,35,clean,0.0,0.0,1.0,0.08749546444307388,0.11647574657679893,0.0,1.0,0.08749546444307388,0.09926090892919145,-0.1177212966858815,-0.12791239622897227,-0.10615980821246226,-0.10615980821246225,0.0
rank_shift_ok,35,clean,0.0,0.0,2.0,0.17499092888614776,0.11647574657679893,0.0,1.0,0.08749546444307388,0.09926090892919145,-0.1177212966858815,-0.1381034957720631,-0.10615980821246226,-0.10615980821246228,0.0
rank_shift_ok,35,clean,1.0,1.2467593564215569,0.0,0.0,0.11647574657679893,0.0,1.0,0.08749546444307388,0.09926090892919145,1.1290380597356753,1.1290380597356753,1.1405995482090945,1.1405995482090945,0.0
rank_shift_ok,35,clean,1.0,1.2467593564215569,1.0,0.08749546444307388,0.11647574657679893,0.0,1.0,0.08749546444307388,0.09926090892919145,1.1290380597356753,1.1188469601925848,1.1405995482090945,1.1405995482090947,0.0
rank_shift_ok,35,clean,1.0,1.2467593564215569,2.0,0.17499092888614776,0.11647574657679893,0.0,1.0,0.08749546444307388,0.09926090892919145,1.1290380597356753,1.108655860649494,1.1405995482090945,1.140599548209095,0.0
rank_shift_ok,35,clean,3.0,3.7402780692646704,0.0,0.0,0.11647574657679893,0.0,1.0,0.08749546444307388,0.09926090892919145,3.6225567725787884,3.6225567725787884,3.634118261052209,3.634118261052208,0.0
rank_shift_ok,35,clean,3.0,3.7402780692646704,1.0,0.08749546444307388,0.11647574657679893,0.0,1.0,0.08749546444307388,0.09926090892919145,3.6225567725787884,3.612365673035698,3.634118261052209,3.634118261052208,0.0
rank_shift_ok,35,clean,3.0,3.7402780692646704,2.0,0.17499092888614776,0.11647574657679893,0.0,1.0,0.08749546444307388,0.09926090892919145,3.6225567725787884,3.602174573492608,3.634118261052209,3.6341182610522087,0.0
rank_shift_ok,35,inclusive,0.0,0.0,0.0,0.0,0.11647574657679893,0.23375578975246153,0.9727731198719328,0.08513788796619093,0.11456386129531379,-0.1177212966858815,-0.1177212966858815,-0.10437738541078896,-0.1072987968916436,0.0
rank_shift_ok,35,inclusive,0.0,0.0,1.0,0.08513788796619093,0.11647574657679893,0.23375578975246153,0.9727731198719328,0.08513788796619093,0.11456386129531379,-0.1177212966858815,-0.12763779574871542,-0.10437738541078896,-0.10729879689164355,0.0
rank_shift_ok,35,inclusive,0.0,0.0,2.0,0.17027577593238186,0.11647574657679893,0.23375578975246153,0.9727731198719328,0.08513788796619093,0.11456386129531379,-0.1177212966858815,-0.1375542948115494,-0.10437738541078896,-0.1072987968916436,0.0
rank_shift_ok,35,inclusive,1.0,1.2467593564215569,0.0,0.0,0.11647574657679893,0.23375578975246153,0.9727731198719328,0.08513788796619093,-0.17687335669627785,1.1290380597356753,1.1290380597356753,1.1084366034649318,1.1394605595299132,0.03394536754583594
rank_shift_ok,35,inclusive,1.0,1.2467593564215569,1.0,0.08513788796619093,0.11647574657679893,0.23375578975246153,0.9727731198719328,0.08513788796619093,-0.17687335669627785,1.1290380597356753,1.1191215606728415,1.1084366034649318,1.1394605595299134,0.03394536754583594
rank_shift_ok,35,inclusive,1.0,1.2467593564215569,2.0,0.17027577593238186,0.11647574657679893,0.23375578975246153,0.9727731198719328,0.08513788796619093,-0.17687335669627785,1.1290380597356753,1.1092050616100078,1.1084366034649318,1.1394605595299137,0.03394536754583594
rank_shift_ok,35,inclusive,3.0,3.7402780692646704,0.0,0.0,0.11647574657679893,0.23375578975246153,0.9727731198719328,0.08513788796619093,-0.759747792679461,3.6225567725787884,3.6225567725787884,3.5340645812163736,3.632979272373026,0.10183610263750781
rank_shift_ok,35,inclusive,3.0,3.7402780692646704,1.0,0.08513788796619093,0.11647574657679893,0.23375578975246153,0.9727731198719328,0.08513788796619093,-0.759747792679461,3.6225567725787884,3.612640273515955,3.5340645812163736,3.632979272373027,0.10183610263750781
rank_shift_ok,35,inclusive,3.0,3.7402780692646704,2.0,0.17027577593238186,0.11647574657679893,0.23375578975246153,0.9727731198719328,0.08513788796619093,-0.759747792679461,3.6225567725787884,3.6027237744531213,3.5340645812163736,3.632979272373027,0.10183610263750781
rank_shift_ok,36,clean,0.0,0.0,0.0,0.0,0.13123016494073142,0.0,1.0,0.15696151424462507,0.11347073088816059,0.04006020319604442,0.04006020319604442,0.0549509859264431,0.05495098592644308,0.0
rank_shift_ok,36,clean,0.0,0.0,1.0,0.15696151424462507,0.13123016494073142,0.0,1.0,0.15696151424462507,0.11347073088816059,0.04006020319604442,0.0194621177923753,0.0549509859264431,0.05495098592644308,0.0
rank_shift_ok,36,clean,0.0,0.0,2.0,0.31392302848925013,0.13123016494073142,0.0,1.0,0.15696151424462507,0.11347073088816059,0.04006020319604442,-0.0011359676112938145,0.0549509859264431,0.054950985926443076,0.0
rank_shift_ok,36,clean,1.0,0.7848147694035106,0.0,0.0,0.13123016494073142,0.0,1.0,0.15696151424462507,0.11347073088816059,0.824874972599555,0.824874972599555,0.8397657553299537,0.8397657553299537,0.0
rank_shift_ok,36,clean,1.0,0.7848147694035106,1.0,0.15696151424462507,0.13123016494073142,0.0,1.0,0.15696151424462507,0.11347073088816059,0.824874972599555,0.804276887195886,0.8397657553299537,0.8397657553299538,0.0
rank_shift_ok,36,clean,1.0,0.7848147694035106,2.0,0.31392302848925013,0.13123016494073142,0.0,1.0,0.15696151424462507,0.11347073088816059,0.824874972599555,0.7836788017922166,0.8397657553299537,0.8397657553299535,0.0
rank_shift_ok,36,clean,3.0,2.3544443082105317,0.0,0.0,0.13123016494073142,0.0,1.0,0.15696151424462507,0.11347073088816059,2.394504511406576,2.394504511406576,2.4093952941369747,2.4093952941369747,0.0
rank_shift_ok,36,clean,3.0,2.3544443082105317,1.0,0.15696151424462507,0.13123016494073142,0.0,1.0,0.15696151424462507,0.11347073088816059,2.394504511406576,2.3739064260029075,2.4093952941369747,2.409395294136975,0.0
rank_shift_ok,36,clean,3.0,2.3544443082105317,2.0,0.31392302848925013,0.13123016494073142,0.0,1.0,0.15696151424462507,0.11347073088816059,2.394504511406576,2.3533083405992383,2.4093952941369747,2.409395294136975,0.0
rank_shift_ok,36,inclusive,0.0,0.0,0.0,0.0,0.13123016494073142,0.5522863200519743,0.9275233751250698,0.03664774197216781,0.06791761447704596,0.04006020319604442,0.04006020319604442,0.0489730429462482,0.052799793794570955,0.0
rank_shift_ok,36,inclusive,0.0,0.0,1.0,0.03664774197216781,0.13123016494073142,0.5522863200519743,0.9275233751250698,0.03664774197216781,0.06791761447704596,0.04006020319604442,0.03525091397233145,0.0489730429462482,0.05279979379457094,0.0
rank_shift_ok,36,inclusive,0.0,0.0,2.0,0.07329548394433562,0.13123016494073142,0.5522863200519743,0.9275233751250698,0.03664774197216781,0.06791761447704596,0.04006020319604442,0.03044162474861853,0.0489730429462482,0.052799793794570955,0.0
rank_shift_ok,36,inclusive,1.0,0.7848147694035106,0.0,0.0,0.13123016494073142,0.5522863200519743,0.9275233751250698,0.03664774197216781,-0.3655248464392577,0.824874972599555,0.824874972599555,0.7769070867113956,0.8376145631980816,0.056880725638363064
rank_shift_ok,36,inclusive,1.0,0.7848147694035106,1.0,0.03664774197216781,0.13123016494073142,0.5522863200519743,0.9275233751250698,0.03664774197216781,-0.3655248464392577,0.824874972599555,0.8200656833758421,0.7769070867113956,0.8376145631980816,0.056880725638363064
rank_shift_ok,36,inclusive,1.0,0.7848147694035106,2.0,0.07329548394433562,0.13123016494073142,0.5522863200519743,0.9275233751250698,0.03664774197216781,-0.3655248464392577,0.824874972599555,0.8152563941521291,0.7769070867113956,0.8376145631980816,0.056880725638363064
rank_shift_ok,36,inclusive,3.0,2.3544443082105317,0.0,0.0,0.13123016494073142,0.5522863200519743,0.9275233751250698,0.03664774197216781,-1.2324097682718649,2.394504511406576,2.394504511406576,2.232775174241691,2.4072441020051025,0.17064217691508918
rank_shift_ok,36,inclusive,3.0,2.3544443082105317,1.0,0.03664774197216781,0.13123016494073142,0.5522863200519743,0.9275233751250698,0.03664774197216781,-1.2324097682718649,2.394504511406576,2.3896952221828633,2.232775174241691,2.407244102005103,0.17064217691508918
rank_shift_ok,36,inclusive,3.0,2.3544443082105317,2.0,0.07329548394433562,0.13123016494073142,0.5522863200519743,0.9275233751250698,0.03664774197216781,-1.2324097682718649,2.394504511406576,2.38488593295915,2.232775174241691,2.4072441020051025,0.17064217691508918
rank_shift_ok,37,clean,0.0,0.0,0.0,0.0,0.12567396611162918,0.0,1.0,0.2274768741994124,0.06180478691270226,-0.10107831369724744,-0.10107831369724744,-0.09331106100124402,-0.09331106100124403,0.0
rank_shift_ok,37,clean,0.0,0.0,1.0,0.2274768741994124,0.12567396611162918,0.0,1.0,0.2274768741994124,0.06180478691270226,-0.10107831369724744,-0.12966623467656374,-0.09331106100124402,-0.09331106100124403,0.0
rank_shift_ok,37,clean,0.0,0.0,2.0,0.4549537483988248,0.12567396611162918,0.0,1.0,0.2274768741994124,0.06180478691270226,-0.10107831369724744,-0.15825415565588002,-0.09331106100124402,-0.09331106100124405,0.0
rank_shift_ok,37,clean,1.0,1.1318583319681466,0.0,0.0,0.12567396611162918,0.0,1.0,0.2274768741994124,0.06180478691270226,1.030780018270899,1.030780018270899,1.0385472709669026,1.0385472709669024,0.0
rank_shift_ok,37,clean,1.0,1.1318583319681466,1.0,0.2274768741994124,0.12567396611162918,0.0,1.0,0.2274768741994124,0.06180478691270226,1.030780018270899,1.0021920972915828,1.0385472709669026,1.0385472709669024,0.0
rank_shift_ok,37,clean,1.0,1.1318583319681466,2.0,0.4549537483988248,0.12567396611162918,0.0,1.0,0.2274768741994124,0.06180478691270226,1.030780018270899,0.9736041763122666,1.0385472709669026,1.0385472709669026,0.0
rank_shift_ok,37,clean,3.0,3.3955749959044397,0.0,0.0,0.12567396611162918,0.0,1.0,0.2274768741994124,0.06180478691270226,3.2944966822071926,3.2944966822071926,3.302263934903196,3.302263934903196,0.0
rank_shift_ok,37,clean,3.0,3.3955749959044397,1.0,0.2274768741994124,0.12567396611162918,0.0,1.0,0.2274768741994124,0.06180478691270226,3.2944966822071926,3.265908761227876,3.302263934903196,3.3022639349031957,0.0
rank_shift_ok,37,clean,3.0,3.3955749959044397,2.0,0.4549537483988248,0.12567396611162918,0.0,1.0,0.2274768741994124,0.06180478691270226,3.2944966822071926,3.23732084024856,3.302263934903196,3.302263934903196,0.0
rank_shift_ok,37,inclusive,0.0,0.0,0.0,0.0,0.12567396611162918,0.7688415518284466,0.9033766328702995,0.10825647648232924,-0.016362710370724322,-0.10107831369724744,-0.10107831369724744,-0.10313468040587226,-0.11416576060660584,0.0
rank_shift_ok,37,inclusive,0.0,0.0,1.0,0.10825647648232924,0.12567396611162918,0.7688415518284466,0.9033766328702995,0.10825647648232924,-0.016362710370724322,-0.10107831369724744,-0.11468333445405207,-0.10313468040587226,-0.11416576060660584,0.0
rank_shift_ok,37,inclusive,0.0,0.0,2.0,0.21651295296465847,0.12567396611162918,0.7688415518284466,0.9033766328702995,0.10825647648232924,-0.016362710370724322,-0.10107831369724744,-0.12828835521085666,-0.10313468040587226,-0.1141657606066058,0.0
rank_shift_ok,37,inclusive,1.0,1.1318583319681466,0.0,0.0,0.12567396611162918,0.7688415518284466,0.9033766328702995,0.10825647648232924,-0.886582426771071,1.030780018270899,1.030780018270899,0.9193596884137059,1.0176925713615406,0.10936396314856875
rank_shift_ok,37,inclusive,1.0,1.1318583319681466,1.0,0.10825647648232924,0.12567396611162918,0.7688415518284466,0.9033766328702995,0.10825647648232924,-0.886582426771071,1.030780018270899,1.0171749975140947,0.9193596884137059,1.017692571361541,0.10936396314856875
rank_shift_ok,37,inclusive,1.0,1.1318583319681466,2.0,0.21651295296465847,0.12567396611162918,0.7688415518284466,0.9033766328702995,0.10825647648232924,-0.886582426771071,1.030780018270899,1.0035699767572897,0.9193596884137059,1.0176925713615406,0.10936396314856875
rank_shift_ok,37,inclusive,3.0,3.3955749959044397,0.0,0.0,0.12567396611162918,0.7688415518284466,0.9033766328702995,0.10825647648232924,-2.627021859571765,3.2944966822071926,3.2944966822071926,2.9643484260528608,3.281409235297834,0.3280918894457062
rank_shift_ok,37,inclusive,3.0,3.3955749959044397,1.0,0.10825647648232924,0.12567396611162918,0.7688415518284466,0.9033766328702995,0.10825647648232924,-2.627021859571765,3.2944966822071926,3.2808916614503874,2.9643484260528608,3.2814092352978337,0.3280918894457062
rank_shift_ok,37,inclusive,3.0,3.3955749959044397,2.0,0.21651295296465847,0.12567396611162918,0.7688415518284466,0.9033766328702995,0.10825647648232924,-2.627021859571765,3.2944966822071926,3.267286640693583,2.9643484260528608,3.2814092352978337,0.3280918894457062
rank_shift_ok,38,clean,0.0,0.0,0.0,0.0,0.12140699211307826,0.0,1.0,0.042736367923228116,-0.03318787592503515,-0.015107458725017972,-0.015107458725017972,-0.019136698915698535,-0.019136698915698535,0.0
rank_shift_ok,38,clean,0.0,0.0,1.0,0.042736367923228116,0.12140699211307826,0.0,1.0,0.042736367923228116,-0.03318787592503515,-0.015107458725017972,-0.02029595260841494,-0.019136698915698535,-0.019136698915698535,0.0
rank_shift_ok,38,clean,0.0,0.0,2.0,0.08547273584645623,0.12140699211307826,0.0,1.0,0.042736367923228116,-0.03318787592503515,-0.015107458725017972,-0.025484446491811908,-0.019136698915698535,-0.01913669891569854,0.0
rank_shift_ok,38,clean,1.0,1.051669567351528,0.0,0.0,0.12140699211307826,0.0,1.0,0.042736367923228116,-0.03318787592503515,1.0365621086265098,1.0365621086265098,1.0325328684358293,1.0325328684358293,0.0
rank_shift_ok,38,clean,1.0,1.051669567351528,1.0,0.042736367923228116,0.12140699211307826,0.0,1.0,0.042736367923228116,-0.03318787592503515,1.0365621086265098,1.0313736147431132,1.0325328684358293,1.0325328684358295,0.0
rank_shift_ok,38,clean,1.0,1.051669567351528,2.0,0.08547273584645623,0.12140699211307826,0.0,1.0,0.042736367923228116,-0.03318787592503515,1.0365621086265098,1.026185120859716,1.0325328684358293,1.0325328684358293,0.0
rank_shift_ok,38,clean,3.0,3.155008702054584,0.0,0.0,0.12140699211307826,0.0,1.0,0.042736367923228116,-0.03318787592503515,3.1399012433295663,3.1399012433295663,3.135872003138885,3.1358720031388856,0.0
rank_shift_ok,38,clean,3.0,3.155008702054584,1.0,0.042736367923228116,0.12140699211307826,0.0,1.0,0.042736367923228116,-0.03318787592503515,3.1399012433295663,3.1347127494461686,3.135872003138885,3.135872003138885,0.0
rank_shift_ok,38,clean,3.0,3.155008702054584,2.0,0.08547273584645623,0.12140699211307826,0.0,1.0,0.042736367923228116,-0.03318787592503515,3.1399012433295663,3.129524255562772,3.135872003138885,3.135872003138885,0.0
rank_shift_ok,38,inclusive,0.0,0.0,0.0,0.0,0.12140699211307826,0.07364931967120611,0.9910584576275443,0.04156924365758357,-0.014878200689659523,-0.015107458725017972,-0.015107458725017972,-0.016913776318804266,-0.017066376043340048,0.0
rank_shift_ok,38,inclusive,0.0,0.0,1.0,0.04156924365758357,0.12140699211307826,0.07364931967120611,0.9910584576275443,0.04156924365758357,-0.014878200689659523,-0.015107458725017972,-0.02015425556190086,-0.016913776318804266,-0.01706637604334006,0.0
rank_shift_ok,38,inclusive,0.0,0.0,2.0,0.08313848731516714,0.12140699211307826,0.07364931967120611,0.9910584576275443,0.04156924365758357,-0.014878200689659523,-0.015107458725017972,-0.02520105239878373,-0.016913776318804266,-0.01706637604334005,0.0
rank_shift_ok,38,inclusive,1.0,1.051669567351528,0.0,0.0,0.12140699211307826,0.07364931967120611,0.9910584576275443,0.04156924365758357,-0.09233294884401122,1.0365621086265098,1.0365621086265098,1.0253522430344277,1.0346031913081877,0.009403547998295842
rank_shift_ok,38,inclusive,1.0,1.051669567351528,1.0,0.04156924365758357,0.12140699211307826,0.07364931967120611,0.9910584576275443,0.04156924365758357,-0.09233294884401122,1.0365621086265098,1.031515311789627,1.0253522430344277,1.0346031913081877,0.009403547998295842
rank_shift_ok,38,inclusive,1.0,1.051669567351528,2.0,0.08313848731516714,0.12140699211307826,0.07364931967120611,0.9910584576275443,0.04156924365758357,-0.09233294884401122,1.0365621086265098,1.0264685149527442,1.0253522430344277,1.034603191308188,0.009403547998295842
rank_shift_ok,38,inclusive,3.0,3.155008702054584,0.0,0.0,0.12140699211307826,0.07364931967120611,0.9910584576275443,0.04156924365758357,-0.2472424451527146,3.1399012433295663,3.1399012433295663,3.109884281740892,3.1379423260112445,0.028210643994887524
rank_shift_ok,38,inclusive,3.0,3.155008702054584,1.0,0.04156924365758357,0.12140699211307826,0.07364931967120611,0.9910584576275443,0.04156924365758357,-0.2472424451527146,3.1399012433295663,3.1348544464926826,3.109884281740892,3.1379423260112436,0.028210643994887524
rank_shift_ok,38,inclusive,3.0,3.155008702054584,2.0,0.08313848731516714,0.12140699211307826,0.07364931967120611,0.9910584576275443,0.04156924365758357,-0.2472424451527146,3.1399012433295663,3.1298076496558,3.109884281740892,3.1379423260112436,0.028210643994887524
rank_shift_ok,39,clean,0.0,0.0,0.0,0.0,0.18127630276778806,0.0,1.0,0.12202049101373093,0.16736159858095973,0.09258637958945418,0.09258637958945418,0.12292507140551727,0.12292507140551724,0.0
rank_shift_ok,39,clean,0.0,0.0,1.0,0.12202049101373093,0.18127630276778806,0.0,1.0,0.12202049101373093,0.16736159858095973,0.09258637958945418,0.07046695611657494,0.12292507140551727,0.12292507140551727,0.0
rank_shift_ok,39,clean,0.0,0.0,2.0,0.24404098202746186,0.18127630276778806,0.0,1.0,0.12202049101373093,0.16736159858095973,0.09258637958945418,0.04834753264369568,0.12292507140551727,0.12292507140551727,0.0
rank_shift_ok,39,clean,1.0,0.9731718478380362,0.0,0.0,0.18127630276778806,0.0,1.0,0.12202049101373093,0.16736159858095973,1.0657582274274904,1.0657582274274904,1.0960969192435537,1.0960969192435535,0.0
rank_shift_ok,39,clean,1.0,0.9731718478380362,1.0,0.12202049101373093,0.18127630276778806,0.0,1.0,0.12202049101373093,0.16736159858095973,1.0657582274274904,1.0436388039546112,1.0960969192435537,1.0960969192435535,0.0
rank_shift_ok,39,clean,1.0,0.9731718478380362,2.0,0.24404098202746186,0.18127630276778806,0.0,1.0,0.12202049101373093,0.16736159858095973,1.0657582274274904,1.021519380481732,1.0960969192435537,1.0960969192435535,0.0
rank_shift_ok,39,clean,3.0,2.919515543514109,0.0,0.0,0.18127630276778806,0.0,1.0,0.12202049101373093,0.16736159858095973,3.012101923103563,3.012101923103563,3.042440614919627,3.042440614919626,0.0
rank_shift_ok,39,clean,3.0,2.919515543514109,1.0,0.12202049101373093,0.18127630276778806,0.0,1.0,0.12202049101373093,0.16736159858095973,3.012101923103563,2.989982499630684,3.042440614919627,3.0424406149196264,0.0
rank_shift_ok,39,clean,3.0,2.919515543514109,2.0,0.24404098202746186,0.18127630276778806,0.0,1.0,0.12202049101373093,0.16736159858095973,3.012101923103563,2.967863076157804,3.042440614919627,3.0424406149196255,0.0
rank_shift_ok,39,inclusive,0.0,0.0,0.0,0.0,0.18127630276778806,0.2010282836090237,0.9635583359956018,0.20127850761309515,0.2938699869733207,0.09258637958945418,0.09258637958945418,0.14585804432239582,0.1513743785649337,0.0
rank_shift_ok,39,inclusive,0.0,0.0,1.0,0.20127850761309515,0.18127630276778806,0.2010282836090237,0.9635583359956018,0.20127850761309515,0.2938699869733207,0.09258637958945418,0.056099355902734224,0.14585804432239582,0.1513743785649337,0.0
rank_shift_ok,39,inclusive,0.0,0.0,2.0,0.4025570152261903,0.18127630276778806,0.2010282836090237,0.9635583359956018,0.20127850761309515,0.2938699869733207,0.09258637958945418,0.019612332216014237,0.14585804432239582,0.1513743785649337,0.0
rank_shift_ok,39,inclusive,1.0,0.9731718478380362,0.0,0.0,0.18127630276778806,0.2010282836090237,0.9635583359956018,0.20127850761309515,0.09823492074581822,1.0657582274274904,1.0657582274274904,1.0835658906629793,1.12454622640297,0.035464001497453
rank_shift_ok,39,inclusive,1.0,0.9731718478380362,1.0,0.20127850761309515,0.18127630276778806,0.2010282836090237,0.9635583359956018,0.20127850761309515,0.09823492074581822,1.0657582274274904,1.0292712037407703,1.0835658906629793,1.1245462264029698,0.035464001497453
rank_shift_ok,39,inclusive,1.0,0.9731718478380362,2.0,0.4025570152261903,0.18127630276778806,0.2010282836090237,0.9635583359956018,0.20127850761309515,0.09823492074581822,1.0657582274274904,0.9927841800540506,1.0835658906629793,1.12454622640297,0.035464001497453
rank_shift_ok,39,inclusive,3.0,2.919515543514109,0.0,0.0,0.18127630276778806,0.2010282836090237,0.9635583359956018,0.20127850761309515,-0.2930352117091866,3.012101923103563,3.012101923103563,2.958981583344145,3.070889922079042,0.106392004492359
rank_shift_ok,39,inclusive,3.0,2.919515543514109,1.0,0.20127850761309515,0.18127630276778806,0.2010282836090237,0.9635583359956018,0.20127850761309515,-0.2930352117091866,3.012101923103563,2.975614899416843,2.958981583344145,3.070889922079042,0.106392004492359
rank_shift_ok,39,inclusive,3.0,2.919515543514109,2.0,0.4025570152261903,0.18127630276778806,0.2010282836090237,0.9635583359956018,0.20127850761309515,-0.2930352117091866,3.012101923103563,2.939127875730123,2.958981583344145,3.0708899220790427,0.106392004492359
rank_shift_dormant,0,clean,0.0,0.0,0.0,0.0,0.13541332910325088,0.0,1.0,0.13244647591167807,-0.14271029325701146,-0.02896087340555146,-0.02896087340555146,-0.0482857493127846,-0.04828574931278459,0.0
rank_shift_dormant,0,clean,0.0,0.0,1.0,0.13244647591167807,0.13541332910325088,0.0,1.0,0.13244647591167807,-0.14271029325701146,-0.02896087340555146,-0.04689589163674531,-0.0482857493127846,-0.04828574931278459,0.0
rank_shift_dormant,0,clean,0.0,0.0,2.0,0.26489295182335615,0.13541332910325088,0.0,1.0,0.13244647591167807,-0.14271029325701146,-0.02896087340555146,-0.06483090986793917,-0.0482857493127846,-0.04828574931278461,0.0
rank_shift_dormant,0,clean,1.0,0.8809613492901333,0.0,0.0,0.13541332910325088,0.0,1.0,0.13244647591167807,-0.14271029325701146,0.8520004758845818,0.8520004758845818,0.8326755999773487,0.8326755999773487,0.0
rank_shift_dormant,0,clean,1.0,0.8809613492901333,1.0,0.13244647591167807,0.13541332910325088,0.0,1.0,0.13244647591167807,-0.14271029325701146,0.8520004758845818,0.8340654576533879,0.8326755999773487,0.8326755999773486,0.0
rank_shift_dormant,0,clean,1.0,0.8809613492901333,2.0,0.26489295182335615,0.13541332910325088,0.0,1.0,0.13244647591167807,-0.14271029325701146,0.8520004758845818,0.816130439422194,0.8326755999773487,0.8326755999773485,0.0
rank_shift_dormant,0,clean,3.0,2.6428840478703997,0.0,0.0,0.13541332910325088,0.0,1.0,0.13244647591167807,-0.14271029325701146,2.6139231744648477,2.6139231744648477,2.5945982985576146,2.5945982985576146,0.0
rank_shift_dormant,0,clean,3.0,2.6428840478703997,1.0,0.13244647591167807,0.13541332910325088,0.0,1.0,0.13244647591167807,-0.14271029325701146,2.6139231744648477,2.5959881562336546,2.5945982985576146,2.5945982985576155,0.0
rank_shift_dormant,0,clean,3.0,2.6428840478703997,2.0,0.26489295182335615,0.13541332910325088,0.0,1.0,0.13244647591167807,-0.14271029325701146,2.6139231744648477,2.5780531380024607,2.5945982985576146,2.5945982985576155,0.0
rank_shift_dormant,0,inclusive,0.0,0.0,0.0,0.0,0.13541332910325088,0.6899626776469122,0.9065698568628384,0.03018254870148341,0.002923936826023793,-0.02896087340555146,-0.02896087340555146,-0.028564933385851986,-0.03150880560346469,0.0
rank_shift_dormant,0,inclusive,0.0,0.0,1.0,0.03018254870148341,0.13541332910325088,0.6899626776469122,0.9065698568628384,0.03018254870148341,0.002923936826023793,-0.02896087340555146,-0.033047992806040316,-0.028564933385851986,-0.03150880560346467,0.0
rank_shift_dormant,0,inclusive,0.0,0.0,2.0,0.06036509740296682,0.13541332910325088,0.6899626776469122,0.9065698568628384,0.03018254870148341,0.002923936826023793,-0.02896087340555146,-0.037135112206529194,-0.028564933385851986,-0.03150880560346468,0.0
rank_shift_dormant,0,inclusive,1.0,0.8809613492901333,0.0,0.0,0.13541332910325088,0.6899626776469122,0.9065698568628384,0.03018254870148341,-0.6049065146336332,0.8520004758845818,0.8520004758845818,0.7700880709417973,0.8494525436866686,0.0823083449624841
rank_shift_dormant,0,inclusive,1.0,0.8809613492901333,1.0,0.03018254870148341,0.13541332910325088,0.6899626776469122,0.9065698568628384,0.03018254870148341,-0.6049065146336332,0.8520004758845818,0.8479133564840928,0.7700880709417973,0.8494525436866684,0.0823083449624841
rank_shift_dormant,0,inclusive,1.0,0.8809613492901333,2.0,0.06036509740296682,0.13541332910325088,0.6899626776469122,0.9065698568628384,0.03018254870148341,-0.6049065146336332,0.8520004758845818,0.843826237083604,0.7700880709417973,0.8494525436866686,0.0823083449624841
rank_shift_dormant,0,inclusive,3.0,2.6428840478703997,0.0,0.0,0.13541332910325088,0.6899626776469122,0.9065698568628384,0.03018254870148341,-1.8205674175529474,2.6139231744648477,2.6139231744648477,2.3673940795970956,2.6113752422669343,0.2469250348874523
rank_shift_dormant,0,inclusive,3.0,2.6428840478703997,1.0,0.03018254870148341,0.13541332910325088,0.6899626776469122,0.9065698568628384,0.03018254870148341,-1.8205674175529474,2.6139231744648477,2.609836055064359,2.3673940795970956,2.6113752422669347,0.2469250348874523
rank_shift_dormant,0,inclusive,3.0,2.6428840478703997,2.0,0.06036509740296682,0.13541332910325088,0.6899626776469122,0.9065698568628384,0.03018254870148341,-1.8205674175529474,2.6139231744648477,2.6057489356638706,2.3673940795970956,2.611375242266935,0.2469250348874523
rank_shift_dormant,1,clean,0.0,0.0,0.0,0.0,0.12356866424027668,0.0,1.0,0.014582188648954148,0.009322181674770138,0.02577185190683587,0.02577185190683587,0.026923781444192402,0.0269237814441924,0.0
rank_shift_dormant,1,clean,0.0,0.0,1.0,0.014582188648954148,0.12356866424027668,0.0,1.0,0.014582188648954148,0.009322181674770138,0.02577185190683587,0.023969950333784906,0.026923781444192402,0.026923781444192427,0.0
rank_shift_dormant,1,clean,0.0,0.0,2.0,0.029164377297908297,0.12356866424027668,0.0,1.0,0.014582188648954148,0.009322181674770138,0.02577185190683587,0.022168048760733895,0.026923781444192402,0.026923781444192402,0.0
rank_shift_dormant,1,clean,1.0,0.5635870314867295,0.0,0.0,0.12356866424027668,0.0,1.0,0.014582188648954148,0.009322181674770138,0.5893588833935653,0.5893588833935653,0.5905108129309219,0.5905108129309219,0.0
rank_shift_dormant,1,clean,1.0,0.5635870314867295,1.0,0.014582188648954148,0.12356866424027668,0.0,1.0,0.014582188648954148,0.009322181674770138,0.5893588833935653,0.5875569818205144,0.5905108129309219,0.5905108129309219,0.0
rank_shift_dormant,1,clean,1.0,0.5635870314867295,2.0,0.029164377297908297,0.12356866424027668,0.0,1.0,0.014582188648954148,0.009322181674770138,0.5893588833935653,0.5857550802474635,0.5905108129309219,0.590510812930922,0.0
rank_shift_dormant,1,clean,3.0,1.6907610944601885,0.0,0.0,0.12356866424027668,0.0,1.0,0.014582188648954148,0.009322181674770138,1.7165329463670242,1.7165329463670242,1.717684875904381,1.7176848759043808,0.0
rank_shift_dormant,1,clean,3.0,1.6907610944601885,1.0,0.014582188648954148,0.12356866424027668,0.0,1.0,0.014582188648954148,0.009322181674770138,1.7165329463670242,1.7147310447939739,1.717684875904381,1.7176848759043815,0.0
rank_shift_dormant,1,clean,3.0,1.6907610944601885,2.0,0.029164377297908297,0.12356866424027668,0.0,1.0,0.014582188648954148,0.009322181674770138,1.7165329463670242,1.7129291432209222,1.717684875904381,1.7176848759043806,0.0
rank_shift_dormant,1,inclusive,0.0,0.0,0.0,0.0,0.12356866424027668,0.37397032178412726,0.9537889868716289,0.008225669910438153,-0.012500813963049176,0.02577185190683587,0.02577185190683587,0.024227143023505697,0.025400946495481424,0.0
rank_shift_dormant,1,inclusive,0.0,0.0,1.0,0.008225669910438153,0.12356866424027668,0.37397032178412726,0.9537889868716289,0.008225669910438153,-0.012500813963049176,0.02577185190683587,0.024755416863521597,0.024227143023505697,0.025400946495481434,0.0
rank_shift_dormant,1,inclusive,0.0,0.0,2.0,0.016451339820876307,0.12356866424027668,0.37397032178412726,0.9537889868716289,0.008225669910438153,-0.012500813963049176,0.02577185190683587,0.02373898182020731,0.024227143023505697,0.025400946495481427,0.0
rank_shift_dormant,1,inclusive,1.0,0.5635870314867295,0.0,0.0,0.12356866424027668,0.37397032178412726,0.9537889868716289,0.008225669910438153,-0.22326563748150244,0.5893588833935653,0.5893588833935653,0.5617702467992223,0.5889879779822109,0.026043927711012927
rank_shift_dormant,1,inclusive,1.0,0.5635870314867295,1.0,0.008225669910438153,0.12356866424027668,0.37397032178412726,0.9537889868716289,0.008225669910438153,-0.22326563748150244,0.5893588833935653,0.5883424483502512,0.5617702467992223,0.588987977982211,0.026043927711012927
rank_shift_dormant,1,inclusive,1.0,0.5635870314867295,2.0,0.016451339820876307,0.12356866424027668,0.37397032178412726,0.9537889868716289,0.008225669910438153,-0.22326563748150244,0.5893588833935653,0.5873260133069367,0.5617702467992223,0.5889879779822108,0.026043927711012927
rank_shift_dormant,1,inclusive,3.0,1.6907610944601885,0.0,0.0,0.12356866424027668,0.37397032178412726,0.9537889868716289,0.008225669910438153,-0.6447952845184088,1.7165329463670242,1.7165329463670242,1.6368564543506554,1.71616204095567,0.07813178313303878
rank_shift_dormant,1,inclusive,3.0,1.6907610944601885,1.0,0.008225669910438153,0.12356866424027668,0.37397032178412726,0.9537889868716289,0.008225669910438153,-0.6447952845184088,1.7165329463670242,1.7155165113237103,1.6368564543506554,1.7161620409556702,0.07813178313303878
rank_shift_dormant,1,inclusive,3.0,1.6907610944601885,2.0,0.016451339820876307,0.12356866424027668,0.37397032178412726,0.9537889868716289,0.008225669910438153,-0.6447952845184088,1.7165329463670242,1.7145000762803957,1.6368564543506554,1.7161620409556697,0.07813178313303878
rank_shift_dormant,2,clean,0.0,0.0,0.0,0.0,0.1262967206953355,0.0,1.0,0.03639715602778471,0.08468648593941644,-0.07567300365206472,-0.07567300365206472,-0.06497737819070482,-0.06497737819070479,0.0
rank_shift_dormant,2,clean,0.0,0.0,1.0,0.03639715602778471,0.1262967206953355,0.0,1.0,0.03639715602778471,0.08468648593941644,-0.07567300365206472,-0.0802698451010104,-0.06497737819070482,-0.06497737819070479,0.0
rank_shift_dormant,2,clean,0.0,0.0,2.0,0.07279431205556942,0.1262967206953355,0.0,1.0,0.03639715602778471,0.08468648593941644,-0.07567300365206472,-0.08486668654995608,-0.06497737819070482,-0.06497737819070479,0.0
rank_shift_dormant,2,clean,1.0,0.6359257474678841,0.0,0.0,0.1262967206953355,0.0,1.0,0.03639715602778471,0.08468648593941644,0.5602527438158196,0.5602527438158196,0.5709483692771793,0.5709483692771795,0.0
rank_shift_dormant,2,clean,1.0,0.6359257474678841,1.0,0.03639715602778471,0.1262967206953355,0.0,1.0,0.03639715602778471,0.08468648593941644,0.5602527438158196,0.5556559023668738,0.5709483692771793,0.5709483692771794,0.0
rank_shift_dormant,2,clean,1.0,0.6359257474678841,2.0,0.07279431205556942,0.1262967206953355,0.0,1.0,0.03639715602778471,0.08468648593941644,0.5602527438158196,0.5510590609179279,0.5709483692771793,0.5709483692771792,0.0
rank_shift_dormant,2,clean,3.0,1.9077772424036523,0.0,0.0,0.1262967206953355,0.0,1.0,0.03639715602778471,0.08468648593941644,1.8321042387515878,1.8321042387515878,1.8427998642129477,1.8427998642129477,0.0
rank_shift_dormant,2,clean,3.0,1.9077772424036523,1.0,0.03639715602778471,0.1262967206953355,0.0,1.0,0.03639715602778471,0.08468648593941644,1.8321042387515878,1.827507397302642,1.8427998642129477,1.8427998642129475,0.0
rank_shift_dormant,2,clean,3.0,1.9077772424036523,2.0,0.07279431205556942,0.1262967206953355,0.0,1.0,0.03639715602778471,0.08468648593941644,1.8321042387515878,1.8229105558536964,1.8427998642129477,1.8427998642129477,0.0
rank_shift_dormant,2,inclusive,0.0,0.0,0.0,0.0,0.1262967206953355,0.35390644234339286,0.9553027768990766,0.027073920907599542,0.07648903780703227,-0.07567300365206472,-0.07567300365206472,-0.06601268900789503,-0.06910132641105989,0.0
rank_shift_dormant,2,inclusive,0.0,0.0,1.0,0.027073920907599542,0.1262967206953355,0.35390644234339286,0.9553027768990766,0.027073920907599542,0.07648903780703227,-0.07567300365206472,-0.07909235107905944,-0.06601268900789503,-0.0691013264110599,0.0
rank_shift_dormant,2,inclusive,0.0,0.0,2.0,0.054147841815199084,0.1262967206953355,0.35390644234339286,0.9553027768990766,0.027073920907599542,0.07648903780703227,-0.07567300365206472,-0.08251169850605414,-0.06601268900789503,-0.0691013264110599,0.0
rank_shift_dormant,2,inclusive,1.0,0.6359257474678841,0.0,0.0,0.1262967206953355,0.35390644234339286,0.9553027768990766,0.027073920907599542,-0.14856918107388953,0.5602527438158196,0.5602527438158196,0.5414889434497956,0.5668244210568244,0.028424115010193457
rank_shift_dormant,2,inclusive,1.0,0.6359257474678841,1.0,0.027073920907599542,0.1262967206953355,0.35390644234339286,0.9553027768990766,0.027073920907599542,-0.14856918107388953,0.5602527438158196,0.5568333963888248,0.5414889434497956,0.5668244210568243,0.028424115010193457
rank_shift_dormant,2,inclusive,1.0,0.6359257474678841,2.0,0.054147841815199084,0.1262967206953355,0.35390644234339286,0.9553027768990766,0.027073920907599542,-0.14856918107388953,0.5602527438158196,0.55341404896183,0.5414889434497956,0.5668244210568243,0.028424115010193457
rank_shift_dormant,2,inclusive,3.0,1.9077772424036523,0.0,0.0,0.1262967206953355,0.35390644234339286,0.9553027768990766,0.027073920907599542,-0.5986856188357329,1.8321042387515878,1.8321042387515878,1.7564922083651768,1.8386759159925927,0.08527234503058037
rank_shift_dormant,2,inclusive,3.0,1.9077772424036523,1.0,0.027073920907599542,0.1262967206953355,0.35390644234339286,0.9553027768990766,0.027073920907599542,-0.5986856188357329,1.8321042387515878,1.828684891324593,1.7564922083651768,1.8386759159925925,0.08527234503058037
rank_shift_dormant,2,inclusive,3.0,1.9077772424036523,2.0,0.054147841815199084,0.1262967206953355,0.35390644234339286,0.9553027768990766,0.027073920907599542,-0.5986856188357329,1.8321042387515878,1.8252655438975982,1.7564922083651768,1.8386759159925925,0.08527234503058037
rank_shift_dormant,3,clean,0.0,0.0,0.0,0.0,0.15012352286125424,0.0,1.0,0.1813155343072107,-0.10127835901101914,0.02328530668136074,0.02328530668136074,0.00808104263701973,0.008081042637019694,0.0
rank_shift_dormant,3,clean,0.0,0.0,1.0,0.1813155343072107,0.15012352286125424,0.0,1.0,0.1813155343072107,-0.10127835901101914,0.02328530668136074,-0.003934420078308298,0.00808104263701973,0.008081042637019737,0.0
rank_shift_dormant,3,clean,0.0,0.0,2.0,0.3626310686144214,0.15012352286125424,0.0,1.0,0.1813155343072107,-0.10127835901101914,0.02328530668136074,-0.031154146837977396,0.00808104263701973,0.008081042637019708,0.0
rank_shift_dormant,3,clean,1.0,0.610642080543484,0.0,0.0,0.15012352286125424,0.0,1.0,0.1813155343072107,-0.10127835901101914,0.6339273872248448,0.6339273872248448,0.6187231231805038,0.6187231231805037,0.0
rank_shift_dormant,3,clean,1.0,0.610642080543484,1.0,0.1813155343072107,0.15012352286125424,0.0,1.0,0.1813155343072107,-0.10127835901101914,0.6339273872248448,0.6067076604651758,0.6187231231805038,0.6187231231805038,0.0
rank_shift_dormant,3,clean,1.0,0.610642080543484,2.0,0.3626310686144214,0.15012352286125424,0.0,1.0,0.1813155343072107,-0.10127835901101914,0.6339273872248448,0.5794879337055067,0.6187231231805038,0.6187231231805038,0.0
rank_shift_dormant,3,clean,3.0,1.831926241630452,0.0,0.0,0.15012352286125424,0.0,1.0,0.1813155343072107,-0.10127835901101914,1.855211548311813,1.855211548311813,1.8400072842674717,1.840007284267472,0.0
rank_shift_dormant,3,clean,3.0,1.831926241630452,1.0,0.1813155343072107,0.15012352286125424,0.0,1.0,0.1813155343072107,-0.10127835901101914,1.855211548311813,1.8279918215521438,1.8400072842674717,1.8400072842674717,0.0
rank_shift_dormant,3,clean,3.0,1.831926241630452,2.0,0.3626310686144214,0.15012352286125424,0.0,1.0,0.1813155343072107,-0.10127835901101914,1.855211548311813,1.8007720947924746,1.8400072842674717,1.8400072842674717,0.0
rank_shift_dormant,3,inclusive,0.0,0.0,0.0,0.0,0.15012352286125424,0.3799904628337351,0.9429544930657212,0.10823900028655135,-0.03655794747116488,0.02328530668136074,0.02328530668136074,0.0177970988184128,0.018873762147896548,0.0
rank_shift_dormant,3,inclusive,0.0,0.0,1.0,0.10823900028655135,0.15012352286125424,0.3799904628337351,0.9429544930657212,0.10823900028655135,-0.03655794747116488,0.02328530668136074,0.007036086647363343,0.0177970988184128,0.01887376214789656,0.0
rank_shift_dormant,3,inclusive,0.0,0.0,2.0,0.2164780005731027,0.15012352286125424,0.3799904628337351,0.9429544930657212,0.10823900028655135,-0.03655794747116488,0.02328530668136074,-0.00921313338663402,0.0177970988184128,0.018873762147896572,0.0
rank_shift_dormant,3,inclusive,1.0,0.610642080543484,0.0,0.0,0.15012352286125424,0.3799904628337351,0.9429544930657212,0.10823900028655135,-0.26859611428263824,0.6339273872248448,0.6339273872248448,0.5936047923218911,0.6295158426913806,0.034834387040005764
rank_shift_dormant,3,inclusive,1.0,0.610642080543484,1.0,0.10823900028655135,0.15012352286125424,0.3799904628337351,0.9429544930657212,0.10823900028655135,-0.26859611428263824,0.6339273872248448,0.6176781671908473,0.5936047923218911,0.6295158426913806,0.034834387040005764
rank_shift_dormant,3,inclusive,1.0,0.610642080543484,2.0,0.2164780005731027,0.15012352286125424,0.3799904628337351,0.9429544930657212,0.10823900028655135,-0.26859611428263824,0.6339273872248448,0.6014289471568499,0.5936047923218911,0.6295158426913805,0.034834387040005764
rank_shift_dormant,3,inclusive,3.0,1.831926241630452,0.0,0.0,0.15012352286125424,0.3799904628337351,0.9429544930657212,0.10823900028655135,-0.7326724479055853,1.855211548311813,1.855211548311813,1.7452201793288478,1.8508000037783487,0.10450316112001728
rank_shift_dormant,3,inclusive,3.0,1.831926241630452,1.0,0.10823900028655135,0.15012352286125424,0.3799904628337351,0.9429544930657212,0.10823900028655135,-0.7326724479055853,1.855211548311813,1.8389623282778156,1.7452201793288478,1.8508000037783487,0.10450316112001728
rank_shift_dormant,3,inclusive,3.0,1.831926241630452,2.0,0.2164780005731027,0.15012352286125424,0.3799904628337351,0.9429544930657212,0.10823900028655135,-0.7326724479055853,1.855211548311813,1.8227131082438182,1.7452201793288478,1.8508000037783487,0.10450316112001728
rank_shift_dormant,4,clean,0.0,0.0,0.0,0.0,0.1443850701629927,0.0,1.0,0.47243849619182793,-0.6050553025059171,0.02223542625575392,0.02223542625575392,-0.06512552604905372,-0.0651255260490537,0.0
rank_shift_dormant,4,clean,0.0,0.0,1.0,0.47243849619182793,0.1443850701629927,0.0,1.0,0.47243849619182793,-0.6050553025059171,0.02223542625575392,-0.04597763916460192,-0.06512552604905372,-0.06512552604905368,0.0
rank_shift_dormant,4,clean,0.0,0.0,2.0,0.9448769923836559,0.1443850701629927,0.0,1.0,0.47243849619182793,-0.6050553025059171,0.02223542625575392,-0.11419070458495777,-0.06512552604905372,-0.06512552604905368,0.0
rank_shift_dormant,4,clean,1.0,0.5578925131752496,0.0,0.0,0.1443850701629927,0.0,1.0,0.47243849619182793,-0.6050553025059171,0.5801279394310036,0.5801279394310036,0.49276698712619593,0.492766987126196,0.0
rank_shift_dormant,4,clean,1.0,0.5578925131752496,1.0,0.47243849619182793,0.1443850701629927,0.0,1.0,0.47243849619182793,-0.6050553025059171,0.5801279394310036,0.5119148740106476,0.49276698712619593,0.4927669871261959,0.0
rank_shift_dormant,4,clean,1.0,0.5578925131752496,2.0,0.9448769923836559,0.1443850701629927,0.0,1.0,0.47243849619182793,-0.6050553025059171,0.5801279394310036,0.44370180859029185,0.49276698712619593,0.49276698712619593,0.0
rank_shift_dormant,4,clean,3.0,1.6736775395257486,0.0,0.0,0.1443850701629927,0.0,1.0,0.47243849619182793,-0.6050553025059171,1.6959129657815022,1.6959129657815022,1.6085520134766949,1.6085520134766946,0.0
rank_shift_dormant,4,clean,3.0,1.6736775395257486,1.0,0.47243849619182793,0.1443850701629927,0.0,1.0,0.47243849619182793,-0.6050553025059171,1.6959129657815022,1.6276999003611468,1.6085520134766949,1.608552013476695,0.0
rank_shift_dormant,4,clean,3.0,1.6736775395257486,2.0,0.9448769923836559,0.1443850701629927,0.0,1.0,0.47243849619182793,-0.6050553025059171,1.6959129657815022,1.5594868349407909,1.6085520134766949,1.608552013476695,0.0
rank_shift_dormant,4,inclusive,0.0,0.0,0.0,0.0,0.1443850701629927,0.747418707037284,0.8920838975432884,0.04926561856451592,0.05889704935423161,0.02223542625575392,0.02223542625575392,0.03073928085915787,0.03445783624590788,0.0
rank_shift_dormant,4,inclusive,0.0,0.0,1.0,0.04926561856451592,0.1443850701629927,0.747418707037284,0.8920838975432884,0.04926561856451592,0.05889704935423161,0.02223542625575392,0.015122206462693044,0.03073928085915787,0.03445783624590786,0.0
rank_shift_dormant,4,inclusive,0.0,0.0,2.0,0.09853123712903183,0.1443850701629927,0.747418707037284,0.8920838975432884,0.04926561856451592,0.05889704935423161,0.02223542625575392,0.008008986669632174,0.03073928085915787,0.03445783624590787,0.0
rank_shift_dormant,4,inclusive,1.0,0.5578925131752496,0.0,0.0,0.1443850701629927,0.747418707037284,0.8920838975432884,0.04926561856451592,-0.35808225150899436,0.5801279394310036,0.5801279394310036,0.5284262084227549,0.5923503494211576,0.060205585611652526
rank_shift_dormant,4,inclusive,1.0,0.5578925131752496,1.0,0.04926561856451592,0.1443850701629927,0.747418707037284,0.8920838975432884,0.04926561856451592,-0.35808225150899436,0.5801279394310036,0.5730147196379427,0.5284262084227549,0.5923503494211575,0.060205585611652526
rank_shift_dormant,4,inclusive,1.0,0.5578925131752496,2.0,0.09853123712903183,0.1443850701629927,0.747418707037284,0.8920838975432884,0.04926561856451592,-0.35808225150899436,0.5801279394310036,0.5659014998448818,0.5284262084227549,0.5923503494211575,0.060205585611652526
rank_shift_dormant,4,inclusive,3.0,1.6736775395257486,0.0,0.0,0.1443850701629927,0.747418707037284,0.8920838975432884,0.04926561856451592,-1.192040853235446,1.6959129657815022,1.6959129657815022,1.5238000635499491,1.7081353757716562,0.18061675683495756
rank_shift_dormant,4,inclusive,3.0,1.6736775395257486,1.0,0.04926561856451592,0.1443850701629927,0.747418707037284,0.8920838975432884,0.04926561856451592,-1.192040853235446,1.6959129657815022,1.6887997459884416,1.5238000635499491,1.7081353757716564,0.18061675683495756
rank_shift_dormant,4,inclusive,3.0,1.6736775395257486,2.0,0.09853123712903183,0.1443850701629927,0.747418707037284,0.8920838975432884,0.04926561856451592,-1.192040853235446,1.6959129657815022,1.6816865261953808,1.5238000635499491,1.7081353757716566,0.18061675683495756
rank_shift_dormant,5,clean,0.0,0.0,0.0,0.0,0.12836780907740675,0.0,1.0,0.03974348341725425,0.21598252970436227,-0.1227459510015878,-0.1227459510015878,-0.09502074686444291,-0.0950207468644429,0.0
rank_shift_dormant,5,clean,0.0,0.0,1.0,0.03974348341725425,0.12836780907740675,0.0,1.0,0.03974348341725425,0.21598252970436227,-0.1227459510015878,-0.127847734892965,-0.09502074686444291,-0.09502074686444291,0.0
rank_shift_dormant,5,clean,0.0,0.0,2.0,0.0794869668345085,0.12836780907740675,0.0,1.0,0.03974348341725425,0.21598252970436227,-0.1227459510015878,-0.13294951878434214,-0.09502074686444291,-0.09502074686444288,0.0
rank_shift_dormant,5,clean,1.0,0.820682321176807,0.0,0.0,0.12836780907740675,0.0,1.0,0.03974348341725425,0.21598252970436227,0.697936370175219,0.697936370175219,0.725661574312364,0.7256615743123639,0.0
rank_shift_dormant,5,clean,1.0,0.820682321176807,1.0,0.03974348341725425,0.12836780907740675,0.0,1.0,0.03974348341725425,0.21598252970436227,0.697936370175219,0.692834586283842,0.725661574312364,0.7256615743123641,0.0
rank_shift_dormant,5,clean,1.0,0.820682321176807,2.0,0.0794869668345085,0.12836780907740675,0.0,1.0,0.03974348341725425,0.21598252970436227,0.697936370175219,0.6877328023924647,0.725661574312364,0.725661574312364,0.0
rank_shift_dormant,5,clean,3.0,2.4620469635304207,0.0,0.0,0.12836780907740675,0.0,1.0,0.03974348341725425,0.21598252970436227,2.339301012528833,2.339301012528833,2.3670262166659777,2.3670262166659777,0.0
rank_shift_dormant,5,clean,3.0,2.4620469635304207,1.0,0.03974348341725425,0.12836780907740675,0.0,1.0,0.03974348341725425,0.21598252970436227,2.339301012528833,2.3341992286374555,2.3670262166659777,2.3670262166659777,0.0
rank_shift_dormant,5,clean,3.0,2.4620469635304207,2.0,0.0794869668345085,0.12836780907740675,0.0,1.0,0.03974348341725425,0.21598252970436227,2.339301012528833,2.329097444746078,2.3670262166659777,2.3670262166659772,0.0
rank_shift_dormant,5,inclusive,0.0,0.0,0.0,0.0,0.12836780907740675,0.35022205697818715,0.9550427618551274,0.02852542234260558,0.20929958539560234,-0.1227459510015878,-0.1227459510015878,-0.09587862178354475,-0.1003919673683562,0.0
rank_shift_dormant,5,inclusive,0.0,0.0,1.0,0.02852542234260558,0.12836780907740675,0.35022205697818715,0.9550427618551274,0.02852542234260558,0.20929958539560234,-0.1227459510015878,-0.1264076969707158,-0.09587862178354475,-0.1003919673683562,0.0
rank_shift_dormant,5,inclusive,0.0,0.0,2.0,0.05705084468521116,0.12836780907740675,0.35022205697818715,0.9550427618551274,0.02852542234260558,0.20929958539560234,-0.1227459510015878,-0.13006944293984377,-0.09587862178354475,-0.10039196736835619,0.0
rank_shift_dormant,5,inclusive,1.0,0.820682321176807,0.0,0.0,0.12836780907740675,0.35022205697818715,0.9550427618551274,0.02852542234260558,-0.07812146525257216,0.697936370175219,0.697936370175219,0.6879080888388296,0.7202903538084506,0.03689561055443253
rank_shift_dormant,5,inclusive,1.0,0.820682321176807,1.0,0.02852542234260558,0.12836780907740675,0.35022205697818715,0.9550427618551274,0.02852542234260558,-0.07812146525257216,0.697936370175219,0.6942746242060911,0.6879080888388296,0.7202903538084507,0.03689561055443253
rank_shift_dormant,5,inclusive,1.0,0.820682321176807,2.0,0.05705084468521116,0.12836780907740675,0.35022205697818715,0.9550427618551274,0.02852542234260558,-0.07812146525257216,0.697936370175219,0.6906128782369632,0.6879080888388296,0.7202903538084507,0.03689561055443253
rank_shift_dormant,5,inclusive,3.0,2.4620469635304207,0.0,0.0,0.12836780907740675,0.35022205697818715,0.9550427618551274,0.02852542234260558,-0.6529635665489215,2.339301012528833,2.339301012528833,2.2554815100835777,2.3616549961620645,0.11068683166329758
rank_shift_dormant,5,inclusive,3.0,2.4620469635304207,1.0,0.02852542234260558,0.12836780907740675,0.35022205697818715,0.9550427618551274,0.02852542234260558,-0.6529635665489215,2.339301012528833,2.335639266559704,2.2554815100835777,2.3616549961620636,0.11068683166329758
rank_shift_dormant,5,inclusive,3.0,2.4620469635304207,2.0,0.05705084468521116,0.12836780907740675,0.35022205697818715,0.9550427618551274,0.02852542234260558,-0.6529635665489215,2.339301012528833,2.3319775205905766,2.2554815100835777,2.361654996162064,0.11068683166329758
rank_shift_dormant,6,clean,0.0,0.0,0.0,0.0,0.13452344633815344,0.0,1.0,0.1501525331182527,-0.014260069551026655,-0.025215657998024932,-0.025215657998024932,-0.027133971699050796,-0.027133971699050803,0.0
rank_shift_dormant,6,clean,0.0,0.0,1.0,0.1501525331182527,0.13452344633815344,0.0,1.0,0.1501525331182527,-0.014260069551026655,-0.025215657998024932,-0.04541469422949597,-0.027133971699050796,-0.027133971699050765,0.0
rank_shift_dormant,6,clean,0.0,0.0,2.0,0.3003050662365054,0.13452344633815344,0.0,1.0,0.1501525331182527,-0.014260069551026655,-0.025215657998024932,-0.06561373046096707,-0.027133971699050796,-0.02713397169905079,0.0
rank_shift_dormant,6,clean,1.0,0.7667404926799526,0.0,0.0,0.13452344633815344,0.0,1.0,0.1501525331182527,-0.014260069551026655,0.7415248346819276,0.7415248346819276,0.7396065209809018,0.7396065209809017,0.0
rank_shift_dormant,6,clean,1.0,0.7667404926799526,1.0,0.1501525331182527,0.13452344633815344,0.0,1.0,0.1501525331182527,-0.014260069551026655,0.7415248346819276,0.7213257984504566,0.7396065209809018,0.7396065209809018,0.0
rank_shift_dormant,6,clean,1.0,0.7667404926799526,2.0,0.3003050662365054,0.13452344633815344,0.0,1.0,0.1501525331182527,-0.014260069551026655,0.7415248346819276,0.7011267622189856,0.7396065209809018,0.7396065209809018,0.0
rank_shift_dormant,6,clean,3.0,2.300221478039858,0.0,0.0,0.13452344633815344,0.0,1.0,0.1501525331182527,-0.014260069551026655,2.2750058200418333,2.2750058200418333,2.2730875063408074,2.2730875063408074,0.0
rank_shift_dormant,6,clean,3.0,2.300221478039858,1.0,0.1501525331182527,0.13452344633815344,0.0,1.0,0.1501525331182527,-0.014260069551026655,2.2750058200418333,2.254806783810362,2.2730875063408074,2.273087506340807,0.0
rank_shift_dormant,6,clean,3.0,2.300221478039858,2.0,0.3003050662365054,0.13452344633815344,0.0,1.0,0.1501525331182527,-0.014260069551026655,2.2750058200418333,2.234607747578891,2.2730875063408074,2.273087506340807,0.0
rank_shift_dormant,6,inclusive,0.0,0.0,0.0,0.0,0.13452344633815344,0.0,1.0,0.15015255381359366,-0.01426017265444457,-0.025215657998024932,-0.025215657998024932,-0.027133985568877896,-0.02713398556887791,0.0
rank_shift_dormant,6,inclusive,0.0,0.0,1.0,0.15015255381359366,0.13452344633815344,0.0,1.0,0.15015255381359366,-0.01426017265444457,-0.025215657998024932,-0.045414697013504576,-0.027133985568877896,-0.02713398556887789,0.0
rank_shift_dormant,6,inclusive,0.0,0.0,2.0,0.3003051076271873,0.13452344633815344,0.0,1.0,0.15015255381359366,-0.01426017265444457,-0.025215657998024932,-0.06561373602898422,-0.027133985568877896,-0.02713398556887786,0.0
rank_shift_dormant,6,inclusive,1.0,0.7667404926799526,0.0,0.0,0.13452344633815344,0.0,1.0,0.15015255381359366,-0.01426017265444457,0.7415248346819276,0.7415248346819276,0.7396065071110748,0.7396065071110747,0.0
rank_shift_dormant,6,inclusive,1.0,0.7667404926799526,1.0,0.15015255381359366,0.13452344633815344,0.0,1.0,0.15015255381359366,-0.01426017265444457,0.7415248346819276,0.721325795666448,0.7396065071110748,0.7396065071110748,0.0
rank_shift_dormant,6,inclusive,1.0,0.7667404926799526,2.0,0.3003051076271873,0.13452344633815344,0.0,1.0,0.15015255381359366,-0.01426017265444457,0.7415248346819276,0.7011267566509685,0.7396065071110748,0.7396065071110748,0.0
rank_shift_dormant,6,inclusive,3.0,2.300221478039858,0.0,0.0,0.13452344633815344,0.0,1.0,0.15015255381359366,-0.01426017265444457,2.2750058200418333,2.2750058200418333,2.2730874924709807,2.2730874924709803,0.0
rank_shift_dormant,6,inclusive,3.0,2.300221478039858,1.0,0.15015255381359366,0.13452344633815344,0.0,1.0,0.15015255381359366,-0.01426017265444457,2.2750058200418333,2.2548067810263537,2.2730874924709807,2.2730874924709803,0.0
rank_shift_dormant,6,inclusive,3.0,2.300221478039858,2.0,0.3003051076271873,0.13452344633815344,0.0,1.0,0.15015255381359366,-0.01426017265444457,2.2750058200418333,2.234607742010874,2.2730874924709807,2.2730874924709803,0.0
rank_shift_dormant,7,clean,0.0,0.0,0.0,0.0,0.12349151887941805,0.0,1.0,0.7030280650665767,0.3800172853276907,0.024622522249959977,0.024622522249959977,0.07155143401550966,0.07155143401550969,0.0
rank_shift_dormant,7,clean,0.0,0.0,1.0,0.7030280650665767,0.12349151887941805,0.0,1.0,0.7030280650665767,0.3800172853276907,0.024622522249959977,-0.06219548131996988,0.07155143401550966,0.07155143401550973,0.0
rank_shift_dormant,7,clean,0.0,0.0,2.0,1.4060561301331533,0.12349151887941805,0.0,1.0,0.7030280650665767,0.3800172853276907,0.024622522249959977,-0.1490134848898998,0.07155143401550966,0.07155143401550969,0.0
rank_shift_dormant,7,clean,1.0,0.7915659924248513,0.0,0.0,0.12349151887941805,0.0,1.0,0.7030280650665767,0.3800172853276907,0.8161885146748113,0.8161885146748113,0.8631174264403612,0.863117426440361,0.0
rank_shift_dormant,7,clean,1.0,0.7915659924248513,1.0,0.7030280650665767,0.12349151887941805,0.0,1.0,0.7030280650665767,0.3800172853276907,0.8161885146748113,0.7293705111048814,0.8631174264403612,0.8631174264403609,0.0
rank_shift_dormant,7,clean,1.0,0.7915659924248513,2.0,1.4060561301331533,0.12349151887941805,0.0,1.0,0.7030280650665767,0.3800172853276907,0.8161885146748113,0.6425525075349516,0.8631174264403612,0.8631174264403612,0.0
rank_shift_dormant,7,clean,3.0,2.374697977274554,0.0,0.0,0.12349151887941805,0.0,1.0,0.7030280650665767,0.3800172853276907,2.3993204995245145,2.3993204995245145,2.446249411290064,2.446249411290064,0.0
rank_shift_dormant,7,clean,3.0,2.374697977274554,1.0,0.7030280650665767,0.12349151887941805,0.0,1.0,0.7030280650665767,0.3800172853276907,2.3993204995245145,2.3125024959545843,2.446249411290064,2.446249411290064,0.0
rank_shift_dormant,7,clean,3.0,2.374697977274554,2.0,1.4060561301331533,0.12349151887941805,0.0,1.0,0.7030280650665767,0.3800172853276907,2.3993204995245145,2.225684492384654,2.446249411290064,2.4462494112900637,0.0
rank_shift_dormant,7,inclusive,0.0,0.0,0.0,0.0,0.12349151887941805,1.0,0.876508481120582,0.5151657639393507,0.21304524376802053,0.024622522249959977,0.024622522249959977,0.05093180299290871,0.05810759860280459,0.0
rank_shift_dormant,7,inclusive,0.0,0.0,1.0,0.5151657639393507,0.12349151887941805,1.0,0.876508481120582,0.5151657639393507,0.21304524376802053,0.024622522249959977,-0.038996080413586154,0.05093180299290871,0.05810759860280461,0.0
rank_shift_dormant,7,inclusive,0.0,0.0,2.0,1.0303315278787013,0.12349151887941805,1.0,0.876508481120582,0.5151657639393507,0.21304524376802053,0.024622522249959977,-0.10261468307713228,0.05093180299290871,0.058107598602804594,0.0
rank_shift_dormant,7,inclusive,1.0,0.7915659924248513,0.0,0.0,0.12349151887941805,1.0,0.876508481120582,0.5151657639393507,-0.5785207486568307,0.8161885146748113,0.8161885146748113,0.7447461087199213,0.8496735910276559,0.0977516866978388
rank_shift_dormant,7,inclusive,1.0,0.7915659924248513,1.0,0.5151657639393507,0.12349151887941805,1.0,0.876508481120582,0.5151657639393507,-0.5785207486568307,0.8161885146748113,0.7525699120112652,0.7447461087199213,0.8496735910276559,0.0977516866978388
rank_shift_dormant,7,inclusive,1.0,0.7915659924248513,2.0,1.0303315278787013,0.12349151887941805,1.0,0.876508481120582,0.5151657639393507,-0.5785207486568307,0.8161885146748113,0.6889513093477191,0.7447461087199213,0.849673591027656,0.0977516866978388
rank_shift_dormant,7,inclusive,3.0,2.374697977274554,0.0,0.0,0.12349151887941805,1.0,0.876508481120582,0.5151657639393507,-2.1616527335065334,2.3993204995245145,2.3993204995245145,2.132374720173946,2.4328055758773592,0.29325506009351643
rank_shift_dormant,7,inclusive,3.0,2.374697977274554,1.0,0.5151657639393507,0.12349151887941805,1.0,0.876508481120582,0.5151657639393507,-2.1616527335065334,2.3993204995245145,2.335701896860968,2.132374720173946,2.432805575877359,0.29325506009351643
rank_shift_dormant,7,inclusive,3.0,2.374697977274554,2.0,1.0303315278787013,0.12349151887941805,1.0,0.876508481120582,0.5151657639393507,-2.1616527335065334,2.3993204995245145,2.2720832941974214,2.132374720173946,2.4328055758773584,0.29325506009351643
rank_shift_dormant,8,clean,0.0,0.0,0.0,0.0,0.11861473955876196,0.0,1.0,0.7075010174779458,-0.432333943030441,0.027845130708046756,0.027845130708046756,-0.02343604734692164,-0.023436047346921632,0.0
rank_shift_dormant,8,clean,0.0,0.0,1.0,0.7075010174779458,0.11861473955876196,0.0,1.0,0.7075010174779458,-0.432333943030441,0.027845130708046756,-0.0560749182176589,-0.02343604734692164,-0.023436047346921663,0.0
rank_shift_dormant,8,clean,0.0,0.0,2.0,1.4150020349558916,0.11861473955876196,0.0,1.0,0.7075010174779458,-0.432333943030441,0.027845130708046756,-0.13999496714336454,-0.02343604734692164,-0.023436047346921687,0.0
rank_shift_dormant,8,clean,1.0,0.8556179443536607,0.0,0.0,0.11861473955876196,0.0,1.0,0.7075010174779458,-0.432333943030441,0.8834630750617075,0.8834630750617075,0.8321818970067391,0.8321818970067392,0.0
rank_shift_dormant,8,clean,1.0,0.8556179443536607,1.0,0.7075010174779458,0.11861473955876196,0.0,1.0,0.7075010174779458,-0.432333943030441,0.8834630750617075,0.7995430261360018,0.8321818970067391,0.8321818970067391,0.0
rank_shift_dormant,8,clean,1.0,0.8556179443536607,2.0,1.4150020349558916,0.11861473955876196,0.0,1.0,0.7075010174779458,-0.432333943030441,0.8834630750617075,0.7156229772102962,0.8321818970067391,0.8321818970067391,0.0
rank_shift_dormant,8,clean,3.0,2.566853833060982,0.0,0.0,0.11861473955876196,0.0,1.0,0.7075010174779458,-0.432333943030441,2.594698963769029,2.594698963769029,2.5434177857140603,2.5434177857140607,0.0
rank_shift_dormant,8,clean,3.0,2.566853833060982,1.0,0.7075010174779458,0.11861473955876196,0.0,1.0,0.7075010174779458,-0.432333943030441,2.594698963769029,2.510778914843323,2.5434177857140603,2.5434177857140603,0.0
rank_shift_dormant,8,clean,3.0,2.566853833060982,2.0,1.4150020349558916,0.11861473955876196,0.0,1.0,0.7075010174779458,-0.432333943030441,2.594698963769029,2.426858865917618,2.5434177857140603,2.5434177857140607,0.0
rank_shift_dormant,8,inclusive,0.0,0.0,0.0,0.0,0.11861473955876196,0.0,1.0,0.7075010100813589,-0.43233401524985504,0.027845130708046756,0.027845130708046756,-0.02343605591320864,-0.023436055913208624,0.0
rank_shift_dormant,8,inclusive,0.0,0.0,1.0,0.7075010100813589,0.11861473955876196,0.0,1.0,0.7075010100813589,-0.43233401524985504,0.027845130708046756,-0.056074917340314646,-0.02343605591320864,-0.02343605591320863,0.0
rank_shift_dormant,8,inclusive,0.0,0.0,2.0,1.4150020201627178,0.11861473955876196,0.0,1.0,0.7075010100813589,-0.43233401524985504,0.027845130708046756,-0.13999496538867612,-0.02343605591320864,-0.02343605591320868,0.0
rank_shift_dormant,8,inclusive,1.0,0.8556179443536607,0.0,0.0,0.11861473955876196,0.0,1.0,0.7075010100813589,-0.43233401524985504,0.8834630750617075,0.8834630750617075,0.8321818884404519,0.8321818884404522,0.0
rank_shift_dormant,8,inclusive,1.0,0.8556179443536607,1.0,0.7075010100813589,0.11861473955876196,0.0,1.0,0.7075010100813589,-0.43233401524985504,0.8834630750617075,0.7995430270133461,0.8321818884404519,0.8321818884404522,0.0
rank_shift_dormant,8,inclusive,1.0,0.8556179443536607,2.0,1.4150020201627178,0.11861473955876196,0.0,1.0,0.7075010100813589,-0.43233401524985504,0.8834630750617075,0.7156229789649846,0.8321818884404519,0.832181888440452,0.0
rank_shift_dormant,8,inclusive,3.0,2.566853833060982,0.0,0.0,0.11861473955876196,0.0,1.0,0.7075010100813589,-0.43233401524985504,2.594698963769029,2.594698963769029,2.543417777147773,2.543417777147774,0.0
rank_shift_dormant,8,inclusive,3.0,2.566853833060982,1.0,0.7075010100813589,0.11861473955876196,0.0,1.0,0.7075010100813589,-0.43233401524985504,2.594698963769029,2.510778915720667,2.543417777147773,2.543417777147773,0.0
rank_shift_dormant,8,inclusive,3.0,2.566853833060982,2.0,1.4150020201627178,0.11861473955876196,0.0,1.0,0.7075010100813589,-0.43233401524985504,2.594698963769029,2.4268588676723057,2.543417777147773,2.543417777147773,0.0
rank_shift_dormant,9,clean,0.0,0.0,0.0,0.0,0.13544881206851667,0.0,1.0,0.05039434894950843,0.102274503697743,-0.099137950685969,-0.099137950685969,-0.08528499065521264,-0.0852849906552126,0.0
rank_shift_dormant,9,clean,0.0,0.0,1.0,0.05039434894950843,0.13544881206851667,0.0,1.0,0.05039434894950843,0.102274503697743,-0.099137950685969,-0.10596380538614622,-0.08528499065521264,-0.0852849906552126,0.0
rank_shift_dormant,9,clean,0.0,0.0,2.0,0.10078869789901686,0.13544881206851667,0.0,1.0,0.05039434894950843,0.102274503697743,-0.099137950685969,-0.11278966008632345,-0.08528499065521264,-0.08528499065521261,0.0
rank_shift_dormant,9,clean,1.0,0.8595109730916719,0.0,0.0,0.13544881206851667,0.0,1.0,0.05039434894950843,0.102274503697743,0.7603730224057028,0.7603730224057028,0.7742259824364592,0.7742259824364592,0.0
rank_shift_dormant,9,clean,1.0,0.8595109730916719,1.0,0.05039434894950843,0.13544881206851667,0.0,1.0,0.05039434894950843,0.102274503697743,0.7603730224057028,0.7535471677055257,0.7742259824364592,0.7742259824364592,0.0
rank_shift_dormant,9,clean,1.0,0.8595109730916719,2.0,0.10078869789901686,0.13544881206851667,0.0,1.0,0.05039434894950843,0.102274503697743,0.7603730224057028,0.7467213130053484,0.7742259824364592,0.7742259824364592,0.0
rank_shift_dormant,9,clean,3.0,2.5785329192750157,0.0,0.0,0.13544881206851667,0.0,1.0,0.05039434894950843,0.102274503697743,2.479394968589047,2.479394968589047,2.4932479286198026,2.493247928619803,0.0
rank_shift_dormant,9,clean,3.0,2.5785329192750157,1.0,0.05039434894950843,0.13544881206851667,0.0,1.0,0.05039434894950843,0.102274503697743,2.479394968589047,2.472569113888869,2.4932479286198026,2.4932479286198026,0.0
rank_shift_dormant,9,clean,3.0,2.5785329192750157,2.0,0.10078869789901686,0.13544881206851667,0.0,1.0,0.05039434894950843,0.102274503697743,2.479394968589047,2.465743259188692,2.4932479286198026,2.493247928619803,0.0
rank_shift_dormant,9,inclusive,0.0,0.0,0.0,0.0,0.13544881206851667,0.3037479546509506,0.9588577003742871,0.04577033465351607,0.16828679506982308,-0.099137950685969,-0.099137950685969,-0.07634370420694357,-0.07961943068000918,0.0
rank_shift_dormant,9,inclusive,0.0,0.0,1.0,0.04577033465351607,0.13544881206851667,0.3037479546509506,0.9588577003742871,0.04577033465351607,0.16828679506982308,-0.099137950685969,-0.10533748814276625,-0.07634370420694357,-0.07961943068000922,0.0
rank_shift_dormant,9,inclusive,0.0,0.0,2.0,0.09154066930703214,0.13544881206851667,0.3037479546509506,0.9588577003742871,0.04577033465351607,0.16828679506982308,-0.099137950685969,-0.11153702559956347,-0.07634370420694357,-0.0796194306800092,0.0
rank_shift_dormant,9,inclusive,1.0,0.8595109730916719,0.0,0.0,0.13544881206851667,0.3037479546509506,0.9588577003742871,0.04577033465351607,-0.09278790500682053,0.7603730224057028,0.7603730224057028,0.7478050108982026,0.7798915424116626,0.035362257986525654
rank_shift_dormant,9,inclusive,1.0,0.8595109730916719,1.0,0.04577033465351607,0.13544881206851667,0.3037479546509506,0.9588577003742871,0.04577033465351607,-0.09278790500682053,0.7603730224057028,0.7541734849489057,0.7478050108982026,0.7798915424116627,0.035362257986525654
rank_shift_dormant,9,inclusive,1.0,0.8595109730916719,2.0,0.09154066930703214,0.13544881206851667,0.3037479546509506,0.9588577003742871,0.04577033465351607,-0.09278790500682053,0.7603730224057028,0.7479739474921085,0.7478050108982026,0.7798915424116628,0.035362257986525654
rank_shift_dormant,9,inclusive,3.0,2.5785329192750157,0.0,0.0,0.13544881206851667,0.3037479546509506,0.9588577003742871,0.04577033465351607,-0.6149373051601076,2.479394968589047,2.479394968589047,2.396102441108495,2.4989134885950066,0.10608677395957695
rank_shift_dormant,9,inclusive,3.0,2.5785329192750157,1.0,0.04577033465351607,0.13544881206851667,0.3037479546509506,0.9588577003742871,0.04577033465351607,-0.6149373051601076,2.479394968589047,2.4731954311322495,2.396102441108495,2.4989134885950066,0.10608677395957695
rank_shift_dormant,9,inclusive,3.0,2.5785329192750157,2.0,0.09154066930703214,0.13544881206851667,0.3037479546509506,0.9588577003742871,0.04577033465351607,-0.6149373051601076,2.479394968589047,2.466995893675452,2.396102441108495,2.498913488595006,0.10608677395957695
rank_shift_dormant,10,clean,0.0,0.0,0.0,0.0,0.13500019302729946,0.0,1.0,0.422020258111754,-0.0007991410206461769,0.062021114605813665,0.062021114605813665,0.061913230413770406,0.0619132304137704,0.0
rank_shift_dormant,10,clean,0.0,0.0,1.0,0.422020258111754,0.13500019302729946,0.0,1.0,0.422020258111754,-0.0007991410206461769,0.062021114605813665,0.005048298299296161,0.061913230413770406,0.06191323041377045,0.0
rank_shift_dormant,10,clean,0.0,0.0,2.0,0.844040516223508,0.13500019302729946,0.0,1.0,0.422020258111754,-0.0007991410206461769,0.062021114605813665,-0.051924518007221386,0.061913230413770406,0.061913230413770406,0.0
rank_shift_dormant,10,clean,1.0,0.5089792955583232,0.0,0.0,0.13500019302729946,0.0,1.0,0.422020258111754,-0.0007991410206461769,0.5710004101641368,0.5710004101641368,0.5708925259720936,0.5708925259720936,0.0
rank_shift_dormant,10,clean,1.0,0.5089792955583232,1.0,0.422020258111754,0.13500019302729946,0.0,1.0,0.422020258111754,-0.0007991410206461769,0.5710004101641368,0.5140275938576193,0.5708925259720936,0.5708925259720936,0.0
rank_shift_dormant,10,clean,1.0,0.5089792955583232,2.0,0.844040516223508,0.13500019302729946,0.0,1.0,0.422020258111754,-0.0007991410206461769,0.5710004101641368,0.45705477755110185,0.5708925259720936,0.5708925259720936,0.0
rank_shift_dormant,10,clean,3.0,1.5269378866749697,0.0,0.0,0.13500019302729946,0.0,1.0,0.422020258111754,-0.0007991410206461769,1.5889590012807833,1.5889590012807833,1.58885111708874,1.58885111708874,0.0
rank_shift_dormant,10,clean,3.0,1.5269378866749697,1.0,0.422020258111754,0.13500019302729946,0.0,1.0,0.422020258111754,-0.0007991410206461769,1.5889590012807833,1.5319861849742658,1.58885111708874,1.58885111708874,0.0
rank_shift_dormant,10,clean,3.0,1.5269378866749697,2.0,0.844040516223508,0.13500019302729946,0.0,1.0,0.422020258111754,-0.0007991410206461769,1.5889590012807833,1.4750133686677482,1.58885111708874,1.58885111708874,0.0
rank_shift_dormant,10,inclusive,0.0,0.0,0.0,0.0,0.13500019302729946,0.9880488652991861,0.8666132124642056,0.1333292570596855,-0.16334558214051925,0.062021114605813665,0.062021114605813665,0.03996942948668698,0.046121417157989446,0.0
rank_shift_dormant,10,inclusive,0.0,0.0,1.0,0.1333292570596855,0.13500019302729946,0.9880488652991861,0.8666132124642056,0.1333292570596855,-0.16334558214051925,0.062021114605813665,0.04402163916656972,0.03996942948668698,0.04612141715798948,0.0
rank_shift_dormant,10,inclusive,0.0,0.0,2.0,0.266658514119371,0.13500019302729946,0.9880488652991861,0.8666132124642056,0.1333292570596855,-0.16334558214051925,0.062021114605813665,0.026022163727325742,0.03996942948668698,0.046121417157989474,0.0
rank_shift_dormant,10,inclusive,1.0,0.5089792955583232,0.0,0.0,0.13500019302729946,0.9880488652991861,0.8666132124642056,0.1333292570596855,-0.6662419975776996,0.5710004101641368,0.5710004101641368,0.48105761188825386,0.5551007127163126,0.06789111315675633
rank_shift_dormant,10,inclusive,1.0,0.5089792955583232,1.0,0.1333292570596855,0.13500019302729946,0.9880488652991861,0.8666132124642056,0.1333292570596855,-0.6662419975776996,0.5710004101641368,0.5530009347248929,0.48105761188825386,0.5551007127163126,0.06789111315675633
rank_shift_dormant,10,inclusive,1.0,0.5089792955583232,2.0,0.266658514119371,0.13500019302729946,0.9880488652991861,0.8666132124642056,0.1333292570596855,-0.6662419975776996,0.5710004101641368,0.535001459285649,0.48105761188825386,0.5551007127163128,0.06789111315675633
rank_shift_dormant,10,inclusive,3.0,1.5269378866749697,0.0,0.0,0.13500019302729946,0.9880488652991861,0.8666132124642056,0.1333292570596855,-1.6720348284520603,1.5889590012807833,1.5889590012807833,1.3632339766913877,1.573059303832959,0.20367333947026897
rank_shift_dormant,10,inclusive,3.0,1.5269378866749697,1.0,0.1333292570596855,0.13500019302729946,0.9880488652991861,0.8666132124642056,0.1333292570596855,-1.6720348284520603,1.5889590012807833,1.5709595258415394,1.3632339766913877,1.5730593038329592,0.20367333947026897
rank_shift_dormant,10,inclusive,3.0,1.5269378866749697,2.0,0.266658514119371,0.13500019302729946,0.9880488652991861,0.8666132124642056,0.1333292570596855,-1.6720348284520603,1.5889590012807833,1.5529600504022951,1.3632339766913877,1.5730593038329588,0.20367333947026897
rank_shift_dormant,11,clean,0.0,0.0,0.0,0.0,0.15799767561564518,0.0,1.0,0.3755277992819549,0.3040524580006644,-0.034306370907453546,-0.034306370907453546,0.013733210721875005,0.013733210721875005,0.0
rank_shift_dormant,11,clean,0.0,0.0,1.0,0.3755277992819549,0.15799767561564518,0.0,1.0,0.3755277992819549,0.3040524580006644,-0.034306370907453546,-0.09363889032306097,0.013733210721875005,0.013733210721874986,0.0
rank_shift_dormant,11,clean,0.0,0.0,2.0,0.7510555985639098,0.15799767561564518,0.0,1.0,0.3755277992819549,0.3040524580006644,-0.034306370907453546,-0.15297140973866843,0.013733210721875005,0.013733210721874943,0.0
rank_shift_dormant,11,clean,1.0,0.8558858259540573,0.0,0.0,0.15799767561564518,0.0,1.0,0.3755277992819549,0.3040524580006644,0.8215794550466038,0.8215794550466038,0.8696190366759323,0.8696190366759323,0.0
rank_shift_dormant,11,clean,1.0,0.8558858259540573,1.0,0.3755277992819549,0.15799767561564518,0.0,1.0,0.3755277992819549,0.3040524580006644,0.8215794550466038,0.7622469356309962,0.8696190366759323,0.8696190366759322,0.0
rank_shift_dormant,11,clean,1.0,0.8558858259540573,2.0,0.7510555985639098,0.15799767561564518,0.0,1.0,0.3755277992819549,0.3040524580006644,0.8215794550466038,0.7029144162153889,0.8696190366759323,0.8696190366759322,0.0
rank_shift_dormant,11,clean,3.0,2.5676574778621717,0.0,0.0,0.15799767561564518,0.0,1.0,0.3755277992819549,0.3040524580006644,2.5333511069547177,2.5333511069547177,2.5813906885840465,2.581390688584046,0.0
rank_shift_dormant,11,clean,3.0,2.5676574778621717,1.0,0.3755277992819549,0.15799767561564518,0.0,1.0,0.3755277992819549,0.3040524580006644,2.5333511069547177,2.4740185875391107,2.5813906885840465,2.5813906885840465,0.0
rank_shift_dormant,11,clean,3.0,2.5676574778621717,2.0,0.7510555985639098,0.15799767561564518,0.0,1.0,0.3755277992819549,0.3040524580006644,2.5333511069547177,2.414686068123504,2.5813906885840465,2.5813906885840474,0.0
rank_shift_dormant,11,inclusive,0.0,0.0,0.0,0.0,0.15799767561564518,0.4777461365967178,0.9245172208833641,0.006917803238275714,0.06295609980958225,-0.034306370907453546,-0.034306370907453546,-0.024359453471712977,-0.026348296085212834,0.0
rank_shift_dormant,11,inclusive,0.0,0.0,1.0,0.006917803238275714,0.15799767561564518,0.4777461365967178,0.9245172208833641,0.006917803238275714,0.06295609980958225,-0.034306370907453546,-0.03539936773946749,-0.024359453471712977,-0.02634829608521283,0.0
rank_shift_dormant,11,inclusive,0.0,0.0,2.0,0.013835606476551429,0.15799767561564518,0.4777461365967178,0.9245172208833641,0.006917803238275714,0.06295609980958225,-0.034306370907453546,-0.03649236457148146,-0.024359453471712977,-0.026348296085212854,0.0
rank_shift_dormant,11,inclusive,1.0,0.8558858259540573,0.0,0.0,0.15799767561564518,0.4777461365967178,0.9245172208833641,0.006917803238275714,-0.3459400469078594,0.8215794550466038,0.8215794550466038,0.7669217317327945,0.8295375298688445,0.06460464074954961
rank_shift_dormant,11,inclusive,1.0,0.8558858259540573,1.0,0.006917803238275714,0.15799767561564518,0.4777461365967178,0.9245172208833641,0.006917803238275714,-0.3459400469078594,0.8215794550466038,0.8204864582145897,0.7669217317327945,0.8295375298688443,0.06460464074954961
rank_shift_dormant,11,inclusive,1.0,0.8558858259540573,2.0,0.013835606476551429,0.15799767561564518,0.4777461365967178,0.9245172208833641,0.006917803238275714,-0.3459400469078594,0.8215794550466038,0.8193934613825758,0.7669217317327945,0.8295375298688444,0.06460464074954961
rank_shift_dormant,11,inclusive,3.0,2.5676574778621717,0.0,0.0,0.15799767561564518,0.4777461365967178,0.9245172208833641,0.006917803238275714,-1.1637323403427424,2.5333511069547177,2.5333511069547177,2.3494841021418105,2.5413091817769584,0.1938139222486488
rank_shift_dormant,11,inclusive,3.0,2.5676574778621717,1.0,0.006917803238275714,0.15799767561564518,0.4777461365967178,0.9245172208833641,0.006917803238275714,-1.1637323403427424,2.5333511069547177,2.5322581101227035,2.3494841021418105,2.541309181776958,0.1938139222486488
rank_shift_dormant,11,inclusive,3.0,2.5676574778621717,2.0,0.013835606476551429,0.15799767561564518,0.4777461365967178,0.9245172208833641,0.006917803238275714,-1.1637323403427424,2.5333511069547177,2.53116511329069,2.3494841021418105,2.5413091817769584,0.1938139222486488
rank_shift_dormant,12,clean,0.0,0.0,0.0,0.0,0.1421791104862905,0.0,1.0,0.36078733854225453,0.12555015777943895,0.10999625885847186,0.10999625885847186,0.12784686861296593,0.12784686861296593,0.0
rank_shift_dormant,12,clean,0.0,0.0,1.0,0.36078733854225453,0.1421791104862905,0.0,1.0,0.36078733854225453,0.12555015777943895,0.10999625885847186,0.05869983598981796,0.12784686861296593,0.12784686861296593,0.0
rank_shift_dormant,12,clean,0.0,0.0,2.0,0.7215746770845091,0.1421791104862905,0.0,1.0,0.36078733854225453,0.12555015777943895,0.10999625885847186,0.007403413121164071,0.12784686861296593,0.12784686861296593,0.0
rank_shift_dormant,12,clean,1.0,0.6941435358978364,0.0,0.0,0.1421791104862905,0.0,1.0,0.36078733854225453,0.12555015777943895,0.8041397947563083,0.8041397947563083,0.8219904045108024,0.8219904045108023,0.0
rank_shift_dormant,12,clean,1.0,0.6941435358978364,1.0,0.36078733854225453,0.1421791104862905,0.0,1.0,0.36078733854225453,0.12555015777943895,0.8041397947563083,0.7528433718876544,0.8219904045108024,0.8219904045108023,0.0
rank_shift_dormant,12,clean,1.0,0.6941435358978364,2.0,0.7215746770845091,0.1421791104862905,0.0,1.0,0.36078733854225453,0.12555015777943895,0.8041397947563083,0.7015469490190005,0.8219904045108024,0.8219904045108024,0.0
rank_shift_dormant,12,clean,3.0,2.0824306076935093,0.0,0.0,0.1421791104862905,0.0,1.0,0.36078733854225453,0.12555015777943895,2.1924268665519806,2.1924268665519806,2.210277476306475,2.2102774763064748,0.0
rank_shift_dormant,12,clean,3.0,2.0824306076935093,1.0,0.36078733854225453,0.1421791104862905,0.0,1.0,0.36078733854225453,0.12555015777943895,2.1924268665519806,2.141130443683327,2.210277476306475,2.2102774763064748,0.0
rank_shift_dormant,12,clean,3.0,2.0824306076935093,2.0,0.7215746770845091,0.1421791104862905,0.0,1.0,0.36078733854225453,0.12555015777943895,2.1924268665519806,2.0898340208146733,2.210277476306475,2.210277476306475,0.0
rank_shift_dormant,12,inclusive,0.0,0.0,0.0,0.0,0.1421791104862905,0.3802239212515585,0.945940101090844,0.04457427497576356,0.09794678542694517,0.10999625885847186,0.10999625885847186,0.1239222456854665,0.13100432632315853,0.0
rank_shift_dormant,12,inclusive,0.0,0.0,1.0,0.04457427497576356,0.1421791104862905,0.3802239212515585,0.945940101090844,0.04457427497576356,0.09794678542694517,0.10999625885847186,0.10365872809184648,0.1239222456854665,0.1310043263231585,0.0
rank_shift_dormant,12,inclusive,0.0,0.0,2.0,0.08914854995152711,0.1421791104862905,0.3802239212515585,0.945940101090844,0.04457427497576356,0.09794678542694517,0.10999625885847186,0.09732119732522111,0.1239222456854665,0.13100432632315853,0.0
rank_shift_dormant,12,inclusive,1.0,0.6941435358978364,0.0,0.0,0.1421791104862905,0.3802239212515585,0.945940101090844,0.04457427497576356,-0.16598319170355214,0.8041397947563083,0.8041397947563083,0.7805404522042216,0.8251478622209949,0.03752532937908111
rank_shift_dormant,12,inclusive,1.0,0.6941435358978364,1.0,0.04457427497576356,0.1421791104862905,0.3802239212515585,0.945940101090844,0.04457427497576356,-0.16598319170355214,0.8041397947563083,0.7978022639896829,0.7805404522042216,0.8251478622209949,0.03752532937908111
rank_shift_dormant,12,inclusive,1.0,0.6941435358978364,2.0,0.08914854995152711,0.1421791104862905,0.3802239212515585,0.945940101090844,0.04457427497576356,-0.16598319170355214,0.8041397947563083,0.7914647332230575,0.7805404522042216,0.825147862220995,0.03752532937908111
rank_shift_dormant,12,inclusive,3.0,2.0824306076935093,0.0,0.0,0.1421791104862905,0.3802239212515585,0.945940101090844,0.04457427497576356,-0.6938431459645469,2.1924268665519806,2.1924268665519806,2.093776865241732,2.213434934016667,0.11257598813724333
rank_shift_dormant,12,inclusive,3.0,2.0824306076935093,1.0,0.04457427497576356,0.1421791104862905,0.3802239212515585,0.945940101090844,0.04457427497576356,-0.6938431459645469,2.1924268665519806,2.186089335785356,2.093776865241732,2.213434934016668,0.11257598813724333
rank_shift_dormant,12,inclusive,3.0,2.0824306076935093,2.0,0.08914854995152711,0.1421791104862905,0.3802239212515585,0.945940101090844,0.04457427497576356,-0.6938431459645469,2.1924268665519806,2.179751805018731,2.093776865241732,2.2134349340166684,0.11257598813724333
rank_shift_dormant,13,clean,0.0,0.0,0.0,0.0,0.125951790580339,0.0,1.0,0.049152010057425415,0.06152745136303406,-0.07792315299457006,-0.07792315299457006,-0.07017366032555121,-0.0701736603255512,0.0
rank_shift_dormant,13,clean,0.0,0.0,1.0,0.049152010057425415,0.125951790580339,0.0,1.0,0.049152010057425415,0.06152745136303406,-0.07792315299457006,-0.08411393667192564,-0.07017366032555121,-0.07017366032555121,0.0
rank_shift_dormant,13,clean,0.0,0.0,2.0,0.09830402011485083,0.125951790580339,0.0,1.0,0.049152010057425415,0.06152745136303406,-0.07792315299457006,-0.09030472034928119,-0.07017366032555121,-0.0701736603255512,0.0
rank_shift_dormant,13,clean,1.0,0.6296850662390894,0.0,0.0,0.125951790580339,0.0,1.0,0.049152010057425415,0.06152745136303406,0.5517619132445193,0.5517619132445193,0.5595114059135383,0.5595114059135381,0.0
rank_shift_dormant,13,clean,1.0,0.6296850662390894,1.0,0.049152010057425415,0.125951790580339,0.0,1.0,0.049152010057425415,0.06152745136303406,0.5517619132445193,0.5455711295671638,0.5595114059135383,0.5595114059135382,0.0
rank_shift_dormant,13,clean,1.0,0.6296850662390894,2.0,0.09830402011485083,0.125951790580339,0.0,1.0,0.049152010057425415,0.06152745136303406,0.5517619132445193,0.5393803458898082,0.5595114059135383,0.5595114059135382,0.0
rank_shift_dormant,13,clean,3.0,1.8890551987172681,0.0,0.0,0.125951790580339,0.0,1.0,0.049152010057425415,0.06152745136303406,1.8111320457226985,1.8111320457226985,1.8188815383917167,1.8188815383917174,0.0
rank_shift_dormant,13,clean,3.0,1.8890551987172681,1.0,0.049152010057425415,0.125951790580339,0.0,1.0,0.049152010057425415,0.06152745136303406,1.8111320457226985,1.8049412620453424,1.8188815383917167,1.818881538391717,0.0
rank_shift_dormant,13,clean,3.0,1.8890551987172681,2.0,0.09830402011485083,0.125951790580339,0.0,1.0,0.049152010057425415,0.06152745136303406,1.8111320457226985,1.7987504783679866,1.8188815383917167,1.8188815383917165,0.0
rank_shift_dormant,13,inclusive,0.0,0.0,0.0,0.0,0.125951790580339,0.3278001938920521,0.9587129786267137,0.05870787742318625,0.017732634544960147,-0.07792315299457006,-0.07792315299457006,-0.07568969592192556,-0.07894927638337129,0.0
rank_shift_dormant,13,inclusive,0.0,0.0,1.0,0.05870787742318625,0.125951790580339,0.3278001938920521,0.9587129786267137,0.05870787742318625,0.017732634544960147,-0.07792315299457006,-0.08531751527719145,-0.07568969592192556,-0.0789492763833713,0.0
rank_shift_dormant,13,inclusive,0.0,0.0,2.0,0.1174157548463725,0.125951790580339,0.3278001938920521,0.9587129786267137,0.05870787742318625,0.017732634544960147,-0.07792315299457006,-0.09271187755981278,-0.07568969592192556,-0.07894927638337126,0.0
rank_shift_dormant,13,inclusive,1.0,0.6296850662390894,0.0,0.0,0.125951790580339,0.3278001938920521,0.9587129786267137,0.05870787742318625,-0.18867825225914298,0.5517619132445193,0.5517619132445193,0.5279975495289114,0.550735789855718,0.025997820788252465
rank_shift_dormant,13,inclusive,1.0,0.6296850662390894,1.0,0.05870787742318625,0.125951790580339,0.3278001938920521,0.9587129786267137,0.05870787742318625,-0.18867825225914298,0.5517619132445193,0.5443675509618979,0.5279975495289114,0.550735789855718,0.025997820788252465
rank_shift_dormant,13,inclusive,1.0,0.6296850662390894,2.0,0.1174157548463725,0.125951790580339,0.3278001938920521,0.9587129786267137,0.05870787742318625,-0.18867825225914298,0.5517619132445193,0.5369731886792765,0.5279975495289114,0.5507357898557179,0.025997820788252465
rank_shift_dormant,13,inclusive,3.0,1.8890551987172681,0.0,0.0,0.125951790580339,0.3278001938920521,0.9587129786267137,0.05870787742318625,-0.6015000258673495,1.8111320457226985,1.8111320457226985,1.7353720404305857,1.8101059223338973,0.07799346236475739
rank_shift_dormant,13,inclusive,3.0,1.8890551987172681,1.0,0.05870787742318625,0.125951790580339,0.3278001938920521,0.9587129786267137,0.05870787742318625,-0.6015000258673495,1.8111320457226985,1.8037376834400767,1.7353720404305857,1.8101059223338969,0.07799346236475739
rank_shift_dormant,13,inclusive,3.0,1.8890551987172681,2.0,0.1174157548463725,0.125951790580339,0.3278001938920521,0.9587129786267137,0.05870787742318625,-0.6015000258673495,1.8111320457226985,1.7963433211574558,1.7353720404305857,1.8101059223338973,0.07799346236475739
rank_shift_dormant,14,clean,0.0,0.0,0.0,0.0,0.13300757839672597,0.0,1.0,0.7225657715580582,0.6748248328377718,0.02314297939286646,0.02314297939286646,0.1128997962505939,0.11289979625059389,0.0
rank_shift_dormant,14,clean,0.0,0.0,1.0,0.7225657715580582,0.13300757839672597,0.0,1.0,0.7225657715580582,0.6748248328377718,0.02314297939286646,-0.07296374411443277,0.1128997962505939,0.11289979625059388,0.0
rank_shift_dormant,14,clean,0.0,0.0,2.0,1.4451315431161165,0.13300757839672597,0.0,1.0,0.7225657715580582,0.6748248328377718,0.02314297939286646,-0.169070467621732,0.1128997962505939,0.1128997962505938,0.0
rank_shift_dormant,14,clean,1.0,0.7252822311468666,0.0,0.0,0.13300757839672597,0.0,1.0,0.7225657715580582,0.6748248328377718,0.7484252105397331,0.7484252105397331,0.8381820273974604,0.8381820273974605,0.0
rank_shift_dormant,14,clean,1.0,0.7252822311468666,1.0,0.7225657715580582,0.13300757839672597,0.0,1.0,0.7225657715580582,0.6748248328377718,0.7484252105397331,0.6523184870324339,0.8381820273974604,0.8381820273974605,0.0
rank_shift_dormant,14,clean,1.0,0.7252822311468666,2.0,1.4451315431161165,0.13300757839672597,0.0,1.0,0.7225657715580582,0.6748248328377718,0.7484252105397331,0.5562117635251347,0.8381820273974604,0.8381820273974605,0.0
rank_shift_dormant,14,clean,3.0,2.1758466934406,0.0,0.0,0.13300757839672597,0.0,1.0,0.7225657715580582,0.6748248328377718,2.1989896728334664,2.1989896728334664,2.2887464896911935,2.288746489691194,0.0
rank_shift_dormant,14,clean,3.0,2.1758466934406,1.0,0.7225657715580582,0.13300757839672597,0.0,1.0,0.7225657715580582,0.6748248328377718,2.1989896728334664,2.1028829493261667,2.2887464896911935,2.2887464896911935,0.0
rank_shift_dormant,14,clean,3.0,2.1758466934406,2.0,1.4451315431161165,0.13300757839672597,0.0,1.0,0.7225657715580582,0.6748248328377718,2.1989896728334664,2.006776225818868,2.2887464896911935,2.2887464896911935,0.0
rank_shift_dormant,14,inclusive,0.0,0.0,0.0,0.0,0.13300757839672597,0.6654294614641739,0.9114928387368127,0.09533127302042213,-0.17876924541607017,0.02314297939286646,0.02314297939286646,-0.000634685031735055,-0.0006963137885039361,0.0
rank_shift_dormant,14,inclusive,0.0,0.0,1.0,0.09533127302042213,0.13300757839672597,0.6654294614641739,0.9114928387368127,0.09533127302042213,-0.17876924541607017,0.02314297939286646,0.010463197622942965,-0.000634685031735055,-0.0006963137885039553,0.0
rank_shift_dormant,14,inclusive,0.0,0.0,2.0,0.19066254604084426,0.13300757839672597,0.6654294614641739,0.9114928387368127,0.09533127302042213,-0.17876924541607017,0.02314297939286646,-0.0022165841469805104,-0.000634685031735055,-0.0006963137885039503,0.0
rank_shift_dormant,14,inclusive,1.0,0.7252822311468666,0.0,0.0,0.13300757839672597,0.6654294614641739,0.9114928387368127,0.09533127302042213,-0.6613934098976643,0.7484252105397331,0.7484252105397331,0.6604548747216916,0.7245859173583626,0.06419267139343998
rank_shift_dormant,14,inclusive,1.0,0.7252822311468666,1.0,0.09533127302042213,0.13300757839672597,0.6654294614641739,0.9114928387368127,0.09533127302042213,-0.6613934098976643,0.7484252105397331,0.7357454287698096,0.6604548747216916,0.7245859173583628,0.06419267139343998
rank_shift_dormant,14,inclusive,1.0,0.7252822311468666,2.0,0.19066254604084426,0.13300757839672597,0.6654294614641739,0.9114928387368127,0.09533127302042213,-0.6613934098976643,0.7484252105397331,0.7230656469998861,0.6604548747216916,0.7245859173583626,0.06419267139343998
rank_shift_dormant,14,inclusive,3.0,2.1758466934406,0.0,0.0,0.13300757839672597,0.6654294614641739,0.9114928387368127,0.09533127302042213,-1.626641738860852,2.1989896728334664,2.1989896728334664,1.9826339942285451,2.175150379652096,0.19257801418031995
rank_shift_dormant,14,inclusive,3.0,2.1758466934406,1.0,0.09533127302042213,0.13300757839672597,0.6654294614641739,0.9114928387368127,0.09533127302042213,-1.626641738860852,2.1989896728334664,2.186309891063543,1.9826339942285451,2.175150379652096,0.19257801418031995
rank_shift_dormant,14,inclusive,3.0,2.1758466934406,2.0,0.19066254604084426,0.13300757839672597,0.6654294614641739,0.9114928387368127,0.09533127302042213,-1.626641738860852,2.1989896728334664,2.1736301092936197,1.9826339942285451,2.1751503796520963,0.19257801418031995
rank_shift_dormant,15,clean,0.0,0.0,0.0,0.0,0.11968378200419855,0.0,1.0,0.1595257549392578,0.037882093296705485,-0.0173769230569516,-0.0173769230569516,-0.01284305086096597,-0.012843050860965988,0.0
rank_shift_dormant,15,clean,0.0,0.0,1.0,0.1595257549392578,0.11968378200419855,0.0,1.0,0.1595257549392578,0.037882093296705485,-0.0173769230569516,-0.03646956873515694,-0.01284305086096597,-0.012843050860965995,0.0
rank_shift_dormant,15,clean,0.0,0.0,2.0,0.3190515098785156,0.11968378200419855,0.0,1.0,0.1595257549392578,0.037882093296705485,-0.0173769230569516,-0.05556221441336225,-0.01284305086096597,-0.012843050860965974,0.0
rank_shift_dormant,15,clean,1.0,0.9034869991821064,0.0,0.0,0.11968378200419855,0.0,1.0,0.1595257549392578,0.037882093296705485,0.8861100761251548,0.8861100761251548,0.8906439483211404,0.8906439483211404,0.0
rank_shift_dormant,15,clean,1.0,0.9034869991821064,1.0,0.1595257549392578,0.11968378200419855,0.0,1.0,0.1595257549392578,0.037882093296705485,0.8861100761251548,0.8670174304469496,0.8906439483211404,0.8906439483211405,0.0
rank_shift_dormant,15,clean,1.0,0.9034869991821064,2.0,0.3190515098785156,0.11968378200419855,0.0,1.0,0.1595257549392578,0.037882093296705485,0.8861100761251548,0.8479247847687441,0.8906439483211404,0.8906439483211404,0.0
rank_shift_dormant,15,clean,3.0,2.710460997546319,0.0,0.0,0.11968378200419855,0.0,1.0,0.1595257549392578,0.037882093296705485,2.6930840744893674,2.6930840744893674,2.697617946685353,2.697617946685353,0.0
rank_shift_dormant,15,clean,3.0,2.710460997546319,1.0,0.1595257549392578,0.11968378200419855,0.0,1.0,0.1595257549392578,0.037882093296705485,2.6930840744893674,2.673991428811162,2.697617946685353,2.697617946685353,0.0
rank_shift_dormant,15,clean,3.0,2.710460997546319,2.0,0.3190515098785156,0.11968378200419855,0.0,1.0,0.1595257549392578,0.037882093296705485,2.6930840744893674,2.654898783132957,2.697617946685353,2.6976179466853534,0.0
rank_shift_dormant,15,inclusive,0.0,0.0,0.0,0.0,0.11968378200419855,0.05482887842173903,0.9934378724674379,0.1605173033178378,0.03770905217245583,-0.0173769230569516,-0.0173769230569516,-0.012863761077158453,-0.01294873230996142,0.0
rank_shift_dormant,15,inclusive,0.0,0.0,1.0,0.1605173033178378,0.11968378200419855,0.05482887842173903,0.9934378724674379,0.1605173033178378,0.03770905217245583,-0.0173769230569516,-0.03658824099514553,-0.012863761077158453,-0.012948732309961433,0.0
rank_shift_dormant,15,inclusive,0.0,0.0,2.0,0.3210346066356756,0.11968378200419855,0.05482887842173903,0.9934378724674379,0.1605173033178378,0.03770905217245583,-0.0173769230569516,-0.05579955893333945,-0.012863761077158453,-0.01294873230996144,0.0
rank_shift_dormant,15,inclusive,1.0,0.9034869991821064,0.0,0.0,0.11968378200419855,0.05482887842173903,0.9934378724674379,0.1605173033178378,-0.011828126661321669,0.8861100761251548,0.8861100761251548,0.8846944411923031,0.890538266872145,0.00592879691264483
rank_shift_dormant,15,inclusive,1.0,0.9034869991821064,1.0,0.1605173033178378,0.11968378200419855,0.05482887842173903,0.9934378724674379,0.1605173033178378,-0.011828126661321669,0.8861100761251548,0.8668987581869609,0.8846944411923031,0.890538266872145,0.00592879691264483
rank_shift_dormant,15,inclusive,1.0,0.9034869991821064,2.0,0.3210346066356756,0.11968378200419855,0.05482887842173903,0.9934378724674379,0.1605173033178378,-0.011828126661321669,0.8861100761251548,0.8476874402487671,0.8846944411923031,0.8905382668721451,0.00592879691264483
rank_shift_dormant,15,inclusive,3.0,2.710460997546319,0.0,0.0,0.11968378200419855,0.05482887842173903,0.9934378724674379,0.1605173033178378,-0.11090248432887684,2.6930840744893674,2.6930840744893674,2.6798108457312266,2.6975122652363575,0.017786390737934487
rank_shift_dormant,15,inclusive,3.0,2.710460997546319,1.0,0.1605173033178378,0.11968378200419855,0.05482887842173903,0.9934378724674379,0.1605173033178378,-0.11090248432887684,2.6930840744893674,2.6738727565511735,2.6798108457312266,2.6975122652363575,0.017786390737934487
rank_shift_dormant,15,inclusive,3.0,2.710460997546319,2.0,0.3210346066356756,0.11968378200419855,0.05482887842173903,0.9934378724674379,0.1605173033178378,-0.11090248432887684,2.6930840744893674,2.6546614386129797,2.6798108457312266,2.6975122652363575,0.017786390737934487
rank_shift_dormant,16,clean,0.0,0.0,0.0,0.0,0.1412888317428558,0.0,1.0,0.04670964595432148,-0.040709079446559146,0.08250194689879009,0.08250194689879009,0.07675020862245863,0.07675020862245864,0.0
rank_shift_dormant,16,clean,0.0,0.0,1.0,0.04670964595432148,0.1412888317428558,0.0,1.0,0.04670964595432148,-0.040709079446559146,0.08250194689879009,0.07590239559078157,0.07675020862245863,0.07675020862245863,0.0
rank_shift_dormant,16,clean,0.0,0.0,2.0,0.09341929190864295,0.1412888317428558,0.0,1.0,0.04670964595432148,-0.040709079446559146,0.08250194689879009,0.06930284428277309,0.07675020862245863,0.07675020862245863,0.0
rank_shift_dormant,16,clean,1.0,0.7948447533762917,0.0,0.0,0.1412888317428558,0.0,1.0,0.04670964595432148,-0.040709079446559146,0.8773467002750817,0.8773467002750817,0.8715949619987503,0.8715949619987502,0.0
rank_shift_dormant,16,clean,1.0,0.7948447533762917,1.0,0.04670964595432148,0.1412888317428558,0.0,1.0,0.04670964595432148,-0.040709079446559146,0.8773467002750817,0.8707471489670733,0.8715949619987503,0.8715949619987503,0.0
rank_shift_dormant,16,clean,1.0,0.7948447533762917,2.0,0.09341929190864295,0.1412888317428558,0.0,1.0,0.04670964595432148,-0.040709079446559146,0.8773467002750817,0.8641475976590647,0.8715949619987503,0.8715949619987502,0.0
rank_shift_dormant,16,clean,3.0,2.3845342601288753,0.0,0.0,0.1412888317428558,0.0,1.0,0.04670964595432148,-0.040709079446559146,2.4670362070276655,2.4670362070276655,2.4612844687513338,2.461284468751334,0.0
rank_shift_dormant,16,clean,3.0,2.3845342601288753,1.0,0.04670964595432148,0.1412888317428558,0.0,1.0,0.04670964595432148,-0.040709079446559146,2.4670362070276655,2.460436655719657,2.4612844687513338,2.4612844687513338,0.0
rank_shift_dormant,16,clean,3.0,2.3845342601288753,2.0,0.09341929190864295,0.1412888317428558,0.0,1.0,0.04670964595432148,-0.040709079446559146,2.4670362070276655,2.4538371044116483,2.4612844687513338,2.4612844687513338,0.0
rank_shift_dormant,16,inclusive,0.0,0.0,0.0,0.0,0.1412888317428558,0.47372357789567476,0.9330681491100744,0.04643346963596411,-0.07455351560742342,0.08250194689879009,0.08250194689879009,0.07196836777629445,0.07713088035952703,0.0
rank_shift_dormant,16,inclusive,0.0,0.0,1.0,0.04643346963596411,0.1412888317428558,0.47372357789567476,0.9330681491100744,0.04643346963596411,-0.07455351560742342,0.08250194689879009,0.07594141622015735,0.07196836777629445,0.07713088035952702,0.0
rank_shift_dormant,16,inclusive,0.0,0.0,2.0,0.09286693927192823,0.1412888317428558,0.47372357789567476,0.9330681491100744,0.04643346963596411,-0.07455351560742342,0.08250194689879009,0.06938088554152462,0.07196836777629445,0.07713088035952703,0.0
rank_shift_dormant,16,inclusive,1.0,0.7948447533762917,0.0,0.0,0.1412888317428558,0.47372357789567476,0.9330681491100744,0.04643346963596411,-0.4510902160484454,0.8773467002750817,0.8773467002750817,0.8136126906389644,0.8719756337358187,0.05320043051362167
rank_shift_dormant,16,inclusive,1.0,0.7948447533762917,1.0,0.04643346963596411,0.1412888317428558,0.47372357789567476,0.9330681491100744,0.04643346963596411,-0.4510902160484454,0.8773467002750817,0.870786169596449,0.8136126906389644,0.8719756337358187,0.05320043051362167
rank_shift_dormant,16,inclusive,1.0,0.7948447533762917,2.0,0.09286693927192823,0.1412888317428558,0.47372357789567476,0.9330681491100744,0.04643346963596411,-0.4510902160484454,0.8773467002750817,0.8642256389178161,0.8136126906389644,0.8719756337358185,0.05320043051362167
rank_shift_dormant,16,inclusive,3.0,2.3845342601288753,0.0,0.0,0.1412888317428558,0.47372357789567476,0.9330681491100744,0.04643346963596411,-1.2041636169304901,2.4670362070276655,2.4670362070276655,2.2969013363643045,2.4616651404884022,0.15960129154086503
rank_shift_dormant,16,inclusive,3.0,2.3845342601288753,1.0,0.04643346963596411,0.1412888317428558,0.47372357789567476,0.9330681491100744,0.04643346963596411,-1.2041636169304901,2.4670362070276655,2.4604756763490325,2.2969013363643045,2.4616651404884022,0.15960129154086503
rank_shift_dormant,16,inclusive,3.0,2.3845342601288753,2.0,0.09286693927192823,0.1412888317428558,0.47372357789567476,0.9330681491100744,0.04643346963596411,-1.2041636169304901,2.4670362070276655,2.4539151456703996,2.2969013363643045,2.461665140488402,0.15960129154086503
rank_shift_dormant,17,clean,0.0,0.0,0.0,0.0,0.12171933125000103,0.0,1.0,0.030792036852785917,0.005559747998444486,0.029987360606179403,0.029987360606179403,0.030664089414468597,0.030664089414468597,0.0
rank_shift_dormant,17,clean,0.0,0.0,1.0,0.030792036852785917,0.12171933125000103,0.0,1.0,0.030792036852785917,0.005559747998444486,0.029987360606179403,0.02623937447263288,0.030664089414468597,0.03066408941446856,0.0
rank_shift_dormant,17,clean,0.0,0.0,2.0,0.06158407370557183,0.12171933125000103,0.0,1.0,0.030792036852785917,0.005559747998444486,0.029987360606179403,0.02249138833908637,0.030664089414468597,0.03066408941446854,0.0
rank_shift_dormant,17,clean,1.0,1.0052113498472652,0.0,0.0,0.12171933125000103,0.0,1.0,0.030792036852785917,0.005559747998444486,1.0351987104534444,1.0351987104534444,1.0358754392617338,1.0358754392617335,0.0
rank_shift_dormant,17,clean,1.0,1.0052113498472652,1.0,0.030792036852785917,0.12171933125000103,0.0,1.0,0.030792036852785917,0.005559747998444486,1.0351987104534444,1.0314507243198983,1.0358754392617338,1.035875439261734,0.0
rank_shift_dormant,17,clean,1.0,1.0052113498472652,2.0,0.06158407370557183,0.12171933125000103,0.0,1.0,0.030792036852785917,0.005559747998444486,1.0351987104534444,1.027702738186352,1.0358754392617338,1.0358754392617342,0.0
rank_shift_dormant,17,clean,3.0,3.015634049541796,0.0,0.0,0.12171933125000103,0.0,1.0,0.030792036852785917,0.005559747998444486,3.0456214101479757,3.0456214101479757,3.046298138956265,3.046298138956265,0.0
rank_shift_dormant,17,clean,3.0,3.015634049541796,1.0,0.030792036852785917,0.12171933125000103,0.0,1.0,0.030792036852785917,0.005559747998444486,3.0456214101479757,3.0418734240144287,3.046298138956265,3.0462981389562644,0.0
rank_shift_dormant,17,clean,3.0,3.015634049541796,2.0,0.06158407370557183,0.12171933125000103,0.0,1.0,0.030792036852785917,0.005559747998444486,3.0456214101479757,3.0381254378808826,3.046298138956265,3.046298138956265,0.0
rank_shift_dormant,17,inclusive,0.0,0.0,0.0,0.0,0.12171933125000103,0.2897330619659228,0.9647338854564927,0.01737486584388716,-0.05892177712009339,0.029987360606179403,0.029987360606179403,0.022815441299060064,0.02364946607868367,0.0
rank_shift_dormant,17,inclusive,0.0,0.0,1.0,0.01737486584388716,0.12171933125000103,0.2897330619659228,0.9647338854564927,0.01737486584388716,-0.05892177712009339,0.029987360606179403,0.027872503555102967,0.022815441299060064,0.02364946607868366,0.0
rank_shift_dormant,17,inclusive,0.0,0.0,2.0,0.03474973168777432,0.12171933125000103,0.2897330619659228,0.9647338854564927,0.01737486584388716,-0.05892177712009339,0.029987360606179403,0.025757646504026545,0.022815441299060064,0.02364946607868367,0.0
rank_shift_dormant,17,inclusive,1.0,1.0052113498472652,0.0,0.0,0.12171933125000103,0.2897330619659228,0.9647338854564927,0.01737486584388716,-0.35016473943424,1.0351987104534444,1.0351987104534444,0.9925768925421778,1.0288608159259487,0.03544989860414718
rank_shift_dormant,17,inclusive,1.0,1.0052113498472652,1.0,0.01737486584388716,0.12171933125000103,0.2897330619659228,0.9647338854564927,0.01737486584388716,-0.35016473943424,1.0351987104534444,1.033083853402368,0.9925768925421778,1.0288608159259487,0.03544989860414718
rank_shift_dormant,17,inclusive,1.0,1.0052113498472652,2.0,0.03474973168777432,0.12171933125000103,0.2897330619659228,0.9647338854564927,0.01737486584388716,-0.35016473943424,1.0351987104534444,1.0309689963512916,0.9925768925421778,1.0288608159259487,0.03544989860414718
rank_shift_dormant,17,inclusive,3.0,3.015634049541796,0.0,0.0,0.12171933125000103,0.2897330619659228,0.9647338854564927,0.01737486584388716,-0.9326506640625334,3.0456214101479757,3.0456214101479757,2.9320997950284142,3.03928351562048,0.10634969581244154
rank_shift_dormant,17,inclusive,3.0,3.015634049541796,1.0,0.01737486584388716,0.12171933125000103,0.2897330619659228,0.9647338854564927,0.01737486584388716,-0.9326506640625334,3.0456214101479757,3.0435065530968988,2.9320997950284142,3.0392835156204794,0.10634969581244154
rank_shift_dormant,17,inclusive,3.0,3.015634049541796,2.0,0.03474973168777432,0.12171933125000103,0.2897330619659228,0.9647338854564927,0.01737486584388716,-0.9326506640625334,3.0456214101479757,3.0413916960458227,2.9320997950284142,3.03928351562048,0.10634969581244154
rank_shift_dormant,18,clean,0.0,0.0,0.0,0.0,0.11882789762666703,0.0,1.0,0.9079576833651483,1.6527316027573633,0.10996991322962646,0.10996991322962646,0.3063605349264357,0.3063605349264357,0.0
rank_shift_dormant,18,clean,0.0,0.0,1.0,0.9079576833651483,0.11882789762666703,0.0,1.0,0.9079576833651483,1.6527316027573633,0.10996991322962646,0.0020792105813668806,0.3063605349264357,0.3063605349264357,0.0
rank_shift_dormant,18,clean,0.0,0.0,2.0,1.8159153667302965,0.11882789762666703,0.0,1.0,0.9079576833651483,1.6527316027573633,0.10996991322962646,-0.10581149206689273,0.3063605349264357,0.30636053492643567,0.0
rank_shift_dormant,18,clean,1.0,0.5661445571850029,0.0,0.0,0.11882789762666703,0.0,1.0,0.9079576833651483,1.6527316027573633,0.6761144704146294,0.6761144704146294,0.8725050921114386,0.8725050921114387,0.0
rank_shift_dormant,18,clean,1.0,0.5661445571850029,1.0,0.9079576833651483,0.11882789762666703,0.0,1.0,0.9079576833651483,1.6527316027573633,0.6761144704146294,0.5682237677663698,0.8725050921114386,0.8725050921114387,0.0
rank_shift_dormant,18,clean,1.0,0.5661445571850029,2.0,1.8159153667302965,0.11882789762666703,0.0,1.0,0.9079576833651483,1.6527316027573633,0.6761144704146294,0.4603330651181102,0.8725050921114386,0.8725050921114386,0.0
rank_shift_dormant,18,clean,3.0,1.6984336715550086,0.0,0.0,0.11882789762666703,0.0,1.0,0.9079576833651483,1.6527316027573633,1.8084035847846347,1.8084035847846347,2.0047942064814444,2.004794206481444,0.0
rank_shift_dormant,18,clean,3.0,1.6984336715550086,1.0,0.9079576833651483,0.11882789762666703,0.0,1.0,0.9079576833651483,1.6527316027573633,1.8084035847846347,1.7005128821363755,2.0047942064814444,2.0047942064814444,0.0
rank_shift_dormant,18,clean,3.0,1.6984336715550086,2.0,1.8159153667302965,0.11882789762666703,0.0,1.0,0.9079576833651483,1.6527316027573633,1.8084035847846347,1.592622179488116,2.0047942064814444,2.0047942064814444,0.0
rank_shift_dormant,18,inclusive,0.0,0.0,0.0,0.0,0.11882789762666703,0.0,1.0,0.9079576833651483,1.6527316027573633,0.10996991322962646,0.10996991322962646,0.3063605349264357,0.3063605349264357,0.0
rank_shift_dormant,18,inclusive,0.0,0.0,1.0,0.9079576833651483,0.11882789762666703,0.0,1.0,0.9079576833651483,1.6527316027573633,0.10996991322962646,0.0020792105813668806,0.3063605349264357,0.3063605349264357,0.0
rank_shift_dormant,18,inclusive,0.0,0.0,2.0,1.8159153667302965,0.11882789762666703,0.0,1.0,0.9079576833651483,1.6527316027573633,0.10996991322962646,-0.10581149206689273,0.3063605349264357,0.30636053492643567,0.0
rank_shift_dormant,18,inclusive,1.0,0.5661445571850029,0.0,0.0,0.11882789762666703,0.0,1.0,0.9079576833651483,1.6527316027573633,0.6761144704146294,0.6761144704146294,0.8725050921114386,0.8725050921114387,0.0
rank_shift_dormant,18,inclusive,1.0,0.5661445571850029,1.0,0.9079576833651483,0.11882789762666703,0.0,1.0,0.9079576833651483,1.6527316027573633,0.6761144704146294,0.5682237677663698,0.8725050921114386,0.8725050921114387,0.0
rank_shift_dormant,18,inclusive,1.0,0.5661445571850029,2.0,1.8159153667302965,0.11882789762666703,0.0,1.0,0.9079576833651483,1.6527316027573633,0.6761144704146294,0.4603330651181102,0.8725050921114386,0.8725050921114386,0.0
rank_shift_dormant,18,inclusive,3.0,1.6984336715550086,0.0,0.0,0.11882789762666703,0.0,1.0,0.9079576833651483,1.6527316027573633,1.8084035847846347,1.8084035847846347,2.0047942064814444,2.004794206481444,0.0
rank_shift_dormant,18,inclusive,3.0,1.6984336715550086,1.0,0.9079576833651483,0.11882789762666703,0.0,1.0,0.9079576833651483,1.6527316027573633,1.8084035847846347,1.7005128821363755,2.0047942064814444,2.0047942064814444,0.0
rank_shift_dormant,18,inclusive,3.0,1.6984336715550086,2.0,1.8159153667302965,0.11882789762666703,0.0,1.0,0.9079576833651483,1.6527316027573633,1.8084035847846347,1.592622179488116,2.0047942064814444,2.0047942064814444,0.0
rank_shift_dormant,19,clean,0.0,0.0,0.0,0.0,0.1290617534907544,0.0,1.0,0.05071515291788673,-0.005488396541349416,-0.05160294125678762,-0.05160294125678762,-0.052311283338266824,-0.05231128333826677,0.0
rank_shift_dormant,19,clean,0.0,0.0,1.0,0.05071515291788673,0.1290617534907544,0.0,1.0,0.05071515291788673,-0.005488396541349416,-0.05160294125678762,-0.058148327820921886,-0.052311283338266824,-0.052311283338266824,0.0
rank_shift_dormant,19,clean,0.0,0.0,2.0,0.10143030583577346,0.1290617534907544,0.0,1.0,0.05071515291788673,-0.005488396541349416,-0.05160294125678762,-0.06469371438505611,-0.052311283338266824,-0.05231128333826684,0.0
rank_shift_dormant,19,clean,1.0,0.6381407956014125,0.0,0.0,0.1290617534907544,0.0,1.0,0.05071515291788673,-0.005488396541349416,0.5865378543446248,0.5865378543446248,0.5858295122631456,0.5858295122631456,0.0
rank_shift_dormant,19,clean,1.0,0.6381407956014125,1.0,0.05071515291788673,0.1290617534907544,0.0,1.0,0.05071515291788673,-0.005488396541349416,0.5865378543446248,0.5799924677804906,0.5858295122631456,0.5858295122631457,0.0
rank_shift_dormant,19,clean,1.0,0.6381407956014125,2.0,0.10143030583577346,0.1290617534907544,0.0,1.0,0.05071515291788673,-0.005488396541349416,0.5865378543446248,0.5734470812163563,0.5858295122631456,0.5858295122631456,0.0
rank_shift_dormant,19,clean,3.0,1.9144223868042374,0.0,0.0,0.1290617534907544,0.0,1.0,0.05071515291788673,-0.005488396541349416,1.86281944554745,1.86281944554745,1.8621111034659705,1.862111103465971,0.0
rank_shift_dormant,19,clean,3.0,1.9144223868042374,1.0,0.05071515291788673,0.1290617534907544,0.0,1.0,0.05071515291788673,-0.005488396541349416,1.86281944554745,1.8562740589833155,1.8621111034659705,1.8621111034659705,0.0
rank_shift_dormant,19,clean,3.0,1.9144223868042374,2.0,0.10143030583577346,0.1290617534907544,0.0,1.0,0.05071515291788673,-0.005488396541349416,1.86281944554745,1.8497286724191813,1.8621111034659705,1.8621111034659705,0.0
rank_shift_dormant,19,inclusive,0.0,0.0,0.0,0.0,0.1290617534907544,0.4875576586244824,0.9370749536500776,0.047021523490664796,0.037730760358552384,-0.05160294125678762,-0.05160294125678762,-0.04673334316437348,-0.04987151025895903,0.0
rank_shift_dormant,19,inclusive,0.0,0.0,1.0,0.047021523490664796,0.1290617534907544,0.4875576586244824,0.9370749536500776,0.047021523490664796,0.037730760358552384,-0.05160294125678762,-0.05767162153029953,-0.04673334316437348,-0.04987151025895904,0.0
rank_shift_dormant,19,inclusive,0.0,0.0,2.0,0.09404304698132959,0.1290617534907544,0.4875576586244824,0.9370749536500776,0.047021523490664796,0.037730760358552384,-0.05160294125678762,-0.06374030180381145,-0.04673334316437348,-0.04987151025895906,0.0
rank_shift_dormant,19,inclusive,1.0,0.6381407956014125,0.0,0.0,0.1290617534907544,0.4875576586244824,0.9370749536500776,0.047021523490664796,-0.2733996718176366,0.5865378543446248,0.5865378543446248,0.5512524132960437,0.5882692853424534,0.0401550391409952
rank_shift_dormant,19,inclusive,1.0,0.6381407956014125,1.0,0.047021523490664796,0.1290617534907544,0.4875576586244824,0.9370749536500776,0.047021523490664796,-0.2733996718176366,0.5865378543446248,0.580469174071113,0.5512524132960437,0.5882692853424535,0.0401550391409952
rank_shift_dormant,19,inclusive,1.0,0.6381407956014125,2.0,0.09404304698132959,0.1290617534907544,0.4875576586244824,0.9370749536500776,0.047021523490664796,-0.2733996718176366,0.5865378543446248,0.574400493797601,0.5512524132960437,0.5882692853424535,0.0401550391409952
rank_shift_dormant,19,inclusive,3.0,1.9144223868042374,0.0,0.0,0.1290617534907544,0.4875576586244824,0.9370749536500776,0.047021523490664796,-0.8956605361700147,1.86281944554745,1.86281944554745,1.747223926216878,1.8645508765452787,0.12046511742298559
rank_shift_dormant,19,inclusive,3.0,1.9144223868042374,1.0,0.047021523490664796,0.1290617534907544,0.4875576586244824,0.9370749536500776,0.047021523490664796,-0.8956605361700147,1.86281944554745,1.8567507652739377,1.747223926216878,1.864550876545278,0.12046511742298559
rank_shift_dormant,19,inclusive,3.0,1.9144223868042374,2.0,0.09404304698132959,0.1290617534907544,0.4875576586244824,0.9370749536500776,0.047021523490664796,-0.8956605361700147,1.86281944554745,1.850682085000426,1.747223926216878,1.8645508765452783,0.12046511742298559
rank_shift_dormant,20,clean,0.0,0.0,0.0,0.0,0.11862829195595524,0.0,1.0,0.46186683561418534,0.7680787769789559,0.17290910556850306,0.17290910556850306,0.2640249789691357,0.2640249789691357,0.0
rank_shift_dormant,20,clean,0.0,0.0,1.0,0.46186683561418534,0.11862829195595524,0.0,1.0,0.46186683561418534,0.7680787769789559,0.17290910556850306,0.11811863174849029,0.2640249789691357,0.2640249789691357,0.0
rank_shift_dormant,20,clean,0.0,0.0,2.0,0.9237336712283707,0.11862829195595524,0.0,1.0,0.46186683561418534,0.7680787769789559,0.17290910556850306,0.06332815792847751,0.2640249789691357,0.2640249789691357,0.0
rank_shift_dormant,20,clean,1.0,0.7416435192315172,0.0,0.0,0.11862829195595524,0.0,1.0,0.46186683561418534,0.7680787769789559,0.9145526248000202,0.9145526248000202,1.0056684982006527,1.0056684982006527,0.0
rank_shift_dormant,20,clean,1.0,0.7416435192315172,1.0,0.46186683561418534,0.11862829195595524,0.0,1.0,0.46186683561418534,0.7680787769789559,0.9145526248000202,0.8597621509800074,1.0056684982006527,1.0056684982006527,0.0
rank_shift_dormant,20,clean,1.0,0.7416435192315172,2.0,0.9237336712283707,0.11862829195595524,0.0,1.0,0.46186683561418534,0.7680787769789559,0.9145526248000202,0.8049716771599946,1.0056684982006527,1.0056684982006527,0.0
rank_shift_dormant,20,clean,3.0,2.2249305576945515,0.0,0.0,0.11862829195595524,0.0,1.0,0.46186683561418534,0.7680787769789559,2.3978396632630545,2.3978396632630545,2.4889555366636875,2.488955536663687,0.0
rank_shift_dormant,20,clean,3.0,2.2249305576945515,1.0,0.46186683561418534,0.11862829195595524,0.0,1.0,0.46186683561418534,0.7680787769789559,2.3978396632630545,2.343049189443042,2.4889555366636875,2.488955536663687,0.0
rank_shift_dormant,20,clean,3.0,2.2249305576945515,2.0,0.9237336712283707,0.11862829195595524,0.0,1.0,0.46186683561418534,0.7680787769789559,2.3978396632630545,2.288258715623029,2.4889555366636875,2.4889555366636875,0.0
rank_shift_dormant,20,inclusive,0.0,0.0,0.0,0.0,0.11862829195595524,0.0,1.0,0.46186685776034875,0.7680787780823264,0.17290910556850306,0.17290910556850306,0.26402497910002665,0.26402497910002665,0.0
rank_shift_dormant,20,inclusive,0.0,0.0,1.0,0.46186685776034875,0.11862829195595524,0.0,1.0,0.46186685776034875,0.7680787780823264,0.17290910556850306,0.11811862912132876,0.26402497910002665,0.26402497910002665,0.0
rank_shift_dormant,20,inclusive,0.0,0.0,2.0,0.9237337155206975,0.11862829195595524,0.0,1.0,0.46186685776034875,0.7680787780823264,0.17290910556850306,0.06332815267415443,0.26402497910002665,0.2640249791000266,0.0
rank_shift_dormant,20,inclusive,1.0,0.7416435192315172,0.0,0.0,0.11862829195595524,0.0,1.0,0.46186685776034875,0.7680787780823264,0.9145526248000202,0.9145526248000202,1.0056684983315438,1.0056684983315438,0.0
rank_shift_dormant,20,inclusive,1.0,0.7416435192315172,1.0,0.46186685776034875,0.11862829195595524,0.0,1.0,0.46186685776034875,0.7680787780823264,0.9145526248000202,0.859762148352846,1.0056684983315438,1.0056684983315438,0.0
rank_shift_dormant,20,inclusive,1.0,0.7416435192315172,2.0,0.9237337155206975,0.11862829195595524,0.0,1.0,0.46186685776034875,0.7680787780823264,0.9145526248000202,0.8049716719056716,1.0056684983315438,1.0056684983315438,0.0
rank_shift_dormant,20,inclusive,3.0,2.2249305576945515,0.0,0.0,0.11862829195595524,0.0,1.0,0.46186685776034875,0.7680787780823264,2.3978396632630545,2.3978396632630545,2.4889555367945784,2.488955536794578,0.0
rank_shift_dormant,20,inclusive,3.0,2.2249305576945515,1.0,0.46186685776034875,0.11862829195595524,0.0,1.0,0.46186685776034875,0.7680787780823264,2.3978396632630545,2.3430491868158807,2.4889555367945784,2.4889555367945784,0.0
rank_shift_dormant,20,inclusive,3.0,2.2249305576945515,2.0,0.9237337155206975,0.11862829195595524,0.0,1.0,0.46186685776034875,0.7680787780823264,2.3978396632630545,2.288258710368706,2.4889555367945784,2.4889555367945784,0.0
rank_shift_dormant,21,clean,0.0,0.0,0.0,0.0,0.11532579331194515,0.0,1.0,0.014068466429059507,0.012135613129347234,0.055261496229400076,0.055261496229400076,0.05666104544086893,0.056661045440868904,0.0
rank_shift_dormant,21,clean,0.0,0.0,1.0,0.014068466429059507,0.11532579331194515,0.0,1.0,0.014068466429059507,0.012135613129347234,0.055261496229400076,0.053639039177786355,0.05666104544086893,0.056661045440868925,0.0
rank_shift_dormant,21,clean,0.0,0.0,2.0,0.028136932858119013,0.11532579331194515,0.0,1.0,0.014068466429059507,0.012135613129347234,0.055261496229400076,0.05201658212617259,0.05666104544086893,0.056661045440868925,0.0
rank_shift_dormant,21,clean,1.0,0.9079211459607939,0.0,0.0,0.11532579331194515,0.0,1.0,0.014068466429059507,0.012135613129347234,0.9631826421901939,0.9631826421901939,0.9645821914016628,0.9645821914016627,0.0
rank_shift_dormant,21,clean,1.0,0.9079211459607939,1.0,0.014068466429059507,0.11532579331194515,0.0,1.0,0.014068466429059507,0.012135613129347234,0.9631826421901939,0.9615601851385802,0.9645821914016628,0.9645821914016628,0.0
rank_shift_dormant,21,clean,1.0,0.9079211459607939,2.0,0.028136932858119013,0.11532579331194515,0.0,1.0,0.014068466429059507,0.012135613129347234,0.9631826421901939,0.9599377280869664,0.9645821914016628,0.9645821914016628,0.0
rank_shift_dormant,21,clean,3.0,2.723763437882382,0.0,0.0,0.11532579331194515,0.0,1.0,0.014068466429059507,0.012135613129347234,2.7790249341117823,2.7790249341117823,2.7804244833232508,2.780424483323251,0.0
rank_shift_dormant,21,clean,3.0,2.723763437882382,1.0,0.014068466429059507,0.11532579331194515,0.0,1.0,0.014068466429059507,0.012135613129347234,2.7790249341117823,2.7774024770601686,2.7804244833232508,2.780424483323251,0.0
rank_shift_dormant,21,clean,3.0,2.723763437882382,2.0,0.028136932858119013,0.11532579331194515,0.0,1.0,0.014068466429059507,0.012135613129347234,2.7790249341117823,2.775780020008555,2.7804244833232508,2.780424483323251,0.0
rank_shift_dormant,21,inclusive,0.0,0.0,0.0,0.0,0.11532579331194515,0.17681622718381068,0.9796085283296019,0.022547051515318738,-0.018259277577993817,0.055261496229400076,0.055261496229400076,0.053155730557414925,0.05426221701852109,0.0
rank_shift_dormant,21,inclusive,0.0,0.0,1.0,0.022547051515318738,0.11532579331194515,0.17681622718381068,0.9796085283296019,0.022547051515318738,-0.018259277577993817,0.055261496229400076,0.052661239626550685,0.053155730557414925,0.054262217018521124,0.0
rank_shift_dormant,21,inclusive,0.0,0.0,2.0,0.045094103030637475,0.11532579331194515,0.17681622718381068,0.9796085283296019,0.022547051515318738,-0.018259277577993817,0.055261496229400076,0.05006098302370123,0.053155730557414925,0.0542622170185211,0.0
rank_shift_dormant,21,inclusive,1.0,0.9079211459607939,0.0,0.0,0.11532579331194515,0.17681622718381068,0.9796085283296019,0.022547051515318738,-0.1787944691871833,0.9631826421901939,0.9631826421901939,0.9425630281913937,0.962183362979315,0.018513848326814897
rank_shift_dormant,21,inclusive,1.0,0.9079211459607939,1.0,0.022547051515318738,0.11532579331194515,0.17681622718381068,0.9796085283296019,0.022547051515318738,-0.1787944691871833,0.9631826421901939,0.9605823855873444,0.9425630281913937,0.9621833629793148,0.018513848326814897
rank_shift_dormant,21,inclusive,1.0,0.9079211459607939,2.0,0.045094103030637475,0.11532579331194515,0.17681622718381068,0.9796085283296019,0.022547051515318738,-0.1787944691871833,0.9631826421901939,0.9579821289844952,0.9425630281913937,0.9621833629793151,0.018513848326814897
rank_shift_dormant,21,inclusive,3.0,2.723763437882382,0.0,0.0,0.11532579331194515,0.17681622718381068,0.9796085283296019,0.022547051515318738,-0.49986485240556233,2.7790249341117823,2.7790249341117823,2.7213776234593516,2.7780256549009033,0.055541544980444696
rank_shift_dormant,21,inclusive,3.0,2.723763437882382,1.0,0.022547051515318738,0.11532579331194515,0.17681622718381068,0.9796085283296019,0.022547051515318738,-0.49986485240556233,2.7790249341117823,2.7764246775089325,2.7213776234593516,2.778025654900903,0.055541544980444696
rank_shift_dormant,21,inclusive,3.0,2.723763437882382,2.0,0.045094103030637475,0.11532579331194515,0.17681622718381068,0.9796085283296019,0.022547051515318738,-0.49986485240556233,2.7790249341117823,2.773824420906083,2.7213776234593516,2.7780256549009033,0.055541544980444696
rank_shift_dormant,22,clean,0.0,0.0,0.0,0.0,0.14154212078518918,0.0,1.0,0.1877684547445827,-0.019449046747692645,0.09948453479073417,0.09948453479073417,0.09673167546681545,0.09673167546681546,0.0
rank_shift_dormant,22,clean,0.0,0.0,1.0,0.1877684547445827,0.14154212078518918,0.0,1.0,0.1877684547445827,-0.019449046747692645,0.09948453479073417,0.07290738948962808,0.09673167546681545,0.09673167546681542,0.0
rank_shift_dormant,22,clean,0.0,0.0,2.0,0.3755369094891654,0.14154212078518918,0.0,1.0,0.1877684547445827,-0.019449046747692645,0.09948453479073417,0.046330244188522066,0.09673167546681545,0.09673167546681546,0.0
rank_shift_dormant,22,clean,1.0,0.7968080857233247,0.0,0.0,0.14154212078518918,0.0,1.0,0.1877684547445827,-0.019449046747692645,0.8962926205140589,0.8962926205140589,0.8935397611901402,0.8935397611901402,0.0
rank_shift_dormant,22,clean,1.0,0.7968080857233247,1.0,0.1877684547445827,0.14154212078518918,0.0,1.0,0.1877684547445827,-0.019449046747692645,0.8962926205140589,0.869715475212953,0.8935397611901402,0.8935397611901403,0.0
rank_shift_dormant,22,clean,1.0,0.7968080857233247,2.0,0.3755369094891654,0.14154212078518918,0.0,1.0,0.1877684547445827,-0.019449046747692645,0.8962926205140589,0.8431383299118467,0.8935397611901402,0.8935397611901401,0.0
rank_shift_dormant,22,clean,3.0,2.390424257169974,0.0,0.0,0.14154212078518918,0.0,1.0,0.1877684547445827,-0.019449046747692645,2.489908791960709,2.489908791960709,2.4871559326367896,2.48715593263679,0.0
rank_shift_dormant,22,clean,3.0,2.390424257169974,1.0,0.1877684547445827,0.14154212078518918,0.0,1.0,0.1877684547445827,-0.019449046747692645,2.489908791960709,2.463331646659602,2.4871559326367896,2.4871559326367896,0.0
rank_shift_dormant,22,clean,3.0,2.390424257169974,2.0,0.3755369094891654,0.14154212078518918,0.0,1.0,0.1877684547445827,-0.019449046747692645,2.489908791960709,2.4367545013584957,2.4871559326367896,2.487155932636789,0.0
rank_shift_dormant,22,inclusive,0.0,0.0,0.0,0.0,0.14154212078518918,0.6942692787768789,0.9017316538859168,0.22860986368281744,-0.1765483720664322,0.09948453479073417,0.09948453479073417,0.07449550378727868,0.08261382803436947,0.0
rank_shift_dormant,22,inclusive,0.0,0.0,1.0,0.22860986368281744,0.14154212078518918,0.6942692787768789,0.9017316538859168,0.22860986368281744,-0.1765483720664322,0.09948453479073417,0.06712660985265516,0.07449550378727868,0.08261382803436942,0.0
rank_shift_dormant,22,inclusive,0.0,0.0,2.0,0.4572197273656349,0.14154212078518918,0.6942692787768789,0.9017316538859168,0.22860986368281744,-0.1765483720664322,0.09948453479073417,0.034768684914576166,0.07449550378727868,0.08261382803436942,0.0
rank_shift_dormant,22,inclusive,1.0,0.7968080857233247,0.0,0.0,0.14154212078518918,0.6942692787768789,0.9017316538859168,0.22860986368281744,-0.7297477470651506,0.8962926205140589,0.8962926205140589,0.7930025767562436,0.8794219137576942,0.07830101275435973
rank_shift_dormant,22,inclusive,1.0,0.7968080857233247,1.0,0.22860986368281744,0.14154212078518918,0.6942692787768789,0.9017316538859168,0.22860986368281744,-0.7297477470651506,0.8962926205140589,0.8639346955759798,0.7930025767562436,0.8794219137576941,0.07830101275435973
rank_shift_dormant,22,inclusive,1.0,0.7968080857233247,2.0,0.4572197273656349,0.14154212078518918,0.6942692787768789,0.9017316538859168,0.22860986368281744,-0.7297477470651506,0.8962926205140589,0.8315767706379009,0.7930025767562436,0.8794219137576942,0.07830101275435973
rank_shift_dormant,22,inclusive,3.0,2.390424257169974,0.0,0.0,0.14154212078518918,0.6942692787768789,0.9017316538859168,0.22860986368281744,-1.8361464970625865,2.489908791960709,2.489908791960709,2.230016722694174,2.4730380852043443,0.2349030382630792
rank_shift_dormant,22,inclusive,3.0,2.390424257169974,1.0,0.22860986368281744,0.14154212078518918,0.6942692787768789,0.9017316538859168,0.22860986368281744,-1.8361464970625865,2.489908791960709,2.4575508670226287,2.230016722694174,2.473038085204343,0.2349030382630792
rank_shift_dormant,22,inclusive,3.0,2.390424257169974,2.0,0.4572197273656349,0.14154212078518918,0.6942692787768789,0.9017316538859168,0.22860986368281744,-1.8361464970625865,2.489908791960709,2.425192942084551,2.230016722694174,2.4730380852043443,0.2349030382630792
rank_shift_dormant,23,clean,0.0,0.0,0.0,0.0,0.13095989835964011,0.0,1.0,0.055357508828635826,-0.05923178252621044,0.03009865355499642,0.03009865355499642,0.02234166533570358,0.022341665335703594,0.0
rank_shift_dormant,23,clean,0.0,0.0,1.0,0.055357508828635826,0.13095989835964011,0.0,1.0,0.055357508828635826,-0.05923178252621044,0.03009865355499642,0.022849039825355362,0.02234166533570358,0.022341665335703566,0.0
rank_shift_dormant,23,clean,0.0,0.0,2.0,0.11071501765727165,0.13095989835964011,0.0,1.0,0.055357508828635826,-0.05923178252621044,0.03009865355499642,0.015599426095714386,0.02234166533570358,0.022341665335703614,0.0
rank_shift_dormant,23,clean,1.0,0.665665955946328,0.0,0.0,0.13095989835964011,0.0,1.0,0.055357508828635826,-0.05923178252621044,0.6957646095013246,0.6957646095013246,0.6880076212820316,0.6880076212820317,0.0
rank_shift_dormant,23,clean,1.0,0.665665955946328,1.0,0.055357508828635826,0.13095989835964011,0.0,1.0,0.055357508828635826,-0.05923178252621044,0.6957646095013246,0.6885149957716835,0.6880076212820316,0.6880076212820317,0.0
rank_shift_dormant,23,clean,1.0,0.665665955946328,2.0,0.11071501765727165,0.13095989835964011,0.0,1.0,0.055357508828635826,-0.05923178252621044,0.6957646095013246,0.6812653820420425,0.6880076212820316,0.6880076212820316,0.0
rank_shift_dormant,23,clean,3.0,1.9969978678389841,0.0,0.0,0.13095989835964011,0.0,1.0,0.055357508828635826,-0.05923178252621044,2.027096521393981,2.027096521393981,2.019339533174688,2.0193395331746884,0.0
rank_shift_dormant,23,clean,3.0,1.9969978678389841,1.0,0.055357508828635826,0.13095989835964011,0.0,1.0,0.055357508828635826,-0.05923178252621044,2.027096521393981,2.01984690766434,2.019339533174688,2.019339533174688,0.0
rank_shift_dormant,23,clean,3.0,1.9969978678389841,2.0,0.11071501765727165,0.13095989835964011,0.0,1.0,0.055357508828635826,-0.05923178252621044,2.027096521393981,2.0125972939346988,2.019339533174688,2.019339533174688,0.0
rank_shift_dormant,23,inclusive,0.0,0.0,0.0,0.0,0.13095989835964011,0.3689204613273114,0.9516862138817838,0.060937284786643724,-0.058968388670263806,0.03009865355499642,0.03009865355499642,0.022376159368306912,0.023512118849592197,0.0
rank_shift_dormant,23,inclusive,0.0,0.0,1.0,0.060937284786643724,0.13095989835964011,0.3689204613273114,0.9516862138817838,0.060937284786643724,-0.058968388670263806,0.03009865355499642,0.022118312933025096,0.022376159368306912,0.023512118849592176,0.0
rank_shift_dormant,23,inclusive,0.0,0.0,2.0,0.12187456957328745,0.13095989835964011,0.3689204613273114,0.9516862138817838,0.060937284786643724,-0.058968388670263806,0.03009865355499642,0.014137972311053792,0.022376159368306912,0.023512118849592183,0.0
rank_shift_dormant,23,inclusive,1.0,0.665665955946328,0.0,0.0,0.13095989835964011,0.3689204613273114,0.9516862138817838,0.060937284786643724,-0.3045461802278689,0.6957646095013246,0.6957646095013246,0.6558812726928662,0.6891780747959203,0.03216084262176885
rank_shift_dormant,23,inclusive,1.0,0.665665955946328,1.0,0.060937284786643724,0.13095989835964011,0.3689204613273114,0.9516862138817838,0.060937284786643724,-0.3045461802278689,0.6957646095013246,0.6877842688793533,0.6558812726928662,0.6891780747959204,0.03216084262176885
rank_shift_dormant,23,inclusive,1.0,0.665665955946328,2.0,0.12187456957328745,0.13095989835964011,0.3689204613273114,0.9516862138817838,0.060937284786643724,-0.3045461802278689,0.6957646095013246,0.679803928257382,0.6558812726928662,0.6891780747959204,0.03216084262176885
rank_shift_dormant,23,inclusive,3.0,1.9969978678389841,0.0,0.0,0.13095989835964011,0.3689204613273114,0.9516862138817838,0.060937284786643724,-0.7957017633430791,2.027096521393981,2.027096521393981,1.9228914993419846,2.0205099866885767,0.09648252786530655
rank_shift_dormant,23,inclusive,3.0,1.9969978678389841,1.0,0.060937284786643724,0.13095989835964011,0.3689204613273114,0.9516862138817838,0.060937284786643724,-0.7957017633430791,2.027096521393981,2.0191161807720093,1.9228914993419846,2.0205099866885763,0.09648252786530655
rank_shift_dormant,23,inclusive,3.0,1.9969978678389841,2.0,0.12187456957328745,0.13095989835964011,0.3689204613273114,0.9516862138817838,0.060937284786643724,-0.7957017633430791,2.027096521393981,2.011135840150038,1.9228914993419846,2.0205099866885763,0.09648252786530655
rank_shift_dormant,24,clean,0.0,0.0,0.0,0.0,0.13099381454378195,0.0,1.0,0.23495973579749654,0.12327281213968273,-0.09493345100318057,-0.09493345100318057,-0.0787854751114645,-0.0787854751114645,0.0
rank_shift_dormant,24,clean,0.0,0.0,1.0,0.23495973579749654,0.13099381454378195,0.0,1.0,0.23495973579749654,0.12327281213968273,-0.09493345100318057,-0.12571172305949382,-0.0787854751114645,-0.07878547511146448,0.0
rank_shift_dormant,24,clean,0.0,0.0,2.0,0.4699194715949931,0.13099381454378195,0.0,1.0,0.23495973579749654,0.12327281213968273,-0.09493345100318057,-0.15648999511580708,-0.0787854751114645,-0.07878547511146447,0.0
rank_shift_dormant,24,clean,1.0,0.8055249257737707,0.0,0.0,0.13099381454378195,0.0,1.0,0.23495973579749654,0.12327281213968273,0.71059147477059,0.71059147477059,0.7267394506623062,0.7267394506623062,0.0
rank_shift_dormant,24,clean,1.0,0.8055249257737707,1.0,0.23495973579749654,0.13099381454378195,0.0,1.0,0.23495973579749654,0.12327281213968273,0.71059147477059,0.6798132027142768,0.7267394506623062,0.7267394506623062,0.0
rank_shift_dormant,24,clean,1.0,0.8055249257737707,2.0,0.4699194715949931,0.13099381454378195,0.0,1.0,0.23495973579749654,0.12327281213968273,0.71059147477059,0.6490349306579636,0.7267394506623062,0.7267394506623062,0.0
rank_shift_dormant,24,clean,3.0,2.416574777321312,0.0,0.0,0.13099381454378195,0.0,1.0,0.23495973579749654,0.12327281213968273,2.3216413263181312,2.3216413263181312,2.337789302209847,2.3377893022098473,0.0
rank_shift_dormant,24,clean,3.0,2.416574777321312,1.0,0.23495973579749654,0.13099381454378195,0.0,1.0,0.23495973579749654,0.12327281213968273,2.3216413263181312,2.2908630542618176,2.337789302209847,2.337789302209847,0.0
rank_shift_dormant,24,clean,3.0,2.416574777321312,2.0,0.4699194715949931,0.13099381454378195,0.0,1.0,0.23495973579749654,0.12327281213968273,2.3216413263181312,2.260084782205505,2.337789302209847,2.3377893022098473,0.0
rank_shift_dormant,24,inclusive,0.0,0.0,0.0,0.0,0.13099381454378195,0.0,1.0,0.2349597390996374,0.12327277864270511,-0.09493345100318057,-0.09493345100318057,-0.07878547949936138,-0.07878547949936138,0.0
rank_shift_dormant,24,inclusive,0.0,0.0,1.0,0.2349597390996374,0.13099381454378195,0.0,1.0,0.2349597390996374,0.12327277864270511,-0.09493345100318057,-0.12571172349205387,-0.07878547949936138,-0.07878547949936138,0.0
rank_shift_dormant,24,inclusive,0.0,0.0,2.0,0.4699194781992748,0.13099381454378195,0.0,1.0,0.2349597390996374,0.12327277864270511,-0.09493345100318057,-0.15648999598092717,-0.07878547949936138,-0.07878547949936139,0.0
rank_shift_dormant,24,inclusive,1.0,0.8055249257737707,0.0,0.0,0.13099381454378195,0.0,1.0,0.2349597390996374,0.12327277864270511,0.71059147477059,0.71059147477059,0.7267394462744092,0.7267394462744092,0.0
rank_shift_dormant,24,inclusive,1.0,0.8055249257737707,1.0,0.2349597390996374,0.13099381454378195,0.0,1.0,0.2349597390996374,0.12327277864270511,0.71059147477059,0.6798132022817167,0.7267394462744092,0.7267394462744092,0.0
rank_shift_dormant,24,inclusive,1.0,0.8055249257737707,2.0,0.4699194781992748,0.13099381454378195,0.0,1.0,0.2349597390996374,0.12327277864270511,0.71059147477059,0.6490349297928434,0.7267394462744092,0.7267394462744091,0.0
rank_shift_dormant,24,inclusive,3.0,2.416574777321312,0.0,0.0,0.13099381454378195,0.0,1.0,0.2349597390996374,0.12327277864270511,2.3216413263181312,2.3216413263181312,2.3377892978219506,2.3377892978219506,0.0
rank_shift_dormant,24,inclusive,3.0,2.416574777321312,1.0,0.2349597390996374,0.13099381454378195,0.0,1.0,0.2349597390996374,0.12327277864270511,2.3216413263181312,2.2908630538292583,2.3377892978219506,2.3377892978219506,0.0
rank_shift_dormant,24,inclusive,3.0,2.416574777321312,2.0,0.4699194781992748,0.13099381454378195,0.0,1.0,0.2349597390996374,0.12327277864270511,2.3216413263181312,2.260084781340385,2.3377892978219506,2.3377892978219506,0.0
rank_shift_dormant,25,clean,0.0,0.0,0.0,0.0,0.1310426897079031,0.0,1.0,0.3837243892044861,-0.30612390405120704,-0.080710311476925,-0.080710311476925,-0.12082561124767925,-0.12082561124767922,0.0
rank_shift_dormant,25,clean,0.0,0.0,1.0,0.3837243892044861,0.1310426897079031,0.0,1.0,0.3837243892044861,-0.30612390405120704,-0.080710311476925,-0.13099458754480314,-0.12082561124767925,-0.12082561124767927,0.0
rank_shift_dormant,25,clean,0.0,0.0,2.0,0.7674487784089722,0.1310426897079031,0.0,1.0,0.3837243892044861,-0.30612390405120704,-0.080710311476925,-0.18127886361268125,-0.12082561124767925,-0.12082561124767925,0.0
rank_shift_dormant,25,clean,1.0,0.7804702685493382,0.0,0.0,0.1310426897079031,0.0,1.0,0.3837243892044861,-0.30612390405120704,0.6997599570724131,0.6997599570724131,0.6596446573016589,0.6596446573016589,0.0
rank_shift_dormant,25,clean,1.0,0.7804702685493382,1.0,0.3837243892044861,0.1310426897079031,0.0,1.0,0.3837243892044861,-0.30612390405120704,0.6997599570724131,0.6494756810045351,0.6596446573016589,0.659644657301659,0.0
rank_shift_dormant,25,clean,1.0,0.7804702685493382,2.0,0.7674487784089722,0.1310426897079031,0.0,1.0,0.3837243892044861,-0.30612390405120704,0.6997599570724131,0.5991914049366568,0.6596446573016589,0.6596446573016588,0.0
rank_shift_dormant,25,clean,3.0,2.3414108056480147,0.0,0.0,0.1310426897079031,0.0,1.0,0.3837243892044861,-0.30612390405120704,2.260700494171089,2.260700494171089,2.2205851944003356,2.2205851944003347,0.0
rank_shift_dormant,25,clean,3.0,2.3414108056480147,1.0,0.3837243892044861,0.1310426897079031,0.0,1.0,0.3837243892044861,-0.30612390405120704,2.260700494171089,2.2104162181032114,2.2205851944003356,2.220585194400335,0.0
rank_shift_dormant,25,clean,3.0,2.3414108056480147,2.0,0.7674487784089722,0.1310426897079031,0.0,1.0,0.3837243892044861,-0.30612390405120704,2.260700494171089,2.1601319420353335,2.2205851944003356,2.2205851944003356,0.0
rank_shift_dormant,25,inclusive,0.0,0.0,0.0,0.0,0.1310426897079031,0.0,1.0,0.38372439072626846,-0.30612390376372023,-0.080710311476925,-0.080710311476925,-0.1208256112100062,-0.12082561121000618,0.0
rank_shift_dormant,25,inclusive,0.0,0.0,1.0,0.38372439072626846,0.1310426897079031,0.0,1.0,0.38372439072626846,-0.30612390376372023,-0.080710311476925,-0.1309945877442216,-0.1208256112100062,-0.1208256112100062,0.0
rank_shift_dormant,25,inclusive,0.0,0.0,2.0,0.7674487814525369,0.1310426897079031,0.0,1.0,0.38372439072626846,-0.30612390376372023,-0.080710311476925,-0.18127886401151813,-0.1208256112100062,-0.12082561121000618,0.0
rank_shift_dormant,25,inclusive,1.0,0.7804702685493382,0.0,0.0,0.1310426897079031,0.0,1.0,0.38372439072626846,-0.30612390376372023,0.6997599570724131,0.6997599570724131,0.659644657339332,0.659644657339332,0.0
rank_shift_dormant,25,inclusive,1.0,0.7804702685493382,1.0,0.38372439072626846,0.1310426897079031,0.0,1.0,0.38372439072626846,-0.30612390376372023,0.6997599570724131,0.6494756808051165,0.659644657339332,0.659644657339332,0.0
rank_shift_dormant,25,inclusive,1.0,0.7804702685493382,2.0,0.7674487814525369,0.1310426897079031,0.0,1.0,0.38372439072626846,-0.30612390376372023,0.6997599570724131,0.5991914045378202,0.659644657339332,0.6596446573393321,0.0
rank_shift_dormant,25,inclusive,3.0,2.3414108056480147,0.0,0.0,0.1310426897079031,0.0,1.0,0.38372439072626846,-0.30612390376372023,2.260700494171089,2.260700494171089,2.2205851944380086,2.2205851944380077,0.0
rank_shift_dormant,25,inclusive,3.0,2.3414108056480147,1.0,0.38372439072626846,0.1310426897079031,0.0,1.0,0.38372439072626846,-0.30612390376372023,2.260700494171089,2.210416217903793,2.2205851944380086,2.2205851944380086,0.0
rank_shift_dormant,25,inclusive,3.0,2.3414108056480147,2.0,0.7674487814525369,0.1310426897079031,0.0,1.0,0.38372439072626846,-0.30612390376372023,2.260700494171089,2.1601319416364966,2.2205851944380086,2.2205851944380086,0.0
rank_shift_dormant,26,clean,0.0,0.0,0.0,0.0,0.12638196649235747,0.0,1.0,0.2793604834256125,0.09443967087028972,-0.029120229345491994,-0.029120229345491994,-0.01718475802601374,-0.01718475802601377,0.0
rank_shift_dormant,26,clean,0.0,0.0,1.0,0.2793604834256125,0.12638196649235747,0.0,1.0,0.2793604834256125,0.09443967087028972,-0.029120229345491994,-0.06442635660107657,-0.01718475802601374,-0.01718475802601379,0.0
rank_shift_dormant,26,clean,0.0,0.0,2.0,0.558720966851225,0.12638196649235747,0.0,1.0,0.2793604834256125,0.09443967087028972,-0.029120229345491994,-0.09973248385666109,-0.01718475802601374,-0.01718475802601378,0.0
rank_shift_dormant,26,clean,1.0,0.9202558093163745,0.0,0.0,0.12638196649235747,0.0,1.0,0.2793604834256125,0.09443967087028972,0.8911355799708826,0.8911355799708826,0.9030710512903605,0.9030710512903608,0.0
rank_shift_dormant,26,clean,1.0,0.9202558093163745,1.0,0.2793604834256125,0.12638196649235747,0.0,1.0,0.2793604834256125,0.09443967087028972,0.8911355799708826,0.8558294527152979,0.9030710512903605,0.9030710512903607,0.0
rank_shift_dormant,26,clean,1.0,0.9202558093163745,2.0,0.558720966851225,0.12638196649235747,0.0,1.0,0.2793604834256125,0.09443967087028972,0.8911355799708826,0.8205233254597134,0.9030710512903605,0.9030710512903607,0.0
rank_shift_dormant,26,clean,3.0,2.7607674279491237,0.0,0.0,0.12638196649235747,0.0,1.0,0.2793604834256125,0.09443967087028972,2.7316471986036315,2.7316471986036315,2.7435826699231103,2.74358266992311,0.0
rank_shift_dormant,26,clean,3.0,2.7607674279491237,1.0,0.2793604834256125,0.12638196649235747,0.0,1.0,0.2793604834256125,0.09443967087028972,2.7316471986036315,2.696341071348047,2.7435826699231103,2.74358266992311,0.0
rank_shift_dormant,26,clean,3.0,2.7607674279491237,2.0,0.558720966851225,0.12638196649235747,0.0,1.0,0.2793604834256125,0.09443967087028972,2.7316471986036315,2.6610349440924628,2.7435826699231103,2.7435826699231103,0.0
rank_shift_dormant,26,inclusive,0.0,0.0,0.0,0.0,0.12638196649235747,0.35030564860760205,0.9557276832555905,0.24096943239640753,0.10088765575323047,-0.029120229345491994,-0.029120229345491994,-0.016369849016594752,-0.01712815198659149,0.0
rank_shift_dormant,26,inclusive,0.0,0.0,1.0,0.24096943239640753,0.12638196649235747,0.35030564860760205,0.9557276832555905,0.24096943239640753,0.10088765575323047,-0.029120229345491994,-0.05957442007629719,-0.016369849016594752,-0.01712815198659151,0.0
rank_shift_dormant,26,inclusive,0.0,0.0,2.0,0.48193886479281506,0.12638196649235747,0.35030564860760205,0.9557276832555905,0.24096943239640753,0.10088765575323047,-0.029120229345491994,-0.09002861080710237,-0.016369849016594752,-0.017128151986591525,0.0
rank_shift_dormant,26,inclusive,1.0,0.9202558093163745,0.0,0.0,0.12638196649235747,0.35030564860760205,0.9557276832555905,0.24096943239640753,-0.2214831524142559,0.8911355799708826,0.8911355799708826,0.8631441036238423,0.9031276573297831,0.04074185667593745
rank_shift_dormant,26,inclusive,1.0,0.9202558093163745,1.0,0.24096943239640753,0.12638196649235747,0.35030564860760205,0.9557276832555905,0.24096943239640753,-0.2214831524142559,0.8911355799708826,0.8606813892400774,0.8631441036238423,0.9031276573297831,0.04074185667593745
rank_shift_dormant,26,inclusive,1.0,0.9202558093163745,2.0,0.48193886479281506,0.12638196649235747,0.35030564860760205,0.9557276832555905,0.24096943239640753,-0.2214831524142559,0.8911355799708826,0.8302271985092722,0.8631441036238423,0.9031276573297831,0.04074185667593745
rank_shift_dormant,26,inclusive,3.0,2.7607674279491237,0.0,0.0,0.12638196649235747,0.35030564860760205,0.9557276832555905,0.24096943239640753,-0.8662247687492286,2.7316471986036315,2.7316471986036315,2.622172008904717,2.743639275962532,0.12222557002781237
rank_shift_dormant,26,inclusive,3.0,2.7607674279491237,1.0,0.24096943239640753,0.12638196649235747,0.35030564860760205,0.9557276832555905,0.24096943239640753,-0.8662247687492286,2.7316471986036315,2.701193007872827,2.622172008904717,2.7436392759625323,0.12222557002781237
rank_shift_dormant,26,inclusive,3.0,2.7607674279491237,2.0,0.48193886479281506,0.12638196649235747,0.35030564860760205,0.9557276832555905,0.24096943239640753,-0.8662247687492286,2.7316471986036315,2.6707388171420217,2.622172008904717,2.7436392759625323,0.12222557002781237
rank_shift_dormant,27,clean,0.0,0.0,0.0,0.0,0.12944551792890227,0.0,1.0,0.08505904561650729,0.07027775656237718,-0.04768286685321048,-0.04768286685321048,-0.03858572625611225,-0.03858572625611226,0.0
rank_shift_dormant,27,clean,0.0,0.0,1.0,0.08505904561650729,0.12944551792890227,0.0,1.0,0.08505904561650729,0.07027775656237718,-0.04768286685321048,-0.05869337906757738,-0.03858572625611225,-0.03858572625611225,0.0
rank_shift_dormant,27,clean,0.0,0.0,2.0,0.17011809123301458,0.12944551792890227,0.0,1.0,0.08505904561650729,0.07027775656237718,-0.04768286685321048,-0.06970389128194432,-0.03858572625611225,-0.03858572625611227,0.0
rank_shift_dormant,27,clean,1.0,0.9374179878260742,0.0,0.0,0.12944551792890227,0.0,1.0,0.08505904561650729,0.07027775656237718,0.8897351209728637,0.8897351209728637,0.898832261569962,0.8988322615699619,0.0
rank_shift_dormant,27,clean,1.0,0.9374179878260742,1.0,0.08505904561650729,0.12944551792890227,0.0,1.0,0.08505904561650729,0.07027775656237718,0.8897351209728637,0.8787246087584968,0.898832261569962,0.8988322615699619,0.0
rank_shift_dormant,27,clean,1.0,0.9374179878260742,2.0,0.17011809123301458,0.12944551792890227,0.0,1.0,0.08505904561650729,0.07027775656237718,0.8897351209728637,0.86771409654413,0.898832261569962,0.8988322615699621,0.0
rank_shift_dormant,27,clean,3.0,2.8122539634782227,0.0,0.0,0.12944551792890227,0.0,1.0,0.08505904561650729,0.07027775656237718,2.764571096625012,2.764571096625012,2.77366823722211,2.77366823722211,0.0
rank_shift_dormant,27,clean,3.0,2.8122539634782227,1.0,0.08505904561650729,0.12944551792890227,0.0,1.0,0.08505904561650729,0.07027775656237718,2.764571096625012,2.7535605844106454,2.77366823722211,2.7736682372221106,0.0
rank_shift_dormant,27,clean,3.0,2.8122539634782227,2.0,0.17011809123301458,0.12944551792890227,0.0,1.0,0.08505904561650729,0.07027775656237718,2.764571096625012,2.7425500721962783,2.77366823722211,2.77366823722211,0.0
rank_shift_dormant,27,inclusive,0.0,0.0,0.0,0.0,0.12944551792890227,0.15672004060393063,0.9797132931741857,0.08946349224357483,0.08821904937942106,-0.04768286685321048,-0.04768286685321048,-0.036263306315095924,-0.03701420259146017,0.0
rank_shift_dormant,27,inclusive,0.0,0.0,1.0,0.08946349224357483,0.12944551792890227,0.15672004060393063,0.9797132931741857,0.08946349224357483,0.08821904937942106,-0.04768286685321048,-0.05926351494240837,-0.036263306315095924,-0.03701420259146018,0.0
rank_shift_dormant,27,inclusive,0.0,0.0,2.0,0.17892698448714967,0.12944551792890227,0.15672004060393063,0.9797132931741857,0.08946349224357483,0.08821904937942106,-0.04768286685321048,-0.07084416303160622,-0.036263306315095924,-0.03701420259146015,0.0
rank_shift_dormant,27,inclusive,1.0,0.9374179878260742,0.0,0.0,0.12944551792890227,0.15672004060393063,0.9797132931741857,0.08946349224357483,-0.05869313573553627,0.8897351209728637,0.8897351209728637,0.8821375576187058,0.900403785234614,0.019017123892272416
rank_shift_dormant,27,inclusive,1.0,0.9374179878260742,1.0,0.08946349224357483,0.12944551792890227,0.15672004060393063,0.9797132931741857,0.08946349224357483,-0.05869313573553627,0.8897351209728637,0.8781544728836659,0.8821375576187058,0.9004037852346141,0.019017123892272416
rank_shift_dormant,27,inclusive,1.0,0.9374179878260742,2.0,0.17892698448714967,0.12944551792890227,0.15672004060393063,0.9797132931741857,0.08946349224357483,-0.05869313573553627,0.8897351209728637,0.8665738247944681,0.8821375576187058,0.9004037852346142,0.019017123892272416
rank_shift_dormant,27,inclusive,3.0,2.8122539634782227,0.0,0.0,0.12944551792890227,0.15672004060393063,0.9797132931741857,0.08946349224357483,-0.35251750596545084,2.764571096625012,2.764571096625012,2.7189392854863095,2.7752397608867625,0.057051371676817245
rank_shift_dormant,27,inclusive,3.0,2.8122539634782227,1.0,0.08946349224357483,0.12944551792890227,0.15672004060393063,0.9797132931741857,0.08946349224357483,-0.35251750596545084,2.764571096625012,2.7529904485358143,2.7189392854863095,2.7752397608867625,0.057051371676817245
rank_shift_dormant,27,inclusive,3.0,2.8122539634782227,2.0,0.17892698448714967,0.12944551792890227,0.15672004060393063,0.9797132931741857,0.08946349224357483,-0.35251750596545084,2.764571096625012,2.7414098004466165,2.7189392854863095,2.7752397608867625,0.057051371676817245
rank_shift_dormant,28,clean,0.0,0.0,0.0,0.0,0.1100496013276061,0.0,1.0,0.023640679952201954,0.1583158744270504,0.04575832574891616,0.04575832574891616,0.06318092461344443,0.0631809246134444,0.0
rank_shift_dormant,28,clean,0.0,0.0,1.0,0.023640679952201954,0.1100496013276061,0.0,1.0,0.023640679952201954,0.1583158744270504,0.04575832574891616,0.04315667834506283,0.06318092461344443,0.06318092461344443,0.0
rank_shift_dormant,28,clean,0.0,0.0,2.0,0.04728135990440391,0.1100496013276061,0.0,1.0,0.023640679952201954,0.1583158744270504,0.04575832574891616,0.040555030941209436,0.06318092461344443,0.06318092461344439,0.0
rank_shift_dormant,28,clean,1.0,0.854937131939739,0.0,0.0,0.1100496013276061,0.0,1.0,0.023640679952201954,0.1583158744270504,0.9006954576886551,0.9006954576886551,0.9181180565531835,0.9181180565531833,0.0
rank_shift_dormant,28,clean,1.0,0.854937131939739,1.0,0.023640679952201954,0.1100496013276061,0.0,1.0,0.023640679952201954,0.1583158744270504,0.9006954576886551,0.8980938102848016,0.9181180565531835,0.9181180565531832,0.0
rank_shift_dormant,28,clean,1.0,0.854937131939739,2.0,0.04728135990440391,0.1100496013276061,0.0,1.0,0.023640679952201954,0.1583158744270504,0.9006954576886551,0.8954921628809484,0.9181180565531835,0.9181180565531833,0.0
rank_shift_dormant,28,clean,3.0,2.564811395819217,0.0,0.0,0.1100496013276061,0.0,1.0,0.023640679952201954,0.1583158744270504,2.6105697215681327,2.6105697215681327,2.6279923204326616,2.627992320432661,0.0
rank_shift_dormant,28,clean,3.0,2.564811395819217,1.0,0.023640679952201954,0.1100496013276061,0.0,1.0,0.023640679952201954,0.1583158744270504,2.6105697215681327,2.60796807416428,2.6279923204326616,2.6279923204326616,0.0
rank_shift_dormant,28,clean,3.0,2.564811395819217,2.0,0.04728135990440391,0.1100496013276061,0.0,1.0,0.023640679952201954,0.1583158744270504,2.6105697215681327,2.605366426760426,2.6279923204326616,2.627992320432661,0.0
rank_shift_dormant,28,inclusive,0.0,0.0,0.0,0.0,0.1100496013276061,0.22960206501540617,0.9747323842810595,0.03024430294625532,0.1340765185918789,0.04575832574891616,0.04575832574891616,0.060513393167345775,0.062082058771422796,0.0
rank_shift_dormant,28,inclusive,0.0,0.0,1.0,0.03024430294625532,0.1100496013276061,0.22960206501540617,0.9747323842810595,0.03024430294625532,0.1340765185918789,0.04575832574891616,0.0424299522672494,0.060513393167345775,0.06208205877142278,0.0
rank_shift_dormant,28,inclusive,0.0,0.0,2.0,0.06048860589251064,0.1100496013276061,0.22960206501540617,0.9747323842810595,0.03024430294625532,0.1340765185918789,0.04575832574891616,0.039101578785582666,0.060513393167345775,0.06208205877142278,0.0
rank_shift_dormant,28,inclusive,1.0,0.854937131939739,0.0,0.0,0.1100496013276061,0.22960206501540617,0.9747323842810595,0.03024430294625532,-0.06221881235983395,0.9006954576886551,0.9006954576886551,0.8938483021933783,0.9170191907111618,0.021602222913706497
rank_shift_dormant,28,inclusive,1.0,0.854937131939739,1.0,0.03024430294625532,0.1100496013276061,0.22960206501540617,0.9747323842810595,0.03024430294625532,-0.06221881235983395,0.9006954576886551,0.8973670842069883,0.8938483021933783,0.9170191907111617,0.021602222913706497
rank_shift_dormant,28,inclusive,1.0,0.854937131939739,2.0,0.06048860589251064,0.1100496013276061,0.22960206501540617,0.9747323842810595,0.03024430294625532,-0.06221881235983395,0.9006954576886551,0.8940387107253217,0.8938483021933783,0.9170191907111618,0.021602222913706497
rank_shift_dormant,28,inclusive,3.0,2.564811395819217,0.0,0.0,0.1100496013276061,0.22960206501540617,0.9747323842810595,0.03024430294625532,-0.4548094742632596,2.6105697215681327,2.6105697215681327,2.560518120245443,2.6268934545906393,0.0648066687411195
rank_shift_dormant,28,inclusive,3.0,2.564811395819217,1.0,0.03024430294625532,0.1100496013276061,0.22960206501540617,0.9747323842810595,0.03024430294625532,-0.4548094742632596,2.6105697215681327,2.6072413480864665,2.560518120245443,2.6268934545906397,0.0648066687411195
rank_shift_dormant,28,inclusive,3.0,2.564811395819217,2.0,0.06048860589251064,0.1100496013276061,0.22960206501540617,0.9747323842810595,0.03024430294625532,-0.4548094742632596,2.6105697215681327,2.6039129746048,2.560518120245443,2.62689345459064,0.0648066687411195
rank_shift_dormant,29,clean,0.0,0.0,0.0,0.0,0.119718857197663,0.0,1.0,0.5534224557234737,0.5456078413227067,0.09207882851577817,0.09207882851577817,0.15739837575701648,0.15739837575701646,0.0
rank_shift_dormant,29,clean,0.0,0.0,1.0,0.5534224557234737,0.119718857197663,0.0,1.0,0.5534224557234737,0.5456078413227067,0.09207882851577817,0.025823724569039648,0.15739837575701648,0.15739837575701648,0.0
rank_shift_dormant,29,clean,0.0,0.0,2.0,1.1068449114469474,0.119718857197663,0.0,1.0,0.5534224557234737,0.5456078413227067,0.09207882851577817,-0.04043137937769887,0.15739837575701648,0.15739837575701643,0.0
rank_shift_dormant,29,clean,1.0,0.8054996765553777,0.0,0.0,0.119718857197663,0.0,1.0,0.5534224557234737,0.5456078413227067,0.897578505071156,0.897578505071156,0.9628980523123941,0.9628980523123943,0.0
rank_shift_dormant,29,clean,1.0,0.8054996765553777,1.0,0.5534224557234737,0.119718857197663,0.0,1.0,0.5534224557234737,0.5456078413227067,0.897578505071156,0.8313234011244175,0.9628980523123941,0.9628980523123943,0.0
rank_shift_dormant,29,clean,1.0,0.8054996765553777,2.0,1.1068449114469474,0.119718857197663,0.0,1.0,0.5534224557234737,0.5456078413227067,0.897578505071156,0.7650682971776789,0.9628980523123941,0.9628980523123942,0.0
rank_shift_dormant,29,clean,3.0,2.416499029666133,0.0,0.0,0.119718857197663,0.0,1.0,0.5534224557234737,0.5456078413227067,2.508577858181911,2.508577858181911,2.57389740542315,2.5738974054231494,0.0
rank_shift_dormant,29,clean,3.0,2.416499029666133,1.0,0.5534224557234737,0.119718857197663,0.0,1.0,0.5534224557234737,0.5456078413227067,2.508577858181911,2.4423227542351733,2.57389740542315,2.5738974054231503,0.0
rank_shift_dormant,29,clean,3.0,2.416499029666133,2.0,1.1068449114469474,0.119718857197663,0.0,1.0,0.5534224557234737,0.5456078413227067,2.508577858181911,2.3760676502884346,2.57389740542315,2.57389740542315,0.0
rank_shift_dormant,29,inclusive,0.0,0.0,0.0,0.0,0.119718857197663,0.8868813011528915,0.8938235841559994,0.5012374885871442,0.4220583864641608,0.09207882851577817,0.09207882851577817,0.1426071762139571,0.15954734104338403,0.0
rank_shift_dormant,29,inclusive,0.0,0.0,1.0,0.5012374885871442,0.119718857197663,0.8868813011528915,0.8938235841559994,0.5012374885871442,0.4220583864641608,0.09207882851577817,0.03207124919749863,0.1426071762139571,0.159547341043384,0.0
rank_shift_dormant,29,inclusive,0.0,0.0,2.0,1.0024749771742885,0.119718857197663,0.8868813011528915,0.8938235841559994,0.5012374885871442,0.4220583864641608,0.09207882851577817,-0.027936330120780915,0.1426071762139571,0.159547341043384,0.0
rank_shift_dormant,29,inclusive,1.0,0.8054996765553777,0.0,0.0,0.119718857197663,0.8868813011528915,0.8938235841559994,0.5012374885871442,-0.2923242147575059,0.897578505071156,0.897578505071156,0.8625817841491831,0.9650470175987619,0.08552506862015175
rank_shift_dormant,29,inclusive,1.0,0.8054996765553777,1.0,0.5012374885871442,0.119718857197663,0.8868813011528915,0.8938235841559994,0.5012374885871442,-0.2923242147575059,0.897578505071156,0.8375709257528765,0.8625817841491831,0.965047017598762,0.08552506862015175
rank_shift_dormant,29,inclusive,1.0,0.8054996765553777,2.0,1.0024749771742885,0.119718857197663,0.8868813011528915,0.8938235841559994,0.5012374885871442,-0.2923242147575059,0.897578505071156,0.7775633464345968,0.8625817841491831,0.9650470175987618,0.08552506862015175
rank_shift_dormant,29,inclusive,3.0,2.416499029666133,0.0,0.0,0.119718857197663,0.8868813011528915,0.8938235841559994,0.5012374885871442,-1.721089417200839,2.508577858181911,2.508577858181911,2.3025310000196346,2.576046370709517,0.25657520586045524
rank_shift_dormant,29,inclusive,3.0,2.416499029666133,1.0,0.5012374885871442,0.119718857197663,0.8868813011528915,0.8938235841559994,0.5012374885871442,-1.721089417200839,2.508577858181911,2.4485702788636314,2.3025310000196346,2.5760463707095167,0.25657520586045524
rank_shift_dormant,29,inclusive,3.0,2.416499029666133,2.0,1.0024749771742885,0.119718857197663,0.8868813011528915,0.8938235841559994,0.5012374885871442,-1.721089417200839,2.508577858181911,2.3885626995453526,2.3025310000196346,2.5760463707095176,0.25657520586045524
rank_shift_dormant,30,clean,0.0,0.0,0.0,0.0,0.1506320018644153,0.0,1.0,0.028056508832263616,0.09228635699822366,-0.04396557027195254,-0.04396557027195254,-0.03006429157253602,-0.03006429157253602,0.0
rank_shift_dormant,30,clean,0.0,0.0,1.0,0.028056508832263616,0.1506320018644153,0.0,1.0,0.028056508832263616,0.09228635699822366,-0.04396557027195254,-0.048191778362683055,-0.03006429157253602,-0.03006429157253601,0.0
rank_shift_dormant,30,clean,0.0,0.0,2.0,0.05611301766452723,0.1506320018644153,0.0,1.0,0.028056508832263616,0.09228635699822366,-0.04396557027195254,-0.0524179864534136,-0.03006429157253602,-0.030064291572536046,0.0
rank_shift_dormant,30,clean,1.0,0.7451039619604753,0.0,0.0,0.1506320018644153,0.0,1.0,0.028056508832263616,0.09228635699822366,0.7011383916885229,0.7011383916885229,0.7150396703879393,0.7150396703879394,0.0
rank_shift_dormant,30,clean,1.0,0.7451039619604753,1.0,0.028056508832263616,0.1506320018644153,0.0,1.0,0.028056508832263616,0.09228635699822366,0.7011383916885229,0.6969121835977923,0.7150396703879393,0.7150396703879394,0.0
rank_shift_dormant,30,clean,1.0,0.7451039619604753,2.0,0.05611301766452723,0.1506320018644153,0.0,1.0,0.028056508832263616,0.09228635699822366,0.7011383916885229,0.6926859755070618,0.7150396703879393,0.7150396703879394,0.0
rank_shift_dormant,30,clean,3.0,2.2353118858814263,0.0,0.0,0.1506320018644153,0.0,1.0,0.028056508832263616,0.09228635699822366,2.1913463156094735,2.1913463156094735,2.20524759430889,2.20524759430889,0.0
rank_shift_dormant,30,clean,3.0,2.2353118858814263,1.0,0.028056508832263616,0.1506320018644153,0.0,1.0,0.028056508832263616,0.09228635699822366,2.1913463156094735,2.1871201075187434,2.20524759430889,2.2052475943088905,0.0
rank_shift_dormant,30,clean,3.0,2.2353118858814263,2.0,0.05611301766452723,0.1506320018644153,0.0,1.0,0.028056508832263616,0.09228635699822366,2.1913463156094735,2.182893899428013,2.20524759430889,2.2052475943088905,0.0
rank_shift_dormant,30,inclusive,0.0,0.0,0.0,0.0,0.1506320018644153,0.3484007754068924,0.9475196937493453,0.008803413785479467,0.08426197206721206,-0.04396557027195254,-0.04396557027195254,-0.03127302073842496,-0.03300514062634126,0.0
rank_shift_dormant,30,inclusive,0.0,0.0,1.0,0.008803413785479467,0.1506320018644153,0.3484007754068924,0.9475196937493453,0.008803413785479467,0.08426197206721206,-0.04396557027195254,-0.04529164611370014,-0.03127302073842496,-0.033005140626341294,0.0
rank_shift_dormant,30,inclusive,0.0,0.0,2.0,0.017606827570958935,0.1506320018644153,0.3484007754068924,0.9475196937493453,0.008803413785479467,0.08426197206721206,-0.04396557027195254,-0.046617721955447666,-0.03127302073842496,-0.03300514062634126,0.0
rank_shift_dormant,30,inclusive,1.0,0.7451039619604753,0.0,0.0,0.1506320018644153,0.3484007754068924,0.9475196937493453,0.008803413785479467,-0.1753328260385652,0.7011383916885229,0.7011383916885229,0.6747276571097883,0.7120988213341342,0.03910328411226195
rank_shift_dormant,30,inclusive,1.0,0.7451039619604753,1.0,0.008803413785479467,0.1506320018644153,0.3484007754068924,0.9475196937493453,0.008803413785479467,-0.1753328260385652,0.7011383916885229,0.6998123158467753,0.6747276571097883,0.7120988213341342,0.03910328411226195
rank_shift_dormant,30,inclusive,1.0,0.7451039619604753,2.0,0.017606827570958935,0.1506320018644153,0.3484007754068924,0.9475196937493453,0.008803413785479467,-0.1753328260385652,0.7011383916885229,0.6984862400050276,0.6747276571097883,0.7120988213341339,0.03910328411226195
rank_shift_dormant,30,inclusive,3.0,2.2353118858814263,0.0,0.0,0.1506320018644153,0.3484007754068924,0.9475196937493453,0.008803413785479467,-0.6945224222501197,2.1913463156094735,2.1913463156094735,2.0867290128062153,2.202306745255085,0.11730985233678587
rank_shift_dormant,30,inclusive,3.0,2.2353118858814263,1.0,0.008803413785479467,0.1506320018644153,0.3484007754068924,0.9475196937493453,0.008803413785479467,-0.6945224222501197,2.1913463156094735,2.1900202397677258,2.0867290128062153,2.2023067452550844,0.11730985233678587
rank_shift_dormant,30,inclusive,3.0,2.2353118858814263,2.0,0.017606827570958935,0.1506320018644153,0.3484007754068924,0.9475196937493453,0.008803413785479467,-0.6945224222501197,2.1913463156094735,2.188694163925979,2.0867290128062153,2.2023067452550853,0.11730985233678587
rank_shift_dormant,31,clean,0.0,0.0,0.0,0.0,0.12609433246086044,0.0,1.0,0.07941489612846729,-0.08086927722249036,0.050944373630503706,0.050944373630503706,0.04074721610254152,0.04074721610254152,0.0
rank_shift_dormant,31,clean,0.0,0.0,1.0,0.07941489612846729,0.12609433246086044,0.0,1.0,0.07941489612846729,-0.08086927722249036,0.050944373630503706,0.040930605315736064,0.04074721610254152,0.04074721610254153,0.0
rank_shift_dormant,31,clean,0.0,0.0,2.0,0.15882979225693458,0.12609433246086044,0.0,1.0,0.07941489612846729,-0.08086927722249036,0.050944373630503706,0.030916837000968405,0.04074721610254152,0.04074721610254152,0.0
rank_shift_dormant,31,clean,1.0,0.6599236488471591,0.0,0.0,0.12609433246086044,0.0,1.0,0.07941489612846729,-0.08086927722249036,0.7108680224776629,0.7108680224776629,0.7006708649497007,0.7006708649497007,0.0
rank_shift_dormant,31,clean,1.0,0.6599236488471591,1.0,0.07941489612846729,0.12609433246086044,0.0,1.0,0.07941489612846729,-0.08086927722249036,0.7108680224776629,0.7008542541628953,0.7006708649497007,0.7006708649497008,0.0
rank_shift_dormant,31,clean,1.0,0.6599236488471591,2.0,0.15882979225693458,0.12609433246086044,0.0,1.0,0.07941489612846729,-0.08086927722249036,0.7108680224776629,0.6908404858481275,0.7006708649497007,0.7006708649497007,0.0
rank_shift_dormant,31,clean,3.0,1.9797709465414774,0.0,0.0,0.12609433246086044,0.0,1.0,0.07941489612846729,-0.08086927722249036,2.030715320171981,2.030715320171981,2.020518162644019,2.020518162644019,0.0
rank_shift_dormant,31,clean,3.0,1.9797709465414774,1.0,0.07941489612846729,0.12609433246086044,0.0,1.0,0.07941489612846729,-0.08086927722249036,2.030715320171981,2.020701551857213,2.020518162644019,2.0205181626440187,0.0
rank_shift_dormant,31,clean,3.0,1.9797709465414774,2.0,0.15882979225693458,0.12609433246086044,0.0,1.0,0.07941489612846729,-0.08086927722249036,2.030715320171981,2.010687783542446,2.020518162644019,2.020518162644019,0.0
rank_shift_dormant,31,inclusive,0.0,0.0,0.0,0.0,0.12609433246086044,0.16880996709224674,0.9787140198867633,0.09993230080646226,-0.016452572596327913,0.050944373630503706,0.050944373630503706,0.048869797471705896,0.049932663146442,0.0
rank_shift_dormant,31,inclusive,0.0,0.0,1.0,0.09993230080646226,0.12609433246086044,0.16880996709224674,0.9787140198867633,0.09993230080646226,-0.016452572596327913,0.050944373630503706,0.03834347686903494,0.048869797471705896,0.049932663146442006,0.0
rank_shift_dormant,31,inclusive,0.0,0.0,2.0,0.19986460161292452,0.12609433246086044,0.16880996709224674,0.9787140198867633,0.09993230080646226,-0.016452572596327913,0.050944373630503706,0.025742580107566183,0.048869797471705896,0.049932663146442,0.0
rank_shift_dormant,31,inclusive,1.0,0.6599236488471591,0.0,0.0,0.12609433246086044,0.16880996709224674,0.9787140198867633,0.09993230080646226,-0.12785426204161227,0.7108680224776629,0.7108680224776629,0.6947463246532498,0.7098563119936012,0.014047121665615208
rank_shift_dormant,31,inclusive,1.0,0.6599236488471591,1.0,0.09993230080646226,0.12609433246086044,0.16880996709224674,0.9787140198867633,0.09993230080646226,-0.12785426204161227,0.7108680224776629,0.6982671257161941,0.6947463246532498,0.7098563119936011,0.014047121665615208
rank_shift_dormant,31,inclusive,1.0,0.6599236488471591,2.0,0.19986460161292452,0.12609433246086044,0.16880996709224674,0.9787140198867633,0.09993230080646226,-0.12785426204161227,0.7108680224776629,0.6856662289547253,0.6947463246532498,0.7098563119936011,0.014047121665615208
rank_shift_dormant,31,inclusive,3.0,1.9797709465414774,0.0,0.0,0.12609433246086044,0.16880996709224674,0.9787140198867633,0.09993230080646226,-0.3506576409321809,2.030715320171981,2.030715320171981,1.9864993790163379,2.0297036096879193,0.04214136499684563
rank_shift_dormant,31,inclusive,3.0,1.9797709465414774,1.0,0.09993230080646226,0.12609433246086044,0.16880996709224674,0.9787140198867633,0.09993230080646226,-0.3506576409321809,2.030715320171981,2.0181144234105117,1.9864993790163379,2.029703609687919,0.04214136499684563
rank_shift_dormant,31,inclusive,3.0,1.9797709465414774,2.0,0.19986460161292452,0.12609433246086044,0.16880996709224674,0.9787140198867633,0.09993230080646226,-0.3506576409321809,2.030715320171981,2.0055135266490436,1.9864993790163379,2.0297036096879193,0.04214136499684563
rank_shift_dormant,32,clean,0.0,0.0,0.0,0.0,0.12506981220472313,0.0,1.0,0.10569543363539236,0.16370857899787178,-0.07420089646379986,-0.07420089646379986,-0.05372589523223396,-0.05372589523223396,0.0
rank_shift_dormant,32,clean,0.0,0.0,1.0,0.10569543363539236,0.12506981220472313,0.0,1.0,0.10569543363539236,0.16370857899787178,-0.07420089646379986,-0.08742020449947516,-0.05372589523223396,-0.053725895232233964,0.0
rank_shift_dormant,32,clean,0.0,0.0,2.0,0.2113908672707847,0.12506981220472313,0.0,1.0,0.10569543363539236,0.16370857899787178,-0.07420089646379986,-0.10063951253515047,-0.05372589523223396,-0.05372589523223394,0.0
rank_shift_dormant,32,clean,1.0,1.0665055808980157,0.0,0.0,0.12506981220472313,0.0,1.0,0.10569543363539236,0.16370857899787178,0.9923046844342158,0.9923046844342158,1.0127796856657816,1.0127796856657818,0.0
rank_shift_dormant,32,clean,1.0,1.0665055808980157,1.0,0.10569543363539236,0.12506981220472313,0.0,1.0,0.10569543363539236,0.16370857899787178,0.9923046844342158,0.9790853763985407,1.0127796856657816,1.0127796856657818,0.0
rank_shift_dormant,32,clean,1.0,1.0665055808980157,2.0,0.2113908672707847,0.12506981220472313,0.0,1.0,0.10569543363539236,0.16370857899787178,0.9923046844342158,0.9658660683628654,1.0127796856657816,1.0127796856657818,0.0
rank_shift_dormant,32,clean,3.0,3.199516742694047,0.0,0.0,0.12506981220472313,0.0,1.0,0.10569543363539236,0.16370857899787178,3.1253158462302473,3.1253158462302473,3.1457908474618135,3.145790847461813,0.0
rank_shift_dormant,32,clean,3.0,3.199516742694047,1.0,0.10569543363539236,0.12506981220472313,0.0,1.0,0.10569543363539236,0.16370857899787178,3.1253158462302473,3.1120965381945718,3.1457908474618135,3.145790847461813,0.0
rank_shift_dormant,32,clean,3.0,3.199516742694047,2.0,0.2113908672707847,0.12506981220472313,0.0,1.0,0.10569543363539236,0.16370857899787178,3.1253158462302473,3.0988772301588967,3.1457908474618135,3.145790847461813,0.0
rank_shift_dormant,32,inclusive,0.0,0.0,0.0,0.0,0.12506981220472313,0.44974933957235713,0.9437499345604871,0.06896672165011113,0.17773154654157883,-0.07420089646379986,-0.07420089646379986,-0.0519720453149896,-0.05506972070858309,0.0
rank_shift_dormant,32,inclusive,0.0,0.0,1.0,0.06896672165011113,0.12506981220472313,0.44974933957235713,0.9437499345604871,0.06896672165011113,0.17773154654157883,-0.07420089646379986,-0.0828265513889547,-0.0519720453149896,-0.055069720708583125,0.0
rank_shift_dormant,32,inclusive,0.0,0.0,2.0,0.13793344330022225,0.12506981220472313,0.44974933957235713,0.9437499345604871,0.06896672165011113,0.17773154654157883,-0.07420089646379986,-0.09145220631410947,-0.0519720453149896,-0.05506972070858308,0.0
rank_shift_dormant,32,inclusive,1.0,1.0665055808980157,0.0,0.0,0.12506981220472313,0.44974933957235713,0.9437499345604871,0.06896672165011113,-0.3019286341175368,0.9923046844342158,0.9923046844342158,0.9545425268659068,1.0114358601894327,0.05999100871711917
rank_shift_dormant,32,inclusive,1.0,1.0665055808980157,1.0,0.06896672165011113,0.12506981220472313,0.44974933957235713,0.9437499345604871,0.06896672165011113,-0.3019286341175368,0.9923046844342158,0.983679029509061,0.9545425268659068,1.0114358601894327,0.05999100871711917
rank_shift_dormant,32,inclusive,1.0,1.0665055808980157,2.0,0.13793344330022225,0.12506981220472313,0.44974933957235713,0.9437499345604871,0.06896672165011113,-0.3019286341175368,0.9923046844342158,0.9750533745839064,0.9545425268659068,1.0114358601894329,0.05999100871711917
rank_shift_dormant,32,inclusive,3.0,3.199516742694047,0.0,0.0,0.12506981220472313,0.44974933957235713,0.9437499345604871,0.06896672165011113,-1.2612489954357682,3.1253158462302473,3.1253158462302473,2.9675716712276996,3.144447021985464,0.17997302615135752
rank_shift_dormant,32,inclusive,3.0,3.199516742694047,1.0,0.06896672165011113,0.12506981220472313,0.44974933957235713,0.9437499345604871,0.06896672165011113,-1.2612489954357682,3.1253158462302473,3.1166901913050924,2.9675716712276996,3.144447021985464,0.17997302615135752
rank_shift_dormant,32,inclusive,3.0,3.199516742694047,2.0,0.13793344330022225,0.12506981220472313,0.44974933957235713,0.9437499345604871,0.06896672165011113,-1.2612489954357682,3.1253158462302473,3.1080645363799375,2.9675716712276996,3.144447021985464,0.17997302615135752
rank_shift_dormant,33,clean,0.0,0.0,0.0,0.0,0.16232430813454302,0.0,1.0,0.06624090714482059,0.26318124260170467,-0.03295099640897583,-0.03295099640897583,0.00976971671033518,0.0097697167103352,0.0
rank_shift_dormant,33,clean,0.0,0.0,1.0,0.06624090714482059,0.16232430813454302,0.0,1.0,0.06624090714482059,0.26318124260170467,-0.03295099640897583,-0.04370350583146335,0.00976971671033518,0.009769716710335179,0.0
rank_shift_dormant,33,clean,0.0,0.0,2.0,0.13248181428964118,0.16232430813454302,0.0,1.0,0.06624090714482059,0.26318124260170467,-0.03295099640897583,-0.05445601525395084,0.00976971671033518,0.009769716710335203,0.0
rank_shift_dormant,33,clean,1.0,0.8686953164627023,0.0,0.0,0.16232430813454302,0.0,1.0,0.06624090714482059,0.26318124260170467,0.8357443200537265,0.8357443200537265,0.8784650331730374,0.8784650331730375,0.0
rank_shift_dormant,33,clean,1.0,0.8686953164627023,1.0,0.06624090714482059,0.16232430813454302,0.0,1.0,0.06624090714482059,0.26318124260170467,0.8357443200537265,0.824991810631239,0.8784650331730374,0.8784650331730376,0.0
rank_shift_dormant,33,clean,1.0,0.8686953164627023,2.0,0.13248181428964118,0.16232430813454302,0.0,1.0,0.06624090714482059,0.26318124260170467,0.8357443200537265,0.8142393012087515,0.8784650331730374,0.8784650331730376,0.0
rank_shift_dormant,33,clean,3.0,2.606085949388107,0.0,0.0,0.16232430813454302,0.0,1.0,0.06624090714482059,0.26318124260170467,2.573134952979131,2.573134952979131,2.615855666098442,2.6158556660984424,0.0
rank_shift_dormant,33,clean,3.0,2.606085949388107,1.0,0.06624090714482059,0.16232430813454302,0.0,1.0,0.06624090714482059,0.26318124260170467,2.573134952979131,2.562382443556644,2.615855666098442,2.6158556660984424,0.0
rank_shift_dormant,33,clean,3.0,2.606085949388107,2.0,0.13248181428964118,0.16232430813454302,0.0,1.0,0.06624090714482059,0.26318124260170467,2.573134952979131,2.551629934134156,2.615855666098442,2.615855666098442,0.0
rank_shift_dormant,33,inclusive,0.0,0.0,0.0,0.0,0.16232430813454302,0.6775775784590885,0.8900126883691494,0.03979222449187811,0.2290946978129475,-0.03295099640897583,-0.03295099640897583,0.004236641910803069,0.004760203945593475,0.0
rank_shift_dormant,33,inclusive,0.0,0.0,1.0,0.03979222449187811,0.16232430813454302,0.6775775784590885,0.8900126883691494,0.03979222449187811,0.2290946978129475,-0.03295099640897583,-0.03941024171875433,0.004236641910803069,0.004760203945593503,0.0
rank_shift_dormant,33,inclusive,0.0,0.0,2.0,0.07958444898375622,0.16232430813454302,0.6775775784590885,0.8900126883691494,0.03979222449187811,0.2290946978129475,-0.03295099640897583,-0.04586948702853292,0.004236641910803069,0.004760203945593461,0.0
rank_shift_dormant,33,inclusive,1.0,0.8686953164627023,0.0,0.0,0.16232430813454302,0.6775775784590885,0.8900126883691494,0.03979222449187811,-0.3595137711346018,0.8357443200537265,0.8357443200537265,0.777386495889462,0.8734555204082958,0.0955454624840436
rank_shift_dormant,33,inclusive,1.0,0.8686953164627023,1.0,0.03979222449187811,0.16232430813454302,0.6775775784590885,0.8900126883691494,0.03979222449187811,-0.3595137711346018,0.8357443200537265,0.8292850747439481,0.777386495889462,0.8734555204082959,0.0955454624840436
rank_shift_dormant,33,inclusive,1.0,0.8686953164627023,2.0,0.07958444898375622,0.16232430813454302,0.6775775784590885,0.8900126883691494,0.03979222449187811,-0.3595137711346018,0.8357443200537265,0.8228258294341695,0.777386495889462,0.8734555204082959,0.0955454624840436
rank_shift_dormant,33,inclusive,3.0,2.606085949388107,0.0,0.0,0.16232430813454302,0.6775775784590885,0.8900126883691494,0.03979222449187811,-1.536730709029701,2.573134952979131,2.573134952979131,2.323686203846779,2.6108461533337004,0.2866363874521308
rank_shift_dormant,33,inclusive,3.0,2.606085949388107,1.0,0.03979222449187811,0.16232430813454302,0.6775775784590885,0.8900126883691494,0.03979222449187811,-1.536730709029701,2.573134952979131,2.566675707669353,2.323686203846779,2.610846153333701,0.2866363874521308
rank_shift_dormant,33,inclusive,3.0,2.606085949388107,2.0,0.07958444898375622,0.16232430813454302,0.6775775784590885,0.8900126883691494,0.03979222449187811,-1.536730709029701,2.573134952979131,2.5602164623595742,2.323686203846779,2.610846153333701,0.2866363874521308
rank_shift_dormant,34,clean,0.0,0.0,0.0,0.0,0.12246119233079802,0.0,1.0,0.028107462517085423,0.08242084960405911,-0.09151963745522268,-0.09151963745522268,-0.08142628193979222,-0.08142628193979222,0.0
rank_shift_dormant,34,clean,0.0,0.0,1.0,0.028107462517085423,0.12246119233079802,0.0,1.0,0.028107462517085423,0.08242084960405911,-0.09151963745522268,-0.09496171082845817,-0.08142628193979222,-0.08142628193979222,0.0
rank_shift_dormant,34,clean,0.0,0.0,2.0,0.056214925034170846,0.12246119233079802,0.0,1.0,0.028107462517085423,0.08242084960405911,-0.09151963745522268,-0.09840378420169366,-0.08142628193979222,-0.0814262819397922,0.0
rank_shift_dormant,34,clean,1.0,0.5773208983931817,0.0,0.0,0.12246119233079802,0.0,1.0,0.028107462517085423,0.08242084960405911,0.485801260937959,0.485801260937959,0.4958946164533895,0.49589461645338945,0.0
rank_shift_dormant,34,clean,1.0,0.5773208983931817,1.0,0.028107462517085423,0.12246119233079802,0.0,1.0,0.028107462517085423,0.08242084960405911,0.485801260937959,0.4823591875647234,0.4958946164533895,0.49589461645338934,0.0
rank_shift_dormant,34,clean,1.0,0.5773208983931817,2.0,0.056214925034170846,0.12246119233079802,0.0,1.0,0.028107462517085423,0.08242084960405911,0.485801260937959,0.478917114191488,0.4958946164533895,0.49589461645338945,0.0
rank_shift_dormant,34,clean,3.0,1.731962695179545,0.0,0.0,0.12246119233079802,0.0,1.0,0.028107462517085423,0.08242084960405911,1.6404430577243225,1.6404430577243225,1.6505364132397529,1.650536413239753,0.0
rank_shift_dormant,34,clean,3.0,1.731962695179545,1.0,0.028107462517085423,0.12246119233079802,0.0,1.0,0.028107462517085423,0.08242084960405911,1.6404430577243225,1.6370009843510869,1.6505364132397529,1.6505364132397529,0.0
rank_shift_dormant,34,clean,3.0,1.731962695179545,2.0,0.056214925034170846,0.12246119233079802,0.0,1.0,0.028107462517085423,0.08242084960405911,1.6404430577243225,1.6335589109778514,1.6505364132397529,1.6505364132397529,0.0
rank_shift_dormant,34,inclusive,0.0,0.0,0.0,0.0,0.12246119233079802,0.36525035929124366,0.9552710055019419,0.06232328505055039,0.09069867367906317,-0.09151963745522268,-0.09151963745522268,-0.08041256973366262,-0.08417775612420089,0.0
rank_shift_dormant,34,inclusive,0.0,0.0,1.0,0.06232328505055039,0.12246119233079802,0.36525035929124366,0.9552710055019419,0.06232328505055039,0.09069867367906317,-0.09151963745522268,-0.09915182125248527,-0.08041256973366262,-0.08417775612420088,0.0
rank_shift_dormant,34,inclusive,0.0,0.0,2.0,0.12464657010110078,0.12246119233079802,0.36525035929124366,0.9552710055019419,0.06232328505055039,0.09069867367906317,-0.09151963745522268,-0.1067840050497479,-0.08041256973366262,-0.0841777561242009,0.0
rank_shift_dormant,34,inclusive,1.0,0.5773208983931817,0.0,0.0,0.12246119233079802,0.36525035929124366,0.9552710055019419,0.06232328505055039,-0.12016799188539,0.485801260937959,0.485801260937959,0.47108534537167646,0.4931431422689808,0.02582298328784257
rank_shift_dormant,34,inclusive,1.0,0.5773208983931817,1.0,0.06232328505055039,0.12246119233079802,0.36525035929124366,0.9552710055019419,0.06232328505055039,-0.12016799188539,0.485801260937959,0.47816907714069634,0.47108534537167646,0.4931431422689807,0.02582298328784257
rank_shift_dormant,34,inclusive,1.0,0.5773208983931817,2.0,0.12464657010110078,0.12246119233079802,0.36525035929124366,0.9552710055019419,0.06232328505055039,-0.12016799188539,0.485801260937959,0.4705368933434337,0.47108534537167646,0.49314314226898065,0.02582298328784257
rank_shift_dormant,34,inclusive,3.0,1.731962695179545,0.0,0.0,0.12246119233079802,0.36525035929124366,0.9552710055019419,0.06232328505055039,-0.5419013230142964,1.6404430577243225,1.6404430577243225,1.5740811755823547,1.6477849390553443,0.0774689498635277
rank_shift_dormant,34,inclusive,3.0,1.731962695179545,1.0,0.06232328505055039,0.12246119233079802,0.36525035929124366,0.9552710055019419,0.06232328505055039,-0.5419013230142964,1.6404430577243225,1.6328108739270597,1.5740811755823547,1.647784939055344,0.0774689498635277
rank_shift_dormant,34,inclusive,3.0,1.731962695179545,2.0,0.12464657010110078,0.12246119233079802,0.36525035929124366,0.9552710055019419,0.06232328505055039,-0.5419013230142964,1.6404430577243225,1.6251786901297973,1.5740811755823547,1.6477849390553443,0.0774689498635277
rank_shift_dormant,35,clean,0.0,0.0,0.0,0.0,0.1264276413367293,0.0,1.0,0.07322989329840116,-0.06470458507493711,-0.030202437993606956,-0.030202437993606956,-0.038382886068302986,-0.03838288606830299,0.0
rank_shift_dormant,35,clean,0.0,0.0,1.0,0.07322989329840116,0.1264276413367293,0.0,1.0,0.07322989329840116,-0.06470458507493711,-0.030202437993606956,-0.039460720678664164,-0.038382886068302986,-0.03838288606830298,0.0
rank_shift_dormant,35,clean,0.0,0.0,2.0,0.1464597865968023,0.1264276413367293,0.0,1.0,0.07322989329840116,-0.06470458507493711,-0.030202437993606956,-0.04871900336372139,-0.038382886068302986,-0.038382886068303,0.0
rank_shift_dormant,35,clean,1.0,0.823019781736986,0.0,0.0,0.1264276413367293,0.0,1.0,0.07322989329840116,-0.06470458507493711,0.7928173437433791,0.7928173437433791,0.7846368956686829,0.784636895668683,0.0
rank_shift_dormant,35,clean,1.0,0.823019781736986,1.0,0.07322989329840116,0.1264276413367293,0.0,1.0,0.07322989329840116,-0.06470458507493711,0.7928173437433791,0.7835590610583218,0.7846368956686829,0.784636895668683,0.0
rank_shift_dormant,35,clean,1.0,0.823019781736986,2.0,0.1464597865968023,0.1264276413367293,0.0,1.0,0.07322989329840116,-0.06470458507493711,0.7928173437433791,0.7743007783732645,0.7846368956686829,0.7846368956686829,0.0
rank_shift_dormant,35,clean,3.0,2.469059345210958,0.0,0.0,0.1264276413367293,0.0,1.0,0.07322989329840116,-0.06470458507493711,2.438856907217351,2.438856907217351,2.4306764591426555,2.430676459142655,0.0
rank_shift_dormant,35,clean,3.0,2.469059345210958,1.0,0.07322989329840116,0.1264276413367293,0.0,1.0,0.07322989329840116,-0.06470458507493711,2.438856907217351,2.429598624532294,2.4306764591426555,2.430676459142655,0.0
rank_shift_dormant,35,clean,3.0,2.469059345210958,2.0,0.1464597865968023,0.1264276413367293,0.0,1.0,0.07322989329840116,-0.06470458507493711,2.438856907217351,2.4203403418472367,2.4306764591426555,2.430676459142655,0.0
rank_shift_dormant,35,inclusive,0.0,0.0,0.0,0.0,0.1264276413367293,0.16247085600811056,0.9794591928889352,0.06918613572471381,-0.06949678197954748,-0.030202437993606956,-0.030202437993606956,-0.038988752219774055,-0.03980640796762132,0.0
rank_shift_dormant,35,inclusive,0.0,0.0,1.0,0.06918613572471381,0.1264276413367293,0.16247085600811056,0.9794591928889352,0.06918613572471381,-0.06949678197954748,-0.030202437993606956,-0.03894947794648536,-0.038988752219774055,-0.03980640796762133,0.0
rank_shift_dormant,35,inclusive,0.0,0.0,2.0,0.13837227144942763,0.1264276413367293,0.16247085600811056,0.9794591928889352,0.06918613572471381,-0.06949678197954748,-0.030202437993606956,-0.04769651789936374,-0.038988752219774055,-0.039806407967621325,0.0
rank_shift_dormant,35,inclusive,1.0,0.823019781736986,0.0,0.0,0.1264276413367293,0.16247085600811056,0.9794591928889352,0.06918613572471381,-0.20321351042996394,0.7928173437433791,0.7928173437433791,0.7671255389319619,0.7832133737693647,0.016905490585250073
rank_shift_dormant,35,inclusive,1.0,0.823019781736986,1.0,0.06918613572471381,0.1264276413367293,0.16247085600811056,0.9794591928889352,0.06918613572471381,-0.20321351042996394,0.7928173437433791,0.7840703037905006,0.7671255389319619,0.7832133737693646,0.016905490585250073
rank_shift_dormant,35,inclusive,1.0,0.823019781736986,2.0,0.13837227144942763,0.1264276413367293,0.16247085600811056,0.9794591928889352,0.06918613572471381,-0.20321351042996394,0.7928173437433791,0.7753232638376222,0.7671255389319619,0.7832133737693646,0.016905490585250073
rank_shift_dormant,35,inclusive,3.0,2.469059345210958,0.0,0.0,0.1264276413367293,0.16247085600811056,0.9794591928889352,0.06918613572471381,-0.4706469673307968,2.438856907217351,2.438856907217351,2.3793541212354343,2.4292529372433367,0.050716471755750225
rank_shift_dormant,35,inclusive,3.0,2.469059345210958,1.0,0.06918613572471381,0.1264276413367293,0.16247085600811056,0.9794591928889352,0.06918613572471381,-0.4706469673307968,2.438856907217351,2.4301098672644725,2.3793541212354343,2.4292529372433367,0.050716471755750225
rank_shift_dormant,35,inclusive,3.0,2.469059345210958,2.0,0.13837227144942763,0.1264276413367293,0.16247085600811056,0.9794591928889352,0.06918613572471381,-0.4706469673307968,2.438856907217351,2.4213628273115946,2.3793541212354343,2.429252937243337,0.050716471755750225
rank_shift_dormant,36,clean,0.0,0.0,0.0,0.0,0.129526944000511,0.0,1.0,0.00933246697282652,-0.12033757635721176,-0.003367595226896253,-0.003367595226896253,-0.018954553740874035,-0.018954553740874038,0.0
rank_shift_dormant,36,clean,0.0,0.0,1.0,0.00933246697282652,0.129526944000511,0.0,1.0,0.00933246697282652,-0.12033757635721176,-0.003367595226896253,-0.004576401153872173,-0.018954553740874035,-0.018954553740874035,0.0
rank_shift_dormant,36,clean,0.0,0.0,2.0,0.01866493394565304,0.129526944000511,0.0,1.0,0.00933246697282652,-0.12033757635721176,-0.003367595226896253,-0.005785207080848093,-0.018954553740874035,-0.01895455374087404,0.0
rank_shift_dormant,36,clean,1.0,0.7086105792991604,0.0,0.0,0.129526944000511,0.0,1.0,0.00933246697282652,-0.12033757635721176,0.705242984072264,0.705242984072264,0.6896560255582862,0.6896560255582863,0.0
rank_shift_dormant,36,clean,1.0,0.7086105792991604,1.0,0.00933246697282652,0.129526944000511,0.0,1.0,0.00933246697282652,-0.12033757635721176,0.705242984072264,0.7040341781452882,0.6896560255582862,0.6896560255582864,0.0
rank_shift_dormant,36,clean,1.0,0.7086105792991604,2.0,0.01866493394565304,0.129526944000511,0.0,1.0,0.00933246697282652,-0.12033757635721176,0.705242984072264,0.7028253722183122,0.6896560255582862,0.6896560255582862,0.0
rank_shift_dormant,36,clean,3.0,2.125831737897481,0.0,0.0,0.129526944000511,0.0,1.0,0.00933246697282652,-0.12033757635721176,2.1224641426705846,2.1224641426705846,2.106877184156607,2.1068771841566067,0.0
rank_shift_dormant,36,clean,3.0,2.125831737897481,1.0,0.00933246697282652,0.129526944000511,0.0,1.0,0.00933246697282652,-0.12033757635721176,2.1224641426705846,2.1212553367436087,2.106877184156607,2.1068771841566067,0.0
rank_shift_dormant,36,clean,3.0,2.125831737897481,2.0,0.01866493394565304,0.129526944000511,0.0,1.0,0.00933246697282652,-0.12033757635721176,2.1224641426705846,2.120046530816633,2.106877184156607,2.106877184156607,0.0
rank_shift_dormant,36,inclusive,0.0,0.0,0.0,0.0,0.129526944000511,0.4268547405001066,0.9447108099308901,0.02063078753123623,-0.11607404333833564,-0.003367595226896253,-0.003367595226896253,-0.01840231133829373,-0.019479306412975156,0.0
rank_shift_dormant,36,inclusive,0.0,0.0,1.0,0.02063078753123623,0.129526944000511,0.4268547405001066,0.9447108099308901,0.02063078753123623,-0.11607404333833564,-0.003367595226896253,-0.006039838088141142,-0.01840231133829373,-0.019479306412975173,0.0
rank_shift_dormant,36,inclusive,0.0,0.0,2.0,0.04126157506247246,0.129526944000511,0.4268547405001066,0.9447108099308901,0.02063078753123623,-0.11607404333833564,-0.003367595226896253,-0.008712080949385997,-0.01840231133829373,-0.019479306412975156,0.0
rank_shift_dormant,36,inclusive,1.0,0.7086105792991604,0.0,0.0,0.129526944000511,0.4268547405001066,0.9447108099308901,0.02063078753123623,-0.4185478282807088,0.705242984072264,0.705242984072264,0.6510297629570132,0.6891312728861851,0.0391785050038534
rank_shift_dormant,36,inclusive,1.0,0.7086105792991604,1.0,0.02063078753123623,0.129526944000511,0.4268547405001066,0.9447108099308901,0.02063078753123623,-0.4185478282807088,0.705242984072264,0.7025707412110191,0.6510297629570132,0.6891312728861851,0.0391785050038534
rank_shift_dormant,36,inclusive,1.0,0.7086105792991604,2.0,0.04126157506247246,0.129526944000511,0.4268547405001066,0.9447108099308901,0.02063078753123623,-0.4185478282807088,0.705242984072264,0.6998984983497744,0.6510297629570132,0.6891312728861851,0.0391785050038534
rank_shift_dormant,36,inclusive,3.0,2.125831737897481,0.0,0.0,0.129526944000511,0.4268547405001066,0.9447108099308901,0.02063078753123623,-1.0234953981654553,2.1224641426705846,2.1224641426705846,1.9898939115476266,2.1063524314845057,0.11753551501156019
rank_shift_dormant,36,inclusive,3.0,2.125831737897481,1.0,0.02063078753123623,0.129526944000511,0.4268547405001066,0.9447108099308901,0.02063078753123623,-1.0234953981654553,2.1224641426705846,2.11979189980934,1.9898939115476266,2.106352431484506,0.11753551501156019
rank_shift_dormant,36,inclusive,3.0,2.125831737897481,2.0,0.04126157506247246,0.129526944000511,0.4268547405001066,0.9447108099308901,0.02063078753123623,-1.0234953981654553,2.1224641426705846,2.1171196569480952,1.9898939115476266,2.106352431484506,0.11753551501156019
rank_shift_dormant,37,clean,0.0,0.0,0.0,0.0,0.13261015879749122,0.0,1.0,0.08789739074524412,0.02452015550736131,-0.05995097890941135,-0.05995097890941135,-0.056699357193840984,-0.056699357193840984,0.0
rank_shift_dormant,37,clean,0.0,0.0,1.0,0.08789739074524412,0.13261015879749122,0.0,1.0,0.08789739074524412,0.02452015550736131,-0.05995097890941135,-0.0716070658540233,-0.056699357193840984,-0.05669935719384098,0.0
rank_shift_dormant,37,clean,0.0,0.0,2.0,0.17579478149048824,0.13261015879749122,0.0,1.0,0.08789739074524412,0.02452015550736131,-0.05995097890941135,-0.08326315279863523,-0.056699357193840984,-0.056699357193840956,0.0
rank_shift_dormant,37,clean,1.0,0.8062039745801803,0.0,0.0,0.13261015879749122,0.0,1.0,0.08789739074524412,0.02452015550736131,0.746252995670769,0.746252995670769,0.7495046173863393,0.7495046173863393,0.0
rank_shift_dormant,37,clean,1.0,0.8062039745801803,1.0,0.08789739074524412,0.13261015879749122,0.0,1.0,0.08789739074524412,0.02452015550736131,0.746252995670769,0.734596908726157,0.7495046173863393,0.7495046173863393,0.0
rank_shift_dormant,37,clean,1.0,0.8062039745801803,2.0,0.17579478149048824,0.13261015879749122,0.0,1.0,0.08789739074524412,0.02452015550736131,0.746252995670769,0.7229408217815451,0.7495046173863393,0.7495046173863393,0.0
rank_shift_dormant,37,clean,3.0,2.4186119237405412,0.0,0.0,0.13261015879749122,0.0,1.0,0.08789739074524412,0.02452015550736131,2.35866094483113,2.35866094483113,2.3619125665467005,2.3619125665467005,0.0
rank_shift_dormant,37,clean,3.0,2.4186119237405412,1.0,0.08789739074524412,0.13261015879749122,0.0,1.0,0.08789739074524412,0.02452015550736131,2.35866094483113,2.347004857886518,2.3619125665467005,2.3619125665467005,0.0
rank_shift_dormant,37,clean,3.0,2.4186119237405412,2.0,0.17579478149048824,0.13261015879749122,0.0,1.0,0.08789739074524412,0.02452015550736131,2.35866094483113,2.3353487709419056,2.3619125665467005,2.3619125665467,0.0
rank_shift_dormant,37,inclusive,0.0,0.0,0.0,0.0,0.13261015879749122,0.36899282341076967,0.9510678030923632,0.08396558648707231,0.04074711163379041,-0.05995097890941135,-0.05995097890941135,-0.05454749796511531,-0.05735395288091558,0.0
rank_shift_dormant,37,inclusive,0.0,0.0,1.0,0.08396558648707231,0.13261015879749122,0.36899282341076967,0.9510678030923632,0.08396558648707231,0.04074711163379041,-0.05995097890941135,-0.07108566866698648,-0.05454749796511531,-0.05735395288091558,0.0
rank_shift_dormant,37,inclusive,0.0,0.0,2.0,0.16793117297414462,0.13261015879749122,0.36899282341076967,0.9510678030923632,0.08396558648707231,0.04074711163379041,-0.05995097890941135,-0.08222035842456162,-0.05454749796511531,-0.05735395288091556,0.0
rank_shift_dormant,37,inclusive,1.0,0.8062039745801803,0.0,0.0,0.13261015879749122,0.36899282341076967,0.9510678030923632,0.08396558648707231,-0.2567363691915347,0.746252995670769,0.746252995670769,0.7122071449831883,0.7488500216992647,0.0394493316318768
rank_shift_dormant,37,inclusive,1.0,0.8062039745801803,1.0,0.08396558648707231,0.13261015879749122,0.36899282341076967,0.9510678030923632,0.08396558648707231,-0.2567363691915347,0.746252995670769,0.7351183059131938,0.7122071449831883,0.7488500216992647,0.0394493316318768
rank_shift_dormant,37,inclusive,1.0,0.8062039745801803,2.0,0.16793117297414462,0.13261015879749122,0.36899282341076967,0.9510678030923632,0.08396558648707231,-0.2567363691915347,0.746252995670769,0.7239836161556188,0.7122071449831883,0.7488500216992648,0.0394493316318768
rank_shift_dormant,37,inclusive,3.0,2.4186119237405412,0.0,0.0,0.13261015879749122,0.36899282341076967,0.9510678030923632,0.08396558648707231,-0.8517033308421851,2.35866094483113,2.35866094483113,2.2457164308797957,2.361257970859626,0.11834799489563042
rank_shift_dormant,37,inclusive,3.0,2.4186119237405412,1.0,0.08396558648707231,0.13261015879749122,0.36899282341076967,0.9510678030923632,0.08396558648707231,-0.8517033308421851,2.35866094483113,2.3475262550735545,2.2457164308797957,2.3612579708596253,0.11834799489563042
rank_shift_dormant,37,inclusive,3.0,2.4186119237405412,2.0,0.16793117297414462,0.13261015879749122,0.36899282341076967,0.9510678030923632,0.08396558648707231,-0.8517033308421851,2.35866094483113,2.3363915653159797,2.2457164308797957,2.3612579708596257,0.11834799489563042
rank_shift_dormant,38,clean,0.0,0.0,0.0,0.0,0.14189159872158263,0.0,1.0,0.2721221878081631,0.6177999795328046,0.032568871698489966,0.032568871698489966,0.12022949848456062,0.12022949848456065,0.0
rank_shift_dormant,38,clean,0.0,0.0,1.0,0.2721221878081631,0.14189159872158263,0.0,1.0,0.2721221878081631,0.6177999795328046,0.032568871698489966,-0.0060429805772250714,0.12022949848456062,0.12022949848456063,0.0
rank_shift_dormant,38,clean,0.0,0.0,2.0,0.5442443756163262,0.14189159872158263,0.0,1.0,0.2721221878081631,0.6177999795328046,0.032568871698489966,-0.0446548328529401,0.12022949848456062,0.12022949848456063,0.0
rank_shift_dormant,38,clean,1.0,0.8638221131666317,0.0,0.0,0.14189159872158263,0.0,1.0,0.2721221878081631,0.6177999795328046,0.8963909848651216,0.8963909848651216,0.9840516116511925,0.9840516116511923,0.0
rank_shift_dormant,38,clean,1.0,0.8638221131666317,1.0,0.2721221878081631,0.14189159872158263,0.0,1.0,0.2721221878081631,0.6177999795328046,0.8963909848651216,0.8577791325894066,0.9840516116511925,0.9840516116511924,0.0
rank_shift_dormant,38,clean,1.0,0.8638221131666317,2.0,0.5442443756163262,0.14189159872158263,0.0,1.0,0.2721221878081631,0.6177999795328046,0.8963909848651216,0.8191672803136916,0.9840516116511925,0.9840516116511923,0.0
rank_shift_dormant,38,clean,3.0,2.5914663394998954,0.0,0.0,0.14189159872158263,0.0,1.0,0.2721221878081631,0.6177999795328046,2.624035211198385,2.624035211198385,2.7116958379844562,2.711695837984456,0.0
rank_shift_dormant,38,clean,3.0,2.5914663394998954,1.0,0.2721221878081631,0.14189159872158263,0.0,1.0,0.2721221878081631,0.6177999795328046,2.624035211198385,2.5854233589226703,2.7116958379844562,2.711695837984456,0.0
rank_shift_dormant,38,clean,3.0,2.5914663394998954,2.0,0.5442443756163262,0.14189159872158263,0.0,1.0,0.2721221878081631,0.6177999795328046,2.624035211198385,2.5468115066469554,2.7116958379844562,2.7116958379844562,0.0
rank_shift_dormant,38,inclusive,0.0,0.0,0.0,0.0,0.14189159872158263,0.17281299171254677,0.9754792883260471,0.28943619381327945,0.735255088144712,0.032568871698489966,0.032568871698489966,0.13689539162352132,0.14033654354511008,0.0
rank_shift_dormant,38,inclusive,0.0,0.0,1.0,0.28943619381327945,0.14189159872158263,0.17281299171254677,0.9754792883260471,0.28943619381327945,0.735255088144712,0.032568871698489966,-0.00849969256956612,0.13689539162352132,0.14033654354511008,0.0
rank_shift_dormant,38,inclusive,0.0,0.0,2.0,0.5788723876265589,0.14189159872158263,0.17281299171254677,0.9754792883260471,0.28943619381327945,0.735255088144712,0.032568871698489966,-0.04956825683762218,0.13689539162352132,0.14033654354511005,0.0
rank_shift_dormant,38,inclusive,1.0,0.8638221131666317,0.0,0.0,0.14189159872158263,0.17281299171254677,0.9754792883260471,0.28943619381327945,0.5859754044609324,0.8963909848651216,0.8963909848651216,0.9795359718156094,1.0041586567117418,0.021181532974543667
rank_shift_dormant,38,inclusive,1.0,0.8638221131666317,1.0,0.28943619381327945,0.14189159872158263,0.17281299171254677,0.9754792883260471,0.28943619381327945,0.5859754044609324,0.8963909848651216,0.8553224205970655,0.9795359718156094,1.0041586567117418,0.021181532974543667
rank_shift_dormant,38,inclusive,1.0,0.8638221131666317,2.0,0.5788723876265589,0.14189159872158263,0.17281299171254677,0.9754792883260471,0.28943619381327945,0.5859754044609324,0.8963909848651216,0.8142538563290096,0.9795359718156094,1.0041586567117418,0.021181532974543667
rank_shift_dormant,38,inclusive,3.0,2.5914663394998954,0.0,0.0,0.14189159872158263,0.17281299171254677,0.9754792883260471,0.28943619381327945,0.2874160370933728,2.624035211198385,2.624035211198385,2.664817132199786,2.731802883045005,0.063544598923631
rank_shift_dormant,38,inclusive,3.0,2.5914663394998954,1.0,0.28943619381327945,0.14189159872158263,0.17281299171254677,0.9754792883260471,0.28943619381327945,0.2874160370933728,2.624035211198385,2.582966646930329,2.664817132199786,2.731802883045005,0.063544598923631
rank_shift_dormant,38,inclusive,3.0,2.5914663394998954,2.0,0.5788723876265589,0.14189159872158263,0.17281299171254677,0.9754792883260471,0.28943619381327945,0.2874160370933728,2.624035211198385,2.5418980826622737,2.664817132199786,2.731802883045006,0.063544598923631
rank_shift_dormant,39,clean,0.0,0.0,0.0,0.0,0.11955997333962887,0.0,1.0,0.46747690602024355,-0.7237912316096329,0.020221907074687972,0.020221907074687972,-0.0663145532800169,-0.06631455328001688,0.0
rank_shift_dormant,39,clean,0.0,0.0,1.0,0.46747690602024355,0.11955997333962887,0.0,1.0,0.46747690602024355,-0.7237912316096329,0.020221907074687972,-0.035669619345984546,-0.0663145532800169,-0.06631455328001686,0.0
rank_shift_dormant,39,clean,0.0,0.0,2.0,0.9349538120404871,0.11955997333962887,0.0,1.0,0.46747690602024355,-0.7237912316096329,0.020221907074687972,-0.09156114576665704,-0.0663145532800169,-0.06631455328001686,0.0
rank_shift_dormant,39,clean,1.0,0.7759146855722885,0.0,0.0,0.11955997333962887,0.0,1.0,0.46747690602024355,-0.7237912316096329,0.7961365926469764,0.7961365926469764,0.7096001322922716,0.7096001322922716,0.0
rank_shift_dormant,39,clean,1.0,0.7759146855722885,1.0,0.46747690602024355,0.11955997333962887,0.0,1.0,0.46747690602024355,-0.7237912316096329,0.7961365926469764,0.7402450662263039,0.7096001322922716,0.7096001322922716,0.0
rank_shift_dormant,39,clean,1.0,0.7759146855722885,2.0,0.9349538120404871,0.11955997333962887,0.0,1.0,0.46747690602024355,-0.7237912316096329,0.7961365926469764,0.6843535398056314,0.7096001322922716,0.7096001322922716,0.0
rank_shift_dormant,39,clean,3.0,2.3277440567168655,0.0,0.0,0.11955997333962887,0.0,1.0,0.46747690602024355,-0.7237912316096329,2.347965963791553,2.347965963791553,2.2614295034368483,2.2614295034368483,0.0
rank_shift_dormant,39,clean,3.0,2.3277440567168655,1.0,0.46747690602024355,0.11955997333962887,0.0,1.0,0.46747690602024355,-0.7237912316096329,2.347965963791553,2.292074437370881,2.2614295034368483,2.2614295034368483,0.0
rank_shift_dormant,39,clean,3.0,2.3277440567168655,2.0,0.9349538120404871,0.11955997333962887,0.0,1.0,0.46747690602024355,-0.7237912316096329,2.347965963791553,2.236182910950208,2.2614295034368483,2.2614295034368483,0.0
rank_shift_dormant,39,inclusive,0.0,0.0,0.0,0.0,0.11955997333962887,0.23004001359995435,0.9724964221069416,0.4868957942099442,-0.7494722130706487,0.020221907074687972,0.020221907074687972,-0.06938497073883146,-0.07134727610463273,0.0
rank_shift_dormant,39,inclusive,0.0,0.0,1.0,0.4868957942099442,0.11955997333962887,0.23004001359995435,0.9724964221069416,0.4868957942099442,-0.7494722130706487,0.020221907074687972,-0.03799134110023041,-0.06938497073883146,-0.07134727610463278,0.0
rank_shift_dormant,39,inclusive,0.0,0.0,2.0,0.9737915884198884,0.11955997333962887,0.23004001359995435,0.9724964221069416,0.4868957942099442,-0.7494722130706487,0.020221907074687972,-0.09620458927514873,-0.06938497073883146,-0.07134727610463275,0.0
rank_shift_dormant,39,inclusive,1.0,0.7759146855722885,0.0,0.0,0.11955997333962887,0.23004001359995435,0.9724964221069416,0.4868957942099442,-0.9279636378921022,0.7961365926469764,0.7961365926469764,0.6851892848404517,0.7045674094676557,0.021340429993005356
rank_shift_dormant,39,inclusive,1.0,0.7759146855722885,1.0,0.4868957942099442,0.11955997333962887,0.23004001359995435,0.9724964221069416,0.4868957942099442,-0.9279636378921022,0.7961365926469764,0.7379233444720581,0.6851892848404517,0.7045674094676557,0.021340429993005356
rank_shift_dormant,39,inclusive,1.0,0.7759146855722885,2.0,0.9737915884198884,0.11955997333962887,0.23004001359995435,0.9724964221069416,0.4868957942099442,-0.9279636378921022,0.7961365926469764,0.6797100962971397,0.6851892848404517,0.7045674094676557,0.021340429993005356
rank_shift_dormant,39,inclusive,3.0,2.3277440567168655,0.0,0.0,0.11955997333962887,0.23004001359995435,0.9724964221069416,0.4868957942099442,-1.2849464875350096,2.347965963791553,2.347965963791553,2.194337795999018,2.2563967806122323,0.06402128997901607
rank_shift_dormant,39,inclusive,3.0,2.3277440567168655,1.0,0.4868957942099442,0.11955997333962887,0.23004001359995435,0.9724964221069416,0.4868957942099442,-1.2849464875350096,2.347965963791553,2.289752715616635,2.194337795999018,2.2563967806122327,0.06402128997901607
rank_shift_dormant,39,inclusive,3.0,2.3277440567168655,2.0,0.9737915884198884,0.11955997333962887,0.23004001359995435,0.9724964221069416,0.4868957942099442,-1.2849464875350096,2.347965963791553,2.2315394674417166,2.194337795999018,2.2563967806122327,0.06402128997901607
fdid_ar1_rho.7,0,clean,0.0,0.0,0.0,0.0,0.0716655227886282,0.0,1.0,0.2774404847880962,-0.673222309622378,-0.11956527049903634,-0.11956527049903634,-0.16781209927109172,-0.16781209927109178,0.0
fdid_ar1_rho.7,0,clean,0.0,0.0,1.0,0.2774404847880962,0.0716655227886282,0.0,1.0,0.2774404847880962,-0.673222309622378,-0.11956527049903634,-0.1394481878841057,-0.16781209927109172,-0.16781209927109178,0.0
fdid_ar1_rho.7,0,clean,0.0,0.0,2.0,0.5548809695761924,0.0716655227886282,0.0,1.0,0.2774404847880962,-0.673222309622378,-0.11956527049903634,-0.159331105269175,-0.16781209927109172,-0.1678120992710917,0.0
fdid_ar1_rho.7,0,clean,1.0,2.578206904871588,0.0,0.0,0.0716655227886282,0.0,1.0,0.2774404847880962,-0.673222309622378,2.458641634372552,2.458641634372552,2.4103948056004967,2.4103948056004967,0.0
fdid_ar1_rho.7,0,clean,1.0,2.578206904871588,1.0,0.2774404847880962,0.0716655227886282,0.0,1.0,0.2774404847880962,-0.673222309622378,2.458641634372552,2.4387587169874827,2.4103948056004967,2.4103948056004967,0.0
fdid_ar1_rho.7,0,clean,1.0,2.578206904871588,2.0,0.5548809695761924,0.0716655227886282,0.0,1.0,0.2774404847880962,-0.673222309622378,2.458641634372552,2.418875799602413,2.4103948056004967,2.4103948056004962,0.0
fdid_ar1_rho.7,0,clean,3.0,7.734620714614764,0.0,0.0,0.0716655227886282,0.0,1.0,0.2774404847880962,-0.673222309622378,7.615055444115727,7.615055444115727,7.566808615343672,7.566808615343672,0.0
fdid_ar1_rho.7,0,clean,3.0,7.734620714614764,1.0,0.2774404847880962,0.0716655227886282,0.0,1.0,0.2774404847880962,-0.673222309622378,7.615055444115727,7.595172526730659,7.566808615343672,7.566808615343673,0.0
fdid_ar1_rho.7,0,clean,3.0,7.734620714614764,2.0,0.5548809695761924,0.0716655227886282,0.0,1.0,0.2774404847880962,-0.673222309622378,7.615055444115727,7.575289609345589,7.566808615343672,7.566808615343672,0.0
fdid_ar1_rho.7,0,inclusive,0.0,0.0,0.0,0.0,0.0716655227886282,0.49818934432774487,0.9642970001910283,0.3033585545359329,-0.5355176561012123,-0.11956527049903634,-0.11956527049903634,-0.1579434232860705,-0.16379126270721756,0.0
fdid_ar1_rho.7,0,inclusive,0.0,0.0,1.0,0.3033585545359329,0.0716655227886282,0.49818934432774487,0.9642970001910283,0.3033585545359329,-0.5355176561012123,-0.11956527049903634,-0.14130561990225654,-0.1579434232860705,-0.16379126270721753,0.0
fdid_ar1_rho.7,0,inclusive,0.0,0.0,2.0,0.6067171090718658,0.0716655227886282,0.49818934432774487,0.9642970001910283,0.3033585545359329,-0.5355176561012123,-0.11956527049903634,-0.1630459693054767,-0.1579434232860705,-0.1637912627072175,0.0
fdid_ar1_rho.7,0,inclusive,1.0,2.578206904871588,0.0,0.0,0.0716655227886282,0.49818934432774487,0.9642970001910283,0.3033585545359329,-1.8199528635804534,2.458641634372552,2.458641634372552,2.328213760953398,2.4144156421643705,0.09204972063211994
fdid_ar1_rho.7,0,inclusive,1.0,2.578206904871588,1.0,0.3033585545359329,0.0716655227886282,0.49818934432774487,0.9642970001910283,0.3033585545359329,-1.8199528635804534,2.458641634372552,2.4369012849693314,2.328213760953398,2.4144156421643705,0.09204972063211994
fdid_ar1_rho.7,0,inclusive,1.0,2.578206904871588,2.0,0.6067171090718658,0.0716655227886282,0.49818934432774487,0.9642970001910283,0.3033585545359329,-1.8199528635804534,2.458641634372552,2.4151609355661114,2.328213760953398,2.4144156421643705,0.09204972063211994
fdid_ar1_rho.7,0,inclusive,3.0,7.734620714614764,0.0,0.0,0.0716655227886282,0.49818934432774487,0.9642970001910283,0.3033585545359329,-4.3888232785389345,7.615055444115727,7.615055444115727,7.300528129432334,7.570829451907546,0.2761491618963598
fdid_ar1_rho.7,0,inclusive,3.0,7.734620714614764,1.0,0.3033585545359329,0.0716655227886282,0.49818934432774487,0.9642970001910283,0.3033585545359329,-4.3888232785389345,7.615055444115727,7.593315094712507,7.300528129432334,7.570829451907546,0.2761491618963598
fdid_ar1_rho.7,0,inclusive,3.0,7.734620714614764,2.0,0.6067171090718658,0.0716655227886282,0.49818934432774487,0.9642970001910283,0.3033585545359329,-4.3888232785389345,7.615055444115727,7.571574745309287,7.300528129432334,7.570829451907547,0.2761491618963598
fdid_ar1_rho.7,1,clean,0.0,0.0,0.0,0.0,0.08906756154988035,0.0,1.0,0.3398565498618556,0.4717260076527225,0.03909201962508406,0.03909201962508406,0.08110750484637226,0.08110750484637225,0.0
fdid_ar1_rho.7,1,clean,0.0,0.0,1.0,0.3398565498618556,0.08906756154988035,0.0,1.0,0.3398565498618556,0.4717260076527225,0.03909201962508406,0.008821825452133147,0.08110750484637226,0.08110750484637216,0.0
fdid_ar1_rho.7,1,clean,0.0,0.0,2.0,0.6797130997237112,0.08906756154988035,0.0,1.0,0.3398565498618556,0.4717260076527225,0.03909201962508406,-0.02144836872081759,0.08110750484637226,0.08110750484637225,0.0
fdid_ar1_rho.7,1,clean,1.0,1.9932569214463562,0.0,0.0,0.08906756154988035,0.0,1.0,0.3398565498618556,0.4717260076527225,2.0323489410714406,2.0323489410714406,2.0743644262927283,2.0743644262927288,0.0
fdid_ar1_rho.7,1,clean,1.0,1.9932569214463562,1.0,0.3398565498618556,0.08906756154988035,0.0,1.0,0.3398565498618556,0.4717260076527225,2.0323489410714406,2.0020787468984893,2.0743644262927283,2.0743644262927283,0.0
fdid_ar1_rho.7,1,clean,1.0,1.9932569214463562,2.0,0.6797130997237112,0.08906756154988035,0.0,1.0,0.3398565498618556,0.4717260076527225,2.0323489410714406,1.9718085527255382,2.0743644262927283,2.074364426292728,0.0
fdid_ar1_rho.7,1,clean,3.0,5.979770764339069,0.0,0.0,0.08906756154988035,0.0,1.0,0.3398565498618556,0.4717260076527225,6.018862783964152,6.018862783964152,6.060878269185441,6.06087826918544,0.0
fdid_ar1_rho.7,1,clean,3.0,5.979770764339069,1.0,0.3398565498618556,0.08906756154988035,0.0,1.0,0.3398565498618556,0.4717260076527225,6.018862783964152,5.988592589791201,6.060878269185441,6.06087826918544,0.0
fdid_ar1_rho.7,1,clean,3.0,5.979770764339069,2.0,0.6797130997237112,0.08906756154988035,0.0,1.0,0.3398565498618556,0.4717260076527225,6.018862783964152,5.958322395618251,6.060878269185441,6.060878269185441,0.0
fdid_ar1_rho.7,1,inclusive,0.0,0.0,0.0,0.0,0.08906756154988035,0.3764061347361501,0.9664744234266354,0.14980812267169274,0.4625030950482527,0.03909201962508406,0.03909201962508406,0.08028604251030438,0.08307104726646597,0.0
fdid_ar1_rho.7,1,inclusive,0.0,0.0,1.0,0.14980812267169274,0.08906756154988035,0.3764061347361501,0.9664744234266354,0.14980812267169274,0.4625030950482527,0.03909201962508406,0.025748975438350953,0.08028604251030438,0.08307104726646587,0.0
fdid_ar1_rho.7,1,inclusive,0.0,0.0,2.0,0.2996162453433855,0.08906756154988035,0.3764061347361501,0.9664744234266354,0.14980812267169274,0.4625030950482527,0.03909201962508406,0.012405931251617907,0.08028604251030438,0.08307104726646584,0.0
fdid_ar1_rho.7,1,inclusive,1.0,1.9932569214463562,0.0,0.0,0.08906756154988035,0.3764061347361501,0.9664744234266354,0.14980812267169274,-0.2877710382894481,2.0323489410714406,2.0323489410714406,2.0067178764063214,2.0763279687128224,0.06682508755033882
fdid_ar1_rho.7,1,inclusive,1.0,1.9932569214463562,1.0,0.14980812267169274,0.08906756154988035,0.3764061347361501,0.9664744234266354,0.14980812267169274,-0.2877710382894481,2.0323489410714406,2.0190058968847073,2.0067178764063214,2.0763279687128224,0.06682508755033882
fdid_ar1_rho.7,1,inclusive,1.0,1.9932569214463562,2.0,0.2996162453433855,0.08906756154988035,0.3764061347361501,0.9664744234266354,0.14980812267169274,-0.2877710382894481,2.0323489410714406,2.005662852697974,2.0067178764063214,2.076327968712822,0.06682508755033882
fdid_ar1_rho.7,1,inclusive,3.0,5.979770764339069,0.0,0.0,0.08906756154988035,0.3764061347361501,0.9664744234266354,0.14980812267169274,-1.78831930496485,6.018862783964152,6.018862783964152,5.859581544198357,6.062841811605534,0.20047526265101645
fdid_ar1_rho.7,1,inclusive,3.0,5.979770764339069,1.0,0.14980812267169274,0.08906756154988035,0.3764061347361501,0.9664744234266354,0.14980812267169274,-1.78831930496485,6.018862783964152,6.0055197397774185,5.859581544198357,6.062841811605534,0.20047526265101645
fdid_ar1_rho.7,1,inclusive,3.0,5.979770764339069,2.0,0.2996162453433855,0.08906756154988035,0.3764061347361501,0.9664744234266354,0.14980812267169274,-1.78831930496485,6.018862783964152,5.992176695590686,5.859581544198357,6.062841811605534,0.20047526265101645
fdid_ar1_rho.7,2,clean,0.0,0.0,0.0,0.0,0.08001784028833947,0.0,1.0,0.28386070203876285,0.18810728307424146,0.2560617156111267,0.2560617156111267,0.2711136541452347,0.2711136541452348,0.0
fdid_ar1_rho.7,2,clean,0.0,0.0,1.0,0.28386070203876285,0.08001784028833947,0.0,1.0,0.28386070203876285,0.18810728307424146,0.2560617156111267,0.23334779529125305,0.2711136541452347,0.2711136541452348,0.0
fdid_ar1_rho.7,2,clean,0.0,0.0,2.0,0.5677214040775257,0.08001784028833947,0.0,1.0,0.28386070203876285,0.18810728307424146,0.2560617156111267,0.21063387497137925,0.2711136541452347,0.27111365414523464,0.0
fdid_ar1_rho.7,2,clean,1.0,2.9018002242524807,0.0,0.0,0.08001784028833947,0.0,1.0,0.28386070203876285,0.18810728307424146,3.157861939863608,3.157861939863608,3.1729138783977153,3.1729138783977158,0.0
fdid_ar1_rho.7,2,clean,1.0,2.9018002242524807,1.0,0.28386070203876285,0.08001784028833947,0.0,1.0,0.28386070203876285,0.18810728307424146,3.157861939863608,3.135148019543734,3.1729138783977153,3.1729138783977158,0.0
fdid_ar1_rho.7,2,clean,1.0,2.9018002242524807,2.0,0.5677214040775257,0.08001784028833947,0.0,1.0,0.28386070203876285,0.18810728307424146,3.157861939863608,3.1124340992238597,3.1729138783977153,3.1729138783977153,0.0
fdid_ar1_rho.7,2,clean,3.0,8.705400672757442,0.0,0.0,0.08001784028833947,0.0,1.0,0.28386070203876285,0.18810728307424146,8.96146238836857,8.96146238836857,8.976514326902677,8.976514326902679,0.0
fdid_ar1_rho.7,2,clean,3.0,8.705400672757442,1.0,0.28386070203876285,0.08001784028833947,0.0,1.0,0.28386070203876285,0.18810728307424146,8.96146238836857,8.938748468048695,8.976514326902677,8.976514326902677,0.0
fdid_ar1_rho.7,2,clean,3.0,8.705400672757442,2.0,0.5677214040775257,0.08001784028833947,0.0,1.0,0.28386070203876285,0.18810728307424146,8.96146238836857,8.91603454772882,8.976514326902677,8.976514326902675,0.0
fdid_ar1_rho.7,2,inclusive,0.0,0.0,0.0,0.0,0.08001784028833947,0.5109474027576774,0.9591150923303943,0.2675954211311763,-0.16626658628610796,0.2560617156111267,0.2560617156111267,0.24275742246439744,0.25310562246973045,0.0
fdid_ar1_rho.7,2,inclusive,0.0,0.0,1.0,0.2675954211311763,0.08001784028833947,0.5109474027576774,0.9591150923303943,0.2675954211311763,-0.16626658628610796,0.2560617156111267,0.2346493079411613,0.24275742246439744,0.2531056224697305,0.0
fdid_ar1_rho.7,2,inclusive,0.0,0.0,2.0,0.5351908422623526,0.08001784028833947,0.5109474027576774,0.9591150923303943,0.2675954211311763,-0.16626658628610796,0.2560617156111267,0.21323690027119585,0.24275742246439744,0.25310562246973045,0.0
fdid_ar1_rho.7,2,inclusive,1.0,2.9018002242524807,0.0,0.0,0.08001784028833947,0.5109474027576774,0.9591150923303943,0.2675954211311763,-1.6489338741895587,3.157861939863608,3.157861939863608,3.0259178124726747,3.1549058467222117,0.11863983424420375
fdid_ar1_rho.7,2,inclusive,1.0,2.9018002242524807,1.0,0.2675954211311763,0.08001784028833947,0.5109474027576774,0.9591150923303943,0.2675954211311763,-1.6489338741895587,3.157861939863608,3.136449532193642,3.0259178124726747,3.154905846722211,0.11863983424420375
fdid_ar1_rho.7,2,inclusive,1.0,2.9018002242524807,2.0,0.5351908422623526,0.08001784028833947,0.5109474027576774,0.9591150923303943,0.2675954211311763,-1.6489338741895587,3.157861939863608,3.1150371245236768,3.0259178124726747,3.1549058467222113,0.11863983424420375
fdid_ar1_rho.7,2,inclusive,3.0,8.705400672757442,0.0,0.0,0.08001784028833947,0.5109474027576774,0.9591150923303943,0.2675954211311763,-4.61426844999646,8.96146238836857,8.96146238836857,8.592238592489227,8.958506295227174,0.35591950273261125
fdid_ar1_rho.7,2,inclusive,3.0,8.705400672757442,1.0,0.2675954211311763,0.08001784028833947,0.5109474027576774,0.9591150923303943,0.2675954211311763,-4.61426844999646,8.96146238836857,8.940049980698602,8.592238592489227,8.95850629522717,0.35591950273261125
fdid_ar1_rho.7,2,inclusive,3.0,8.705400672757442,2.0,0.5351908422623526,0.08001784028833947,0.5109474027576774,0.9591150923303943,0.2675954211311763,-4.61426844999646,8.96146238836857,8.918637573028638,8.592238592489227,8.958506295227172,0.35591950273261125
fdid_ar1_rho.7,3,clean,0.0,0.0,0.0,0.0,0.07684146158792268,0.0,1.0,0.373641039242669,0.08999247411288694,0.006837819515160992,0.006837819515160992,0.013752972757908344,0.013752972757908521,0.0
fdid_ar1_rho.7,3,clean,0.0,0.0,1.0,0.373641039242669,0.07684146158792268,0.0,1.0,0.373641039242669,0.08999247411288694,0.006837819515160992,-0.021873304049476093,0.013752972757908344,0.01375297275790849,0.0
fdid_ar1_rho.7,3,clean,0.0,0.0,2.0,0.747282078485338,0.07684146158792268,0.0,1.0,0.373641039242669,0.08999247411288694,0.006837819515160992,-0.05058442761411321,0.013752972757908344,0.013752972757908453,0.0
fdid_ar1_rho.7,3,clean,1.0,3.237789615539449,0.0,0.0,0.07684146158792268,0.0,1.0,0.373641039242669,0.08999247411288694,3.2446274350546096,3.2446274350546096,3.251542588297357,3.251542588297357,0.0
fdid_ar1_rho.7,3,clean,1.0,3.237789615539449,1.0,0.373641039242669,0.07684146158792268,0.0,1.0,0.373641039242669,0.08999247411288694,3.2446274350546096,3.2159163114899725,3.251542588297357,3.251542588297357,0.0
fdid_ar1_rho.7,3,clean,1.0,3.237789615539449,2.0,0.747282078485338,0.07684146158792268,0.0,1.0,0.373641039242669,0.08999247411288694,3.2446274350546096,3.1872051879253354,3.251542588297357,3.251542588297357,0.0
fdid_ar1_rho.7,3,clean,3.0,9.713368846618348,0.0,0.0,0.07684146158792268,0.0,1.0,0.373641039242669,0.08999247411288694,9.720206666133507,9.720206666133507,9.727121819376254,9.727121819376254,0.0
fdid_ar1_rho.7,3,clean,3.0,9.713368846618348,1.0,0.373641039242669,0.07684146158792268,0.0,1.0,0.373641039242669,0.08999247411288694,9.720206666133507,9.69149554256887,9.727121819376254,9.727121819376254,0.0
fdid_ar1_rho.7,3,clean,3.0,9.713368846618348,2.0,0.747282078485338,0.07684146158792268,0.0,1.0,0.373641039242669,0.08999247411288694,9.720206666133507,9.662784419004234,9.727121819376254,9.727121819376256,0.0
fdid_ar1_rho.7,3,inclusive,0.0,0.0,0.0,0.0,0.07684146158792268,0.5644320188781142,0.9566282187023838,0.418074555283218,-0.09988465390309637,0.006837819515160992,0.006837819515160992,-0.0008374632809568794,-0.0008754323409910631,0.0
fdid_ar1_rho.7,3,inclusive,0.0,0.0,1.0,0.418074555283218,0.07684146158792268,0.5644320188781142,0.9566282187023838,0.418074555283218,-0.09988465390309637,0.006837819515160992,-0.02528764036552259,-0.0008374632809568794,-0.0008754323409913987,0.0
fdid_ar1_rho.7,3,inclusive,0.0,0.0,2.0,0.836149110566436,0.07684146158792268,0.5644320188781142,0.9566282187023838,0.418074555283218,-0.09988465390309637,0.006837819515160992,-0.05741310024620555,-0.0008374632809568794,-0.0008754323409910982,0.0
fdid_ar1_rho.7,3,inclusive,1.0,3.237789615539449,0.0,0.0,0.07684146158792268,0.5644320188781142,0.9566282187023838,0.418074555283218,-1.9273967833046215,3.2446274350546096,3.2446274350546096,3.096523449165622,3.2369141831984574,0.14042870309287003
fdid_ar1_rho.7,3,inclusive,1.0,3.237789615539449,1.0,0.418074555283218,0.07684146158792268,0.5644320188781142,0.9566282187023838,0.418074555283218,-1.9273967833046215,3.2446274350546096,3.212501975173926,3.096523449165622,3.2369141831984574,0.14042870309287003
fdid_ar1_rho.7,3,inclusive,1.0,3.237789615539449,2.0,0.836149110566436,0.07684146158792268,0.5644320188781142,0.9566282187023838,0.418074555283218,-1.9273967833046215,3.2446274350546096,3.1803765152932435,3.096523449165622,3.236914183198458,0.14042870309287003
fdid_ar1_rho.7,3,inclusive,3.0,9.713368846618348,0.0,0.0,0.07684146158792268,0.5644320188781142,0.9566282187023838,0.418074555283218,-5.58242104210767,9.720206666133507,9.720206666133507,9.29124527405878,9.712493414277354,0.4212861092786101
fdid_ar1_rho.7,3,inclusive,3.0,9.713368846618348,1.0,0.418074555283218,0.07684146158792268,0.5644320188781142,0.9566282187023838,0.418074555283218,-5.58242104210767,9.720206666133507,9.688081206252825,9.29124527405878,9.712493414277356,0.4212861092786101
fdid_ar1_rho.7,3,inclusive,3.0,9.713368846618348,2.0,0.836149110566436,0.07684146158792268,0.5644320188781142,0.9566282187023838,0.418074555283218,-5.58242104210767,9.720206666133507,9.65595574637214,9.29124527405878,9.712493414277354,0.4212861092786101
fdid_ar1_rho.7,4,clean,0.0,0.0,0.0,0.0,0.08957033980383981,0.0,1.0,0.4457505913572268,1.0804208428225925,-0.2794180266761196,-0.2794180266761196,-0.18264436465334857,-0.18264436465334896,0.0
fdid_ar1_rho.7,4,clean,0.0,0.0,1.0,0.4457505913572268,0.08957033980383981,0.0,1.0,0.4457505913572268,1.0804208428225925,-0.2794180266761196,-0.31934405861174875,-0.18264436465334857,-0.1826443646533488,0.0
fdid_ar1_rho.7,4,clean,0.0,0.0,2.0,0.8915011827144536,0.08957033980383981,0.0,1.0,0.4457505913572268,1.0804208428225925,-0.2794180266761196,-0.3592700905473779,-0.18264436465334857,-0.1826443646533486,0.0
fdid_ar1_rho.7,4,clean,1.0,2.590654884206317,0.0,0.0,0.08957033980383981,0.0,1.0,0.4457505913572268,1.0804208428225925,2.3112368575301963,2.3112368575301963,2.4080105195529677,2.408010519552967,0.0
fdid_ar1_rho.7,4,clean,1.0,2.590654884206317,1.0,0.4457505913572268,0.08957033980383981,0.0,1.0,0.4457505913572268,1.0804208428225925,2.3112368575301963,2.2713108255945675,2.4080105195529677,2.4080105195529673,0.0
fdid_ar1_rho.7,4,clean,1.0,2.590654884206317,2.0,0.8915011827144536,0.08957033980383981,0.0,1.0,0.4457505913572268,1.0804208428225925,2.3112368575301963,2.2313847936589384,2.4080105195529677,2.4080105195529677,0.0
fdid_ar1_rho.7,4,clean,3.0,7.7719646526189505,0.0,0.0,0.08957033980383981,0.0,1.0,0.4457505913572268,1.0804208428225925,7.492546625942831,7.492546625942831,7.589320287965601,7.589320287965601,0.0
fdid_ar1_rho.7,4,clean,3.0,7.7719646526189505,1.0,0.4457505913572268,0.08957033980383981,0.0,1.0,0.4457505913572268,1.0804208428225925,7.492546625942831,7.452620594007202,7.589320287965601,7.589320287965602,0.0
fdid_ar1_rho.7,4,clean,3.0,7.7719646526189505,2.0,0.8915011827144536,0.08957033980383981,0.0,1.0,0.4457505913572268,1.0804208428225925,7.492546625942831,7.412694562071572,7.589320287965601,7.5893202879656005,0.0
fdid_ar1_rho.7,4,inclusive,0.0,0.0,0.0,0.0,0.08957033980383981,0.3590751782559767,0.9678375142684879,0.41329813355723893,1.0489108926739212,-0.2794180266761196,-0.2794180266761196,-0.18546672159536728,-0.19163001935872181,0.0
fdid_ar1_rho.7,4,inclusive,0.0,0.0,1.0,0.41329813355723893,0.08957033980383981,0.3590751782559767,0.9678375142684879,0.41329813355723893,1.0489108926739212,-0.2794180266761196,-0.31643728093913415,-0.18546672159536728,-0.19163001935872168,0.0
fdid_ar1_rho.7,4,inclusive,0.0,0.0,2.0,0.8265962671144779,0.08957033980383981,0.3590751782559767,0.9678375142684879,0.41329813355723893,1.0489108926739212,-0.2794180266761196,-0.3534565352021489,-0.18546672159536728,-0.19163001935872184,0.0
fdid_ar1_rho.7,4,inclusive,1.0,2.590654884206317,0.0,0.0,0.08957033980383981,0.3590751782559767,0.9678375142684879,0.41329813355723893,0.11867102832782184,2.3112368575301963,2.3112368575301963,2.3218662618623904,2.3990248648475943,0.08332190074855801
fdid_ar1_rho.7,4,inclusive,1.0,2.590654884206317,1.0,0.41329813355723893,0.08957033980383981,0.3590751782559767,0.9678375142684879,0.41329813355723893,0.11867102832782184,2.3112368575301963,2.274217603267182,2.3218662618623904,2.3990248648475947,0.08332190074855801
fdid_ar1_rho.7,4,inclusive,1.0,2.590654884206317,2.0,0.8265962671144779,0.08957033980383981,0.3590751782559767,0.9678375142684879,0.41329813355723893,0.11867102832782184,2.3112368575301963,2.237198349004167,2.3218662618623904,2.3990248648475943,0.08332190074855801
fdid_ar1_rho.7,4,inclusive,3.0,7.7719646526189505,0.0,0.0,0.08957033980383981,0.3590751782559767,0.9678375142684879,0.41329813355723893,-1.7418087003643783,7.492546625942831,7.492546625942831,7.336532228777908,7.580334633260229,0.24996570224567402
fdid_ar1_rho.7,4,inclusive,3.0,7.7719646526189505,1.0,0.41329813355723893,0.08957033980383981,0.3590751782559767,0.9678375142684879,0.41329813355723893,-1.7418087003643783,7.492546625942831,7.455527371679816,7.336532228777908,7.580334633260228,0.24996570224567402
fdid_ar1_rho.7,4,inclusive,3.0,7.7719646526189505,2.0,0.8265962671144779,0.08957033980383981,0.3590751782559767,0.9678375142684879,0.41329813355723893,-1.7418087003643783,7.492546625942831,7.418508117416801,7.336532228777908,7.580334633260228,0.24996570224567402
fdid_ar1_rho.7,5,clean,0.0,0.0,0.0,0.0,0.07657071194398683,0.0,1.0,0.2970867804195176,0.14110275223286928,-0.01656722345537769,-0.01656722345537769,-0.005762885259650896,-0.005762885259650911,0.0
fdid_ar1_rho.7,5,clean,0.0,0.0,1.0,0.2970867804195176,0.07657071194398683,0.0,1.0,0.2970867804195176,0.14110275223286928,-0.01656722345537769,-0.03931536974124694,-0.005762885259650896,-0.005762885259650811,0.0
fdid_ar1_rho.7,5,clean,0.0,0.0,2.0,0.5941735608390352,0.07657071194398683,0.0,1.0,0.2970867804195176,0.14110275223286928,-0.01656722345537769,-0.06206351602711637,-0.005762885259650896,-0.005762885259650896,0.0
fdid_ar1_rho.7,5,clean,1.0,2.486852905599802,0.0,0.0,0.07657071194398683,0.0,1.0,0.2970867804195176,0.14110275223286928,2.470285682144424,2.470285682144424,2.4810900203401514,2.481090020340151,0.0
fdid_ar1_rho.7,5,clean,1.0,2.486852905599802,1.0,0.2970867804195176,0.07657071194398683,0.0,1.0,0.2970867804195176,0.14110275223286928,2.470285682144424,2.4475375358585554,2.4810900203401514,2.4810900203401514,0.0
fdid_ar1_rho.7,5,clean,1.0,2.486852905599802,2.0,0.5941735608390352,0.07657071194398683,0.0,1.0,0.2970867804195176,0.14110275223286928,2.470285682144424,2.4247893895726853,2.4810900203401514,2.481090020340151,0.0
fdid_ar1_rho.7,5,clean,3.0,7.460558716799406,0.0,0.0,0.07657071194398683,0.0,1.0,0.2970867804195176,0.14110275223286928,7.443991493344027,7.443991493344027,7.454795831539753,7.454795831539754,0.0
fdid_ar1_rho.7,5,clean,3.0,7.460558716799406,1.0,0.2970867804195176,0.07657071194398683,0.0,1.0,0.2970867804195176,0.14110275223286928,7.443991493344027,7.421243347058159,7.454795831539753,7.454795831539755,0.0
fdid_ar1_rho.7,5,clean,3.0,7.460558716799406,2.0,0.5941735608390352,0.07657071194398683,0.0,1.0,0.2970867804195176,0.14110275223286928,7.443991493344027,7.39849520077229,7.454795831539753,7.454795831539755,0.0
fdid_ar1_rho.7,5,inclusive,0.0,0.0,0.0,0.0,0.07657071194398683,0.504279480280275,0.9613869611761957,0.2413554185385653,0.20920962773291002,-0.01656722345537769,-0.01656722345537769,-0.0005478933143323372,-0.0005698988403816134,0.0
fdid_ar1_rho.7,5,inclusive,0.0,0.0,1.0,0.2413554185385653,0.07657071194398683,0.504279480280275,0.9613869611761957,0.2413554185385653,0.20920962773291002,-0.01656722345537769,-0.03504797968441449,-0.0005478933143323372,-0.0005698988403815519,0.0
fdid_ar1_rho.7,5,inclusive,0.0,0.0,2.0,0.4827108370771306,0.07657071194398683,0.504279480280275,0.9613869611761957,0.2413554185385653,0.20920962773291002,-0.01656722345537769,-0.05352873591345131,-0.0005478933143323372,-0.0005698988403814992,0.0
fdid_ar1_rho.7,5,inclusive,1.0,2.486852905599802,0.0,0.0,0.07657071194398683,0.504279480280275,0.9613869611761957,0.2413554185385653,-1.0448592630364502,2.470285682144424,2.470285682144424,2.390280064492454,2.4862830067594204,0.09602494779301575
fdid_ar1_rho.7,5,inclusive,1.0,2.486852905599802,1.0,0.2413554185385653,0.07657071194398683,0.504279480280275,0.9613869611761957,0.2413554185385653,-1.0448592630364502,2.470285682144424,2.451804925915387,2.390280064492454,2.48628300675942,0.09602494779301575
fdid_ar1_rho.7,5,inclusive,1.0,2.486852905599802,2.0,0.4827108370771306,0.07657071194398683,0.504279480280275,0.9613869611761957,0.2413554185385653,-1.0448592630364502,2.470285682144424,2.433324169686351,2.390280064492454,2.486283006759421,0.09602494779301575
fdid_ar1_rho.7,5,inclusive,3.0,7.460558716799406,0.0,0.0,0.07657071194398683,0.504279480280275,0.9613869611761957,0.2413554185385653,-3.55299704457517,7.443991493344027,7.443991493344027,7.171935980106028,7.459988817959023,0.28807484337904726
fdid_ar1_rho.7,5,inclusive,3.0,7.460558716799406,1.0,0.2413554185385653,0.07657071194398683,0.504279480280275,0.9613869611761957,0.2413554185385653,-3.55299704457517,7.443991493344027,7.42551073711499,7.171935980106028,7.459988817959023,0.28807484337904726
fdid_ar1_rho.7,5,inclusive,3.0,7.460558716799406,2.0,0.4827108370771306,0.07657071194398683,0.504279480280275,0.9613869611761957,0.2413554185385653,-3.55299704457517,7.443991493344027,7.407029980885954,7.171935980106028,7.459988817959024,0.28807484337904726
fdid_ar1_rho.7,6,clean,0.0,0.0,0.0,0.0,0.07137748019512392,0.0,1.0,0.35193039968112577,-0.22637194084167295,-0.370266411673718,-0.370266411673718,-0.3864242703978763,-0.38642427039787625,0.0
fdid_ar1_rho.7,6,clean,0.0,0.0,1.0,0.35193039968112577,0.07137748019512392,0.0,1.0,0.35193039968112577,-0.22637194084167295,-0.370266411673718,-0.3953863168070195,-0.3864242703978763,-0.3864242703978762,0.0
fdid_ar1_rho.7,6,clean,0.0,0.0,2.0,0.7038607993622515,0.07137748019512392,0.0,1.0,0.35193039968112577,-0.22637194084167295,-0.370266411673718,-0.4205062219403211,-0.3864242703978763,-0.3864242703978762,0.0
fdid_ar1_rho.7,6,clean,1.0,3.147875032096498,0.0,0.0,0.07137748019512392,0.0,1.0,0.35193039968112577,-0.22637194084167295,2.7776086204227797,2.7776086204227797,2.7614507616986215,2.7614507616986215,0.0
fdid_ar1_rho.7,6,clean,1.0,3.147875032096498,1.0,0.35193039968112577,0.07137748019512392,0.0,1.0,0.35193039968112577,-0.22637194084167295,2.7776086204227797,2.7524887152894784,2.7614507616986215,2.7614507616986215,0.0
fdid_ar1_rho.7,6,clean,1.0,3.147875032096498,2.0,0.7038607993622515,0.07137748019512392,0.0,1.0,0.35193039968112577,-0.22637194084167295,2.7776086204227797,2.7273688101561766,2.7614507616986215,2.7614507616986215,0.0
fdid_ar1_rho.7,6,clean,3.0,9.443625096289495,0.0,0.0,0.07137748019512392,0.0,1.0,0.35193039968112577,-0.22637194084167295,9.073358684615776,9.073358684615776,9.057200825891616,9.057200825891618,0.0
fdid_ar1_rho.7,6,clean,3.0,9.443625096289495,1.0,0.35193039968112577,0.07137748019512392,0.0,1.0,0.35193039968112577,-0.22637194084167295,9.073358684615776,9.048238779482473,9.057200825891616,9.057200825891616,0.0
fdid_ar1_rho.7,6,clean,3.0,9.443625096289495,2.0,0.7038607993622515,0.07137748019512392,0.0,1.0,0.35193039968112577,-0.22637194084167295,9.073358684615776,9.023118874349173,9.057200825891616,9.057200825891618,0.0
fdid_ar1_rho.7,6,inclusive,0.0,0.0,0.0,0.0,0.07137748019512392,0.0456032042425152,0.9967449581923457,0.35056776417761876,-0.20787622204457606,-0.370266411673718,-0.370266411673718,-0.38510409259574185,-0.3863617161346372,0.0
fdid_ar1_rho.7,6,inclusive,0.0,0.0,1.0,0.35056776417761876,0.07137748019512392,0.0456032042425152,0.9967449581923457,0.35056776417761876,-0.20787622204457606,-0.370266411673718,-0.3952890553183548,-0.38510409259574185,-0.38636171613463716,0.0
fdid_ar1_rho.7,6,inclusive,0.0,0.0,2.0,0.7011355283552375,0.07137748019512392,0.0456032042425152,0.9967449581923457,0.35056776417761876,-0.20787622204457606,-0.370266411673718,-0.42031169896299164,-0.38510409259574185,-0.38636171613463716,0.0
fdid_ar1_rho.7,6,inclusive,1.0,3.147875032096498,0.0,0.0,0.07137748019512392,0.0456032042425152,0.9967449581923457,0.35056776417761876,-0.3514294100631867,2.7776086204227797,2.7776086204227797,2.7525244746660102,2.7615133159618606,0.010246464834745285
fdid_ar1_rho.7,6,inclusive,1.0,3.147875032096498,1.0,0.35056776417761876,0.07137748019512392,0.0456032042425152,0.9967449581923457,0.35056776417761876,-0.3514294100631867,2.7776086204227797,2.752585976778143,2.7525244746660102,2.7615133159618606,0.010246464834745285
fdid_ar1_rho.7,6,inclusive,1.0,3.147875032096498,2.0,0.7011355283552375,0.07137748019512392,0.0456032042425152,0.9967449581923457,0.35056776417761876,-0.3514294100631867,2.7776086204227797,2.727563333133506,2.7525244746660102,2.7615133159618606,0.010246464834745285
fdid_ar1_rho.7,6,inclusive,3.0,9.443625096289495,0.0,0.0,0.07137748019512392,0.0456032042425152,0.9967449581923457,0.35056776417761876,-0.6385357861004081,9.073358684615776,9.073358684615776,9.027781609189514,9.057263380154858,0.030739394504235858
fdid_ar1_rho.7,6,inclusive,3.0,9.443625096289495,1.0,0.35056776417761876,0.07137748019512392,0.0456032042425152,0.9967449581923457,0.35056776417761876,-0.6385357861004081,9.073358684615776,9.048336040971138,9.027781609189514,9.057263380154856,0.030739394504235858
fdid_ar1_rho.7,6,inclusive,3.0,9.443625096289495,2.0,0.7011355283552375,0.07137748019512392,0.0456032042425152,0.9967449581923457,0.35056776417761876,-0.6385357861004081,9.073358684615776,9.0233133973265,9.027781609189514,9.057263380154856,0.030739394504235858
fdid_ar1_rho.7,7,clean,0.0,0.0,0.0,0.0,0.07830344960319523,0.0,1.0,0.2334456640699411,0.5922876606807741,0.5904044810597406,0.5904044810597406,0.6367826480484517,0.6367826480484521,0.0
fdid_ar1_rho.7,7,clean,0.0,0.0,1.0,0.2334456640699411,0.07830344960319523,0.0,1.0,0.2334456640699411,0.5922876606807741,0.5904044810597406,0.5721248802681556,0.6367826480484517,0.636782648048452,0.0
fdid_ar1_rho.7,7,clean,0.0,0.0,2.0,0.4668913281398822,0.07830344960319523,0.0,1.0,0.2334456640699411,0.5922876606807741,0.5904044810597406,0.5538452794765705,0.6367826480484517,0.636782648048452,0.0
fdid_ar1_rho.7,7,clean,1.0,2.657551076404092,0.0,0.0,0.07830344960319523,0.0,1.0,0.2334456640699411,0.5922876606807741,3.2479555574638335,3.2479555574638335,3.2943337244525446,3.294333724452545,0.0
fdid_ar1_rho.7,7,clean,1.0,2.657551076404092,1.0,0.2334456640699411,0.07830344960319523,0.0,1.0,0.2334456640699411,0.5922876606807741,3.2479555574638335,3.229675956672248,3.2943337244525446,3.2943337244525446,0.0
fdid_ar1_rho.7,7,clean,1.0,2.657551076404092,2.0,0.4668913281398822,0.07830344960319523,0.0,1.0,0.2334456640699411,0.5922876606807741,3.2479555574638335,3.2113963558806633,3.2943337244525446,3.294333724452545,0.0
fdid_ar1_rho.7,7,clean,3.0,7.972653229212277,0.0,0.0,0.07830344960319523,0.0,1.0,0.2334456640699411,0.5922876606807741,8.563057710272018,8.563057710272018,8.60943587726073,8.60943587726073,0.0
fdid_ar1_rho.7,7,clean,3.0,7.972653229212277,1.0,0.2334456640699411,0.07830344960319523,0.0,1.0,0.2334456640699411,0.5922876606807741,8.563057710272018,8.544778109480431,8.60943587726073,8.609435877260728,0.0
fdid_ar1_rho.7,7,clean,3.0,7.972653229212277,2.0,0.4668913281398822,0.07830344960319523,0.0,1.0,0.2334456640699411,0.5922876606807741,8.563057710272018,8.526498508688848,8.60943587726073,8.60943587726073,0.0
fdid_ar1_rho.7,7,inclusive,0.0,0.0,0.0,0.0,0.07830344960319523,0.4843680839776186,0.9620723081468623,0.2905315445745603,0.18458394200363437,0.5904044810597406,0.5904044810597406,0.6048580404599813,0.6287033057058415,0.0
fdid_ar1_rho.7,7,inclusive,0.0,0.0,1.0,0.2905315445745603,0.07830344960319523,0.4843680839776186,0.9620723081468623,0.2905315445745603,0.18458394200363437,0.5904044810597406,0.567654858901008,0.6048580404599813,0.6287033057058414,0.0
fdid_ar1_rho.7,7,inclusive,0.0,0.0,2.0,0.5810630891491206,0.07830344960319523,0.4843680839776186,0.9620723081468623,0.2905315445745603,0.18458394200363437,0.5904044810597406,0.5449052367422755,0.6048580404599813,0.6287033057058415,0.0
fdid_ar1_rho.7,7,inclusive,1.0,2.657551076404092,0.0,0.0,0.07830344960319523,0.4843680839776186,0.9620723081468623,0.2905315445745603,-1.1026489809468734,3.2479555574638335,3.2479555574638335,3.1616143385542452,3.2862543821099344,0.10079477830982879
fdid_ar1_rho.7,7,inclusive,1.0,2.657551076404092,1.0,0.2905315445745603,0.07830344960319523,0.4843680839776186,0.9620723081468623,0.2905315445745603,-1.1026489809468734,3.2479555574638335,3.2252059353051004,3.1616143385542452,3.286254382109934,0.10079477830982879
fdid_ar1_rho.7,7,inclusive,1.0,2.657551076404092,2.0,0.5810630891491206,0.07830344960319523,0.4843680839776186,0.9620723081468623,0.2905315445745603,-1.1026489809468734,3.2479555574638335,3.202456313146368,3.1616143385542452,3.286254382109934,0.10079477830982879
fdid_ar1_rho.7,7,inclusive,3.0,7.972653229212277,0.0,0.0,0.07830344960319523,0.4843680839776186,0.9620723081468623,0.2905315445745603,-3.6771148268478897,8.563057710272018,8.563057710272018,8.27512693474277,8.601356534918118,0.3023843349294864
fdid_ar1_rho.7,7,inclusive,3.0,7.972653229212277,1.0,0.2905315445745603,0.07830344960319523,0.4843680839776186,0.9620723081468623,0.2905315445745603,-3.6771148268478897,8.563057710272018,8.540308088113285,8.27512693474277,8.601356534918118,0.3023843349294864
fdid_ar1_rho.7,7,inclusive,3.0,7.972653229212277,2.0,0.5810630891491206,0.07830344960319523,0.4843680839776186,0.9620723081468623,0.2905315445745603,-3.6771148268478897,8.563057710272018,8.517558465954552,8.27512693474277,8.601356534918118,0.3023843349294864
fdid_ar1_rho.7,8,clean,0.0,0.0,0.0,0.0,0.07898457202914679,0.0,1.0,0.29166057274650703,-0.2280807884040974,0.2507694230340297,0.2507694230340297,0.23275455957386174,0.2327545595738617,0.0
fdid_ar1_rho.7,8,clean,0.0,0.0,1.0,0.29166057274650703,0.07898457202914679,0.0,1.0,0.29166057274650703,-0.2280807884040974,0.2507694230340297,0.2277327375178711,0.23275455957386174,0.23275455957386176,0.0
fdid_ar1_rho.7,8,clean,0.0,0.0,2.0,0.5833211454930141,0.07898457202914679,0.0,1.0,0.29166057274650703,-0.2280807884040974,0.2507694230340297,0.2046960520017124,0.23275455957386174,0.23275455957386176,0.0
fdid_ar1_rho.7,8,clean,1.0,2.5929667265013814,0.0,0.0,0.07898457202914679,0.0,1.0,0.29166057274650703,-0.2280807884040974,2.843736149535411,2.843736149535411,2.825721286075243,2.8257212860752428,0.0
fdid_ar1_rho.7,8,clean,1.0,2.5929667265013814,1.0,0.29166057274650703,0.07898457202914679,0.0,1.0,0.29166057274650703,-0.2280807884040974,2.843736149535411,2.8206994640192526,2.825721286075243,2.825721286075243,0.0
fdid_ar1_rho.7,8,clean,1.0,2.5929667265013814,2.0,0.5833211454930141,0.07898457202914679,0.0,1.0,0.29166057274650703,-0.2280807884040974,2.843736149535411,2.7976627785030934,2.825721286075243,2.8257212860752428,0.0
fdid_ar1_rho.7,8,clean,3.0,7.778900179504144,0.0,0.0,0.07898457202914679,0.0,1.0,0.29166057274650703,-0.2280807884040974,8.029669602538174,8.029669602538174,8.011654739078008,8.011654739078006,0.0
fdid_ar1_rho.7,8,clean,3.0,7.778900179504144,1.0,0.29166057274650703,0.07898457202914679,0.0,1.0,0.29166057274650703,-0.2280807884040974,8.029669602538174,8.006632917022015,8.011654739078008,8.011654739078006,0.0
fdid_ar1_rho.7,8,clean,3.0,7.778900179504144,2.0,0.5833211454930141,0.07898457202914679,0.0,1.0,0.29166057274650703,-0.2280807884040974,8.029669602538174,7.983596231505857,8.011654739078008,8.011654739078006,0.0
fdid_ar1_rho.7,8,inclusive,0.0,0.0,0.0,0.0,0.07898457202914679,0.6502536136421961,0.948639996616065,0.18449446276686504,-0.2702761238912542,0.2507694230340297,0.2507694230340297,0.22942177905878242,0.2418428274974308,0.0
fdid_ar1_rho.7,8,inclusive,0.0,0.0,1.0,0.18449446276686504,0.07898457202914679,0.6502536136421961,0.948639996616065,0.18449446276686504,-0.2702761238912542,0.2507694230340297,0.23619720685064158,0.22942177905878242,0.24184282749743086,0.0
fdid_ar1_rho.7,8,inclusive,0.0,0.0,2.0,0.3689889255337301,0.07898457202914679,0.6502536136421961,0.948639996616065,0.18449446276686504,-0.2702761238912542,0.2507694230340297,0.22162499066725339,0.22942177905878242,0.24184282749743086,0.0
fdid_ar1_rho.7,8,inclusive,1.0,2.5929667265013814,0.0,0.0,0.07898457202914679,0.6502536136421961,0.948639996616065,0.18449446276686504,-1.956362107852754,2.843736149535411,2.843736149535411,2.689213725712622,2.834809553998812,0.13317477984754186
fdid_ar1_rho.7,8,inclusive,1.0,2.5929667265013814,1.0,0.18449446276686504,0.07898457202914679,0.6502536136421961,0.948639996616065,0.18449446276686504,-1.956362107852754,2.843736149535411,2.829163933352023,2.689213725712622,2.8348095539988125,0.13317477984754186
fdid_ar1_rho.7,8,inclusive,1.0,2.5929667265013814,2.0,0.3689889255337301,0.07898457202914679,0.6502536136421961,0.948639996616065,0.18449446276686504,-1.956362107852754,2.843736149535411,2.8145917171686348,2.689213725712622,2.834809553998812,0.13317477984754186
fdid_ar1_rho.7,8,inclusive,3.0,7.778900179504144,0.0,0.0,0.07898457202914679,0.6502536136421961,0.948639996616065,0.18449446276686504,-5.328534075775752,8.029669602538174,8.029669602538174,7.608797619020303,8.020743007001576,0.3995243395426256
fdid_ar1_rho.7,8,inclusive,3.0,7.778900179504144,1.0,0.18449446276686504,0.07898457202914679,0.6502536136421961,0.948639996616065,0.18449446276686504,-5.328534075775752,8.029669602538174,8.015097386354785,7.608797619020303,8.020743007001574,0.3995243395426256
fdid_ar1_rho.7,8,inclusive,3.0,7.778900179504144,2.0,0.3689889255337301,0.07898457202914679,0.6502536136421961,0.948639996616065,0.18449446276686504,-5.328534075775752,8.029669602538174,8.000525170171398,7.608797619020303,8.020743007001576,0.3995243395426256
fdid_ar1_rho.7,9,clean,0.0,0.0,0.0,0.0,0.07410396167493732,0.0,1.0,0.22023696762547149,-0.21647288752420213,-0.0294703273100843,-0.0294703273100843,-0.045511825870840905,-0.045511825870840794,0.0
fdid_ar1_rho.7,9,clean,0.0,0.0,1.0,0.22023696762547149,0.07410396167493732,0.0,1.0,0.22023696762547149,-0.21647288752420213,-0.0294703273100843,-0.04579075911840671,-0.045511825870840905,-0.04551182587084085,0.0
fdid_ar1_rho.7,9,clean,0.0,0.0,2.0,0.44047393525094297,0.07410396167493732,0.0,1.0,0.22023696762547149,-0.21647288752420213,-0.0294703273100843,-0.06211119092672914,-0.045511825870840905,-0.045511825870840926,0.0
fdid_ar1_rho.7,9,clean,1.0,2.6654477283933997,0.0,0.0,0.07410396167493732,0.0,1.0,0.22023696762547149,-0.21647288752420213,2.6359774010833155,2.6359774010833155,2.619935902522559,2.619935902522559,0.0
fdid_ar1_rho.7,9,clean,1.0,2.6654477283933997,1.0,0.22023696762547149,0.07410396167493732,0.0,1.0,0.22023696762547149,-0.21647288752420213,2.6359774010833155,2.6196569692749927,2.619935902522559,2.6199359025225584,0.0
fdid_ar1_rho.7,9,clean,1.0,2.6654477283933997,2.0,0.44047393525094297,0.07410396167493732,0.0,1.0,0.22023696762547149,-0.21647288752420213,2.6359774010833155,2.603336537466671,2.619935902522559,2.6199359025225593,0.0
fdid_ar1_rho.7,9,clean,3.0,7.9963431851802,0.0,0.0,0.07410396167493732,0.0,1.0,0.22023696762547149,-0.21647288752420213,7.966872857870117,7.966872857870117,7.950831359309359,7.95083135930936,0.0
fdid_ar1_rho.7,9,clean,3.0,7.9963431851802,1.0,0.22023696762547149,0.07410396167493732,0.0,1.0,0.22023696762547149,-0.21647288752420213,7.966872857870117,7.950552426061793,7.950831359309359,7.950831359309359,0.0
fdid_ar1_rho.7,9,clean,3.0,7.9963431851802,2.0,0.44047393525094297,0.07410396167493732,0.0,1.0,0.22023696762547149,-0.21647288752420213,7.966872857870117,7.93423199425347,7.950831359309359,7.950831359309358,0.0
fdid_ar1_rho.7,9,inclusive,0.0,0.0,0.0,0.0,0.07410396167493732,0.0,1.0,0.22023485252094263,-0.21647518078462094,-0.0294703273100843,-0.0294703273100843,-0.04551199581052297,-0.04551199581052298,0.0
fdid_ar1_rho.7,9,inclusive,0.0,0.0,1.0,0.22023485252094263,0.07410396167493732,0.0,1.0,0.22023485252094263,-0.21647518078462094,-0.0294703273100843,-0.04579060238078172,-0.04551199581052297,-0.045511995810522995,0.0
fdid_ar1_rho.7,9,inclusive,0.0,0.0,2.0,0.44046970504188526,0.07410396167493732,0.0,1.0,0.22023485252094263,-0.21647518078462094,-0.0294703273100843,-0.06211087745147905,-0.04551199581052297,-0.045511995810522905,0.0
fdid_ar1_rho.7,9,inclusive,1.0,2.6654477283933997,0.0,0.0,0.07410396167493732,0.0,1.0,0.22023485252094263,-0.21647518078462094,2.6359774010833155,2.6359774010833155,2.619935732582877,2.619935732582877,0.0
fdid_ar1_rho.7,9,inclusive,1.0,2.6654477283933997,1.0,0.22023485252094263,0.07410396167493732,0.0,1.0,0.22023485252094263,-0.21647518078462094,2.6359774010833155,2.6196571260126182,2.619935732582877,2.619935732582877,0.0
fdid_ar1_rho.7,9,inclusive,1.0,2.6654477283933997,2.0,0.44046970504188526,0.07410396167493732,0.0,1.0,0.22023485252094263,-0.21647518078462094,2.6359774010833155,2.603336850941921,2.619935732582877,2.6199357325828774,0.0
fdid_ar1_rho.7,9,inclusive,3.0,7.9963431851802,0.0,0.0,0.07410396167493732,0.0,1.0,0.22023485252094263,-0.21647518078462094,7.966872857870117,7.966872857870117,7.950831189369677,7.950831189369678,0.0
fdid_ar1_rho.7,9,inclusive,3.0,7.9963431851802,1.0,0.22023485252094263,0.07410396167493732,0.0,1.0,0.22023485252094263,-0.21647518078462094,7.966872857870117,7.950552582799418,7.950831189369677,7.950831189369676,0.0
fdid_ar1_rho.7,9,inclusive,3.0,7.9963431851802,2.0,0.44046970504188526,0.07410396167493732,0.0,1.0,0.22023485252094263,-0.21647518078462094,7.966872857870117,7.9342323077287205,7.950831189369677,7.950831189369676,0.0
fdid_ar1_rho.7,10,clean,0.0,0.0,0.0,0.0,0.08481493108135871,0.0,1.0,0.3720520304798961,-0.2889985946166525,0.3412413864299844,0.3412413864299844,0.3167299905449634,0.31672999054496354,0.0
fdid_ar1_rho.7,10,clean,0.0,0.0,1.0,0.3720520304798961,0.08481493108135871,0.0,1.0,0.3720520304798961,-0.2889985946166525,0.3412413864299844,0.3096858191061524,0.3167299905449634,0.3167299905449634,0.0
fdid_ar1_rho.7,10,clean,0.0,0.0,2.0,0.7441040609597922,0.08481493108135871,0.0,1.0,0.3720520304798961,-0.2889985946166525,0.3412413864299844,0.2781302517823206,0.3167299905449634,0.3167299905449636,0.0
fdid_ar1_rho.7,10,clean,1.0,3.00284118180086,0.0,0.0,0.08481493108135871,0.0,1.0,0.3720520304798961,-0.2889985946166525,3.3440825682308444,3.3440825682308444,3.319571172345823,3.3195711723458237,0.0
fdid_ar1_rho.7,10,clean,1.0,3.00284118180086,1.0,0.3720520304798961,0.08481493108135871,0.0,1.0,0.3720520304798961,-0.2889985946166525,3.3440825682308444,3.312527000907012,3.319571172345823,3.319571172345823,0.0
fdid_ar1_rho.7,10,clean,1.0,3.00284118180086,2.0,0.7441040609597922,0.08481493108135871,0.0,1.0,0.3720520304798961,-0.2889985946166525,3.3440825682308444,3.2809714335831806,3.319571172345823,3.3195711723458237,0.0
fdid_ar1_rho.7,10,clean,3.0,9.008523545402578,0.0,0.0,0.08481493108135871,0.0,1.0,0.3720520304798961,-0.2889985946166525,9.349764931832564,9.349764931832564,9.325253535947544,9.325253535947542,0.0
fdid_ar1_rho.7,10,clean,3.0,9.008523545402578,1.0,0.3720520304798961,0.08481493108135871,0.0,1.0,0.3720520304798961,-0.2889985946166525,9.349764931832564,9.318209364508732,9.325253535947544,9.325253535947542,0.0
fdid_ar1_rho.7,10,clean,3.0,9.008523545402578,2.0,0.7441040609597922,0.08481493108135871,0.0,1.0,0.3720520304798961,-0.2889985946166525,9.349764931832564,9.2866537971849,9.325253535947544,9.325253535947544,0.0
fdid_ar1_rho.7,10,inclusive,0.0,0.0,0.0,0.0,0.08481493108135871,0.2860738216317064,0.9757366685341259,0.3424348442112976,-0.4699743709903944,0.3412413864299844,0.3412413864299844,0.3013805425444291,0.3088748760433498,0.0
fdid_ar1_rho.7,10,inclusive,0.0,0.0,1.0,0.3424348442112976,0.08481493108135871,0.2860738216317064,0.9757366685341259,0.3424348442112976,-0.4699743709903944,0.3412413864299844,0.3121977987183473,0.3013805425444291,0.3088748760433496,0.0
fdid_ar1_rho.7,10,inclusive,0.0,0.0,2.0,0.6848696884225952,0.08481493108135871,0.2860738216317064,0.9757366685341259,0.3424348442112976,-0.4699743709903944,0.3412413864299844,0.28315421100671023,0.3013805425444291,0.3088748760433496,0.0
fdid_ar1_rho.7,10,inclusive,1.0,3.00284118180086,0.0,0.0,0.08481493108135871,0.2860738216317064,0.9757366685341259,0.3424348442112976,-1.3290086236212364,3.3440825682308444,3.3440825682308444,3.2313627934118783,3.3117160578442095,0.07285893093341132
fdid_ar1_rho.7,10,inclusive,1.0,3.00284118180086,1.0,0.3424348442112976,0.08481493108135871,0.2860738216317064,0.9757366685341259,0.3424348442112976,-1.3290086236212364,3.3440825682308444,3.315038980519207,3.2313627934118783,3.3117160578442095,0.07285893093341132
fdid_ar1_rho.7,10,inclusive,1.0,3.00284118180086,2.0,0.6848696884225952,0.08481493108135871,0.2860738216317064,0.9757366685341259,0.3424348442112976,-1.3290086236212364,3.3440825682308444,3.2859953928075702,3.2313627934118783,3.3117160578442095,0.07285893093341132
fdid_ar1_rho.7,10,inclusive,3.0,9.008523545402578,0.0,0.0,0.08481493108135871,0.2860738216317064,0.9757366685341259,0.3424348442112976,-3.0470771288829193,9.349764931832564,9.349764931832564,9.091327295146774,9.31739842144593,0.21857679280023395
fdid_ar1_rho.7,10,inclusive,3.0,9.008523545402578,1.0,0.3424348442112976,0.08481493108135871,0.2860738216317064,0.9757366685341259,0.3424348442112976,-3.0470771288829193,9.349764931832564,9.320721344120928,9.091327295146774,9.31739842144593,0.21857679280023395
fdid_ar1_rho.7,10,inclusive,3.0,9.008523545402578,2.0,0.6848696884225952,0.08481493108135871,0.2860738216317064,0.9757366685341259,0.3424348442112976,-3.0470771288829193,9.349764931832564,9.29167775640929,9.091327295146774,9.31739842144593,0.21857679280023395
fdid_ar1_rho.7,11,clean,0.0,0.0,0.0,0.0,0.07510521261039503,0.0,1.0,0.26458108341985836,0.1028875693718881,0.07352305543081736,0.07352305543081736,0.08125044820345981,0.08125044820345978,0.0
fdid_ar1_rho.7,11,clean,0.0,0.0,1.0,0.26458108341985836,0.07510521261039503,0.0,1.0,0.26458108341985836,0.1028875693718881,0.07352305543081736,0.05365163690788022,0.08125044820345981,0.08125044820345977,0.0
fdid_ar1_rho.7,11,clean,0.0,0.0,2.0,0.5291621668397167,0.07510521261039503,0.0,1.0,0.26458108341985836,0.1028875693718881,0.07352305543081736,0.03378021838494303,0.08125044820345981,0.0812504482034597,0.0
fdid_ar1_rho.7,11,clean,1.0,2.5730890059463727,0.0,0.0,0.07510521261039503,0.0,1.0,0.26458108341985836,0.1028875693718881,2.64661206137719,2.64661206137719,2.6543394541498326,2.6543394541498326,0.0
fdid_ar1_rho.7,11,clean,1.0,2.5730890059463727,1.0,0.26458108341985836,0.07510521261039503,0.0,1.0,0.26458108341985836,0.1028875693718881,2.64661206137719,2.626740642854253,2.6543394541498326,2.654339454149832,0.0
fdid_ar1_rho.7,11,clean,1.0,2.5730890059463727,2.0,0.5291621668397167,0.07510521261039503,0.0,1.0,0.26458108341985836,0.1028875693718881,2.64661206137719,2.6068692243313154,2.6543394541498326,2.654339454149832,0.0
fdid_ar1_rho.7,11,clean,3.0,7.719267017839118,0.0,0.0,0.07510521261039503,0.0,1.0,0.26458108341985836,0.1028875693718881,7.792790073269936,7.792790073269936,7.800517466042578,7.800517466042578,0.0
fdid_ar1_rho.7,11,clean,3.0,7.719267017839118,1.0,0.26458108341985836,0.07510521261039503,0.0,1.0,0.26458108341985836,0.1028875693718881,7.792790073269936,7.7729186547469995,7.800517466042578,7.800517466042579,0.0
fdid_ar1_rho.7,11,clean,3.0,7.719267017839118,2.0,0.5291621668397167,0.07510521261039503,0.0,1.0,0.26458108341985836,0.1028875693718881,7.792790073269936,7.753047236224061,7.800517466042578,7.800517466042578,0.0
fdid_ar1_rho.7,11,inclusive,0.0,0.0,0.0,0.0,0.07510521261039503,0.15322781589455897,0.9884917923094126,0.2847761692261733,0.09490846733867016,0.07352305543081736,0.07352305543081736,0.08065117604881486,0.08159013223609032,0.0
fdid_ar1_rho.7,11,inclusive,0.0,0.0,1.0,0.2847761692261733,0.07510521261039503,0.15322781589455897,0.9884917923094126,0.2847761692261733,0.09490846733867016,0.07352305543081736,0.05213488069471163,0.08065117604881486,0.08159013223609018,0.0
fdid_ar1_rho.7,11,inclusive,0.0,0.0,2.0,0.5695523384523467,0.07510521261039503,0.15322781589455897,0.9884917923094126,0.2847761692261733,0.09490846733867016,0.07352305543081736,0.030746705958606214,0.08065117604881486,0.08159013223609035,0.0
fdid_ar1_rho.7,11,inclusive,1.0,2.5730890059463727,0.0,0.0,0.07510521261039503,0.15322781589455897,0.9884917923094126,0.2847761692261733,-0.29936034114479443,2.64661206137719,2.64661206137719,2.6241285393083897,2.654679138182463,0.029611642686797727
fdid_ar1_rho.7,11,inclusive,1.0,2.5730890059463727,1.0,0.2847761692261733,0.07510521261039503,0.15322781589455897,0.9884917923094126,0.2847761692261733,-0.29936034114479443,2.64661206137719,2.625223886641084,2.6241285393083897,2.6546791381824626,0.029611642686797727
fdid_ar1_rho.7,11,inclusive,1.0,2.5730890059463727,2.0,0.5695523384523467,0.07510521261039503,0.15322781589455897,0.9884917923094126,0.2847761692261733,-0.29936034114479443,2.64661206137719,2.603835711904979,2.6241285393083897,2.654679138182463,0.029611642686797727
fdid_ar1_rho.7,11,inclusive,3.0,7.719267017839118,0.0,0.0,0.07510521261039503,0.15322781589455897,0.9884917923094126,0.2847761692261733,-1.0878979581117236,7.792790073269936,7.792790073269936,7.71108326582754,7.800857150075209,0.08883492806039318
fdid_ar1_rho.7,11,inclusive,3.0,7.719267017839118,1.0,0.2847761692261733,0.07510521261039503,0.15322781589455897,0.9884917923094126,0.2847761692261733,-1.0878979581117236,7.792790073269936,7.77140189853383,7.71108326582754,7.800857150075208,0.08883492806039318
fdid_ar1_rho.7,11,inclusive,3.0,7.719267017839118,2.0,0.5695523384523467,0.07510521261039503,0.15322781589455897,0.9884917923094126,0.2847761692261733,-1.0878979581117236,7.792790073269936,7.750013723797724,7.71108326582754,7.800857150075208,0.08883492806039318
fdid_ar1_rho.7,12,clean,0.0,0.0,0.0,0.0,0.07698093185223899,0.0,1.0,0.28024635321910574,0.30072626989727935,-0.09002417142119405,-0.09002417142119405,-0.06687398293205368,-0.06687398293205356,0.0
fdid_ar1_rho.7,12,clean,0.0,0.0,1.0,0.28024635321910574,0.07698093185223899,0.0,1.0,0.28024635321910574,0.30072626989727935,-0.09002417142119405,-0.11159779684019251,-0.06687398293205368,-0.06687398293205354,0.0
fdid_ar1_rho.7,12,clean,0.0,0.0,2.0,0.5604927064382115,0.07698093185223899,0.0,1.0,0.28024635321910574,0.30072626989727935,-0.09002417142119405,-0.133171422259191,-0.06687398293205368,-0.06687398293205356,0.0
fdid_ar1_rho.7,12,clean,1.0,2.603380986708636,0.0,0.0,0.07698093185223899,0.0,1.0,0.28024635321910574,0.30072626989727935,2.5133568152874424,2.5133568152874424,2.5365070037765824,2.536507003776583,0.0
fdid_ar1_rho.7,12,clean,1.0,2.603380986708636,1.0,0.28024635321910574,0.07698093185223899,0.0,1.0,0.28024635321910574,0.30072626989727935,2.5133568152874424,2.491783189868444,2.5365070037765824,2.536507003776583,0.0
fdid_ar1_rho.7,12,clean,1.0,2.603380986708636,2.0,0.5604927064382115,0.07698093185223899,0.0,1.0,0.28024635321910574,0.30072626989727935,2.5133568152874424,2.4702095644494455,2.5365070037765824,2.536507003776583,0.0
fdid_ar1_rho.7,12,clean,3.0,7.8101429601259085,0.0,0.0,0.07698093185223899,0.0,1.0,0.28024635321910574,0.30072626989727935,7.720118788704715,7.720118788704715,7.743268977193855,7.743268977193855,0.0
fdid_ar1_rho.7,12,clean,3.0,7.8101429601259085,1.0,0.28024635321910574,0.07698093185223899,0.0,1.0,0.28024635321910574,0.30072626989727935,7.720118788704715,7.698545163285715,7.743268977193855,7.743268977193854,0.0
fdid_ar1_rho.7,12,clean,3.0,7.8101429601259085,2.0,0.5604927064382115,0.07698093185223899,0.0,1.0,0.28024635321910574,0.30072626989727935,7.720118788704715,7.676971537866717,7.743268977193855,7.743268977193855,0.0
fdid_ar1_rho.7,12,inclusive,0.0,0.0,0.0,0.0,0.07698093185223899,0.2205093826150616,0.9830249822441306,0.2665837547158025,0.2913980341954012,-0.09002417142119405,-0.09002417142119405,-0.0675920792089216,-0.06875926902144103,0.0
fdid_ar1_rho.7,12,inclusive,0.0,0.0,1.0,0.2665837547158025,0.07698093185223899,0.2205093826150616,0.9830249822441306,0.2665837547158025,0.2913980341954012,-0.09002417142119405,-0.11054603727588526,-0.0675920792089216,-0.06875926902144104,0.0
fdid_ar1_rho.7,12,inclusive,0.0,0.0,2.0,0.533167509431605,0.07698093185223899,0.2205093826150616,0.9830249822441306,0.2665837547158025,0.2913980341954012,-0.09002417142119405,-0.13106790313057654,-0.0675920792089216,-0.06875926902144112,0.0
fdid_ar1_rho.7,12,inclusive,1.0,2.603380986708636,0.0,0.0,0.07698093185223899,0.2205093826150616,0.9830249822441306,0.2665837547158025,-0.28267189989551006,2.5133568152874424,2.5133568152874424,2.491596469025043,2.5346217176871955,0.04419243847467176
fdid_ar1_rho.7,12,inclusive,1.0,2.603380986708636,1.0,0.2665837547158025,0.07698093185223899,0.2205093826150616,0.9830249822441306,0.2665837547158025,-0.28267189989551006,2.5133568152874424,2.4928349494327513,2.491596469025043,2.5346217176871955,0.04419243847467176
fdid_ar1_rho.7,12,inclusive,1.0,2.603380986708636,2.0,0.533167509431605,0.07698093185223899,0.2205093826150616,0.9830249822441306,0.2665837547158025,-0.28267189989551006,2.5133568152874424,2.47231308357806,2.491596469025043,2.534621717687195,0.04419243847467176
fdid_ar1_rho.7,12,inclusive,3.0,7.8101429601259085,0.0,0.0,0.07698093185223899,0.2205093826150616,0.9830249822441306,0.2665837547158025,-1.4308117680773322,7.720118788704715,7.720118788704715,7.609973565492972,7.741383691104468,0.1325773154240153
fdid_ar1_rho.7,12,inclusive,3.0,7.8101429601259085,1.0,0.2665837547158025,0.07698093185223899,0.2205093826150616,0.9830249822441306,0.2665837547158025,-1.4308117680773322,7.720118788704715,7.6995969228500245,7.609973565492972,7.741383691104469,0.1325773154240153
fdid_ar1_rho.7,12,inclusive,3.0,7.8101429601259085,2.0,0.533167509431605,0.07698093185223899,0.2205093826150616,0.9830249822441306,0.2665837547158025,-1.4308117680773322,7.720118788704715,7.679075056995333,7.609973565492972,7.741383691104469,0.1325773154240153
fdid_ar1_rho.7,13,clean,0.0,0.0,0.0,0.0,0.07128999032831533,0.0,1.0,0.23267427262281565,-0.36513264542165624,0.08719308282685978,0.08719308282685978,0.06116278006619773,0.061162780066197714,0.0
fdid_ar1_rho.7,13,clean,0.0,0.0,1.0,0.23267427262281565,0.07128999032831533,0.0,1.0,0.23267427262281565,-0.36513264542165624,0.08719308282685978,0.0706057361819316,0.06116278006619773,0.06116278006619786,0.0
fdid_ar1_rho.7,13,clean,0.0,0.0,2.0,0.4653485452456313,0.07128999032831533,0.0,1.0,0.23267427262281565,-0.36513264542165624,0.08719308282685978,0.05401838953700309,0.06116278006619773,0.061162780066197686,0.0
fdid_ar1_rho.7,13,clean,1.0,3.0216305877687244,0.0,0.0,0.07128999032831533,0.0,1.0,0.23267427262281565,-0.36513264542165624,3.108823670595584,3.108823670595584,3.0827933678349217,3.082793367834922,0.0
fdid_ar1_rho.7,13,clean,1.0,3.0216305877687244,1.0,0.23267427262281565,0.07128999032831533,0.0,1.0,0.23267427262281565,-0.36513264542165624,3.108823670595584,3.0922363239506554,3.0827933678349217,3.0827933678349217,0.0
fdid_ar1_rho.7,13,clean,1.0,3.0216305877687244,2.0,0.4653485452456313,0.07128999032831533,0.0,1.0,0.23267427262281565,-0.36513264542165624,3.108823670595584,3.0756489773057276,3.0827933678349217,3.082793367834922,0.0
fdid_ar1_rho.7,13,clean,3.0,9.064891763306173,0.0,0.0,0.07128999032831533,0.0,1.0,0.23267427262281565,-0.36513264542165624,9.152084846133034,9.152084846133034,9.126054543372371,9.126054543372373,0.0
fdid_ar1_rho.7,13,clean,3.0,9.064891763306173,1.0,0.23267427262281565,0.07128999032831533,0.0,1.0,0.23267427262281565,-0.36513264542165624,9.152084846133034,9.135497499488107,9.126054543372371,9.126054543372373,0.0
fdid_ar1_rho.7,13,clean,3.0,9.064891763306173,2.0,0.4653485452456313,0.07128999032831533,0.0,1.0,0.23267427262281565,-0.36513264542165624,9.152084846133034,9.118910152843176,9.126054543372371,9.126054543372371,0.0
fdid_ar1_rho.7,13,inclusive,0.0,0.0,0.0,0.0,0.07128999032831533,0.32104248673539293,0.9771128842256556,0.22559031086491171,-0.3373642631646073,0.08719308282685978,0.08719308282685978,0.06314238776873578,0.06462138488612286,0.0
fdid_ar1_rho.7,13,inclusive,0.0,0.0,1.0,0.22559031086491171,0.07128999032831533,0.32104248673539293,0.9771128842256556,0.22559031086491171,-0.3373642631646073,0.08719308282685978,0.07111075174713861,0.06314238776873578,0.0646213848861229,0.0
fdid_ar1_rho.7,13,inclusive,0.0,0.0,2.0,0.45118062172982343,0.07128999032831533,0.32104248673539293,0.9771128842256556,0.22559031086491171,-0.3373642631646073,0.08719308282685978,0.05502842066741739,0.06314238776873578,0.06462138488612287,0.0
fdid_ar1_rho.7,13,inclusive,1.0,3.0216305877687244,0.0,0.0,0.07128999032831533,0.32104248673539293,0.9771128842256556,0.22559031086491171,-1.3074360610576055,3.108823670595584,3.108823670595584,3.015616566447896,3.086251972654847,0.0691564090895633
fdid_ar1_rho.7,13,inclusive,1.0,3.0216305877687244,1.0,0.22559031086491171,0.07128999032831533,0.32104248673539293,0.9771128842256556,0.22559031086491171,-1.3074360610576055,3.108823670595584,3.092741339515863,3.015616566447896,3.0862519726548476,0.0691564090895633
fdid_ar1_rho.7,13,inclusive,1.0,3.0216305877687244,2.0,0.45118062172982343,0.07128999032831533,0.32104248673539293,0.9771128842256556,0.22559031086491171,-1.3074360610576055,3.108823670595584,3.076659008436142,3.015616566447896,3.086251972654847,0.0691564090895633
fdid_ar1_rho.7,13,inclusive,3.0,9.064891763306173,0.0,0.0,0.07128999032831533,0.32104248673539293,0.9771128842256556,0.22559031086491171,-3.2475796568436026,9.152084846133034,9.152084846133034,8.92056492380622,9.129513148192297,0.2074692272686899
fdid_ar1_rho.7,13,inclusive,3.0,9.064891763306173,1.0,0.22559031086491171,0.07128999032831533,0.32104248673539293,0.9771128842256556,0.22559031086491171,-3.2475796568436026,9.152084846133034,9.136002515053312,8.92056492380622,9.129513148192295,0.2074692272686899
fdid_ar1_rho.7,13,inclusive,3.0,9.064891763306173,2.0,0.45118062172982343,0.07128999032831533,0.32104248673539293,0.9771128842256556,0.22559031086491171,-3.2475796568436026,9.152084846133034,9.11992018397359,8.92056492380622,9.129513148192297,0.2074692272686899
fdid_ar1_rho.7,14,clean,0.0,0.0,0.0,0.0,0.07016352852157867,0.0,1.0,0.2725415877352885,-0.06861579895427408,0.5648522829291894,0.5648522829291894,0.5600379563622304,0.5600379563622303,0.0
fdid_ar1_rho.7,14,clean,0.0,0.0,1.0,0.2725415877352885,0.07016352852157867,0.0,1.0,0.2725415877352885,-0.06861579895427408,0.5648522829291894,0.5457298034648083,0.5600379563622304,0.5600379563622304,0.0
fdid_ar1_rho.7,14,clean,0.0,0.0,2.0,0.545083175470577,0.07016352852157867,0.0,1.0,0.2725415877352885,-0.06861579895427408,0.5648522829291894,0.526607324000427,0.5600379563622304,0.5600379563622303,0.0
fdid_ar1_rho.7,14,clean,1.0,2.5488872212706544,0.0,0.0,0.07016352852157867,0.0,1.0,0.2725415877352885,-0.06861579895427408,3.1137395041998435,3.1137395041998435,3.1089251776328846,3.1089251776328846,0.0
fdid_ar1_rho.7,14,clean,1.0,2.5488872212706544,1.0,0.2725415877352885,0.07016352852157867,0.0,1.0,0.2725415877352885,-0.06861579895427408,3.1137395041998435,3.094617024735462,3.1089251776328846,3.108925177632884,0.0
fdid_ar1_rho.7,14,clean,1.0,2.5488872212706544,2.0,0.545083175470577,0.07016352852157867,0.0,1.0,0.2725415877352885,-0.06861579895427408,3.1137395041998435,3.0754945452710816,3.1089251776328846,3.108925177632885,0.0
fdid_ar1_rho.7,14,clean,3.0,7.6466616638119635,0.0,0.0,0.07016352852157867,0.0,1.0,0.2725415877352885,-0.06861579895427408,8.211513946741155,8.211513946741155,8.206699620174193,8.206699620174195,0.0
fdid_ar1_rho.7,14,clean,3.0,7.6466616638119635,1.0,0.2725415877352885,0.07016352852157867,0.0,1.0,0.2725415877352885,-0.06861579895427408,8.211513946741155,8.192391467276773,8.206699620174193,8.206699620174195,0.0
fdid_ar1_rho.7,14,clean,3.0,7.6466616638119635,2.0,0.545083175470577,0.07016352852157867,0.0,1.0,0.2725415877352885,-0.06861579895427408,8.211513946741155,8.17326898781239,8.206699620174193,8.206699620174193,0.0
fdid_ar1_rho.7,14,inclusive,0.0,0.0,0.0,0.0,0.07016352852157867,0.18029824706539174,0.9873496387996368,0.27716666070490725,-0.07872635316349845,0.5648522829291894,0.5648522829291894,0.5593285642036026,0.5664949296822573,0.0
fdid_ar1_rho.7,14,inclusive,0.0,0.0,1.0,0.27716666070490725,0.07016352852157867,0.18029824706539174,0.9873496387996368,0.27716666070490725,-0.07872635316349845,0.5648522829291894,0.54540529202559,0.5593285642036026,0.5664949296822573,0.0
fdid_ar1_rho.7,14,inclusive,0.0,0.0,2.0,0.5543333214098145,0.07016352852157867,0.18029824706539174,0.9873496387996368,0.27716666070490725,-0.07872635316349845,0.5648522829291894,0.5259583011219905,0.5593285642036026,0.5664949296822573,0.0
fdid_ar1_rho.7,14,inclusive,1.0,2.5488872212706544,0.0,0.0,0.07016352852157867,0.18029824706539174,0.9873496387996368,0.27716666070490725,-0.5382862511259747,3.1137395041998435,3.1137395041998435,3.0759714414661925,3.1153821509529114,0.03224434400806399
fdid_ar1_rho.7,14,inclusive,1.0,2.5488872212706544,1.0,0.27716666070490725,0.07016352852157867,0.18029824706539174,0.9873496387996368,0.27716666070490725,-0.5382862511259747,3.1137395041998435,3.094292513296244,3.0759714414661925,3.1153821509529114,0.03224434400806399
fdid_ar1_rho.7,14,inclusive,1.0,2.5488872212706544,2.0,0.5543333214098145,0.07016352852157867,0.18029824706539174,0.9873496387996368,0.27716666070490725,-0.5382862511259747,3.1137395041998435,3.0748455223926445,3.0759714414661925,3.1153821509529114,0.03224434400806399
fdid_ar1_rho.7,14,inclusive,3.0,7.6466616638119635,0.0,0.0,0.07016352852157867,0.18029824706539174,0.9873496387996368,0.27716666070490725,-1.4574060470509276,8.211513946741155,8.211513946741155,8.109257195991372,8.213156593494222,0.09673303202419196
fdid_ar1_rho.7,14,inclusive,3.0,7.6466616638119635,1.0,0.27716666070490725,0.07016352852157867,0.18029824706539174,0.9873496387996368,0.27716666070490725,-1.4574060470509276,8.211513946741155,8.192066955837555,8.109257195991372,8.213156593494222,0.09673303202419196
fdid_ar1_rho.7,14,inclusive,3.0,7.6466616638119635,2.0,0.5543333214098145,0.07016352852157867,0.18029824706539174,0.9873496387996368,0.27716666070490725,-1.4574060470509276,8.211513946741155,8.172619964933954,8.109257195991372,8.21315659349422,0.09673303202419196
fdid_ar1_rho.7,15,clean,0.0,0.0,0.0,0.0,0.08852440690914576,0.0,1.0,0.20248499393110106,0.08417249263847244,0.13804683051170846,0.13804683051170846,0.1454981505005937,0.14549815050059367,0.0
fdid_ar1_rho.7,15,clean,0.0,0.0,1.0,0.20248499393110106,0.08852440690914576,0.0,1.0,0.20248499393110106,0.08417249263847244,0.13804683051170846,0.12012196651595586,0.1454981505005937,0.14549815050059378,0.0
fdid_ar1_rho.7,15,clean,0.0,0.0,2.0,0.4049699878622021,0.08852440690914576,0.0,1.0,0.20248499393110106,0.08417249263847244,0.13804683051170846,0.10219710252020316,0.1454981505005937,0.14549815050059378,0.0
fdid_ar1_rho.7,15,clean,1.0,2.8159010097948034,0.0,0.0,0.08852440690914576,0.0,1.0,0.20248499393110106,0.08417249263847244,2.953947840306512,2.953947840306512,2.9613991602953975,2.961399160295397,0.0
fdid_ar1_rho.7,15,clean,1.0,2.8159010097948034,1.0,0.20248499393110106,0.08852440690914576,0.0,1.0,0.20248499393110106,0.08417249263847244,2.953947840306512,2.9360229763107593,2.9613991602953975,2.961399160295397,0.0
fdid_ar1_rho.7,15,clean,1.0,2.8159010097948034,2.0,0.4049699878622021,0.08852440690914576,0.0,1.0,0.20248499393110106,0.08417249263847244,2.953947840306512,2.9180981123150063,2.9613991602953975,2.961399160295397,0.0
fdid_ar1_rho.7,15,clean,3.0,8.44770302938441,0.0,0.0,0.08852440690914576,0.0,1.0,0.20248499393110106,0.08417249263847244,8.585749859896119,8.585749859896119,8.593201179885003,8.593201179885003,0.0
fdid_ar1_rho.7,15,clean,3.0,8.44770302938441,1.0,0.20248499393110106,0.08852440690914576,0.0,1.0,0.20248499393110106,0.08417249263847244,8.585749859896119,8.567824995900367,8.593201179885003,8.593201179885005,0.0
fdid_ar1_rho.7,15,clean,3.0,8.44770302938441,2.0,0.4049699878622021,0.08852440690914576,0.0,1.0,0.20248499393110106,0.08417249263847244,8.585749859896119,8.549900131904613,8.593201179885003,8.593201179885003,0.0
fdid_ar1_rho.7,15,inclusive,0.0,0.0,0.0,0.0,0.08852440690914576,0.4298592246430521,0.9619469670840486,0.1254772211762429,0.07758096505721424,0.13804683051170846,0.13804683051170846,0.14491463943083766,0.15064722317293386,0.0
fdid_ar1_rho.7,15,inclusive,0.0,0.0,1.0,0.1254772211762429,0.08852440690914576,0.4298592246430521,0.9619469670840486,0.1254772211762429,0.07758096505721424,0.13804683051170846,0.12693903392647404,0.14491463943083766,0.15064722317293402,0.0
fdid_ar1_rho.7,15,inclusive,0.0,0.0,2.0,0.2509544423524858,0.08852440690914576,0.4298592246430521,0.9619469670840486,0.1254772211762429,0.07758096505721424,0.13804683051170846,0.11583123734123932,0.14491463943083766,0.15064722317293391,0.0
fdid_ar1_rho.7,15,inclusive,1.0,2.8159010097948034,0.0,0.0,0.08852440690914576,0.4298592246430521,0.9619469670840486,0.1254772211762429,-1.1328600596847673,2.953947840306512,2.953947840306512,2.8536620754118585,2.966548232967737,0.10715357381378256
fdid_ar1_rho.7,15,inclusive,1.0,2.8159010097948034,1.0,0.1254772211762429,0.08852440690914576,0.4298592246430521,0.9619469670840486,0.1254772211762429,-1.1328600596847673,2.953947840306512,2.942840043721277,2.8536620754118585,2.966548232967737,0.10715357381378256
fdid_ar1_rho.7,15,inclusive,1.0,2.8159010097948034,2.0,0.2509544423524858,0.08852440690914576,0.4298592246430521,0.9619469670840486,0.1254772211762429,-1.1328600596847673,2.953947840306512,2.9317322471360425,2.8536620754118585,2.966548232967737,0.10715357381378256
fdid_ar1_rho.7,15,inclusive,3.0,8.44770302938441,0.0,0.0,0.08852440690914576,0.4298592246430521,0.9619469670840486,0.1254772211762429,-3.5537421091687307,8.585749859896119,8.585749859896119,8.2711569473739,8.598350252557344,0.3214607214413477
fdid_ar1_rho.7,15,inclusive,3.0,8.44770302938441,1.0,0.1254772211762429,0.08852440690914576,0.4298592246430521,0.9619469670840486,0.1254772211762429,-3.5537421091687307,8.585749859896119,8.574642063310884,8.2711569473739,8.598350252557344,0.3214607214413477
fdid_ar1_rho.7,15,inclusive,3.0,8.44770302938441,2.0,0.2509544423524858,0.08852440690914576,0.4298592246430521,0.9619469670840486,0.1254772211762429,-3.5537421091687307,8.585749859896119,8.563534266725648,8.2711569473739,8.598350252557344,0.3214607214413477
fdid_ar1_rho.7,16,clean,0.0,0.0,0.0,0.0,0.07634414026640915,0.0,1.0,0.16687599983169996,0.012932290870160523,0.1222376876887287,0.1222376876887287,0.12322499231688618,0.12322499231688623,0.0
fdid_ar1_rho.7,16,clean,0.0,0.0,1.0,0.16687599983169996,0.07634414026640915,0.0,1.0,0.16687599983169996,0.012932290870160523,0.1222376876887287,0.10949768295048008,0.12322499231688618,0.12322499231688619,0.0
fdid_ar1_rho.7,16,clean,0.0,0.0,2.0,0.3337519996633999,0.07634414026640915,0.0,1.0,0.16687599983169996,0.012932290870160523,0.1222376876887287,0.09675767821223161,0.12322499231688618,0.12322499231688629,0.0
fdid_ar1_rho.7,16,clean,1.0,2.4593081948977153,0.0,0.0,0.07634414026640915,0.0,1.0,0.16687599983169996,0.012932290870160523,2.581545882586444,2.581545882586444,2.582533187214602,2.582533187214602,0.0
fdid_ar1_rho.7,16,clean,1.0,2.4593081948977153,1.0,0.16687599983169996,0.07634414026640915,0.0,1.0,0.16687599983169996,0.012932290870160523,2.581545882586444,2.5688058778481953,2.582533187214602,2.5825331872146013,0.0
fdid_ar1_rho.7,16,clean,1.0,2.4593081948977153,2.0,0.3337519996633999,0.07634414026640915,0.0,1.0,0.16687599983169996,0.012932290870160523,2.581545882586444,2.5560658731099473,2.582533187214602,2.582533187214602,0.0
fdid_ar1_rho.7,16,clean,3.0,7.377924584693146,0.0,0.0,0.07634414026640915,0.0,1.0,0.16687599983169996,0.012932290870160523,7.500162272381874,7.500162272381874,7.501149577010031,7.501149577010032,0.0
fdid_ar1_rho.7,16,clean,3.0,7.377924584693146,1.0,0.16687599983169996,0.07634414026640915,0.0,1.0,0.16687599983169996,0.012932290870160523,7.500162272381874,7.487422267643625,7.501149577010031,7.501149577010032,0.0
fdid_ar1_rho.7,16,clean,3.0,7.377924584693146,2.0,0.3337519996633999,0.07634414026640915,0.0,1.0,0.16687599983169996,0.012932290870160523,7.500162272381874,7.474682262905377,7.501149577010031,7.501149577010032,0.0
fdid_ar1_rho.7,16,inclusive,0.0,0.0,0.0,0.0,0.07634414026640915,0.23474467591825882,0.9820786195349037,0.18531484535644696,-0.00022431001745538138,0.1222376876887287,0.1222376876887287,0.12222056293329286,0.12445089476764556,0.0
fdid_ar1_rho.7,16,inclusive,0.0,0.0,1.0,0.18531484535644696,0.07634414026640915,0.23474467591825882,0.9820786195349037,0.18531484535644696,-0.00022431001745538138,0.1222376876887287,0.1080899851413882,0.12222056293329286,0.12445089476764558,0.0
fdid_ar1_rho.7,16,inclusive,0.0,0.0,2.0,0.3706296907128939,0.07634414026640915,0.23474467591825882,0.9820786195349037,0.18531484535644696,-0.00022431001745538138,0.1222376876887287,0.09394228259404773,0.12222056293329286,0.12445089476764562,0.0
fdid_ar1_rho.7,16,inclusive,1.0,2.4593081948977153,0.0,0.0,0.07634414026640915,0.23474467591825882,0.9820786195349037,0.18531484535644696,-0.5775338152118377,2.581545882586444,2.581545882586444,2.5374545599893166,2.583759089665361,0.044074197841691184
fdid_ar1_rho.7,16,inclusive,1.0,2.4593081948977153,1.0,0.18531484535644696,0.07634414026640915,0.23474467591825882,0.9820786195349037,0.18531484535644696,-0.5775338152118377,2.581545882586444,2.5673981800391035,2.5374545599893166,2.583759089665361,0.044074197841691184
fdid_ar1_rho.7,16,inclusive,1.0,2.4593081948977153,2.0,0.3706296907128939,0.07634414026640915,0.23474467591825882,0.9820786195349037,0.18531484535644696,-0.5775338152118377,2.581545882586444,2.553250477491763,2.5374545599893166,2.5837590896653606,0.044074197841691184
fdid_ar1_rho.7,16,inclusive,3.0,7.377924584693146,0.0,0.0,0.07634414026640915,0.23474467591825882,0.9820786195349037,0.18531484535644696,-1.7321528256006018,7.500162272381874,7.500162272381874,7.367922554101365,7.502375479460791,0.13222259352507354
fdid_ar1_rho.7,16,inclusive,3.0,7.377924584693146,1.0,0.18531484535644696,0.07634414026640915,0.23474467591825882,0.9820786195349037,0.18531484535644696,-1.7321528256006018,7.500162272381874,7.486014569834533,7.367922554101365,7.502375479460791,0.13222259352507354
fdid_ar1_rho.7,16,inclusive,3.0,7.377924584693146,2.0,0.3706296907128939,0.07634414026640915,0.23474467591825882,0.9820786195349037,0.18531484535644696,-1.7321528256006018,7.500162272381874,7.471866867287193,7.367922554101365,7.502375479460791,0.13222259352507354
fdid_ar1_rho.7,17,clean,0.0,0.0,0.0,0.0,0.07262899235411963,0.0,1.0,0.20806701917849832,0.004361765364263803,0.18657258783414118,0.18657258783414118,0.18688937845743284,0.18688937845743275,0.0
fdid_ar1_rho.7,17,clean,0.0,0.0,1.0,0.20806701917849832,0.07262899235411963,0.0,1.0,0.20806701917849832,0.004361765364263803,0.18657258783414118,0.1714608898890817,0.18688937845743284,0.18688937845743292,0.0
fdid_ar1_rho.7,17,clean,0.0,0.0,2.0,0.41613403835699664,0.07262899235411963,0.0,1.0,0.20806701917849832,0.004361765364263803,0.18657258783414118,0.15634919194402208,0.18688937845743284,0.1868893784574329,0.0
fdid_ar1_rho.7,17,clean,1.0,3.2053438921272694,0.0,0.0,0.07262899235411963,0.0,1.0,0.20806701917849832,0.004361765364263803,3.391916479961414,3.391916479961414,3.3922332705847054,3.3922332705847054,0.0
fdid_ar1_rho.7,17,clean,1.0,3.2053438921272694,1.0,0.20806701917849832,0.07262899235411963,0.0,1.0,0.20806701917849832,0.004361765364263803,3.391916479961414,3.3768047820163547,3.3922332705847054,3.392233270584706,0.0
fdid_ar1_rho.7,17,clean,1.0,3.2053438921272694,2.0,0.41613403835699664,0.07262899235411963,0.0,1.0,0.20806701917849832,0.004361765364263803,3.391916479961414,3.3616930840712946,3.3922332705847054,3.3922332705847054,0.0
fdid_ar1_rho.7,17,clean,3.0,9.616031676381809,0.0,0.0,0.07262899235411963,0.0,1.0,0.20806701917849832,0.004361765364263803,9.80260426421596,9.80260426421596,9.802921054839251,9.802921054839251,0.0
fdid_ar1_rho.7,17,clean,3.0,9.616031676381809,1.0,0.20806701917849832,0.07262899235411963,0.0,1.0,0.20806701917849832,0.004361765364263803,9.80260426421596,9.7874925662709,9.802921054839251,9.802921054839253,0.0
fdid_ar1_rho.7,17,clean,3.0,9.616031676381809,2.0,0.41613403835699664,0.07262899235411963,0.0,1.0,0.20806701917849832,0.004361765364263803,9.80260426421596,9.772380868325842,9.802921054839251,9.802921054839253,0.0
fdid_ar1_rho.7,17,inclusive,0.0,0.0,0.0,0.0,0.07262899235411963,0.06029965675401387,0.9956204966906567,0.19118743414319744,-0.02985147012830658,0.18657258783414118,0.18657258783414118,0.18440450563843325,0.18521565822657868,0.0
fdid_ar1_rho.7,17,inclusive,0.0,0.0,1.0,0.19118743414319744,0.07262899235411963,0.06029965675401387,0.9956204966906567,0.19118743414319744,-0.02985147012830658,0.18657258783414118,0.17268683714155117,0.18440450563843325,0.1852156582265787,0.0
fdid_ar1_rho.7,17,inclusive,0.0,0.0,2.0,0.3823748682863949,0.07262899235411963,0.06029965675401387,0.9956204966906567,0.19118743414319744,-0.02985147012830658,0.18657258783414118,0.15880108644896115,0.18440450563843325,0.18521565822657873,0.0
fdid_ar1_rho.7,17,inclusive,1.0,3.2053438921272694,0.0,0.0,0.07262899235411963,0.06029965675401387,0.9956204966906567,0.19118743414319744,-0.2231326066021558,3.391916479961414,3.391916479961414,3.3757105835825505,3.3905595503538515,0.014037814183154746
fdid_ar1_rho.7,17,inclusive,1.0,3.2053438921272694,1.0,0.19118743414319744,0.07262899235411963,0.06029965675401387,0.9956204966906567,0.19118743414319744,-0.2231326066021558,3.391916479961414,3.3780307292688234,3.3757105835825505,3.390559550353851,0.014037814183154746
fdid_ar1_rho.7,17,inclusive,1.0,3.2053438921272694,2.0,0.3823748682863949,0.07262899235411963,0.06029965675401387,0.9956204966906567,0.19118743414319744,-0.2231326066021558,3.391916479961414,3.3641449785762334,3.3757105835825505,3.390559550353851,0.014037814183154746
fdid_ar1_rho.7,17,inclusive,3.0,9.616031676381809,0.0,0.0,0.07262899235411963,0.06029965675401387,0.9956204966906567,0.19118743414319744,-0.6096948795498542,9.80260426421596,9.80260426421596,9.758322739470788,9.801247334608398,0.04211344254946424
fdid_ar1_rho.7,17,inclusive,3.0,9.616031676381809,1.0,0.19118743414319744,0.07262899235411963,0.06029965675401387,0.9956204966906567,0.19118743414319744,-0.6096948795498542,9.80260426421596,9.788718513523369,9.758322739470788,9.801247334608396,0.04211344254946424
fdid_ar1_rho.7,17,inclusive,3.0,9.616031676381809,2.0,0.3823748682863949,0.07262899235411963,0.06029965675401387,0.9956204966906567,0.19118743414319744,-0.6096948795498542,9.80260426421596,9.77483276283078,9.758322739470788,9.801247334608398,0.04211344254946424
fdid_ar1_rho.7,18,clean,0.0,0.0,0.0,0.0,0.08165811967433811,0.0,1.0,0.2602980796752806,0.21747346450091953,-0.16321252706898387,-0.16321252706898387,-0.14545405287877486,-0.14545405287877486,0.0
fdid_ar1_rho.7,18,clean,0.0,0.0,1.0,0.2602980796752806,0.08165811967433811,0.0,1.0,0.2602980796752806,0.21747346450091953,-0.16321252706898387,-0.18446797881010837,-0.14545405287877486,-0.14545405287877491,0.0
fdid_ar1_rho.7,18,clean,0.0,0.0,2.0,0.5205961593505612,0.08165811967433811,0.0,1.0,0.2602980796752806,0.21747346450091953,-0.16321252706898387,-0.20572343055123282,-0.14545405287877486,-0.1454540528787749,0.0
fdid_ar1_rho.7,18,clean,1.0,3.3414047410198244,0.0,0.0,0.08165811967433811,0.0,1.0,0.2602980796752806,0.21747346450091953,3.1781922139508403,3.1781922139508403,3.1959506881410498,3.1959506881410493,0.0
fdid_ar1_rho.7,18,clean,1.0,3.3414047410198244,1.0,0.2602980796752806,0.08165811967433811,0.0,1.0,0.2602980796752806,0.21747346450091953,3.1781922139508403,3.1569367622097158,3.1959506881410498,3.1959506881410493,0.0
fdid_ar1_rho.7,18,clean,1.0,3.3414047410198244,2.0,0.5205961593505612,0.08165811967433811,0.0,1.0,0.2602980796752806,0.21747346450091953,3.1781922139508403,3.135681310468591,3.1959506881410498,3.1959506881410493,0.0
fdid_ar1_rho.7,18,clean,3.0,10.024214223059474,0.0,0.0,0.08165811967433811,0.0,1.0,0.2602980796752806,0.21747346450091953,9.86100169599049,9.86100169599049,9.8787601701807,9.8787601701807,0.0
fdid_ar1_rho.7,18,clean,3.0,10.024214223059474,1.0,0.2602980796752806,0.08165811967433811,0.0,1.0,0.2602980796752806,0.21747346450091953,9.86100169599049,9.839746244249366,9.8787601701807,9.8787601701807,0.0
fdid_ar1_rho.7,18,clean,3.0,10.024214223059474,2.0,0.5205961593505612,0.08165811967433811,0.0,1.0,0.2602980796752806,0.21747346450091953,9.86100169599049,9.818490792508241,9.8787601701807,9.8787601701807,0.0
fdid_ar1_rho.7,18,inclusive,0.0,0.0,0.0,0.0,0.08165811967433811,0.2078357390733038,0.9830285243461476,0.25995067559996443,0.295132079547979,-0.16321252706898387,-0.16321252706898387,-0.13911259639751883,-0.14151430294461514,0.0
fdid_ar1_rho.7,18,inclusive,0.0,0.0,1.0,0.25995067559996443,0.08165811967433811,0.2078357390733038,0.9830285243461476,0.25995067559996443,0.295132079547979,-0.16321252706898387,-0.18443961044655074,-0.13911259639751883,-0.1415143029446151,0.0
fdid_ar1_rho.7,18,inclusive,0.0,0.0,2.0,0.5199013511999289,0.08165811967433811,0.2078357390733038,0.9830285243461476,0.25995067559996443,0.295132079547979,-0.16321252706898387,-0.20566669382411762,-0.13911259639751883,-0.141514302944615,0.0
fdid_ar1_rho.7,18,inclusive,1.0,3.3414047410198244,0.0,0.0,0.08165811967433811,0.2078357390733038,0.9830285243461476,0.25995067559996443,-0.39933124434491757,3.1781922139508403,3.1781922139508403,3.145583575410421,3.199890438075209,0.05670856921188477
fdid_ar1_rho.7,18,inclusive,1.0,3.3414047410198244,1.0,0.25995067559996443,0.08165811967433811,0.2078357390733038,0.9830285243461476,0.25995067559996443,-0.39933124434491757,3.1781922139508403,3.1569651305732735,3.145583575410421,3.1998904380752093,0.05670856921188477
fdid_ar1_rho.7,18,inclusive,1.0,3.3414047410198244,2.0,0.5199013511999289,0.08165811967433811,0.2078357390733038,0.9830285243461476,0.25995067559996443,-0.39933124434491757,3.1781922139508403,3.135738047195707,3.145583575410421,3.1998904380752093,0.05670856921188477
fdid_ar1_rho.7,18,inclusive,3.0,10.024214223059474,0.0,0.0,0.08165811967433811,0.2078357390733038,0.9830285243461476,0.25995067559996443,-1.7882578921307108,9.86100169599049,9.86100169599049,9.714975919026301,9.88269992011486,0.17012570763565432
fdid_ar1_rho.7,18,inclusive,3.0,10.024214223059474,1.0,0.25995067559996443,0.08165811967433811,0.2078357390733038,0.9830285243461476,0.25995067559996443,-1.7882578921307108,9.86100169599049,9.839774612612924,9.714975919026301,9.88269992011486,0.17012570763565432
fdid_ar1_rho.7,18,inclusive,3.0,10.024214223059474,2.0,0.5199013511999289,0.08165811967433811,0.2078357390733038,0.9830285243461476,0.25995067559996443,-1.7882578921307108,9.86100169599049,9.818547529235357,9.714975919026301,9.88269992011486,0.17012570763565432
fdid_ar1_rho.7,19,clean,0.0,0.0,0.0,0.0,0.07865467774303642,0.0,1.0,0.27194115444762584,-0.20471498369118155,0.13734695877437583,0.13734695877437583,0.12124516770297507,0.121245167702975,0.0
fdid_ar1_rho.7,19,clean,0.0,0.0,1.0,0.27194115444762584,0.07865467774303642,0.0,1.0,0.27194115444762584,-0.20471498369118155,0.13734695877437583,0.11595751490622849,0.12124516770297507,0.12124516770297496,0.0
fdid_ar1_rho.7,19,clean,0.0,0.0,2.0,0.5438823088952517,0.07865467774303642,0.0,1.0,0.27194115444762584,-0.20471498369118155,0.13734695877437583,0.09456807103808122,0.12124516770297507,0.12124516770297498,0.0
fdid_ar1_rho.7,19,clean,1.0,2.143465021443864,0.0,0.0,0.07865467774303642,0.0,1.0,0.27194115444762584,-0.20471498369118155,2.28081198021824,2.28081198021824,2.264710189146839,2.264710189146839,0.0
fdid_ar1_rho.7,19,clean,1.0,2.143465021443864,1.0,0.27194115444762584,0.07865467774303642,0.0,1.0,0.27194115444762584,-0.20471498369118155,2.28081198021824,2.2594225363500926,2.264710189146839,2.264710189146839,0.0
fdid_ar1_rho.7,19,clean,1.0,2.143465021443864,2.0,0.5438823088952517,0.07865467774303642,0.0,1.0,0.27194115444762584,-0.20471498369118155,2.28081198021824,2.2380330924819454,2.264710189146839,2.264710189146839,0.0
fdid_ar1_rho.7,19,clean,3.0,6.4303950643315915,0.0,0.0,0.07865467774303642,0.0,1.0,0.27194115444762584,-0.20471498369118155,6.567742023105967,6.567742023105967,6.551640232034567,6.551640232034566,0.0
fdid_ar1_rho.7,19,clean,3.0,6.4303950643315915,1.0,0.27194115444762584,0.07865467774303642,0.0,1.0,0.27194115444762584,-0.20471498369118155,6.567742023105967,6.546352579237821,6.551640232034567,6.5516402320345675,0.0
fdid_ar1_rho.7,19,clean,3.0,6.4303950643315915,2.0,0.5438823088952517,0.07865467774303642,0.0,1.0,0.27194115444762584,-0.20471498369118155,6.567742023105967,6.524963135369672,6.551640232034567,6.551640232034567,0.0
fdid_ar1_rho.7,19,inclusive,0.0,0.0,0.0,0.0,0.07865467774303642,0.23920358660884425,0.9811855189803028,0.28113972030047124,-0.2994976149041785,0.13734695877437583,0.13734695877437583,0.11379007038927966,0.11597202383045359,0.0
fdid_ar1_rho.7,19,inclusive,0.0,0.0,1.0,0.28113972030047124,0.07865467774303642,0.23920358660884425,0.9811855189803028,0.28113972030047124,-0.2994976149041785,0.13734695877437583,0.11523400467337486,0.11379007038927966,0.11597202383045357,0.0
fdid_ar1_rho.7,19,inclusive,0.0,0.0,2.0,0.5622794406009425,0.07865467774303642,0.23920358660884425,0.9811855189803028,0.28113972030047124,-0.2994976149041785,0.13734695877437583,0.09312105057237388,0.11379007038927966,0.11597202383045356,0.0
fdid_ar1_rho.7,19,inclusive,1.0,2.143465021443864,0.0,0.0,0.07865467774303642,0.23920358660884425,0.9811855189803028,0.28113972030047124,-0.8122221358041541,2.28081198021824,2.28081198021824,2.216926909870803,2.2594370452743178,0.04032818196234031
fdid_ar1_rho.7,19,inclusive,1.0,2.143465021443864,1.0,0.28113972030047124,0.07865467774303642,0.23920358660884425,0.9811855189803028,0.28113972030047124,-0.8122221358041541,2.28081198021824,2.258699026117239,2.216926909870803,2.2594370452743178,0.04032818196234031
fdid_ar1_rho.7,19,inclusive,1.0,2.143465021443864,2.0,0.5622794406009425,0.07865467774303642,0.23920358660884425,0.9811855189803028,0.28113972030047124,-0.8122221358041541,2.28081198021824,2.2365860720162383,2.216926909870803,2.2594370452743178,0.04032818196234031
fdid_ar1_rho.7,19,inclusive,3.0,6.4303950643315915,0.0,0.0,0.07865467774303642,0.23920358660884425,0.9811855189803028,0.28113972030047124,-1.8376711776041048,6.567742023105967,6.567742023105967,6.423200588833851,6.546367088162045,0.12098454588702093
fdid_ar1_rho.7,19,inclusive,3.0,6.4303950643315915,1.0,0.28113972030047124,0.07865467774303642,0.23920358660884425,0.9811855189803028,0.28113972030047124,-1.8376711776041048,6.567742023105967,6.545629069004965,6.423200588833851,6.546367088162044,0.12098454588702093
fdid_ar1_rho.7,19,inclusive,3.0,6.4303950643315915,2.0,0.5622794406009425,0.07865467774303642,0.23920358660884425,0.9811855189803028,0.28113972030047124,-1.8376711776041048,6.567742023105967,6.523516114903965,6.423200588833851,6.546367088162045,0.12098454588702093
fdid_ar1_rho.7,20,clean,0.0,0.0,0.0,0.0,0.069561298304094,0.0,1.0,0.2879056627811955,0.23896291894362323,-0.3771062014117172,-0.3771062014117172,-0.3604836305234628,-0.3604836305234628,0.0
fdid_ar1_rho.7,20,clean,0.0,0.0,1.0,0.2879056627811955,0.069561298304094,0.0,1.0,0.2879056627811955,0.23896291894362323,-0.3771062014117172,-0.3971332931038779,-0.3604836305234628,-0.3604836305234629,0.0
fdid_ar1_rho.7,20,clean,0.0,0.0,2.0,0.575811325562391,0.069561298304094,0.0,1.0,0.2879056627811955,0.23896291894362323,-0.3771062014117172,-0.4171603847960384,-0.3604836305234628,-0.3604836305234627,0.0
fdid_ar1_rho.7,20,clean,1.0,2.620832343655017,0.0,0.0,0.069561298304094,0.0,1.0,0.2879056627811955,0.23896291894362323,2.2437261422433,2.2437261422433,2.2603487131315543,2.2603487131315543,0.0
fdid_ar1_rho.7,20,clean,1.0,2.620832343655017,1.0,0.2879056627811955,0.069561298304094,0.0,1.0,0.2879056627811955,0.23896291894362323,2.2437261422433,2.223699050551139,2.2603487131315543,2.2603487131315543,0.0
fdid_ar1_rho.7,20,clean,1.0,2.620832343655017,2.0,0.575811325562391,0.069561298304094,0.0,1.0,0.2879056627811955,0.23896291894362323,2.2437261422433,2.203671958858979,2.2603487131315543,2.2603487131315543,0.0
fdid_ar1_rho.7,20,clean,3.0,7.86249703096505,0.0,0.0,0.069561298304094,0.0,1.0,0.2879056627811955,0.23896291894362323,7.485390829553334,7.485390829553334,7.502013400441588,7.502013400441589,0.0
fdid_ar1_rho.7,20,clean,3.0,7.86249703096505,1.0,0.2879056627811955,0.069561298304094,0.0,1.0,0.2879056627811955,0.23896291894362323,7.485390829553334,7.465363737861173,7.502013400441588,7.502013400441588,0.0
fdid_ar1_rho.7,20,clean,3.0,7.86249703096505,2.0,0.575811325562391,0.069561298304094,0.0,1.0,0.2879056627811955,0.23896291894362323,7.485390829553334,7.445336646169013,7.502013400441588,7.502013400441588,0.0
fdid_ar1_rho.7,20,inclusive,0.0,0.0,0.0,0.0,0.069561298304094,0.37572833558867863,0.9738638491668152,0.3082716942058291,0.45901916343049187,-0.3771062014117172,-0.3771062014117172,-0.345176232457033,-0.354439927873231,0.0
fdid_ar1_rho.7,20,inclusive,0.0,0.0,1.0,0.3082716942058291,0.069561298304094,0.37572833558867863,0.9738638491668152,0.3082716942058291,0.45901916343049187,-0.3771062014117172,-0.3985499806910774,-0.345176232457033,-0.3544399278732311,0.0
fdid_ar1_rho.7,20,inclusive,0.0,0.0,2.0,0.6165433884116582,0.069561298304094,0.37572833558867863,0.9738638491668152,0.3082716942058291,0.45901916343049187,-0.3771062014117172,-0.41999375997043736,-0.345176232457033,-0.3544399278732309,0.0
fdid_ar1_rho.7,20,inclusive,1.0,2.620832343655017,0.0,0.0,0.069561298304094,0.37572833558867863,0.9738638491668152,0.3082716942058291,-0.5257018109079834,2.2437261422433,2.2437261422433,2.2071576417557273,2.266392415781786,0.06849846944225677
fdid_ar1_rho.7,20,inclusive,1.0,2.620832343655017,1.0,0.3082716942058291,0.069561298304094,0.37572833558867863,0.9738638491668152,0.3082716942058291,-0.5257018109079834,2.2437261422433,2.22228236296394,2.2071576417557273,2.2663924157817865,0.06849846944225677
fdid_ar1_rho.7,20,inclusive,1.0,2.620832343655017,2.0,0.6165433884116582,0.069561298304094,0.37572833558867863,0.9738638491668152,0.3082716942058291,-0.5257018109079834,2.2437261422433,2.20083858368458,2.2071576417557273,2.2663924157817865,0.06849846944225677
fdid_ar1_rho.7,20,inclusive,3.0,7.86249703096505,0.0,0.0,0.069561298304094,0.37572833558867863,0.9738638491668152,0.3082716942058291,-2.495143759584934,7.485390829553334,7.485390829553334,7.311825390181246,7.50805710309182,0.2054954083267703
fdid_ar1_rho.7,20,inclusive,3.0,7.86249703096505,1.0,0.3082716942058291,0.069561298304094,0.37572833558867863,0.9738638491668152,0.3082716942058291,-2.495143759584934,7.485390829553334,7.463947050273974,7.311825390181246,7.50805710309182,0.2054954083267703
fdid_ar1_rho.7,20,inclusive,3.0,7.86249703096505,2.0,0.6165433884116582,0.069561298304094,0.37572833558867863,0.9738638491668152,0.3082716942058291,-2.495143759584934,7.485390829553334,7.442503270994614,7.311825390181246,7.50805710309182,0.2054954083267703
fdid_ar1_rho.7,21,clean,0.0,0.0,0.0,0.0,0.08409134562958806,0.0,1.0,0.3917524787826054,0.5233214943821662,-0.04732456743349509,-0.04732456743349509,-0.0033177587740118807,-0.0033177587740118243,0.0
fdid_ar1_rho.7,21,clean,0.0,0.0,1.0,0.3917524787826054,0.08409134562958806,0.0,1.0,0.3917524787826054,0.5233214943821662,-0.04732456743349509,-0.08026756052805102,-0.0033177587740118807,-0.003317758774011835,0.0
fdid_ar1_rho.7,21,clean,0.0,0.0,2.0,0.7835049575652108,0.08409134562958806,0.0,1.0,0.3917524787826054,0.5233214943821662,-0.04732456743349509,-0.11321055362260699,-0.0033177587740118807,-0.0033177587740118616,0.0
fdid_ar1_rho.7,21,clean,1.0,2.5960736873409993,0.0,0.0,0.08409134562958806,0.0,1.0,0.3917524787826054,0.5233214943821662,2.5487491199075043,2.5487491199075043,2.5927559285669877,2.5927559285669877,0.0
fdid_ar1_rho.7,21,clean,1.0,2.5960736873409993,1.0,0.3917524787826054,0.08409134562958806,0.0,1.0,0.3917524787826054,0.5233214943821662,2.5487491199075043,2.515806126812948,2.5927559285669877,2.5927559285669872,0.0
fdid_ar1_rho.7,21,clean,1.0,2.5960736873409993,2.0,0.7835049575652108,0.08409134562958806,0.0,1.0,0.3917524787826054,0.5233214943821662,2.5487491199075043,2.4828631337183924,2.5927559285669877,2.5927559285669877,0.0
fdid_ar1_rho.7,21,clean,3.0,7.788221062022998,0.0,0.0,0.08409134562958806,0.0,1.0,0.3917524787826054,0.5233214943821662,7.740896494589504,7.740896494589504,7.784903303248986,7.784903303248987,0.0
fdid_ar1_rho.7,21,clean,3.0,7.788221062022998,1.0,0.3917524787826054,0.08409134562958806,0.0,1.0,0.3917524787826054,0.5233214943821662,7.740896494589504,7.707953501494947,7.784903303248986,7.784903303248986,0.0
fdid_ar1_rho.7,21,clean,3.0,7.788221062022998,2.0,0.7835049575652108,0.08409134562958806,0.0,1.0,0.3917524787826054,0.5233214943821662,7.740896494589504,7.675010508400391,7.784903303248986,7.784903303248986,0.0
fdid_ar1_rho.7,21,inclusive,0.0,0.0,0.0,0.0,0.08409134562958806,0.4224495163723674,0.9644756517076789,0.36885363788300274,0.5729208253426574,-0.04732456743349509,-0.04732456743349509,0.000853115708783192,0.0008845383574719186,0.0
fdid_ar1_rho.7,21,inclusive,0.0,0.0,1.0,0.36885363788300274,0.08409134562958806,0.4224495163723674,0.9644756517076789,0.36885363788300274,0.5729208253426574,-0.04732456743349509,-0.07834196618344563,0.000853115708783192,0.0008845383574718959,0.0
fdid_ar1_rho.7,21,inclusive,0.0,0.0,2.0,0.7377072757660055,0.08409134562958806,0.4224495163723674,0.9644756517076789,0.36885363788300274,0.5729208253426574,-0.04732456743349509,-0.10935936493339607,0.000853115708783192,0.0008845383574719398,0.0
fdid_ar1_rho.7,21,inclusive,1.0,2.5960736873409993,0.0,0.0,0.08409134562958806,0.4224495163723674,0.9644756517076789,0.36885363788300274,-0.5237892483415763,2.5487491199075043,2.5487491199075043,2.5047029771881504,2.5969582256984713,0.09222382586163189
fdid_ar1_rho.7,21,inclusive,1.0,2.5960736873409993,1.0,0.36885363788300274,0.08409134562958806,0.4224495163723674,0.9644756517076789,0.36885363788300274,-0.5237892483415763,2.5487491199075043,2.5177317211575536,2.5047029771881504,2.5969582256984713,0.09222382586163189
fdid_ar1_rho.7,21,inclusive,1.0,2.5960736873409993,2.0,0.7377072757660055,0.08409134562958806,0.4224495163723674,0.9644756517076789,0.36885363788300274,-0.5237892483415763,2.5487491199075043,2.4867143224076034,2.5047029771881504,2.5969582256984713,0.09222382586163189
fdid_ar1_rho.7,21,inclusive,3.0,7.788221062022998,0.0,0.0,0.08409134562958806,0.4224495163723674,0.9644756517076789,0.36885363788300274,-2.717209395710044,7.740896494589504,7.740896494589504,7.512402700146886,7.789105600380471,0.2766714775848957
fdid_ar1_rho.7,21,inclusive,3.0,7.788221062022998,1.0,0.36885363788300274,0.08409134562958806,0.4224495163723674,0.9644756517076789,0.36885363788300274,-2.717209395710044,7.740896494589504,7.709879095839552,7.512402700146886,7.78910560038047,0.2766714775848957
fdid_ar1_rho.7,21,inclusive,3.0,7.788221062022998,2.0,0.7377072757660055,0.08409134562958806,0.4224495163723674,0.9644756517076789,0.36885363788300274,-2.717209395710044,7.740896494589504,7.678861697089603,7.512402700146886,7.789105600380472,0.2766714775848957
fdid_ar1_rho.7,22,clean,0.0,0.0,0.0,0.0,0.08708497358221158,0.0,1.0,0.3108684742423953,0.16997003355265483,0.030413588987771585,0.030413588987771585,0.04521542486947218,0.045215424869472144,0.0
fdid_ar1_rho.7,22,clean,0.0,0.0,1.0,0.3108684742423953,0.08708497358221158,0.0,1.0,0.3108684742423953,0.16997003355265483,0.030413588987771585,0.003341616120830254,0.04521542486947218,0.04521542486947222,0.0
fdid_ar1_rho.7,22,clean,0.0,0.0,2.0,0.6217369484847906,0.08708497358221158,0.0,1.0,0.3108684742423953,0.16997003355265483,0.030413588987771585,-0.023730356746111216,0.04521542486947218,0.04521542486947217,0.0
fdid_ar1_rho.7,22,clean,1.0,2.5698611840184005,0.0,0.0,0.08708497358221158,0.0,1.0,0.3108684742423953,0.16997003355265483,2.60027477300617,2.60027477300617,2.6150766088878705,2.6150766088878705,0.0
fdid_ar1_rho.7,22,clean,1.0,2.5698611840184005,1.0,0.3108684742423953,0.08708497358221158,0.0,1.0,0.3108684742423953,0.16997003355265483,2.60027477300617,2.573202800139228,2.6150766088878705,2.61507660888787,0.0
fdid_ar1_rho.7,22,clean,1.0,2.5698611840184005,2.0,0.6217369484847906,0.08708497358221158,0.0,1.0,0.3108684742423953,0.16997003355265483,2.60027477300617,2.546130827272287,2.6150766088878705,2.61507660888787,0.0
fdid_ar1_rho.7,22,clean,3.0,7.709583552055202,0.0,0.0,0.08708497358221158,0.0,1.0,0.3108684742423953,0.16997003355265483,7.739997141042967,7.739997141042967,7.754798976924667,7.7547989769246675,0.0
fdid_ar1_rho.7,22,clean,3.0,7.709583552055202,1.0,0.3108684742423953,0.08708497358221158,0.0,1.0,0.3108684742423953,0.16997003355265483,7.739997141042967,7.712925168176025,7.754798976924667,7.7547989769246675,0.0
fdid_ar1_rho.7,22,clean,3.0,7.709583552055202,2.0,0.6217369484847906,0.08708497358221158,0.0,1.0,0.3108684742423953,0.16997003355265483,7.739997141042967,7.685853195309083,7.754798976924667,7.754798976924667,0.0
fdid_ar1_rho.7,22,inclusive,0.0,0.0,0.0,0.0,0.08708497358221158,0.376044094700889,0.9672522099472264,0.30601404020570006,0.028668684848184932,0.030413588987771585,0.030413588987771585,0.03291020065041254,0.03402442538974205,0.0
fdid_ar1_rho.7,22,inclusive,0.0,0.0,1.0,0.30601404020570006,0.08708497358221158,0.376044094700889,0.9672522099472264,0.30601404020570006,0.028668684848184932,0.030413588987771585,0.0037643643806724025,0.03291020065041254,0.0340244253897421,0.0
fdid_ar1_rho.7,22,inclusive,0.0,0.0,2.0,0.6120280804114001,0.08708497358221158,0.376044094700889,0.9672522099472264,0.30601404020570006,0.028668684848184932,0.030413588987771585,-0.022884860226426884,0.03291020065041254,0.034024425389742013,0.0
fdid_ar1_rho.7,22,inclusive,1.0,2.5698611840184005,0.0,0.0,0.08708497358221158,0.376044094700889,0.9672522099472264,0.30601404020570006,-0.9377124376029695,2.60027477300617,2.60027477300617,2.5186141101498043,2.6038856094081404,0.08415727451900673
fdid_ar1_rho.7,22,inclusive,1.0,2.5698611840184005,1.0,0.30601404020570006,0.08708497358221158,0.376044094700889,0.9672522099472264,0.30601404020570006,-0.9377124376029695,2.60027477300617,2.573625548399071,2.5186141101498043,2.6038856094081404,0.08415727451900673
fdid_ar1_rho.7,22,inclusive,1.0,2.5698611840184005,2.0,0.6120280804114001,0.08708497358221158,0.376044094700889,0.9672522099472264,0.30601404020570006,-0.9377124376029695,2.60027477300617,2.5469763237919714,2.5186141101498043,2.6038856094081404,0.08415727451900673
fdid_ar1_rho.7,22,inclusive,3.0,7.709583552055202,0.0,0.0,0.08708497358221158,0.376044094700889,0.9672522099472264,0.30601404020570006,-2.870474682505278,7.739997141042967,7.739997141042967,7.490021929148588,7.743607977444937,0.2524718235570202
fdid_ar1_rho.7,22,inclusive,3.0,7.709583552055202,1.0,0.30601404020570006,0.08708497358221158,0.376044094700889,0.9672522099472264,0.30601404020570006,-2.870474682505278,7.739997141042967,7.713347916435867,7.490021929148588,7.7436079774449365,0.2524718235570202
fdid_ar1_rho.7,22,inclusive,3.0,7.709583552055202,2.0,0.6120280804114001,0.08708497358221158,0.376044094700889,0.9672522099472264,0.30601404020570006,-2.870474682505278,7.739997141042967,7.686698691828768,7.490021929148588,7.743607977444937,0.2524718235570202
fdid_ar1_rho.7,23,clean,0.0,0.0,0.0,0.0,0.08109329410418438,0.0,1.0,0.2635109834515577,-0.26314940218194127,-0.2303199627034374,-0.2303199627034374,-0.2516596145679181,-0.25165961456791786,0.0
fdid_ar1_rho.7,23,clean,0.0,0.0,1.0,0.2635109834515577,0.08109329410418438,0.0,1.0,0.2635109834515577,-0.26314940218194127,-0.2303199627034374,-0.2516889363841576,-0.2516596145679181,-0.2516596145679181,0.0
fdid_ar1_rho.7,23,clean,0.0,0.0,2.0,0.5270219669031154,0.08109329410418438,0.0,1.0,0.2635109834515577,-0.26314940218194127,-0.2303199627034374,-0.2730579100648776,-0.2516596145679181,-0.251659614567918,0.0
fdid_ar1_rho.7,23,clean,1.0,3.2937914151390193,0.0,0.0,0.08109329410418438,0.0,1.0,0.2635109834515577,-0.26314940218194127,3.0634714524355817,3.0634714524355817,3.0421318005711013,3.0421318005711013,0.0
fdid_ar1_rho.7,23,clean,1.0,3.2937914151390193,1.0,0.2635109834515577,0.08109329410418438,0.0,1.0,0.2635109834515577,-0.26314940218194127,3.0634714524355817,3.0421024787548614,3.0421318005711013,3.042131800571101,0.0
fdid_ar1_rho.7,23,clean,1.0,3.2937914151390193,2.0,0.5270219669031154,0.08109329410418438,0.0,1.0,0.2635109834515577,-0.26314940218194127,3.0634714524355817,3.0207335050741415,3.0421318005711013,3.0421318005711013,0.0
fdid_ar1_rho.7,23,clean,3.0,9.881374245417058,0.0,0.0,0.08109329410418438,0.0,1.0,0.2635109834515577,-0.26314940218194127,9.651054282713622,9.651054282713622,9.62971463084914,9.629714630849142,0.0
fdid_ar1_rho.7,23,clean,3.0,9.881374245417058,1.0,0.2635109834515577,0.08109329410418438,0.0,1.0,0.2635109834515577,-0.26314940218194127,9.651054282713622,9.6296853090329,9.62971463084914,9.62971463084914,0.0
fdid_ar1_rho.7,23,clean,3.0,9.881374245417058,2.0,0.5270219669031154,0.08109329410418438,0.0,1.0,0.2635109834515577,-0.26314940218194127,9.651054282713622,9.60831633535218,9.62971463084914,9.62971463084914,0.0
fdid_ar1_rho.7,23,inclusive,0.0,0.0,0.0,0.0,0.08109329410418438,0.24580910830724073,0.9800665296865536,0.20789535897640374,-0.19503335179494488,-0.2303199627034374,-0.2303199627034374,-0.2461358596606699,-0.25114199108441065,0.0
fdid_ar1_rho.7,23,inclusive,0.0,0.0,1.0,0.20789535897640374,0.08109329410418438,0.24580910830724073,0.9800665296865536,0.20789535897640374,-0.19503335179494488,-0.2303199627034374,-0.247178882191806,-0.2461358596606699,-0.25114199108441077,0.0
fdid_ar1_rho.7,23,inclusive,0.0,0.0,2.0,0.4157907179528075,0.08109329410418438,0.24580910830724073,0.9800665296865536,0.20789535897640374,-0.19503335179494488,-0.2303199627034374,-0.2640378016801746,-0.2461358596606699,-0.2511419910844108,0.0
fdid_ar1_rho.7,23,inclusive,1.0,3.2937914151390193,0.0,0.0,0.08109329410418438,0.24580910830724073,0.9800665296865536,0.20789535897640374,-1.0046772825003116,3.0634714524355817,3.0634714524355817,2.981998862085991,3.0426494240546087,0.0656566933923582
fdid_ar1_rho.7,23,inclusive,1.0,3.2937914151390193,1.0,0.20789535897640374,0.08109329410418438,0.24580910830724073,0.9800665296865536,0.20789535897640374,-1.0046772825003116,3.0634714524355817,3.046612532947213,2.981998862085991,3.0426494240546083,0.0656566933923582
fdid_ar1_rho.7,23,inclusive,1.0,3.2937914151390193,2.0,0.4157907179528075,0.08109329410418438,0.24580910830724073,0.9800665296865536,0.20789535897640374,-1.0046772825003116,3.0634714524355817,3.0297536134588445,2.981998862085991,3.0426494240546083,0.0656566933923582
fdid_ar1_rho.7,23,inclusive,3.0,9.881374245417058,0.0,0.0,0.08109329410418438,0.24580910830724073,0.9800665296865536,0.20789535897640374,-2.6239651439110454,9.651054282713622,9.651054282713622,9.438268305579314,9.630232254332649,0.1969700801770746
fdid_ar1_rho.7,23,inclusive,3.0,9.881374245417058,1.0,0.20789535897640374,0.08109329410418438,0.24580910830724073,0.9800665296865536,0.20789535897640374,-2.6239651439110454,9.651054282713622,9.634195363225253,9.438268305579314,9.630232254332649,0.1969700801770746
fdid_ar1_rho.7,23,inclusive,3.0,9.881374245417058,2.0,0.4157907179528075,0.08109329410418438,0.24580910830724073,0.9800665296865536,0.20789535897640374,-2.6239651439110454,9.651054282713622,9.617336443736884,9.438268305579314,9.630232254332647,0.1969700801770746
fdid_ar1_rho.7,24,clean,0.0,0.0,0.0,0.0,0.07844534663719757,0.0,1.0,0.4820172209817561,0.12810996686494555,-0.07211350949905801,-0.07211350949905801,-0.06206387874065763,-0.06206387874065746,0.0
fdid_ar1_rho.7,24,clean,0.0,0.0,1.0,0.4820172209817561,0.07844534663719757,0.0,1.0,0.4820172209817561,0.12810996686494555,-0.07211350949905801,-0.10992551748407062,-0.06206387874065763,-0.06206387874065755,0.0
fdid_ar1_rho.7,24,clean,0.0,0.0,2.0,0.9640344419635122,0.07844534663719757,0.0,1.0,0.4820172209817561,0.12810996686494555,-0.07211350949905801,-0.14773752546908317,-0.06206387874065763,-0.062063878740657566,0.0
fdid_ar1_rho.7,24,clean,1.0,3.075756659745524,0.0,0.0,0.07844534663719757,0.0,1.0,0.4820172209817561,0.12810996686494555,3.003643150246466,3.003643150246466,3.0136927810048673,3.013692781004867,0.0
fdid_ar1_rho.7,24,clean,1.0,3.075756659745524,1.0,0.4820172209817561,0.07844534663719757,0.0,1.0,0.4820172209817561,0.12810996686494555,3.003643150246466,2.9658311422614534,3.0136927810048673,3.0136927810048664,0.0
fdid_ar1_rho.7,24,clean,1.0,3.075756659745524,2.0,0.9640344419635122,0.07844534663719757,0.0,1.0,0.4820172209817561,0.12810996686494555,3.003643150246466,2.928019134276441,3.0136927810048673,3.013692781004867,0.0
fdid_ar1_rho.7,24,clean,3.0,9.227269979236572,0.0,0.0,0.07844534663719757,0.0,1.0,0.4820172209817561,0.12810996686494555,9.155156469737516,9.155156469737516,9.165206100495913,9.165206100495917,0.0
fdid_ar1_rho.7,24,clean,3.0,9.227269979236572,1.0,0.4820172209817561,0.07844534663719757,0.0,1.0,0.4820172209817561,0.12810996686494555,9.155156469737516,9.117344461752502,9.165206100495913,9.165206100495915,0.0
fdid_ar1_rho.7,24,clean,3.0,9.227269979236572,2.0,0.9640344419635122,0.07844534663719757,0.0,1.0,0.4820172209817561,0.12810996686494555,9.155156469737516,9.07953245376749,9.165206100495913,9.165206100495915,0.0
fdid_ar1_rho.7,24,inclusive,0.0,0.0,0.0,0.0,0.07844534663719757,0.28972260062940547,0.9772726101649959,0.4056513212459883,0.21176611494787037,-0.07211350949905801,-0.07211350949905801,-0.0555014432059598,-0.056792181248780944,0.0
fdid_ar1_rho.7,24,inclusive,0.0,0.0,1.0,0.4056513212459883,0.07844534663719757,0.28972260062940547,0.9772726101649959,0.4056513212459883,0.21176611494787037,-0.07211350949905801,-0.10393496800803685,-0.0555014432059598,-0.05679218124878105,0.0
fdid_ar1_rho.7,24,inclusive,0.0,0.0,2.0,0.8113026424919766,0.07844534663719757,0.28972260062940547,0.9772726101649959,0.4056513212459883,0.21176611494787037,-0.07211350949905801,-0.13575642651701547,-0.0555014432059598,-0.05679218124878093,0.0
fdid_ar1_rho.7,24,inclusive,1.0,3.075756659745524,0.0,0.0,0.07844534663719757,0.28972260062940547,0.9772726101649959,0.4056513212459883,-0.6793501034168162,3.003643150246466,3.003643150246466,2.950351295895918,3.018964478496743,0.06990392064364649
fdid_ar1_rho.7,24,inclusive,1.0,3.075756659745524,1.0,0.4056513212459883,0.07844534663719757,0.28972260062940547,0.9772726101649959,0.4056513212459883,-0.6793501034168162,3.003643150246466,2.971821691737488,2.950351295895918,3.018964478496744,0.06990392064364649
fdid_ar1_rho.7,24,inclusive,1.0,3.075756659745524,2.0,0.8113026424919766,0.07844534663719757,0.28972260062940547,0.9772726101649959,0.4056513212459883,-0.6793501034168162,3.003643150246466,2.940000233228509,2.950351295895918,3.0189644784967435,0.06990392064364649
fdid_ar1_rho.7,24,inclusive,3.0,9.227269979236572,0.0,0.0,0.07844534663719757,0.28972260062940547,0.9772726101649959,0.4056513212459883,-2.4615825401461895,9.155156469737516,9.155156469737516,8.962056774099674,9.170477797987793,0.20971176193093946
fdid_ar1_rho.7,24,inclusive,3.0,9.227269979236572,1.0,0.4056513212459883,0.07844534663719757,0.28972260062940547,0.9772726101649959,0.4056513212459883,-2.4615825401461895,9.155156469737516,9.123335011228535,8.962056774099674,9.170477797987791,0.20971176193093946
fdid_ar1_rho.7,24,inclusive,3.0,9.227269979236572,2.0,0.8113026424919766,0.07844534663719757,0.28972260062940547,0.9772726101649959,0.4056513212459883,-2.4615825401461895,9.155156469737516,9.091513552719558,8.962056774099674,9.170477797987793,0.20971176193093946
fdid_ar1_rho.7,25,clean,0.0,0.0,0.0,0.0,0.09211537732173039,0.0,1.0,0.1826847013679604,-0.7421970558516481,0.341941869851168,0.341941869851168,0.27357410800431614,0.27357410800431603,0.0
fdid_ar1_rho.7,25,clean,0.0,0.0,1.0,0.1826847013679604,0.09211537732173039,0.0,1.0,0.1826847013679604,-0.7421970558516481,0.341941869851168,0.32511379965375087,0.27357410800431614,0.2735741080043162,0.0
fdid_ar1_rho.7,25,clean,0.0,0.0,2.0,0.3653694027359208,0.09211537732173039,0.0,1.0,0.1826847013679604,-0.7421970558516481,0.341941869851168,0.3082857294563333,0.27357410800431614,0.2735741080043159,0.0
fdid_ar1_rho.7,25,clean,1.0,2.4057101966176626,0.0,0.0,0.09211537732173039,0.0,1.0,0.1826847013679604,-0.7421970558516481,2.7476520664688304,2.7476520664688304,2.6792843046219788,2.6792843046219783,0.0
fdid_ar1_rho.7,25,clean,1.0,2.4057101966176626,1.0,0.1826847013679604,0.09211537732173039,0.0,1.0,0.1826847013679604,-0.7421970558516481,2.7476520664688304,2.7308239962714134,2.6792843046219788,2.6792843046219788,0.0
fdid_ar1_rho.7,25,clean,1.0,2.4057101966176626,2.0,0.3653694027359208,0.09211537732173039,0.0,1.0,0.1826847013679604,-0.7421970558516481,2.7476520664688304,2.713995926073996,2.6792843046219788,2.6792843046219783,0.0
fdid_ar1_rho.7,25,clean,3.0,7.217130589852988,0.0,0.0,0.09211537732173039,0.0,1.0,0.1826847013679604,-0.7421970558516481,7.559072459704154,7.559072459704154,7.490704697857302,7.490704697857303,0.0
fdid_ar1_rho.7,25,clean,3.0,7.217130589852988,1.0,0.1826847013679604,0.09211537732173039,0.0,1.0,0.1826847013679604,-0.7421970558516481,7.559072459704154,7.542244389506737,7.490704697857302,7.490704697857303,0.0
fdid_ar1_rho.7,25,clean,3.0,7.217130589852988,2.0,0.3653694027359208,0.09211537732173039,0.0,1.0,0.1826847013679604,-0.7421970558516481,7.559072459704154,7.52541631930932,7.490704697857302,7.490704697857303,0.0
fdid_ar1_rho.7,25,inclusive,0.0,0.0,0.0,0.0,0.09211537732173039,0.06334555583776962,0.9941649002223492,0.1984381850504549,-0.7479638574373546,0.341941869851168,0.341941869851168,0.2730428969003092,0.2746454806835787,0.0
fdid_ar1_rho.7,25,inclusive,0.0,0.0,1.0,0.1984381850504549,0.09211537732173039,0.06334555583776962,0.9941649002223492,0.1984381850504549,-0.7479638574373546,0.341941869851168,0.323662661560206,0.2730428969003092,0.2746454806835787,0.0
fdid_ar1_rho.7,25,inclusive,0.0,0.0,2.0,0.3968763701009098,0.09211537732173039,0.06334555583776962,0.9941649002223492,0.1984381850504549,-0.7479638574373546,0.341941869851168,0.305383453269244,0.2730428969003092,0.2746454806835787,0.0
fdid_ar1_rho.7,25,inclusive,1.0,2.4057101966176626,0.0,0.0,0.09211537732173039,0.06334555583776962,0.9941649002223492,0.1984381850504549,-0.9003549070266905,2.7476520664688304,2.7476520664688304,2.6647155344845954,2.680355677301241,0.014037559033376201
fdid_ar1_rho.7,25,inclusive,1.0,2.4057101966176626,1.0,0.1984381850504549,0.09211537732173039,0.06334555583776962,0.9941649002223492,0.1984381850504549,-0.9003549070266905,2.7476520664688304,2.7293728581778685,2.6647155344845954,2.6803556773012414,0.014037559033376201
fdid_ar1_rho.7,25,inclusive,1.0,2.4057101966176626,2.0,0.3968763701009098,0.09211537732173039,0.06334555583776962,0.9941649002223492,0.1984381850504549,-0.9003549070266905,2.7476520664688304,2.711093649886906,2.6647155344845954,2.680355677301241,0.014037559033376201
fdid_ar1_rho.7,25,inclusive,3.0,7.217130589852988,0.0,0.0,0.09211537732173039,0.06334555583776962,0.9941649002223492,0.1984381850504549,-1.2051370062053621,7.559072459704154,7.559072459704154,7.448060809653167,7.491776070536565,0.0421126771001286
fdid_ar1_rho.7,25,inclusive,3.0,7.217130589852988,1.0,0.1984381850504549,0.09211537732173039,0.06334555583776962,0.9941649002223492,0.1984381850504549,-1.2051370062053621,7.559072459704154,7.540793251413193,7.448060809653167,7.491776070536566,0.0421126771001286
fdid_ar1_rho.7,25,inclusive,3.0,7.217130589852988,2.0,0.3968763701009098,0.09211537732173039,0.06334555583776962,0.9941649002223492,0.1984381850504549,-1.2051370062053621,7.559072459704154,7.52251404312223,7.448060809653167,7.491776070536565,0.0421126771001286
fdid_ar1_rho.7,26,clean,0.0,0.0,0.0,0.0,0.07567245543295208,0.0,1.0,0.3381922193942273,0.5924141049244221,0.2994698510016073,0.2994698510016073,0.3442992809543527,0.3442992809543528,0.0
fdid_ar1_rho.7,26,clean,0.0,0.0,1.0,0.3381922193942273,0.07567245543295208,0.0,1.0,0.3381922193942273,0.5924141049244221,0.2994698510016073,0.2738780153517265,0.3442992809543527,0.34429928095435286,0.0
fdid_ar1_rho.7,26,clean,0.0,0.0,2.0,0.6763844387884546,0.07567245543295208,0.0,1.0,0.3381922193942273,0.5924141049244221,0.2994698510016073,0.24828617970184555,0.3442992809543527,0.34429928095435275,0.0
fdid_ar1_rho.7,26,clean,1.0,2.5714132038267405,0.0,0.0,0.07567245543295208,0.0,1.0,0.3381922193942273,0.5924141049244221,2.870883054828348,2.870883054828348,2.915712484781093,2.9157124847810936,0.0
fdid_ar1_rho.7,26,clean,1.0,2.5714132038267405,1.0,0.3381922193942273,0.07567245543295208,0.0,1.0,0.3381922193942273,0.5924141049244221,2.870883054828348,2.8452912191784665,2.915712484781093,2.9157124847810927,0.0
fdid_ar1_rho.7,26,clean,1.0,2.5714132038267405,2.0,0.6763844387884546,0.07567245543295208,0.0,1.0,0.3381922193942273,0.5924141049244221,2.870883054828348,2.8196993835285857,2.915712484781093,2.915712484781093,0.0
fdid_ar1_rho.7,26,clean,3.0,7.714239611480222,0.0,0.0,0.07567245543295208,0.0,1.0,0.3381922193942273,0.5924141049244221,8.01370946248183,8.01370946248183,8.058538892434575,8.058538892434575,0.0
fdid_ar1_rho.7,26,clean,3.0,7.714239611480222,1.0,0.3381922193942273,0.07567245543295208,0.0,1.0,0.3381922193942273,0.5924141049244221,8.01370946248183,7.988117626831948,8.058538892434575,8.058538892434575,0.0
fdid_ar1_rho.7,26,clean,3.0,7.714239611480222,2.0,0.6763844387884546,0.07567245543295208,0.0,1.0,0.3381922193942273,0.5924141049244221,8.01370946248183,7.962525791182069,8.058538892434575,8.058538892434576,0.0
fdid_ar1_rho.7,26,inclusive,0.0,0.0,0.0,0.0,0.07567245543295208,0.2843260487140985,0.978484349750255,0.2319991429624363,0.46437895895702574,0.2994698510016073,0.2994698510016073,0.33461054707728344,0.34196821560067703,0.0
fdid_ar1_rho.7,26,inclusive,0.0,0.0,1.0,0.2319991429624363,0.07567245543295208,0.2843260487140985,0.978484349750255,0.2319991429624363,0.46437895895702574,0.2994698510016073,0.28191390619529927,0.33461054707728344,0.3419682156006771,0.0
fdid_ar1_rho.7,26,inclusive,0.0,0.0,2.0,0.4639982859248726,0.07567245543295208,0.2843260487140985,0.978484349750255,0.2319991429624363,0.46437895895702574,0.2994698510016073,0.26435796138899115,0.33461054707728344,0.341968215600677,0.0
fdid_ar1_rho.7,26,inclusive,1.0,2.5714132038267405,0.0,0.0,0.07567245543295208,0.2843260487140985,0.978484349750255,0.2319991429624363,-0.2667407968982923,2.870883054828348,2.870883054828348,2.850698123762912,2.913381419427418,0.055325627141112346
fdid_ar1_rho.7,26,inclusive,1.0,2.5714132038267405,1.0,0.2319991429624363,0.07567245543295208,0.2843260487140985,0.978484349750255,0.2319991429624363,-0.2667407968982923,2.870883054828348,2.853327110022039,2.850698123762912,2.913381419427417,0.055325627141112346
fdid_ar1_rho.7,26,inclusive,1.0,2.5714132038267405,2.0,0.4639982859248726,0.07567245543295208,0.2843260487140985,0.978484349750255,0.2319991429624363,-0.2667407968982923,2.870883054828348,2.8357711652157316,2.850698123762912,2.9133814194274175,0.055325627141112346
fdid_ar1_rho.7,26,inclusive,3.0,7.714239611480222,0.0,0.0,0.07567245543295208,0.2843260487140985,0.978484349750255,0.2319991429624363,-1.728980308608928,8.01370946248183,8.01370946248183,7.882873277134168,8.056207827080899,0.16597688142333705
fdid_ar1_rho.7,26,inclusive,3.0,7.714239611480222,1.0,0.2319991429624363,0.07567245543295208,0.2843260487140985,0.978484349750255,0.2319991429624363,-1.728980308608928,8.01370946248183,7.996153517675521,7.882873277134168,8.056207827080899,0.16597688142333705
fdid_ar1_rho.7,26,inclusive,3.0,7.714239611480222,2.0,0.4639982859248726,0.07567245543295208,0.2843260487140985,0.978484349750255,0.2319991429624363,-1.728980308608928,8.01370946248183,7.978597572869214,7.882873277134168,8.0562078270809,0.16597688142333705
fdid_ar1_rho.7,27,clean,0.0,0.0,0.0,0.0,0.07591746268527982,0.0,1.0,0.12112171565486556,-0.22965215085842208,0.1991922036702257,0.1991922036702257,0.18175759507683725,0.18175759507683717,0.0
fdid_ar1_rho.7,27,clean,0.0,0.0,1.0,0.12112171565486556,0.07591746268527982,0.0,1.0,0.12112171565486556,-0.22965215085842208,0.1991922036702257,0.18999695034162034,0.18175759507683725,0.18175759507683717,0.0
fdid_ar1_rho.7,27,clean,0.0,0.0,2.0,0.2422434313097311,0.07591746268527982,0.0,1.0,0.12112171565486556,-0.22965215085842208,0.1991922036702257,0.18080169701301502,0.18175759507683725,0.18175759507683717,0.0
fdid_ar1_rho.7,27,clean,1.0,2.346749820079947,0.0,0.0,0.07591746268527982,0.0,1.0,0.12112171565486556,-0.22965215085842208,2.545942023750173,2.545942023750173,2.528507415156785,2.528507415156785,0.0
fdid_ar1_rho.7,27,clean,1.0,2.346749820079947,1.0,0.12112171565486556,0.07591746268527982,0.0,1.0,0.12112171565486556,-0.22965215085842208,2.545942023750173,2.536746770421568,2.528507415156785,2.528507415156785,0.0
fdid_ar1_rho.7,27,clean,1.0,2.346749820079947,2.0,0.2422434313097311,0.07591746268527982,0.0,1.0,0.12112171565486556,-0.22965215085842208,2.545942023750173,2.527551517092962,2.528507415156785,2.5285074151567843,0.0
fdid_ar1_rho.7,27,clean,3.0,7.040249460239841,0.0,0.0,0.07591746268527982,0.0,1.0,0.12112171565486556,-0.22965215085842208,7.239441663910067,7.239441663910067,7.222007055316678,7.222007055316678,0.0
fdid_ar1_rho.7,27,clean,3.0,7.040249460239841,1.0,0.12112171565486556,0.07591746268527982,0.0,1.0,0.12112171565486556,-0.22965215085842208,7.239441663910067,7.230246410581462,7.222007055316678,7.222007055316679,0.0
fdid_ar1_rho.7,27,clean,3.0,7.040249460239841,2.0,0.2422434313097311,0.07591746268527982,0.0,1.0,0.12112171565486556,-0.22965215085842208,7.239441663910067,7.221051157252856,7.222007055316678,7.222007055316678,0.0
fdid_ar1_rho.7,27,inclusive,0.0,0.0,0.0,0.0,0.07591746268527982,0.2438489724334441,0.9814876047344402,0.08449781280761286,-0.2856819946334813,0.1991922036702257,0.1991922036702257,0.1775039515027821,0.1808519543665649,0.0
fdid_ar1_rho.7,27,inclusive,0.0,0.0,1.0,0.08449781280761286,0.07591746268527982,0.2438489724334441,0.9814876047344402,0.08449781280761286,-0.2856819946334813,0.1991922036702257,0.192777344119416,0.1775039515027821,0.1808519543665649,0.0
fdid_ar1_rho.7,27,inclusive,0.0,0.0,2.0,0.16899562561522571,0.07591746268527982,0.2438489724334441,0.9814876047344402,0.08449781280761286,-0.2856819946334813,0.1991922036702257,0.18636248456860635,0.1775039515027821,0.18085195436656498,0.0
fdid_ar1_rho.7,27,inclusive,1.0,2.346749820079947,0.0,0.0,0.07591746268527982,0.2438489724334441,0.9814876047344402,0.08449781280761286,-0.8579345268183461,2.545942023750173,2.545942023750173,2.4808098113240287,2.5276017744465125,0.043443960258701377
fdid_ar1_rho.7,27,inclusive,1.0,2.346749820079947,1.0,0.08449781280761286,0.07591746268527982,0.2438489724334441,0.9814876047344402,0.08449781280761286,-0.8579345268183461,2.545942023750173,2.539527164199364,2.4808098113240287,2.527601774446513,0.043443960258701377
fdid_ar1_rho.7,27,inclusive,1.0,2.346749820079947,2.0,0.16899562561522571,0.07591746268527982,0.2438489724334441,0.9814876047344402,0.08449781280761286,-0.8579345268183461,2.545942023750173,2.5331123046485535,2.4808098113240287,2.527601774446512,0.043443960258701377
fdid_ar1_rho.7,27,inclusive,3.0,7.040249460239841,0.0,0.0,0.07591746268527982,0.2438489724334441,0.9814876047344402,0.08449781280761286,-2.002439591188076,7.239441663910067,7.239441663910067,7.087421530966519,7.221101414606406,0.13033188077610414
fdid_ar1_rho.7,27,inclusive,3.0,7.040249460239841,1.0,0.08449781280761286,0.07591746268527982,0.2438489724334441,0.9814876047344402,0.08449781280761286,-2.002439591188076,7.239441663910067,7.233026804359258,7.087421530966519,7.221101414606407,0.13033188077610414
fdid_ar1_rho.7,27,inclusive,3.0,7.040249460239841,2.0,0.16899562561522571,0.07591746268527982,0.2438489724334441,0.9814876047344402,0.08449781280761286,-2.002439591188076,7.239441663910067,7.226611944808447,7.087421530966519,7.221101414606405,0.13033188077610414
fdid_ar1_rho.7,28,clean,0.0,0.0,0.0,0.0,0.0765810026212085,0.0,1.0,0.2106884247055191,0.05397716615894843,-0.16057819062955664,-0.16057819062955664,-0.1564445651264528,-0.1564445651264528,0.0
fdid_ar1_rho.7,28,clean,0.0,0.0,1.0,0.2106884247055191,0.0765810026212085,0.0,1.0,0.2106884247055191,0.05397716615894843,-0.16057819062955664,-0.17671292143418837,-0.1564445651264528,-0.15644456512645288,0.0
fdid_ar1_rho.7,28,clean,0.0,0.0,2.0,0.4213768494110382,0.0765810026212085,0.0,1.0,0.2106884247055191,0.05397716615894843,-0.16057819062955664,-0.19284765223882008,-0.1564445651264528,-0.15644456512645297,0.0
fdid_ar1_rho.7,28,clean,1.0,2.512167917417205,0.0,0.0,0.0765810026212085,0.0,1.0,0.2106884247055191,0.05397716615894843,2.3515897267876484,2.3515897267876484,2.3557233522907524,2.3557233522907524,0.0
fdid_ar1_rho.7,28,clean,1.0,2.512167917417205,1.0,0.2106884247055191,0.0765810026212085,0.0,1.0,0.2106884247055191,0.05397716615894843,2.3515897267876484,2.3354549959830164,2.3557233522907524,2.355723352290752,0.0
fdid_ar1_rho.7,28,clean,1.0,2.512167917417205,2.0,0.4213768494110382,0.0765810026212085,0.0,1.0,0.2106884247055191,0.05397716615894843,2.3515897267876484,2.319320265178385,2.3557233522907524,2.355723352290752,0.0
fdid_ar1_rho.7,28,clean,3.0,7.536503752251615,0.0,0.0,0.0765810026212085,0.0,1.0,0.2106884247055191,0.05397716615894843,7.375925561622059,7.375925561622059,7.380059187125163,7.380059187125163,0.0
fdid_ar1_rho.7,28,clean,3.0,7.536503752251615,1.0,0.2106884247055191,0.0765810026212085,0.0,1.0,0.2106884247055191,0.05397716615894843,7.375925561622059,7.359790830817427,7.380059187125163,7.380059187125162,0.0
fdid_ar1_rho.7,28,clean,3.0,7.536503752251615,2.0,0.4213768494110382,0.0765810026212085,0.0,1.0,0.2106884247055191,0.05397716615894843,7.375925561622059,7.343656100012796,7.380059187125163,7.380059187125163,0.0
fdid_ar1_rho.7,28,inclusive,0.0,0.0,0.0,0.0,0.0765810026212085,0.06156066372283718,0.995285622650078,0.21858364024717125,0.05108205272766325,-0.16057819062955664,-0.16057819062955664,-0.15666627581572287,-0.15740835821437701,0.0
fdid_ar1_rho.7,28,inclusive,0.0,0.0,1.0,0.21858364024717125,0.0765810026212085,0.06156066372283718,0.995285622650078,0.21858364024717125,0.05108205272766325,-0.16057819062955664,-0.17731754495627855,-0.15666627581572287,-0.157408358214377,0.0
fdid_ar1_rho.7,28,inclusive,0.0,0.0,2.0,0.4371672804943425,0.0765810026212085,0.06156066372283718,0.995285622650078,0.21858364024717125,0.05108205272766325,-0.16057819062955664,-0.19405689928300054,-0.15666627581572287,-0.15740835821437707,0.0
fdid_ar1_rho.7,28,inclusive,1.0,2.512167917417205,0.0,0.0,0.0765810026212085,0.06156066372283718,0.995285622650078,0.21858364024717125,-0.10356867165175747,2.3515897267876484,2.3515897267876484,2.3436583340724098,2.354759559202828,0.011843307529072214
fdid_ar1_rho.7,28,inclusive,1.0,2.512167917417205,1.0,0.21858364024717125,0.0765810026212085,0.06156066372283718,0.995285622650078,0.21858364024717125,-0.10356867165175747,2.3515897267876484,2.3348503724609264,2.3436583340724098,2.354759559202828,0.011843307529072214
fdid_ar1_rho.7,28,inclusive,1.0,2.512167917417205,2.0,0.4371672804943425,0.0765810026212085,0.06156066372283718,0.995285622650078,0.21858364024717125,-0.10356867165175747,2.3515897267876484,2.3181110181342044,2.3436583340724098,2.3547595592028276,0.011843307529072214
fdid_ar1_rho.7,28,inclusive,3.0,7.536503752251615,0.0,0.0,0.0765810026212085,0.06156066372283718,0.995285622650078,0.21858364024717125,-0.412870120410599,7.375925561622059,7.375925561622059,7.344307553848677,7.379095394037238,0.03552992258721664
fdid_ar1_rho.7,28,inclusive,3.0,7.536503752251615,1.0,0.21858364024717125,0.0765810026212085,0.06156066372283718,0.995285622650078,0.21858364024717125,-0.412870120410599,7.375925561622059,7.359186207295338,7.344307553848677,7.379095394037239,0.03552992258721664
fdid_ar1_rho.7,28,inclusive,3.0,7.536503752251615,2.0,0.4371672804943425,0.0765810026212085,0.06156066372283718,0.995285622650078,0.21858364024717125,-0.412870120410599,7.375925561622059,7.3424468529686155,7.344307553848677,7.379095394037239,0.03552992258721664
fdid_ar1_rho.7,29,clean,0.0,0.0,0.0,0.0,0.0764146822965566,0.0,1.0,0.08681383745328802,0.5793435225022531,0.3061657412271706,0.3061657412271706,0.35043609243974805,0.35043609243974827,0.0
fdid_ar1_rho.7,29,clean,0.0,0.0,1.0,0.08681383745328802,0.0764146822965566,0.0,1.0,0.08681383745328802,0.5793435225022531,0.3061657412271706,0.29953188941923287,0.35043609243974805,0.35043609243974844,0.0
fdid_ar1_rho.7,29,clean,0.0,0.0,2.0,0.17362767490657605,0.0764146822965566,0.0,1.0,0.08681383745328802,0.5793435225022531,0.3061657412271706,0.2928980376112946,0.35043609243974805,0.3504360924397481,0.0
fdid_ar1_rho.7,29,clean,1.0,2.4371773154638094,0.0,0.0,0.0764146822965566,0.0,1.0,0.08681383745328802,0.5793435225022531,2.7433430566909798,2.7433430566909798,2.787613407903558,2.7876134079035575,0.0
fdid_ar1_rho.7,29,clean,1.0,2.4371773154638094,1.0,0.08681383745328802,0.0764146822965566,0.0,1.0,0.08681383745328802,0.5793435225022531,2.7433430566909798,2.7367092048830424,2.787613407903558,2.787613407903558,0.0
fdid_ar1_rho.7,29,clean,1.0,2.4371773154638094,2.0,0.17362767490657605,0.0764146822965566,0.0,1.0,0.08681383745328802,0.5793435225022531,2.7433430566909798,2.7300753530751045,2.787613407903558,2.787613407903558,0.0
fdid_ar1_rho.7,29,clean,3.0,7.311531946391428,0.0,0.0,0.0764146822965566,0.0,1.0,0.08681383745328802,0.5793435225022531,7.617697687618597,7.617697687618597,7.661968038831176,7.661968038831175,0.0
fdid_ar1_rho.7,29,clean,3.0,7.311531946391428,1.0,0.08681383745328802,0.0764146822965566,0.0,1.0,0.08681383745328802,0.5793435225022531,7.617697687618597,7.611063835810661,7.661968038831176,7.661968038831177,0.0
fdid_ar1_rho.7,29,clean,3.0,7.311531946391428,2.0,0.17362767490657605,0.0764146822965566,0.0,1.0,0.08681383745328802,0.5793435225022531,7.617697687618597,7.604429984002723,7.661968038831176,7.661968038831177,0.0
fdid_ar1_rho.7,29,inclusive,0.0,0.0,0.0,0.0,0.0764146822965566,0.12355507649264788,0.9905585780836875,0.12598280949637808,0.6416592303556335,0.3061657412271706,0.3061657412271706,0.3551979274574492,0.35858346524504114,0.0
fdid_ar1_rho.7,29,inclusive,0.0,0.0,1.0,0.12598280949637808,0.0764146822965566,0.12355507649264788,0.9905585780836875,0.12598280949637808,0.6416592303556335,0.3061657412271706,0.29653880486467726,0.3551979274574492,0.35858346524504114,0.0
fdid_ar1_rho.7,29,inclusive,0.0,0.0,2.0,0.25196561899275616,0.0764146822965566,0.12355507649264788,0.9905585780836875,0.12598280949637808,0.6416592303556335,0.3061657412271706,0.2869118685021838,0.3551979274574492,0.35858346524504103,0.0
fdid_ar1_rho.7,29,inclusive,1.0,2.4371773154638094,0.0,0.0,0.0764146822965566,0.12355507649264788,0.9905585780836875,0.12598280949637808,0.3405336007173564,2.7433430566909798,2.7433430566909798,2.769364823601099,2.7957607807088505,0.023010419320159518
fdid_ar1_rho.7,29,inclusive,1.0,2.4371773154638094,1.0,0.12598280949637808,0.0764146822965566,0.12355507649264788,0.9905585780836875,0.12598280949637808,0.3405336007173564,2.7433430566909798,2.7337161203284865,2.769364823601099,2.7957607807088505,0.023010419320159518
fdid_ar1_rho.7,29,inclusive,1.0,2.4371773154638094,2.0,0.25196561899275616,0.0764146822965566,0.12355507649264788,0.9905585780836875,0.12598280949637808,0.3405336007173564,2.7433430566909798,2.7240891839659938,2.769364823601099,2.795760780708851,0.023010419320159518
fdid_ar1_rho.7,29,inclusive,3.0,7.311531946391428,0.0,0.0,0.0764146822965566,0.12355507649264788,0.9905585780836875,0.12598280949637808,-0.2617176585591981,7.617697687618597,7.617697687618597,7.597698615888399,7.670115411636468,0.06903125796047854
fdid_ar1_rho.7,29,inclusive,3.0,7.311531946391428,1.0,0.12598280949637808,0.0764146822965566,0.12355507649264788,0.9905585780836875,0.12598280949637808,-0.2617176585591981,7.617697687618597,7.608070751256105,7.597698615888399,7.670115411636469,0.06903125796047854
fdid_ar1_rho.7,29,inclusive,3.0,7.311531946391428,2.0,0.25196561899275616,0.0764146822965566,0.12355507649264788,0.9905585780836875,0.12598280949637808,-0.2617176585591981,7.617697687618597,7.5984438148936135,7.597698615888399,7.670115411636471,0.06903125796047854
fdid_ar1_rho.7,30,clean,0.0,0.0,0.0,0.0,0.08572767435171726,0.0,1.0,0.3260502792761138,-0.14498100878136158,0.17385094481001545,0.17385094481001545,0.16142206010202337,0.16142206010202342,0.0
fdid_ar1_rho.7,30,clean,0.0,0.0,1.0,0.3260502792761138,0.08572767435171726,0.0,1.0,0.3260502792761138,-0.14498100878136158,0.17385094481001545,0.14589941264594625,0.16142206010202337,0.16142206010202337,0.0
fdid_ar1_rho.7,30,clean,0.0,0.0,2.0,0.6521005585522276,0.08572767435171726,0.0,1.0,0.3260502792761138,-0.14498100878136158,0.17385094481001545,0.11794788048187713,0.16142206010202337,0.1614220601020234,0.0
fdid_ar1_rho.7,30,clean,1.0,3.0408085996332126,0.0,0.0,0.08572767435171726,0.0,1.0,0.3260502792761138,-0.14498100878136158,3.2146595444432284,3.2146595444432284,3.2022306597352364,3.2022306597352364,0.0
fdid_ar1_rho.7,30,clean,1.0,3.0408085996332126,1.0,0.3260502792761138,0.08572767435171726,0.0,1.0,0.3260502792761138,-0.14498100878136158,3.2146595444432284,3.1867080122791593,3.2022306597352364,3.2022306597352364,0.0
fdid_ar1_rho.7,30,clean,1.0,3.0408085996332126,2.0,0.6521005585522276,0.08572767435171726,0.0,1.0,0.3260502792761138,-0.14498100878136158,3.2146595444432284,3.15875648011509,3.2022306597352364,3.202230659735236,0.0
fdid_ar1_rho.7,30,clean,3.0,9.122425798899638,0.0,0.0,0.08572767435171726,0.0,1.0,0.3260502792761138,-0.14498100878136158,9.296276743709655,9.296276743709655,9.28384785900166,9.283847859001662,0.0
fdid_ar1_rho.7,30,clean,3.0,9.122425798899638,1.0,0.3260502792761138,0.08572767435171726,0.0,1.0,0.3260502792761138,-0.14498100878136158,9.296276743709655,9.268325211545584,9.28384785900166,9.28384785900166,0.0
fdid_ar1_rho.7,30,clean,3.0,9.122425798899638,2.0,0.6521005585522276,0.08572767435171726,0.0,1.0,0.3260502792761138,-0.14498100878136158,9.296276743709655,9.240373679381515,9.28384785900166,9.28384785900166,0.0
fdid_ar1_rho.7,30,inclusive,0.0,0.0,0.0,0.0,0.08572767435171726,0.4578108647636281,0.9607529392708656,0.20921976507175843,-0.24636228501539764,0.17385094481001545,0.17385094481001545,0.15273087906767047,0.15896998367091228,0.0
fdid_ar1_rho.7,30,inclusive,0.0,0.0,1.0,0.20921976507175843,0.08572767435171726,0.4578108647636281,0.9607529392708656,0.20921976507175843,-0.24636228501539764,0.17385094481001545,0.15591502092200096,0.15273087906767047,0.1589699836709123,0.0
fdid_ar1_rho.7,30,inclusive,0.0,0.0,2.0,0.41843953014351687,0.08572767435171726,0.4578108647636281,0.9607529392708656,0.20921976507175843,-0.24636228501539764,0.17385094481001545,0.13797909703398645,0.15273087906767047,0.15896998367091228,0.0
fdid_ar1_rho.7,30,inclusive,1.0,3.0408085996332126,0.0,0.0,0.08572767435171726,0.4578108647636281,0.9607529392708656,0.20921976507175843,-1.6384774995941556,3.2146595444432284,3.2146595444432284,3.0741966789254045,3.1997785833041252,0.11934279977547876
fdid_ar1_rho.7,30,inclusive,1.0,3.0408085996332126,1.0,0.20921976507175843,0.08572767435171726,0.4578108647636281,0.9607529392708656,0.20921976507175843,-1.6384774995941556,3.2146595444432284,3.196723620555214,3.0741966789254045,3.1997785833041252,0.11934279977547876
fdid_ar1_rho.7,30,inclusive,1.0,3.0408085996332126,2.0,0.41843953014351687,0.08572767435171726,0.4578108647636281,0.9607529392708656,0.20921976507175843,-1.6384774995941556,3.2146595444432284,3.1787876966671993,3.0741966789254045,3.1997785833041252,0.11934279977547876
fdid_ar1_rho.7,30,inclusive,3.0,9.122425798899638,0.0,0.0,0.08572767435171726,0.4578108647636281,0.9607529392708656,0.20921976507175843,-4.422707928751672,9.296276743709655,9.296276743709655,8.917128278640874,9.281395782570552,0.35802839932643626
fdid_ar1_rho.7,30,inclusive,3.0,9.122425798899638,1.0,0.20921976507175843,0.08572767435171726,0.4578108647636281,0.9607529392708656,0.20921976507175843,-4.422707928751672,9.296276743709655,9.27834081982164,8.917128278640874,9.28139578257055,0.35802839932643626
fdid_ar1_rho.7,30,inclusive,3.0,9.122425798899638,2.0,0.41843953014351687,0.08572767435171726,0.4578108647636281,0.9607529392708656,0.20921976507175843,-4.422707928751672,9.296276743709655,9.260404895933624,8.917128278640874,9.281395782570549,0.35802839932643626
fdid_ar1_rho.7,31,clean,0.0,0.0,0.0,0.0,0.087382984910931,0.0,1.0,0.38396047862329524,0.4899306893815469,-0.0013817528396976807,-0.0013817528396976807,0.04142985319793215,0.04142985319793205,0.0
fdid_ar1_rho.7,31,clean,0.0,0.0,1.0,0.38396047862329524,0.087382984910931,0.0,1.0,0.38396047862329524,0.4899306893815469,-0.0013817528396976807,-0.03493336554963085,0.04142985319793215,0.04142985319793216,0.0
fdid_ar1_rho.7,31,clean,0.0,0.0,2.0,0.7679209572465905,0.087382984910931,0.0,1.0,0.38396047862329524,0.4899306893815469,-0.0013817528396976807,-0.06848497825956393,0.04142985319793215,0.04142985319793228,0.0
fdid_ar1_rho.7,31,clean,1.0,2.2742121536805744,0.0,0.0,0.087382984910931,0.0,1.0,0.38396047862329524,0.4899306893815469,2.2728304008408777,2.2728304008408777,2.3156420068785075,2.3156420068785075,0.0
fdid_ar1_rho.7,31,clean,1.0,2.2742121536805744,1.0,0.38396047862329524,0.087382984910931,0.0,1.0,0.38396047862329524,0.4899306893815469,2.2728304008408777,2.239278788130944,2.3156420068785075,2.315642006878507,0.0
fdid_ar1_rho.7,31,clean,1.0,2.2742121536805744,2.0,0.7679209572465905,0.087382984910931,0.0,1.0,0.38396047862329524,0.4899306893815469,2.2728304008408777,2.2057271754210115,2.3156420068785075,2.3156420068785075,0.0
fdid_ar1_rho.7,31,clean,3.0,6.822636461041723,0.0,0.0,0.087382984910931,0.0,1.0,0.38396047862329524,0.4899306893815469,6.8212547082020265,6.8212547082020265,6.864066314239656,6.864066314239656,0.0
fdid_ar1_rho.7,31,clean,3.0,6.822636461041723,1.0,0.38396047862329524,0.087382984910931,0.0,1.0,0.38396047862329524,0.4899306893815469,6.8212547082020265,6.787703095492094,6.864066314239656,6.864066314239657,0.0
fdid_ar1_rho.7,31,clean,3.0,6.822636461041723,2.0,0.7679209572465905,0.087382984910931,0.0,1.0,0.38396047862329524,0.4899306893815469,6.8212547082020265,6.754151482782161,6.864066314239656,6.864066314239658,0.0
fdid_ar1_rho.7,31,inclusive,0.0,0.0,0.0,0.0,0.087382984910931,0.21896270566305692,0.9808663851949885,0.4013396367714575,0.46062026841376724,-0.0013817528396976807,-0.0013817528396976807,0.03886862112477192,0.03962682554061097,0.0
fdid_ar1_rho.7,31,inclusive,0.0,0.0,1.0,0.4013396367714575,0.087382984910931,0.21896270566305692,0.9808663851949885,0.4013396367714575,0.46062026841376724,-0.0013817528396976807,-0.03645200826385615,0.03886862112477192,0.039626825540611275,0.0
fdid_ar1_rho.7,31,inclusive,0.0,0.0,2.0,0.802679273542915,0.087382984910931,0.21896270566305692,0.9808663851949885,0.4013396367714575,0.46062026841376724,-0.0013817528396976807,-0.07152226368801515,0.03886862112477192,0.03962682554061113,0.0
fdid_ar1_rho.7,31,inclusive,1.0,2.2742121536805744,0.0,0.0,0.087382984910931,0.21896270566305692,0.9808663851949885,0.4013396367714575,-0.03734737800793919,2.2728304008408777,2.2728304008408777,2.269566875471947,2.3138389792211864,0.04351389933339979
fdid_ar1_rho.7,31,inclusive,1.0,2.2742121536805744,1.0,0.4013396367714575,0.087382984910931,0.21896270566305692,0.9808663851949885,0.4013396367714575,-0.03734737800793919,2.2728304008408777,2.2377601454167193,2.269566875471947,2.313838979221187,0.04351389933339979
fdid_ar1_rho.7,31,inclusive,1.0,2.2742121536805744,2.0,0.802679273542915,0.087382984910931,0.21896270566305692,0.9808663851949885,0.4013396367714575,-0.03734737800793919,2.2728304008408777,2.20268988999256,2.269566875471947,2.3138389792211864,0.04351389933339979
fdid_ar1_rho.7,31,inclusive,3.0,6.822636461041723,0.0,0.0,0.087382984910931,0.21896270566305692,0.9808663851949885,0.4013396367714575,-1.0332826708513518,6.8212547082020265,6.8212547082020265,6.730963384166297,6.862263286582335,0.13054169800019935
fdid_ar1_rho.7,31,inclusive,3.0,6.822636461041723,1.0,0.4013396367714575,0.087382984910931,0.21896270566305692,0.9808663851949885,0.4013396367714575,-1.0332826708513518,6.8212547082020265,6.786184452777869,6.730963384166297,6.862263286582336,0.13054169800019935
fdid_ar1_rho.7,31,inclusive,3.0,6.822636461041723,2.0,0.802679273542915,0.087382984910931,0.21896270566305692,0.9808663851949885,0.4013396367714575,-1.0332826708513518,6.8212547082020265,6.75111419735371,6.730963384166297,6.862263286582336,0.13054169800019935
fdid_ar1_rho.7,32,clean,0.0,0.0,0.0,0.0,0.08666611354584547,0.0,1.0,0.0799911426980995,-0.02981091290330138,0.8714583301845226,0.8714583301845226,0.8688747342219397,0.8688747342219397,0.0
fdid_ar1_rho.7,32,clean,0.0,0.0,1.0,0.0799911426980995,0.08666611354584547,0.0,1.0,0.0799911426980995,-0.02981091290330138,0.8714583301845226,0.8645258087287871,0.8688747342219397,0.8688747342219397,0.0
fdid_ar1_rho.7,32,clean,0.0,0.0,2.0,0.159982285396199,0.08666611354584547,0.0,1.0,0.0799911426980995,-0.02981091290330138,0.8714583301845226,0.8575932872730517,0.8688747342219397,0.8688747342219397,0.0
fdid_ar1_rho.7,32,clean,1.0,2.849417414015828,0.0,0.0,0.08666611354584547,0.0,1.0,0.0799911426980995,-0.02981091290330138,3.72087574420035,3.72087574420035,3.7182921482377678,3.7182921482377673,0.0
fdid_ar1_rho.7,32,clean,1.0,2.849417414015828,1.0,0.0799911426980995,0.08666611354584547,0.0,1.0,0.0799911426980995,-0.02981091290330138,3.72087574420035,3.713943222744615,3.7182921482377678,3.7182921482377678,0.0
fdid_ar1_rho.7,32,clean,1.0,2.849417414015828,2.0,0.159982285396199,0.08666611354584547,0.0,1.0,0.0799911426980995,-0.02981091290330138,3.72087574420035,3.7070107012888798,3.7182921482377678,3.7182921482377678,0.0
fdid_ar1_rho.7,32,clean,3.0,8.548252242047484,0.0,0.0,0.08666611354584547,0.0,1.0,0.0799911426980995,-0.02981091290330138,9.419710572232006,9.419710572232006,9.417126976269424,9.417126976269424,0.0
fdid_ar1_rho.7,32,clean,3.0,8.548252242047484,1.0,0.0799911426980995,0.08666611354584547,0.0,1.0,0.0799911426980995,-0.02981091290330138,9.419710572232006,9.412778050776271,9.417126976269424,9.417126976269424,0.0
fdid_ar1_rho.7,32,clean,3.0,8.548252242047484,2.0,0.159982285396199,0.08666611354584547,0.0,1.0,0.0799911426980995,-0.02981091290330138,9.419710572232006,9.405845529320537,9.417126976269424,9.417126976269426,0.0
fdid_ar1_rho.7,32,inclusive,0.0,0.0,0.0,0.0,0.08666611354584547,0.5813192772153368,0.9496193175144668,0.09128815732607162,-0.57633106826187,0.8714583301845226,0.8714583301845226,0.8215099563825407,0.8650939815891285,0.0
fdid_ar1_rho.7,32,inclusive,0.0,0.0,1.0,0.09128815732607162,0.08666611354584547,0.5813192772153368,0.9496193175144668,0.09128815732607162,-0.57633106826187,0.8714583301845226,0.86354674037631,0.8215099563825407,0.8650939815891282,0.0
fdid_ar1_rho.7,32,inclusive,0.0,0.0,2.0,0.18257631465214325,0.08666611354584547,0.5813192772153368,0.9496193175144668,0.09128815732607162,-0.57633106826187,0.8714583301845226,0.8556351505680979,0.8215099563825407,0.8650939815891285,0.0
fdid_ar1_rho.7,32,inclusive,1.0,2.849417414015828,0.0,0.0,0.08666611354584547,0.5813192772153368,0.9496193175144668,0.09128815732607162,-2.232752339862345,3.72087574420035,3.72087574420035,3.5273717763940886,3.7145113956049562,0.14355559400428053
fdid_ar1_rho.7,32,inclusive,1.0,2.849417414015828,1.0,0.09128815732607162,0.08666611354584547,0.5813192772153368,0.9496193175144668,0.09128815732607162,-2.232752339862345,3.72087574420035,3.712964154392138,3.5273717763940886,3.7145113956049562,0.14355559400428053
fdid_ar1_rho.7,32,inclusive,1.0,2.849417414015828,2.0,0.18257631465214325,0.08666611354584547,0.5813192772153368,0.9496193175144668,0.09128815732607162,-2.232752339862345,3.72087574420035,3.7050525645839265,3.5273717763940886,3.714511395604957,0.14355559400428053
fdid_ar1_rho.7,32,inclusive,3.0,8.548252242047484,0.0,0.0,0.08666611354584547,0.5813192772153368,0.9496193175144668,0.09128815732607162,-5.545594883063297,9.419710572232006,9.419710572232006,8.939095416417185,9.413346223636612,0.4306667820128416
fdid_ar1_rho.7,32,inclusive,3.0,8.548252242047484,1.0,0.09128815732607162,0.08666611354584547,0.5813192772153368,0.9496193175144668,0.09128815732607162,-5.545594883063297,9.419710572232006,9.411798982423793,8.939095416417185,9.413346223636612,0.4306667820128416
fdid_ar1_rho.7,32,inclusive,3.0,8.548252242047484,2.0,0.18257631465214325,0.08666611354584547,0.5813192772153368,0.9496193175144668,0.09128815732607162,-5.545594883063297,9.419710572232006,9.403887392615582,8.939095416417185,9.413346223636612,0.4306667820128416
fdid_ar1_rho.7,33,clean,0.0,0.0,0.0,0.0,0.08145845378806155,0.0,1.0,0.2389948160361493,-0.3845950585688628,-0.03121074213350301,-0.03121074213350301,-0.06253926093905146,-0.06253926093905154,0.0
fdid_ar1_rho.7,33,clean,0.0,0.0,1.0,0.2389948160361493,0.08145845378806155,0.0,1.0,0.2389948160361493,-0.3845950585688628,-0.03121074213350301,-0.05067889031116975,-0.06253926093905146,-0.06253926093905134,0.0
fdid_ar1_rho.7,33,clean,0.0,0.0,2.0,0.4779896320722986,0.08145845378806155,0.0,1.0,0.2389948160361493,-0.3845950585688628,-0.03121074213350301,-0.07014703848883694,-0.06253926093905146,-0.0625392609390516,0.0
fdid_ar1_rho.7,33,clean,1.0,3.1254884586909033,0.0,0.0,0.08145845378806155,0.0,1.0,0.2389948160361493,-0.3845950585688628,3.0942777165574,3.0942777165574,3.0629491977518515,3.0629491977518515,0.0
fdid_ar1_rho.7,33,clean,1.0,3.1254884586909033,1.0,0.2389948160361493,0.08145845378806155,0.0,1.0,0.2389948160361493,-0.3845950585688628,3.0942777165574,3.0748095683797336,3.0629491977518515,3.062949197751852,0.0
fdid_ar1_rho.7,33,clean,1.0,3.1254884586909033,2.0,0.4779896320722986,0.08145845378806155,0.0,1.0,0.2389948160361493,-0.3845950585688628,3.0942777165574,3.0553414202020663,3.0629491977518515,3.0629491977518515,0.0
fdid_ar1_rho.7,33,clean,3.0,9.37646537607271,0.0,0.0,0.08145845378806155,0.0,1.0,0.2389948160361493,-0.3845950585688628,9.345254633939206,9.345254633939206,9.313926115133658,9.313926115133658,0.0
fdid_ar1_rho.7,33,clean,3.0,9.37646537607271,1.0,0.2389948160361493,0.08145845378806155,0.0,1.0,0.2389948160361493,-0.3845950585688628,9.345254633939206,9.32578648576154,9.313926115133658,9.31392611513366,0.0
fdid_ar1_rho.7,33,clean,3.0,9.37646537607271,2.0,0.4779896320722986,0.08145845378806155,0.0,1.0,0.2389948160361493,-0.3845950585688628,9.345254633939206,9.306318337583873,9.313926115133658,9.313926115133658,0.0
fdid_ar1_rho.7,33,inclusive,0.0,0.0,0.0,0.0,0.08145845378806155,0.4444437660685616,0.9637962980203121,0.16344773854636163,-0.36809948900587,-0.03121074213350301,-0.03121074213350301,-0.06119555734809665,-0.06349428553917005,0.0
fdid_ar1_rho.7,33,inclusive,0.0,0.0,1.0,0.16344773854636163,0.08145845378806155,0.4444437660685616,0.9637962980203121,0.16344773854636163,-0.36809948900587,-0.03121074213350301,-0.044524942190644824,-0.06119555734809665,-0.06349428553916991,0.0
fdid_ar1_rho.7,33,inclusive,0.0,0.0,2.0,0.32689547709272326,0.08145845378806155,0.4444437660685616,0.9637962980203121,0.16344773854636163,-0.36809948900587,-0.03121074213350301,-0.057839142247786815,-0.06119555734809665,-0.06349428553916994,0.0
fdid_ar1_rho.7,33,inclusive,1.0,3.1254884586909033,0.0,0.0,0.08145845378806155,0.4444437660685616,0.9637962980203121,0.16344773854636163,-1.757203350390279,3.0942777165574,3.0942777165574,2.951138648643407,3.061994173151733,0.11315425269939973
fdid_ar1_rho.7,33,inclusive,1.0,3.1254884586909033,1.0,0.16344773854636163,0.08145845378806155,0.4444437660685616,0.9637962980203121,0.16344773854636163,-1.757203350390279,3.0942777165574,3.0809635165002582,2.951138648643407,3.0619941731517333,0.11315425269939973
fdid_ar1_rho.7,33,inclusive,1.0,3.1254884586909033,2.0,0.32689547709272326,0.08145845378806155,0.4444437660685616,0.9637962980203121,0.16344773854636163,-1.757203350390279,3.0942777165574,3.0676493164431164,2.951138648643407,3.0619941731517333,0.11315425269939973
fdid_ar1_rho.7,33,inclusive,3.0,9.37646537607271,0.0,0.0,0.08145845378806155,0.4444437660685616,0.9637962980203121,0.16344773854636163,-4.535411073159098,9.345254633939206,9.345254633939206,8.975807060626414,9.312971090533539,0.3394627580981992
fdid_ar1_rho.7,33,inclusive,3.0,9.37646537607271,1.0,0.16344773854636163,0.08145845378806155,0.4444437660685616,0.9637962980203121,0.16344773854636163,-4.535411073159098,9.345254633939206,9.331940433882064,8.975807060626414,9.312971090533539,0.3394627580981992
fdid_ar1_rho.7,33,inclusive,3.0,9.37646537607271,2.0,0.32689547709272326,0.08145845378806155,0.4444437660685616,0.9637962980203121,0.16344773854636163,-4.535411073159098,9.345254633939206,9.318626233824922,8.975807060626414,9.312971090533539,0.3394627580981992
fdid_ar1_rho.7,34,clean,0.0,0.0,0.0,0.0,0.07808495117716821,0.0,1.0,0.24953466135036703,-0.5497512095003281,0.2227160264521318,0.2227160264521318,0.17978873009870955,0.1797887300987095,0.0
fdid_ar1_rho.7,34,clean,0.0,0.0,1.0,0.24953466135036703,0.07808495117716821,0.0,1.0,0.24953466135036703,-0.5497512095003281,0.2227160264521318,0.20323112460357726,0.17978873009870955,0.17978873009870958,0.0
fdid_ar1_rho.7,34,clean,0.0,0.0,2.0,0.49906932270073406,0.07808495117716821,0.0,1.0,0.24953466135036703,-0.5497512095003281,0.2227160264521318,0.1837462227550226,0.17978873009870955,0.17978873009870952,0.0
fdid_ar1_rho.7,34,clean,1.0,3.163469832366135,0.0,0.0,0.07808495117716821,0.0,1.0,0.24953466135036703,-0.5497512095003281,3.386185858818267,3.386185858818267,3.3432585624648454,3.3432585624648445,0.0
fdid_ar1_rho.7,34,clean,1.0,3.163469832366135,1.0,0.24953466135036703,0.07808495117716821,0.0,1.0,0.24953466135036703,-0.5497512095003281,3.386185858818267,3.366700956969713,3.3432585624648454,3.3432585624648454,0.0
fdid_ar1_rho.7,34,clean,1.0,3.163469832366135,2.0,0.49906932270073406,0.07808495117716821,0.0,1.0,0.24953466135036703,-0.5497512095003281,3.386185858818267,3.347216055121158,3.3432585624648454,3.343258562464845,0.0
fdid_ar1_rho.7,34,clean,3.0,9.490409497098405,0.0,0.0,0.07808495117716821,0.0,1.0,0.24953466135036703,-0.5497512095003281,9.713125523550538,9.713125523550538,9.670198227197115,9.670198227197115,0.0
fdid_ar1_rho.7,34,clean,3.0,9.490409497098405,1.0,0.24953466135036703,0.07808495117716821,0.0,1.0,0.24953466135036703,-0.5497512095003281,9.713125523550538,9.69364062170198,9.670198227197115,9.670198227197114,0.0
fdid_ar1_rho.7,34,clean,3.0,9.490409497098405,2.0,0.49906932270073406,0.07808495117716821,0.0,1.0,0.24953466135036703,-0.5497512095003281,9.713125523550538,9.674155719853427,9.670198227197115,9.670198227197114,0.0
fdid_ar1_rho.7,34,inclusive,0.0,0.0,0.0,0.0,0.07808495117716821,0.4804143187389325,0.9624868713764579,0.23137629235693058,-0.41611388048130227,0.2227160264521318,0.2227160264521318,0.19022379441060733,0.19763780688100938,0.0
fdid_ar1_rho.7,34,inclusive,0.0,0.0,1.0,0.23137629235693058,0.07808495117716821,0.4804143187389325,0.9624868713764579,0.23137629235693058,-0.41611388048130227,0.2227160264521318,0.20464901995988666,0.19022379441060733,0.19763780688100935,0.0
fdid_ar1_rho.7,34,inclusive,0.0,0.0,2.0,0.46275258471386116,0.07808495117716821,0.4804143187389325,0.9624868713764579,0.23137629235693058,-0.41611388048130227,0.2227160264521318,0.18658201346764153,0.19022379441060733,0.19763780688100938,0.0
fdid_ar1_rho.7,34,inclusive,1.0,3.163469832366135,0.0,0.0,0.07808495117716821,0.4804143187389325,0.9624868713764579,0.23137629235693058,-1.9358900848486442,3.386185858818267,3.386185858818267,3.2350219760584964,3.3611076392471446,0.11867165071824591
fdid_ar1_rho.7,34,inclusive,1.0,3.163469832366135,1.0,0.23137629235693058,0.07808495117716821,0.4804143187389325,0.9624868713764579,0.23137629235693058,-1.9358900848486442,3.386185858818267,3.3681188523260217,3.2350219760584964,3.361107639247144,0.11867165071824591
fdid_ar1_rho.7,34,inclusive,1.0,3.163469832366135,2.0,0.46275258471386116,0.07808495117716821,0.4804143187389325,0.9624868713764579,0.23137629235693058,-1.9358900848486442,3.386185858818267,3.3500518458337765,3.2350219760584964,3.361107639247144,0.11867165071824591
fdid_ar1_rho.7,34,inclusive,3.0,9.490409497098405,0.0,0.0,0.07808495117716821,0.4804143187389325,0.9624868713764579,0.23137629235693058,-4.975442493583328,9.713125523550538,9.713125523550538,9.324618339354274,9.688047303979415,0.35601495215473766
fdid_ar1_rho.7,34,inclusive,3.0,9.490409497098405,1.0,0.23137629235693058,0.07808495117716821,0.4804143187389325,0.9624868713764579,0.23137629235693058,-4.975442493583328,9.713125523550538,9.695058517058293,9.324618339354274,9.688047303979415,0.35601495215473766
fdid_ar1_rho.7,34,inclusive,3.0,9.490409497098405,2.0,0.46275258471386116,0.07808495117716821,0.4804143187389325,0.9624868713764579,0.23137629235693058,-4.975442493583328,9.713125523550538,9.676991510566047,9.324618339354274,9.688047303979415,0.35601495215473766
fdid_ar1_rho.7,35,clean,0.0,0.0,0.0,0.0,0.08893249596656518,0.0,1.0,0.3783040394826452,-0.33539725198660275,-0.04498945453263068,-0.04498945453263068,-0.07481716929212627,-0.07481716929212627,0.0
fdid_ar1_rho.7,35,clean,0.0,0.0,1.0,0.3783040394826452,0.08893249596656518,0.0,1.0,0.3783040394826452,-0.33539725198660275,-0.04498945453263068,-0.07863297699805619,-0.07481716929212627,-0.07481716929212612,0.0
fdid_ar1_rho.7,35,clean,0.0,0.0,2.0,0.7566080789652904,0.08893249596656518,0.0,1.0,0.3783040394826452,-0.33539725198660275,-0.04498945453263068,-0.11227649946348209,-0.07481716929212627,-0.07481716929212637,0.0
fdid_ar1_rho.7,35,clean,1.0,2.6116179890945395,0.0,0.0,0.08893249596656518,0.0,1.0,0.3783040394826452,-0.33539725198660275,2.5666285345619086,2.5666285345619086,2.536800819802413,2.536800819802413,0.0
fdid_ar1_rho.7,35,clean,1.0,2.6116179890945395,1.0,0.3783040394826452,0.08893249596656518,0.0,1.0,0.3783040394826452,-0.33539725198660275,2.5666285345619086,2.532985012096483,2.536800819802413,2.536800819802413,0.0
fdid_ar1_rho.7,35,clean,1.0,2.6116179890945395,2.0,0.7566080789652904,0.08893249596656518,0.0,1.0,0.3783040394826452,-0.33539725198660275,2.5666285345619086,2.4993414896310577,2.536800819802413,2.5368008198024135,0.0
fdid_ar1_rho.7,35,clean,3.0,7.834853967283618,0.0,0.0,0.08893249596656518,0.0,1.0,0.3783040394826452,-0.33539725198660275,7.789864512750988,7.789864512750988,7.760036797991492,7.760036797991493,0.0
fdid_ar1_rho.7,35,clean,3.0,7.834853967283618,1.0,0.3783040394826452,0.08893249596656518,0.0,1.0,0.3783040394826452,-0.33539725198660275,7.789864512750988,7.756220990285563,7.760036797991492,7.760036797991493,0.0
fdid_ar1_rho.7,35,clean,3.0,7.834853967283618,2.0,0.7566080789652904,0.08893249596656518,0.0,1.0,0.3783040394826452,-0.33539725198660275,7.789864512750988,7.722577467820136,7.760036797991492,7.760036797991491,0.0
fdid_ar1_rho.7,35,inclusive,0.0,0.0,0.0,0.0,0.08893249596656518,0.34014682424410864,0.9697498939248709,0.3339569855307581,-0.37814684734818693,-0.04498945453263068,-0.04498945453263068,-0.07861899750919273,-0.08107141645666782,0.0
fdid_ar1_rho.7,35,inclusive,0.0,0.0,1.0,0.3339569855307581,0.08893249596656518,0.34014682424410864,0.9697498939248709,0.3339569855307581,-0.37814684734818693,-0.04498945453263068,-0.07468908280135116,-0.07861899750919273,-0.08107141645666789,0.0
fdid_ar1_rho.7,35,inclusive,0.0,0.0,2.0,0.6679139710615162,0.08893249596656518,0.34014682424410864,0.9697498939248709,0.3339569855307581,-0.37814684734818693,-0.04498945453263068,-0.10438871107007155,-0.07861899750919273,-0.08107141645666788,0.0
fdid_ar1_rho.7,35,inclusive,1.0,2.6116179890945395,0.0,0.0,0.08893249596656518,0.34014682424410864,0.9697498939248709,0.3339569855307581,-1.2664804124774798,2.5666285345619086,2.5666285345619086,2.4539972703875215,2.5305465726378715,0.0790017211978253
fdid_ar1_rho.7,35,inclusive,1.0,2.6116179890945395,1.0,0.3339569855307581,0.08893249596656518,0.34014682424410864,0.9697498939248709,0.3339569855307581,-1.2664804124774798,2.5666285345619086,2.5369289062931886,2.4539972703875215,2.530546572637872,0.0790017211978253
fdid_ar1_rho.7,35,inclusive,1.0,2.6116179890945395,2.0,0.6679139710615162,0.08893249596656518,0.34014682424410864,0.9697498939248709,0.3339569855307581,-1.2664804124774798,2.5666285345619086,2.507229278024468,2.4539972703875215,2.5305465726378715,0.0790017211978253
fdid_ar1_rho.7,35,inclusive,3.0,7.834853967283618,0.0,0.0,0.08893249596656518,0.34014682424410864,0.9697498939248709,0.3339569855307581,-3.043147542736065,7.789864512750988,7.789864512750988,7.519229806180951,7.753782550826951,0.23700516359347587
fdid_ar1_rho.7,35,inclusive,3.0,7.834853967283618,1.0,0.3339569855307581,0.08893249596656518,0.34014682424410864,0.9697498939248709,0.3339569855307581,-3.043147542736065,7.789864512750988,7.760164884482267,7.519229806180951,7.75378255082695,0.23700516359347587
fdid_ar1_rho.7,35,inclusive,3.0,7.834853967283618,2.0,0.6679139710615162,0.08893249596656518,0.34014682424410864,0.9697498939248709,0.3339569855307581,-3.043147542736065,7.789864512750988,7.730465256213547,7.519229806180951,7.7537825508269504,0.23700516359347587
fdid_ar1_rho.7,36,clean,0.0,0.0,0.0,0.0,0.07637654933041266,0.0,1.0,0.4759056117997204,0.6338768149396244,0.2764763995903479,0.2764763995903479,0.32488972341598893,0.324889723415989,0.0
fdid_ar1_rho.7,36,clean,0.0,0.0,1.0,0.4759056117997204,0.07637654933041266,0.0,1.0,0.4759056117997204,0.6338768149396244,0.2764763995903479,0.2401283711541063,0.32488972341598893,0.32488972341598893,0.0
fdid_ar1_rho.7,36,clean,0.0,0.0,2.0,0.9518112235994408,0.07637654933041266,0.0,1.0,0.4759056117997204,0.6338768149396244,0.2764763995903479,0.20378034271786477,0.32488972341598893,0.324889723415989,0.0
fdid_ar1_rho.7,36,clean,1.0,2.48898951188605,0.0,0.0,0.07637654933041266,0.0,1.0,0.4759056117997204,0.6338768149396244,2.7654659114763986,2.7654659114763986,2.8138792353020396,2.8138792353020396,0.0
fdid_ar1_rho.7,36,clean,1.0,2.48898951188605,1.0,0.4759056117997204,0.07637654933041266,0.0,1.0,0.4759056117997204,0.6338768149396244,2.7654659114763986,2.729117883040157,2.8138792353020396,2.8138792353020396,0.0
fdid_ar1_rho.7,36,clean,1.0,2.48898951188605,2.0,0.9518112235994408,0.07637654933041266,0.0,1.0,0.4759056117997204,0.6338768149396244,2.7654659114763986,2.692769854603916,2.8138792353020396,2.81387923530204,0.0
fdid_ar1_rho.7,36,clean,3.0,7.46696853565815,0.0,0.0,0.07637654933041266,0.0,1.0,0.4759056117997204,0.6338768149396244,7.7434449352485,7.7434449352485,7.791858259074142,7.791858259074141,0.0
fdid_ar1_rho.7,36,clean,3.0,7.46696853565815,1.0,0.4759056117997204,0.07637654933041266,0.0,1.0,0.4759056117997204,0.6338768149396244,7.7434449352485,7.707096906812258,7.791858259074142,7.791858259074141,0.0
fdid_ar1_rho.7,36,clean,3.0,7.46696853565815,2.0,0.9518112235994408,0.07637654933041266,0.0,1.0,0.4759056117997204,0.6338768149396244,7.7434449352485,7.670748878376017,7.791858259074142,7.791858259074141,0.0
fdid_ar1_rho.7,36,inclusive,0.0,0.0,0.0,0.0,0.07637654933041266,0.5437581686132583,0.9584696274110946,0.3780631621187378,0.6303184816668381,0.2764763995903479,0.2764763995903479,0.324617950199246,0.3386836065698459,0.0
fdid_ar1_rho.7,36,inclusive,0.0,0.0,1.0,0.3780631621187378,0.07637654933041266,0.5437581686132583,0.9584696274110946,0.3780631621187378,0.6303184816668381,0.2764763995903479,0.2476012398387743,0.324617950199246,0.33868360656984586,0.0
fdid_ar1_rho.7,36,inclusive,0.0,0.0,2.0,0.7561263242374756,0.07637654933041266,0.5437581686132583,0.9584696274110946,0.3780631621187378,0.6303184816668381,0.2764763995903479,0.21872608008720076,0.324617950199246,0.3386836065698459,0.0
fdid_ar1_rho.7,36,inclusive,1.0,2.48898951188605,0.0,0.0,0.07637654933041266,0.5437581686132583,0.9584696274110946,0.3780631621187378,-0.7230898970139282,2.7654659114763986,2.7654659114763986,2.7102388002867914,2.8276731184558965,0.10336866179850536
fdid_ar1_rho.7,36,inclusive,1.0,2.48898951188605,1.0,0.3780631621187378,0.07637654933041266,0.5437581686132583,0.9584696274110946,0.3780631621187378,-0.7230898970139282,2.7654659114763986,2.736590751724825,2.7102388002867914,2.827673118455897,0.10336866179850536
fdid_ar1_rho.7,36,inclusive,1.0,2.48898951188605,2.0,0.7561263242374756,0.07637654933041266,0.5437581686132583,0.9584696274110946,0.3780631621187378,-0.7230898970139282,2.7654659114763986,2.7077155919732516,2.7102388002867914,2.827673118455897,0.10336866179850536
fdid_ar1_rho.7,36,inclusive,3.0,7.46696853565815,0.0,0.0,0.07637654933041266,0.5437581686132583,0.9584696274110946,0.3780631621187378,-3.4299066543754604,7.7434449352485,7.7434449352485,7.481480500461882,7.8056521422279985,0.3101059853955161
fdid_ar1_rho.7,36,inclusive,3.0,7.46696853565815,1.0,0.3780631621187378,0.07637654933041266,0.5437581686132583,0.9584696274110946,0.3780631621187378,-3.4299066543754604,7.7434449352485,7.714569775496928,7.481480500461882,7.805652142227999,0.3101059853955161
fdid_ar1_rho.7,36,inclusive,3.0,7.46696853565815,2.0,0.7561263242374756,0.07637654933041266,0.5437581686132583,0.9584696274110946,0.3780631621187378,-3.4299066543754604,7.7434449352485,7.685694615745352,7.481480500461882,7.805652142227998,0.3101059853955161
fdid_ar1_rho.7,37,clean,0.0,0.0,0.0,0.0,0.09485823860879505,0.0,1.0,0.3975797810860452,-0.23308404954924353,-0.37215273097529866,-0.37215273097529866,-0.39426267336334514,-0.39426267336334503,0.0
fdid_ar1_rho.7,37,clean,0.0,0.0,1.0,0.3975797810860452,0.09485823860879505,0.0,1.0,0.3975797810860452,-0.23308404954924353,-0.37215273097529866,-0.4098664487155913,-0.39426267336334514,-0.3942626733633451,0.0
fdid_ar1_rho.7,37,clean,0.0,0.0,2.0,0.7951595621720904,0.09485823860879505,0.0,1.0,0.3975797810860452,-0.23308404954924353,-0.37215273097529866,-0.4475801664558838,-0.39426267336334514,-0.394262673363345,0.0
fdid_ar1_rho.7,37,clean,1.0,3.3685345279182832,0.0,0.0,0.09485823860879505,0.0,1.0,0.3975797810860452,-0.23308404954924353,2.996381796942984,2.996381796942984,2.974271854554938,2.974271854554938,0.0
fdid_ar1_rho.7,37,clean,1.0,3.3685345279182832,1.0,0.3975797810860452,0.09485823860879505,0.0,1.0,0.3975797810860452,-0.23308404954924353,2.996381796942984,2.958668079202691,2.974271854554938,2.9742718545549374,0.0
fdid_ar1_rho.7,37,clean,1.0,3.3685345279182832,2.0,0.7951595621720904,0.09485823860879505,0.0,1.0,0.3975797810860452,-0.23308404954924353,2.996381796942984,2.9209543614623987,2.974271854554938,2.9742718545549374,0.0
fdid_ar1_rho.7,37,clean,3.0,10.10560358375485,0.0,0.0,0.09485823860879505,0.0,1.0,0.3975797810860452,-0.23308404954924353,9.733450852779546,9.733450852779546,9.7113409103915,9.711340910391499,0.0
fdid_ar1_rho.7,37,clean,3.0,10.10560358375485,1.0,0.3975797810860452,0.09485823860879505,0.0,1.0,0.3975797810860452,-0.23308404954924353,9.733450852779546,9.695737135039256,9.7113409103915,9.711340910391502,0.0
fdid_ar1_rho.7,37,clean,3.0,10.10560358375485,2.0,0.7951595621720904,0.09485823860879505,0.0,1.0,0.3975797810860452,-0.23308404954924353,9.733450852779546,9.658023417298963,9.7113409103915,9.711340910391502,0.0
fdid_ar1_rho.7,37,inclusive,0.0,0.0,0.0,0.0,0.09485823860879505,0.5495862072336453,0.9478672204181282,0.33500459628883117,0.011237882341508843,-0.37215273097529866,-0.37215273097529866,-0.3710867252506903,-0.3914965274218413,0.0
fdid_ar1_rho.7,37,inclusive,0.0,0.0,1.0,0.33500459628883117,0.09485823860879505,0.5495862072336453,0.9478672204181282,0.33500459628883117,0.011237882341508843,-0.37215273097529866,-0.4039306769051077,-0.3710867252506903,-0.3914965274218414,0.0
fdid_ar1_rho.7,37,inclusive,0.0,0.0,2.0,0.6700091925776623,0.09485823860879505,0.5495862072336453,0.9478672204181282,0.33500459628883117,0.011237882341508843,-0.37215273097529866,-0.4357086228349166,-0.3710867252506903,-0.39149652742184127,0.0
fdid_ar1_rho.7,37,inclusive,1.0,3.3685345279182832,0.0,0.0,0.09485823860879505,0.5495862072336453,0.9478672204181282,0.33500459628883117,-1.8400622327926783,2.996381796942984,2.996381796942984,2.8218367346097044,2.9770380004964414,0.17561106805788848
fdid_ar1_rho.7,37,inclusive,1.0,3.3685345279182832,1.0,0.33500459628883117,0.09485823860879505,0.5495862072336453,0.9478672204181282,0.33500459628883117,-1.8400622327926783,2.996381796942984,2.964603851013175,2.8218367346097044,2.9770380004964414,0.17561106805788848
fdid_ar1_rho.7,37,inclusive,1.0,3.3685345279182832,2.0,0.6700091925776623,0.09485823860879505,0.5495862072336453,0.9478672204181282,0.33500459628883117,-1.8400622327926783,2.996381796942984,2.9328259050833663,2.8218367346097044,2.9770380004964414,0.17561106805788848
fdid_ar1_rho.7,37,inclusive,3.0,10.10560358375485,0.0,0.0,0.09485823860879505,0.5495862072336453,0.9478672204181282,0.33500459628883117,-5.542662463061051,9.733450852779546,9.733450852779546,9.207683654330491,9.714107056333003,0.5268332041736654
fdid_ar1_rho.7,37,inclusive,3.0,10.10560358375485,1.0,0.33500459628883117,0.09485823860879505,0.5495862072336453,0.9478672204181282,0.33500459628883117,-5.542662463061051,9.733450852779546,9.701672906849739,9.207683654330491,9.714107056333004,0.5268332041736654
fdid_ar1_rho.7,37,inclusive,3.0,10.10560358375485,2.0,0.6700091925776623,0.09485823860879505,0.5495862072336453,0.9478672204181282,0.33500459628883117,-5.542662463061051,9.733450852779546,9.66989496091993,9.207683654330491,9.714107056333004,0.5268332041736654
fdid_ar1_rho.7,38,clean,0.0,0.0,0.0,0.0,0.082599061374899,0.0,1.0,0.29498803731775597,0.015132220538499141,0.1654343378263475,0.1654343378263475,0.16668424503934542,0.1666842450393455,0.0
fdid_ar1_rho.7,38,clean,0.0,0.0,1.0,0.29498803731775597,0.082599061374899,0.0,1.0,0.29498803731775597,0.015132220538499141,0.1654343378263475,0.1410686028270772,0.16668424503934542,0.16668424503934554,0.0
fdid_ar1_rho.7,38,clean,0.0,0.0,2.0,0.5899760746355119,0.082599061374899,0.0,1.0,0.29498803731775597,0.015132220538499141,0.1654343378263475,0.11670286782780677,0.16668424503934542,0.16668424503934542,0.0
fdid_ar1_rho.7,38,clean,1.0,2.4714474939416906,0.0,0.0,0.082599061374899,0.0,1.0,0.29498803731775597,0.015132220538499141,2.6368818317680374,2.6368818317680374,2.638131738981035,2.6381317389810355,0.0
fdid_ar1_rho.7,38,clean,1.0,2.4714474939416906,1.0,0.29498803731775597,0.082599061374899,0.0,1.0,0.29498803731775597,0.015132220538499141,2.6368818317680374,2.612516096768767,2.638131738981035,2.6381317389810355,0.0
fdid_ar1_rho.7,38,clean,1.0,2.4714474939416906,2.0,0.5899760746355119,0.082599061374899,0.0,1.0,0.29498803731775597,0.015132220538499141,2.6368818317680374,2.5881503617694968,2.638131738981035,2.6381317389810355,0.0
fdid_ar1_rho.7,38,clean,3.0,7.414342481825072,0.0,0.0,0.082599061374899,0.0,1.0,0.29498803731775597,0.015132220538499141,7.579776819651417,7.579776819651417,7.581026726864414,7.5810267268644145,0.0
fdid_ar1_rho.7,38,clean,3.0,7.414342481825072,1.0,0.29498803731775597,0.082599061374899,0.0,1.0,0.29498803731775597,0.015132220538499141,7.579776819651417,7.555411084652147,7.581026726864414,7.581026726864415,0.0
fdid_ar1_rho.7,38,clean,3.0,7.414342481825072,2.0,0.5899760746355119,0.082599061374899,0.0,1.0,0.29498803731775597,0.015132220538499141,7.579776819651417,7.531045349652876,7.581026726864414,7.5810267268644145,0.0
fdid_ar1_rho.7,38,inclusive,0.0,0.0,0.0,0.0,0.082599061374899,0.18083674374410003,0.9850630547046442,0.31661389975791165,-0.04947931768459331,0.1654343378263475,0.1654343378263475,0.16134739262812978,0.16379397426138081,0.0
fdid_ar1_rho.7,38,inclusive,0.0,0.0,1.0,0.31661389975791165,0.082599061374899,0.18083674374410003,0.9850630547046442,0.31661389975791165,-0.04947931768459331,0.1654343378263475,0.1392823268880977,0.16134739262812978,0.16379397426138087,0.0
fdid_ar1_rho.7,38,inclusive,0.0,0.0,2.0,0.6332277995158233,0.082599061374899,0.18083674374410003,0.9850630547046442,0.31661389975791165,-0.04947931768459331,0.1654343378263475,0.11313031594984772,0.16134739262812978,0.16379397426138076,0.0
fdid_ar1_rho.7,38,inclusive,1.0,2.4714474939416906,0.0,0.0,0.082599061374899,0.18083674374410003,0.9850630547046442,0.31661389975791165,-0.496407834823525,2.6368818317680374,2.6368818317680374,2.5958790105524683,2.6352414682030707,0.03691587601735122
fdid_ar1_rho.7,38,inclusive,1.0,2.4714474939416906,1.0,0.31661389975791165,0.082599061374899,0.18083674374410003,0.9850630547046442,0.31661389975791165,-0.496407834823525,2.6368818317680374,2.6107298208297878,2.5958790105524683,2.635241468203071,0.03691587601735122
fdid_ar1_rho.7,38,inclusive,1.0,2.4714474939416906,2.0,0.6332277995158233,0.082599061374899,0.18083674374410003,0.9850630547046442,0.31661389975791165,-0.496407834823525,2.6368818317680374,2.5845778098915373,2.5958790105524683,2.6352414682030703,0.03691587601735122
fdid_ar1_rho.7,38,inclusive,3.0,7.414342481825072,0.0,0.0,0.082599061374899,0.18083674374410003,0.9850630547046442,0.31661389975791165,-1.3902648691013884,7.579776819651417,7.579776819651417,7.4649422464011455,7.57813645608645,0.11074762805205365
fdid_ar1_rho.7,38,inclusive,3.0,7.414342481825072,1.0,0.31661389975791165,0.082599061374899,0.18083674374410003,0.9850630547046442,0.31661389975791165,-1.3902648691013884,7.579776819651417,7.5536248087131685,7.4649422464011455,7.578136456086452,0.11074762805205365
fdid_ar1_rho.7,38,inclusive,3.0,7.414342481825072,2.0,0.6332277995158233,0.082599061374899,0.18083674374410003,0.9850630547046442,0.31661389975791165,-1.3902648691013884,7.579776819651417,7.527472797774917,7.4649422464011455,7.57813645608645,0.11074762805205365
fdid_ar1_rho.7,39,clean,0.0,0.0,0.0,0.0,0.07716080893040782,0.0,1.0,0.11802986489938677,0.07392559287618379,0.05053292397751648,0.05053292397751648,0.05623708252450277,0.05623708252450281,0.0
fdid_ar1_rho.7,39,clean,0.0,0.0,1.0,0.11802986489938677,0.07716080893040782,0.0,1.0,0.11802986489938677,0.07392559287618379,0.05053292397751648,0.041425644123933056,0.05623708252450277,0.05623708252450282,0.0
fdid_ar1_rho.7,39,clean,0.0,0.0,2.0,0.23605972979877354,0.07716080893040782,0.0,1.0,0.11802986489938677,0.07392559287618379,0.05053292397751648,0.03231836427034964,0.05623708252450277,0.05623708252450284,0.0
fdid_ar1_rho.7,39,clean,1.0,2.1411210992435863,0.0,0.0,0.07716080893040782,0.0,1.0,0.11802986489938677,0.07392559287618379,2.1916540232211004,2.1916540232211004,2.197358181768087,2.1973581817680867,0.0
fdid_ar1_rho.7,39,clean,1.0,2.1411210992435863,1.0,0.11802986489938677,0.07716080893040782,0.0,1.0,0.11802986489938677,0.07392559287618379,2.1916540232211004,2.1825467433675176,2.197358181768087,2.1973581817680876,0.0
fdid_ar1_rho.7,39,clean,1.0,2.1411210992435863,2.0,0.23605972979877354,0.07716080893040782,0.0,1.0,0.11802986489938677,0.07392559287618379,2.1916540232211004,2.173439463513934,2.197358181768087,2.197358181768087,0.0
fdid_ar1_rho.7,39,clean,3.0,6.423363297730759,0.0,0.0,0.07716080893040782,0.0,1.0,0.11802986489938677,0.07392559287618379,6.47389622170827,6.47389622170827,6.479600380255256,6.479600380255256,0.0
fdid_ar1_rho.7,39,clean,3.0,6.423363297730759,1.0,0.11802986489938677,0.07716080893040782,0.0,1.0,0.11802986489938677,0.07392559287618379,6.47389622170827,6.464788941854687,6.479600380255256,6.479600380255257,0.0
fdid_ar1_rho.7,39,clean,3.0,6.423363297730759,2.0,0.23605972979877354,0.07716080893040782,0.0,1.0,0.11802986489938677,0.07392559287618379,6.47389622170827,6.455681662001103,6.479600380255256,6.479600380255256,0.0
fdid_ar1_rho.7,39,inclusive,0.0,0.0,0.0,0.0,0.07716080893040782,0.26692216045070744,0.9794040701781713,0.12518583328452346,-0.022158701226765987,0.05053292397751648,0.05053292397751648,0.04882314066601194,0.049849844566329175,0.0
fdid_ar1_rho.7,39,inclusive,0.0,0.0,1.0,0.12518583328452346,0.07716080893040782,0.26692216045070744,0.9794040701781713,0.12518583328452346,-0.022158701226765987,0.05053292397751648,0.040873483814655456,0.04882314066601194,0.049849844566329155,0.0
fdid_ar1_rho.7,39,inclusive,0.0,0.0,2.0,0.2503716665690469,0.07716080893040782,0.26692216045070744,0.9794040701781713,0.12518583328452346,-0.022158701226765987,0.05053292397751648,0.031214043651794476,0.04882314066601194,0.049849844566329175,0.0
fdid_ar1_rho.7,39,inclusive,1.0,2.1411210992435863,0.0,0.0,0.07716080893040782,0.26692216045070744,0.9794040701781713,0.12518583328452346,-0.5936713708234576,2.1916540232211004,2.1916540232211004,2.145845860009539,2.190970943809913,0.04409837990005761
fdid_ar1_rho.7,39,inclusive,1.0,2.1411210992435863,1.0,0.12518583328452346,0.07716080893040782,0.26692216045070744,0.9794040701781713,0.12518583328452346,-0.5936713708234576,2.1916540232211004,2.18199458305824,2.145845860009539,2.1909709438099134,0.04409837990005761
fdid_ar1_rho.7,39,inclusive,1.0,2.1411210992435863,2.0,0.2503716665690469,0.07716080893040782,0.26692216045070744,0.9794040701781713,0.12518583328452346,-0.5936713708234576,2.1916540232211004,2.172335142895379,2.145845860009539,2.190970943809914,0.04409837990005761
fdid_ar1_rho.7,39,inclusive,3.0,6.423363297730759,0.0,0.0,0.07716080893040782,0.26692216045070744,0.9794040701781713,0.12518583328452346,-1.736696710016841,6.47389622170827,6.47389622170827,6.339891298696593,6.473213142297083,0.13229513970017284
fdid_ar1_rho.7,39,inclusive,3.0,6.423363297730759,1.0,0.12518583328452346,0.07716080893040782,0.26692216045070744,0.9794040701781713,0.12518583328452346,-1.736696710016841,6.47389622170827,6.464236781545409,6.339891298696593,6.473213142297083,0.13229513970017284
fdid_ar1_rho.7,39,inclusive,3.0,6.423363297730759,2.0,0.2503716665690469,0.07716080893040782,0.26692216045070744,0.9794040701781713,0.12518583328452346,-1.736696710016841,6.47389622170827,6.4545773413825485,6.339891298696593,6.473213142297083,0.13229513970017284
hsc_shared_trend,0,clean,0.0,0.0,0.0,0.0,0.09943650228239684,0.0,1.0,0.4104340565543318,-0.2207684137888232,-0.8575890283919317,-0.8575890283919317,-0.8795414672735253,-0.8795414672735252,0.0
hsc_shared_trend,0,clean,0.0,0.0,1.0,0.4104340565543318,0.09943650228239684,0.0,1.0,0.4104340565543318,-0.2207684137888232,-0.8575890283919317,-0.8984011553932699,-0.8795414672735253,-0.8795414672735252,0.0
hsc_shared_trend,0,clean,0.0,0.0,2.0,0.8208681131086636,0.09943650228239684,0.0,1.0,0.4104340565543318,-0.2207684137888232,-0.8575890283919317,-0.9392132823946081,-0.8795414672735253,-0.8795414672735251,0.0
hsc_shared_trend,0,clean,1.0,5.58905683892124,0.0,0.0,0.09943650228239684,0.0,1.0,0.4104340565543318,-0.2207684137888232,4.731467810529309,4.731467810529309,4.709515371647716,4.709515371647716,0.0
hsc_shared_trend,0,clean,1.0,5.58905683892124,1.0,0.4104340565543318,0.09943650228239684,0.0,1.0,0.4104340565543318,-0.2207684137888232,4.731467810529309,4.690655683527971,4.709515371647716,4.709515371647716,0.0
hsc_shared_trend,0,clean,1.0,5.58905683892124,2.0,0.8208681131086636,0.09943650228239684,0.0,1.0,0.4104340565543318,-0.2207684137888232,4.731467810529309,4.6498435565266325,4.709515371647716,4.709515371647716,0.0
hsc_shared_trend,0,clean,3.0,16.76717051676372,0.0,0.0,0.09943650228239684,0.0,1.0,0.4104340565543318,-0.2207684137888232,15.90958148837179,15.90958148837179,15.887629049490195,15.887629049490197,0.0
hsc_shared_trend,0,clean,3.0,16.76717051676372,1.0,0.4104340565543318,0.09943650228239684,0.0,1.0,0.4104340565543318,-0.2207684137888232,15.90958148837179,15.86876936137045,15.887629049490195,15.887629049490195,0.0
hsc_shared_trend,0,clean,3.0,16.76717051676372,2.0,0.8208681131086636,0.09943650228239684,0.0,1.0,0.4104340565543318,-0.2207684137888232,15.90958148837179,15.827957234369114,15.887629049490195,15.887629049490197,0.0
hsc_shared_trend,0,inclusive,0.0,0.0,0.0,0.0,0.09943650228239684,0.32593864319274146,0.9675898013622436,0.34141434203410254,0.7813925376018943,-0.8575890283919317,-0.8575890283919317,-0.779890087543233,-0.8060131332980638,0.0
hsc_shared_trend,0,inclusive,0.0,0.0,1.0,0.34141434203410254,0.09943650228239684,0.32593864319274146,0.9675898013622436,0.34141434203410254,0.7813925376018943,-0.8575890283919317,-0.8915380763928489,-0.779890087543233,-0.8060131332980638,0.0
hsc_shared_trend,0,inclusive,0.0,0.0,2.0,0.6828286840682051,0.09943650228239684,0.32593864319274146,0.9675898013622436,0.34141434203410254,0.7813925376018943,-0.8575890283919317,-0.9254871243937657,-0.779890087543233,-0.8060131332980636,0.0
hsc_shared_trend,0,inclusive,1.0,5.58905683892124,0.0,0.0,0.09943650228239684,0.32593864319274146,0.9675898013622436,0.34141434203410254,-1.040297065203207,4.731467810529309,4.731467810529309,4.6280243090308595,4.783043705623177,0.18114244234714807
hsc_shared_trend,0,inclusive,1.0,5.58905683892124,1.0,0.34141434203410254,0.09943650228239684,0.32593864319274146,0.9675898013622436,0.34141434203410254,-1.040297065203207,4.731467810529309,4.697518762528392,4.6280243090308595,4.783043705623177,0.18114244234714807
hsc_shared_trend,0,inclusive,1.0,5.58905683892124,2.0,0.6828286840682051,0.09943650228239684,0.32593864319274146,0.9675898013622436,0.34141434203410254,-1.040297065203207,4.731467810529309,4.663569714527474,4.6280243090308595,4.783043705623176,0.18114244234714807
hsc_shared_trend,0,inclusive,3.0,16.76717051676372,0.0,0.0,0.09943650228239684,0.32593864319274146,0.9675898013622436,0.34141434203410254,-4.683676270813409,15.90958148837179,15.90958148837179,15.443853102179043,15.96115738346566,0.5434273270414441
hsc_shared_trend,0,inclusive,3.0,16.76717051676372,1.0,0.34141434203410254,0.09943650228239684,0.32593864319274146,0.9675898013622436,0.34141434203410254,-4.683676270813409,15.90958148837179,15.87563244037087,15.443853102179043,15.961157383465656,0.5434273270414441
hsc_shared_trend,0,inclusive,3.0,16.76717051676372,2.0,0.6828286840682051,0.09943650228239684,0.32593864319274146,0.9675898013622436,0.34141434203410254,-4.683676270813409,15.90958148837179,15.841683392369953,15.443853102179043,15.961157383465656,0.5434273270414441
hsc_shared_trend,1,clean,0.0,0.0,0.0,0.0,0.08887661083759849,0.0,1.0,0.31590772711707804,0.9573359609121829,0.7380004185542176,0.7380004185542176,0.8230851941930485,0.823085194193048,0.0
hsc_shared_trend,1,clean,0.0,0.0,1.0,0.31590772711707804,0.08887661083759849,0.0,1.0,0.31590772711707804,0.9573359609121829,0.7380004185542176,0.7099236104306434,0.8230851941930485,0.8230851941930487,0.0
hsc_shared_trend,1,clean,0.0,0.0,2.0,0.6318154542341561,0.08887661083759849,0.0,1.0,0.31590772711707804,0.9573359609121829,0.7380004185542176,0.6818468023070683,0.8230851941930485,0.8230851941930484,0.0
hsc_shared_trend,1,clean,1.0,4.065140534107625,0.0,0.0,0.08887661083759849,0.0,1.0,0.31590772711707804,0.9573359609121829,4.803140952661844,4.803140952661844,4.888225728300673,4.888225728300674,0.0
hsc_shared_trend,1,clean,1.0,4.065140534107625,1.0,0.31590772711707804,0.08887661083759849,0.0,1.0,0.31590772711707804,0.9573359609121829,4.803140952661844,4.775064144538269,4.888225728300673,4.888225728300674,0.0
hsc_shared_trend,1,clean,1.0,4.065140534107625,2.0,0.6318154542341561,0.08887661083759849,0.0,1.0,0.31590772711707804,0.9573359609121829,4.803140952661844,4.746987336414693,4.888225728300673,4.888225728300673,0.0
hsc_shared_trend,1,clean,3.0,12.195421602322876,0.0,0.0,0.08887661083759849,0.0,1.0,0.31590772711707804,0.9573359609121829,12.933422020877092,12.933422020877092,13.018506796515926,13.018506796515922,0.0
hsc_shared_trend,1,clean,3.0,12.195421602322876,1.0,0.31590772711707804,0.08887661083759849,0.0,1.0,0.31590772711707804,0.9573359609121829,12.933422020877092,12.90534521275352,13.018506796515926,13.018506796515926,0.0
hsc_shared_trend,1,clean,3.0,12.195421602322876,2.0,0.6318154542341561,0.08887661083759849,0.0,1.0,0.31590772711707804,0.9573359609121829,12.933422020877092,12.877268404629945,13.018506796515926,13.018506796515924,0.0
hsc_shared_trend,1,inclusive,0.0,0.0,0.0,0.0,0.08887661083759849,0.0,1.0,0.3158825355150951,0.9573828914021554,0.7380004185542176,0.7380004185542176,0.823089365215942,0.8230893652159418,0.0
hsc_shared_trend,1,inclusive,0.0,0.0,1.0,0.3158825355150951,0.08887661083759849,0.0,1.0,0.3158825355150951,0.9573828914021554,0.7380004185542176,0.709925849374849,0.823089365215942,0.8230893652159422,0.0
hsc_shared_trend,1,inclusive,0.0,0.0,2.0,0.6317650710301902,0.08887661083759849,0.0,1.0,0.3158825355150951,0.9573828914021554,0.7380004185542176,0.6818512801954799,0.823089365215942,0.8230893652159421,0.0
hsc_shared_trend,1,inclusive,1.0,4.065140534107625,0.0,0.0,0.08887661083759849,0.0,1.0,0.3158825355150951,0.9573828914021554,4.803140952661844,4.803140952661844,4.8882298993235676,4.8882298993235676,0.0
hsc_shared_trend,1,inclusive,1.0,4.065140534107625,1.0,0.3158825355150951,0.08887661083759849,0.0,1.0,0.3158825355150951,0.9573828914021554,4.803140952661844,4.775066383482475,4.8882298993235676,4.888229899323568,0.0
hsc_shared_trend,1,inclusive,1.0,4.065140534107625,2.0,0.6317650710301902,0.08887661083759849,0.0,1.0,0.3158825355150951,0.9573828914021554,4.803140952661844,4.746991814303104,4.8882298993235676,4.888229899323566,0.0
hsc_shared_trend,1,inclusive,3.0,12.195421602322876,0.0,0.0,0.08887661083759849,0.0,1.0,0.3158825355150951,0.9573828914021554,12.933422020877092,12.933422020877092,13.018510967538816,13.018510967538816,0.0
hsc_shared_trend,1,inclusive,3.0,12.195421602322876,1.0,0.3158825355150951,0.08887661083759849,0.0,1.0,0.3158825355150951,0.9573828914021554,12.933422020877092,12.905347451697725,13.018510967538816,13.018510967538818,0.0
hsc_shared_trend,1,inclusive,3.0,12.195421602322876,2.0,0.6317650710301902,0.08887661083759849,0.0,1.0,0.3158825355150951,0.9573828914021554,12.933422020877092,12.877272882518355,13.018510967538816,13.018510967538816,0.0
hsc_shared_trend,2,clean,0.0,0.0,0.0,0.0,0.0964825596789346,0.0,1.0,1.7976394212562934,4.070108062296789,-0.16623667619580876,-0.16623667619580876,0.226457767824454,0.22645776782445406,0.0
hsc_shared_trend,2,clean,0.0,0.0,1.0,1.7976394212562934,0.0964825596789346,0.0,1.0,1.7976394212562934,4.070108062296789,-0.16623667619580876,-0.3396775289383745,0.226457767824454,0.22645776782445418,0.0
hsc_shared_trend,2,clean,0.0,0.0,2.0,3.595278842512587,0.0964825596789346,0.0,1.0,1.7976394212562934,4.070108062296789,-0.16623667619580876,-0.5131183816809403,0.226457767824454,0.22645776782445418,0.0
hsc_shared_trend,2,clean,1.0,4.422436780195826,0.0,0.0,0.0964825596789346,0.0,1.0,1.7976394212562934,4.070108062296789,4.256200104000018,4.256200104000018,4.648894548020281,4.648894548020281,0.0
hsc_shared_trend,2,clean,1.0,4.422436780195826,1.0,1.7976394212562934,0.0964825596789346,0.0,1.0,1.7976394212562934,4.070108062296789,4.256200104000018,4.082759251257452,4.648894548020281,4.648894548020281,0.0
hsc_shared_trend,2,clean,1.0,4.422436780195826,2.0,3.595278842512587,0.0964825596789346,0.0,1.0,1.7976394212562934,4.070108062296789,4.256200104000018,3.9093183985148867,4.648894548020281,4.648894548020281,0.0
hsc_shared_trend,2,clean,3.0,13.267310340587478,0.0,0.0,0.0964825596789346,0.0,1.0,1.7976394212562934,4.070108062296789,13.101073664391672,13.101073664391672,13.493768108411933,13.493768108411935,0.0
hsc_shared_trend,2,clean,3.0,13.267310340587478,1.0,1.7976394212562934,0.0964825596789346,0.0,1.0,1.7976394212562934,4.070108062296789,13.101073664391672,12.927632811649104,13.493768108411933,13.493768108411933,0.0
hsc_shared_trend,2,clean,3.0,13.267310340587478,2.0,3.595278842512587,0.0964825596789346,0.0,1.0,1.7976394212562934,4.070108062296789,13.101073664391672,12.754191958906539,13.493768108411933,13.493768108411933,0.0
hsc_shared_trend,2,inclusive,0.0,0.0,0.0,0.0,0.0964825596789346,0.0,1.0,1.7976393716517038,4.070107269587367,-0.16623667619580876,-0.16623667619580876,0.22645769134181992,0.22645769134181992,0.0
hsc_shared_trend,2,inclusive,0.0,0.0,1.0,1.7976393716517038,0.0964825596789346,0.0,1.0,1.7976393716517038,4.070107269587367,-0.16623667619580876,-0.3396775241523967,0.22645769134181992,0.22645769134182,0.0
hsc_shared_trend,2,inclusive,0.0,0.0,2.0,3.5952787433034077,0.0964825596789346,0.0,1.0,1.7976393716517038,4.070107269587367,-0.16623667619580876,-0.5131183721089849,0.22645769134181992,0.22645769134181984,0.0
hsc_shared_trend,2,inclusive,1.0,4.422436780195826,0.0,0.0,0.0964825596789346,0.0,1.0,1.7976393716517038,4.070107269587367,4.256200104000018,4.256200104000018,4.648894471537647,4.648894471537647,0.0
hsc_shared_trend,2,inclusive,1.0,4.422436780195826,1.0,1.7976393716517038,0.0964825596789346,0.0,1.0,1.7976393716517038,4.070107269587367,4.256200104000018,4.082759256043429,4.648894471537647,4.648894471537646,0.0
hsc_shared_trend,2,inclusive,1.0,4.422436780195826,2.0,3.5952787433034077,0.0964825596789346,0.0,1.0,1.7976393716517038,4.070107269587367,4.256200104000018,3.909318408086841,4.648894471537647,4.648894471537646,0.0
hsc_shared_trend,2,inclusive,3.0,13.267310340587478,0.0,0.0,0.0964825596789346,0.0,1.0,1.7976393716517038,4.070107269587367,13.101073664391672,13.101073664391672,13.493768031929298,13.493768031929301,0.0
hsc_shared_trend,2,inclusive,3.0,13.267310340587478,1.0,1.7976393716517038,0.0964825596789346,0.0,1.0,1.7976393716517038,4.070107269587367,13.101073664391672,12.927632816435082,13.493768031929298,13.4937680319293,0.0
hsc_shared_trend,2,inclusive,3.0,13.267310340587478,2.0,3.5952787433034077,0.0964825596789346,0.0,1.0,1.7976393716517038,4.070107269587367,13.101073664391672,12.754191968478493,13.493768031929298,13.493768031929298,0.0
hsc_shared_trend,3,clean,0.0,0.0,0.0,0.0,0.11345024226025352,0.0,1.0,1.5045254026123664,0.1253179248484301,0.3336782669546164,0.3336782669546164,0.3478956158882223,0.34789561588822304,0.0
hsc_shared_trend,3,clean,0.0,0.0,1.0,1.5045254026123664,0.11345024226025352,0.0,1.0,1.5045254026123664,0.1253179248484301,0.3336782669546164,0.16298949554153808,0.3478956158882223,0.3478956158882231,0.0
hsc_shared_trend,3,clean,0.0,0.0,2.0,3.009050805224733,0.11345024226025352,0.0,1.0,1.5045254026123664,0.1253179248484301,0.3336782669546164,-0.007699275871540933,0.3478956158882223,0.3478956158882225,0.0
hsc_shared_trend,3,clean,1.0,10.957145845583405,0.0,0.0,0.11345024226025352,0.0,1.0,1.5045254026123664,0.1253179248484301,11.29082411253802,11.29082411253802,11.305041461471625,11.305041461471626,0.0
hsc_shared_trend,3,clean,1.0,10.957145845583405,1.0,1.5045254026123664,0.11345024226025352,0.0,1.0,1.5045254026123664,0.1253179248484301,11.29082411253802,11.12013534112494,11.305041461471625,11.305041461471625,0.0
hsc_shared_trend,3,clean,1.0,10.957145845583405,2.0,3.009050805224733,0.11345024226025352,0.0,1.0,1.5045254026123664,0.1253179248484301,11.29082411253802,10.94944656971186,11.305041461471625,11.305041461471623,0.0
hsc_shared_trend,3,clean,3.0,32.871437536750214,0.0,0.0,0.11345024226025352,0.0,1.0,1.5045254026123664,0.1253179248484301,33.20511580370483,33.20511580370483,33.21933315263844,33.219333152638434,0.0
hsc_shared_trend,3,clean,3.0,32.871437536750214,1.0,1.5045254026123664,0.11345024226025352,0.0,1.0,1.5045254026123664,0.1253179248484301,33.20511580370483,33.03442703229176,33.21933315263844,33.21933315263844,0.0
hsc_shared_trend,3,clean,3.0,32.871437536750214,2.0,3.009050805224733,0.11345024226025352,0.0,1.0,1.5045254026123664,0.1253179248484301,33.20511580370483,32.86373826087867,33.21933315263844,33.219333152638434,0.0
hsc_shared_trend,3,inclusive,0.0,0.0,0.0,0.0,0.11345024226025352,0.13761498410113257,0.9843875467150855,1.503714257254248,0.12575807043253312,0.3336782669546164,0.3336782669546164,0.3479455505113691,0.35346399055175803,0.0
hsc_shared_trend,3,inclusive,0.0,0.0,1.0,1.503714257254248,0.11345024226025352,0.13761498410113257,0.9843875467150855,1.503714257254248,0.12575807043253312,0.3336782669546164,0.16308152017892433,0.3479455505113691,0.35346399055175753,0.0
hsc_shared_trend,3,inclusive,0.0,0.0,2.0,3.007428514508496,0.11345024226025352,0.13761498410113257,0.9843875467150855,1.503714257254248,0.12575807043253312,0.3336782669546164,-0.007515226596767732,0.3479455505113691,0.35346399055175726,0.0
hsc_shared_trend,3,inclusive,1.0,10.957145845583405,0.0,0.0,0.11345024226025352,0.13761498410113257,0.9843875467150855,1.503714257254248,-1.3821093809012175,11.29082411253802,11.29082411253802,11.134023468444607,11.310609836135162,0.1710679276501651
hsc_shared_trend,3,inclusive,1.0,10.957145845583405,1.0,1.503714257254248,0.11345024226025352,0.13761498410113257,0.9843875467150855,1.503714257254248,-1.3821093809012175,11.29082411253802,11.120227365762327,11.134023468444607,11.31060983613516,0.1710679276501651
hsc_shared_trend,3,inclusive,1.0,10.957145845583405,2.0,3.007428514508496,0.11345024226025352,0.13761498410113257,0.9843875467150855,1.503714257254248,-1.3821093809012175,11.29082411253802,10.949630618986635,11.134023468444607,11.31060983613516,0.1710679276501651
hsc_shared_trend,3,inclusive,3.0,32.871437536750214,0.0,0.0,0.11345024226025352,0.13761498410113257,0.9843875467150855,1.503714257254248,-4.397844283568719,33.20511580370483,33.20511580370483,32.706179304311085,33.22490152730197,0.5132037829504953
hsc_shared_trend,3,inclusive,3.0,32.871437536750214,1.0,1.503714257254248,0.11345024226025352,0.13761498410113257,0.9843875467150855,1.503714257254248,-4.397844283568719,33.20511580370483,33.03451905692914,32.706179304311085,33.224901527301974,0.5132037829504953
hsc_shared_trend,3,inclusive,3.0,32.871437536750214,2.0,3.007428514508496,0.11345024226025352,0.13761498410113257,0.9843875467150855,1.503714257254248,-4.397844283568719,33.20511580370483,32.86392231015345,32.706179304311085,33.224901527301974,0.5132037829504953
hsc_shared_trend,4,clean,0.0,0.0,0.0,0.0,0.1009489424644542,0.0,1.0,1.4861758627085704,-4.934255216589169,-0.2712130613844613,-0.2712130613844613,-0.7693209073488532,-0.7693209073488543,0.0
hsc_shared_trend,4,clean,0.0,0.0,1.0,1.4861758627085704,0.1009489424644542,0.0,1.0,1.4861758627085704,-4.934255216589169,-0.2712130613844613,-0.4212409430410885,-0.7693209073488532,-0.7693209073488534,0.0
hsc_shared_trend,4,clean,0.0,0.0,2.0,2.9723517254171408,0.1009489424644542,0.0,1.0,1.4861758627085704,-4.934255216589169,-0.2712130613844613,-0.5712688246977162,-0.7693209073488532,-0.7693209073488532,0.0
hsc_shared_trend,4,clean,1.0,5.715222062071921,0.0,0.0,0.1009489424644542,0.0,1.0,1.4861758627085704,-4.934255216589169,5.444009000687458,5.444009000687458,4.945901154723067,4.945901154723066,0.0
hsc_shared_trend,4,clean,1.0,5.715222062071921,1.0,1.4861758627085704,0.1009489424644542,0.0,1.0,1.4861758627085704,-4.934255216589169,5.444009000687458,5.293981119030832,4.945901154723067,4.945901154723067,0.0
hsc_shared_trend,4,clean,1.0,5.715222062071921,2.0,2.9723517254171408,0.1009489424644542,0.0,1.0,1.4861758627085704,-4.934255216589169,5.444009000687458,5.143953237374204,4.945901154723067,4.9459011547230665,0.0
hsc_shared_trend,4,clean,3.0,17.145666186215763,0.0,0.0,0.1009489424644542,0.0,1.0,1.4861758627085704,-4.934255216589169,16.8744531248313,16.8744531248313,16.376345278866914,16.376345278866907,0.0
hsc_shared_trend,4,clean,3.0,17.145666186215763,1.0,1.4861758627085704,0.1009489424644542,0.0,1.0,1.4861758627085704,-4.934255216589169,16.8744531248313,16.724425243174675,16.376345278866914,16.37634527886691,0.0
hsc_shared_trend,4,clean,3.0,17.145666186215763,2.0,2.9723517254171408,0.1009489424644542,0.0,1.0,1.4861758627085704,-4.934255216589169,16.8744531248313,16.574397361518045,16.376345278866914,16.376345278866907,0.0
hsc_shared_trend,4,inclusive,0.0,0.0,0.0,0.0,0.1009489424644542,0.11302805975408042,0.9885899368990164,1.4860666151483086,-4.597301691400536,-0.2712130613844613,-0.2712130613844613,-0.7353058053213909,-0.7437925249652858,0.0
hsc_shared_trend,4,inclusive,0.0,0.0,1.0,1.4860666151483086,0.1009489424644542,0.11302805975408042,0.9885899368990164,1.4860666151483086,-4.597301691400536,-0.2712130613844613,-0.42122991461541337,-0.7353058053213909,-0.743792524965285,0.0
hsc_shared_trend,4,inclusive,0.0,0.0,2.0,2.9721332302966172,0.1009489424644542,0.11302805975408042,0.9885899368990164,1.4860666151483086,-4.597301691400536,-0.2712130613844613,-0.5712467678463652,-0.7353058053213909,-0.743792524965284,0.0
hsc_shared_trend,4,inclusive,1.0,5.715222062071921,0.0,0.0,0.1009489424644542,0.11302805975408042,0.9885899368990164,1.4860666151483086,-5.24328215214024,5.444009000687458,5.444009000687458,4.9147052123861545,4.9714295371066335,0.06521104436437397
hsc_shared_trend,4,inclusive,1.0,5.715222062071921,1.0,1.4860666151483086,0.1009489424644542,0.11302805975408042,0.9885899368990164,1.4860666151483086,-5.24328215214024,5.444009000687458,5.293992147456507,4.9147052123861545,4.971429537106635,0.06521104436437397
hsc_shared_trend,4,inclusive,1.0,5.715222062071921,2.0,2.9721332302966172,0.1009489424644542,0.11302805975408042,0.9885899368990164,1.4860666151483086,-5.24328215214024,5.444009000687458,5.143975294225555,4.9147052123861545,4.971429537106636,0.06521104436437397
hsc_shared_trend,4,inclusive,3.0,17.145666186215763,0.0,0.0,0.1009489424644542,0.11302805975408042,0.9885899368990164,1.4860666151483086,-6.535243073619647,16.8744531248313,16.8744531248313,16.21472724780125,16.401873661250477,0.19563313309312194
hsc_shared_trend,4,inclusive,3.0,17.145666186215763,1.0,1.4860666151483086,0.1009489424644542,0.11302805975408042,0.9885899368990164,1.4860666151483086,-6.535243073619647,16.8744531248313,16.72443627160035,16.21472724780125,16.401873661250477,0.19563313309312194
hsc_shared_trend,4,inclusive,3.0,17.145666186215763,2.0,2.9721332302966172,0.1009489424644542,0.11302805975408042,0.9885899368990164,1.4860666151483086,-6.535243073619647,16.8744531248313,16.574419418369395,16.21472724780125,16.401873661250477,0.19563313309312194
hsc_shared_trend,5,clean,0.0,0.0,0.0,0.0,0.10957918189131419,0.0,1.0,0.8867467835039876,0.2979265898790423,1.0480061254309974,1.0480061254309974,1.0806526774136116,1.0806526774136118,0.0
hsc_shared_trend,5,clean,0.0,0.0,1.0,0.8867467835039876,0.10957918189131419,0.0,1.0,0.8867467835039876,0.2979265898790423,1.0480061254309974,0.9508371383498755,1.0806526774136116,1.0806526774136114,0.0
hsc_shared_trend,5,clean,0.0,0.0,2.0,1.7734935670079752,0.10957918189131419,0.0,1.0,0.8867467835039876,0.2979265898790423,1.0480061254309974,0.853668151268755,1.0806526774136116,1.080652677413612,0.0
hsc_shared_trend,5,clean,1.0,6.322708742140702,0.0,0.0,0.10957918189131419,0.0,1.0,0.8867467835039876,0.2979265898790423,7.370714867571701,7.370714867571701,7.403361419554317,7.403361419554316,0.0
hsc_shared_trend,5,clean,1.0,6.322708742140702,1.0,0.8867467835039876,0.10957918189131419,0.0,1.0,0.8867467835039876,0.2979265898790423,7.370714867571701,7.273545880490579,7.403361419554317,7.403361419554314,0.0
hsc_shared_trend,5,clean,1.0,6.322708742140702,2.0,1.7734935670079752,0.10957918189131419,0.0,1.0,0.8867467835039876,0.2979265898790423,7.370714867571701,7.176376893409459,7.403361419554317,7.403361419554316,0.0
hsc_shared_trend,5,clean,3.0,18.968126226422108,0.0,0.0,0.10957918189131419,0.0,1.0,0.8867467835039876,0.2979265898790423,20.01613235185311,20.01613235185311,20.04877890383572,20.048778903835725,0.0
hsc_shared_trend,5,clean,3.0,18.968126226422108,1.0,0.8867467835039876,0.10957918189131419,0.0,1.0,0.8867467835039876,0.2979265898790423,20.01613235185311,19.918963364771983,20.04877890383572,20.048778903835718,0.0
hsc_shared_trend,5,clean,3.0,18.968126226422108,2.0,1.7734935670079752,0.10957918189131419,0.0,1.0,0.8867467835039876,0.2979265898790423,20.01613235185311,19.82179437769086,20.04877890383572,20.048778903835718,0.0
hsc_shared_trend,5,inclusive,0.0,0.0,0.0,0.0,0.10957918189131419,0.5731237672113223,0.9371975664665153,0.7255677481720678,-0.42370479115842097,1.0480061254309974,1.0480061254309974,1.001576901052427,1.068693450441447,0.0
hsc_shared_trend,5,inclusive,0.0,0.0,1.0,0.7255677481720678,0.10957918189131419,0.5731237672113223,0.9371975664665153,0.7255677481720678,-0.42370479115842097,1.0480061254309974,0.968499005179579,1.001576901052427,1.0686934504414467,0.0
hsc_shared_trend,5,inclusive,0.0,0.0,2.0,1.4511354963441356,0.10957918189131419,0.5731237672113223,0.9371975664665153,0.7255677481720678,-0.42370479115842097,1.0480061254309974,0.8889918849281603,1.001576901052427,1.0686934504414463,0.0
hsc_shared_trend,5,inclusive,1.0,6.322708742140702,0.0,0.0,0.10957918189131419,0.5731237672113223,0.9371975664665153,0.7255677481720678,-4.047399444434063,7.370714867571701,7.370714867571701,6.927204147663256,7.3914021925821505,0.39708149552987404
hsc_shared_trend,5,inclusive,1.0,6.322708742140702,1.0,0.7255677481720678,0.10957918189131419,0.5731237672113223,0.9371975664665153,0.7255677481720678,-4.047399444434063,7.370714867571701,7.291207747320284,6.927204147663256,7.391402192582151,0.39708149552987404
hsc_shared_trend,5,inclusive,1.0,6.322708742140702,2.0,1.4511354963441356,0.10957918189131419,0.5731237672113223,0.9371975664665153,0.7255677481720678,-4.047399444434063,7.370714867571701,7.211700627068865,6.927204147663256,7.3914021925821505,0.39708149552987404
hsc_shared_trend,5,inclusive,3.0,18.968126226422108,0.0,0.0,0.10957918189131419,0.5731237672113223,0.9371975664665153,0.7255677481720678,-11.294788750985344,20.01613235185311,20.01613235185311,18.778458640884914,20.03681967686356,1.1912444865896221
hsc_shared_trend,5,inclusive,3.0,18.968126226422108,1.0,0.7255677481720678,0.10957918189131419,0.5731237672113223,0.9371975664665153,0.7255677481720678,-11.294788750985344,20.01613235185311,19.936625231601685,18.778458640884914,20.03681967686355,1.1912444865896221
hsc_shared_trend,5,inclusive,3.0,18.968126226422108,2.0,1.4511354963441356,0.10957918189131419,0.5731237672113223,0.9371975664665153,0.7255677481720678,-11.294788750985344,20.01613235185311,19.857118111350267,18.778458640884914,20.036819676863555,1.1912444865896221
hsc_shared_trend,6,clean,0.0,0.0,0.0,0.0,0.10448791104039604,0.0,1.0,1.539236984716664,1.6378249485957752,-0.294222649457209,-0.294222649457209,-0.1230897419285931,-0.12308974192859243,0.0
hsc_shared_trend,6,clean,0.0,0.0,1.0,1.539236984716664,0.10448791104039604,0.0,1.0,1.539236984716664,1.6378249485957752,-0.294222649457209,-0.4550543065863721,-0.1230897419285931,-0.12308974192859302,0.0
hsc_shared_trend,6,clean,0.0,0.0,2.0,3.078473969433328,0.10448791104039604,0.0,1.0,1.539236984716664,1.6378249485957752,-0.294222649457209,-0.6158859637155331,-0.1230897419285931,-0.12308974192859229,0.0
hsc_shared_trend,6,clean,1.0,7.346520448613959,0.0,0.0,0.10448791104039604,0.0,1.0,1.539236984716664,1.6378249485957752,7.05229779915675,7.05229779915675,7.223430706685366,7.223430706685367,0.0
hsc_shared_trend,6,clean,1.0,7.346520448613959,1.0,1.539236984716664,0.10448791104039604,0.0,1.0,1.539236984716664,1.6378249485957752,7.05229779915675,6.891466142027587,7.223430706685366,7.223430706685367,0.0
hsc_shared_trend,6,clean,1.0,7.346520448613959,2.0,3.078473969433328,0.10448791104039604,0.0,1.0,1.539236984716664,1.6378249485957752,7.05229779915675,6.7306344848984265,7.223430706685366,7.223430706685368,0.0
hsc_shared_trend,6,clean,3.0,22.03956134584188,0.0,0.0,0.10448791104039604,0.0,1.0,1.539236984716664,1.6378249485957752,21.745338696384668,21.745338696384668,21.916471603913287,21.916471603913283,0.0
hsc_shared_trend,6,clean,3.0,22.03956134584188,1.0,1.539236984716664,0.10448791104039604,0.0,1.0,1.539236984716664,1.6378249485957752,21.745338696384668,21.584507039255506,21.916471603913287,21.916471603913283,0.0
hsc_shared_trend,6,clean,3.0,22.03956134584188,2.0,3.078473969433328,0.10448791104039604,0.0,1.0,1.539236984716664,1.6378249485957752,21.745338696384668,21.423675382126344,21.916471603913287,21.916471603913283,0.0
hsc_shared_trend,6,inclusive,0.0,0.0,0.0,0.0,0.10448791104039604,0.0,1.0,1.5392378573379693,1.6379365868397522,-0.294222649457209,-0.294222649457209,-0.1230780770816871,-0.12307807708168705,0.0
hsc_shared_trend,6,inclusive,0.0,0.0,1.0,1.5392378573379693,0.10448791104039604,0.0,1.0,1.5392378573379693,1.6379365868397522,-0.294222649457209,-0.4550543977647493,-0.1230780770816871,-0.12307807708168819,0.0
hsc_shared_trend,6,inclusive,0.0,0.0,2.0,3.0784757146759385,0.10448791104039604,0.0,1.0,1.5392378573379693,1.6379365868397522,-0.294222649457209,-0.6158861460722896,-0.1230780770816871,-0.12307807708168862,0.0
hsc_shared_trend,6,inclusive,1.0,7.346520448613959,0.0,0.0,0.10448791104039604,0.0,1.0,1.5392378573379693,1.6379365868397522,7.05229779915675,7.05229779915675,7.223442371532272,7.223442371532272,0.0
hsc_shared_trend,6,inclusive,1.0,7.346520448613959,1.0,1.5392378573379693,0.10448791104039604,0.0,1.0,1.5392378573379693,1.6379365868397522,7.05229779915675,6.8914660508492105,7.223442371532272,7.223442371532272,0.0
hsc_shared_trend,6,inclusive,1.0,7.346520448613959,2.0,3.0784757146759385,0.10448791104039604,0.0,1.0,1.5392378573379693,1.6379365868397522,7.05229779915675,6.730634302541671,7.223442371532272,7.223442371532272,0.0
hsc_shared_trend,6,inclusive,3.0,22.03956134584188,0.0,0.0,0.10448791104039604,0.0,1.0,1.5392378573379693,1.6379365868397522,21.745338696384668,21.745338696384668,21.91648326876019,21.91648326876019,0.0
hsc_shared_trend,6,inclusive,3.0,22.03956134584188,1.0,1.5392378573379693,0.10448791104039604,0.0,1.0,1.5392378573379693,1.6379365868397522,21.745338696384668,21.584506948077127,21.91648326876019,21.91648326876019,0.0
hsc_shared_trend,6,inclusive,3.0,22.03956134584188,2.0,3.0784757146759385,0.10448791104039604,0.0,1.0,1.5392378573379693,1.6379365868397522,21.745338696384668,21.423675199769587,21.91648326876019,21.91648326876019,0.0
hsc_shared_trend,7,clean,0.0,0.0,0.0,0.0,0.10573363360389954,0.0,1.0,14.112161095222199,20.450622980879363,-0.0700417036767845,-0.0700417036767845,2.092276973555002,2.092276973555002,0.0
hsc_shared_trend,7,clean,0.0,0.0,1.0,14.112161095222199,0.10573363360389954,0.0,1.0,14.112161095222199,20.450622980879363,-0.0700417036767845,-1.5621717742782137,2.092276973555002,2.092276973555001,0.0
hsc_shared_trend,7,clean,0.0,0.0,2.0,28.224322190444397,0.10573363360389954,0.0,1.0,14.112161095222199,20.450622980879363,-0.0700417036767845,-3.0543018448796433,2.092276973555002,2.0922769735550015,0.0
hsc_shared_trend,7,clean,1.0,5.488488645805699,0.0,0.0,0.10573363360389954,0.0,1.0,14.112161095222199,20.450622980879363,5.418446942128914,5.418446942128914,7.5807656193607,7.5807656193607,0.0
hsc_shared_trend,7,clean,1.0,5.488488645805699,1.0,14.112161095222199,0.10573363360389954,0.0,1.0,14.112161095222199,20.450622980879363,5.418446942128914,3.9263168715274843,7.5807656193607,7.580765619360699,0.0
hsc_shared_trend,7,clean,1.0,5.488488645805699,2.0,28.224322190444397,0.10573363360389954,0.0,1.0,14.112161095222199,20.450622980879363,5.418446942128914,2.434186800926055,7.5807656193607,7.5807656193607,0.0
hsc_shared_trend,7,clean,3.0,16.465465937417097,0.0,0.0,0.10573363360389954,0.0,1.0,14.112161095222199,20.450622980879363,16.39542423374031,16.39542423374031,18.5577429109721,18.5577429109721,0.0
hsc_shared_trend,7,clean,3.0,16.465465937417097,1.0,14.112161095222199,0.10573363360389954,0.0,1.0,14.112161095222199,20.450622980879363,16.39542423374031,14.903294163138884,18.5577429109721,18.5577429109721,0.0
hsc_shared_trend,7,clean,3.0,16.465465937417097,2.0,28.224322190444397,0.10573363360389954,0.0,1.0,14.112161095222199,20.450622980879363,16.39542423374031,13.411164092537453,18.5577429109721,18.5577429109721,0.0
hsc_shared_trend,7,inclusive,0.0,0.0,0.0,0.0,0.10573363360389954,1.0,0.8942663663961005,12.281947810031708,15.651753929269926,-0.0700417036767845,-0.0700417036767845,1.5848751115390367,1.772262908562797,0.0
hsc_shared_trend,7,inclusive,0.0,0.0,1.0,12.281947810031708,0.10573363360389954,1.0,0.8942663663961005,12.281947810031708,15.651753929269926,-0.0700417036767845,-1.3686566733648933,1.5848751115390367,1.7722629085627968,0.0
hsc_shared_trend,7,inclusive,0.0,0.0,2.0,24.563895620063416,0.10573363360389954,1.0,0.8942663663961005,12.281947810031708,15.651753929269926,-0.0700417036767845,-2.6672716430530024,1.5848751115390367,1.7722629085627981,0.0
hsc_shared_trend,7,inclusive,1.0,5.488488645805699,0.0,0.0,0.10573363360389954,1.0,0.8942663663961005,12.281947810031708,10.163265283464227,5.418446942128914,5.418446942128914,6.493045909829952,7.260751554368495,0.5803178475147825
hsc_shared_trend,7,inclusive,1.0,5.488488645805699,1.0,12.281947810031708,0.10573363360389954,1.0,0.8942663663961005,12.281947810031708,10.163265283464227,5.418446942128914,4.119831972440805,6.493045909829952,7.260751554368495,0.5803178475147825
hsc_shared_trend,7,inclusive,1.0,5.488488645805699,2.0,24.563895620063416,0.10573363360389954,1.0,0.8942663663961005,12.281947810031708,10.163265283464227,5.418446942128914,2.8212170027526957,6.493045909829952,7.260751554368494,0.5803178475147825
hsc_shared_trend,7,inclusive,3.0,16.465465937417097,0.0,0.0,0.10573363360389954,1.0,0.8942663663961005,12.281947810031708,-0.81371200814717,16.39542423374031,16.39542423374031,16.309387506411785,18.23772884597989,1.7409535425443474
hsc_shared_trend,7,inclusive,3.0,16.465465937417097,1.0,12.281947810031708,0.10573363360389954,1.0,0.8942663663961005,12.281947810031708,-0.81371200814717,16.39542423374031,15.096809264052203,16.309387506411785,18.237728845979895,1.7409535425443474
hsc_shared_trend,7,inclusive,3.0,16.465465937417097,2.0,24.563895620063416,0.10573363360389954,1.0,0.8942663663961005,12.281947810031708,-0.81371200814717,16.39542423374031,13.798194294364095,16.309387506411785,18.237728845979895,1.7409535425443474
hsc_shared_trend,8,clean,0.0,0.0,0.0,0.0,0.10746269340443121,0.0,1.0,4.884561549318654,0.5063882621942625,0.42473924898890836,0.42473924898890836,0.4791570955526927,0.4791570955526931,0.0
hsc_shared_trend,8,clean,0.0,0.0,1.0,4.884561549318654,0.10746269340443121,0.0,1.0,4.884561549318654,0.5063882621942625,0.42473924898890836,-0.10016889120059513,0.4791570955526927,0.4791570955526936,0.0
hsc_shared_trend,8,clean,0.0,0.0,2.0,9.769123098637309,0.10746269340443121,0.0,1.0,4.884561549318654,0.5063882621942625,0.42473924898890836,-0.6250770313901002,0.4791570955526927,0.4791570955526924,0.0
hsc_shared_trend,8,clean,1.0,10.984055566778556,0.0,0.0,0.10746269340443121,0.0,1.0,4.884561549318654,0.5063882621942625,11.408794815767465,11.408794815767465,11.463212662331248,11.46321266233125,0.0
hsc_shared_trend,8,clean,1.0,10.984055566778556,1.0,4.884561549318654,0.10746269340443121,0.0,1.0,4.884561549318654,0.5063882621942625,11.408794815767465,10.88388667557796,11.463212662331248,11.46321266233125,0.0
hsc_shared_trend,8,clean,1.0,10.984055566778556,2.0,9.769123098637309,0.10746269340443121,0.0,1.0,4.884561549318654,0.5063882621942625,11.408794815767465,10.358978535388456,11.463212662331248,11.463212662331248,0.0
hsc_shared_trend,8,clean,3.0,32.95216670033567,0.0,0.0,0.10746269340443121,0.0,1.0,4.884561549318654,0.5063882621942625,33.37690594932457,33.37690594932457,33.43132379588836,33.43132379588836,0.0
hsc_shared_trend,8,clean,3.0,32.95216670033567,1.0,4.884561549318654,0.10746269340443121,0.0,1.0,4.884561549318654,0.5063882621942625,33.37690594932457,32.85199780913507,33.43132379588836,33.43132379588836,0.0
hsc_shared_trend,8,clean,3.0,32.95216670033567,2.0,9.769123098637309,0.10746269340443121,0.0,1.0,4.884561549318654,0.5063882621942625,33.37690594932457,32.32708966894556,33.43132379588836,33.43132379588835,0.0
hsc_shared_trend,8,inclusive,0.0,0.0,0.0,0.0,0.10746269340443121,0.0,1.0,4.884561855308317,0.5064163218011913,0.42473924898890836,0.42473924898890836,0.4791601109136298,0.47916011091362953,0.0
hsc_shared_trend,8,inclusive,0.0,0.0,1.0,4.884561855308317,0.10746269340443121,0.0,1.0,4.884561855308317,0.5064163218011913,0.42473924898890836,-0.10016892408306947,0.4791601109136298,0.4791601109136294,0.0
hsc_shared_trend,8,inclusive,0.0,0.0,2.0,9.769123710616634,0.10746269340443121,0.0,1.0,4.884561855308317,0.5064163218011913,0.42473924898890836,-0.6250770971550466,0.4791601109136298,0.4791601109136294,0.0
hsc_shared_trend,8,inclusive,1.0,10.984055566778556,0.0,0.0,0.10746269340443121,0.0,1.0,4.884561855308317,0.5064163218011913,11.408794815767465,11.408794815767465,11.463215677692187,11.463215677692185,0.0
hsc_shared_trend,8,inclusive,1.0,10.984055566778556,1.0,4.884561855308317,0.10746269340443121,0.0,1.0,4.884561855308317,0.5064163218011913,11.408794815767465,10.883886642695487,11.463215677692187,11.463215677692185,0.0
hsc_shared_trend,8,inclusive,1.0,10.984055566778556,2.0,9.769123710616634,0.10746269340443121,0.0,1.0,4.884561855308317,0.5064163218011913,11.408794815767465,10.358978469623509,11.463215677692187,11.463215677692185,0.0
hsc_shared_trend,8,inclusive,3.0,32.95216670033567,0.0,0.0,0.10746269340443121,0.0,1.0,4.884561855308317,0.5064163218011913,33.37690594932457,33.37690594932457,33.43132681124929,33.43132681124929,0.0
hsc_shared_trend,8,inclusive,3.0,32.95216670033567,1.0,4.884561855308317,0.10746269340443121,0.0,1.0,4.884561855308317,0.5064163218011913,33.37690594932457,32.851997776252595,33.43132681124929,33.43132681124929,0.0
hsc_shared_trend,8,inclusive,3.0,32.95216670033567,2.0,9.769123710616634,0.10746269340443121,0.0,1.0,4.884561855308317,0.5064163218011913,33.37690594932457,32.327089603180625,33.43132681124929,33.4313268112493,0.0
hsc_shared_trend,9,clean,0.0,0.0,0.0,0.0,0.130505485665,0.0,1.0,2.719570618704754,-4.475521306944639,-0.017925468350882733,-0.017925468350882733,-0.6020055501177486,-0.6020055501177484,0.0
hsc_shared_trend,9,clean,0.0,0.0,1.0,2.719570618704754,0.130505485665,0.0,1.0,2.719570618704754,-4.475521306944639,-0.017925468350882733,-0.372844352745211,-0.6020055501177486,-0.6020055501177481,0.0
hsc_shared_trend,9,clean,0.0,0.0,2.0,5.439141237409508,0.130505485665,0.0,1.0,2.719570618704754,-4.475521306944639,-0.017925468350882733,-0.7277632371395397,-0.6020055501177486,-0.6020055501177485,0.0
hsc_shared_trend,9,clean,1.0,6.215912671422658,0.0,0.0,0.130505485665,0.0,1.0,2.719570618704754,-4.475521306944639,6.197987203071777,6.197987203071777,5.61390712130491,5.613907121304911,0.0
hsc_shared_trend,9,clean,1.0,6.215912671422658,1.0,2.719570618704754,0.130505485665,0.0,1.0,2.719570618704754,-4.475521306944639,6.197987203071777,5.843068318677448,5.61390712130491,5.61390712130491,0.0
hsc_shared_trend,9,clean,1.0,6.215912671422658,2.0,5.439141237409508,0.130505485665,0.0,1.0,2.719570618704754,-4.475521306944639,6.197987203071777,5.488149434283118,5.61390712130491,5.613907121304909,0.0
hsc_shared_trend,9,clean,3.0,18.647738014267976,0.0,0.0,0.130505485665,0.0,1.0,2.719570618704754,-4.475521306944639,18.629812545917094,18.629812545917094,18.045732464150227,18.045732464150227,0.0
hsc_shared_trend,9,clean,3.0,18.647738014267976,1.0,2.719570618704754,0.130505485665,0.0,1.0,2.719570618704754,-4.475521306944639,18.629812545917094,18.274893661522764,18.045732464150227,18.045732464150227,0.0
hsc_shared_trend,9,clean,3.0,18.647738014267976,2.0,5.439141237409508,0.130505485665,0.0,1.0,2.719570618704754,-4.475521306944639,18.629812545917094,17.919974777128438,18.045732464150227,18.04573246415023,0.0
hsc_shared_trend,9,inclusive,0.0,0.0,0.0,0.0,0.130505485665,0.07321174931807031,0.990445465098861,2.6860075760242355,-4.760573838631214,-0.017925468350882733,-0.017925468350882733,-0.6392064692055425,-0.6453727052420201,0.0
hsc_shared_trend,9,inclusive,0.0,0.0,1.0,2.6860075760242355,0.130505485665,0.07321174931807031,0.990445465098861,2.6860075760242355,-4.760573838631214,-0.017925468350882733,-0.3684641915597949,-0.6392064692055425,-0.64537270524202,0.0
hsc_shared_trend,9,inclusive,0.0,0.0,2.0,5.372015152048471,0.130505485665,0.07321174931807031,0.990445465098861,2.6860075760242355,-4.760573838631214,-0.017925468350882733,-0.719002914768707,-0.6392064692055425,-0.64537270524202,0.0
hsc_shared_trend,9,inclusive,1.0,6.215912671422658,0.0,0.0,0.130505485665,0.07321174931807031,0.990445465098861,2.6860075760242355,-5.215651678914428,6.197987203071777,6.197987203071777,5.5173160476555765,5.570539966180639,0.05939015456153993
hsc_shared_trend,9,inclusive,1.0,6.215912671422658,1.0,2.6860075760242355,0.130505485665,0.07321174931807031,0.990445465098861,2.6860075760242355,-5.215651678914428,6.197987203071777,5.847448479862863,5.5173160476555765,5.570539966180638,0.05939015456153993
hsc_shared_trend,9,inclusive,1.0,6.215912671422658,2.0,5.372015152048471,0.130505485665,0.07321174931807031,0.990445465098861,2.6860075760242355,-5.215651678914428,6.197987203071777,5.496909756653951,5.5173160476555765,5.570539966180638,0.05939015456153993
hsc_shared_trend,9,inclusive,3.0,18.647738014267976,0.0,0.0,0.130505485665,0.07321174931807031,0.990445465098861,2.6860075760242355,-6.125807359480852,18.629812545917094,18.629812545917094,17.830361081377813,18.002365309025958,0.1781704636846198
hsc_shared_trend,9,inclusive,3.0,18.647738014267976,1.0,2.6860075760242355,0.130505485665,0.07321174931807031,0.990445465098861,2.6860075760242355,-6.125807359480852,18.629812545917094,18.279273822708184,17.830361081377813,18.002365309025958,0.1781704636846198
hsc_shared_trend,9,inclusive,3.0,18.647738014267976,2.0,5.372015152048471,0.130505485665,0.07321174931807031,0.990445465098861,2.6860075760242355,-6.125807359480852,18.629812545917094,17.928735099499267,17.830361081377813,18.002365309025954,0.1781704636846198
hsc_shared_trend,10,clean,0.0,0.0,0.0,0.0,0.1007443653690051,0.0,1.0,2.8486905311908703,-0.34244608987241065,0.9016821029670303,0.9016821029670303,0.8671825889697373,0.867182588969737,0.0
hsc_shared_trend,10,clean,0.0,0.0,1.0,2.8486905311908703,0.1007443653690051,0.0,1.0,2.8486905311908703,-0.34244608987241065,0.9016821029670303,0.6146925832695096,0.8671825889697373,0.8671825889697347,0.0
hsc_shared_trend,10,clean,0.0,0.0,2.0,5.697381062381741,0.1007443653690051,0.0,1.0,2.8486905311908703,-0.34244608987241065,0.9016821029670303,0.32770306357199247,0.8671825889697373,0.8671825889697358,0.0
hsc_shared_trend,10,clean,1.0,15.798983837976248,0.0,0.0,0.1007443653690051,0.0,1.0,2.8486905311908703,-0.34244608987241065,16.700665940943278,16.700665940943278,16.666166426945985,16.666166426945985,0.0
hsc_shared_trend,10,clean,1.0,15.798983837976248,1.0,2.8486905311908703,0.1007443653690051,0.0,1.0,2.8486905311908703,-0.34244608987241065,16.700665940943278,16.413676421245757,16.666166426945985,16.66616642694598,0.0
hsc_shared_trend,10,clean,1.0,15.798983837976248,2.0,5.697381062381741,0.1007443653690051,0.0,1.0,2.8486905311908703,-0.34244608987241065,16.700665940943278,16.126686901548243,16.666166426945985,16.66616642694599,0.0
hsc_shared_trend,10,clean,3.0,47.39695151392874,0.0,0.0,0.1007443653690051,0.0,1.0,2.8486905311908703,-0.34244608987241065,48.29863361689577,48.29863361689577,48.26413410289848,48.264134102898474,0.0
hsc_shared_trend,10,clean,3.0,47.39695151392874,1.0,2.8486905311908703,0.1007443653690051,0.0,1.0,2.8486905311908703,-0.34244608987241065,48.29863361689577,48.01164409719826,48.26413410289848,48.26413410289848,0.0
hsc_shared_trend,10,clean,3.0,47.39695151392874,2.0,5.697381062381741,0.1007443653690051,0.0,1.0,2.8486905311908703,-0.34244608987241065,48.29863361689577,47.724654577500736,48.26413410289848,48.26413410289848,0.0
hsc_shared_trend,10,inclusive,0.0,0.0,0.0,0.0,0.1007443653690051,0.0,1.0,2.848690088822556,-0.3424165971034654,0.9016821029670303,0.9016821029670303,0.8671855602000271,0.8671855602000273,0.0
hsc_shared_trend,10,inclusive,0.0,0.0,1.0,2.848690088822556,0.1007443653690051,0.0,1.0,2.848690088822556,-0.3424165971034654,0.9016821029670303,0.6146926278356275,0.8671855602000271,0.8671855602000277,0.0
hsc_shared_trend,10,inclusive,0.0,0.0,2.0,5.697380177645112,0.1007443653690051,0.0,1.0,2.848690088822556,-0.3424165971034654,0.9016821029670303,0.3277031527042233,0.8671855602000271,0.8671855602000267,0.0
hsc_shared_trend,10,inclusive,1.0,15.798983837976248,0.0,0.0,0.1007443653690051,0.0,1.0,2.848690088822556,-0.3424165971034654,16.700665940943278,16.700665940943278,16.666169398176276,16.666169398176276,0.0
hsc_shared_trend,10,inclusive,1.0,15.798983837976248,1.0,2.848690088822556,0.1007443653690051,0.0,1.0,2.848690088822556,-0.3424165971034654,16.700665940943278,16.41367646581188,16.666169398176276,16.66616939817628,0.0
hsc_shared_trend,10,inclusive,1.0,15.798983837976248,2.0,5.697380177645112,0.1007443653690051,0.0,1.0,2.848690088822556,-0.3424165971034654,16.700665940943278,16.126686990680472,16.666169398176276,16.666169398176276,0.0
hsc_shared_trend,10,inclusive,3.0,47.39695151392874,0.0,0.0,0.1007443653690051,0.0,1.0,2.848690088822556,-0.3424165971034654,48.29863361689577,48.29863361689577,48.264137074128776,48.26413707412877,0.0
hsc_shared_trend,10,inclusive,3.0,47.39695151392874,1.0,2.848690088822556,0.1007443653690051,0.0,1.0,2.848690088822556,-0.3424165971034654,48.29863361689577,48.011644141764364,48.264137074128776,48.26413707412876,0.0
hsc_shared_trend,10,inclusive,3.0,47.39695151392874,2.0,5.697380177645112,0.1007443653690051,0.0,1.0,2.848690088822556,-0.3424165971034654,48.29863361689577,47.724654666632965,48.264137074128776,48.26413707412877,0.0
hsc_shared_trend,11,clean,0.0,0.0,0.0,0.0,0.10678364994429837,0.0,1.0,0.8908010811394176,-0.36191332492123857,-0.5235202730065975,-0.5235202730065975,-0.5621666988051643,-0.5621666988051642,0.0
hsc_shared_trend,11,clean,0.0,0.0,1.0,0.8908010811394176,0.10678364994429837,0.0,1.0,0.8908010811394176,-0.36191332492123857,-0.5235202730065975,-0.6186432638249911,-0.5621666988051643,-0.5621666988051636,0.0
hsc_shared_trend,11,clean,0.0,0.0,2.0,1.7816021622788352,0.10678364994429837,0.0,1.0,0.8908010811394176,-0.36191332492123857,-0.5235202730065975,-0.7137662546433858,-0.5621666988051643,-0.5621666988051642,0.0
hsc_shared_trend,11,clean,1.0,7.433432349539234,0.0,0.0,0.10678364994429837,0.0,1.0,0.8908010811394176,-0.36191332492123857,6.909912076532635,6.909912076532635,6.871265650734069,6.871265650734068,0.0
hsc_shared_trend,11,clean,1.0,7.433432349539234,1.0,0.8908010811394176,0.10678364994429837,0.0,1.0,0.8908010811394176,-0.36191332492123857,6.909912076532635,6.814789085714241,6.871265650734069,6.871265650734069,0.0
hsc_shared_trend,11,clean,1.0,7.433432349539234,2.0,1.7816021622788352,0.10678364994429837,0.0,1.0,0.8908010811394176,-0.36191332492123857,6.909912076532635,6.719666094895847,6.871265650734069,6.871265650734069,0.0
hsc_shared_trend,11,clean,3.0,22.3002970486177,0.0,0.0,0.10678364994429837,0.0,1.0,0.8908010811394176,-0.36191332492123857,21.776776775611104,21.776776775611104,21.738130349812533,21.738130349812536,0.0
hsc_shared_trend,11,clean,3.0,22.3002970486177,1.0,0.8908010811394176,0.10678364994429837,0.0,1.0,0.8908010811394176,-0.36191332492123857,21.776776775611104,21.681653784792708,21.738130349812533,21.738130349812536,0.0
hsc_shared_trend,11,clean,3.0,22.3002970486177,2.0,1.7816021622788352,0.10678364994429837,0.0,1.0,0.8908010811394176,-0.36191332492123857,21.776776775611104,21.586530793974312,21.738130349812533,21.738130349812533,0.0
hsc_shared_trend,11,inclusive,0.0,0.0,0.0,0.0,0.10678364994429837,0.45791229879944545,0.951102453379811,0.29654051165943696,0.2538880729452938,-0.5235202730065975,-0.5235202730065975,-0.49640917790017414,-0.5219302885153424,0.0
hsc_shared_trend,11,inclusive,0.0,0.0,1.0,0.29654051165943696,0.10678364994429837,0.45791229879944545,0.951102453379811,0.29654051165943696,0.2538880729452938,-0.5235202730065975,-0.5551859511979409,-0.49640917790017414,-0.5219302885153413,0.0
hsc_shared_trend,11,inclusive,0.0,0.0,2.0,0.5930810233188739,0.10678364994429837,0.45791229879944545,0.951102453379811,0.29654051165943696,0.2538880729452938,-0.5235202730065975,-0.5868516293892853,-0.49640917790017414,-0.5219302885153412,0.0
hsc_shared_trend,11,inclusive,1.0,7.433432349539234,0.0,0.0,0.10678364994429837,0.45791229879944545,0.951102453379811,0.29654051165943696,-3.1499720222023795,6.909912076532635,6.909912076532635,6.573546566779443,6.9115020610238895,0.3634766048596153
hsc_shared_trend,11,inclusive,1.0,7.433432349539234,1.0,0.29654051165943696,0.10678364994429837,0.45791229879944545,0.951102453379811,0.29654051165943696,-3.1499720222023795,6.909912076532635,6.878246398341292,6.573546566779443,6.911502061023892,0.3634766048596153
hsc_shared_trend,11,inclusive,1.0,7.433432349539234,2.0,0.5930810233188739,0.10678364994429837,0.45791229879944545,0.951102453379811,0.29654051165943696,-3.1499720222023795,6.909912076532635,6.846580720149947,6.573546566779443,6.911502061023891,0.3634766048596153
hsc_shared_trend,11,inclusive,3.0,22.3002970486177,0.0,0.0,0.10678364994429837,0.45791229879944545,0.951102453379811,0.29654051165943696,-9.957692212497728,21.776776775611104,21.776776775611104,20.713458056138677,21.778366760102358,1.0904298145788458
hsc_shared_trend,11,inclusive,3.0,22.3002970486177,1.0,0.29654051165943696,0.10678364994429837,0.45791229879944545,0.951102453379811,0.29654051165943696,-9.957692212497728,21.776776775611104,21.74511109741976,20.713458056138677,21.778366760102358,1.0904298145788458
hsc_shared_trend,11,inclusive,3.0,22.3002970486177,2.0,0.5930810233188739,0.10678364994429837,0.45791229879944545,0.951102453379811,0.29654051165943696,-9.957692212497728,21.776776775611104,21.713445419228414,20.713458056138677,21.778366760102358,1.0904298145788458
hsc_shared_trend,12,clean,0.0,0.0,0.0,0.0,0.11680633604725439,0.0,1.0,3.356661408963303,0.5449829073145654,-0.4928733975876147,-0.4928733975876147,-0.42921594097581933,-0.4292159409758199,0.0
hsc_shared_trend,12,clean,0.0,0.0,1.0,3.356661408963303,0.11680633604725439,0.0,1.0,3.356661408963303,0.5449829073145654,-0.4928733975876147,-0.8849527181198324,-0.42921594097581933,-0.42921594097581967,0.0
hsc_shared_trend,12,clean,0.0,0.0,2.0,6.713322817926606,0.11680633604725439,0.0,1.0,3.356661408963303,0.5449829073145654,-0.4928733975876147,-1.277032038652049,-0.42921594097581933,-0.4292159409758182,0.0
hsc_shared_trend,12,clean,1.0,6.255098140426552,0.0,0.0,0.11680633604725439,0.0,1.0,3.356661408963303,0.5449829073145654,5.762224742838937,5.762224742838937,5.8258821994507315,5.8258821994507315,0.0
hsc_shared_trend,12,clean,1.0,6.255098140426552,1.0,3.356661408963303,0.11680633604725439,0.0,1.0,3.356661408963303,0.5449829073145654,5.762224742838937,5.370145422306719,5.8258821994507315,5.825882199450732,0.0
hsc_shared_trend,12,clean,1.0,6.255098140426552,2.0,6.713322817926606,0.11680633604725439,0.0,1.0,3.356661408963303,0.5449829073145654,5.762224742838937,4.978066101774502,5.8258821994507315,5.825882199450732,0.0
hsc_shared_trend,12,clean,3.0,18.765294421279656,0.0,0.0,0.11680633604725439,0.0,1.0,3.356661408963303,0.5449829073145654,18.27242102369204,18.27242102369204,18.336078480303836,18.336078480303836,0.0
hsc_shared_trend,12,clean,3.0,18.765294421279656,1.0,3.356661408963303,0.11680633604725439,0.0,1.0,3.356661408963303,0.5449829073145654,18.27242102369204,17.88034170315982,18.336078480303836,18.336078480303833,0.0
hsc_shared_trend,12,clean,3.0,18.765294421279656,2.0,6.713322817926606,0.11680633604725439,0.0,1.0,3.356661408963303,0.5449829073145654,18.27242102369204,17.488262382627607,18.336078480303836,18.336078480303836,0.0
hsc_shared_trend,12,inclusive,0.0,0.0,0.0,0.0,0.11680633604725439,0.08654826610700672,0.9898906141447977,3.4470868064387195,1.0284606771532687,-0.4928733975876147,-0.4928733975876147,-0.372742674120663,-0.3765493568627167,0.0
hsc_shared_trend,12,inclusive,0.0,0.0,1.0,3.4470868064387195,0.11680633604725439,0.08654826610700672,0.9898906141447977,3.4470868064387195,1.0284606771532687,-0.4928733975876147,-0.8955149774845527,-0.372742674120663,-0.3765493568627165,0.0
hsc_shared_trend,12,inclusive,0.0,0.0,2.0,6.894173612877439,0.11680633604725439,0.08654826610700672,0.9898906141447977,3.4470868064387195,1.0284606771532687,-0.4928733975876147,-1.2981565573814895,-0.372742674120663,-0.3765493568627152,0.0
hsc_shared_trend,12,inclusive,1.0,6.255098140426552,0.0,0.0,0.11680633604725439,0.08654826610700672,0.9898906141447977,3.4470868064387195,0.48709277877018875,5.762224742838937,5.762224742838937,5.819120265642158,5.878548783563835,0.06323520066372994
hsc_shared_trend,12,inclusive,1.0,6.255098140426552,1.0,3.4470868064387195,0.11680633604725439,0.08654826610700672,0.9898906141447977,3.4470868064387195,0.48709277877018875,5.762224742838937,5.359583162941999,5.819120265642158,5.8785487835638355,0.06323520066372994
hsc_shared_trend,12,inclusive,1.0,6.255098140426552,2.0,6.894173612877439,0.11680633604725439,0.08654826610700672,0.9898906141447977,3.4470868064387195,0.48709277877018875,5.762224742838937,4.9569415830450625,5.819120265642158,5.878548783563836,0.06323520066372994
hsc_shared_trend,12,inclusive,3.0,18.765294421279656,0.0,0.0,0.11680633604725439,0.08654826610700672,0.9898906141447977,3.4470868064387195,-0.5956430179959714,18.27242102369204,18.27242102369204,18.202846145167808,18.388745064416938,0.18970560199118977
hsc_shared_trend,12,inclusive,3.0,18.765294421279656,1.0,3.4470868064387195,0.11680633604725439,0.08654826610700672,0.9898906141447977,3.4470868064387195,-0.5956430179959714,18.27242102369204,17.869779443795103,18.202846145167808,18.388745064416938,0.18970560199118977
hsc_shared_trend,12,inclusive,3.0,18.765294421279656,2.0,6.894173612877439,0.11680633604725439,0.08654826610700672,0.9898906141447977,3.4470868064387195,-0.5956430179959714,18.27242102369204,17.467137863898166,18.202846145167808,18.38874506441694,0.18970560199118977
hsc_shared_trend,13,clean,0.0,0.0,0.0,0.0,0.10259117037454334,0.0,1.0,3.805025139044065,-6.797014227962197,0.6707876924570442,0.6707876924570442,-0.026525952242019812,-0.026525952242020676,0.0
hsc_shared_trend,13,clean,0.0,0.0,1.0,3.805025139044065,0.10259117037454334,0.0,1.0,3.805025139044065,-6.797014227962197,0.6707876924570442,0.28042571013795586,-0.026525952242019812,-0.026525952242018837,0.0
hsc_shared_trend,13,clean,0.0,0.0,2.0,7.61005027808813,0.10259117037454334,0.0,1.0,3.805025139044065,-6.797014227962197,0.6707876924570442,-0.10993627218113566,-0.026525952242019812,-0.026525952242020367,0.0
hsc_shared_trend,13,clean,1.0,8.840453772898481,0.0,0.0,0.10259117037454334,0.0,1.0,3.805025139044065,-6.797014227962197,9.511241465355525,9.511241465355525,8.813927820656462,8.81392782065646,0.0
hsc_shared_trend,13,clean,1.0,8.840453772898481,1.0,3.805025139044065,0.10259117037454334,0.0,1.0,3.805025139044065,-6.797014227962197,9.511241465355525,9.120879483036436,8.813927820656462,8.813927820656462,0.0
hsc_shared_trend,13,clean,1.0,8.840453772898481,2.0,7.61005027808813,0.10259117037454334,0.0,1.0,3.805025139044065,-6.797014227962197,9.511241465355525,8.730517500717344,8.813927820656462,8.81392782065646,0.0
hsc_shared_trend,13,clean,3.0,26.521361318695444,0.0,0.0,0.10259117037454334,0.0,1.0,3.805025139044065,-6.797014227962197,27.19214901115249,27.19214901115249,26.494835366453422,26.494835366453426,0.0
hsc_shared_trend,13,clean,3.0,26.521361318695444,1.0,3.805025139044065,0.10259117037454334,0.0,1.0,3.805025139044065,-6.797014227962197,27.19214901115249,26.8017870288334,26.494835366453422,26.494835366453422,0.0
hsc_shared_trend,13,clean,3.0,26.521361318695444,2.0,7.61005027808813,0.10259117037454334,0.0,1.0,3.805025139044065,-6.797014227962197,27.19214901115249,26.411425046514307,26.494835366453422,26.494835366453422,0.0
hsc_shared_trend,13,inclusive,0.0,0.0,0.0,0.0,0.10259117037454334,0.6568518425166319,0.9326128007135435,2.7971725720634373,-6.955542717311067,0.6707876924570442,0.6707876924570442,-0.042789575502028755,-0.04588139415338417,0.0
hsc_shared_trend,13,inclusive,0.0,0.0,1.0,2.7971725720634373,0.10259117037454334,0.6568518425166319,0.9326128007135435,2.7971725720634373,-6.955542717311067,0.6707876924570442,0.3838224845494853,-0.042789575502028755,-0.04588139415338325,0.0
hsc_shared_trend,13,inclusive,0.0,0.0,2.0,5.594345144126875,0.10259117037454334,0.6568518425166319,0.9326128007135435,2.7971725720634373,-6.955542717311067,0.6707876924570442,0.09685727664192605,-0.042789575502028755,-0.04588139415338276,0.0
hsc_shared_trend,13,inclusive,1.0,8.840453772898481,0.0,0.0,0.10259117037454334,0.6568518425166319,0.9326128007135435,2.7971725720634373,-12.762411066722544,9.511241465355525,9.511241465355525,8.201930777219436,8.794572378745096,0.5957334201770161
hsc_shared_trend,13,inclusive,1.0,8.840453772898481,1.0,2.7971725720634373,0.10259117037454334,0.6568518425166319,0.9326128007135435,2.7971725720634373,-12.762411066722544,9.511241465355525,9.224276257447965,8.201930777219436,8.794572378745096,0.5957334201770161
hsc_shared_trend,13,inclusive,1.0,8.840453772898481,2.0,5.594345144126875,0.10259117037454334,0.6568518425166319,0.9326128007135435,2.7971725720634373,-12.762411066722544,9.511241465355525,8.937311049540407,8.201930777219436,8.794572378745098,0.5957334201770161
hsc_shared_trend,13,inclusive,3.0,26.521361318695444,0.0,0.0,0.10259117037454334,0.6568518425166319,0.9326128007135435,2.7971725720634373,-24.376147765545493,27.19214901115249,27.19214901115249,24.691371482662365,26.475479924542064,1.7872002605310484
hsc_shared_trend,13,inclusive,3.0,26.521361318695444,1.0,2.7971725720634373,0.10259117037454334,0.6568518425166319,0.9326128007135435,2.7971725720634373,-24.376147765545493,27.19214901115249,26.90518380324493,24.691371482662365,26.475479924542064,1.7872002605310484
hsc_shared_trend,13,inclusive,3.0,26.521361318695444,2.0,5.594345144126875,0.10259117037454334,0.6568518425166319,0.9326128007135435,2.7971725720634373,-24.376147765545493,27.19214901115249,26.618218595337375,24.691371482662365,26.475479924542068,1.7872002605310484
hsc_shared_trend,14,clean,0.0,0.0,0.0,0.0,0.1034247590710117,0.0,1.0,2.4616481184795656,3.8266680499908547,1.3173487356612164,1.3173487356612164,1.7131209567762589,1.7131209567762586,0.0
hsc_shared_trend,14,clean,0.0,0.0,1.0,2.4616481184795656,0.1034247590710117,0.0,1.0,2.4616481184795656,3.8266680499908547,1.3173487356612164,1.062753372089858,1.7131209567762589,1.7131209567762586,0.0
hsc_shared_trend,14,clean,0.0,0.0,2.0,4.923296236959131,0.1034247590710117,0.0,1.0,2.4616481184795656,3.8266680499908547,1.3173487356612164,0.8081580085185,1.7131209567762589,1.7131209567762589,0.0
hsc_shared_trend,14,clean,1.0,4.844588831040495,0.0,0.0,0.1034247590710117,0.0,1.0,2.4616481184795656,3.8266680499908547,6.161937566701711,6.161937566701711,6.557709787816755,6.557709787816754,0.0
hsc_shared_trend,14,clean,1.0,4.844588831040495,1.0,2.4616481184795656,0.1034247590710117,0.0,1.0,2.4616481184795656,3.8266680499908547,6.161937566701711,5.907342203130353,6.557709787816755,6.557709787816754,0.0
hsc_shared_trend,14,clean,1.0,4.844588831040495,2.0,4.923296236959131,0.1034247590710117,0.0,1.0,2.4616481184795656,3.8266680499908547,6.161937566701711,5.652746839558995,6.557709787816755,6.557709787816754,0.0
hsc_shared_trend,14,clean,3.0,14.533766493121485,0.0,0.0,0.1034247590710117,0.0,1.0,2.4616481184795656,3.8266680499908547,15.851115228782703,15.851115228782703,16.24688744989774,16.246887449897745,0.0
hsc_shared_trend,14,clean,3.0,14.533766493121485,1.0,2.4616481184795656,0.1034247590710117,0.0,1.0,2.4616481184795656,3.8266680499908547,15.851115228782703,15.596519865211343,16.24688744989774,16.246887449897745,0.0
hsc_shared_trend,14,clean,3.0,14.533766493121485,2.0,4.923296236959131,0.1034247590710117,0.0,1.0,2.4616481184795656,3.8266680499908547,15.851115228782703,15.341924501639985,16.24688744989774,16.246887449897745,0.0
hsc_shared_trend,14,inclusive,0.0,0.0,0.0,0.0,0.1034247590710117,0.0,1.0,2.4616341370635864,3.826773788166256,1.3173487356612164,1.3173487356612164,1.7131318927215744,1.7131318927215742,0.0
hsc_shared_trend,14,inclusive,0.0,0.0,1.0,2.4616341370635864,0.1034247590710117,0.0,1.0,2.4616341370635864,3.826773788166256,1.3173487356612164,1.062754818114437,1.7131318927215744,1.7131318927215742,0.0
hsc_shared_trend,14,inclusive,0.0,0.0,2.0,4.923268274127173,0.1034247590710117,0.0,1.0,2.4616341370635864,3.826773788166256,1.3173487356612164,0.808160900567658,1.7131318927215744,1.7131318927215744,0.0
hsc_shared_trend,14,inclusive,1.0,4.844588831040495,0.0,0.0,0.1034247590710117,0.0,1.0,2.4616341370635864,3.826773788166256,6.161937566701711,6.161937566701711,6.55772072376207,6.557720723762069,0.0
hsc_shared_trend,14,inclusive,1.0,4.844588831040495,1.0,2.4616341370635864,0.1034247590710117,0.0,1.0,2.4616341370635864,3.826773788166256,6.161937566701711,5.907343649154933,6.55772072376207,6.5577207237620705,0.0
hsc_shared_trend,14,inclusive,1.0,4.844588831040495,2.0,4.923268274127173,0.1034247590710117,0.0,1.0,2.4616341370635864,3.826773788166256,6.161937566701711,5.6527497316081545,6.55772072376207,6.5577207237620705,0.0
hsc_shared_trend,14,inclusive,3.0,14.533766493121485,0.0,0.0,0.1034247590710117,0.0,1.0,2.4616341370635864,3.826773788166256,15.851115228782703,15.851115228782703,16.24689838584306,16.24689838584306,0.0
hsc_shared_trend,14,inclusive,3.0,14.533766493121485,1.0,2.4616341370635864,0.1034247590710117,0.0,1.0,2.4616341370635864,3.826773788166256,15.851115228782703,15.596521311235922,16.24689838584306,16.246898385843057,0.0
hsc_shared_trend,14,inclusive,3.0,14.533766493121485,2.0,4.923268274127173,0.1034247590710117,0.0,1.0,2.4616341370635864,3.826773788166256,15.851115228782703,15.341927393689144,16.24689838584306,16.24689838584306,0.0
hsc_shared_trend,15,clean,0.0,0.0,0.0,0.0,0.09989845182743506,0.0,1.0,1.8168030532791706,11.10665782137402,-0.3787483104022006,-0.3787483104022006,0.7307896109301371,0.7307896109301368,0.0
hsc_shared_trend,15,clean,0.0,0.0,1.0,1.8168030532791706,0.09989845182743506,0.0,1.0,1.8168030532791706,11.10665782137402,-0.3787483104022006,-0.5602441227001467,0.7307896109301371,0.7307896109301372,0.0
hsc_shared_trend,15,clean,0.0,0.0,2.0,3.633606106558341,0.09989845182743506,0.0,1.0,1.8168030532791706,11.10665782137402,-0.3787483104022006,-0.7417399349980929,0.7307896109301371,0.7307896109301368,0.0
hsc_shared_trend,15,clean,1.0,8.039639211798596,0.0,0.0,0.09989845182743506,0.0,1.0,1.8168030532791706,11.10665782137402,7.660890901396395,7.660890901396395,8.770428822728734,8.770428822728732,0.0
hsc_shared_trend,15,clean,1.0,8.039639211798596,1.0,1.8168030532791706,0.09989845182743506,0.0,1.0,1.8168030532791706,11.10665782137402,7.660890901396395,7.479395089098449,8.770428822728734,8.770428822728732,0.0
hsc_shared_trend,15,clean,1.0,8.039639211798596,2.0,3.633606106558341,0.09989845182743506,0.0,1.0,1.8168030532791706,11.10665782137402,7.660890901396395,7.297899276800503,8.770428822728734,8.770428822728732,0.0
hsc_shared_trend,15,clean,3.0,24.11891763539579,0.0,0.0,0.09989845182743506,0.0,1.0,1.8168030532791706,11.10665782137402,23.740169324993587,23.740169324993587,24.849707246325927,24.849707246325924,0.0
hsc_shared_trend,15,clean,3.0,24.11891763539579,1.0,1.8168030532791706,0.09989845182743506,0.0,1.0,1.8168030532791706,11.10665782137402,23.740169324993587,23.55867351269564,24.849707246325927,24.849707246325924,0.0
hsc_shared_trend,15,clean,3.0,24.11891763539579,2.0,3.633606106558341,0.09989845182743506,0.0,1.0,1.8168030532791706,11.10665782137402,23.740169324993587,23.377177700397695,24.849707246325927,24.849707246325924,0.0
hsc_shared_trend,15,inclusive,0.0,0.0,0.0,0.0,0.09989845182743506,0.2692847199644552,0.9730988733747665,1.8960137741644068,10.982035023585677,-0.3787483104022006,-0.3787483104022006,0.718339986368678,0.7381983537576513,0.0
hsc_shared_trend,15,inclusive,0.0,0.0,1.0,1.8960137741644068,0.09989845182743506,0.2692847199644552,0.9730988733747665,1.8960137741644068,10.982035023585677,-0.3787483104022006,-0.5681571510847172,0.718339986368678,0.7381983537576513,0.0
hsc_shared_trend,15,inclusive,0.0,0.0,2.0,3.7920275483288135,0.09989845182743506,0.2692847199644552,0.9730988733747665,1.8960137741644068,10.982035023585677,-0.3787483104022006,-0.757565991767233,0.718339986368678,0.7381983537576514,0.0
hsc_shared_trend,15,inclusive,1.0,8.039639211798596,0.0,0.0,0.09989845182743506,0.2692847199644552,0.9730988733747665,1.8960137741644068,8.817083029821243,7.660890901396395,7.660890901396395,8.541703845709488,8.777837565556247,0.2162753524577862
hsc_shared_trend,15,inclusive,1.0,8.039639211798596,1.0,1.8960137741644068,0.09989845182743506,0.2692847199644552,0.9730988733747665,1.8960137741644068,8.817083029821243,7.660890901396395,7.471482060713879,8.541703845709488,8.777837565556247,0.2162753524577862
hsc_shared_trend,15,inclusive,1.0,8.039639211798596,2.0,3.7920275483288135,0.09989845182743506,0.2692847199644552,0.9730988733747665,1.8960137741644068,8.817083029821243,7.660890901396395,7.2820732200313625,8.541703845709488,8.777837565556247,0.2162753524577862
hsc_shared_trend,15,inclusive,3.0,24.11891763539579,0.0,0.0,0.09989845182743506,0.2692847199644552,0.9730988733747665,1.8960137741644068,4.487179042292364,23.740169324993587,23.740169324993587,24.188431564391106,24.85711598915344,0.6488260573733586
hsc_shared_trend,15,inclusive,3.0,24.11891763539579,1.0,1.8960137741644068,0.09989845182743506,0.2692847199644552,0.9730988733747665,1.8960137741644068,4.487179042292364,23.740169324993587,23.55076048431107,24.188431564391106,24.85711598915344,0.6488260573733586
hsc_shared_trend,15,inclusive,3.0,24.11891763539579,2.0,3.7920275483288135,0.09989845182743506,0.2692847199644552,0.9730988733747665,1.8960137741644068,4.487179042292364,23.740169324993587,23.361351643628556,24.188431564391106,24.857115989153442,0.6488260573733586
hsc_shared_trend,16,clean,0.0,0.0,0.0,0.0,0.10915823876260791,0.0,1.0,0.2869923012973124,-1.002768811296023,1.256687522784545,1.256687522784545,1.1472270454573974,1.1472270454573974,0.0
hsc_shared_trend,16,clean,0.0,0.0,1.0,0.2869923012973124,0.10915823876260791,0.0,1.0,0.2869923012973124,-1.002768811296023,1.256687522784545,1.225359948636503,1.1472270454573974,1.1472270454573976,0.0
hsc_shared_trend,16,clean,0.0,0.0,2.0,0.5739846025946248,0.10915823876260791,0.0,1.0,0.2869923012973124,-1.002768811296023,1.256687522784545,1.1940323744884604,1.1472270454573974,1.1472270454573974,0.0
hsc_shared_trend,16,clean,1.0,4.380996485497831,0.0,0.0,0.10915823876260791,0.0,1.0,0.2869923012973124,-1.002768811296023,5.637684008282376,5.637684008282376,5.528223530955229,5.528223530955228,0.0
hsc_shared_trend,16,clean,1.0,4.380996485497831,1.0,0.2869923012973124,0.10915823876260791,0.0,1.0,0.2869923012973124,-1.002768811296023,5.637684008282376,5.6063564341343355,5.528223530955229,5.52822353095523,0.0
hsc_shared_trend,16,clean,1.0,4.380996485497831,2.0,0.5739846025946248,0.10915823876260791,0.0,1.0,0.2869923012973124,-1.002768811296023,5.637684008282376,5.575028859986292,5.528223530955229,5.528223530955229,0.0
hsc_shared_trend,16,clean,3.0,13.142989456493492,0.0,0.0,0.10915823876260791,0.0,1.0,0.2869923012973124,-1.002768811296023,14.399676979278038,14.399676979278038,14.29021650195089,14.29021650195089,0.0
hsc_shared_trend,16,clean,3.0,13.142989456493492,1.0,0.2869923012973124,0.10915823876260791,0.0,1.0,0.2869923012973124,-1.002768811296023,14.399676979278038,14.368349405129996,14.29021650195089,14.29021650195089,0.0
hsc_shared_trend,16,clean,3.0,13.142989456493492,2.0,0.5739846025946248,0.10915823876260791,0.0,1.0,0.2869923012973124,-1.002768811296023,14.399676979278038,14.33702183098195,14.29021650195089,14.290216501950887,0.0
hsc_shared_trend,16,inclusive,0.0,0.0,0.0,0.0,0.10915823876260791,0.04082548083962279,0.9955435624149102,0.29198556991498026,-0.9396317407751125,1.256687522784545,1.256687522784545,1.1541189768760904,1.1592852592773748,0.0
hsc_shared_trend,16,inclusive,0.0,0.0,1.0,0.29198556991498026,0.10915823876260791,0.04082548083962279,0.9955435624149102,0.29198556991498026,-0.9396317407751125,1.256687522784545,1.2248148922285298,1.1541189768760904,1.159285259277375,0.0
hsc_shared_trend,16,inclusive,0.0,0.0,2.0,0.5839711398299605,0.10915823876260791,0.04082548083962279,0.9955435624149102,0.29198556991498026,-0.9396317407751125,1.256687522784545,1.192942261672514,1.1541189768760904,1.1592852592773748,0.0
hsc_shared_trend,16,inclusive,1.0,4.380996485497831,0.0,0.0,0.10915823876260791,0.04082548083962279,0.9955435624149102,0.29198556991498026,-1.1184880288522587,5.637684008282376,5.637684008282376,5.515591824975803,5.540281744775205,0.01952363739811894
hsc_shared_trend,16,inclusive,1.0,4.380996485497831,1.0,0.29198556991498026,0.10915823876260791,0.04082548083962279,0.9955435624149102,0.29198556991498026,-1.1184880288522587,5.637684008282376,5.605811377726361,5.515591824975803,5.540281744775207,0.01952363739811894
hsc_shared_trend,16,inclusive,1.0,4.380996485497831,2.0,0.5839711398299605,0.10915823876260791,0.04082548083962279,0.9955435624149102,0.29198556991498026,-1.1184880288522587,5.637684008282376,5.573938747170346,5.515591824975803,5.540281744775207,0.01952363739811894
hsc_shared_trend,16,inclusive,3.0,13.142989456493492,0.0,0.0,0.10915823876260791,0.04082548083962279,0.9955435624149102,0.29198556991498026,-1.4762006050065517,14.399676979278038,14.399676979278038,14.238537521175227,14.302274715770867,0.05857091219435681
hsc_shared_trend,16,inclusive,3.0,13.142989456493492,1.0,0.29198556991498026,0.10915823876260791,0.04082548083962279,0.9955435624149102,0.29198556991498026,-1.4762006050065517,14.399676979278038,14.367804348722022,14.238537521175227,14.302274715770867,0.05857091219435681
hsc_shared_trend,16,inclusive,3.0,13.142989456493492,2.0,0.5839711398299605,0.10915823876260791,0.04082548083962279,0.9955435624149102,0.29198556991498026,-1.4762006050065517,14.399676979278038,14.335931718166005,14.238537521175227,14.302274715770865,0.05857091219435681
hsc_shared_trend,17,clean,0.0,0.0,0.0,0.0,0.09927177909831503,0.0,1.0,1.914576422928593,6.837622780922722,0.014434227762663454,0.014434227762663454,0.6932172060280302,0.6932172060280304,0.0
hsc_shared_trend,17,clean,0.0,0.0,1.0,1.914576422928593,0.09927177909831503,0.0,1.0,1.914576422928593,6.837622780922722,0.014434227762663454,-0.17562917996114608,0.6932172060280302,0.6932172060280302,0.0
hsc_shared_trend,17,clean,0.0,0.0,2.0,3.829152845857186,0.09927177909831503,0.0,1.0,1.914576422928593,6.837622780922722,0.014434227762663454,-0.3656925876849556,0.6932172060280302,0.6932172060280302,0.0
hsc_shared_trend,17,clean,1.0,4.913164650236826,0.0,0.0,0.09927177909831503,0.0,1.0,1.914576422928593,6.837622780922722,4.927598877999491,4.927598877999491,5.606381856264857,5.606381856264857,0.0
hsc_shared_trend,17,clean,1.0,4.913164650236826,1.0,1.914576422928593,0.09927177909831503,0.0,1.0,1.914576422928593,6.837622780922722,4.927598877999491,4.73753547027568,5.606381856264857,5.606381856264856,0.0
hsc_shared_trend,17,clean,1.0,4.913164650236826,2.0,3.829152845857186,0.09927177909831503,0.0,1.0,1.914576422928593,6.837622780922722,4.927598877999491,4.547472062551871,5.606381856264857,5.606381856264857,0.0
hsc_shared_trend,17,clean,3.0,14.739493950710479,0.0,0.0,0.09927177909831503,0.0,1.0,1.914576422928593,6.837622780922722,14.753928178473142,14.753928178473142,15.432711156738511,15.43271115673851,0.0
hsc_shared_trend,17,clean,3.0,14.739493950710479,1.0,1.914576422928593,0.09927177909831503,0.0,1.0,1.914576422928593,6.837622780922722,14.753928178473142,14.563864770749333,15.432711156738511,15.43271115673851,0.0
hsc_shared_trend,17,clean,3.0,14.739493950710479,2.0,3.829152845857186,0.09927177909831503,0.0,1.0,1.914576422928593,6.837622780922722,14.753928178473142,14.373801363025525,15.432711156738511,15.43271115673851,0.0
hsc_shared_trend,17,inclusive,0.0,0.0,0.0,0.0,0.09927177909831503,0.6014275358773864,0.9402952185147362,0.6785699921063509,1.3556808550838977,0.014434227762663454,0.014434227762663454,0.14901507813636689,0.1584769072544546,0.0
hsc_shared_trend,17,inclusive,0.0,0.0,1.0,0.6785699921063509,0.09927177909831503,0.6014275358773864,0.9402952185147362,0.6785699921063509,1.3556808550838977,0.014434227762663454,-0.05292862259646362,0.14901507813636689,0.15847690725445454,0.0
hsc_shared_trend,17,inclusive,0.0,0.0,2.0,1.3571399842127019,0.09927177909831503,0.6014275358773864,0.9402952185147362,0.6785699921063509,1.3556808550838977,0.014434227762663454,-0.1202914729555907,0.14901507813636689,0.15847690725445449,0.0
hsc_shared_trend,17,inclusive,1.0,4.913164650236826,0.0,0.0,0.09927177909831503,0.6014275358773864,0.9402952185147362,0.6785699921063509,-1.5992316538679194,4.927598877999491,4.927598877999491,4.768840306529681,5.071641557491281,0.29333942184351247
hsc_shared_trend,17,inclusive,1.0,4.913164650236826,1.0,0.6785699921063509,0.09927177909831503,0.6014275358773864,0.9402952185147362,0.6785699921063509,-1.5992316538679194,4.927598877999491,4.860236027640363,4.768840306529681,5.071641557491281,0.29333942184351247
hsc_shared_trend,17,inclusive,1.0,4.913164650236826,2.0,1.3571399842127019,0.09927177909831503,0.6014275358773864,0.9402952185147362,0.6785699921063509,-1.5992316538679194,4.927598877999491,4.792873177281236,4.768840306529681,5.071641557491281,0.29333942184351247
hsc_shared_trend,17,inclusive,3.0,14.739493950710479,0.0,0.0,0.09927177909831503,0.6014275358773864,0.9402952185147362,0.6785699921063509,-7.509056671771549,14.753928178473142,14.753928178473142,14.008490763316312,14.897970857964934,0.8800182655305374
hsc_shared_trend,17,inclusive,3.0,14.739493950710479,1.0,0.6785699921063509,0.09927177909831503,0.6014275358773864,0.9402952185147362,0.6785699921063509,-7.509056671771549,14.753928178473142,14.686565328114014,14.008490763316312,14.897970857964932,0.8800182655305374
hsc_shared_trend,17,inclusive,3.0,14.739493950710479,2.0,1.3571399842127019,0.09927177909831503,0.6014275358773864,0.9402952185147362,0.6785699921063509,-7.509056671771549,14.753928178473142,14.619202477754886,14.008490763316312,14.89797085796493,0.8800182655305374
hsc_shared_trend,18,clean,0.0,0.0,0.0,0.0,0.1024882765869991,0.0,1.0,0.16529665088700593,-0.9890673193721751,-0.2483340842033305,-0.2483340842033305,-0.3497018891943078,-0.3497018891943078,0.0
hsc_shared_trend,18,clean,0.0,0.0,1.0,0.16529665088700593,0.1024882765869991,0.0,1.0,0.16529665088700593,-0.9890673193721751,-0.2483340842033305,-0.2652750530783426,-0.3497018891943078,-0.3497018891943077,0.0
hsc_shared_trend,18,clean,0.0,0.0,2.0,0.33059330177401186,0.1024882765869991,0.0,1.0,0.16529665088700593,-0.9890673193721751,-0.2483340842033305,-0.28221602195335477,-0.3497018891943078,-0.34970188919430784,0.0
hsc_shared_trend,18,clean,1.0,6.836139544139398,0.0,0.0,0.1024882765869991,0.0,1.0,0.16529665088700593,-0.9890673193721751,6.5878054599360665,6.5878054599360665,6.48643765494509,6.486437654945089,0.0
hsc_shared_trend,18,clean,1.0,6.836139544139398,1.0,0.16529665088700593,0.1024882765869991,0.0,1.0,0.16529665088700593,-0.9890673193721751,6.5878054599360665,6.570864491061056,6.48643765494509,6.486437654945091,0.0
hsc_shared_trend,18,clean,1.0,6.836139544139398,2.0,0.33059330177401186,0.1024882765869991,0.0,1.0,0.16529665088700593,-0.9890673193721751,6.5878054599360665,6.553923522186044,6.48643765494509,6.486437654945091,0.0
hsc_shared_trend,18,clean,3.0,20.50841863241819,0.0,0.0,0.1024882765869991,0.0,1.0,0.16529665088700593,-0.9890673193721751,20.260084548214863,20.260084548214863,20.15871674322388,20.158716743223884,0.0
hsc_shared_trend,18,clean,3.0,20.50841863241819,1.0,0.16529665088700593,0.1024882765869991,0.0,1.0,0.16529665088700593,-0.9890673193721751,20.260084548214863,20.24314357933985,20.15871674322388,20.158716743223884,0.0
hsc_shared_trend,18,clean,3.0,20.50841863241819,2.0,0.33059330177401186,0.1024882765869991,0.0,1.0,0.16529665088700593,-0.9890673193721751,20.260084548214863,20.22620261046484,20.15871674322388,20.158716743223884,0.0
hsc_shared_trend,18,inclusive,0.0,0.0,0.0,0.0,0.1024882765869991,0.23320724792100775,0.9760989910729789,0.1905762013584501,-0.8435411223440207,-0.2483340842033305,-0.2483340842033305,-0.3347871600626324,-0.342984843877993,0.0
hsc_shared_trend,18,inclusive,0.0,0.0,1.0,0.1905762013584501,0.1024882765869991,0.23320724792100775,0.9760989910729789,0.1905762013584501,-0.8435411223440207,-0.2483340842033305,-0.26786591063905474,-0.3347871600626324,-0.3429848438779928,0.0
hsc_shared_trend,18,inclusive,0.0,0.0,2.0,0.3811524027169002,0.1024882765869991,0.23320724792100775,0.9760989910729789,0.1905762013584501,-0.8435411223440207,-0.2483340842033305,-0.2873977370747793,-0.3347871600626324,-0.34298484387799283,0.0
hsc_shared_trend,18,inclusive,1.0,6.836139544139398,0.0,0.0,0.1024882765869991,0.23320724792100775,0.9760989910729789,0.1905762013584501,-2.4377784118367427,6.5878054599360665,6.5878054599360665,6.337961751805929,6.493154700261404,0.1633906322708378
hsc_shared_trend,18,inclusive,1.0,6.836139544139398,1.0,0.1905762013584501,0.1024882765869991,0.23320724792100775,0.9760989910729789,0.1905762013584501,-2.4377784118367427,6.5878054599360665,6.568273633500342,6.337961751805929,6.493154700261404,0.1633906322708378
hsc_shared_trend,18,inclusive,1.0,6.836139544139398,2.0,0.3811524027169002,0.1024882765869991,0.23320724792100775,0.9760989910729789,0.1905762013584501,-2.4377784118367427,6.5878054599360665,6.548741807064618,6.337961751805929,6.493154700261405,0.1633906322708378
hsc_shared_trend,18,inclusive,3.0,20.50841863241819,0.0,0.0,0.1024882765869991,0.23320724792100775,0.9760989910729789,0.1905762013584501,-5.626252990822185,20.260084548214863,20.260084548214863,19.683459575543047,20.1654337885402,0.49017189681251333
hsc_shared_trend,18,inclusive,3.0,20.50841863241819,1.0,0.1905762013584501,0.1024882765869991,0.23320724792100775,0.9760989910729789,0.1905762013584501,-5.626252990822185,20.260084548214863,20.24055272177914,19.683459575543047,20.165433788540202,0.49017189681251333
hsc_shared_trend,18,inclusive,3.0,20.50841863241819,2.0,0.3811524027169002,0.1024882765869991,0.23320724792100775,0.9760989910729789,0.1905762013584501,-5.626252990822185,20.260084548214863,20.221020895343415,19.683459575543047,20.165433788540202,0.49017189681251333
hsc_shared_trend,19,clean,0.0,0.0,0.0,0.0,0.1006655954601719,0.0,1.0,1.2726018225704163,1.462977545185235,0.06023743716007797,0.06023743716007797,0.20750894289101057,0.20750894289101018,0.0
hsc_shared_trend,19,clean,0.0,0.0,1.0,1.2726018225704163,0.1006655954601719,0.0,1.0,1.2726018225704163,1.462977545185235,0.06023743716007797,-0.06786978309267262,0.20750894289101057,0.2075089428910105,0.0
hsc_shared_trend,19,clean,0.0,0.0,2.0,2.5452036451408326,0.1006655954601719,0.0,1.0,1.2726018225704163,1.462977545185235,0.06023743716007797,-0.19597700334542373,0.20750894289101057,0.20750894289101052,0.0
hsc_shared_trend,19,clean,1.0,5.818994614869863,0.0,0.0,0.1006655954601719,0.0,1.0,1.2726018225704163,1.462977545185235,5.879232052029941,5.879232052029941,6.026503557760874,6.026503557760874,0.0
hsc_shared_trend,19,clean,1.0,5.818994614869863,1.0,1.2726018225704163,0.1006655954601719,0.0,1.0,1.2726018225704163,1.462977545185235,5.879232052029941,5.751124831777191,6.026503557760874,6.026503557760874,0.0
hsc_shared_trend,19,clean,1.0,5.818994614869863,2.0,2.5452036451408326,0.1006655954601719,0.0,1.0,1.2726018225704163,1.462977545185235,5.879232052029941,5.62301761152444,6.026503557760874,6.026503557760874,0.0
hsc_shared_trend,19,clean,3.0,17.45698384460959,0.0,0.0,0.1006655954601719,0.0,1.0,1.2726018225704163,1.462977545185235,17.517221281769665,17.517221281769665,17.6644927875006,17.664492787500595,0.0
hsc_shared_trend,19,clean,3.0,17.45698384460959,1.0,1.2726018225704163,0.1006655954601719,0.0,1.0,1.2726018225704163,1.462977545185235,17.517221281769665,17.389114061516917,17.6644927875006,17.6644927875006,0.0
hsc_shared_trend,19,clean,3.0,17.45698384460959,2.0,2.5452036451408326,0.1006655954601719,0.0,1.0,1.2726018225704163,1.462977545185235,17.517221281769665,17.26100684126417,17.6644927875006,17.664492787500603,0.0
hsc_shared_trend,19,inclusive,0.0,0.0,0.0,0.0,0.1006655954601719,0.0,1.0,1.2726056465596753,1.462987276407689,0.06023743716007797,0.06023743716007797,0.20750992249031236,0.20750992249031308,0.0
hsc_shared_trend,19,inclusive,0.0,0.0,1.0,1.2726056465596753,0.1006655954601719,0.0,1.0,1.2726056465596753,1.462987276407689,0.06023743716007797,-0.06787016803682881,0.20750992249031236,0.20750992249031308,0.0
hsc_shared_trend,19,inclusive,0.0,0.0,2.0,2.5452112931193507,0.1006655954601719,0.0,1.0,1.2726056465596753,1.462987276407689,0.06023743716007797,-0.19597777323373577,0.20750992249031236,0.2075099224903128,0.0
hsc_shared_trend,19,inclusive,1.0,5.818994614869863,0.0,0.0,0.1006655954601719,0.0,1.0,1.2726056465596753,1.462987276407689,5.879232052029941,5.879232052029941,6.026504537360175,6.026504537360176,0.0
hsc_shared_trend,19,inclusive,1.0,5.818994614869863,1.0,1.2726056465596753,0.1006655954601719,0.0,1.0,1.2726056465596753,1.462987276407689,5.879232052029941,5.751124446833034,6.026504537360175,6.026504537360175,0.0
hsc_shared_trend,19,inclusive,1.0,5.818994614869863,2.0,2.5452112931193507,0.1006655954601719,0.0,1.0,1.2726056465596753,1.462987276407689,5.879232052029941,5.623016841636128,6.026504537360175,6.026504537360176,0.0
hsc_shared_trend,19,inclusive,3.0,17.45698384460959,0.0,0.0,0.1006655954601719,0.0,1.0,1.2726056465596753,1.462987276407689,17.517221281769665,17.517221281769665,17.664493767099906,17.6644937670999,0.0
hsc_shared_trend,19,inclusive,3.0,17.45698384460959,1.0,1.2726056465596753,0.1006655954601719,0.0,1.0,1.2726056465596753,1.462987276407689,17.517221281769665,17.389113676572762,17.664493767099906,17.664493767099906,0.0
hsc_shared_trend,19,inclusive,3.0,17.45698384460959,2.0,2.5452112931193507,0.1006655954601719,0.0,1.0,1.2726056465596753,1.462987276407689,17.517221281769665,17.261006071375853,17.664493767099906,17.664493767099902,0.0
hsc_shared_trend,20,clean,0.0,0.0,0.0,0.0,0.10419299649785639,0.0,1.0,0.19005948890399946,0.8157698608214663,-0.8586388181088959,-0.8586388181088959,-0.7736413118572679,-0.773641311857268,0.0
hsc_shared_trend,20,clean,0.0,0.0,1.0,0.19005948890399946,0.10419299649785639,0.0,1.0,0.19005948890399946,0.8157698608214663,-0.8586388181088959,-0.878441685770655,-0.7736413118572679,-0.7736413118572684,0.0
hsc_shared_trend,20,clean,0.0,0.0,2.0,0.3801189778079989,0.10419299649785639,0.0,1.0,0.19005948890399946,0.8157698608214663,-0.8586388181088959,-0.8982445534324132,-0.7736413118572679,-0.7736413118572677,0.0
hsc_shared_trend,20,clean,1.0,7.701798894139048,0.0,0.0,0.10419299649785639,0.0,1.0,0.19005948890399946,0.8157698608214663,6.843160076030152,6.843160076030152,6.928157582281782,6.92815758228178,0.0
hsc_shared_trend,20,clean,1.0,7.701798894139048,1.0,0.19005948890399946,0.10419299649785639,0.0,1.0,0.19005948890399946,0.8157698608214663,6.843160076030152,6.823357208368394,6.928157582281782,6.928157582281781,0.0
hsc_shared_trend,20,clean,1.0,7.701798894139048,2.0,0.3801189778079989,0.10419299649785639,0.0,1.0,0.19005948890399946,0.8157698608214663,6.843160076030152,6.803554340706637,6.928157582281782,6.9281575822817825,0.0
hsc_shared_trend,20,clean,3.0,23.105396682417144,0.0,0.0,0.10419299649785639,0.0,1.0,0.19005948890399946,0.8157698608214663,22.246757864308247,22.246757864308247,22.331755370559875,22.331755370559875,0.0
hsc_shared_trend,20,clean,3.0,23.105396682417144,1.0,0.19005948890399946,0.10419299649785639,0.0,1.0,0.19005948890399946,0.8157698608214663,22.246757864308247,22.226954996646487,22.331755370559875,22.331755370559875,0.0
hsc_shared_trend,20,clean,3.0,23.105396682417144,2.0,0.3801189778079989,0.10419299649785639,0.0,1.0,0.19005948890399946,0.8157698608214663,22.246757864308247,22.20715212898473,22.331755370559875,22.331755370559875,0.0
hsc_shared_trend,20,inclusive,0.0,0.0,0.0,0.0,0.10419299649785639,0.2603948396676574,0.9728686813824479,0.1829932810848591,0.6085597156097794,-0.8586388181088959,-0.8586388181088959,-0.7952311577916296,-0.8174085290335433,0.0
hsc_shared_trend,20,inclusive,0.0,0.0,1.0,0.1829932810848591,0.10419299649785639,0.2603948396676574,0.9728686813824479,0.1829932810848591,0.6085597156097794,-0.8586388181088959,-0.8777054364041016,-0.7952311577916296,-0.8174085290335431,0.0
hsc_shared_trend,20,inclusive,0.0,0.0,2.0,0.3659865621697182,0.10419299649785639,0.2603948396676574,0.9728686813824479,0.1829932810848591,0.6085597156097794,-0.8586388181088959,-0.8967720546993077,-0.7952311577916296,-0.8174085290335431,0.0
hsc_shared_trend,20,inclusive,1.0,7.701798894139048,0.0,0.0,0.10419299649785639,0.2603948396676574,0.9728686813824479,0.1829932810848591,-1.3969489725820992,6.843160076030152,6.843160076030152,6.697607776622223,6.884390365105505,0.20895995972519696
hsc_shared_trend,20,inclusive,1.0,7.701798894139048,1.0,0.1829932810848591,0.10419299649785639,0.2603948396676574,0.9728686813824479,0.1829932810848591,-1.3969489725820992,6.843160076030152,6.824093457734946,6.697607776622223,6.884390365105505,0.20895995972519696
hsc_shared_trend,20,inclusive,1.0,7.701798894139048,2.0,0.3659865621697182,0.10419299649785639,0.2603948396676574,0.9728686813824479,0.1829932810848591,-1.3969489725820992,6.843160076030152,6.805026839439741,6.697607776622223,6.884390365105505,0.20895995972519696
hsc_shared_trend,20,inclusive,3.0,23.105396682417144,0.0,0.0,0.10419299649785639,0.2603948396676574,0.9728686813824479,0.1829932810848591,-5.407966348965855,22.246757864308247,22.246757864308247,21.683285645449924,22.2879881533836,0.6268798791755908
hsc_shared_trend,20,inclusive,3.0,23.105396682417144,1.0,0.1829932810848591,0.10419299649785639,0.2603948396676574,0.9728686813824479,0.1829932810848591,-5.407966348965855,22.246757864308247,22.22769124601304,21.683285645449924,22.2879881533836,0.6268798791755908
hsc_shared_trend,20,inclusive,3.0,23.105396682417144,2.0,0.3659865621697182,0.10419299649785639,0.2603948396676574,0.9728686813824479,0.1829932810848591,-5.407966348965855,22.246757864308247,22.208624627717835,21.683285645449924,22.2879881533836,0.6268798791755908
hsc_shared_trend,21,clean,0.0,0.0,0.0,0.0,0.09194902173575215,0.0,1.0,3.188523121969739,2.3620294157462345,-0.6247187933718801,-0.6247187933718801,-0.40753249928294377,-0.4075324992829436,0.0
hsc_shared_trend,21,clean,0.0,0.0,1.0,3.188523121969739,0.09194902173575215,0.0,1.0,3.188523121969739,2.3620294157462345,-0.6247187933718801,-0.9179003752188241,-0.40753249928294377,-0.40753249928294377,0.0
hsc_shared_trend,21,clean,0.0,0.0,2.0,6.377046243939478,0.09194902173575215,0.0,1.0,3.188523121969739,2.3620294157462345,-0.6247187933718801,-1.2110819570657676,-0.40753249928294377,-0.4075324992829434,0.0
hsc_shared_trend,21,clean,1.0,4.023586522725252,0.0,0.0,0.09194902173575215,0.0,1.0,3.188523121969739,2.3620294157462345,3.398867729353371,3.398867729353371,3.6160540234423073,3.6160540234423078,0.0
hsc_shared_trend,21,clean,1.0,4.023586522725252,1.0,3.188523121969739,0.09194902173575215,0.0,1.0,3.188523121969739,2.3620294157462345,3.398867729353371,3.1056861475064275,3.6160540234423073,3.6160540234423078,0.0
hsc_shared_trend,21,clean,1.0,4.023586522725252,2.0,6.377046243939478,0.09194902173575215,0.0,1.0,3.188523121969739,2.3620294157462345,3.398867729353371,2.812504565659484,3.6160540234423073,3.616054023442308,0.0
hsc_shared_trend,21,clean,3.0,12.070759568175756,0.0,0.0,0.09194902173575215,0.0,1.0,3.188523121969739,2.3620294157462345,11.446040774803878,11.446040774803878,11.663227068892812,11.663227068892814,0.0
hsc_shared_trend,21,clean,3.0,12.070759568175756,1.0,3.188523121969739,0.09194902173575215,0.0,1.0,3.188523121969739,2.3620294157462345,11.446040774803878,11.152859192956932,11.663227068892812,11.663227068892812,0.0
hsc_shared_trend,21,clean,3.0,12.070759568175756,2.0,6.377046243939478,0.09194902173575215,0.0,1.0,3.188523121969739,2.3620294157462345,11.446040774803878,10.859677611109989,11.663227068892812,11.663227068892812,0.0
hsc_shared_trend,21,inclusive,0.0,0.0,0.0,0.0,0.09194902173575215,0.0,1.0,3.188572457229534,2.3617723014897445,-0.6247187933718801,-0.6247187933718801,-0.4075561406873027,-0.40755614068730217,0.0
hsc_shared_trend,21,inclusive,0.0,0.0,1.0,3.188572457229534,0.09194902173575215,0.0,1.0,3.188572457229534,2.3617723014897445,-0.6247187933718801,-0.9179049115476996,-0.4075561406873027,-0.40755614068730267,0.0
hsc_shared_trend,21,inclusive,0.0,0.0,2.0,6.377144914459068,0.09194902173575215,0.0,1.0,3.188572457229534,2.3617723014897445,-0.6247187933718801,-1.211091029723518,-0.4075561406873027,-0.40755614068730195,0.0
hsc_shared_trend,21,inclusive,1.0,4.023586522725252,0.0,0.0,0.09194902173575215,0.0,1.0,3.188572457229534,2.3617723014897445,3.398867729353371,3.398867729353371,3.6160303820379482,3.616030382037949,0.0
hsc_shared_trend,21,inclusive,1.0,4.023586522725252,1.0,3.188572457229534,0.09194902173575215,0.0,1.0,3.188572457229534,2.3617723014897445,3.398867729353371,3.105681611177552,3.6160303820379482,3.6160303820379487,0.0
hsc_shared_trend,21,inclusive,1.0,4.023586522725252,2.0,6.377144914459068,0.09194902173575215,0.0,1.0,3.188572457229534,2.3617723014897445,3.398867729353371,2.812495493001733,3.6160303820379482,3.616030382037949,0.0
hsc_shared_trend,21,inclusive,3.0,12.070759568175756,0.0,0.0,0.09194902173575215,0.0,1.0,3.188572457229534,2.3617723014897445,11.446040774803878,11.446040774803878,11.663203427488455,11.663203427488456,0.0
hsc_shared_trend,21,inclusive,3.0,12.070759568175756,1.0,3.188572457229534,0.09194902173575215,0.0,1.0,3.188572457229534,2.3617723014897445,11.446040774803878,11.152854656628055,11.663203427488455,11.663203427488451,0.0
hsc_shared_trend,21,inclusive,3.0,12.070759568175756,2.0,6.377144914459068,0.09194902173575215,0.0,1.0,3.188572457229534,2.3617723014897445,11.446040774803878,10.859668538452237,11.663203427488455,11.663203427488453,0.0
hsc_shared_trend,22,clean,0.0,0.0,0.0,0.0,0.09326889416370313,0.0,1.0,1.000920954089755,3.6950053998997134,1.3223589078857143,1.3223589078857143,1.6669879754632728,1.6669879754632722,0.0
hsc_shared_trend,22,clean,0.0,0.0,1.0,1.000920954089755,0.09326889416370313,0.0,1.0,1.000920954089755,3.6950053998997134,1.3223589078857143,1.2290041173524846,1.6669879754632728,1.6669879754632726,0.0
hsc_shared_trend,22,clean,0.0,0.0,2.0,2.00184190817951,0.09326889416370313,0.0,1.0,1.000920954089755,3.6950053998997134,1.3223589078857143,1.1356493268192545,1.6669879754632728,1.6669879754632726,0.0
hsc_shared_trend,22,clean,1.0,4.954151553530119,0.0,0.0,0.09326889416370313,0.0,1.0,1.000920954089755,3.6950053998997134,6.276510461415834,6.276510461415834,6.621139528993391,6.621139528993392,0.0
hsc_shared_trend,22,clean,1.0,4.954151553530119,1.0,1.000920954089755,0.09326889416370313,0.0,1.0,1.000920954089755,3.6950053998997134,6.276510461415834,6.183155670882604,6.621139528993391,6.621139528993392,0.0
hsc_shared_trend,22,clean,1.0,4.954151553530119,2.0,2.00184190817951,0.09326889416370313,0.0,1.0,1.000920954089755,3.6950053998997134,6.276510461415834,6.089800880349372,6.621139528993391,6.621139528993391,0.0
hsc_shared_trend,22,clean,3.0,14.862454660590357,0.0,0.0,0.09326889416370313,0.0,1.0,1.000920954089755,3.6950053998997134,16.18481356847607,16.18481356847607,16.529442636053627,16.529442636053627,0.0
hsc_shared_trend,22,clean,3.0,14.862454660590357,1.0,1.000920954089755,0.09326889416370313,0.0,1.0,1.000920954089755,3.6950053998997134,16.18481356847607,16.09145877794284,16.529442636053627,16.529442636053627,0.0
hsc_shared_trend,22,clean,3.0,14.862454660590357,2.0,2.00184190817951,0.09326889416370313,0.0,1.0,1.000920954089755,3.6950053998997134,16.18481356847607,15.998103987409612,16.529442636053627,16.52944263605363,0.0
hsc_shared_trend,22,inclusive,0.0,0.0,0.0,0.0,0.09326889416370313,0.08278352457537574,0.9922788722078809,1.015053740078224,3.3144480625423554,1.3223589078857143,1.3223589078857143,1.6314938134420687,1.6441888053223335,0.0
hsc_shared_trend,22,inclusive,0.0,0.0,1.0,1.015053740078224,0.09326889416370313,0.08278352457537574,0.9922788722078809,1.015053740078224,3.3144480625423554,1.3223589078857143,1.2276859680318877,1.6314938134420687,1.6441888053223337,0.0
hsc_shared_trend,22,inclusive,0.0,0.0,2.0,2.030107480156448,0.09326889416370313,0.08278352457537574,0.9922788722078809,1.015053740078224,3.3144480625423554,1.3223589078857143,1.1330130281780606,1.6314938134420687,1.6441888053223335,0.0
hsc_shared_trend,22,inclusive,1.0,4.954151553530119,0.0,0.0,0.09326889416370313,0.08278352457537574,0.9922788722078809,1.015053740078224,2.904325935660558,6.276510461415834,6.276510461415834,6.547393729725856,6.598340358852453,0.038251637246331106
hsc_shared_trend,22,inclusive,1.0,4.954151553530119,1.0,1.015053740078224,0.09326889416370313,0.08278352457537574,0.9922788722078809,1.015053740078224,2.904325935660558,6.276510461415834,6.181837521562007,6.547393729725856,6.598340358852453,0.038251637246331106
hsc_shared_trend,22,inclusive,1.0,4.954151553530119,2.0,2.030107480156448,0.09326889416370313,0.08278352457537574,0.9922788722078809,1.015053740078224,2.904325935660558,6.276510461415834,6.08716458170818,6.547393729725856,6.598340358852453,0.038251637246331106
hsc_shared_trend,22,inclusive,3.0,14.862454660590357,0.0,0.0,0.09326889416370313,0.08278352457537574,0.9922788722078809,1.015053740078224,2.084081681896966,16.18481356847607,16.18481356847607,16.37919356229343,16.50664346591269,0.11475491173899333
hsc_shared_trend,22,inclusive,3.0,14.862454660590357,1.0,1.015053740078224,0.09326889416370313,0.08278352457537574,0.9922788722078809,1.015053740078224,2.084081681896966,16.18481356847607,16.090140628622244,16.37919356229343,16.50664346591269,0.11475491173899333
hsc_shared_trend,22,inclusive,3.0,14.862454660590357,2.0,2.030107480156448,0.09326889416370313,0.08278352457537574,0.9922788722078809,1.015053740078224,2.084081681896966,16.18481356847607,15.995467688768418,16.37919356229343,16.506643465912692,0.11475491173899333
hsc_shared_trend,23,clean,0.0,0.0,0.0,0.0,0.11630960067494023,0.0,1.0,3.0873535563487526,3.0694725457994574,0.5447738049701167,0.5447738049701167,0.9017829310547437,0.9017829310547438,0.0
hsc_shared_trend,23,clean,0.0,0.0,1.0,3.0873535563487526,0.11630960067494023,0.0,1.0,3.0873535563487526,3.0694725457994574,0.5447738049701167,0.18568494568883673,0.9017829310547437,0.9017829310547437,0.0
hsc_shared_trend,23,clean,0.0,0.0,2.0,6.174707112697505,0.11630960067494023,0.0,1.0,3.0873535563487526,3.0694725457994574,0.5447738049701167,-0.17340391359244328,0.9017829310547437,0.9017829310547437,0.0
hsc_shared_trend,23,clean,1.0,7.665053951796201,0.0,0.0,0.11630960067494023,0.0,1.0,3.0873535563487526,3.0694725457994574,8.209827756766318,8.209827756766318,8.566836882850946,8.566836882850945,0.0
hsc_shared_trend,23,clean,1.0,7.665053951796201,1.0,3.0873535563487526,0.11630960067494023,0.0,1.0,3.0873535563487526,3.0694725457994574,8.209827756766318,7.850738897485039,8.566836882850946,8.566836882850946,0.0
hsc_shared_trend,23,clean,1.0,7.665053951796201,2.0,6.174707112697505,0.11630960067494023,0.0,1.0,3.0873535563487526,3.0694725457994574,8.209827756766318,7.491650038203758,8.566836882850946,8.566836882850945,0.0
hsc_shared_trend,23,clean,3.0,22.995161855388602,0.0,0.0,0.11630960067494023,0.0,1.0,3.0873535563487526,3.0694725457994574,23.539935660358715,23.539935660358715,23.896944786443346,23.896944786443342,0.0
hsc_shared_trend,23,clean,3.0,22.995161855388602,1.0,3.0873535563487526,0.11630960067494023,0.0,1.0,3.0873535563487526,3.0694725457994574,23.539935660358715,23.18084680107744,23.896944786443346,23.896944786443346,0.0
hsc_shared_trend,23,clean,3.0,22.995161855388602,2.0,6.174707112697505,0.11630960067494023,0.0,1.0,3.0873535563487526,3.0694725457994574,23.539935660358715,22.821757941796157,23.896944786443346,23.896944786443346,0.0
hsc_shared_trend,23,inclusive,0.0,0.0,0.0,0.0,0.11630960067494023,0.6246150936701905,0.9273512678796798,1.1951336846327372,1.848930983698056,0.5447738049701167,0.5447738049701167,0.759822229359562,0.8193467304971066,0.0
hsc_shared_trend,23,inclusive,0.0,0.0,1.0,1.1951336846327372,0.11630960067494023,0.6246150936701905,0.9273512678796798,1.1951336846327372,1.848930983698056,0.5447738049701167,0.4057682833573132,0.759822229359562,0.8193467304971066,0.0
hsc_shared_trend,23,inclusive,0.0,0.0,2.0,2.3902673692654743,0.11630960067494023,0.6246150936701905,0.9273512678796798,1.1951336846327372,1.848930983698056,0.5447738049701167,0.2667627617445095,0.759822229359562,0.8193467304971066,0.0
hsc_shared_trend,23,inclusive,1.0,7.665053951796201,0.0,0.0,0.11630960067494023,0.6246150936701905,0.9273512678796798,1.1951336846327372,-2.9387774083901923,8.209827756766318,8.209827756766318,7.86801972992392,8.484400682293307,0.5568564512318444
hsc_shared_trend,23,inclusive,1.0,7.665053951796201,1.0,1.1951336846327372,0.11630960067494023,0.6246150936701905,0.9273512678796798,1.1951336846327372,-2.9387774083901923,8.209827756766318,8.070822235153516,7.86801972992392,8.484400682293309,0.5568564512318444
hsc_shared_trend,23,inclusive,1.0,7.665053951796201,2.0,2.3902673692654743,0.11630960067494023,0.6246150936701905,0.9273512678796798,1.1951336846327372,-2.9387774083901923,8.209827756766318,7.9318167135407105,7.86801972992392,8.484400682293307,0.5568564512318444
hsc_shared_trend,23,inclusive,3.0,22.995161855388602,0.0,0.0,0.11630960067494023,0.6246150936701905,0.9273512678796798,1.1951336846327372,-12.514194192566688,23.539935660358715,23.539935660358715,22.084414731052625,23.814508585885704,1.6705693536955328
hsc_shared_trend,23,inclusive,3.0,22.995161855388602,1.0,1.1951336846327372,0.11630960067494023,0.6246150936701905,0.9273512678796798,1.1951336846327372,-12.514194192566688,23.539935660358715,23.400930138745913,22.084414731052625,23.814508585885708,1.6705693536955328
hsc_shared_trend,23,inclusive,3.0,22.995161855388602,2.0,2.3902673692654743,0.11630960067494023,0.6246150936701905,0.9273512678796798,1.1951336846327372,-12.514194192566688,23.539935660358715,23.26192461713311,22.084414731052625,23.814508585885708,1.6705693536955328
hsc_shared_trend,24,clean,0.0,0.0,0.0,0.0,0.10115414418291245,0.0,1.0,3.9618159342939343,4.43887585352361,-0.3114606064403345,-0.3114606064403345,0.13755008165704172,0.13755008165704133,0.0
hsc_shared_trend,24,clean,0.0,0.0,1.0,3.9618159342939343,0.10115414418291245,0.0,1.0,3.9618159342939343,4.43887585352361,-0.3114606064403345,-0.7122147066840625,0.13755008165704172,0.13755008165704197,0.0
hsc_shared_trend,24,clean,0.0,0.0,2.0,7.923631868587869,0.10115414418291245,0.0,1.0,3.9618159342939343,4.43887585352361,-0.3114606064403345,-1.112968806927792,0.13755008165704172,0.13755008165704102,0.0
hsc_shared_trend,24,clean,1.0,7.578526842797628,0.0,0.0,0.10115414418291245,0.0,1.0,3.9618159342939343,4.43887585352361,7.267066236357293,7.267066236357293,7.7160769244546685,7.7160769244546685,0.0
hsc_shared_trend,24,clean,1.0,7.578526842797628,1.0,3.9618159342939343,0.10115414418291245,0.0,1.0,3.9618159342939343,4.43887585352361,7.267066236357293,6.866312136113564,7.7160769244546685,7.7160769244546685,0.0
hsc_shared_trend,24,clean,1.0,7.578526842797628,2.0,7.923631868587869,0.10115414418291245,0.0,1.0,3.9618159342939343,4.43887585352361,7.267066236357293,6.465558035869835,7.7160769244546685,7.716076924454668,0.0
hsc_shared_trend,24,clean,3.0,22.735580528392884,0.0,0.0,0.10115414418291245,0.0,1.0,3.9618159342939343,4.43887585352361,22.424119921952546,22.424119921952546,22.873130610049923,22.87313061004992,0.0
hsc_shared_trend,24,clean,3.0,22.735580528392884,1.0,3.9618159342939343,0.10115414418291245,0.0,1.0,3.9618159342939343,4.43887585352361,22.424119921952546,22.023365821708822,22.873130610049923,22.873130610049927,0.0
hsc_shared_trend,24,clean,3.0,22.735580528392884,2.0,7.923631868587869,0.10115414418291245,0.0,1.0,3.9618159342939343,4.43887585352361,22.424119921952546,21.62261172146509,22.873130610049923,22.873130610049923,0.0
hsc_shared_trend,24,inclusive,0.0,0.0,0.0,0.0,0.10115414418291245,0.8859643099942135,0.9103810384459308,2.5744186106492912,3.9868190354380895,-0.3114606064403345,-0.3114606064403345,0.09182266110155055,0.10086178998004634,0.0
hsc_shared_trend,24,inclusive,0.0,0.0,1.0,2.5744186106492912,0.10115414418291245,0.8859643099942135,0.9103810384459308,2.5744186106492912,3.9868190354380895,-0.3114606064403345,-0.5718737177691262,0.09182266110155055,0.10086178998004634,0.0
hsc_shared_trend,24,inclusive,0.0,0.0,2.0,5.1488372212985825,0.10115414418291245,0.8859643099942135,0.9103810384459308,2.5744186106492912,3.9868190354380895,-0.3114606064403345,-0.8322868290979167,0.09182266110155055,0.10086178998004723,0.0
hsc_shared_trend,24,inclusive,1.0,7.578526842797628,0.0,0.0,0.10115414418291245,0.8859643099942135,0.9103810384459308,2.5744186106492912,-2.7274852696137364,7.267066236357293,7.267066236357293,6.991169798138013,7.679388632777673,0.6791797057611623
hsc_shared_trend,24,inclusive,1.0,7.578526842797628,1.0,2.5744186106492912,0.10115414418291245,0.8859643099942135,0.9103810384459308,2.5744186106492912,-2.7274852696137364,7.267066236357293,7.006653125028501,6.991169798138013,7.679388632777674,0.6791797057611623
hsc_shared_trend,24,inclusive,1.0,7.578526842797628,2.0,5.1488372212985825,0.10115414418291245,0.8859643099942135,0.9103810384459308,2.5744186106492912,-2.7274852696137364,7.267066236357293,6.746240013699709,6.991169798138013,7.679388632777673,0.6791797057611623
hsc_shared_trend,24,inclusive,3.0,22.735580528392884,0.0,0.0,0.10115414418291245,0.8859643099942135,0.9103810384459308,2.5744186106492912,-16.156093879717385,22.424119921952546,22.424119921952546,20.789864072210946,22.836442318372928,2.0375391172834867
hsc_shared_trend,24,inclusive,3.0,22.735580528392884,1.0,2.5744186106492912,0.10115414418291245,0.8859643099942135,0.9103810384459308,2.5744186106492912,-16.156093879717385,22.424119921952546,22.163706810623758,20.789864072210946,22.83644231837293,2.0375391172834867
hsc_shared_trend,24,inclusive,3.0,22.735580528392884,2.0,5.1488372212985825,0.10115414418291245,0.8859643099942135,0.9103810384459308,2.5744186106492912,-16.156093879717385,22.424119921952546,21.903293699294967,20.789864072210946,22.83644231837293,2.0375391172834867
hsc_shared_trend,25,clean,0.0,0.0,0.0,0.0,0.09833798351939722,0.0,1.0,2.9430308057352716,4.844518876066675,-0.6863271426751838,-0.6863271426751838,-0.20992692528113005,-0.20992692528113036,0.0
hsc_shared_trend,25,clean,0.0,0.0,1.0,2.9430308057352716,0.09833798351939722,0.0,1.0,2.9430308057352716,4.844518876066675,-0.6863271426751838,-0.9757388575466571,-0.20992692528113005,-0.20992692528113002,0.0
hsc_shared_trend,25,clean,0.0,0.0,2.0,5.886061611470543,0.09833798351939722,0.0,1.0,2.9430308057352716,4.844518876066675,-0.6863271426751838,-1.2651505724181307,-0.20992692528113005,-0.2099269252811302,0.0
hsc_shared_trend,25,clean,1.0,5.791167925299059,0.0,0.0,0.09833798351939722,0.0,1.0,2.9430308057352716,4.844518876066675,5.104840782623876,5.104840782623876,5.58124100001793,5.58124100001793,0.0
hsc_shared_trend,25,clean,1.0,5.791167925299059,1.0,2.9430308057352716,0.09833798351939722,0.0,1.0,2.9430308057352716,4.844518876066675,5.104840782623876,4.815429067752403,5.58124100001793,5.58124100001793,0.0
hsc_shared_trend,25,clean,1.0,5.791167925299059,2.0,5.886061611470543,0.09833798351939722,0.0,1.0,2.9430308057352716,4.844518876066675,5.104840782623876,4.526017352880929,5.58124100001793,5.58124100001793,0.0
hsc_shared_trend,25,clean,3.0,17.373503775897177,0.0,0.0,0.09833798351939722,0.0,1.0,2.9430308057352716,4.844518876066675,16.687176633221995,16.687176633221995,17.163576850616046,17.16357685061605,0.0
hsc_shared_trend,25,clean,3.0,17.373503775897177,1.0,2.9430308057352716,0.09833798351939722,0.0,1.0,2.9430308057352716,4.844518876066675,16.687176633221995,16.39776491835052,17.163576850616046,17.16357685061605,0.0
hsc_shared_trend,25,clean,3.0,17.373503775897177,2.0,5.886061611470543,0.09833798351939722,0.0,1.0,2.9430308057352716,4.844518876066675,16.687176633221995,16.108353203479048,17.163576850616046,17.16357685061605,0.0
hsc_shared_trend,25,inclusive,0.0,0.0,0.0,0.0,0.09833798351939722,0.0,1.0,2.943030488783065,4.84451569805659,-0.6863271426751838,-0.6863271426751838,-0.20992723780023398,-0.20992723780023373,0.0
hsc_shared_trend,25,inclusive,0.0,0.0,1.0,2.943030488783065,0.09833798351939722,0.0,1.0,2.943030488783065,4.84451569805659,-0.6863271426751838,-0.9757388263782165,-0.20992723780023398,-0.20992723780023378,0.0
hsc_shared_trend,25,inclusive,0.0,0.0,2.0,5.88606097756613,0.09833798351939722,0.0,1.0,2.943030488783065,4.84451569805659,-0.6863271426751838,-1.265150510081249,-0.20992723780023398,-0.20992723780023392,0.0
hsc_shared_trend,25,inclusive,1.0,5.791167925299059,0.0,0.0,0.09833798351939722,0.0,1.0,2.943030488783065,4.84451569805659,5.104840782623876,5.104840782623876,5.581240687498826,5.581240687498826,0.0
hsc_shared_trend,25,inclusive,1.0,5.791167925299059,1.0,2.943030488783065,0.09833798351939722,0.0,1.0,2.943030488783065,4.84451569805659,5.104840782623876,4.815429098920843,5.581240687498826,5.581240687498826,0.0
hsc_shared_trend,25,inclusive,1.0,5.791167925299059,2.0,5.88606097756613,0.09833798351939722,0.0,1.0,2.943030488783065,4.84451569805659,5.104840782623876,4.526017415217811,5.581240687498826,5.581240687498826,0.0
hsc_shared_trend,25,inclusive,3.0,17.373503775897177,0.0,0.0,0.09833798351939722,0.0,1.0,2.943030488783065,4.84451569805659,16.687176633221995,16.687176633221995,17.16357653809694,17.163576538096944,0.0
hsc_shared_trend,25,inclusive,3.0,17.373503775897177,1.0,2.943030488783065,0.09833798351939722,0.0,1.0,2.943030488783065,4.84451569805659,16.687176633221995,16.39776494951896,17.16357653809694,17.163576538096944,0.0
hsc_shared_trend,25,inclusive,3.0,17.373503775897177,2.0,5.88606097756613,0.09833798351939722,0.0,1.0,2.943030488783065,4.84451569805659,16.687176633221995,16.10835326581593,17.16357653809694,17.163576538096944,0.0
hsc_shared_trend,26,clean,0.0,0.0,0.0,0.0,0.1028311518725291,0.0,1.0,19.562292272092108,-30.788870073107297,-0.8329425613700774,-0.8329425613700774,-3.998997535841339,-3.99899753584134,0.0
hsc_shared_trend,26,clean,0.0,0.0,1.0,19.562292272092108,0.1028311518725291,0.0,1.0,19.562292272092108,-30.788870073107297,-0.8329425613700774,-2.8445556089763833,-3.998997535841339,-3.9989975358413394,0.0
hsc_shared_trend,26,clean,0.0,0.0,2.0,39.124584544184216,0.1028311518725291,0.0,1.0,19.562292272092108,-30.788870073107297,-0.8329425613700774,-4.856168656582691,-3.998997535841339,-3.9989975358413408,0.0
hsc_shared_trend,26,clean,1.0,6.952595494930279,0.0,0.0,0.1028311518725291,0.0,1.0,19.562292272092108,-30.788870073107297,6.119652933560201,6.119652933560201,2.9535979590889396,2.9535979590889383,0.0
hsc_shared_trend,26,clean,1.0,6.952595494930279,1.0,19.562292272092108,0.1028311518725291,0.0,1.0,19.562292272092108,-30.788870073107297,6.119652933560201,4.108039885953896,2.9535979590889396,2.9535979590889396,0.0
hsc_shared_trend,26,clean,1.0,6.952595494930279,2.0,39.124584544184216,0.1028311518725291,0.0,1.0,19.562292272092108,-30.788870073107297,6.119652933560201,2.0964268383475884,2.9535979590889396,2.9535979590889383,0.0
hsc_shared_trend,26,clean,3.0,20.857786484790836,0.0,0.0,0.1028311518725291,0.0,1.0,19.562292272092108,-30.788870073107297,20.024843923420757,20.024843923420757,16.858788948949496,16.858788948949496,0.0
hsc_shared_trend,26,clean,3.0,20.857786484790836,1.0,19.562292272092108,0.1028311518725291,0.0,1.0,19.562292272092108,-30.788870073107297,20.024843923420757,18.013230875814454,16.858788948949496,16.8587889489495,0.0
hsc_shared_trend,26,clean,3.0,20.857786484790836,2.0,39.124584544184216,0.1028311518725291,0.0,1.0,19.562292272092108,-30.788870073107297,20.024843923420757,16.001617828208147,16.858788948949496,16.858788948949496,0.0
hsc_shared_trend,26,inclusive,0.0,0.0,0.0,0.0,0.1028311518725291,0.0,1.0,19.562292272092108,-30.788870073107297,-0.8329425613700774,-0.8329425613700774,-3.998997535841339,-3.99899753584134,0.0
hsc_shared_trend,26,inclusive,0.0,0.0,1.0,19.562292272092108,0.1028311518725291,0.0,1.0,19.562292272092108,-30.788870073107297,-0.8329425613700774,-2.8445556089763833,-3.998997535841339,-3.9989975358413394,0.0
hsc_shared_trend,26,inclusive,0.0,0.0,2.0,39.124584544184216,0.1028311518725291,0.0,1.0,19.562292272092108,-30.788870073107297,-0.8329425613700774,-4.856168656582691,-3.998997535841339,-3.9989975358413408,0.0
hsc_shared_trend,26,inclusive,1.0,6.952595494930279,0.0,0.0,0.1028311518725291,0.0,1.0,19.562292272092108,-30.788870073107297,6.119652933560201,6.119652933560201,2.9535979590889396,2.9535979590889383,0.0
hsc_shared_trend,26,inclusive,1.0,6.952595494930279,1.0,19.562292272092108,0.1028311518725291,0.0,1.0,19.562292272092108,-30.788870073107297,6.119652933560201,4.108039885953896,2.9535979590889396,2.9535979590889396,0.0
hsc_shared_trend,26,inclusive,1.0,6.952595494930279,2.0,39.124584544184216,0.1028311518725291,0.0,1.0,19.562292272092108,-30.788870073107297,6.119652933560201,2.0964268383475884,2.9535979590889396,2.9535979590889383,0.0
hsc_shared_trend,26,inclusive,3.0,20.857786484790836,0.0,0.0,0.1028311518725291,0.0,1.0,19.562292272092108,-30.788870073107297,20.024843923420757,20.024843923420757,16.858788948949496,16.858788948949496,0.0
hsc_shared_trend,26,inclusive,3.0,20.857786484790836,1.0,19.562292272092108,0.1028311518725291,0.0,1.0,19.562292272092108,-30.788870073107297,20.024843923420757,18.013230875814454,16.858788948949496,16.8587889489495,0.0
hsc_shared_trend,26,inclusive,3.0,20.857786484790836,2.0,39.124584544184216,0.1028311518725291,0.0,1.0,19.562292272092108,-30.788870073107297,20.024843923420757,16.001617828208147,16.858788948949496,16.858788948949496,0.0
hsc_shared_trend,27,clean,0.0,0.0,0.0,0.0,0.09955222781154469,0.0,1.0,0.19787417650685632,-1.2746770546473258,0.03951590474975362,0.03951590474975362,-0.08738103578064624,-0.08738103578064575,0.0
hsc_shared_trend,27,clean,0.0,0.0,1.0,0.19787417650685632,0.09955222781154469,0.0,1.0,0.19787417650685632,-1.2746770546473258,0.03951590474975362,0.019817089652120857,-0.08738103578064624,-0.08738103578064615,0.0
hsc_shared_trend,27,clean,0.0,0.0,2.0,0.39574835301371264,0.09955222781154469,0.0,1.0,0.19787417650685632,-1.2746770546473258,0.03951590474975362,0.00011827455448809587,-0.08738103578064624,-0.08738103578064664,0.0
hsc_shared_trend,27,clean,1.0,6.371795559360361,0.0,0.0,0.09955222781154469,0.0,1.0,0.19787417650685632,-1.2746770546473258,6.411311464110113,6.411311464110113,6.284414523579715,6.284414523579714,0.0
hsc_shared_trend,27,clean,1.0,6.371795559360361,1.0,0.19787417650685632,0.09955222781154469,0.0,1.0,0.19787417650685632,-1.2746770546473258,6.411311464110113,6.391612649012482,6.284414523579715,6.2844145235797155,0.0
hsc_shared_trend,27,clean,1.0,6.371795559360361,2.0,0.39574835301371264,0.09955222781154469,0.0,1.0,0.19787417650685632,-1.2746770546473258,6.411311464110113,6.371913833914849,6.284414523579715,6.284414523579715,0.0
hsc_shared_trend,27,clean,3.0,19.115386678081084,0.0,0.0,0.09955222781154469,0.0,1.0,0.19787417650685632,-1.2746770546473258,19.154902582830836,19.154902582830836,19.028005642300435,19.028005642300435,0.0
hsc_shared_trend,27,clean,3.0,19.115386678081084,1.0,0.19787417650685632,0.09955222781154469,0.0,1.0,0.19787417650685632,-1.2746770546473258,19.154902582830836,19.135203767733202,19.028005642300435,19.028005642300435,0.0
hsc_shared_trend,27,clean,3.0,19.115386678081084,2.0,0.39574835301371264,0.09955222781154469,0.0,1.0,0.19787417650685632,-1.2746770546473258,19.154902582830836,19.11550495263557,19.028005642300435,19.028005642300432,0.0
hsc_shared_trend,27,inclusive,0.0,0.0,0.0,0.0,0.09955222781154469,0.16219828954460075,0.983852798928613,0.2624227955997169,-1.3733196903954006,0.03951590474975362,0.03951590474975362,-0.09720112992656986,-0.09879641551298986,0.0
hsc_shared_trend,27,inclusive,0.0,0.0,1.0,0.2624227955997169,0.09955222781154469,0.16219828954460075,0.983852798928613,0.2624227955997169,-1.3733196903954006,0.03951590474975362,0.01339113081926797,-0.09720112992656986,-0.09879641551299004,0.0
hsc_shared_trend,27,inclusive,0.0,0.0,2.0,0.5248455911994337,0.09955222781154469,0.16219828954460075,0.983852798928613,0.2624227955997169,-1.3733196903954006,0.03951590474975362,-0.012733643111218385,-0.09720112992656986,-0.09879641551299104,0.0
hsc_shared_trend,27,inclusive,1.0,6.371795559360361,0.0,0.0,0.09955222781154469,0.16219828954460075,0.983852798928613,0.2624227955997169,-2.4068140314515336,6.411311464110113,6.411311464110113,6.171707765351028,6.27299914384737,0.10288666408276242
hsc_shared_trend,27,inclusive,1.0,6.371795559360361,1.0,0.2624227955997169,0.09955222781154469,0.16219828954460075,0.983852798928613,0.2624227955997169,-2.4068140314515336,6.411311464110113,6.38518669017963,6.171707765351028,6.272999143847372,0.10288666408276242
hsc_shared_trend,27,inclusive,1.0,6.371795559360361,2.0,0.5248455911994337,0.09955222781154469,0.16219828954460075,0.983852798928613,0.2624227955997169,-2.4068140314515336,6.411311464110113,6.359061916249143,6.171707765351028,6.27299914384737,0.10288666408276242
hsc_shared_trend,27,inclusive,3.0,19.115386678081084,0.0,0.0,0.09955222781154469,0.16219828954460075,0.983852798928613,0.2624227955997169,-4.4738027135638,19.154902582830836,19.154902582830836,18.70952555590622,19.01659026256809,0.3086599922482873
hsc_shared_trend,27,inclusive,3.0,19.115386678081084,1.0,0.2624227955997169,0.09955222781154469,0.16219828954460075,0.983852798928613,0.2624227955997169,-4.4738027135638,19.154902582830836,19.12877780890035,18.70952555590622,19.01659026256809,0.3086599922482873
hsc_shared_trend,27,inclusive,3.0,19.115386678081084,2.0,0.5248455911994337,0.09955222781154469,0.16219828954460075,0.983852798928613,0.2624227955997169,-4.4738027135638,19.154902582830836,19.102653034969865,18.70952555590622,19.016590262568094,0.3086599922482873
hsc_shared_trend,28,clean,0.0,0.0,0.0,0.0,0.12070369825507629,0.0,1.0,1.0176945334831429,1.3442423400406665,0.20519897704983006,0.20519897704983006,0.36745399884379637,0.3674539988437963,0.0
hsc_shared_trend,28,clean,0.0,0.0,1.0,1.0176945334831429,0.12070369825507629,0.0,1.0,1.0176945334831429,1.3442423400406665,0.20519897704983006,0.0823594831644396,0.36745399884379637,0.3674539988437959,0.0
hsc_shared_trend,28,clean,0.0,0.0,2.0,2.0353890669662857,0.12070369825507629,0.0,1.0,1.0176945334831429,1.3442423400406665,0.20519897704983006,-0.04048001072094927,0.36745399884379637,0.36745399884379676,0.0
hsc_shared_trend,28,clean,1.0,6.6550509648148815,0.0,0.0,0.12070369825507629,0.0,1.0,1.0176945334831429,1.3442423400406665,6.860249941864711,6.860249941864711,7.022504963658678,7.022504963658678,0.0
hsc_shared_trend,28,clean,1.0,6.6550509648148815,1.0,1.0176945334831429,0.12070369825507629,0.0,1.0,1.0176945334831429,1.3442423400406665,6.860249941864711,6.73741044797932,7.022504963658678,7.022504963658676,0.0
hsc_shared_trend,28,clean,1.0,6.6550509648148815,2.0,2.0353890669662857,0.12070369825507629,0.0,1.0,1.0176945334831429,1.3442423400406665,6.860249941864711,6.614570954093932,7.022504963658678,7.022504963658679,0.0
hsc_shared_trend,28,clean,3.0,19.965152894444643,0.0,0.0,0.12070369825507629,0.0,1.0,1.0176945334831429,1.3442423400406665,20.17035187149447,20.17035187149447,20.332606893288443,20.33260689328844,0.0
hsc_shared_trend,28,clean,3.0,19.965152894444643,1.0,1.0176945334831429,0.12070369825507629,0.0,1.0,1.0176945334831429,1.3442423400406665,20.17035187149447,20.047512377609088,20.332606893288443,20.332606893288446,0.0
hsc_shared_trend,28,clean,3.0,19.965152894444643,2.0,2.0353890669662857,0.12070369825507629,0.0,1.0,1.0176945334831429,1.3442423400406665,20.17035187149447,19.92467288372369,20.332606893288443,20.332606893288435,0.0
hsc_shared_trend,28,inclusive,0.0,0.0,0.0,0.0,0.12070369825507629,0.45469759857550507,0.9451163182642345,0.41315247107036523,1.2427324299457052,0.20519897704983006,0.20519897704983006,0.355201377285794,0.3758282133337237,0.0
hsc_shared_trend,28,inclusive,0.0,0.0,1.0,0.41315247107036523,0.12070369825507629,0.45469759857550507,0.9451163182642345,0.41315247107036523,1.2427324299457052,0.20519897704983006,0.1553299458484135,0.355201377285794,0.3758282133337236,0.0
hsc_shared_trend,28,inclusive,0.0,0.0,2.0,0.8263049421407305,0.12070369825507629,0.45469759857550507,0.9451163182642345,0.41315247107036523,1.2427324299457052,0.20519897704983006,0.10546091464699714,0.355201377285794,0.37582821333372374,0.0
hsc_shared_trend,28,inclusive,1.0,6.6550509648148815,0.0,0.0,0.12070369825507629,0.45469759857550507,0.9451163182642345,0.41315247107036523,-1.783303262153219,6.860249941864711,6.860249941864711,6.6449986430124754,7.030879178148605,0.36525369908819955
hsc_shared_trend,28,inclusive,1.0,6.6550509648148815,1.0,0.41315247107036523,0.12070369825507629,0.45469759857550507,0.9451163182642345,0.41315247107036523,-1.783303262153219,6.860249941864711,6.810380910663295,6.6449986430124754,7.030879178148606,0.36525369908819955
hsc_shared_trend,28,inclusive,1.0,6.6550509648148815,2.0,0.8263049421407305,0.12070369825507629,0.45469759857550507,0.9451163182642345,0.41315247107036523,-1.783303262153219,6.860249941864711,6.760511879461879,6.6449986430124754,7.030879178148605,0.36525369908819955
hsc_shared_trend,28,inclusive,3.0,19.965152894444643,0.0,0.0,0.12070369825507629,0.45469759857550507,0.9451163182642345,0.41315247107036523,-7.8353746463510685,20.17035187149447,20.17035187149447,19.22459317446584,20.340981107778365,1.0957610972645986
hsc_shared_trend,28,inclusive,3.0,19.965152894444643,1.0,0.41315247107036523,0.12070369825507629,0.45469759857550507,0.9451163182642345,0.41315247107036523,-7.8353746463510685,20.17035187149447,20.120482840293057,19.22459317446584,20.34098110777837,1.0957610972645986
hsc_shared_trend,28,inclusive,3.0,19.965152894444643,2.0,0.8263049421407305,0.12070369825507629,0.45469759857550507,0.9451163182642345,0.41315247107036523,-7.8353746463510685,20.17035187149447,20.07061380909164,19.22459317446584,20.340981107778365,1.0957610972645986
hsc_shared_trend,29,clean,0.0,0.0,0.0,0.0,0.10370695115156975,0.0,1.0,4.635969306211491,2.6912971312767358,-0.10629786957192575,-0.10629786957192575,0.17280835055575014,0.17280835055575047,0.0
hsc_shared_trend,29,clean,0.0,0.0,1.0,4.635969306211491,0.10370695115156975,0.0,1.0,4.635969306211491,2.6912971312767358,-0.10629786957192575,-0.587080111951378,0.17280835055575014,0.17280835055575003,0.0
hsc_shared_trend,29,clean,0.0,0.0,2.0,9.271938612422982,0.10370695115156975,0.0,1.0,4.635969306211491,2.6912971312767358,-0.10629786957192575,-1.0678623543308299,0.17280835055575014,0.17280835055574995,0.0
hsc_shared_trend,29,clean,1.0,7.779686807997486,0.0,0.0,0.10370695115156975,0.0,1.0,4.635969306211491,2.6912971312767358,7.673388938425559,7.673388938425559,7.952495158553235,7.952495158553235,0.0
hsc_shared_trend,29,clean,1.0,7.779686807997486,1.0,4.635969306211491,0.10370695115156975,0.0,1.0,4.635969306211491,2.6912971312767358,7.673388938425559,7.192606696046108,7.952495158553235,7.952495158553236,0.0
hsc_shared_trend,29,clean,1.0,7.779686807997486,2.0,9.271938612422982,0.10370695115156975,0.0,1.0,4.635969306211491,2.6912971312767358,7.673388938425559,6.711824453666655,7.952495158553235,7.952495158553235,0.0
hsc_shared_trend,29,clean,3.0,23.339060423992457,0.0,0.0,0.10370695115156975,0.0,1.0,4.635969306211491,2.6912971312767358,23.232762554420532,23.232762554420532,23.511868774548205,23.51186877454821,0.0
hsc_shared_trend,29,clean,3.0,23.339060423992457,1.0,4.635969306211491,0.10370695115156975,0.0,1.0,4.635969306211491,2.6912971312767358,23.232762554420532,22.751980312041077,23.511868774548205,23.511868774548205,0.0
hsc_shared_trend,29,clean,3.0,23.339060423992457,2.0,9.271938612422982,0.10370695115156975,0.0,1.0,4.635969306211491,2.6912971312767358,23.232762554420532,22.27119806966163,23.511868774548205,23.51186877454821,0.0
hsc_shared_trend,29,inclusive,0.0,0.0,0.0,0.0,0.10370695115156975,0.0,1.0,4.635969306211491,2.6912971312767358,-0.10629786957192575,-0.10629786957192575,0.17280835055575014,0.17280835055575047,0.0
hsc_shared_trend,29,inclusive,0.0,0.0,1.0,4.635969306211491,0.10370695115156975,0.0,1.0,4.635969306211491,2.6912971312767358,-0.10629786957192575,-0.587080111951378,0.17280835055575014,0.17280835055575003,0.0
hsc_shared_trend,29,inclusive,0.0,0.0,2.0,9.271938612422982,0.10370695115156975,0.0,1.0,4.635969306211491,2.6912971312767358,-0.10629786957192575,-1.0678623543308299,0.17280835055575014,0.17280835055574995,0.0
hsc_shared_trend,29,inclusive,1.0,7.779686807997486,0.0,0.0,0.10370695115156975,0.0,1.0,4.635969306211491,2.6912971312767358,7.673388938425559,7.673388938425559,7.952495158553235,7.952495158553235,0.0
hsc_shared_trend,29,inclusive,1.0,7.779686807997486,1.0,4.635969306211491,0.10370695115156975,0.0,1.0,4.635969306211491,2.6912971312767358,7.673388938425559,7.192606696046108,7.952495158553235,7.952495158553236,0.0
hsc_shared_trend,29,inclusive,1.0,7.779686807997486,2.0,9.271938612422982,0.10370695115156975,0.0,1.0,4.635969306211491,2.6912971312767358,7.673388938425559,6.711824453666655,7.952495158553235,7.952495158553235,0.0
hsc_shared_trend,29,inclusive,3.0,23.339060423992457,0.0,0.0,0.10370695115156975,0.0,1.0,4.635969306211491,2.6912971312767358,23.232762554420532,23.232762554420532,23.511868774548205,23.51186877454821,0.0
hsc_shared_trend,29,inclusive,3.0,23.339060423992457,1.0,4.635969306211491,0.10370695115156975,0.0,1.0,4.635969306211491,2.6912971312767358,23.232762554420532,22.751980312041077,23.511868774548205,23.511868774548205,0.0
hsc_shared_trend,29,inclusive,3.0,23.339060423992457,2.0,9.271938612422982,0.10370695115156975,0.0,1.0,4.635969306211491,2.6912971312767358,23.232762554420532,22.27119806966163,23.511868774548205,23.51186877454821,0.0
hsc_shared_trend,30,clean,0.0,0.0,0.0,0.0,0.12380542657960283,0.0,1.0,0.6694795173704772,-0.28253472925749656,0.28180095007636224,0.28180095007636224,0.24682161739708555,0.2468216173970853,0.0
hsc_shared_trend,30,clean,0.0,0.0,1.0,0.6694795173704772,0.12380542657960283,0.0,1.0,0.6694795173704772,-0.28253472925749656,0.28180095007636224,0.198915752842003,0.24682161739708555,0.2468216173970845,0.0
hsc_shared_trend,30,clean,0.0,0.0,2.0,1.3389590347409543,0.12380542657960283,0.0,1.0,0.6694795173704772,-0.28253472925749656,0.28180095007636224,0.11603055560764446,0.24682161739708555,0.24682161739708477,0.0
hsc_shared_trend,30,clean,1.0,5.091888343177923,0.0,0.0,0.12380542657960283,0.0,1.0,0.6694795173704772,-0.28253472925749656,5.373689293254284,5.373689293254284,5.338709960575006,5.338709960575007,0.0
hsc_shared_trend,30,clean,1.0,5.091888343177923,1.0,0.6694795173704772,0.12380542657960283,0.0,1.0,0.6694795173704772,-0.28253472925749656,5.373689293254284,5.290804096019924,5.338709960575006,5.338709960575006,0.0
hsc_shared_trend,30,clean,1.0,5.091888343177923,2.0,1.3389590347409543,0.12380542657960283,0.0,1.0,0.6694795173704772,-0.28253472925749656,5.373689293254284,5.207918898785566,5.338709960575006,5.338709960575007,0.0
hsc_shared_trend,30,clean,3.0,15.27566502953377,0.0,0.0,0.12380542657960283,0.0,1.0,0.6694795173704772,-0.28253472925749656,15.557465979610132,15.557465979610132,15.522486646930853,15.522486646930854,0.0
hsc_shared_trend,30,clean,3.0,15.27566502953377,1.0,0.6694795173704772,0.12380542657960283,0.0,1.0,0.6694795173704772,-0.28253472925749656,15.557465979610132,15.474580782375773,15.522486646930853,15.522486646930854,0.0
hsc_shared_trend,30,clean,3.0,15.27566502953377,2.0,1.3389590347409543,0.12380542657960283,0.0,1.0,0.6694795173704772,-0.28253472925749656,15.557465979610132,15.391695585141411,15.522486646930853,15.522486646930851,0.0
hsc_shared_trend,30,inclusive,0.0,0.0,0.0,0.0,0.12380542657960283,0.18480582937415135,0.9771200354599359,0.483011295840492,-0.2850687157287298,0.28180095007636224,0.28180095007636224,0.24650789612106722,0.25228005482973714,0.0
hsc_shared_trend,30,inclusive,0.0,0.0,1.0,0.483011295840492,0.12380542657960283,0.18480582937415135,0.9771200354599359,0.483011295840492,-0.2850687157287298,0.28180095007636224,0.2220015305520633,0.24650789612106722,0.2522800548297369,0.0
hsc_shared_trend,30,inclusive,0.0,0.0,2.0,0.966022591680984,0.12380542657960283,0.18480582937415135,0.9771200354599359,0.483011295840492,-0.2850687157287298,0.28180095007636224,0.16220211102776397,0.24650789612106722,0.25228005482973676,0.0
hsc_shared_trend,30,inclusive,1.0,5.091888343177923,0.0,0.0,0.12380542657960283,0.18480582937415135,0.9771200354599359,0.483011295840492,-1.2260793640703,5.373689293254284,5.373689293254284,5.221894014565111,5.344168398007659,0.11650222473387664
hsc_shared_trend,30,inclusive,1.0,5.091888343177923,1.0,0.483011295840492,0.12380542657960283,0.18480582937415135,0.9771200354599359,0.483011295840492,-1.2260793640703,5.373689293254284,5.313889873729984,5.221894014565111,5.344168398007658,0.11650222473387664
hsc_shared_trend,30,inclusive,1.0,5.091888343177923,2.0,0.966022591680984,0.12380542657960283,0.18480582937415135,0.9771200354599359,0.483011295840492,-1.2260793640703,5.373689293254284,5.254090454205685,5.221894014565111,5.344168398007658,0.11650222473387664
hsc_shared_trend,30,inclusive,3.0,15.27566502953377,0.0,0.0,0.12380542657960283,0.18480582937415135,0.9771200354599359,0.483011295840492,-3.1081006607534385,15.557465979610132,15.557465979610132,15.172666251453204,15.527945084363507,0.3495066742016299
hsc_shared_trend,30,inclusive,3.0,15.27566502953377,1.0,0.483011295840492,0.12380542657960283,0.18480582937415135,0.9771200354599359,0.483011295840492,-3.1081006607534385,15.557465979610132,15.497666560085833,15.172666251453204,15.527945084363505,0.3495066742016299
hsc_shared_trend,30,inclusive,3.0,15.27566502953377,2.0,0.966022591680984,0.12380542657960283,0.18480582937415135,0.9771200354599359,0.483011295840492,-3.1081006607534385,15.557465979610132,15.437867140561533,15.172666251453204,15.527945084363505,0.3495066742016299
hsc_shared_trend,31,clean,0.0,0.0,0.0,0.0,0.0959945598264527,0.0,1.0,2.087316651210144,3.582964352553648,0.545287959128381,0.545287959128381,0.8892330450256389,0.8892330450256396,0.0
hsc_shared_trend,31,clean,0.0,0.0,1.0,2.087316651210144,0.0959945598264527,0.0,1.0,2.087316651210144,3.582964352553648,0.545287959128381,0.3449169159770376,0.8892330450256389,0.8892330450256393,0.0
hsc_shared_trend,31,clean,0.0,0.0,2.0,4.174633302420288,0.0959945598264527,0.0,1.0,2.087316651210144,3.582964352553648,0.545287959128381,0.1445458728256944,0.8892330450256389,0.8892330450256392,0.0
hsc_shared_trend,31,clean,1.0,6.439209813897834,0.0,0.0,0.0959945598264527,0.0,1.0,2.087316651210144,3.582964352553648,6.984497773026215,6.984497773026215,7.328442858923474,7.328442858923474,0.0
hsc_shared_trend,31,clean,1.0,6.439209813897834,1.0,2.087316651210144,0.0959945598264527,0.0,1.0,2.087316651210144,3.582964352553648,6.984497773026215,6.78412672987487,7.328442858923474,7.328442858923472,0.0
hsc_shared_trend,31,clean,1.0,6.439209813897834,2.0,4.174633302420288,0.0959945598264527,0.0,1.0,2.087316651210144,3.582964352553648,6.984497773026215,6.58375568672353,7.328442858923474,7.3284428589234745,0.0
hsc_shared_trend,31,clean,3.0,19.317629441693505,0.0,0.0,0.0959945598264527,0.0,1.0,2.087316651210144,3.582964352553648,19.862917400821885,19.862917400821885,20.206862486719146,20.206862486719142,0.0
hsc_shared_trend,31,clean,3.0,19.317629441693505,1.0,2.087316651210144,0.0959945598264527,0.0,1.0,2.087316651210144,3.582964352553648,19.862917400821885,19.662546357670543,20.206862486719146,20.206862486719146,0.0
hsc_shared_trend,31,clean,3.0,19.317629441693505,2.0,4.174633302420288,0.0959945598264527,0.0,1.0,2.087316651210144,3.582964352553648,19.862917400821885,19.4621753145192,20.206862486719146,20.206862486719146,0.0
hsc_shared_trend,31,inclusive,0.0,0.0,0.0,0.0,0.0959945598264527,0.0,1.0,2.087773471738685,3.588657338806867,0.545287959128381,0.545287959128381,0.889779540735115,0.8897795407351153,0.0
hsc_shared_trend,31,inclusive,0.0,0.0,1.0,2.087773471738685,0.0959945598264527,0.0,1.0,2.087773471738685,3.588657338806867,0.545287959128381,0.34487306369148074,0.889779540735115,0.8897795407351152,0.0
hsc_shared_trend,31,inclusive,0.0,0.0,2.0,4.17554694347737,0.0959945598264527,0.0,1.0,2.087773471738685,3.588657338806867,0.545287959128381,0.1444581682545807,0.889779540735115,0.8897795407351152,0.0
hsc_shared_trend,31,inclusive,1.0,6.439209813897834,0.0,0.0,0.0959945598264527,0.0,1.0,2.087773471738685,3.588657338806867,6.984497773026215,6.984497773026215,7.32898935463295,7.328989354632949,0.0
hsc_shared_trend,31,inclusive,1.0,6.439209813897834,1.0,2.087773471738685,0.0959945598264527,0.0,1.0,2.087773471738685,3.588657338806867,6.984497773026215,6.784082877589315,7.32898935463295,7.328989354632949,0.0
hsc_shared_trend,31,inclusive,1.0,6.439209813897834,2.0,4.17554694347737,0.0959945598264527,0.0,1.0,2.087773471738685,3.588657338806867,6.984497773026215,6.583667982152415,7.32898935463295,7.328989354632949,0.0
hsc_shared_trend,31,inclusive,3.0,19.317629441693505,0.0,0.0,0.0959945598264527,0.0,1.0,2.087773471738685,3.588657338806867,19.862917400821885,19.862917400821885,20.207408982428618,20.20740898242862,0.0
hsc_shared_trend,31,inclusive,3.0,19.317629441693505,1.0,2.087773471738685,0.0959945598264527,0.0,1.0,2.087773471738685,3.588657338806867,19.862917400821885,19.662502505384985,20.207408982428618,20.20740898242862,0.0
hsc_shared_trend,31,inclusive,3.0,19.317629441693505,2.0,4.17554694347737,0.0959945598264527,0.0,1.0,2.087773471738685,3.588657338806867,19.862917400821885,19.462087609948085,20.207408982428618,20.20740898242862,0.0
hsc_shared_trend,32,clean,0.0,0.0,0.0,0.0,0.10583644658151514,0.0,1.0,4.453241796107369,11.64170833784539,0.7618225800974866,0.7618225800974866,1.9939396227134374,1.9939396227134396,0.0
hsc_shared_trend,32,clean,0.0,0.0,1.0,4.453241796107369,0.10583644658151514,0.0,1.0,4.453241796107369,11.64170833784539,0.7618225800974866,0.2905072926291975,1.9939396227134374,1.9939396227134385,0.0
hsc_shared_trend,32,clean,0.0,0.0,2.0,8.906483592214737,0.10583644658151514,0.0,1.0,4.453241796107369,11.64170833784539,0.7618225800974866,-0.18080799483909188,1.9939396227134374,1.993939622713437,0.0
hsc_shared_trend,32,clean,1.0,6.748884818683565,0.0,0.0,0.10583644658151514,0.0,1.0,4.453241796107369,11.64170833784539,7.510707398781051,7.510707398781051,8.742824441397001,8.742824441397003,0.0
hsc_shared_trend,32,clean,1.0,6.748884818683565,1.0,4.453241796107369,0.10583644658151514,0.0,1.0,4.453241796107369,11.64170833784539,7.510707398781051,7.039392111312762,8.742824441397001,8.742824441397003,0.0
hsc_shared_trend,32,clean,1.0,6.748884818683565,2.0,8.906483592214737,0.10583644658151514,0.0,1.0,4.453241796107369,11.64170833784539,7.510707398781051,6.568076823844473,8.742824441397001,8.742824441397001,0.0
hsc_shared_trend,32,clean,3.0,20.246654456050695,0.0,0.0,0.10583644658151514,0.0,1.0,4.453241796107369,11.64170833784539,21.00847703614818,21.00847703614818,22.240594078764133,22.240594078764133,0.0
hsc_shared_trend,32,clean,3.0,20.246654456050695,1.0,4.453241796107369,0.10583644658151514,0.0,1.0,4.453241796107369,11.64170833784539,21.00847703614818,20.537161748679896,22.240594078764133,22.240594078764136,0.0
hsc_shared_trend,32,clean,3.0,20.246654456050695,2.0,8.906483592214737,0.10583644658151514,0.0,1.0,4.453241796107369,11.64170833784539,21.00847703614818,20.0658464612116,22.240594078764133,22.24059407876413,0.0
hsc_shared_trend,32,inclusive,0.0,0.0,0.0,0.0,0.10583644658151514,0.0,1.0,4.453237658743338,11.64170435862442,0.7618225800974866,0.7618225800974866,1.9939392015668305,1.993939201566832,0.0
hsc_shared_trend,32,inclusive,0.0,0.0,1.0,4.453237658743338,0.10583644658151514,0.0,1.0,4.453237658743338,11.64170435862442,0.7618225800974866,0.2905077305131041,1.9939392015668305,1.9939392015668302,0.0
hsc_shared_trend,32,inclusive,0.0,0.0,2.0,8.906475317486676,0.10583644658151514,0.0,1.0,4.453237658743338,11.64170435862442,0.7618225800974866,-0.18080711907127558,1.9939392015668305,1.9939392015668316,0.0
hsc_shared_trend,32,inclusive,1.0,6.748884818683565,0.0,0.0,0.10583644658151514,0.0,1.0,4.453237658743338,11.64170435862442,7.510707398781051,7.510707398781051,8.742824020250396,8.742824020250396,0.0
hsc_shared_trend,32,inclusive,1.0,6.748884818683565,1.0,4.453237658743338,0.10583644658151514,0.0,1.0,4.453237658743338,11.64170435862442,7.510707398781051,7.03939254919667,8.742824020250396,8.742824020250396,0.0
hsc_shared_trend,32,inclusive,1.0,6.748884818683565,2.0,8.906475317486676,0.10583644658151514,0.0,1.0,4.453237658743338,11.64170435862442,7.510707398781051,6.568077699612289,8.742824020250396,8.742824020250396,0.0
hsc_shared_trend,32,inclusive,3.0,20.246654456050695,0.0,0.0,0.10583644658151514,0.0,1.0,4.453237658743338,11.64170435862442,21.00847703614818,21.00847703614818,22.240593657617524,22.240593657617524,0.0
hsc_shared_trend,32,inclusive,3.0,20.246654456050695,1.0,4.453237658743338,0.10583644658151514,0.0,1.0,4.453237658743338,11.64170435862442,21.00847703614818,20.5371621865638,22.240593657617524,22.240593657617527,0.0
hsc_shared_trend,32,inclusive,3.0,20.246654456050695,2.0,8.906475317486676,0.10583644658151514,0.0,1.0,4.453237658743338,11.64170435862442,21.00847703614818,20.06584733697942,22.240593657617524,22.240593657617527,0.0
hsc_shared_trend,33,clean,0.0,0.0,0.0,0.0,0.09835342617871458,0.0,1.0,1.1587245155319892,0.8270383003557884,0.5450644167058896,0.5450644167058896,0.6264064671269021,0.6264064671269022,0.0
hsc_shared_trend,33,clean,0.0,0.0,1.0,1.1587245155319892,0.09835342617871458,0.0,1.0,1.1587245155319892,0.8270383003557884,0.5450644167058896,0.4310998906060468,0.6264064671269021,0.6264064671269017,0.0
hsc_shared_trend,33,clean,0.0,0.0,2.0,2.3174490310639784,0.09835342617871458,0.0,1.0,1.1587245155319892,0.8270383003557884,0.5450644167058896,0.31713536450620455,0.6264064671269021,0.6264064671269018,0.0
hsc_shared_trend,33,clean,1.0,8.181885125926243,0.0,0.0,0.09835342617871458,0.0,1.0,1.1587245155319892,0.8270383003557884,8.72694954263213,8.72694954263213,8.808291593053143,8.808291593053143,0.0
hsc_shared_trend,33,clean,1.0,8.181885125926243,1.0,1.1587245155319892,0.09835342617871458,0.0,1.0,1.1587245155319892,0.8270383003557884,8.72694954263213,8.612985016532289,8.808291593053143,8.808291593053143,0.0
hsc_shared_trend,33,clean,1.0,8.181885125926243,2.0,2.3174490310639784,0.09835342617871458,0.0,1.0,1.1587245155319892,0.8270383003557884,8.72694954263213,8.499020490432446,8.808291593053143,8.808291593053143,0.0
hsc_shared_trend,33,clean,3.0,24.54565537777873,0.0,0.0,0.09835342617871458,0.0,1.0,1.1587245155319892,0.8270383003557884,25.09071979448462,25.09071979448462,25.17206184490563,25.172061844905635,0.0
hsc_shared_trend,33,clean,3.0,24.54565537777873,1.0,1.1587245155319892,0.09835342617871458,0.0,1.0,1.1587245155319892,0.8270383003557884,25.09071979448462,24.97675526838477,25.17206184490563,25.172061844905627,0.0
hsc_shared_trend,33,clean,3.0,24.54565537777873,2.0,2.3174490310639784,0.09835342617871458,0.0,1.0,1.1587245155319892,0.8270383003557884,25.09071979448462,24.862790742284933,25.17206184490563,25.17206184490563,0.0
hsc_shared_trend,33,inclusive,0.0,0.0,0.0,0.0,0.09835342617871458,0.6903104310940121,0.9321056039749984,1.0665509733871303,0.6533733702298813,0.5450644167058896,0.5450644167058896,0.6093259262419318,0.6537091115464164,0.0
hsc_shared_trend,33,inclusive,0.0,0.0,1.0,1.0665509733871303,0.09835342617871458,0.6903104310940121,0.9321056039749984,1.0665509733871303,0.6533733702298813,0.5450644167058896,0.4401654742790219,0.6093259262419318,0.6537091115464161,0.0
hsc_shared_trend,33,inclusive,0.0,0.0,2.0,2.1331019467742607,0.09835342617871458,0.6903104310940121,0.9321056039749984,1.0665509733871303,0.6533733702298813,0.5450644167058896,0.3352665318521549,0.6093259262419318,0.6537091115464163,0.0
hsc_shared_trend,33,inclusive,1.0,8.181885125926243,0.0,0.0,0.09835342617871458,0.6903104310940121,0.9321056039749984,1.0665509733871303,-4.994667278209949,8.72694954263213,8.72694954263213,8.23570690319747,8.835594237472657,0.5555041489707061
hsc_shared_trend,33,inclusive,1.0,8.181885125926243,1.0,1.0665509733871303,0.09835342617871458,0.6903104310940121,0.9321056039749984,1.0665509733871303,-4.994667278209949,8.72694954263213,8.622050600205265,8.23570690319747,8.835594237472659,0.5555041489707061
hsc_shared_trend,33,inclusive,1.0,8.181885125926243,2.0,2.1331019467742607,0.09835342617871458,0.6903104310940121,0.9321056039749984,1.0665509733871303,-4.994667278209949,8.72694954263213,8.517151657778399,8.23570690319747,8.83559423747266,0.5555041489707061
hsc_shared_trend,33,inclusive,3.0,24.54565537777873,0.0,0.0,0.09835342617871458,0.6903104310940121,0.9321056039749984,1.0665509733871303,-16.290748575089612,25.09071979448462,25.09071979448462,23.48846885710854,25.19936448932515,1.6665124469121184
hsc_shared_trend,33,inclusive,3.0,24.54565537777873,1.0,1.0665509733871303,0.09835342617871458,0.6903104310940121,0.9321056039749984,1.0665509733871303,-16.290748575089612,25.09071979448462,24.985820852057753,23.48846885710854,25.19936448932515,1.6665124469121184
hsc_shared_trend,33,inclusive,3.0,24.54565537777873,2.0,2.1331019467742607,0.09835342617871458,0.6903104310940121,0.9321056039749984,1.0665509733871303,-16.290748575089612,25.09071979448462,24.88092190963088,23.48846885710854,25.19936448932514,1.6665124469121184
hsc_shared_trend,34,clean,0.0,0.0,0.0,0.0,0.12380758711312678,0.0,1.0,0.2992898426516348,-0.8897575211753672,0.013233704112838219,0.013233704112838219,-0.09692502769964033,-0.0969250276996408,0.0
hsc_shared_trend,34,clean,0.0,0.0,1.0,0.2992898426516348,0.12380758711312678,0.0,1.0,0.2992898426516348,-0.8897575211753672,0.013233704112838219,-0.023820649153327978,-0.09692502769964033,-0.09692502769964065,0.0
hsc_shared_trend,34,clean,0.0,0.0,2.0,0.5985796853032695,0.12380758711312678,0.0,1.0,0.2992898426516348,-0.8897575211753672,0.013233704112838219,-0.06087500241949399,-0.09692502769964033,-0.09692502769964045,0.0
hsc_shared_trend,34,clean,1.0,10.976076916493517,0.0,0.0,0.12380758711312678,0.0,1.0,0.2992898426516348,-0.8897575211753672,10.989310620606355,10.989310620606355,10.879151888793874,10.879151888793876,0.0
hsc_shared_trend,34,clean,1.0,10.976076916493517,1.0,0.2992898426516348,0.12380758711312678,0.0,1.0,0.2992898426516348,-0.8897575211753672,10.989310620606355,10.952256267340186,10.879151888793874,10.879151888793873,0.0
hsc_shared_trend,34,clean,1.0,10.976076916493517,2.0,0.5985796853032695,0.12380758711312678,0.0,1.0,0.2992898426516348,-0.8897575211753672,10.989310620606355,10.915201914074022,10.879151888793874,10.879151888793874,0.0
hsc_shared_trend,34,clean,3.0,32.92823074948055,0.0,0.0,0.12380758711312678,0.0,1.0,0.2992898426516348,-0.8897575211753672,32.94146445359338,32.94146445359338,32.8313057217809,32.83130572178091,0.0
hsc_shared_trend,34,clean,3.0,32.92823074948055,1.0,0.2992898426516348,0.12380758711312678,0.0,1.0,0.2992898426516348,-0.8897575211753672,32.94146445359338,32.90441010032721,32.8313057217809,32.8313057217809,0.0
hsc_shared_trend,34,clean,3.0,32.92823074948055,2.0,0.5985796853032695,0.12380758711312678,0.0,1.0,0.2992898426516348,-0.8897575211753672,32.94146445359338,32.86735574706105,32.8313057217809,32.8313057217809,0.0
hsc_shared_trend,34,inclusive,0.0,0.0,0.0,0.0,0.12380758711312678,0.36864683464098746,0.9543587249062075,0.28615761902149744,-0.6525282341364516,0.013233704112838219,0.013233704112838219,-0.06755424207878509,-0.07078495781072719,0.0
hsc_shared_trend,34,inclusive,0.0,0.0,1.0,0.28615761902149744,0.12380758711312678,0.36864683464098746,0.9543587249062075,0.28615761902149744,-0.6525282341364516,0.013233704112838219,-0.022194780232250366,-0.06755424207878509,-0.07078495781072668,0.0
hsc_shared_trend,34,inclusive,0.0,0.0,2.0,0.5723152380429949,0.12380758711312678,0.36864683464098746,0.9543587249062075,0.28615761902149744,-0.6525282341364516,0.013233704112838219,-0.05762326457733966,-0.06755424207878509,-0.07078495781072706,0.0
hsc_shared_trend,34,inclusive,1.0,10.976076916493517,0.0,0.0,0.12380758711312678,0.36864683464098746,0.9543587249062075,0.28615761902149744,-4.6988242461777965,10.989310620606355,10.989310620606355,10.407560528418424,10.90529195868279,0.5009621459963063
hsc_shared_trend,34,inclusive,1.0,10.976076916493517,1.0,0.28615761902149744,0.12380758711312678,0.36864683464098746,0.9543587249062075,0.28615761902149744,-4.6988242461777965,10.989310620606355,10.953882136261266,10.407560528418424,10.905291958682788,0.5009621459963063
hsc_shared_trend,34,inclusive,1.0,10.976076916493517,2.0,0.5723152380429949,0.12380758711312678,0.36864683464098746,0.9543587249062075,0.28615761902149744,-4.6988242461777965,10.989310620606355,10.918453651916177,10.407560528418424,10.90529195868279,0.5009621459963063
hsc_shared_trend,34,inclusive,3.0,32.92823074948055,0.0,0.0,0.12380758711312678,0.36864683464098746,0.9543587249062075,0.28615761902149744,-12.791416270260486,32.94146445359338,32.94146445359338,31.35779006941284,32.85744579166982,1.5028864379889189
hsc_shared_trend,34,inclusive,3.0,32.92823074948055,1.0,0.28615761902149744,0.12380758711312678,0.36864683464098746,0.9543587249062075,0.28615761902149744,-12.791416270260486,32.94146445359338,32.90603596924829,31.35779006941284,32.85744579166982,1.5028864379889189
hsc_shared_trend,34,inclusive,3.0,32.92823074948055,2.0,0.5723152380429949,0.12380758711312678,0.36864683464098746,0.9543587249062075,0.28615761902149744,-12.791416270260486,32.94146445359338,32.8706074849032,31.35779006941284,32.85744579166982,1.5028864379889189
hsc_shared_trend,35,clean,0.0,0.0,0.0,0.0,0.1001123681757102,0.0,1.0,2.7095757963883873,3.82350329015728,-0.657986678323924,-0.657986678323924,-0.2752067092186614,-0.27520670921865903,0.0
hsc_shared_trend,35,clean,0.0,0.0,1.0,2.7095757963883873,0.1001123681757102,0.0,1.0,2.7095757963883873,3.82350329015728,-0.657986678323924,-0.9292487280519502,-0.2752067092186614,-0.275206709218658,0.0
hsc_shared_trend,35,clean,0.0,0.0,2.0,5.419151592776775,0.1001123681757102,0.0,1.0,2.7095757963883873,3.82350329015728,-0.657986678323924,-1.2005107777799808,-0.2752067092186614,-0.27520670921866125,0.0
hsc_shared_trend,35,clean,1.0,10.640501457404095,0.0,0.0,0.1001123681757102,0.0,1.0,2.7095757963883873,3.82350329015728,9.982514779080173,9.982514779080173,10.365294748185438,10.365294748185438,0.0
hsc_shared_trend,35,clean,1.0,10.640501457404095,1.0,2.7095757963883873,0.1001123681757102,0.0,1.0,2.7095757963883873,3.82350329015728,9.982514779080173,9.711252729352148,10.365294748185438,10.365294748185441,0.0
hsc_shared_trend,35,clean,1.0,10.640501457404095,2.0,5.419151592776775,0.1001123681757102,0.0,1.0,2.7095757963883873,3.82350329015728,9.982514779080173,9.439990679624117,10.365294748185438,10.365294748185436,0.0
hsc_shared_trend,35,clean,3.0,31.921504372212286,0.0,0.0,0.1001123681757102,0.0,1.0,2.7095757963883873,3.82350329015728,31.263517693888353,31.263517693888353,31.646297662993625,31.646297662993618,0.0
hsc_shared_trend,35,clean,3.0,31.921504372212286,1.0,2.7095757963883873,0.1001123681757102,0.0,1.0,2.7095757963883873,3.82350329015728,31.263517693888353,30.99225564416033,31.646297662993625,31.64629766299362,0.0
hsc_shared_trend,35,clean,3.0,31.921504372212286,2.0,5.419151592776775,0.1001123681757102,0.0,1.0,2.7095757963883873,3.82350329015728,31.263517693888353,30.720993594432304,31.646297662993625,31.646297662993625,0.0
hsc_shared_trend,35,inclusive,0.0,0.0,0.0,0.0,0.1001123681757102,0.0,1.0,2.709562896836141,3.823596996519968,-0.657986678323924,-0.657986678323924,-0.27519732805277786,-0.27519732805277725,0.0
hsc_shared_trend,35,inclusive,0.0,0.0,1.0,2.709562896836141,0.1001123681757102,0.0,1.0,2.709562896836141,3.823596996519968,-0.657986678323924,-0.9292474366472299,-0.27519732805277786,-0.2751973280527795,0.0
hsc_shared_trend,35,inclusive,0.0,0.0,2.0,5.419125793672282,0.1001123681757102,0.0,1.0,2.709562896836141,3.823596996519968,-0.657986678323924,-1.200508194970532,-0.27519732805277786,-0.2751973280527781,0.0
hsc_shared_trend,35,inclusive,1.0,10.640501457404095,0.0,0.0,0.1001123681757102,0.0,1.0,2.709562896836141,3.823596996519968,9.982514779080173,9.982514779080173,10.36530412935132,10.365304129351319,0.0
hsc_shared_trend,35,inclusive,1.0,10.640501457404095,1.0,2.709562896836141,0.1001123681757102,0.0,1.0,2.709562896836141,3.823596996519968,9.982514779080173,9.711254020756868,10.36530412935132,10.365304129351319,0.0
hsc_shared_trend,35,inclusive,1.0,10.640501457404095,2.0,5.419125793672282,0.1001123681757102,0.0,1.0,2.709562896836141,3.823596996519968,9.982514779080173,9.439993262433566,10.36530412935132,10.365304129351319,0.0
hsc_shared_trend,35,inclusive,3.0,31.921504372212286,0.0,0.0,0.1001123681757102,0.0,1.0,2.709562896836141,3.823596996519968,31.263517693888353,31.263517693888353,31.646307044159506,31.6463070441595,0.0
hsc_shared_trend,35,inclusive,3.0,31.921504372212286,1.0,2.709562896836141,0.1001123681757102,0.0,1.0,2.709562896836141,3.823596996519968,31.263517693888353,30.992256935565052,31.646307044159506,31.646307044159503,0.0
hsc_shared_trend,35,inclusive,3.0,31.921504372212286,2.0,5.419125793672282,0.1001123681757102,0.0,1.0,2.709562896836141,3.823596996519968,31.263517693888353,30.72099617724175,31.646307044159506,31.646307044159506,0.0
hsc_shared_trend,36,clean,0.0,0.0,0.0,0.0,0.11287250939317792,0.0,1.0,0.13332561939046667,-1.309358091806082,0.03392190752753273,0.03392190752753273,-0.1138686259888825,-0.11386862598888278,0.0
hsc_shared_trend,36,clean,0.0,0.0,1.0,0.13332561939046667,0.11287250939317792,0.0,1.0,0.13332561939046667,-1.309358091806082,0.03392190752753273,0.01887311030053205,-0.1138686259888825,-0.11386862598888184,0.0
hsc_shared_trend,36,clean,0.0,0.0,2.0,0.26665123878093333,0.11287250939317792,0.0,1.0,0.13332561939046667,-1.309358091806082,0.03392190752753273,0.00382431307352995,-0.1138686259888825,-0.11386862598888205,0.0
hsc_shared_trend,36,clean,1.0,4.893542328647732,0.0,0.0,0.11287250939317792,0.0,1.0,0.13332561939046667,-1.309358091806082,4.927464236175266,4.927464236175266,4.77967370265885,4.77967370265885,0.0
hsc_shared_trend,36,clean,1.0,4.893542328647732,1.0,0.13332561939046667,0.11287250939317792,0.0,1.0,0.13332561939046667,-1.309358091806082,4.927464236175266,4.9124154389482655,4.77967370265885,4.779673702658852,0.0
hsc_shared_trend,36,clean,1.0,4.893542328647732,2.0,0.26665123878093333,0.11287250939317792,0.0,1.0,0.13332561939046667,-1.309358091806082,4.927464236175266,4.897366641721263,4.77967370265885,4.779673702658851,0.0
hsc_shared_trend,36,clean,3.0,14.680626985943196,0.0,0.0,0.11287250939317792,0.0,1.0,0.13332561939046667,-1.309358091806082,14.714548893470726,14.714548893470726,14.566758359954312,14.56675835995431,0.0
hsc_shared_trend,36,clean,3.0,14.680626985943196,1.0,0.13332561939046667,0.11287250939317792,0.0,1.0,0.13332561939046667,-1.309358091806082,14.714548893470726,14.699500096243725,14.566758359954312,14.56675835995431,0.0
hsc_shared_trend,36,clean,3.0,14.680626985943196,2.0,0.26665123878093333,0.11287250939317792,0.0,1.0,0.13332561939046667,-1.309358091806082,14.714548893470726,14.684451299016724,14.566758359954312,14.566758359954312,0.0
hsc_shared_trend,36,inclusive,0.0,0.0,0.0,0.0,0.11287250939317792,0.46580623241375224,0.9474232816564779,0.09898043620517556,-0.7995946576385571,0.03392190752753273,0.03392190752753273,-0.05633034797750867,-0.05945636872995355,0.0
hsc_shared_trend,36,inclusive,0.0,0.0,1.0,0.09898043620517556,0.11287250939317792,0.46580623241375224,0.9474232816564779,0.09898043620517556,-0.7995946576385571,0.03392190752753273,0.022749737312224384,-0.05633034797750867,-0.059456368729952365,0.0
hsc_shared_trend,36,inclusive,0.0,0.0,2.0,0.19796087241035112,0.11287250939317792,0.46580623241375224,0.9474232816564779,0.09898043620517556,-0.7995946576385571,0.03392190752753273,0.01157756709691462,-0.05633034797750867,-0.05945636872995251,0.0
hsc_shared_trend,36,inclusive,1.0,4.893542328647732,0.0,0.0,0.11287250939317792,0.46580623241375224,0.9474232816564779,0.09898043620517556,-3.0790371729031767,4.927464236175266,4.927464236175266,4.579925583954808,4.834085959917779,0.2572863967154149
hsc_shared_trend,36,inclusive,1.0,4.893542328647732,1.0,0.09898043620517556,0.11287250939317792,0.46580623241375224,0.9474232816564779,0.09898043620517556,-3.0790371729031767,4.927464236175266,4.916292065959958,4.579925583954808,4.834085959917781,0.2572863967154149
hsc_shared_trend,36,inclusive,1.0,4.893542328647732,2.0,0.19796087241035112,0.11287250939317792,0.46580623241375224,0.9474232816564779,0.09898043620517556,-3.0790371729031767,4.927464236175266,4.905119895744647,4.579925583954808,4.83408595991778,0.2572863967154149
hsc_shared_trend,36,inclusive,3.0,14.680626985943196,0.0,0.0,0.11287250939317792,0.46580623241375224,0.9474232816564779,0.09898043620517556,-7.6379222034324155,14.714548893470726,14.714548893470726,13.852437447819437,14.62117061721324,0.7718591901462447
hsc_shared_trend,36,inclusive,3.0,14.680626985943196,1.0,0.09898043620517556,0.11287250939317792,0.46580623241375224,0.9474232816564779,0.09898043620517556,-7.6379222034324155,14.714548893470726,14.703376723255417,13.852437447819437,14.62117061721324,0.7718591901462447
hsc_shared_trend,36,inclusive,3.0,14.680626985943196,2.0,0.19796087241035112,0.11287250939317792,0.46580623241375224,0.9474232816564779,0.09898043620517556,-7.6379222034324155,14.714548893470726,14.692204553040108,13.852437447819437,14.621170617213242,0.7718591901462447
hsc_shared_trend,37,clean,0.0,0.0,0.0,0.0,0.09449919577707934,0.0,1.0,0.639819064095329,1.5528260469758035,-0.9954398890668272,-0.9954398890668272,-0.8486990764459131,-0.8486990764459126,0.0
hsc_shared_trend,37,clean,0.0,0.0,1.0,0.639819064095329,0.09449919577707934,0.0,1.0,0.639819064095329,1.5528260469758035,-0.9954398890668272,-1.0559022760666792,-0.8486990764459131,-0.8486990764459126,0.0
hsc_shared_trend,37,clean,0.0,0.0,2.0,1.279638128190658,0.09449919577707934,0.0,1.0,0.639819064095329,1.5528260469758035,-0.9954398890668272,-1.116364663066532,-0.8486990764459131,-0.848699076445913,0.0
hsc_shared_trend,37,clean,1.0,5.843204395294556,0.0,0.0,0.09449919577707934,0.0,1.0,0.639819064095329,1.5528260469758035,4.84776450622773,4.84776450622773,4.994505318848644,4.994505318848645,0.0
hsc_shared_trend,37,clean,1.0,5.843204395294556,1.0,0.639819064095329,0.09449919577707934,0.0,1.0,0.639819064095329,1.5528260469758035,4.84776450622773,4.787302119227877,4.994505318848644,4.994505318848644,0.0
hsc_shared_trend,37,clean,1.0,5.843204395294556,2.0,1.279638128190658,0.09449919577707934,0.0,1.0,0.639819064095329,1.5528260469758035,4.84776450622773,4.726839732228024,4.994505318848644,4.994505318848643,0.0
hsc_shared_trend,37,clean,3.0,17.52961318588367,0.0,0.0,0.09449919577707934,0.0,1.0,0.639819064095329,1.5528260469758035,16.534173296816842,16.534173296816842,16.680914109437758,16.680914109437758,0.0
hsc_shared_trend,37,clean,3.0,17.52961318588367,1.0,0.639819064095329,0.09449919577707934,0.0,1.0,0.639819064095329,1.5528260469758035,16.534173296816842,16.473710909816994,16.680914109437758,16.68091410943776,0.0
hsc_shared_trend,37,clean,3.0,17.52961318588367,2.0,1.279638128190658,0.09449919577707934,0.0,1.0,0.639819064095329,1.5528260469758035,16.534173296816842,16.413248522817135,16.680914109437758,16.680914109437754,0.0
hsc_shared_trend,37,inclusive,0.0,0.0,0.0,0.0,0.09449919577707934,0.1978917768966,0.9812993862323741,0.6698496445983061,1.7967236681342702,-0.9954398890668272,-0.9954398890668272,-0.8256509473944951,-0.841385370232952,0.0
hsc_shared_trend,37,inclusive,0.0,0.0,1.0,0.6698496445983061,0.09449919577707934,0.1978917768966,0.9812993862323741,0.6698496445983061,1.7967236681342702,-0.9954398890668272,-1.05874014177293,-0.8256509473944951,-0.8413853702329527,0.0
hsc_shared_trend,37,inclusive,0.0,0.0,2.0,1.3396992891966122,0.09449919577707934,0.1978917768966,0.9812993862323741,0.6698496445983061,1.7967236681342702,-0.9954398890668272,-1.1220403944790327,-0.8256509473944951,-0.8413853702329529,0.0
hsc_shared_trend,37,inclusive,1.0,5.843204395294556,0.0,0.0,0.09449919577707934,0.1978917768966,0.9812993862323741,0.6698496445983061,0.6404015675794078,4.84776450622773,4.84776450622773,4.908281939338364,5.001819025061605,0.1092715085616976
hsc_shared_trend,37,inclusive,1.0,5.843204395294556,1.0,0.6698496445983061,0.09449919577707934,0.1978917768966,0.9812993862323741,0.6698496445983061,0.6404015675794078,4.84776450622773,4.784464253521626,4.908281939338364,5.001819025061603,0.1092715085616976
hsc_shared_trend,37,inclusive,1.0,5.843204395294556,2.0,1.3396992891966122,0.09449919577707934,0.1978917768966,0.9812993862323741,0.6698496445983061,0.6404015675794078,4.84776450622773,4.7211640008155245,4.908281939338364,5.001819025061605,0.1092715085616976
hsc_shared_trend,37,inclusive,3.0,17.52961318588367,0.0,0.0,0.09449919577707934,0.1978917768966,0.9812993862323741,0.6698496445983061,-1.6722426335303182,16.534173296816842,16.534173296816842,16.37614771280408,16.688227815650716,0.3278145256850928
hsc_shared_trend,37,inclusive,3.0,17.52961318588367,1.0,0.6698496445983061,0.09449919577707934,0.1978917768966,0.9812993862323741,0.6698496445983061,-1.6722426335303182,16.534173296816842,16.47087304411074,16.37614771280408,16.688227815650716,0.3278145256850928
hsc_shared_trend,37,inclusive,3.0,17.52961318588367,2.0,1.3396992891966122,0.09449919577707934,0.1978917768966,0.9812993862323741,0.6698496445983061,-1.6722426335303182,16.534173296816842,16.40757279140464,16.37614771280408,16.68822781565072,0.3278145256850928
hsc_shared_trend,38,clean,0.0,0.0,0.0,0.0,0.1076217533947159,0.0,1.0,1.7489083206467373,0.5133341459023086,0.2064096747945058,0.2064096747945058,0.2616555956538912,0.2616555956538912,0.0
hsc_shared_trend,38,clean,0.0,0.0,1.0,1.7489083206467373,0.1076217533947159,0.0,1.0,1.7489083206467373,0.5133341459023086,0.2064096747945058,0.018189094799895854,0.2616555956538912,0.2616555956538911,0.0
hsc_shared_trend,38,clean,0.0,0.0,2.0,3.4978166412934746,0.1076217533947159,0.0,1.0,1.7489083206467373,0.5133341459023086,0.2064096747945058,-0.17003148519471356,0.2616555956538912,0.26165559565389157,0.0
hsc_shared_trend,38,clean,1.0,7.950355136082338,0.0,0.0,0.1076217533947159,0.0,1.0,1.7489083206467373,0.5133341459023086,8.156764810876846,8.156764810876846,8.212010731736228,8.21201073173623,0.0
hsc_shared_trend,38,clean,1.0,7.950355136082338,1.0,1.7489083206467373,0.1076217533947159,0.0,1.0,1.7489083206467373,0.5133341459023086,8.156764810876846,7.968544230882235,8.212010731736228,8.21201073173623,0.0
hsc_shared_trend,38,clean,1.0,7.950355136082338,2.0,3.4978166412934746,0.1076217533947159,0.0,1.0,1.7489083206467373,0.5133341459023086,8.156764810876846,7.780323650887624,8.212010731736228,8.212010731736228,0.0
hsc_shared_trend,38,clean,3.0,23.851065408247017,0.0,0.0,0.1076217533947159,0.0,1.0,1.7489083206467373,0.5133341459023086,24.05747508304152,24.05747508304152,24.11272100390091,24.112721003900905,0.0
hsc_shared_trend,38,clean,3.0,23.851065408247017,1.0,1.7489083206467373,0.1076217533947159,0.0,1.0,1.7489083206467373,0.5133341459023086,24.05747508304152,23.86925450304691,24.11272100390091,24.112721003900905,0.0
hsc_shared_trend,38,clean,3.0,23.851065408247017,2.0,3.4978166412934746,0.1076217533947159,0.0,1.0,1.7489083206467373,0.5133341459023086,24.05747508304152,23.681033923052304,24.11272100390091,24.11272100390091,0.0
hsc_shared_trend,38,inclusive,0.0,0.0,0.0,0.0,0.1076217533947159,0.0,1.0,1.7489081787956668,0.5133333162722125,0.2064096747945058,0.2064096747945058,0.2616555063676458,0.26165550636764556,0.0
hsc_shared_trend,38,inclusive,0.0,0.0,1.0,1.7489081787956668,0.1076217533947159,0.0,1.0,1.7489081787956668,0.5133333162722125,0.2064096747945058,0.018189110066156644,0.2616555063676458,0.26165550636764534,0.0
hsc_shared_trend,38,inclusive,0.0,0.0,2.0,3.4978163575913337,0.1076217533947159,0.0,1.0,1.7489081787956668,0.5133333162722125,0.2064096747945058,-0.17003145466219216,0.2616555063676458,0.2616555063676455,0.0
hsc_shared_trend,38,inclusive,1.0,7.950355136082338,0.0,0.0,0.1076217533947159,0.0,1.0,1.7489081787956668,0.5133333162722125,8.156764810876846,8.156764810876846,8.212010642449984,8.212010642449986,0.0
hsc_shared_trend,38,inclusive,1.0,7.950355136082338,1.0,1.7489081787956668,0.1076217533947159,0.0,1.0,1.7489081787956668,0.5133333162722125,8.156764810876846,7.968544246148494,8.212010642449984,8.212010642449982,0.0
hsc_shared_trend,38,inclusive,1.0,7.950355136082338,2.0,3.4978163575913337,0.1076217533947159,0.0,1.0,1.7489081787956668,0.5133333162722125,8.156764810876846,7.780323681420147,8.212010642449984,8.212010642449984,0.0
hsc_shared_trend,38,inclusive,3.0,23.851065408247017,0.0,0.0,0.1076217533947159,0.0,1.0,1.7489081787956668,0.5133333162722125,24.05747508304152,24.05747508304152,24.112720914614663,24.11272091461466,0.0
hsc_shared_trend,38,inclusive,3.0,23.851065408247017,1.0,1.7489081787956668,0.1076217533947159,0.0,1.0,1.7489081787956668,0.5133333162722125,24.05747508304152,23.86925451831317,24.112720914614663,24.11272091461466,0.0
hsc_shared_trend,38,inclusive,3.0,23.851065408247017,2.0,3.4978163575913337,0.1076217533947159,0.0,1.0,1.7489081787956668,0.5133333162722125,24.05747508304152,23.681033953584823,24.112720914614663,24.11272091461466,0.0
hsc_shared_trend,39,clean,0.0,0.0,0.0,0.0,0.11607574612224811,0.0,1.0,0.1852927556278088,0.21516961566885132,0.12756210707652382,0.12756210707652382,0.15253808075812328,0.1525380807581231,0.0
hsc_shared_trend,39,clean,0.0,0.0,1.0,0.1852927556278088,0.11607574612224811,0.0,1.0,0.1852927556278088,0.21516961566885132,0.12756210707652382,0.10605411221597834,0.15253808075812328,0.15253808075812295,0.0
hsc_shared_trend,39,clean,0.0,0.0,2.0,0.3705855112556176,0.11607574612224811,0.0,1.0,0.1852927556278088,0.21516961566885132,0.12756210707652382,0.08454611735543324,0.15253808075812328,0.1525380807581231,0.0
hsc_shared_trend,39,clean,1.0,5.0748956136140695,0.0,0.0,0.11607574612224811,0.0,1.0,0.1852927556278088,0.21516961566885132,5.202457720690594,5.202457720690594,5.227433694372193,5.227433694372193,0.0
hsc_shared_trend,39,clean,1.0,5.0748956136140695,1.0,0.1852927556278088,0.11607574612224811,0.0,1.0,0.1852927556278088,0.21516961566885132,5.202457720690594,5.1809497258300485,5.227433694372193,5.227433694372193,0.0
hsc_shared_trend,39,clean,1.0,5.0748956136140695,2.0,0.3705855112556176,0.11607574612224811,0.0,1.0,0.1852927556278088,0.21516961566885132,5.202457720690594,5.159441730969503,5.227433694372193,5.227433694372193,0.0
hsc_shared_trend,39,clean,3.0,15.224686840842208,0.0,0.0,0.11607574612224811,0.0,1.0,0.1852927556278088,0.21516961566885132,15.352248947918733,15.352248947918733,15.377224921600334,15.377224921600332,0.0
hsc_shared_trend,39,clean,3.0,15.224686840842208,1.0,0.1852927556278088,0.11607574612224811,0.0,1.0,0.1852927556278088,0.21516961566885132,15.352248947918733,15.330740953058188,15.377224921600334,15.377224921600332,0.0
hsc_shared_trend,39,clean,3.0,15.224686840842208,2.0,0.3705855112556176,0.11607574612224811,0.0,1.0,0.1852927556278088,0.21516961566885132,15.352248947918733,15.309232958197644,15.377224921600334,15.377224921600334,0.0
hsc_shared_trend,39,inclusive,0.0,0.0,0.0,0.0,0.11607574612224811,0.21759497565494335,0.9747425008484001,0.21249453620333245,0.0685402145776631,0.12756210707652382,0.12756210707652382,0.13551796362300528,0.13902950112983933,0.0
hsc_shared_trend,39,inclusive,0.0,0.0,1.0,0.21249453620333245,0.11607574612224811,0.21759497565494335,0.9747425008484001,0.21249453620333245,0.0685402145776631,0.12756210707652382,0.10289664523982096,0.13551796362300528,0.13902950112983933,0.0
hsc_shared_trend,39,inclusive,0.0,0.0,2.0,0.4249890724066649,0.11607574612224811,0.21759497565494335,0.9747425008484001,0.21249453620333245,0.0685402145776631,0.12756210707652382,0.07823118340311815,0.13551796362300528,0.1390295011298394,0.0
hsc_shared_trend,39,inclusive,1.0,5.0748956136140695,0.0,0.0,0.11607574612224811,0.21759497565494335,0.9747425008484001,0.21249453620333245,-1.0357315729180692,5.202457720690594,5.202457720690594,5.082234405581758,5.21392511474391,0.12817917165531573
hsc_shared_trend,39,inclusive,1.0,5.0748956136140695,1.0,0.21249453620333245,0.11607574612224811,0.21759497565494335,0.9747425008484001,0.21249453620333245,-1.0357315729180692,5.202457720690594,5.1777922588538905,5.082234405581758,5.213925114743909,0.12817917165531573
hsc_shared_trend,39,inclusive,1.0,5.0748956136140695,2.0,0.4249890724066649,0.11607574612224811,0.21759497565494335,0.9747425008484001,0.21249453620333245,-1.0357315729180692,5.202457720690594,5.153126797017189,5.082234405581758,5.21392511474391,0.12817917165531573
hsc_shared_trend,39,inclusive,3.0,15.224686840842208,0.0,0.0,0.11607574612224811,0.21759497565494335,0.9747425008484001,0.21249453620333245,-3.2442751479095335,15.352248947918733,15.352248947918733,14.975667289499265,15.363716341972049,0.3845375149659472
hsc_shared_trend,39,inclusive,3.0,15.224686840842208,1.0,0.21249453620333245,0.11607574612224811,0.21759497565494335,0.9747425008484001,0.21249453620333245,-3.2442751479095335,15.352248947918733,15.327583486082029,14.975667289499265,15.363716341972047,0.3845375149659472
hsc_shared_trend,39,inclusive,3.0,15.224686840842208,2.0,0.4249890724066649,0.11607574612224811,0.21759497565494335,0.9747425008484001,0.21249453620333245,-3.2442751479095335,15.352248947918733,15.302918024245326,14.975667289499265,15.363716341972047,0.3845375149659472
pangeo_seasonal,0,clean,0.0,0.0,0.0,0.0,0.13213350180131547,0.0,1.0,0.39717082534779263,-1.5204873970537354,0.5662714435462506,0.5662714435462506,0.3653641193287731,0.3653641193287734,0.0
pangeo_seasonal,0,clean,0.0,0.0,1.0,0.39717082534779263,0.13213350180131547,0.0,1.0,0.39717082534779263,-1.5204873970537354,0.5662714435462506,0.513791871579728,0.3653641193287731,0.36536411932877333,0.0
pangeo_seasonal,0,clean,0.0,0.0,2.0,0.7943416506955853,0.13213350180131547,0.0,1.0,0.39717082534779263,-1.5204873970537354,0.5662714435462506,0.4613122996132056,0.3653641193287731,0.3653641193287734,0.0
pangeo_seasonal,0,clean,1.0,1.4255386988390626,0.0,0.0,0.13213350180131547,0.0,1.0,0.39717082534779263,-1.5204873970537354,1.991810142385313,1.991810142385313,1.7909028181678355,1.7909028181678357,0.0
pangeo_seasonal,0,clean,1.0,1.4255386988390626,1.0,0.39717082534779263,0.13213350180131547,0.0,1.0,0.39717082534779263,-1.5204873970537354,1.991810142385313,1.9393305704187902,1.7909028181678355,1.7909028181678355,0.0
pangeo_seasonal,0,clean,1.0,1.4255386988390626,2.0,0.7943416506955853,0.13213350180131547,0.0,1.0,0.39717082534779263,-1.5204873970537354,1.991810142385313,1.8868509984522681,1.7909028181678355,1.790902818167836,0.0
pangeo_seasonal,0,clean,3.0,4.276616096517188,0.0,0.0,0.13213350180131547,0.0,1.0,0.39717082534779263,-1.5204873970537354,4.842887540063439,4.842887540063439,4.641980215845962,4.641980215845962,0.0
pangeo_seasonal,0,clean,3.0,4.276616096517188,1.0,0.39717082534779263,0.13213350180131547,0.0,1.0,0.39717082534779263,-1.5204873970537354,4.842887540063439,4.790407968096916,4.641980215845962,4.641980215845961,0.0
pangeo_seasonal,0,clean,3.0,4.276616096517188,2.0,0.7943416506955853,0.13213350180131547,0.0,1.0,0.39717082534779263,-1.5204873970537354,4.842887540063439,4.7379283961303935,4.641980215845962,4.641980215845961,0.0
pangeo_seasonal,0,inclusive,0.0,0.0,0.0,0.0,0.13213350180131547,0.27750217346384426,0.9633326660627461,0.29690336969382924,-1.2748865842985857,0.5662714435462506,0.5662714435462506,0.39781621476336027,0.41295829444804577,0.0
pangeo_seasonal,0,inclusive,0.0,0.0,1.0,0.29690336969382924,0.13213350180131547,0.27750217346384426,0.9633326660627461,0.29690336969382924,-1.2748865842985857,0.5662714435462506,0.5270405616119944,0.39781621476336027,0.4129582944480458,0.0
pangeo_seasonal,0,inclusive,0.0,0.0,2.0,0.5938067393876585,0.13213350180131547,0.27750217346384426,0.9633326660627461,0.29690336969382924,-1.2748865842985857,0.5662714435462506,0.4878096796777383,0.39781621476336027,0.41295829444804594,0.0
pangeo_seasonal,0,inclusive,1.0,1.4255386988390626,0.0,0.0,0.13213350180131547,0.27750217346384426,0.9633326660627461,0.29690336969382924,-1.6704766715832462,1.991810142385313,1.991810142385313,1.771084210091613,1.838496993287108,0.05227070351081022
pangeo_seasonal,0,inclusive,1.0,1.4255386988390626,1.0,0.29690336969382924,0.13213350180131547,0.27750217346384426,0.9633326660627461,0.29690336969382924,-1.6704766715832462,1.991810142385313,1.952579260451057,1.771084210091613,1.8384969932871085,0.05227070351081022
pangeo_seasonal,0,inclusive,1.0,1.4255386988390626,2.0,0.5938067393876585,0.13213350180131547,0.27750217346384426,0.9633326660627461,0.29690336969382924,-1.6704766715832462,1.991810142385313,1.9133483785168006,1.771084210091613,1.8384969932871082,0.05227070351081022
pangeo_seasonal,0,inclusive,3.0,4.276616096517188,0.0,0.0,0.13213350180131547,0.27750217346384426,0.9633326660627461,0.29690336969382924,-2.4616568461525667,4.842887540063439,4.842887540063439,4.517620200748118,4.689574390965234,0.15681211053243066
pangeo_seasonal,0,inclusive,3.0,4.276616096517188,1.0,0.29690336969382924,0.13213350180131547,0.27750217346384426,0.9633326660627461,0.29690336969382924,-2.4616568461525667,4.842887540063439,4.803656658129183,4.517620200748118,4.689574390965235,0.15681211053243066
pangeo_seasonal,0,inclusive,3.0,4.276616096517188,2.0,0.5938067393876585,0.13213350180131547,0.27750217346384426,0.9633326660627461,0.29690336969382924,-2.4616568461525667,4.842887540063439,4.764425776194926,4.517620200748118,4.689574390965234,0.15681211053243066
pangeo_seasonal,1,clean,0.0,0.0,0.0,0.0,0.11963397869130571,0.0,1.0,0.4433094997854323,0.013087961975232787,-0.03528677785794869,-0.03528677785794869,-0.03372101289389118,-0.033721012893891074,0.0
pangeo_seasonal,1,clean,0.0,0.0,1.0,0.4433094997854323,0.11963397869130571,0.0,1.0,0.4433094997854323,0.013087961975232787,-0.03528677785794869,-0.08832165710893225,-0.03372101289389118,-0.033721012893890887,0.0
pangeo_seasonal,1,clean,0.0,0.0,2.0,0.8866189995708647,0.11963397869130571,0.0,1.0,0.4433094997854323,0.013087961975232787,-0.03528677785794869,-0.14135653635991652,-0.03372101289389118,-0.033721012893891296,0.0
pangeo_seasonal,1,clean,1.0,1.1770386238614008,0.0,0.0,0.11963397869130571,0.0,1.0,0.4433094997854323,0.013087961975232787,1.141751846003452,1.141751846003452,1.1433176109675094,1.1433176109675096,0.0
pangeo_seasonal,1,clean,1.0,1.1770386238614008,1.0,0.4433094997854323,0.11963397869130571,0.0,1.0,0.4433094997854323,0.013087961975232787,1.141751846003452,1.0887169667524683,1.1433176109675094,1.1433176109675096,0.0
pangeo_seasonal,1,clean,1.0,1.1770386238614008,2.0,0.8866189995708647,0.11963397869130571,0.0,1.0,0.4433094997854323,0.013087961975232787,1.141751846003452,1.035682087501484,1.1433176109675094,1.1433176109675092,0.0
pangeo_seasonal,1,clean,3.0,3.5311158715842024,0.0,0.0,0.11963397869130571,0.0,1.0,0.4433094997854323,0.013087961975232787,3.495829093726253,3.495829093726253,3.497394858690311,3.4973948586903107,0.0
pangeo_seasonal,1,clean,3.0,3.5311158715842024,1.0,0.4433094997854323,0.11963397869130571,0.0,1.0,0.4433094997854323,0.013087961975232787,3.495829093726253,3.4427942144752697,3.497394858690311,3.497394858690311,0.0
pangeo_seasonal,1,clean,3.0,3.5311158715842024,2.0,0.8866189995708647,0.11963397869130571,0.0,1.0,0.4433094997854323,0.013087961975232787,3.495829093726253,3.389759335224286,3.497394858690311,3.497394858690311,0.0
pangeo_seasonal,1,inclusive,0.0,0.0,0.0,0.0,0.11963397869130571,0.25302151381073335,0.9697300296083248,0.29654980643585177,0.4613214538145778,-0.03528677785794869,-0.03528677785794869,0.019902943117546635,0.020524210357376994,0.0
pangeo_seasonal,1,inclusive,0.0,0.0,1.0,0.29654980643585177,0.11963397869130571,0.25302151381073335,0.9697300296083248,0.29654980643585177,0.4613214538145778,-0.03528677785794869,-0.07076421108200623,0.019902943117546635,0.02052421035737701,0.0
pangeo_seasonal,1,inclusive,0.0,0.0,2.0,0.5930996128717035,0.11963397869130571,0.25302151381073335,0.9697300296083248,0.29654980643585177,0.4613214538145778,-0.03528677785794869,-0.10624164430606431,0.019902943117546635,0.020524210357376477,0.0
pangeo_seasonal,1,inclusive,1.0,1.1770386238614008,0.0,0.0,0.11963397869130571,0.25302151381073335,0.9697300296083248,0.29654980643585177,0.16350535939146377,1.141751846003452,1.141751846003452,1.1613126426848042,1.1975628342187776,0.03562892429414271
pangeo_seasonal,1,inclusive,1.0,1.1770386238614008,1.0,0.29654980643585177,0.11963397869130571,0.25302151381073335,0.9697300296083248,0.29654980643585177,0.16350535939146377,1.141751846003452,1.1062744127793942,1.1613126426848042,1.1975628342187774,0.03562892429414271
pangeo_seasonal,1,inclusive,1.0,1.1770386238614008,2.0,0.5930996128717035,0.11963397869130571,0.25302151381073335,0.9697300296083248,0.29654980643585177,0.16350535939146377,1.141751846003452,1.0707969795553363,1.1613126426848042,1.197562834218777,0.03562892429414271
pangeo_seasonal,1,inclusive,3.0,3.5311158715842024,0.0,0.0,0.11963397869130571,0.25302151381073335,0.9697300296083248,0.29654980643585177,-0.4321268294547643,3.495829093726253,3.495829093726253,3.4441320418193206,3.5516400819415788,0.10688677288242812
pangeo_seasonal,1,inclusive,3.0,3.5311158715842024,1.0,0.29654980643585177,0.11963397869130571,0.25302151381073335,0.9697300296083248,0.29654980643585177,-0.4321268294547643,3.495829093726253,3.460351660502196,3.4441320418193206,3.551640081941579,0.10688677288242812
pangeo_seasonal,1,inclusive,3.0,3.5311158715842024,2.0,0.5930996128717035,0.11963397869130571,0.25302151381073335,0.9697300296083248,0.29654980643585177,-0.4321268294547643,3.495829093726253,3.4248742272781376,3.4441320418193206,3.5516400819415783,0.10688677288242812
pangeo_seasonal,2,clean,0.0,0.0,0.0,0.0,0.11591495875452026,0.0,1.0,0.1335609388067677,0.10256211476327053,-0.17078042296457027,-0.17078042296457027,-0.15889193966200885,-0.1588919396620094,0.0
pangeo_seasonal,2,clean,0.0,0.0,1.0,0.1335609388067677,0.11591495875452026,0.0,1.0,0.1335609388067677,0.10256211476327053,-0.17078042296457027,-0.1862621336775721,-0.15889193966200885,-0.15889193966200965,0.0
pangeo_seasonal,2,clean,0.0,0.0,2.0,0.2671218776135354,0.11591495875452026,0.0,1.0,0.1335609388067677,0.10256211476327053,-0.17078042296457027,-0.20174384439057338,-0.15889193966200885,-0.15889193966200957,0.0
pangeo_seasonal,2,clean,1.0,1.7755491790908815,0.0,0.0,0.11591495875452026,0.0,1.0,0.1335609388067677,0.10256211476327053,1.604768756126311,1.604768756126311,1.616657239428872,1.616657239428872,0.0
pangeo_seasonal,2,clean,1.0,1.7755491790908815,1.0,0.1335609388067677,0.11591495875452026,0.0,1.0,0.1335609388067677,0.10256211476327053,1.604768756126311,1.589287045413309,1.616657239428872,1.6166572394288714,0.0
pangeo_seasonal,2,clean,1.0,1.7755491790908815,2.0,0.2671218776135354,0.11591495875452026,0.0,1.0,0.1335609388067677,0.10256211476327053,1.604768756126311,1.5738053347003078,1.616657239428872,1.6166572394288716,0.0
pangeo_seasonal,2,clean,3.0,5.3266475372726445,0.0,0.0,0.11591495875452026,0.0,1.0,0.1335609388067677,0.10256211476327053,5.155867114308075,5.155867114308075,5.167755597610636,5.167755597610635,0.0
pangeo_seasonal,2,clean,3.0,5.3266475372726445,1.0,0.1335609388067677,0.11591495875452026,0.0,1.0,0.1335609388067677,0.10256211476327053,5.155867114308075,5.140385403595073,5.167755597610636,5.167755597610635,0.0
pangeo_seasonal,2,clean,3.0,5.3266475372726445,2.0,0.2671218776135354,0.11591495875452026,0.0,1.0,0.1335609388067677,0.10256211476327053,5.155867114308075,5.1249036928820715,5.167755597610636,5.167755597610635,0.0
pangeo_seasonal,2,inclusive,0.0,0.0,0.0,0.0,0.11591495875452026,0.24116491967844272,0.9720453782824361,0.12905653859789,0.029542118529049154,-0.17078042296457027,-0.17078042296457027,-0.16735604951375382,-0.1721689678824106,0.0
pangeo_seasonal,2,inclusive,0.0,0.0,1.0,0.12905653859789,0.11591495875452026,0.24116491967844272,0.9720453782824361,0.12905653859789,0.029542118529049154,-0.17078042296457027,-0.1857400063131461,-0.16735604951375382,-0.17216896788241084,0.0
pangeo_seasonal,2,inclusive,0.0,0.0,2.0,0.25811307719578,0.11591495875452026,0.24116491967844272,0.9720453782824361,0.12905653859789,0.029542118529049154,-0.17078042296457027,-0.20069958966172158,-0.16735604951375382,-0.17216896788241073,0.0
pangeo_seasonal,2,inclusive,1.0,1.7755491790908815,0.0,0.0,0.11591495875452026,0.24116491967844272,0.9720453782824361,0.12905653859789,-0.39865805663152776,1.604768756126311,1.604768756126311,1.5585583239347103,1.6033802112084707,0.04963480564241668
pangeo_seasonal,2,inclusive,1.0,1.7755491790908815,1.0,0.12905653859789,0.11591495875452026,0.24116491967844272,0.9720453782824361,0.12905653859789,-0.39865805663152776,1.604768756126311,1.589809172777735,1.5585583239347103,1.6033802112084703,0.04963480564241668
pangeo_seasonal,2,inclusive,1.0,1.7755491790908815,2.0,0.25811307719578,0.11591495875452026,0.24116491967844272,0.9720453782824361,0.12905653859789,-0.39865805663152776,1.604768756126311,1.5748495894291596,1.5585583239347103,1.6033802112084705,0.04963480564241668
pangeo_seasonal,2,inclusive,3.0,5.3266475372726445,0.0,0.0,0.11591495875452026,0.24116491967844272,0.9720453782824361,0.12905653859789,-1.2550584069526831,5.155867114308075,5.155867114308075,5.01038707083164,5.154478569390235,0.14890441692725004
pangeo_seasonal,2,inclusive,3.0,5.3266475372726445,1.0,0.12905653859789,0.11591495875452026,0.24116491967844272,0.9720453782824361,0.12905653859789,-1.2550584069526831,5.155867114308075,5.140907530959499,5.01038707083164,5.154478569390234,0.14890441692725004
pangeo_seasonal,2,inclusive,3.0,5.3266475372726445,2.0,0.25811307719578,0.11591495875452026,0.24116491967844272,0.9720453782824361,0.12905653859789,-1.2550584069526831,5.155867114308075,5.125947947610923,5.01038707083164,5.154478569390234,0.14890441692725004
pangeo_seasonal,3,clean,0.0,0.0,0.0,0.0,0.10255797389953586,0.0,1.0,0.44399172402177317,-1.2947380773519481,-0.3936277245322171,-0.3936277245322171,-0.5264134384760137,-0.5264134384760134,0.0
pangeo_seasonal,3,clean,0.0,0.0,1.0,0.44399172402177317,0.10255797389953586,0.0,1.0,0.44399172402177317,-1.2947380773519481,-0.3936277245322171,-0.43916261617605235,-0.5264134384760137,-0.5264134384760137,0.0
pangeo_seasonal,3,clean,0.0,0.0,2.0,0.8879834480435463,0.10255797389953586,0.0,1.0,0.44399172402177317,-1.2947380773519481,-0.3936277245322171,-0.48469750781988746,-0.5264134384760137,-0.526413438476014,0.0
pangeo_seasonal,3,clean,1.0,1.3715930806956447,0.0,0.0,0.10255797389953586,0.0,1.0,0.44399172402177317,-1.2947380773519481,0.9779653561634275,0.9779653561634275,0.8451796422196309,0.8451796422196312,0.0
pangeo_seasonal,3,clean,1.0,1.3715930806956447,1.0,0.44399172402177317,0.10255797389953586,0.0,1.0,0.44399172402177317,-1.2947380773519481,0.9779653561634275,0.9324304645195923,0.8451796422196309,0.8451796422196309,0.0
pangeo_seasonal,3,clean,1.0,1.3715930806956447,2.0,0.8879834480435463,0.10255797389953586,0.0,1.0,0.44399172402177317,-1.2947380773519481,0.9779653561634275,0.8868955728757573,0.8451796422196309,0.8451796422196307,0.0
pangeo_seasonal,3,clean,3.0,4.114779242086934,0.0,0.0,0.10255797389953586,0.0,1.0,0.44399172402177317,-1.2947380773519481,3.7211515175547163,3.7211515175547163,3.5883658036109205,3.58836580361092,0.0
pangeo_seasonal,3,clean,3.0,4.114779242086934,1.0,0.44399172402177317,0.10255797389953586,0.0,1.0,0.44399172402177317,-1.2947380773519481,3.7211515175547163,3.675616625910881,3.5883658036109205,3.5883658036109196,0.0
pangeo_seasonal,3,clean,3.0,4.114779242086934,2.0,0.8879834480435463,0.10255797389953586,0.0,1.0,0.44399172402177317,-1.2947380773519481,3.7211515175547163,3.6300817342670464,3.5883658036109205,3.58836580361092,0.0
pangeo_seasonal,3,inclusive,0.0,0.0,0.0,0.0,0.10255797389953586,0.26642833845790287,0.9726756494183377,0.43140903444214995,-1.1582472950390703,-0.3936277245322171,-0.3936277245322171,-0.5124152203860426,-0.5268099604348763,0.0
pangeo_seasonal,3,inclusive,0.0,0.0,1.0,0.43140903444214995,0.10255797389953586,0.26642833845790287,0.9726756494183377,0.43140903444214995,-1.1582472950390703,-0.3936277245322171,-0.43787216102655907,-0.5124152203860426,-0.5268099604348763,0.0
pangeo_seasonal,3,inclusive,0.0,0.0,2.0,0.8628180688842999,0.10255797389953586,0.26642833845790287,0.9726756494183377,0.43140903444214995,-1.1582472950390703,-0.3936277245322171,-0.4821165975209013,-0.5124152203860426,-0.5268099604348765,0.0
pangeo_seasonal,3,inclusive,1.0,1.3715930806956447,0.0,0.0,0.10255797389953586,0.26642833845790287,0.9726756494183377,0.43140903444214995,-1.5236785605691672,0.9779653561634275,0.9779653561634275,0.821699970117292,0.8447831202607683,0.037477890192310036
pangeo_seasonal,3,inclusive,1.0,1.3715930806956447,1.0,0.43140903444214995,0.10255797389953586,0.26642833845790287,0.9726756494183377,0.43140903444214995,-1.5236785605691672,0.9779653561634275,0.9337209196690855,0.821699970117292,0.8447831202607684,0.037477890192310036
pangeo_seasonal,3,inclusive,1.0,1.3715930806956447,2.0,0.8628180688842999,0.10255797389953586,0.26642833845790287,0.9726756494183377,0.43140903444214995,-1.5236785605691672,0.9779653561634275,0.8894764831747434,0.821699970117292,0.8447831202607682,0.037477890192310036
pangeo_seasonal,3,inclusive,3.0,4.114779242086934,0.0,0.0,0.10255797389953586,0.26642833845790287,0.9726756494183377,0.43140903444214995,-2.254541091629361,3.7211515175547163,3.7211515175547163,3.4899303511239608,3.587969281652057,0.11243367057693011
pangeo_seasonal,3,inclusive,3.0,4.114779242086934,1.0,0.43140903444214995,0.10255797389953586,0.26642833845790287,0.9726756494183377,0.43140903444214995,-2.254541091629361,3.7211515175547163,3.6769070810603743,3.4899303511239608,3.5879692816520574,0.11243367057693011
pangeo_seasonal,3,inclusive,3.0,4.114779242086934,2.0,0.8628180688842999,0.10255797389953586,0.26642833845790287,0.9726756494183377,0.43140903444214995,-2.254541091629361,3.7211515175547163,3.6326626445660324,3.4899303511239608,3.587969281652057,0.11243367057693011
pangeo_seasonal,4,clean,0.0,0.0,0.0,0.0,0.1286114713330211,0.0,1.0,0.2070402061433974,-0.5364531229153349,-0.3684793476634958,-0.3684793476634958,-0.4374733731028309,-0.4374733731028311,0.0
pangeo_seasonal,4,clean,0.0,0.0,1.0,0.2070402061433974,0.1286114713330211,0.0,1.0,0.2070402061433974,-0.5364531229153349,-0.3684793476634958,-0.39510709320069015,-0.4374733731028309,-0.4374733731028311,0.0
pangeo_seasonal,4,clean,0.0,0.0,2.0,0.4140804122867948,0.1286114713330211,0.0,1.0,0.2070402061433974,-0.5364531229153349,-0.3684793476634958,-0.4217348387378845,-0.4374733731028309,-0.437473373102831,0.0
pangeo_seasonal,4,clean,1.0,1.9011581025805904,0.0,0.0,0.1286114713330211,0.0,1.0,0.2070402061433974,-0.5364531229153349,1.532678754917095,1.532678754917095,1.46368472947776,1.4636847294777597,0.0
pangeo_seasonal,4,clean,1.0,1.9011581025805904,1.0,0.2070402061433974,0.1286114713330211,0.0,1.0,0.2070402061433974,-0.5364531229153349,1.532678754917095,1.5060510093799007,1.46368472947776,1.4636847294777597,0.0
pangeo_seasonal,4,clean,1.0,1.9011581025805904,2.0,0.4140804122867948,0.1286114713330211,0.0,1.0,0.2070402061433974,-0.5364531229153349,1.532678754917095,1.4794232638427063,1.46368472947776,1.4636847294777597,0.0
pangeo_seasonal,4,clean,3.0,5.7034743077417716,0.0,0.0,0.1286114713330211,0.0,1.0,0.2070402061433974,-0.5364531229153349,5.334994960078275,5.334994960078275,5.2660009346389405,5.26600093463894,0.0
pangeo_seasonal,4,clean,3.0,5.7034743077417716,1.0,0.2070402061433974,0.1286114713330211,0.0,1.0,0.2070402061433974,-0.5364531229153349,5.334994960078275,5.3083672145410805,5.2660009346389405,5.26600093463894,0.0
pangeo_seasonal,4,clean,3.0,5.7034743077417716,2.0,0.4140804122867948,0.1286114713330211,0.0,1.0,0.2070402061433974,-0.5364531229153349,5.334994960078275,5.281739469003886,5.2660009346389405,5.26600093463894,0.0
pangeo_seasonal,4,inclusive,0.0,0.0,0.0,0.0,0.1286114713330211,0.26586400504115204,0.9658068391371677,0.18263304764229668,-0.4144367906317523,-0.3684793476634958,-0.3684793476634958,-0.4217806730811809,-0.43671328053339425,0.0
pangeo_seasonal,4,inclusive,0.0,0.0,1.0,0.18263304764229668,0.1286114713330211,0.26586400504115204,0.9658068391371677,0.18263304764229668,-0.4144367906317523,-0.3684793476634958,-0.3919680526348056,-0.4217806730811809,-0.4367132805333946,0.0
pangeo_seasonal,4,inclusive,0.0,0.0,2.0,0.36526609528459336,0.1286114713330211,0.26586400504115204,0.9658068391371677,0.18263304764229668,-0.4144367906317523,-0.3684793476634958,-0.4154567576061149,-0.4217806730811809,-0.4367132805333943,0.0
pangeo_seasonal,4,inclusive,1.0,1.9011581025805904,0.0,0.0,0.1286114713330211,0.26586400504115204,0.9658068391371677,0.18263304764229668,-0.9198862980002651,1.532678754917095,1.532678754917095,1.4143708246721949,1.4644448220471966,0.06500660482721515
pangeo_seasonal,4,inclusive,1.0,1.9011581025805904,1.0,0.18263304764229668,0.1286114713330211,0.26586400504115204,0.9658068391371677,0.18263304764229668,-0.9198862980002651,1.532678754917095,1.509190049945785,1.4143708246721949,1.4644448220471962,0.06500660482721515
pangeo_seasonal,4,inclusive,1.0,1.9011581025805904,2.0,0.36526609528459336,0.1286114713330211,0.26586400504115204,0.9658068391371677,0.18263304764229668,-0.9198862980002651,1.532678754917095,1.4857013449744758,1.4143708246721949,1.4644448220471964,0.06500660482721515
pangeo_seasonal,4,inclusive,3.0,5.7034743077417716,0.0,0.0,0.1286114713330211,0.26586400504115204,0.9658068391371677,0.18263304764229668,-1.9307853127372918,5.334994960078275,5.334994960078275,5.086673820178946,5.266761027208376,0.1950198144816455
pangeo_seasonal,4,inclusive,3.0,5.7034743077417716,1.0,0.18263304764229668,0.1286114713330211,0.26586400504115204,0.9658068391371677,0.18263304764229668,-1.9307853127372918,5.334994960078275,5.311506255106965,5.086673820178946,5.266761027208377,0.1950198144816455
pangeo_seasonal,4,inclusive,3.0,5.7034743077417716,2.0,0.36526609528459336,0.1286114713330211,0.26586400504115204,0.9658068391371677,0.18263304764229668,-1.9307853127372918,5.334994960078275,5.288017550135656,5.086673820178946,5.266761027208377,0.1950198144816455
pangeo_seasonal,5,clean,0.0,0.0,0.0,0.0,0.10885232452453528,0.0,1.0,0.09287272429852222,0.022418440766499258,0.001658718518043223,0.001658718518043223,0.004099017907692293,0.004099017907692271,0.0
pangeo_seasonal,5,clean,0.0,0.0,1.0,0.09287272429852222,0.10885232452453528,0.0,1.0,0.09287272429852222,0.022418440766499258,0.001658718518043223,-0.008450693406777,0.004099017907692293,0.0040990179076923995,0.0
pangeo_seasonal,5,clean,0.0,0.0,2.0,0.18574544859704445,0.10885232452453528,0.0,1.0,0.09287272429852222,0.022418440766499258,0.001658718518043223,-0.018560105331597753,0.004099017907692293,0.004099017907692189,0.0
pangeo_seasonal,5,clean,1.0,1.8684521986491744,0.0,0.0,0.10885232452453528,0.0,1.0,0.09287272429852222,0.022418440766499258,1.870110917167218,1.870110917167218,1.8725512165568674,1.872551216556867,0.0
pangeo_seasonal,5,clean,1.0,1.8684521986491744,1.0,0.09287272429852222,0.10885232452453528,0.0,1.0,0.09287272429852222,0.022418440766499258,1.870110917167218,1.8600015052423977,1.8725512165568674,1.8725512165568672,0.0
pangeo_seasonal,5,clean,1.0,1.8684521986491744,2.0,0.18574544859704445,0.10885232452453528,0.0,1.0,0.09287272429852222,0.022418440766499258,1.870110917167218,1.849892093317577,1.8725512165568674,1.872551216556867,0.0
pangeo_seasonal,5,clean,3.0,5.605356595947523,0.0,0.0,0.10885232452453528,0.0,1.0,0.09287272429852222,0.022418440766499258,5.607015314465565,5.607015314465565,5.609455613855213,5.609455613855214,0.0
pangeo_seasonal,5,clean,3.0,5.605356595947523,1.0,0.09287272429852222,0.10885232452453528,0.0,1.0,0.09287272429852222,0.022418440766499258,5.607015314465565,5.596905902540745,5.609455613855213,5.609455613855214,0.0
pangeo_seasonal,5,clean,3.0,5.605356595947523,2.0,0.18574544859704445,0.10885232452453528,0.0,1.0,0.09287272429852222,0.022418440766499258,5.607015314465565,5.586796490615924,5.609455613855213,5.609455613855214,0.0
pangeo_seasonal,5,inclusive,0.0,0.0,0.0,0.0,0.10885232452453528,0.11890237893393293,0.9870571996615443,0.04890030969689233,0.07753712005496576,0.001658718518043223,0.001658718518043223,0.01009881427296424,0.010231235106159024,0.0
pangeo_seasonal,5,inclusive,0.0,0.0,1.0,0.04890030969689233,0.10885232452453528,0.11890237893393293,0.9870571996615443,0.04890030969689233,0.07753712005496576,0.001658718518043223,-0.0036641938624331514,0.01009881427296424,0.010231235106159,0.0
pangeo_seasonal,5,inclusive,0.0,0.0,2.0,0.09780061939378466,0.10885232452453528,0.11890237893393293,0.9870571996615443,0.04890030969689233,0.07753712005496576,0.001658718518043223,-0.008987106242909349,0.01009881427296424,0.010231235106159354,0.0
pangeo_seasonal,5,inclusive,1.0,1.8684521986491744,0.0,0.0,0.10885232452453528,0.11890237893393293,0.9870571996615443,0.04890030969689233,-0.14462629128875867,1.870110917167218,1.870110917167218,1.8543680091730743,1.8786834337553338,0.0241830037490649
pangeo_seasonal,5,inclusive,1.0,1.8684521986491744,1.0,0.04890030969689233,0.10885232452453528,0.11890237893393293,0.9870571996615443,0.04890030969689233,-0.14462629128875867,1.870110917167218,1.8647880047867418,1.8543680091730743,1.878683433755334,0.0241830037490649
pangeo_seasonal,5,inclusive,1.0,1.8684521986491744,2.0,0.09780061939378466,0.10885232452453528,0.11890237893393293,0.9870571996615443,0.04890030969689233,-0.14462629128875867,1.870110917167218,1.8594650924062655,1.8543680091730743,1.8786834337553342,0.0241830037490649
pangeo_seasonal,5,inclusive,3.0,5.605356595947523,0.0,0.0,0.10885232452453528,0.11890237893393293,0.9870571996615443,0.04890030969689233,-0.588953113976207,5.607015314465565,5.607015314465565,5.542906398973291,5.615587831053681,0.07254901124719468
pangeo_seasonal,5,inclusive,3.0,5.605356595947523,1.0,0.04890030969689233,0.10885232452453528,0.11890237893393293,0.9870571996615443,0.04890030969689233,-0.588953113976207,5.607015314465565,5.60169240208509,5.542906398973291,5.6155878310536815,0.07254901124719468
pangeo_seasonal,5,inclusive,3.0,5.605356595947523,2.0,0.09780061939378466,0.10885232452453528,0.11890237893393293,0.9870571996615443,0.04890030969689233,-0.588953113976207,5.607015314465565,5.596369489704612,5.542906398973291,5.615587831053681,0.07254901124719468
pangeo_seasonal,6,clean,0.0,0.0,0.0,0.0,0.1087455625675271,0.0,1.0,0.5429240950779677,-2.2501652774338714,-1.5695691838612071,-1.5695691838612071,-1.8142646728256693,-1.8142646728256693,0.0
pangeo_seasonal,6,clean,0.0,0.0,1.0,0.5429240950779677,0.1087455625675271,0.0,1.0,0.5429240950779677,-2.2501652774338714,-1.5695691838612071,-1.6286097700119264,-1.8142646728256693,-1.8142646728256693,0.0
pangeo_seasonal,6,clean,0.0,0.0,2.0,1.0858481901559354,0.1087455625675271,0.0,1.0,0.5429240950779677,-2.2501652774338714,-1.5695691838612071,-1.6876503561626457,-1.8142646728256693,-1.8142646728256693,0.0
pangeo_seasonal,6,clean,1.0,1.5068207516842864,0.0,0.0,0.1087455625675271,0.0,1.0,0.5429240950779677,-2.2501652774338714,-0.06274843217692058,-0.06274843217692058,-0.3074439211413825,-0.30744392114138264,0.0
pangeo_seasonal,6,clean,1.0,1.5068207516842864,1.0,0.5429240950779677,0.1087455625675271,0.0,1.0,0.5429240950779677,-2.2501652774338714,-0.06274843217692058,-0.12178901832763955,-0.3074439211413825,-0.30744392114138236,0.0
pangeo_seasonal,6,clean,1.0,1.5068207516842864,2.0,1.0858481901559354,0.1087455625675271,0.0,1.0,0.5429240950779677,-2.2501652774338714,-0.06274843217692058,-0.18082960447835889,-0.3074439211413825,-0.3074439211413826,0.0
pangeo_seasonal,6,clean,3.0,4.520462255052859,0.0,0.0,0.1087455625675271,0.0,1.0,0.5429240950779677,-2.2501652774338714,2.9508930711916515,2.9508930711916515,2.7061975822271895,2.7061975822271895,0.0
pangeo_seasonal,6,clean,3.0,4.520462255052859,1.0,0.5429240950779677,0.1087455625675271,0.0,1.0,0.5429240950779677,-2.2501652774338714,2.9508930711916515,2.891852485040933,2.7061975822271895,2.70619758222719,0.0
pangeo_seasonal,6,clean,3.0,4.520462255052859,2.0,1.0858481901559354,0.1087455625675271,0.0,1.0,0.5429240950779677,-2.2501652774338714,2.9508930711916515,2.8328118988902133,2.7061975822271895,2.7061975822271895,0.0
pangeo_seasonal,6,inclusive,0.0,0.0,0.0,0.0,0.1087455625675271,0.27960822588948514,0.9695938461771397,0.5456958045289924,-1.8598578036453606,-1.5695691838612071,-1.5695691838612071,-1.7718204670142275,-1.8273841918449272,0.0
pangeo_seasonal,6,inclusive,0.0,0.0,1.0,0.5456958045289924,0.1087455625675271,0.27960822588948514,0.9695938461771397,0.5456958045289924,-1.8598578036453606,-1.5695691838612071,-1.628911181115452,-1.7718204670142275,-1.8273841918449276,0.0
pangeo_seasonal,6,inclusive,0.0,0.0,2.0,1.0913916090579847,0.1087455625675271,0.27960822588948514,0.9695938461771397,0.5456958045289924,-1.8598578036453606,-1.5695691838612071,-1.6882531783696966,-1.7718204670142275,-1.8273841918449276,0.0
pangeo_seasonal,6,inclusive,1.0,1.5068207516842864,0.0,0.0,0.1087455625675271,0.27960822588948514,0.9695938461771397,0.5456958045289924,-2.2811772807572632,-0.06274843217692058,-0.06274843217692058,-0.3108163388891308,-0.32056344016064064,0.045816623559190334
pangeo_seasonal,6,inclusive,1.0,1.5068207516842864,1.0,0.5456958045289924,0.1087455625675271,0.27960822588948514,0.9695938461771397,0.5456958045289924,-2.2811772807572632,-0.06274843217692058,-0.12209042943116515,-0.3108163388891308,-0.32056344016064064,0.045816623559190334
pangeo_seasonal,6,inclusive,1.0,1.5068207516842864,2.0,1.0913916090579847,0.1087455625675271,0.27960822588948514,0.9695938461771397,0.5456958045289924,-2.2811772807572632,-0.06274843217692058,-0.1814324266854097,-0.3108163388891308,-0.32056344016064064,0.045816623559190334
pangeo_seasonal,6,inclusive,3.0,4.520462255052859,0.0,0.0,0.1087455625675271,0.27960822588948514,0.9695938461771397,0.5456958045289924,-3.1238162349810716,2.9508930711916515,2.9508930711916515,2.6111919173610607,2.693078063207931,0.137449870677571
pangeo_seasonal,6,inclusive,3.0,4.520462255052859,1.0,0.5456958045289924,0.1087455625675271,0.27960822588948514,0.9695938461771397,0.5456958045289924,-3.1238162349810716,2.9508930711916515,2.891551073937407,2.6111919173610607,2.6930780632079316,0.137449870677571
pangeo_seasonal,6,inclusive,3.0,4.520462255052859,2.0,1.0913916090579847,0.1087455625675271,0.27960822588948514,0.9695938461771397,0.5456958045289924,-3.1238162349810716,2.9508930711916515,2.8322090766831627,2.6111919173610607,2.6930780632079316,0.137449870677571
pangeo_seasonal,7,clean,0.0,0.0,0.0,0.0,0.11676500307995927,0.0,1.0,0.39322961661565525,-0.20949456103671107,0.0191868733630395,0.0191868733630395,-0.005274759701646659,-0.005274759701646782,0.0
pangeo_seasonal,7,clean,0.0,0.0,1.0,0.39322961661565525,0.11676500307995927,0.0,1.0,0.39322961661565525,-0.20949456103671107,0.0191868733630395,-0.026728584032218804,-0.005274759701646659,-0.0052747597016469,0.0
pangeo_seasonal,7,clean,0.0,0.0,2.0,0.7864592332313105,0.11676500307995927,0.0,1.0,0.39322961661565525,-0.20949456103671107,0.0191868733630395,-0.07264404142747712,-0.005274759701646659,-0.00527475970164702,0.0
pangeo_seasonal,7,clean,1.0,1.6850759670463404,0.0,0.0,0.11676500307995927,0.0,1.0,0.39322961661565525,-0.20949456103671107,1.7042628404093811,1.7042628404093811,1.6798012073446948,1.6798012073446948,0.0
pangeo_seasonal,7,clean,1.0,1.6850759670463404,1.0,0.39322961661565525,0.11676500307995927,0.0,1.0,0.39322961661565525,-0.20949456103671107,1.7042628404093811,1.6583473830141227,1.6798012073446948,1.6798012073446946,0.0
pangeo_seasonal,7,clean,1.0,1.6850759670463404,2.0,0.7864592332313105,0.11676500307995927,0.0,1.0,0.39322961661565525,-0.20949456103671107,1.7042628404093811,1.6124319256188642,1.6798012073446948,1.6798012073446942,0.0
pangeo_seasonal,7,clean,3.0,5.0552279011390215,0.0,0.0,0.11676500307995927,0.0,1.0,0.39322961661565525,-0.20949456103671107,5.074414774502062,5.074414774502062,5.049953141437375,5.049953141437375,0.0
pangeo_seasonal,7,clean,3.0,5.0552279011390215,1.0,0.39322961661565525,0.11676500307995927,0.0,1.0,0.39322961661565525,-0.20949456103671107,5.074414774502062,5.028499317106803,5.049953141437375,5.049953141437375,0.0
pangeo_seasonal,7,clean,3.0,5.0552279011390215,2.0,0.7864592332313105,0.11676500307995927,0.0,1.0,0.39322961661565525,-0.20949456103671107,5.074414774502062,4.982583859711545,5.049953141437375,5.049953141437375,0.0
pangeo_seasonal,7,inclusive,0.0,0.0,0.0,0.0,0.11676500307995927,0.5467431900654196,0.9361595297280645,0.36522982967790507,-0.21256570960102844,0.0191868733630395,0.0191868733630395,-0.005633362373218276,-0.006017523930835477,0.0
pangeo_seasonal,7,inclusive,0.0,0.0,1.0,0.36522982967790507,0.11676500307995927,0.5467431900654196,0.9361595297280645,0.36522982967790507,-0.21256570960102844,0.0191868733630395,-0.023459188824194222,-0.005633362373218276,-0.0060175239308357074,0.0
pangeo_seasonal,7,inclusive,0.0,0.0,2.0,0.7304596593558101,0.11676500307995927,0.5467431900654196,0.9361595297280645,0.36522982967790507,-0.21256570960102844,0.0191868733630395,-0.06610525101142777,-0.005633362373218276,-0.006017523930835533,0.0
pangeo_seasonal,7,inclusive,1.0,1.6850759670463404,0.0,0.0,0.11676500307995927,0.5467431900654196,0.9361595297280645,0.36522982967790507,-1.1338695193265171,1.7042628404093811,1.7042628404093811,1.5718665624929478,1.6790584431155062,0.10757604218017482
pangeo_seasonal,7,inclusive,1.0,1.6850759670463404,1.0,0.36522982967790507,0.11676500307995927,0.5467431900654196,0.9361595297280645,0.36522982967790507,-1.1338695193265171,1.7042628404093811,1.6616167782221474,1.5718665624929478,1.6790584431155058,0.10757604218017482
pangeo_seasonal,7,inclusive,1.0,1.6850759670463404,2.0,0.7304596593558101,0.11676500307995927,0.5467431900654196,0.9361595297280645,0.36522982967790507,-1.1338695193265171,1.7042628404093811,1.6189707160349136,1.5718665624929478,1.6790584431155058,0.10757604218017482
pangeo_seasonal,7,inclusive,3.0,5.0552279011390215,0.0,0.0,0.11676500307995927,0.5467431900654196,0.9361595297280645,0.36522982967790507,-2.976477138777494,5.074414774502062,5.074414774502062,4.726866412225279,5.049210377208187,0.32272812654052446
pangeo_seasonal,7,inclusive,3.0,5.0552279011390215,1.0,0.36522982967790507,0.11676500307995927,0.5467431900654196,0.9361595297280645,0.36522982967790507,-2.976477138777494,5.074414774502062,5.031768712314827,4.726866412225279,5.049210377208185,0.32272812654052446
pangeo_seasonal,7,inclusive,3.0,5.0552279011390215,2.0,0.7304596593558101,0.11676500307995927,0.5467431900654196,0.9361595297280645,0.36522982967790507,-2.976477138777494,5.074414774502062,4.9891226501275945,4.726866412225279,5.049210377208187,0.32272812654052446
pangeo_seasonal,8,clean,0.0,0.0,0.0,0.0,0.11184408907632241,0.0,1.0,0.09565995706461827,0.44190325014552984,-0.28470283262439794,-0.28470283262439794,-0.23527856615200485,-0.2352785661520049,0.0
pangeo_seasonal,8,clean,0.0,0.0,1.0,0.09565995706461827,0.11184408907632241,0.0,1.0,0.09565995706461827,0.44190325014552984,-0.28470283262439794,-0.29540183338337034,-0.23527856615200485,-0.23527856615200488,0.0
pangeo_seasonal,8,clean,0.0,0.0,2.0,0.19131991412923655,0.11184408907632241,0.0,1.0,0.09565995706461827,0.44190325014552984,-0.28470283262439794,-0.30610083414234257,-0.23527856615200485,-0.23527856615200488,0.0
pangeo_seasonal,8,clean,1.0,1.640064689168506,0.0,0.0,0.11184408907632241,0.0,1.0,0.09565995706461827,0.44190325014552984,1.3553618565441083,1.3553618565441083,1.4047861230165015,1.4047861230165013,0.0
pangeo_seasonal,8,clean,1.0,1.640064689168506,1.0,0.09565995706461827,0.11184408907632241,0.0,1.0,0.09565995706461827,0.44190325014552984,1.3553618565441083,1.3446628557851361,1.4047861230165015,1.4047861230165015,0.0
pangeo_seasonal,8,clean,1.0,1.640064689168506,2.0,0.19131991412923655,0.11184408907632241,0.0,1.0,0.09565995706461827,0.44190325014552984,1.3553618565441083,1.3339638550261639,1.4047861230165015,1.4047861230165015,0.0
pangeo_seasonal,8,clean,3.0,4.920194067505518,0.0,0.0,0.11184408907632241,0.0,1.0,0.09565995706461827,0.44190325014552984,4.63549123488112,4.63549123488112,4.6849155013535135,4.684915501353513,0.0
pangeo_seasonal,8,clean,3.0,4.920194067505518,1.0,0.09565995706461827,0.11184408907632241,0.0,1.0,0.09565995706461827,0.44190325014552984,4.63549123488112,4.624792234122149,4.6849155013535135,4.684915501353514,0.0
pangeo_seasonal,8,clean,3.0,4.920194067505518,2.0,0.19131991412923655,0.11184408907632241,0.0,1.0,0.09565995706461827,0.44190325014552984,4.63549123488112,4.6140932333631755,4.6849155013535135,4.6849155013535135,0.0
pangeo_seasonal,8,inclusive,0.0,0.0,0.0,0.0,0.11184408907632241,0.0,1.0,0.09560678545944702,0.4437573889288814,-0.28470283262439794,-0.28470283262439794,-0.2350711916887601,-0.23507119168875987,0.0
pangeo_seasonal,8,inclusive,0.0,0.0,1.0,0.09560678545944702,0.11184408907632241,0.0,1.0,0.09560678545944702,0.4437573889288814,-0.28470283262439794,-0.29539588645362524,-0.2350711916887601,-0.23507119168875995,0.0
pangeo_seasonal,8,inclusive,0.0,0.0,2.0,0.19121357091889404,0.11184408907632241,0.0,1.0,0.09560678545944702,0.4437573889288814,-0.28470283262439794,-0.3060889402828524,-0.2350711916887601,-0.23507119168875987,0.0
pangeo_seasonal,8,inclusive,1.0,1.640064689168506,0.0,0.0,0.11184408907632241,0.0,1.0,0.09560678545944702,0.4437573889288814,1.3553618565441083,1.3553618565441083,1.4049934974797462,1.4049934974797464,0.0
pangeo_seasonal,8,inclusive,1.0,1.640064689168506,1.0,0.09560678545944702,0.11184408907632241,0.0,1.0,0.09560678545944702,0.4437573889288814,1.3553618565441083,1.3446688027148812,1.4049934974797462,1.4049934974797464,0.0
pangeo_seasonal,8,inclusive,1.0,1.640064689168506,2.0,0.19121357091889404,0.11184408907632241,0.0,1.0,0.09560678545944702,0.4437573889288814,1.3553618565441083,1.333975748885654,1.4049934974797462,1.4049934974797467,0.0
pangeo_seasonal,8,inclusive,3.0,4.920194067505518,0.0,0.0,0.11184408907632241,0.0,1.0,0.09560678545944702,0.4437573889288814,4.63549123488112,4.63549123488112,4.685122875816758,4.685122875816758,0.0
pangeo_seasonal,8,inclusive,3.0,4.920194067505518,1.0,0.09560678545944702,0.11184408907632241,0.0,1.0,0.09560678545944702,0.4437573889288814,4.63549123488112,4.624798181051892,4.685122875816758,4.685122875816758,0.0
pangeo_seasonal,8,inclusive,3.0,4.920194067505518,2.0,0.19121357091889404,0.11184408907632241,0.0,1.0,0.09560678545944702,0.4437573889288814,4.63549123488112,4.6141051272226665,4.685122875816758,4.685122875816759,0.0
pangeo_seasonal,9,clean,0.0,0.0,0.0,0.0,0.11730988198095993,0.0,1.0,0.13238805018260896,-0.23898740959240375,0.13139377750929296,0.13139377750929296,0.10335819269507258,0.10335819269507274,0.0
pangeo_seasonal,9,clean,0.0,0.0,1.0,0.13238805018260896,0.11730988198095993,0.0,1.0,0.13238805018260896,-0.23898740959240375,0.13139377750929296,0.11586335096668154,0.10335819269507258,0.10335819269507258,0.0
pangeo_seasonal,9,clean,0.0,0.0,2.0,0.2647761003652179,0.11730988198095993,0.0,1.0,0.13238805018260896,-0.23898740959240375,0.13139377750929296,0.10033292442407013,0.10335819269507258,0.10335819269507242,0.0
pangeo_seasonal,9,clean,1.0,1.8395907307713528,0.0,0.0,0.11730988198095993,0.0,1.0,0.13238805018260896,-0.23898740959240375,1.9709845082806456,1.9709845082806456,1.9429489234664252,1.9429489234664254,0.0
pangeo_seasonal,9,clean,1.0,1.8395907307713528,1.0,0.13238805018260896,0.11730988198095993,0.0,1.0,0.13238805018260896,-0.23898740959240375,1.9709845082806456,1.9554540817380341,1.9429489234664252,1.9429489234664252,0.0
pangeo_seasonal,9,clean,1.0,1.8395907307713528,2.0,0.2647761003652179,0.11730988198095993,0.0,1.0,0.13238805018260896,-0.23898740959240375,1.9709845082806456,1.9399236551954229,1.9429489234664252,1.9429489234664252,0.0
pangeo_seasonal,9,clean,3.0,5.518772192314058,0.0,0.0,0.11730988198095993,0.0,1.0,0.13238805018260896,-0.23898740959240375,5.650165969823351,5.650165969823351,5.6221303850091315,5.622130385009131,0.0
pangeo_seasonal,9,clean,3.0,5.518772192314058,1.0,0.13238805018260896,0.11730988198095993,0.0,1.0,0.13238805018260896,-0.23898740959240375,5.650165969823351,5.63463554328074,5.6221303850091315,5.622130385009131,0.0
pangeo_seasonal,9,clean,3.0,5.518772192314058,2.0,0.2647761003652179,0.11730988198095993,0.0,1.0,0.13238805018260896,-0.23898740959240375,5.650165969823351,5.619105116738129,5.6221303850091315,5.622130385009131,0.0
pangeo_seasonal,9,inclusive,0.0,0.0,0.0,0.0,0.11730988198095993,0.0,1.0,0.1323588421739676,-0.23908059694851716,0.13139377750929296,0.13139377750929296,0.10334726089732467,0.10334726089732496,0.0
pangeo_seasonal,9,inclusive,0.0,0.0,1.0,0.1323588421739676,0.11730988198095993,0.0,1.0,0.1323588421739676,-0.23908059694851716,0.13139377750929296,0.11586677735472808,0.10334726089732467,0.10334726089732477,0.0
pangeo_seasonal,9,inclusive,0.0,0.0,2.0,0.2647176843479352,0.11730988198095993,0.0,1.0,0.1323588421739676,-0.23908059694851716,0.13139377750929296,0.10033977720016338,0.10334726089732467,0.10334726089732472,0.0
pangeo_seasonal,9,inclusive,1.0,1.8395907307713528,0.0,0.0,0.11730988198095993,0.0,1.0,0.1323588421739676,-0.23908059694851716,1.9709845082806456,1.9709845082806456,1.9429379916686773,1.9429379916686778,0.0
pangeo_seasonal,9,inclusive,1.0,1.8395907307713528,1.0,0.1323588421739676,0.11730988198095993,0.0,1.0,0.1323588421739676,-0.23908059694851716,1.9709845082806456,1.9554575081260808,1.9429379916686773,1.9429379916686775,0.0
pangeo_seasonal,9,inclusive,1.0,1.8395907307713528,2.0,0.2647176843479352,0.11730988198095993,0.0,1.0,0.1323588421739676,-0.23908059694851716,1.9709845082806456,1.9399305079715163,1.9429379916686773,1.9429379916686778,0.0
pangeo_seasonal,9,inclusive,3.0,5.518772192314058,0.0,0.0,0.11730988198095993,0.0,1.0,0.1323588421739676,-0.23908059694851716,5.650165969823351,5.650165969823351,5.622119453211383,5.622119453211383,0.0
pangeo_seasonal,9,inclusive,3.0,5.518772192314058,1.0,0.1323588421739676,0.11730988198095993,0.0,1.0,0.1323588421739676,-0.23908059694851716,5.650165969823351,5.634638969668787,5.622119453211383,5.622119453211384,0.0
pangeo_seasonal,9,inclusive,3.0,5.518772192314058,2.0,0.2647176843479352,0.11730988198095993,0.0,1.0,0.1323588421739676,-0.23908059694851716,5.650165969823351,5.619111969514221,5.622119453211383,5.622119453211383,0.0
pangeo_seasonal,10,clean,0.0,0.0,0.0,0.0,0.10782583801868995,0.0,1.0,0.28521072733485586,-0.10300883062472029,-0.09308800296677563,-0.09308800296677563,-0.10419501645221167,-0.1041950164522114,0.0
pangeo_seasonal,10,clean,0.0,0.0,1.0,0.28521072733485586,0.10782583801868995,0.0,1.0,0.28521072733485586,-0.10300883062472029,-0.09308800296677563,-0.12384108865357683,-0.10419501645221167,-0.1041950164522116,0.0
pangeo_seasonal,10,clean,0.0,0.0,2.0,0.5704214546697117,0.10782583801868995,0.0,1.0,0.28521072733485586,-0.10300883062472029,-0.09308800296677563,-0.1545941743403775,-0.10419501645221167,-0.10419501645221148,0.0
pangeo_seasonal,10,clean,1.0,1.8148265103358656,0.0,0.0,0.10782583801868995,0.0,1.0,0.28521072733485586,-0.10300883062472029,1.7217385073690905,1.7217385073690905,1.7106314938836547,1.7106314938836547,0.0
pangeo_seasonal,10,clean,1.0,1.8148265103358656,1.0,0.28521072733485586,0.10782583801868995,0.0,1.0,0.28521072733485586,-0.10300883062472029,1.7217385073690905,1.6909854216822893,1.7106314938836547,1.7106314938836544,0.0
pangeo_seasonal,10,clean,1.0,1.8148265103358656,2.0,0.5704214546697117,0.10782583801868995,0.0,1.0,0.28521072733485586,-0.10300883062472029,1.7217385073690905,1.6602323359954887,1.7106314938836547,1.7106314938836547,0.0
pangeo_seasonal,10,clean,3.0,5.444479531007596,0.0,0.0,0.10782583801868995,0.0,1.0,0.28521072733485586,-0.10300883062472029,5.35139152804082,5.35139152804082,5.3402845145553846,5.3402845145553846,0.0
pangeo_seasonal,10,clean,3.0,5.444479531007596,1.0,0.28521072733485586,0.10782583801868995,0.0,1.0,0.28521072733485586,-0.10300883062472029,5.35139152804082,5.32063844235402,5.3402845145553846,5.340284514555385,0.0
pangeo_seasonal,10,clean,3.0,5.444479531007596,2.0,0.5704214546697117,0.10782583801868995,0.0,1.0,0.28521072733485586,-0.10300883062472029,5.35139152804082,5.289885356667218,5.3402845145553846,5.3402845145553846,0.0
pangeo_seasonal,10,inclusive,0.0,0.0,0.0,0.0,0.10782583801868995,0.0,1.0,0.2852164651920412,-0.10314815120872253,-0.09308800296677563,-0.09308800296677563,-0.10421003881093487,-0.10421003881093469,0.0
pangeo_seasonal,10,inclusive,0.0,0.0,1.0,0.2852164651920412,0.10782583801868995,0.0,1.0,0.2852164651920412,-0.10314815120872253,-0.09308800296677563,-0.12384170734283603,-0.10421003881093487,-0.1042100388109347,0.0
pangeo_seasonal,10,inclusive,0.0,0.0,2.0,0.5704329303840824,0.10782583801868995,0.0,1.0,0.2852164651920412,-0.10314815120872253,-0.09308800296677563,-0.15459541171889643,-0.10421003881093487,-0.10421003881093473,0.0
pangeo_seasonal,10,inclusive,1.0,1.8148265103358656,0.0,0.0,0.10782583801868995,0.0,1.0,0.2852164651920412,-0.10314815120872253,1.7217385073690905,1.7217385073690905,1.7106164715249315,1.7106164715249315,0.0
pangeo_seasonal,10,inclusive,1.0,1.8148265103358656,1.0,0.2852164651920412,0.10782583801868995,0.0,1.0,0.2852164651920412,-0.10314815120872253,1.7217385073690905,1.6909848029930301,1.7106164715249315,1.7106164715249315,0.0
pangeo_seasonal,10,inclusive,1.0,1.8148265103358656,2.0,0.5704329303840824,0.10782583801868995,0.0,1.0,0.2852164651920412,-0.10314815120872253,1.7217385073690905,1.6602310986169697,1.7106164715249315,1.7106164715249315,0.0
pangeo_seasonal,10,inclusive,3.0,5.444479531007596,0.0,0.0,0.10782583801868995,0.0,1.0,0.2852164651920412,-0.10314815120872253,5.35139152804082,5.35139152804082,5.340269492196661,5.340269492196661,0.0
pangeo_seasonal,10,inclusive,3.0,5.444479531007596,1.0,0.2852164651920412,0.10782583801868995,0.0,1.0,0.2852164651920412,-0.10314815120872253,5.35139152804082,5.32063782366476,5.340269492196661,5.340269492196661,0.0
pangeo_seasonal,10,inclusive,3.0,5.444479531007596,2.0,0.5704329303840824,0.10782583801868995,0.0,1.0,0.2852164651920412,-0.10314815120872253,5.35139152804082,5.2898841192887,5.340269492196661,5.340269492196661,0.0
pangeo_seasonal,11,clean,0.0,0.0,0.0,0.0,0.10762631935373544,0.0,1.0,0.44879010008631104,-1.1211867215020226,-0.07765517843648606,-0.07765517843648606,-0.19832437858003055,-0.19832437858003038,0.0
pangeo_seasonal,11,clean,0.0,0.0,1.0,0.44879010008631104,0.10762631935373544,0.0,1.0,0.44879010008631104,-1.1211867215020226,-0.07765517843648606,-0.1259568050711703,-0.19832437858003055,-0.19832437858003038,0.0
pangeo_seasonal,11,clean,0.0,0.0,2.0,0.8975802001726221,0.10762631935373544,0.0,1.0,0.44879010008631104,-1.1211867215020226,-0.07765517843648606,-0.17425843170585448,-0.19832437858003055,-0.19832437858003044,0.0
pangeo_seasonal,11,clean,1.0,1.8887850427895718,0.0,0.0,0.10762631935373544,0.0,1.0,0.44879010008631104,-1.1211867215020226,1.811129864353085,1.811129864353085,1.690460664209541,1.6904606642095408,0.0
pangeo_seasonal,11,clean,1.0,1.8887850427895718,1.0,0.44879010008631104,0.10762631935373544,0.0,1.0,0.44879010008631104,-1.1211867215020226,1.811129864353085,1.7628282377184015,1.690460664209541,1.6904606642095414,0.0
pangeo_seasonal,11,clean,1.0,1.8887850427895718,2.0,0.8975802001726221,0.10762631935373544,0.0,1.0,0.44879010008631104,-1.1211867215020226,1.811129864353085,1.714526611083717,1.690460664209541,1.690460664209541,0.0
pangeo_seasonal,11,clean,3.0,5.666355128368716,0.0,0.0,0.10762631935373544,0.0,1.0,0.44879010008631104,-1.1211867215020226,5.58869994993223,5.58869994993223,5.468030749788686,5.468030749788685,0.0
pangeo_seasonal,11,clean,3.0,5.666355128368716,1.0,0.44879010008631104,0.10762631935373544,0.0,1.0,0.44879010008631104,-1.1211867215020226,5.58869994993223,5.540398323297545,5.468030749788686,5.468030749788685,0.0
pangeo_seasonal,11,clean,3.0,5.666355128368716,2.0,0.8975802001726221,0.10762631935373544,0.0,1.0,0.44879010008631104,-1.1211867215020226,5.58869994993223,5.492096696662861,5.468030749788686,5.468030749788685,0.0
pangeo_seasonal,11,inclusive,0.0,0.0,0.0,0.0,0.10762631935373544,0.45726085387747395,0.9507866973126212,0.33193424415330564,-0.7039538877275151,-0.07765517843648606,-0.07765517843648606,-0.1534191443673512,-0.16136021339064507,0.0
pangeo_seasonal,11,inclusive,0.0,0.0,1.0,0.33193424415330564,0.10762631935373544,0.45726085387747395,0.9507866973126212,0.33193424415330564,-0.7039538877275151,-0.07765517843648606,-0.11338003940217059,-0.1534191443673512,-0.1613602133906451,0.0
pangeo_seasonal,11,inclusive,0.0,0.0,2.0,0.6638684883066113,0.10762631935373544,0.45726085387747395,0.9507866973126212,0.33193424415330564,-0.7039538877275151,-0.07765517843648606,-0.1491049003678552,-0.1534191443673512,-0.16136021339064527,0.0
pangeo_seasonal,11,inclusive,1.0,1.8887850427895718,0.0,0.0,0.10762631935373544,0.45726085387747395,0.9507866973126212,0.33193424415330564,-1.5676213491844755,1.811129864353085,1.811129864353085,1.6424125484000232,1.727424829398926,0.09295335002219685
pangeo_seasonal,11,inclusive,1.0,1.8887850427895718,1.0,0.33193424415330564,0.10762631935373544,0.45726085387747395,0.9507866973126212,0.33193424415330564,-1.5676213491844755,1.811129864353085,1.775405003387401,1.6424125484000232,1.7274248293989265,0.09295335002219685
pangeo_seasonal,11,inclusive,1.0,1.8887850427895718,2.0,0.6638684883066113,0.10762631935373544,0.45726085387747395,0.9507866973126212,0.33193424415330564,-1.5676213491844755,1.811129864353085,1.7396801424217165,1.6424125484000232,1.7274248293989265,0.09295335002219685
pangeo_seasonal,11,inclusive,3.0,5.666355128368716,0.0,0.0,0.10762631935373544,0.45726085387747395,0.9507866973126212,0.33193424415330564,-3.2949562720983976,5.58869994993223,5.58869994993223,5.234075933934774,5.504994914978071,0.2788600500665906
pangeo_seasonal,11,inclusive,3.0,5.666355128368716,1.0,0.33193424415330564,0.10762631935373544,0.45726085387747395,0.9507866973126212,0.33193424415330564,-3.2949562720983976,5.58869994993223,5.552975088966545,5.234075933934774,5.504994914978071,0.2788600500665906
pangeo_seasonal,11,inclusive,3.0,5.666355128368716,2.0,0.6638684883066113,0.10762631935373544,0.45726085387747395,0.9507866973126212,0.33193424415330564,-3.2949562720983976,5.58869994993223,5.51725022800086,5.234075933934774,5.504994914978069,0.2788600500665906
pangeo_seasonal,12,clean,0.0,0.0,0.0,0.0,0.1150179094977187,0.0,1.0,0.8086020771175687,0.10320168885897854,-0.1460532267221888,-0.1460532267221888,-0.13418318421299524,-0.13418318421299508,0.0
pangeo_seasonal,12,clean,0.0,0.0,1.0,0.8086020771175687,0.1150179094977187,0.0,1.0,0.8086020771175687,0.10320168885897854,-0.1460532267221888,-0.23905694724776455,-0.13418318421299524,-0.134183184212995,0.0
pangeo_seasonal,12,clean,0.0,0.0,2.0,1.6172041542351374,0.1150179094977187,0.0,1.0,0.8086020771175687,0.10320168885897854,-0.1460532267221888,-0.3320606677733407,-0.13418318421299524,-0.13418318421299522,0.0
pangeo_seasonal,12,clean,1.0,1.3223734960838032,0.0,0.0,0.1150179094977187,0.0,1.0,0.8086020771175687,0.10320168885897854,1.1763202693616146,1.1763202693616146,1.1881903118708081,1.1881903118708084,0.0
pangeo_seasonal,12,clean,1.0,1.3223734960838032,1.0,0.8086020771175687,0.1150179094977187,0.0,1.0,0.8086020771175687,0.10320168885897854,1.1763202693616146,1.0833165488360388,1.1881903118708081,1.1881903118708084,0.0
pangeo_seasonal,12,clean,1.0,1.3223734960838032,2.0,1.6172041542351374,0.1150179094977187,0.0,1.0,0.8086020771175687,0.10320168885897854,1.1763202693616146,0.9903128283104626,1.1881903118708081,1.1881903118708081,0.0
pangeo_seasonal,12,clean,3.0,3.9671204882514095,0.0,0.0,0.1150179094977187,0.0,1.0,0.8086020771175687,0.10320168885897854,3.8210672615292203,3.8210672615292203,3.8329373040384134,3.832937304038414,0.0
pangeo_seasonal,12,clean,3.0,3.9671204882514095,1.0,0.8086020771175687,0.1150179094977187,0.0,1.0,0.8086020771175687,0.10320168885897854,3.8210672615292203,3.728063541003644,3.8329373040384134,3.8329373040384134,0.0
pangeo_seasonal,12,clean,3.0,3.9671204882514095,2.0,1.6172041542351374,0.1150179094977187,0.0,1.0,0.8086020771175687,0.10320168885897854,3.8210672615292203,3.635059820478068,3.8329373040384134,3.832937304038414,0.0
pangeo_seasonal,12,inclusive,0.0,0.0,0.0,0.0,0.1150179094977187,0.2346245723699873,0.9730139721692078,0.6516025596240496,0.7149042473207416,-0.1460532267221888,-0.1460532267221888,-0.06382643470431706,-0.06559662710908898,0.0
pangeo_seasonal,12,inclusive,0.0,0.0,1.0,0.6516025596240496,0.1150179094977187,0.2346245723699873,0.9730139721692078,0.6516025596240496,0.7149042473207416,-0.1460532267221888,-0.22099919095350967,-0.06382643470431706,-0.06559662710908908,0.0
pangeo_seasonal,12,inclusive,0.0,0.0,2.0,1.3032051192480991,0.1150179094977187,0.2346245723699873,0.9730139721692078,0.6516025596240496,0.7149042473207416,-0.1460532267221888,-0.29594515518483056,-0.06382643470431706,-0.06559662710908913,0.0
pangeo_seasonal,12,inclusive,1.0,1.3223734960838032,0.0,0.0,0.1150179094977187,0.2346245723699873,0.9730139721692078,0.6516025596240496,0.4046429312886744,1.1763202693616146,1.1763202693616146,1.222861453411467,1.2567768689747145,0.03568560796801942
pangeo_seasonal,12,inclusive,1.0,1.3223734960838032,1.0,0.6516025596240496,0.1150179094977187,0.2346245723699873,0.9730139721692078,0.6516025596240496,0.4046429312886744,1.1763202693616146,1.1013743051302938,1.222861453411467,1.2567768689747143,0.03568560796801942
pangeo_seasonal,12,inclusive,1.0,1.3223734960838032,2.0,1.3032051192480991,0.1150179094977187,0.2346245723699873,0.9730139721692078,0.6516025596240496,0.4046429312886744,1.1763202693616146,1.0264283408989727,1.222861453411467,1.256776868974714,0.03568560796801942
pangeo_seasonal,12,inclusive,3.0,3.9671204882514095,0.0,0.0,0.1150179094977187,0.2346245723699873,0.9730139721692078,0.6516025596240496,-0.21587970077546056,3.8210672615292203,3.8210672615292203,3.796237229643033,3.90152386114232,0.10705682390405828
pangeo_seasonal,12,inclusive,3.0,3.9671204882514095,1.0,0.6516025596240496,0.1150179094977187,0.2346245723699873,0.9730139721692078,0.6516025596240496,-0.21587970077546056,3.8210672615292203,3.7461212972978997,3.796237229643033,3.90152386114232,0.10705682390405828
pangeo_seasonal,12,inclusive,3.0,3.9671204882514095,2.0,1.3032051192480991,0.1150179094977187,0.2346245723699873,0.9730139721692078,0.6516025596240496,-0.21587970077546056,3.8210672615292203,3.6711753330665786,3.796237229643033,3.90152386114232,0.10705682390405828
pangeo_seasonal,13,clean,0.0,0.0,0.0,0.0,0.11505367404075796,0.0,1.0,0.1997807226066518,-0.19826147254117502,0.32631652766960784,0.32631652766960784,0.3035058168330149,0.3035058168330148,0.0
pangeo_seasonal,13,clean,0.0,0.0,1.0,0.1997807226066518,0.11505367404075796,0.0,1.0,0.1997807226066518,-0.19826147254117502,0.32631652766960784,0.30333102153119534,0.3035058168330149,0.3035058168330152,0.0
pangeo_seasonal,13,clean,0.0,0.0,2.0,0.3995614452133036,0.11505367404075796,0.0,1.0,0.1997807226066518,-0.19826147254117502,0.32631652766960784,0.2803455153927823,0.3035058168330149,0.3035058168330148,0.0
pangeo_seasonal,13,clean,1.0,1.43413326462926,0.0,0.0,0.11505367404075796,0.0,1.0,0.1997807226066518,-0.19826147254117502,1.7604497922988678,1.7604497922988678,1.7376390814622744,1.7376390814622746,0.0
pangeo_seasonal,13,clean,1.0,1.43413326462926,1.0,0.1997807226066518,0.11505367404075796,0.0,1.0,0.1997807226066518,-0.19826147254117502,1.7604497922988678,1.737464286160455,1.7376390814622744,1.7376390814622749,0.0
pangeo_seasonal,13,clean,1.0,1.43413326462926,2.0,0.3995614452133036,0.11505367404075796,0.0,1.0,0.1997807226066518,-0.19826147254117502,1.7604497922988678,1.714478780022042,1.7376390814622744,1.7376390814622744,0.0
pangeo_seasonal,13,clean,3.0,4.30239979388778,0.0,0.0,0.11505367404075796,0.0,1.0,0.1997807226066518,-0.19826147254117502,4.6287163215573885,4.6287163215573885,4.605905610720795,4.605905610720796,0.0
pangeo_seasonal,13,clean,3.0,4.30239979388778,1.0,0.1997807226066518,0.11505367404075796,0.0,1.0,0.1997807226066518,-0.19826147254117502,4.6287163215573885,4.605730815418975,4.605905610720795,4.605905610720795,0.0
pangeo_seasonal,13,clean,3.0,4.30239979388778,2.0,0.3995614452133036,0.11505367404075796,0.0,1.0,0.1997807226066518,-0.19826147254117502,4.6287163215573885,4.582745309280562,4.605905610720795,4.605905610720795,0.0
pangeo_seasonal,13,inclusive,0.0,0.0,0.0,0.0,0.11505367404075796,0.0,1.0,0.19975189596943982,-0.19767304512506562,0.32631652766960784,0.32631652766960784,0.30357351756914464,0.3035735175691445,0.0
pangeo_seasonal,13,inclusive,0.0,0.0,1.0,0.19975189596943982,0.11505367404075796,0.0,1.0,0.19975189596943982,-0.19767304512506562,0.32631652766960784,0.30333433814171684,0.30357351756914464,0.30357351756914486,0.0
pangeo_seasonal,13,inclusive,0.0,0.0,2.0,0.39950379193887964,0.11505367404075796,0.0,1.0,0.19975189596943982,-0.19767304512506562,0.32631652766960784,0.2803521486138255,0.30357351756914464,0.30357351756914486,0.0
pangeo_seasonal,13,inclusive,1.0,1.43413326462926,0.0,0.0,0.11505367404075796,0.0,1.0,0.19975189596943982,-0.19767304512506562,1.7604497922988678,1.7604497922988678,1.7377067821984042,1.7377067821984045,0.0
pangeo_seasonal,13,inclusive,1.0,1.43413326462926,1.0,0.19975189596943982,0.11505367404075796,0.0,1.0,0.19975189596943982,-0.19767304512506562,1.7604497922988678,1.7374676027709768,1.7377067821984042,1.7377067821984047,0.0
pangeo_seasonal,13,inclusive,1.0,1.43413326462926,2.0,0.39950379193887964,0.11505367404075796,0.0,1.0,0.19975189596943982,-0.19767304512506562,1.7604497922988678,1.7144854132430851,1.7377067821984042,1.7377067821984045,0.0
pangeo_seasonal,13,inclusive,3.0,4.30239979388778,0.0,0.0,0.11505367404075796,0.0,1.0,0.19975189596943982,-0.19767304512506562,4.6287163215573885,4.6287163215573885,4.605973311456926,4.605973311456925,0.0
pangeo_seasonal,13,inclusive,3.0,4.30239979388778,1.0,0.19975189596943982,0.11505367404075796,0.0,1.0,0.19975189596943982,-0.19767304512506562,4.6287163215573885,4.6057341320294976,4.605973311456926,4.605973311456926,0.0
pangeo_seasonal,13,inclusive,3.0,4.30239979388778,2.0,0.39950379193887964,0.11505367404075796,0.0,1.0,0.19975189596943982,-0.19767304512506562,4.6287163215573885,4.582751942501605,4.605973311456926,4.605973311456924,0.0
pangeo_seasonal,14,clean,0.0,0.0,0.0,0.0,0.12645571697106453,0.0,1.0,0.26279902369075414,0.08961801642665942,-0.5290586457873276,-0.5290586457873276,-0.5177259352665695,-0.5177259352665697,0.0
pangeo_seasonal,14,clean,0.0,0.0,1.0,0.26279902369075414,0.12645571697106453,0.0,1.0,0.26279902369075414,0.08961801642665942,-0.5290586457873276,-0.5622910847474374,-0.5177259352665695,-0.5177259352665695,0.0
pangeo_seasonal,14,clean,0.0,0.0,2.0,0.5255980473815083,0.12645571697106453,0.0,1.0,0.26279902369075414,0.08961801642665942,-0.5290586457873276,-0.5955235237075479,-0.5177259352665695,-0.5177259352665697,0.0
pangeo_seasonal,14,clean,1.0,1.2770540863044044,0.0,0.0,0.12645571697106453,0.0,1.0,0.26279902369075414,0.08961801642665942,0.7479954405170771,0.7479954405170771,0.7593281510378352,0.759328151037835,0.0
pangeo_seasonal,14,clean,1.0,1.2770540863044044,1.0,0.26279902369075414,0.12645571697106453,0.0,1.0,0.26279902369075414,0.08961801642665942,0.7479954405170771,0.7147630015569673,0.7593281510378352,0.7593281510378351,0.0
pangeo_seasonal,14,clean,1.0,1.2770540863044044,2.0,0.5255980473815083,0.12645571697106453,0.0,1.0,0.26279902369075414,0.08961801642665942,0.7479954405170771,0.6815305625968568,0.7593281510378352,0.759328151037835,0.0
pangeo_seasonal,14,clean,3.0,3.8311622589132135,0.0,0.0,0.12645571697106453,0.0,1.0,0.26279902369075414,0.08961801642665942,3.302103613125886,3.302103613125886,3.313436323646644,3.3134363236466435,0.0
pangeo_seasonal,14,clean,3.0,3.8311622589132135,1.0,0.26279902369075414,0.12645571697106453,0.0,1.0,0.26279902369075414,0.08961801642665942,3.302103613125886,3.2688711741657763,3.313436323646644,3.3134363236466444,0.0
pangeo_seasonal,14,clean,3.0,3.8311622589132135,2.0,0.5255980473815083,0.12645571697106453,0.0,1.0,0.26279902369075414,0.08961801642665942,3.302103613125886,3.235638735205666,3.313436323646644,3.313436323646644,0.0
pangeo_seasonal,14,inclusive,0.0,0.0,0.0,0.0,0.12645571697106453,0.1187631194133593,0.9849817245848635,0.2517072727414031,0.058384319081788226,-0.5290586457873276,-0.5290586457873276,-0.5216756148579729,-0.5296297401637998,0.0
pangeo_seasonal,14,inclusive,0.0,0.0,1.0,0.2517072727414031,0.12645571697106453,0.1187631194133593,0.9849817245848635,0.2517072727414031,0.058384319081788226,-0.5290586457873276,-0.5608884694286731,-0.5216756148579729,-0.5296297401637999,0.0
pangeo_seasonal,14,inclusive,0.0,0.0,2.0,0.5034145454828062,0.12645571697106453,0.1187631194133593,0.9849817245848635,0.2517072727414031,0.058384319081788226,-0.5290586457873276,-0.5927182930700186,-0.5216756148579729,-0.5296297401637998,0.0
pangeo_seasonal,14,inclusive,1.0,1.2770540863044044,0.0,0.0,0.12645571697106453,0.1187631194133593,0.9849817245848635,0.2517072727414031,-0.09328260786729992,0.7479954405170771,0.7479954405170771,0.7361993214582869,0.7474243461406049,0.019179149988145048
pangeo_seasonal,14,inclusive,1.0,1.2770540863044044,1.0,0.2517072727414031,0.12645571697106453,0.1187631194133593,0.9849817245848635,0.2517072727414031,-0.09328260786729992,0.7479954405170771,0.7161656168757317,0.7361993214582869,0.7474243461406048,0.019179149988145048
pangeo_seasonal,14,inclusive,1.0,1.2770540863044044,2.0,0.5034145454828062,0.12645571697106453,0.1187631194133593,0.9849817245848635,0.2517072727414031,-0.09328260786729992,0.7479954405170771,0.6843357932343862,0.7361993214582869,0.7474243461406049,0.019179149988145048
pangeo_seasonal,14,inclusive,3.0,3.8311622589132135,0.0,0.0,0.12645571697106453,0.1187631194133593,0.9849817245848635,0.2517072727414031,-0.39661646176547694,3.302103613125886,3.302103613125886,3.2519491940908054,3.3015325187494136,0.05753744996443515
pangeo_seasonal,14,inclusive,3.0,3.8311622589132135,1.0,0.2517072727414031,0.12645571697106453,0.1187631194133593,0.9849817245848635,0.2517072727414031,-0.39661646176547694,3.302103613125886,3.2702737894845404,3.2519491940908054,3.3015325187494136,0.05753744996443515
pangeo_seasonal,14,inclusive,3.0,3.8311622589132135,2.0,0.5034145454828062,0.12645571697106453,0.1187631194133593,0.9849817245848635,0.2517072727414031,-0.39661646176547694,3.302103613125886,3.238443965843195,3.2519491940908054,3.3015325187494136,0.05753744996443515
pangeo_seasonal,15,clean,0.0,0.0,0.0,0.0,0.14558617720035194,0.0,1.0,0.7565979354879249,-0.4953913311242433,0.083576892014624,0.083576892014624,0.011454761898051658,0.011454761898051691,0.0
pangeo_seasonal,15,clean,0.0,0.0,1.0,0.7565979354879249,0.14558617720035194,0.0,1.0,0.7565979354879249,-0.4953913311242433,0.083576892014624,-0.026573309090741404,0.011454761898051658,0.011454761898051734,0.0
pangeo_seasonal,15,clean,0.0,0.0,2.0,1.5131958709758497,0.14558617720035194,0.0,1.0,0.7565979354879249,-0.4953913311242433,0.083576892014624,-0.1367235101961068,0.011454761898051658,0.011454761898051792,0.0
pangeo_seasonal,15,clean,1.0,2.02223432442596,0.0,0.0,0.14558617720035194,0.0,1.0,0.7565979354879249,-0.4953913311242433,2.105811216440584,2.105811216440584,2.033689086324012,2.033689086324012,0.0
pangeo_seasonal,15,clean,1.0,2.02223432442596,1.0,0.7565979354879249,0.14558617720035194,0.0,1.0,0.7565979354879249,-0.4953913311242433,2.105811216440584,1.9956610153352194,2.033689086324012,2.0336890863240127,0.0
pangeo_seasonal,15,clean,1.0,2.02223432442596,2.0,1.5131958709758497,0.14558617720035194,0.0,1.0,0.7565979354879249,-0.4953913311242433,2.105811216440584,1.8855108142298538,2.033689086324012,2.0336890863240122,0.0
pangeo_seasonal,15,clean,3.0,6.06670297327788,0.0,0.0,0.14558617720035194,0.0,1.0,0.7565979354879249,-0.4953913311242433,6.150279865292504,6.150279865292504,6.078157735175932,6.078157735175932,0.0
pangeo_seasonal,15,clean,3.0,6.06670297327788,1.0,0.7565979354879249,0.14558617720035194,0.0,1.0,0.7565979354879249,-0.4953913311242433,6.150279865292504,6.040129664187139,6.078157735175932,6.078157735175933,0.0
pangeo_seasonal,15,clean,3.0,6.06670297327788,2.0,1.5131958709758497,0.14558617720035194,0.0,1.0,0.7565979354879249,-0.4953913311242433,6.150279865292504,5.929979463081773,6.078157735175932,6.078157735175932,0.0
pangeo_seasonal,15,inclusive,0.0,0.0,0.0,0.0,0.14558617720035194,0.3661237335471129,0.9466974452505555,0.6645497797259483,-0.04441786839039352,0.083576892014624,0.083576892014624,0.07711026435627807,0.08145185639100361,0.0
pangeo_seasonal,15,inclusive,0.0,0.0,1.0,0.6645497797259483,0.14558617720035194,0.3661237335471129,0.9466974452505555,0.6645497797259483,-0.04441786839039352,0.083576892014624,-0.013172369975012721,0.07711026435627807,0.08145185639100373,0.0
pangeo_seasonal,15,inclusive,0.0,0.0,2.0,1.3290995594518966,0.14558617720035194,0.3661237335471129,0.9466974452505555,0.6645497797259483,-0.04441786839039352,0.083576892014624,-0.10992163196464962,0.07711026435627807,0.08145185639100361,0.0
pangeo_seasonal,15,inclusive,1.0,2.02223432442596,0.0,0.0,0.14558617720035194,0.3661237335471129,0.9466974452505555,0.6645497797259483,-0.7848058493563498,2.105811216440584,2.105811216440584,1.9915543329883185,2.103686180816964,0.10779025579392047
pangeo_seasonal,15,inclusive,1.0,2.02223432442596,1.0,0.6645497797259483,0.14558617720035194,0.3661237335471129,0.9466974452505555,0.6645497797259483,-0.7848058493563498,2.105811216440584,2.009061954450947,1.9915543329883185,2.1036861808169633,0.10779025579392047
pangeo_seasonal,15,inclusive,1.0,2.02223432442596,2.0,1.3290995594518966,0.14558617720035194,0.3661237335471129,0.9466974452505555,0.6645497797259483,-0.7848058493563498,2.105811216440584,1.9123126924613107,1.9915543329883185,2.103686180816964,0.10779025579392047
pangeo_seasonal,15,inclusive,3.0,6.06670297327788,0.0,0.0,0.14558617720035194,0.3661237335471129,0.9466974452505555,0.6645497797259483,-2.2655818112882615,6.150279865292504,6.150279865292504,5.820442470252397,6.148154829668884,0.3233707673817614
pangeo_seasonal,15,inclusive,3.0,6.06670297327788,1.0,0.6645497797259483,0.14558617720035194,0.3661237335471129,0.9466974452505555,0.6645497797259483,-2.2655818112882615,6.150279865292504,6.053530603302867,5.820442470252397,6.148154829668883,0.3233707673817614
pangeo_seasonal,15,inclusive,3.0,6.06670297327788,2.0,1.3290995594518966,0.14558617720035194,0.3661237335471129,0.9466974452505555,0.6645497797259483,-2.2655818112882615,6.150279865292504,5.956781341313231,5.820442470252397,6.148154829668885,0.3233707673817614
pangeo_seasonal,16,clean,0.0,0.0,0.0,0.0,0.12997935162818025,0.0,1.0,0.37937924108931,-0.4385032725865388,0.3676133074594059,0.3676133074594059,0.3106169364017724,0.3106169364017724,0.0
pangeo_seasonal,16,clean,0.0,0.0,1.0,0.37937924108931,0.12997935162818025,0.0,1.0,0.37937924108931,-0.4385032725865388,0.3676133074594059,0.3183018396814264,0.3106169364017724,0.3106169364017725,0.0
pangeo_seasonal,16,clean,0.0,0.0,2.0,0.75875848217862,0.12997935162818025,0.0,1.0,0.37937924108931,-0.4385032725865388,0.3676133074594059,0.26899037190344666,0.3106169364017724,0.31061693640177235,0.0
pangeo_seasonal,16,clean,1.0,1.8001691898495502,0.0,0.0,0.12997935162818025,0.0,1.0,0.37937924108931,-0.4385032725865388,2.1677824973089557,2.1677824973089557,2.110786126251322,2.1107861262513223,0.0
pangeo_seasonal,16,clean,1.0,1.8001691898495502,1.0,0.37937924108931,0.12997935162818025,0.0,1.0,0.37937924108931,-0.4385032725865388,2.1677824973089557,2.1184710295309754,2.110786126251322,2.1107861262513214,0.0
pangeo_seasonal,16,clean,1.0,1.8001691898495502,2.0,0.75875848217862,0.12997935162818025,0.0,1.0,0.37937924108931,-0.4385032725865388,2.1677824973089557,2.069159561752996,2.110786126251322,2.110786126251322,0.0
pangeo_seasonal,16,clean,3.0,5.400507569548651,0.0,0.0,0.12997935162818025,0.0,1.0,0.37937924108931,-0.4385032725865388,5.768120877008056,5.768120877008056,5.711124505950424,5.711124505950423,0.0
pangeo_seasonal,16,clean,3.0,5.400507569548651,1.0,0.37937924108931,0.12997935162818025,0.0,1.0,0.37937924108931,-0.4385032725865388,5.768120877008056,5.718809409230078,5.711124505950424,5.711124505950424,0.0
pangeo_seasonal,16,clean,3.0,5.400507569548651,2.0,0.75875848217862,0.12997935162818025,0.0,1.0,0.37937924108931,-0.4385032725865388,5.768120877008056,5.669497941452098,5.711124505950424,5.711124505950424,0.0
pangeo_seasonal,16,inclusive,0.0,0.0,0.0,0.0,0.12997935162818025,0.49629290371452917,0.9354921701575186,0.07412182349857072,-0.012387529987783452,0.3676133074594059,0.3676133074594059,0.3660031843433188,0.3912413123475864,0.0
pangeo_seasonal,16,inclusive,0.0,0.0,1.0,0.07412182349857072,0.12997935162818025,0.49629290371452917,0.9354921701575186,0.07412182349857072,-0.012387529987783452,0.3676133074594059,0.35797900089956336,0.3660031843433188,0.39124131234758647,0.0
pangeo_seasonal,16,inclusive,0.0,0.0,2.0,0.14824364699714143,0.12997935162818025,0.49629290371452917,0.9354921701575186,0.07412182349857072,-0.012387529987783452,0.3676133074594059,0.34834469433972065,0.3660031843433188,0.39124131234758636,0.0
pangeo_seasonal,16,inclusive,1.0,1.8001691898495502,0.0,0.0,0.12997935162818025,0.49629290371452917,0.9354921701575186,0.07412182349857072,-0.905798724395648,2.1677824973089557,2.1677824973089557,2.050047366406376,2.191410502197136,0.11612500778649237
pangeo_seasonal,16,inclusive,1.0,1.8001691898495502,1.0,0.07412182349857072,0.12997935162818025,0.49629290371452917,0.9354921701575186,0.07412182349857072,-0.905798724395648,2.1677824973089557,2.1581481907491122,2.050047366406376,2.1914105021971353,0.11612500778649237
pangeo_seasonal,16,inclusive,1.0,1.8001691898495502,2.0,0.14824364699714143,0.12997935162818025,0.49629290371452917,0.9354921701575186,0.07412182349857072,-0.905798724395648,2.1677824973089557,2.1485138841892697,2.050047366406376,2.1914105021971353,0.11612500778649237
pangeo_seasonal,16,inclusive,3.0,5.400507569548651,0.0,0.0,0.12997935162818025,0.49629290371452917,0.9354921701575186,0.07412182349857072,-2.692621113211378,5.768120877008056,5.768120877008056,5.418135730532493,5.791748881896236,0.3483750233594771
pangeo_seasonal,16,inclusive,3.0,5.400507569548651,1.0,0.07412182349857072,0.12997935162818025,0.49629290371452917,0.9354921701575186,0.07412182349857072,-2.692621113211378,5.768120877008056,5.758486570448214,5.418135730532493,5.791748881896238,0.3483750233594771
pangeo_seasonal,16,inclusive,3.0,5.400507569548651,2.0,0.14824364699714143,0.12997935162818025,0.49629290371452917,0.9354921701575186,0.07412182349857072,-2.692621113211378,5.768120877008056,5.748852263888372,5.418135730532493,5.791748881896238,0.3483750233594771
pangeo_seasonal,17,clean,0.0,0.0,0.0,0.0,0.12471571985092389,0.0,1.0,0.6307561855724001,-0.9221603101379701,-0.6369415867275394,-0.6369415867275394,-0.7519494736243472,-0.7519494736243476,0.0
pangeo_seasonal,17,clean,0.0,0.0,1.0,0.6307561855724001,0.12471571985092389,0.0,1.0,0.6307561855724001,-0.9221603101379701,-0.6369415867275394,-0.7156067984616235,-0.7519494736243472,-0.7519494736243468,0.0
pangeo_seasonal,17,clean,0.0,0.0,2.0,1.2615123711448002,0.12471571985092389,0.0,1.0,0.6307561855724001,-0.9221603101379701,-0.6369415867275394,-0.7942720101957083,-0.7519494736243472,-0.7519494736243468,0.0
pangeo_seasonal,17,clean,1.0,1.8070512960824685,0.0,0.0,0.12471571985092389,0.0,1.0,0.6307561855724001,-0.9221603101379701,1.1701097093549293,1.1701097093549293,1.0551018224581217,1.0551018224581212,0.0
pangeo_seasonal,17,clean,1.0,1.8070512960824685,1.0,0.6307561855724001,0.12471571985092389,0.0,1.0,0.6307561855724001,-0.9221603101379701,1.1701097093549293,1.0914444976208455,1.0551018224581217,1.0551018224581221,0.0
pangeo_seasonal,17,clean,1.0,1.8070512960824685,2.0,1.2615123711448002,0.12471571985092389,0.0,1.0,0.6307561855724001,-0.9221603101379701,1.1701097093549293,1.0127792858867606,1.0551018224581217,1.0551018224581221,0.0
pangeo_seasonal,17,clean,3.0,5.421153888247406,0.0,0.0,0.12471571985092389,0.0,1.0,0.6307561855724001,-0.9221603101379701,4.784212301519867,4.784212301519867,4.669204414623059,4.669204414623059,0.0
pangeo_seasonal,17,clean,3.0,5.421153888247406,1.0,0.6307561855724001,0.12471571985092389,0.0,1.0,0.6307561855724001,-0.9221603101379701,4.784212301519867,4.705547089785783,4.669204414623059,4.66920441462306,0.0
pangeo_seasonal,17,clean,3.0,5.421153888247406,2.0,1.2615123711448002,0.12471571985092389,0.0,1.0,0.6307561855724001,-0.9221603101379701,4.784212301519867,4.626881878051697,4.669204414623059,4.669204414623058,0.0
pangeo_seasonal,17,inclusive,0.0,0.0,0.0,0.0,0.12471571985092389,0.4705219394491321,0.9413185176159486,0.6121456930214688,-0.8955445279123262,-0.6369415867275394,-0.6369415867275394,-0.7486300671846801,-0.7952994158456753,0.0
pangeo_seasonal,17,inclusive,0.0,0.0,1.0,0.6121456930214688,0.12471571985092389,0.4705219394491321,0.9413185176159486,0.6121456930214688,-0.8955445279123262,-0.6369415867275394,-0.7132857774863538,-0.7486300671846801,-0.7952994158456744,0.0
pangeo_seasonal,17,inclusive,0.0,0.0,2.0,1.2242913860429376,0.12471571985092389,0.4705219394491321,0.9413185176159486,0.6121456930214688,-0.8955445279123262,-0.6369415867275394,-0.7896299682451687,-0.7486300671846801,-0.7952994158456743,0.0
pangeo_seasonal,17,inclusive,1.0,1.8070512960824685,0.0,0.0,0.12471571985092389,0.4705219394491321,0.9413185176159486,0.6121456930214688,-1.7458018084291171,1.1701097093549293,1.1701097093549293,0.9523807800996478,1.0117518802367935,0.10604044879814051
pangeo_seasonal,17,inclusive,1.0,1.8070512960824685,1.0,0.6121456930214688,0.12471571985092389,0.4705219394491321,0.9413185176159486,0.6121456930214688,-1.7458018084291171,1.1701097093549293,1.093765518596115,0.9523807800996478,1.0117518802367944,0.10604044879814051
pangeo_seasonal,17,inclusive,1.0,1.8070512960824685,2.0,1.2242913860429376,0.12471571985092389,0.4705219394491321,0.9413185176159486,0.6121456930214688,-1.7458018084291171,1.1701097093549293,1.0174213278373,0.9523807800996478,1.0117518802367946,0.10604044879814051
pangeo_seasonal,17,inclusive,3.0,5.421153888247406,0.0,0.0,0.12471571985092389,0.4705219394491321,0.9413185176159486,0.6121456930214688,-3.4463163694627,4.784212301519867,4.784212301519867,4.354402474668303,4.625854472401731,0.3181213463944215
pangeo_seasonal,17,inclusive,3.0,5.421153888247406,1.0,0.6121456930214688,0.12471571985092389,0.4705219394491321,0.9413185176159486,0.6121456930214688,-3.4463163694627,4.784212301519867,4.707868110761053,4.354402474668303,4.625854472401732,0.3181213463944215
pangeo_seasonal,17,inclusive,3.0,5.421153888247406,2.0,1.2242913860429376,0.12471571985092389,0.4705219394491321,0.9413185176159486,0.6121456930214688,-3.4463163694627,4.784212301519867,4.631523920002238,4.354402474668303,4.625854472401732,0.3181213463944215
pangeo_seasonal,18,clean,0.0,0.0,0.0,0.0,0.1396217355237811,0.0,1.0,0.14672815456536803,-0.08066783061362867,-0.508482082449697,-0.508482082449697,-0.5197450649609102,-0.5197450649609102,0.0
pangeo_seasonal,18,clean,0.0,0.0,1.0,0.14672815456536803,0.1396217355237811,0.0,1.0,0.14672815456536803,-0.08066783061362867,-0.508482082449697,-0.5289685220403149,-0.5197450649609102,-0.5197450649609098,0.0
pangeo_seasonal,18,clean,0.0,0.0,2.0,0.29345630913073606,0.1396217355237811,0.0,1.0,0.14672815456536803,-0.08066783061362867,-0.508482082449697,-0.5494549616309337,-0.5197450649609102,-0.5197450649609103,0.0
pangeo_seasonal,18,clean,1.0,1.38599601300499,0.0,0.0,0.1396217355237811,0.0,1.0,0.14672815456536803,-0.08066783061362867,0.877513930555293,0.877513930555293,0.8662509480440796,0.8662509480440798,0.0
pangeo_seasonal,18,clean,1.0,1.38599601300499,1.0,0.14672815456536803,0.1396217355237811,0.0,1.0,0.14672815456536803,-0.08066783061362867,0.877513930555293,0.857027490964675,0.8662509480440796,0.8662509480440801,0.0
pangeo_seasonal,18,clean,1.0,1.38599601300499,2.0,0.29345630913073606,0.1396217355237811,0.0,1.0,0.14672815456536803,-0.08066783061362867,0.877513930555293,0.8365410513740562,0.8662509480440796,0.8662509480440795,0.0
pangeo_seasonal,18,clean,3.0,4.15798803901497,0.0,0.0,0.1396217355237811,0.0,1.0,0.14672815456536803,-0.08066783061362867,3.6495059565652737,3.6495059565652737,3.63824297405406,3.6382429740540605,0.0
pangeo_seasonal,18,clean,3.0,4.15798803901497,1.0,0.14672815456536803,0.1396217355237811,0.0,1.0,0.14672815456536803,-0.08066783061362867,3.6495059565652737,3.629019516974656,3.63824297405406,3.638242974054061,0.0
pangeo_seasonal,18,clean,3.0,4.15798803901497,2.0,0.29345630913073606,0.1396217355237811,0.0,1.0,0.14672815456536803,-0.08066783061362867,3.6495059565652737,3.608533077384037,3.63824297405406,3.6382429740540605,0.0
pangeo_seasonal,18,inclusive,0.0,0.0,0.0,0.0,0.1396217355237811,0.14032805367170684,0.980407153603682,0.13702197199707342,-0.058973801727285835,-0.508482082449697,-0.508482082449697,-0.5167161069972959,-0.5270423671410422,0.0
pangeo_seasonal,18,inclusive,0.0,0.0,1.0,0.13702197199707342,0.1396217355237811,0.14032805367170684,0.980407153603682,0.13702197199707342,-0.058973801727285835,-0.508482082449697,-0.5276133279848192,-0.5167161069972959,-0.5270423671410421,0.0
pangeo_seasonal,18,inclusive,0.0,0.0,2.0,0.27404394399414683,0.1396217355237811,0.14032805367170684,0.980407153603682,0.13702197199707342,-0.058973801727285835,-0.508482082449697,-0.5467445735199419,-0.5167161069972959,-0.5270423671410425,0.0
pangeo_seasonal,18,inclusive,1.0,1.38599601300499,0.0,0.0,0.1396217355237811,0.14032805367170684,0.980407153603682,0.13702197199707342,-0.2534679246290218,0.877513930555293,0.877513930555293,0.8421242990189782,0.8589536458639477,0.027155606988715948
pangeo_seasonal,18,inclusive,1.0,1.38599601300499,1.0,0.13702197199707342,0.1396217355237811,0.14032805367170684,0.980407153603682,0.13702197199707342,-0.2534679246290218,0.877513930555293,0.8583826850201707,0.8421242990189782,0.8589536458639477,0.027155606988715948
pangeo_seasonal,18,inclusive,1.0,1.38599601300499,2.0,0.27404394399414683,0.1396217355237811,0.14032805367170684,0.980407153603682,0.13702197199707342,-0.2534679246290218,0.877513930555293,0.839251439485048,0.8421242990189782,0.8589536458639474,0.027155606988715948
pangeo_seasonal,18,inclusive,3.0,4.15798803901497,0.0,0.0,0.1396217355237811,0.14032805367170684,0.980407153603682,0.13702197199707342,-0.6424561704324938,3.6495059565652737,3.6495059565652737,3.559805111051527,3.630945671873928,0.08146682096614785
pangeo_seasonal,18,inclusive,3.0,4.15798803901497,1.0,0.13702197199707342,0.1396217355237811,0.14032805367170684,0.980407153603682,0.13702197199707342,-0.6424561704324938,3.6495059565652737,3.6303747110301514,3.559805111051527,3.6309456718739286,0.08146682096614785
pangeo_seasonal,18,inclusive,3.0,4.15798803901497,2.0,0.27404394399414683,0.1396217355237811,0.14032805367170684,0.980407153603682,0.13702197199707342,-0.6424561704324938,3.6495059565652737,3.6112434654950283,3.559805111051527,3.6309456718739277,0.08146682096614785
pangeo_seasonal,19,clean,0.0,0.0,0.0,0.0,0.1302346117385475,0.0,1.0,0.8531004040820575,0.5108156994670956,-0.26766028303689604,-0.26766028303689604,-0.20113439874684405,-0.20113439874684427,0.0
pangeo_seasonal,19,clean,0.0,0.0,1.0,0.8531004040820575,0.1302346117385475,0.0,1.0,0.8531004040820575,0.5108156994670956,-0.26766028303689604,-0.37876348293652073,-0.20113439874684405,-0.20113439874684416,0.0
pangeo_seasonal,19,clean,0.0,0.0,2.0,1.706200808164115,0.1302346117385475,0.0,1.0,0.8531004040820575,0.5108156994670956,-0.26766028303689604,-0.4898666828361454,-0.20113439874684405,-0.2011343987468442,0.0
pangeo_seasonal,19,clean,1.0,1.5720275968736945,0.0,0.0,0.1302346117385475,0.0,1.0,0.8531004040820575,0.5108156994670956,1.3043673138367988,1.3043673138367988,1.3708931981268506,1.3708931981268506,0.0
pangeo_seasonal,19,clean,1.0,1.5720275968736945,1.0,0.8531004040820575,0.1302346117385475,0.0,1.0,0.8531004040820575,0.5108156994670956,1.3043673138367988,1.193264113937174,1.3708931981268506,1.3708931981268506,0.0
pangeo_seasonal,19,clean,1.0,1.5720275968736945,2.0,1.706200808164115,0.1302346117385475,0.0,1.0,0.8531004040820575,0.5108156994670956,1.3043673138367988,1.0821609140375492,1.3708931981268506,1.3708931981268504,0.0
pangeo_seasonal,19,clean,3.0,4.716082790621083,0.0,0.0,0.1302346117385475,0.0,1.0,0.8531004040820575,0.5108156994670956,4.448422507584188,4.448422507584188,4.514948391874239,4.514948391874239,0.0
pangeo_seasonal,19,clean,3.0,4.716082790621083,1.0,0.8531004040820575,0.1302346117385475,0.0,1.0,0.8531004040820575,0.5108156994670956,4.448422507584188,4.337319307684564,4.514948391874239,4.51494839187424,0.0
pangeo_seasonal,19,clean,3.0,4.716082790621083,2.0,1.706200808164115,0.1302346117385475,0.0,1.0,0.8531004040820575,0.5108156994670956,4.448422507584188,4.226216107784938,4.514948391874239,4.514948391874239,0.0
pangeo_seasonal,19,inclusive,0.0,0.0,0.0,0.0,0.1302346117385475,0.0,1.0,0.8531709429741112,0.5107046052301649,-0.26766028303689604,-0.26766028303689604,-0.2011488670616572,-0.20114886706165733,0.0
pangeo_seasonal,19,inclusive,0.0,0.0,1.0,0.8531709429741112,0.1302346117385475,0.0,1.0,0.8531709429741112,0.5107046052301649,-0.26766028303689604,-0.37877266954174005,-0.2011488670616572,-0.20114886706165747,0.0
pangeo_seasonal,19,inclusive,0.0,0.0,2.0,1.7063418859482224,0.1302346117385475,0.0,1.0,0.8531709429741112,0.5107046052301649,-0.26766028303689604,-0.4898850560465835,-0.2011488670616572,-0.2011488670616571,0.0
pangeo_seasonal,19,inclusive,1.0,1.5720275968736945,0.0,0.0,0.1302346117385475,0.0,1.0,0.8531709429741112,0.5107046052301649,1.3043673138367988,1.3043673138367988,1.3708787298120375,1.3708787298120375,0.0
pangeo_seasonal,19,inclusive,1.0,1.5720275968736945,1.0,0.8531709429741112,0.1302346117385475,0.0,1.0,0.8531709429741112,0.5107046052301649,1.3043673138367988,1.1932549273319548,1.3708787298120375,1.3708787298120375,0.0
pangeo_seasonal,19,inclusive,1.0,1.5720275968736945,2.0,1.7063418859482224,0.1302346117385475,0.0,1.0,0.8531709429741112,0.5107046052301649,1.3043673138367988,1.0821425408271113,1.3708787298120375,1.3708787298120377,0.0
pangeo_seasonal,19,inclusive,3.0,4.716082790621083,0.0,0.0,0.1302346117385475,0.0,1.0,0.8531709429741112,0.5107046052301649,4.448422507584188,4.448422507584188,4.514933923559427,4.514933923559426,0.0
pangeo_seasonal,19,inclusive,3.0,4.716082790621083,1.0,0.8531709429741112,0.1302346117385475,0.0,1.0,0.8531709429741112,0.5107046052301649,4.448422507584188,4.337310121079343,4.514933923559427,4.514933923559426,0.0
pangeo_seasonal,19,inclusive,3.0,4.716082790621083,2.0,1.7063418859482224,0.1302346117385475,0.0,1.0,0.8531709429741112,0.5107046052301649,4.448422507584188,4.2261977345745,4.514933923559427,4.514933923559426,0.0
pangeo_seasonal,20,clean,0.0,0.0,0.0,0.0,0.21286869657280538,0.0,1.0,0.54468906614969,-0.008843163034439883,-0.49133174981630373,-0.49133174981630373,-0.4932141824050255,-0.49321418240502574,0.0
pangeo_seasonal,20,clean,0.0,0.0,1.0,0.54468906614969,0.21286869657280538,0.0,1.0,0.54468906614969,-0.008843163034439883,-0.49133174981630373,-0.6072790013650469,-0.4932141824050255,-0.4932141824050258,0.0
pangeo_seasonal,20,clean,0.0,0.0,2.0,1.08937813229938,0.21286869657280538,0.0,1.0,0.54468906614969,-0.008843163034439883,-0.49133174981630373,-0.7232262529137901,-0.4932141824050255,-0.49321418240502585,0.0
pangeo_seasonal,20,clean,1.0,2.1152972236330623,0.0,0.0,0.21286869657280538,0.0,1.0,0.54468906614969,-0.008843163034439883,1.6239654738167595,1.6239654738167595,1.6220830412280374,1.6220830412280374,0.0
pangeo_seasonal,20,clean,1.0,2.1152972236330623,1.0,0.54468906614969,0.21286869657280538,0.0,1.0,0.54468906614969,-0.008843163034439883,1.6239654738167595,1.508018222268016,1.6220830412280374,1.6220830412280371,0.0
pangeo_seasonal,20,clean,1.0,2.1152972236330623,2.0,1.08937813229938,0.21286869657280538,0.0,1.0,0.54468906614969,-0.008843163034439883,1.6239654738167595,1.3920709707192729,1.6220830412280374,1.6220830412280371,0.0
pangeo_seasonal,20,clean,3.0,6.345891670899187,0.0,0.0,0.21286869657280538,0.0,1.0,0.54468906614969,-0.008843163034439883,5.854559921082883,5.854559921082883,5.852677488494162,5.852677488494161,0.0
pangeo_seasonal,20,clean,3.0,6.345891670899187,1.0,0.54468906614969,0.21286869657280538,0.0,1.0,0.54468906614969,-0.008843163034439883,5.854559921082883,5.738612669534141,5.852677488494162,5.852677488494162,0.0
pangeo_seasonal,20,clean,3.0,6.345891670899187,2.0,1.08937813229938,0.21286869657280538,0.0,1.0,0.54468906614969,-0.008843163034439883,5.854559921082883,5.622665417985398,5.852677488494162,5.852677488494162,0.0
pangeo_seasonal,20,inclusive,0.0,0.0,0.0,0.0,0.21286869657280538,0.2672615411713102,0.9431083840868241,0.13927308079303324,-0.45649098038276276,-0.49133174981630373,-0.49133174981630373,-0.5885043898076245,-0.6240050451650379,0.0
pangeo_seasonal,20,inclusive,0.0,0.0,1.0,0.13927308079303324,0.21286869657280538,0.2672615411713102,0.9431083840868241,0.13927308079303324,-0.45649098038276276,-0.49133174981630373,-0.5209786289923957,-0.5885043898076245,-0.6240050451650379,0.0
pangeo_seasonal,20,inclusive,0.0,0.0,2.0,0.2785461615860665,0.21286869657280538,0.2672615411713102,0.9431083840868241,0.13927308079303324,-0.45649098038276276,-0.49133174981630373,-0.5506255081684875,-0.5885043898076245,-0.6240050451650376,0.0
pangeo_seasonal,20,inclusive,1.0,2.1152972236330623,0.0,0.0,0.21286869657280538,0.2672615411713102,0.9431083840868241,0.13927308079303324,-1.0218285764063288,1.6239654738167595,1.6239654738167595,1.4064501566362986,1.4912921784680253,0.12034267718913964
pangeo_seasonal,20,inclusive,1.0,2.1152972236330623,1.0,0.13927308079303324,0.21286869657280538,0.2672615411713102,0.9431083840868241,0.13927308079303324,-1.0218285764063288,1.6239654738167595,1.5943185946406673,1.4064501566362986,1.491292178468025,0.12034267718913964
pangeo_seasonal,20,inclusive,1.0,2.1152972236330623,2.0,0.2785461615860665,0.21286869657280538,0.2672615411713102,0.9431083840868241,0.13927308079303324,-1.0218285764063288,1.6239654738167595,1.5646717154645755,1.4064501566362986,1.4912921784680255,0.12034267718913964
pangeo_seasonal,20,inclusive,3.0,6.345891670899187,0.0,0.0,0.21286869657280538,0.2672615411713102,0.9431083840868241,0.13927308079303324,-2.1525037684534594,5.854559921082883,5.854559921082883,5.396359249524144,5.7218866257341485,0.36102803156741897
pangeo_seasonal,20,inclusive,3.0,6.345891670899187,1.0,0.13927308079303324,0.21286869657280538,0.2672615411713102,0.9431083840868241,0.13927308079303324,-2.1525037684534594,5.854559921082883,5.824913041906792,5.396359249524144,5.72188662573415,0.36102803156741897
pangeo_seasonal,20,inclusive,3.0,6.345891670899187,2.0,0.2785461615860665,0.21286869657280538,0.2672615411713102,0.9431083840868241,0.13927308079303324,-2.1525037684534594,5.854559921082883,5.7952661627307,5.396359249524144,5.72188662573415,0.36102803156741897
pangeo_seasonal,21,clean,0.0,0.0,0.0,0.0,0.10790245236763923,0.0,1.0,0.37189880682401183,-0.39660586754584626,0.02546970528771588,0.02546970528771588,-0.017325040443876283,-0.01732504044387603,0.0
pangeo_seasonal,21,clean,0.0,0.0,1.0,0.37189880682401183,0.10790245236763923,0.0,1.0,0.37189880682401183,-0.39660586754584626,0.02546970528771588,-0.014659088001194042,-0.017325040443876283,-0.017325040443876148,0.0
pangeo_seasonal,21,clean,0.0,0.0,2.0,0.7437976136480237,0.10790245236763923,0.0,1.0,0.37189880682401183,-0.39660586754584626,0.02546970528771588,-0.05478788129010379,-0.017325040443876283,-0.01732504044387609,0.0
pangeo_seasonal,21,clean,1.0,1.4318845163094698,0.0,0.0,0.10790245236763923,0.0,1.0,0.37189880682401183,-0.39660586754584626,1.457354221597186,1.457354221597186,1.4145594758655937,1.4145594758655942,0.0
pangeo_seasonal,21,clean,1.0,1.4318845163094698,1.0,0.37189880682401183,0.10790245236763923,0.0,1.0,0.37189880682401183,-0.39660586754584626,1.457354221597186,1.417225428308276,1.4145594758655937,1.4145594758655937,0.0
pangeo_seasonal,21,clean,1.0,1.4318845163094698,2.0,0.7437976136480237,0.10790245236763923,0.0,1.0,0.37189880682401183,-0.39660586754584626,1.457354221597186,1.3770966350193663,1.4145594758655937,1.414559475865594,0.0
pangeo_seasonal,21,clean,3.0,4.295653548928409,0.0,0.0,0.10790245236763923,0.0,1.0,0.37189880682401183,-0.39660586754584626,4.321123254216125,4.321123254216125,4.278328508484533,4.278328508484533,0.0
pangeo_seasonal,21,clean,3.0,4.295653548928409,1.0,0.37189880682401183,0.10790245236763923,0.0,1.0,0.37189880682401183,-0.39660586754584626,4.321123254216125,4.280994460927215,4.278328508484533,4.278328508484533,0.0
pangeo_seasonal,21,clean,3.0,4.295653548928409,2.0,0.7437976136480237,0.10790245236763923,0.0,1.0,0.37189880682401183,-0.39660586754584626,4.321123254216125,4.240865667638305,4.278328508484533,4.278328508484533,0.0
pangeo_seasonal,21,inclusive,0.0,0.0,0.0,0.0,0.10790245236763923,0.34012580522666036,0.9632995915025253,0.1891093704884017,-0.2565676355605877,0.02546970528771588,0.02546970528771588,-0.002214571787438402,-0.0022989439702595905,0.0
pangeo_seasonal,21,inclusive,0.0,0.0,1.0,0.1891093704884017,0.10790245236763923,0.34012580522666036,0.9632995915025253,0.1891093704884017,-0.2565676355605877,0.02546970528771588,0.005064340446316961,-0.002214571787438402,-0.002298943970259573,0.0
pangeo_seasonal,21,inclusive,0.0,0.0,2.0,0.3782187409768034,0.10790245236763923,0.34012580522666036,0.9632995915025253,0.1891093704884017,-0.2565676355605877,0.02546970528771588,-0.015341024395082314,-0.002214571787438402,-0.002298943970259729,0.0
pangeo_seasonal,21,inclusive,1.0,1.4318845163094698,0.0,0.0,0.10790245236763923,0.34012580522666036,0.9632995915025253,0.1891093704884017,-0.7435885096619332,1.457354221597186,1.457354221597186,1.3771191978522652,1.4295855723392106,0.05255074666976646
pangeo_seasonal,21,inclusive,1.0,1.4318845163094698,1.0,0.1891093704884017,0.10790245236763923,0.34012580522666036,0.9632995915025253,0.1891093704884017,-0.7435885096619332,1.457354221597186,1.4369488567557869,1.3771191978522652,1.4295855723392104,0.05255074666976646
pangeo_seasonal,21,inclusive,1.0,1.4318845163094698,2.0,0.3782187409768034,0.10790245236763923,0.34012580522666036,0.9632995915025253,0.1891093704884017,-0.7435885096619332,1.457354221597186,1.4165434919143878,1.3771191978522652,1.4295855723392104,0.05255074666976646
pangeo_seasonal,21,inclusive,3.0,4.295653548928409,0.0,0.0,0.10790245236763923,0.34012580522666036,0.9632995915025253,0.1891093704884017,-1.7176302578646243,4.321123254216125,4.321123254216125,4.135786737131672,4.293354604958149,0.15765224000929937
pangeo_seasonal,21,inclusive,3.0,4.295653548928409,1.0,0.1891093704884017,0.10790245236763923,0.34012580522666036,0.9632995915025253,0.1891093704884017,-1.7176302578646243,4.321123254216125,4.3007178893747255,4.135786737131672,4.293354604958149,0.15765224000929937
pangeo_seasonal,21,inclusive,3.0,4.295653548928409,2.0,0.3782187409768034,0.10790245236763923,0.34012580522666036,0.9632995915025253,0.1891093704884017,-1.7176302578646243,4.321123254216125,4.280312524533327,4.135786737131672,4.29335460495815,0.15765224000929937
pangeo_seasonal,22,clean,0.0,0.0,0.0,0.0,0.12726066637562972,0.0,1.0,0.5397466036201283,-1.3566780373474796,-0.14912787004569025,-0.14912787004569025,-0.321779621135712,-0.32177962113571196,0.0
pangeo_seasonal,22,clean,0.0,0.0,1.0,0.5397466036201283,0.12726066637562972,0.0,1.0,0.5397466036201283,-1.3566780373474796,-0.14912787004569025,-0.21781638249637075,-0.321779621135712,-0.32177962113571196,0.0
pangeo_seasonal,22,clean,0.0,0.0,2.0,1.0794932072402565,0.12726066637562972,0.0,1.0,0.5397466036201283,-1.3566780373474796,-0.14912787004569025,-0.2865048949470509,-0.321779621135712,-0.32177962113571185,0.0
pangeo_seasonal,22,clean,1.0,1.5180273171528613,0.0,0.0,0.12726066637562972,0.0,1.0,0.5397466036201283,-1.3566780373474796,1.3688994471071707,1.3688994471071707,1.1962476960171489,1.196247696017149,0.0
pangeo_seasonal,22,clean,1.0,1.5180273171528613,1.0,0.5397466036201283,0.12726066637562972,0.0,1.0,0.5397466036201283,-1.3566780373474796,1.3688994471071707,1.3002109346564903,1.1962476960171489,1.196247696017149,0.0
pangeo_seasonal,22,clean,1.0,1.5180273171528613,2.0,1.0794932072402565,0.12726066637562972,0.0,1.0,0.5397466036201283,-1.3566780373474796,1.3688994471071707,1.23152242220581,1.1962476960171489,1.196247696017149,0.0
pangeo_seasonal,22,clean,3.0,4.554081951458584,0.0,0.0,0.12726066637562972,0.0,1.0,0.5397466036201283,-1.3566780373474796,4.404954081412894,4.404954081412894,4.232302330322872,4.232302330322873,0.0
pangeo_seasonal,22,clean,3.0,4.554081951458584,1.0,0.5397466036201283,0.12726066637562972,0.0,1.0,0.5397466036201283,-1.3566780373474796,4.404954081412894,4.336265568962213,4.232302330322872,4.232302330322872,0.0
pangeo_seasonal,22,clean,3.0,4.554081951458584,2.0,1.0794932072402565,0.12726066637562972,0.0,1.0,0.5397466036201283,-1.3566780373474796,4.404954081412894,4.2675770565115325,4.232302330322872,4.232302330322872,0.0
pangeo_seasonal,22,inclusive,0.0,0.0,0.0,0.0,0.12726066637562972,0.48402801818531327,0.9384022718612616,0.4910022496202253,-1.0608419877022621,-0.14912787004569025,-0.14912787004569025,-0.2841313283199275,-0.30278201240537406,0.0
pangeo_seasonal,22,inclusive,0.0,0.0,1.0,0.4910022496202253,0.12726066637562972,0.48402801818531327,0.9384022718612616,0.4910022496202253,-1.0608419877022621,-0.14912787004569025,-0.21161314352429325,-0.2841313283199275,-0.30278201240537395,0.0
pangeo_seasonal,22,inclusive,0.0,0.0,2.0,0.9820044992404506,0.12726066637562972,0.48402801818531327,0.9384022718612616,0.4910022496202253,-1.0608419877022621,-0.14912787004569025,-0.27409841700289644,-0.2841313283199275,-0.3027820124053739,0.0
pangeo_seasonal,22,inclusive,1.0,1.5180273171528613,0.0,0.0,0.12726066637562972,0.48402801818531327,0.9384022718612616,0.4910022496202253,-1.7956097415749297,1.3688994471071707,1.3688994471071707,1.140388954843773,1.215245304747487,0.09350703398916034
pangeo_seasonal,22,inclusive,1.0,1.5180273171528613,1.0,0.4910022496202253,0.12726066637562972,0.48402801818531327,0.9384022718612616,0.4910022496202253,-1.7956097415749297,1.3688994471071707,1.3064141736285677,1.140388954843773,1.215245304747487,0.09350703398916034
pangeo_seasonal,22,inclusive,1.0,1.5180273171528613,2.0,0.9820044992404506,0.12726066637562972,0.48402801818531327,0.9384022718612616,0.4910022496202253,-1.7956097415749297,1.3688994471071707,1.2439289001499645,1.140388954843773,1.215245304747487,0.09350703398916034
pangeo_seasonal,22,inclusive,3.0,4.554081951458584,0.0,0.0,0.12726066637562972,0.48402801818531327,0.9384022718612616,0.4910022496202253,-3.265145249320264,4.404954081412894,4.404954081412894,3.9894295211711763,4.251299939053211,0.28052110196748103
pangeo_seasonal,22,inclusive,3.0,4.554081951458584,1.0,0.4910022496202253,0.12726066637562972,0.48402801818531327,0.9384022718612616,0.4910022496202253,-3.265145249320264,4.404954081412894,4.34246880793429,3.9894295211711763,4.25129993905321,0.28052110196748103
pangeo_seasonal,22,inclusive,3.0,4.554081951458584,2.0,0.9820044992404506,0.12726066637562972,0.48402801818531327,0.9384022718612616,0.4910022496202253,-3.265145249320264,4.404954081412894,4.279983534455688,3.9894295211711763,4.251299939053211,0.28052110196748103
pangeo_seasonal,23,clean,0.0,0.0,0.0,0.0,0.11238483386701444,0.0,1.0,0.5139324639132448,1.1335515133971241,-0.15256566448290804,-0.15256566448290804,-0.02517166597006959,-0.025171665970069455,0.0
pangeo_seasonal,23,clean,0.0,0.0,1.0,0.5139324639132448,0.11238483386701444,0.0,1.0,0.5139324639132448,1.1335515133971241,-0.15256566448290804,-0.21032387905866318,-0.02517166597006959,-0.02517166597006924,0.0
pangeo_seasonal,23,clean,0.0,0.0,2.0,1.0278649278264895,0.11238483386701444,0.0,1.0,0.5139324639132448,1.1335515133971241,-0.15256566448290804,-0.26808209363441887,-0.02517166597006959,-0.02517166597006948,0.0
pangeo_seasonal,23,clean,1.0,1.4071944823191294,0.0,0.0,0.11238483386701444,0.0,1.0,0.5139324639132448,1.1335515133971241,1.2546288178362213,1.2546288178362213,1.3820228163490598,1.3820228163490598,0.0
pangeo_seasonal,23,clean,1.0,1.4071944823191294,1.0,0.5139324639132448,0.11238483386701444,0.0,1.0,0.5139324639132448,1.1335515133971241,1.2546288178362213,1.1968706032604661,1.3820228163490598,1.38202281634906,0.0
pangeo_seasonal,23,clean,1.0,1.4071944823191294,2.0,1.0278649278264895,0.11238483386701444,0.0,1.0,0.5139324639132448,1.1335515133971241,1.2546288178362213,1.1391123886847105,1.3820228163490598,1.38202281634906,0.0
pangeo_seasonal,23,clean,3.0,4.221583446957388,0.0,0.0,0.11238483386701444,0.0,1.0,0.5139324639132448,1.1335515133971241,4.06901778247448,4.06901778247448,4.196411780987319,4.196411780987319,0.0
pangeo_seasonal,23,clean,3.0,4.221583446957388,1.0,0.5139324639132448,0.11238483386701444,0.0,1.0,0.5139324639132448,1.1335515133971241,4.06901778247448,4.011259567898724,4.196411780987319,4.196411780987319,0.0
pangeo_seasonal,23,clean,3.0,4.221583446957388,2.0,1.0278649278264895,0.11238483386701444,0.0,1.0,0.5139324639132448,1.1335515133971241,4.06901778247448,3.95350135332297,4.196411780987319,4.19641178098732,0.0
pangeo_seasonal,23,inclusive,0.0,0.0,0.0,0.0,0.11238483386701444,0.3426464334081823,0.9614917375062964,0.1963455612954684,1.0139270215306677,-0.15256566448290804,-0.15256566448290804,-0.03861564461490694,-0.040162222002094204,0.0
pangeo_seasonal,23,inclusive,0.0,0.0,1.0,0.1963455612954684,0.11238483386701444,0.3426464334081823,0.9614917375062964,0.1963455612954684,1.0139270215306677,-0.15256566448290804,-0.1746319277696246,-0.03861564461490694,-0.04016222200209389,0.0
pangeo_seasonal,23,inclusive,0.0,0.0,2.0,0.3926911225909368,0.11238483386701444,0.3426464334081823,0.9614917375062964,0.1963455612954684,1.0139270215306677,-0.15256566448290804,-0.1966981910563419,-0.03861564461490694,-0.040162222002094156,0.0
pangeo_seasonal,23,inclusive,1.0,1.4071944823191294,0.0,0.0,0.11238483386701444,0.3426464334081823,0.9614917375062964,0.1963455612954684,0.5317568510523447,1.2546288178362213,1.2546288178362213,1.3143902231993856,1.367032260317035,0.05418861450483637
pangeo_seasonal,23,inclusive,1.0,1.4071944823191294,1.0,0.1963455612954684,0.11238483386701444,0.3426464334081823,0.9614917375062964,0.1963455612954684,0.5317568510523447,1.2546288178362213,1.2325625545495047,1.3143902231993856,1.3670322603170355,0.05418861450483637
pangeo_seasonal,23,inclusive,1.0,1.4071944823191294,2.0,0.3926911225909368,0.11238483386701444,0.3426464334081823,0.9614917375062964,0.1963455612954684,0.5317568510523447,1.2546288178362213,1.2104962912627875,1.3143902231993856,1.3670322603170353,0.05418861450483637
pangeo_seasonal,23,inclusive,3.0,4.221583446957388,0.0,0.0,0.11238483386701444,0.3426464334081823,0.9614917375062964,0.1963455612954684,-0.43258348990430173,4.06901778247448,4.06901778247448,4.020401958827971,4.181421224955295,0.16256584351450912
pangeo_seasonal,23,inclusive,3.0,4.221583446957388,1.0,0.1963455612954684,0.11238483386701444,0.3426464334081823,0.9614917375062964,0.1963455612954684,-0.43258348990430173,4.06901778247448,4.046951519187763,4.020401958827971,4.181421224955294,0.16256584351450912
pangeo_seasonal,23,inclusive,3.0,4.221583446957388,2.0,0.3926911225909368,0.11238483386701444,0.3426464334081823,0.9614917375062964,0.1963455612954684,-0.43258348990430173,4.06901778247448,4.024885255901046,4.020401958827971,4.181421224955294,0.16256584351450912
pangeo_seasonal,24,clean,0.0,0.0,0.0,0.0,0.10269561941081379,0.0,1.0,0.7527038341087698,-0.2680909591873833,0.15122695395413235,0.15122695395413235,0.12369518684194532,0.12369518684194483,0.0
pangeo_seasonal,24,clean,0.0,0.0,1.0,0.7527038341087698,0.10269561941081379,0.0,1.0,0.7527038341087698,-0.2680909591873833,0.15122695395413235,0.07392756747743814,0.12369518684194532,0.12369518684194515,0.0
pangeo_seasonal,24,clean,0.0,0.0,2.0,1.5054076682175397,0.10269561941081379,0.0,1.0,0.7527038341087698,-0.2680909591873833,0.15122695395413235,-0.0033718189992564263,0.12369518684194532,0.12369518684194514,0.0
pangeo_seasonal,24,clean,1.0,2.176527575672198,0.0,0.0,0.10269561941081379,0.0,1.0,0.7527038341087698,-0.2680909591873833,2.3277545296263304,2.3277545296263304,2.3002227625141436,2.3002227625141427,0.0
pangeo_seasonal,24,clean,1.0,2.176527575672198,1.0,0.7527038341087698,0.10269561941081379,0.0,1.0,0.7527038341087698,-0.2680909591873833,2.3277545296263304,2.2504551431496362,2.3002227625141436,2.300222762514143,0.0
pangeo_seasonal,24,clean,1.0,2.176527575672198,2.0,1.5054076682175397,0.10269561941081379,0.0,1.0,0.7527038341087698,-0.2680909591873833,2.3277545296263304,2.1731557566729416,2.3002227625141436,2.300222762514143,0.0
pangeo_seasonal,24,clean,3.0,6.529582727016594,0.0,0.0,0.10269561941081379,0.0,1.0,0.7527038341087698,-0.2680909591873833,6.680809680970727,6.680809680970727,6.65327791385854,6.653277913858539,0.0
pangeo_seasonal,24,clean,3.0,6.529582727016594,1.0,0.7527038341087698,0.10269561941081379,0.0,1.0,0.7527038341087698,-0.2680909591873833,6.680809680970727,6.603510294494032,6.65327791385854,6.653277913858539,0.0
pangeo_seasonal,24,clean,3.0,6.529582727016594,2.0,1.5054076682175397,0.10269561941081379,0.0,1.0,0.7527038341087698,-0.2680909591873833,6.680809680970727,6.526210908017338,6.65327791385854,6.653277913858539,0.0
pangeo_seasonal,24,inclusive,0.0,0.0,0.0,0.0,0.10269561941081379,0.7359166615644457,0.924424582605901,0.5328060829481038,-0.4053699059900609,0.15122695395413235,0.15122695395413235,0.10959724036798005,0.11855725435062665,0.0
pangeo_seasonal,24,inclusive,0.0,0.0,1.0,0.5328060829481038,0.10269561941081379,0.7359166615644457,0.924424582605901,0.5328060829481038,-0.4053699059900609,0.15122695395413235,0.09651010323992786,0.10959724036798005,0.11855725435062715,0.0
pangeo_seasonal,24,inclusive,0.0,0.0,2.0,1.0656121658962077,0.10269561941081379,0.7359166615644457,0.924424582605901,0.5328060829481038,-0.4053699059900609,0.15122695395413235,0.041793252525722836,0.10959724036798005,0.11855725435062711,0.0
pangeo_seasonal,24,inclusive,1.0,2.176527575672198,0.0,0.0,0.10269561941081379,0.7359166615644457,0.924424582605901,0.5328060829481038,-2.007112813281701,2.3277545296263304,2.3277545296263304,2.121632836038985,2.295084830022825,0.1644919800011927
pangeo_seasonal,24,inclusive,1.0,2.176527575672198,1.0,0.5328060829481038,0.10269561941081379,0.7359166615644457,0.924424582605901,0.5328060829481038,-2.007112813281701,2.3277545296263304,2.273037678912126,2.121632836038985,2.2950848300228253,0.1644919800011927
pangeo_seasonal,24,inclusive,1.0,2.176527575672198,2.0,1.0656121658962077,0.10269561941081379,0.7359166615644457,0.924424582605901,0.5328060829481038,-2.007112813281701,2.3277545296263304,2.2183208281979208,2.121632836038985,2.295084830022825,0.1644919800011927
pangeo_seasonal,24,inclusive,3.0,6.529582727016594,0.0,0.0,0.10269561941081379,0.7359166615644457,0.924424582605901,0.5328060829481038,-5.210598627864982,6.680809680970727,6.680809680970727,6.145704027380996,6.648139981367221,0.4934759400035781
pangeo_seasonal,24,inclusive,3.0,6.529582727016594,1.0,0.5328060829481038,0.10269561941081379,0.7359166615644457,0.924424582605901,0.5328060829481038,-5.210598627864982,6.680809680970727,6.626092830256522,6.145704027380996,6.648139981367222,0.4934759400035781
pangeo_seasonal,24,inclusive,3.0,6.529582727016594,2.0,1.0656121658962077,0.10269561941081379,0.7359166615644457,0.924424582605901,0.5328060829481038,-5.210598627864982,6.680809680970727,6.571375979542317,6.145704027380996,6.648139981367222,0.4934759400035781
pangeo_seasonal,25,clean,0.0,0.0,0.0,0.0,0.1253470487881195,0.0,1.0,0.735081522779079,-0.5007431821511059,0.7980586931235232,0.7980586931235232,0.7352920130401103,0.7352920130401103,0.0
pangeo_seasonal,25,clean,0.0,0.0,1.0,0.735081522779079,0.1253470487881195,0.0,1.0,0.735081522779079,-0.5007431821511059,0.7980586931235232,0.705918393624489,0.7352920130401103,0.7352920130401106,0.0
pangeo_seasonal,25,clean,0.0,0.0,2.0,1.470163045558158,0.1253470487881195,0.0,1.0,0.735081522779079,-0.5007431821511059,0.7980586931235232,0.6137780941254543,0.7352920130401103,0.73529201304011,0.0
pangeo_seasonal,25,clean,1.0,1.7369287931460786,0.0,0.0,0.1253470487881195,0.0,1.0,0.735081522779079,-0.5007431821511059,2.5349874862696025,2.5349874862696025,2.4722208061861894,2.4722208061861894,0.0
pangeo_seasonal,25,clean,1.0,1.7369287931460786,1.0,0.735081522779079,0.1253470487881195,0.0,1.0,0.735081522779079,-0.5007431821511059,2.5349874862696025,2.4428471867705683,2.4722208061861894,2.47222080618619,0.0
pangeo_seasonal,25,clean,1.0,1.7369287931460786,2.0,1.470163045558158,0.1253470487881195,0.0,1.0,0.735081522779079,-0.5007431821511059,2.5349874862696025,2.350706887271534,2.4722208061861894,2.47222080618619,0.0
pangeo_seasonal,25,clean,3.0,5.210786379438236,0.0,0.0,0.1253470487881195,0.0,1.0,0.735081522779079,-0.5007431821511059,6.00884507256176,6.00884507256176,5.946078392478347,5.946078392478348,0.0
pangeo_seasonal,25,clean,3.0,5.210786379438236,1.0,0.735081522779079,0.1253470487881195,0.0,1.0,0.735081522779079,-0.5007431821511059,6.00884507256176,5.916704773062725,5.946078392478347,5.946078392478347,0.0
pangeo_seasonal,25,clean,3.0,5.210786379438236,2.0,1.470163045558158,0.1253470487881195,0.0,1.0,0.735081522779079,-0.5007431821511059,6.00884507256176,5.824564473563691,5.946078392478347,5.946078392478347,0.0
pangeo_seasonal,25,inclusive,0.0,0.0,0.0,0.0,0.1253470487881195,0.4742519955330142,0.9405539119780603,0.4577865280762741,-0.5191419137385802,0.7980586931235232,0.7980586931235232,0.7329857863341758,0.7793128889258967,0.0
pangeo_seasonal,25,inclusive,0.0,0.0,1.0,0.4577865280762741,0.1253470487881195,0.4742519955330142,0.9405539119780603,0.4577865280762741,-0.5191419137385802,0.7980586931235232,0.7406765028542027,0.7329857863341758,0.7793128889258969,0.0
pangeo_seasonal,25,inclusive,0.0,0.0,2.0,0.9155730561525482,0.1253470487881195,0.4742519955330142,0.9405539119780603,0.4577865280762741,-0.5191419137385802,0.7980586931235232,0.6832943125848819,0.7329857863341758,0.7793128889258965,0.0
pangeo_seasonal,25,inclusive,1.0,1.7369287931460786,0.0,0.0,0.1253470487881195,0.4742519955330142,0.9405539119780603,0.4577865280762741,-1.3428838599868582,2.5349874862696025,2.5349874862696025,2.3666609575550517,2.516241682071976,0.10325362192520339
pangeo_seasonal,25,inclusive,1.0,1.7369287931460786,1.0,0.4577865280762741,0.1253470487881195,0.4742519955330142,0.9405539119780603,0.4577865280762741,-1.3428838599868582,2.5349874862696025,2.4776052960002826,2.3666609575550517,2.5162416820719766,0.10325362192520339
pangeo_seasonal,25,inclusive,1.0,1.7369287931460786,2.0,0.9155730561525482,0.1253470487881195,0.4742519955330142,0.9405539119780603,0.4577865280762741,-1.3428838599868582,2.5349874862696025,2.4202231057309618,2.3666609575550517,2.516241682071976,0.10325362192520339
pangeo_seasonal,25,inclusive,3.0,5.210786379438236,0.0,0.0,0.1253470487881195,0.4742519955330142,0.9405539119780603,0.4577865280762741,-2.990367752483414,6.00884507256176,6.00884507256176,5.634011299996802,5.990099268364133,0.3097608657756102
pangeo_seasonal,25,inclusive,3.0,5.210786379438236,1.0,0.4577865280762741,0.1253470487881195,0.4742519955330142,0.9405539119780603,0.4577865280762741,-2.990367752483414,6.00884507256176,5.9514628822924385,5.634011299996802,5.9900992683641325,0.3097608657756102
pangeo_seasonal,25,inclusive,3.0,5.210786379438236,2.0,0.9155730561525482,0.1253470487881195,0.4742519955330142,0.9405539119780603,0.4577865280762741,-2.990367752483414,6.00884507256176,5.894080692023119,5.634011299996802,5.990099268364133,0.3097608657756102
pangeo_seasonal,26,clean,0.0,0.0,0.0,0.0,0.13911153304466872,0.0,1.0,0.23462635381678146,-0.46028030369533257,-0.22418299133843095,-0.22418299133843095,-0.288213290015754,-0.28821329001575435,0.0
pangeo_seasonal,26,clean,0.0,0.0,1.0,0.23462635381678146,0.13911153304466872,0.0,1.0,0.23462635381678146,-0.46028030369533257,-0.22418299133843095,-0.2568222231105642,-0.288213290015754,-0.28821329001575435,0.0
pangeo_seasonal,26,clean,0.0,0.0,2.0,0.4692527076335629,0.13911153304466872,0.0,1.0,0.23462635381678146,-0.46028030369533257,-0.22418299133843095,-0.28946145488269776,-0.288213290015754,-0.28821329001575446,0.0
pangeo_seasonal,26,clean,1.0,1.5989354031696081,0.0,0.0,0.13911153304466872,0.0,1.0,0.23462635381678146,-0.46028030369533257,1.3747524118311776,1.3747524118311776,1.3107221131538545,1.3107221131538542,0.0
pangeo_seasonal,26,clean,1.0,1.5989354031696081,1.0,0.23462635381678146,0.13911153304466872,0.0,1.0,0.23462635381678146,-0.46028030369533257,1.3747524118311776,1.3421131800590442,1.3107221131538545,1.310722113153854,0.0
pangeo_seasonal,26,clean,1.0,1.5989354031696081,2.0,0.4692527076335629,0.13911153304466872,0.0,1.0,0.23462635381678146,-0.46028030369533257,1.3747524118311776,1.3094739482869107,1.3107221131538545,1.310722113153854,0.0
pangeo_seasonal,26,clean,3.0,4.796806209508825,0.0,0.0,0.13911153304466872,0.0,1.0,0.23462635381678146,-0.46028030369533257,4.572623218170394,4.572623218170394,4.50859291949307,4.50859291949307,0.0
pangeo_seasonal,26,clean,3.0,4.796806209508825,1.0,0.23462635381678146,0.13911153304466872,0.0,1.0,0.23462635381678146,-0.46028030369533257,4.572623218170394,4.53998398639826,4.50859291949307,4.50859291949307,0.0
pangeo_seasonal,26,clean,3.0,4.796806209508825,2.0,0.4692527076335629,0.13911153304466872,0.0,1.0,0.23462635381678146,-0.46028030369533257,4.572623218170394,4.507344754626127,4.50859291949307,4.50859291949307,0.0
pangeo_seasonal,26,inclusive,0.0,0.0,0.0,0.0,0.13911153304466872,0.0,1.0,0.23457652548878616,-0.4606953581706742,-0.22418299133843095,-0.22418299133843095,-0.2882710288801162,-0.2882710288801162,0.0
pangeo_seasonal,26,inclusive,0.0,0.0,1.0,0.23457652548878616,0.13911153304466872,0.0,1.0,0.23457652548878616,-0.4606953581706742,-0.22418299133843095,-0.2568152914154679,-0.2882710288801162,-0.28827102888011635,0.0
pangeo_seasonal,26,inclusive,0.0,0.0,2.0,0.4691530509775723,0.13911153304466872,0.0,1.0,0.23457652548878616,-0.4606953581706742,-0.22418299133843095,-0.28944759149250476,-0.2882710288801162,-0.28827102888011624,0.0
pangeo_seasonal,26,inclusive,1.0,1.5989354031696081,0.0,0.0,0.13911153304466872,0.0,1.0,0.23457652548878616,-0.4606953581706742,1.3747524118311776,1.3747524118311776,1.3106643742894923,1.3106643742894923,0.0
pangeo_seasonal,26,inclusive,1.0,1.5989354031696081,1.0,0.23457652548878616,0.13911153304466872,0.0,1.0,0.23457652548878616,-0.4606953581706742,1.3747524118311776,1.3421201117541406,1.3106643742894923,1.3106643742894921,0.0
pangeo_seasonal,26,inclusive,1.0,1.5989354031696081,2.0,0.4691530509775723,0.13911153304466872,0.0,1.0,0.23457652548878616,-0.4606953581706742,1.3747524118311776,1.3094878116771036,1.3106643742894923,1.3106643742894921,0.0
pangeo_seasonal,26,inclusive,3.0,4.796806209508825,0.0,0.0,0.13911153304466872,0.0,1.0,0.23457652548878616,-0.4606953581706742,4.572623218170394,4.572623218170394,4.5085351806287095,4.508535180628709,0.0
pangeo_seasonal,26,inclusive,3.0,4.796806209508825,1.0,0.23457652548878616,0.13911153304466872,0.0,1.0,0.23457652548878616,-0.4606953581706742,4.572623218170394,4.539990918093357,4.5085351806287095,4.508535180628709,0.0
pangeo_seasonal,26,inclusive,3.0,4.796806209508825,2.0,0.4691530509775723,0.13911153304466872,0.0,1.0,0.23457652548878616,-0.4606953581706742,4.572623218170394,4.507358618016321,4.5085351806287095,4.5085351806287095,0.0
pangeo_seasonal,27,clean,0.0,0.0,0.0,0.0,0.12427020988257853,0.0,1.0,0.18353996018514035,0.39119871398736594,0.14440368121082942,0.14440368121082942,0.19301802750383495,0.19301802750383418,0.0
pangeo_seasonal,27,clean,0.0,0.0,1.0,0.18353996018514035,0.12427020988257853,0.0,1.0,0.18353996018514035,0.39119871398736594,0.14440368121082942,0.12159513183678197,0.19301802750383495,0.1930180275038342,0.0
pangeo_seasonal,27,clean,0.0,0.0,2.0,0.3670799203702807,0.12427020988257853,0.0,1.0,0.18353996018514035,0.39119871398736594,0.14440368121082942,0.09878658246273542,0.19301802750383495,0.1930180275038351,0.0
pangeo_seasonal,27,clean,1.0,1.2386205421046137,0.0,0.0,0.12427020988257853,0.0,1.0,0.18353996018514035,0.39119871398736594,1.3830242233154435,1.3830242233154435,1.431638569608449,1.4316385696084484,0.0
pangeo_seasonal,27,clean,1.0,1.2386205421046137,1.0,0.18353996018514035,0.12427020988257853,0.0,1.0,0.18353996018514035,0.39119871398736594,1.3830242233154435,1.360215673941396,1.431638569608449,1.4316385696084482,0.0
pangeo_seasonal,27,clean,1.0,1.2386205421046137,2.0,0.3670799203702807,0.12427020988257853,0.0,1.0,0.18353996018514035,0.39119871398736594,1.3830242233154435,1.3374071245673496,1.431638569608449,1.4316385696084493,0.0
pangeo_seasonal,27,clean,3.0,3.715861626313841,0.0,0.0,0.12427020988257853,0.0,1.0,0.18353996018514035,0.39119871398736594,3.8602653075246707,3.8602653075246707,3.9088796538176767,3.9088796538176753,0.0
pangeo_seasonal,27,clean,3.0,3.715861626313841,1.0,0.18353996018514035,0.12427020988257853,0.0,1.0,0.18353996018514035,0.39119871398736594,3.8602653075246707,3.8374567581506236,3.9088796538176767,3.9088796538176758,0.0
pangeo_seasonal,27,clean,3.0,3.715861626313841,2.0,0.3670799203702807,0.12427020988257853,0.0,1.0,0.18353996018514035,0.39119871398736594,3.8602653075246707,3.814648208776576,3.9088796538176767,3.9088796538176758,0.0
pangeo_seasonal,27,inclusive,0.0,0.0,0.0,0.0,0.12427020988257853,0.0,1.0,0.18292460148165154,0.39616989765651844,0.14440368121082942,0.14440368121082942,0.19363579754176463,0.19363579754176463,0.0
pangeo_seasonal,27,inclusive,0.0,0.0,1.0,0.18292460148165154,0.12427020988257853,0.0,1.0,0.18292460148165154,0.39616989765651844,0.14440368121082942,0.12167160259201762,0.19363579754176463,0.19363579754176474,0.0
pangeo_seasonal,27,inclusive,0.0,0.0,2.0,0.3658492029633031,0.12427020988257853,0.0,1.0,0.18292460148165154,0.39616989765651844,0.14440368121082942,0.098939523973206,0.19363579754176463,0.19363579754176505,0.0
pangeo_seasonal,27,inclusive,1.0,1.2386205421046137,0.0,0.0,0.12427020988257853,0.0,1.0,0.18292460148165154,0.39616989765651844,1.3830242233154435,1.3830242233154435,1.4322563396463788,1.4322563396463788,0.0
pangeo_seasonal,27,inclusive,1.0,1.2386205421046137,1.0,0.18292460148165154,0.12427020988257853,0.0,1.0,0.18292460148165154,0.39616989765651844,1.3830242233154435,1.3602921446966316,1.4322563396463788,1.4322563396463788,0.0
pangeo_seasonal,27,inclusive,1.0,1.2386205421046137,2.0,0.3658492029633031,0.12427020988257853,0.0,1.0,0.18292460148165154,0.39616989765651844,1.3830242233154435,1.33756006607782,1.4322563396463788,1.432256339646379,0.0
pangeo_seasonal,27,inclusive,3.0,3.715861626313841,0.0,0.0,0.12427020988257853,0.0,1.0,0.18292460148165154,0.39616989765651844,3.8602653075246707,3.8602653075246707,3.9094974238556057,3.9094974238556057,0.0
pangeo_seasonal,27,inclusive,3.0,3.715861626313841,1.0,0.18292460148165154,0.12427020988257853,0.0,1.0,0.18292460148165154,0.39616989765651844,3.8602653075246707,3.8375332289058592,3.9094974238556057,3.909497423855606,0.0
pangeo_seasonal,27,inclusive,3.0,3.715861626313841,2.0,0.3658492029633031,0.12427020988257853,0.0,1.0,0.18292460148165154,0.39616989765651844,3.8602653075246707,3.814801150287047,3.9094974238556057,3.909497423855606,0.0
pangeo_seasonal,28,clean,0.0,0.0,0.0,0.0,0.13453651698460534,0.0,1.0,0.2598262540573863,0.10833577687146825,0.08473725492547964,0.08473725492547964,0.09931237301058804,0.09931237301058833,0.0
pangeo_seasonal,28,clean,0.0,0.0,1.0,0.2598262540573863,0.13453651698460534,0.0,1.0,0.2598262540573863,0.10833577687146825,0.08473725492547964,0.04978113568344149,0.09931237301058804,0.09931237301058822,0.0
pangeo_seasonal,28,clean,0.0,0.0,2.0,0.5196525081147726,0.13453651698460534,0.0,1.0,0.2598262540573863,0.10833577687146825,0.08473725492547964,0.014825016441403526,0.09931237301058804,0.09931237301058804,0.0
pangeo_seasonal,28,clean,1.0,1.5221945886030936,0.0,0.0,0.13453651698460534,0.0,1.0,0.2598262540573863,0.10833577687146825,1.6069318435285738,1.6069318435285738,1.6215069616136824,1.6215069616136826,0.0
pangeo_seasonal,28,clean,1.0,1.5221945886030936,1.0,0.2598262540573863,0.13453651698460534,0.0,1.0,0.2598262540573863,0.10833577687146825,1.6069318435285738,1.5719757242865355,1.6215069616136824,1.6215069616136824,0.0
pangeo_seasonal,28,clean,1.0,1.5221945886030936,2.0,0.5196525081147726,0.13453651698460534,0.0,1.0,0.2598262540573863,0.10833577687146825,1.6069318435285738,1.5370196050444975,1.6215069616136824,1.6215069616136821,0.0
pangeo_seasonal,28,clean,3.0,4.5665837658092805,0.0,0.0,0.13453651698460534,0.0,1.0,0.2598262540573863,0.10833577687146825,4.651321020734759,4.651321020734759,4.665896138819868,4.665896138819868,0.0
pangeo_seasonal,28,clean,3.0,4.5665837658092805,1.0,0.2598262540573863,0.13453651698460534,0.0,1.0,0.2598262540573863,0.10833577687146825,4.651321020734759,4.616364901492721,4.665896138819868,4.665896138819868,0.0
pangeo_seasonal,28,clean,3.0,4.5665837658092805,2.0,0.5196525081147726,0.13453651698460534,0.0,1.0,0.2598262540573863,0.10833577687146825,4.651321020734759,4.5814087822506835,4.665896138819868,4.665896138819868,0.0
pangeo_seasonal,28,inclusive,0.0,0.0,0.0,0.0,0.13453651698460534,0.19508501273539647,0.9737539418706824,0.2578307031306543,0.16250319576502256,0.08473725492547964,0.08473725492547964,0.10659986888257293,0.10947310639665686,0.0
pangeo_seasonal,28,inclusive,0.0,0.0,1.0,0.2578307031306543,0.13453651698460534,0.19508501273539647,0.9737539418706824,0.2578307031306543,0.16250319576502256,0.08473725492547964,0.05004961015458953,0.10659986888257293,0.10947310639665678,0.0
pangeo_seasonal,28,inclusive,0.0,0.0,2.0,0.5156614062613086,0.13453651698460534,0.19508501273539647,0.9737539418706824,0.2578307031306543,0.16250319576502256,0.08473725492547964,0.015361965383699428,0.10659986888257293,0.1094731063966567,0.0
pangeo_seasonal,28,inclusive,1.0,1.5221945886030936,0.0,0.0,0.13453651698460534,0.19508501273539647,0.9737539418706824,0.2578307031306543,-0.13445415493836316,1.6069318435285738,1.6069318435285738,1.5888428498290577,1.631667694999751,0.03995160765660951
pangeo_seasonal,28,inclusive,1.0,1.5221945886030936,1.0,0.2578307031306543,0.13453651698460534,0.19508501273539647,0.9737539418706824,0.2578307031306543,-0.13445415493836316,1.6069318435285738,1.5722441987576836,1.5888428498290577,1.6316676949997508,0.03995160765660951
pangeo_seasonal,28,inclusive,1.0,1.5221945886030936,2.0,0.5156614062613086,0.13453651698460534,0.19508501273539647,0.9737539418706824,0.2578307031306543,-0.13445415493836316,1.6069318435285738,1.5375565539867935,1.5888428498290577,1.6316676949997508,0.03995160765660951
pangeo_seasonal,28,inclusive,3.0,4.5665837658092805,0.0,0.0,0.13453651698460534,0.19508501273539647,0.9737539418706824,0.2578307031306543,-0.7283688563451355,4.651321020734759,4.651321020734759,4.553328811722023,4.676056872205936,0.11985482296982851
pangeo_seasonal,28,inclusive,3.0,4.5665837658092805,1.0,0.2578307031306543,0.13453651698460534,0.19508501273539647,0.9737539418706824,0.2578307031306543,-0.7283688563451355,4.651321020734759,4.61663337596387,4.553328811722023,4.676056872205938,0.11985482296982851
pangeo_seasonal,28,inclusive,3.0,4.5665837658092805,2.0,0.5156614062613086,0.13453651698460534,0.19508501273539647,0.9737539418706824,0.2578307031306543,-0.7283688563451355,4.651321020734759,4.581945731192979,4.553328811722023,4.676056872205937,0.11985482296982851
pangeo_seasonal,29,clean,0.0,0.0,0.0,0.0,0.10814754295144557,0.0,1.0,0.393874765818172,-0.01992637396193242,-0.42541838191719206,-0.42541838191719206,-0.4275733703011063,-0.4275733703011067,0.0
pangeo_seasonal,29,clean,0.0,0.0,1.0,0.393874765818172,0.10814754295144557,0.0,1.0,0.393874765818172,-0.01992637396193242,-0.42541838191719206,-0.46801497007100307,-0.4275733703011063,-0.4275733703011064,0.0
pangeo_seasonal,29,clean,0.0,0.0,2.0,0.787749531636344,0.10814754295144557,0.0,1.0,0.393874765818172,-0.01992637396193242,-0.42541838191719206,-0.5106115582248145,-0.4275733703011063,-0.4275733703011066,0.0
pangeo_seasonal,29,clean,1.0,1.5012121660932536,0.0,0.0,0.10814754295144557,0.0,1.0,0.393874765818172,-0.01992637396193242,1.0757937841760614,1.0757937841760614,1.0736387957921472,1.0736387957921467,0.0
pangeo_seasonal,29,clean,1.0,1.5012121660932536,1.0,0.393874765818172,0.10814754295144557,0.0,1.0,0.393874765818172,-0.01992637396193242,1.0757937841760614,1.0331971960222506,1.0736387957921472,1.0736387957921472,0.0
pangeo_seasonal,29,clean,1.0,1.5012121660932536,2.0,0.787749531636344,0.10814754295144557,0.0,1.0,0.393874765818172,-0.01992637396193242,1.0757937841760614,0.9906006078684391,1.0736387957921472,1.073638795792147,0.0
pangeo_seasonal,29,clean,3.0,4.503636498279761,0.0,0.0,0.10814754295144557,0.0,1.0,0.393874765818172,-0.01992637396193242,4.078218116362569,4.078218116362569,4.076063127978655,4.076063127978655,0.0
pangeo_seasonal,29,clean,3.0,4.503636498279761,1.0,0.393874765818172,0.10814754295144557,0.0,1.0,0.393874765818172,-0.01992637396193242,4.078218116362569,4.035621528208759,4.076063127978655,4.076063127978656,0.0
pangeo_seasonal,29,clean,3.0,4.503636498279761,2.0,0.787749531636344,0.10814754295144557,0.0,1.0,0.393874765818172,-0.01992637396193242,4.078218116362569,3.993024940054947,4.076063127978655,4.076063127978655,0.0
pangeo_seasonal,29,inclusive,0.0,0.0,0.0,0.0,0.10814754295144557,0.0,1.0,0.3939045397718878,-0.02195379274088083,-0.42541838191719206,-0.42541838191719206,-0.4277926306605833,-0.4277926306605836,0.0
pangeo_seasonal,29,inclusive,0.0,0.0,1.0,0.3939045397718878,0.10814754295144557,0.0,1.0,0.3939045397718878,-0.02195379274088083,-0.42541838191719206,-0.4680181900509412,-0.4277926306605833,-0.42779263066058304,0.0
pangeo_seasonal,29,inclusive,0.0,0.0,2.0,0.7878090795437755,0.10814754295144557,0.0,1.0,0.3939045397718878,-0.02195379274088083,-0.42541838191719206,-0.510617998184691,-0.4277926306605833,-0.4277926306605833,0.0
pangeo_seasonal,29,inclusive,1.0,1.5012121660932536,0.0,0.0,0.10814754295144557,0.0,1.0,0.3939045397718878,-0.02195379274088083,1.0757937841760614,1.0757937841760614,1.0734195354326703,1.0734195354326699,0.0
pangeo_seasonal,29,inclusive,1.0,1.5012121660932536,1.0,0.3939045397718878,0.10814754295144557,0.0,1.0,0.3939045397718878,-0.02195379274088083,1.0757937841760614,1.0331939760423123,1.0734195354326703,1.0734195354326705,0.0
pangeo_seasonal,29,inclusive,1.0,1.5012121660932536,2.0,0.7878090795437755,0.10814754295144557,0.0,1.0,0.3939045397718878,-0.02195379274088083,1.0757937841760614,0.9905941679085626,1.0734195354326703,1.0734195354326703,0.0
pangeo_seasonal,29,inclusive,3.0,4.503636498279761,0.0,0.0,0.10814754295144557,0.0,1.0,0.3939045397718878,-0.02195379274088083,4.078218116362569,4.078218116362569,4.075843867619179,4.075843867619177,0.0
pangeo_seasonal,29,inclusive,3.0,4.503636498279761,1.0,0.3939045397718878,0.10814754295144557,0.0,1.0,0.3939045397718878,-0.02195379274088083,4.078218116362569,4.03561830822882,4.075843867619179,4.075843867619178,0.0
pangeo_seasonal,29,inclusive,3.0,4.503636498279761,2.0,0.7878090795437755,0.10814754295144557,0.0,1.0,0.3939045397718878,-0.02195379274088083,4.078218116362569,3.99301850009507,4.075843867619179,4.075843867619177,0.0
pangeo_seasonal,30,clean,0.0,0.0,0.0,0.0,0.11132008961553301,0.0,1.0,0.34416097734606016,0.6633953333972192,0.12932625305755713,0.12932625305755713,0.20317548102186206,0.20317548102186198,0.0
pangeo_seasonal,30,clean,0.0,0.0,1.0,0.34416097734606016,0.11132008961553301,0.0,1.0,0.34416097734606016,0.6633953333972192,0.12932625305755713,0.09101422221722526,0.20317548102186206,0.20317548102186297,0.0
pangeo_seasonal,30,clean,0.0,0.0,2.0,0.6883219546921203,0.11132008961553301,0.0,1.0,0.34416097734606016,0.6633953333972192,0.12932625305755713,0.052702191376891784,0.20317548102186206,0.2031754810218624,0.0
pangeo_seasonal,30,clean,1.0,1.8618534791120336,0.0,0.0,0.11132008961553301,0.0,1.0,0.34416097734606016,0.6633953333972192,1.9911797321695908,1.9911797321695908,2.0650289601338954,2.065028960133896,0.0
pangeo_seasonal,30,clean,1.0,1.8618534791120336,1.0,0.34416097734606016,0.11132008961553301,0.0,1.0,0.34416097734606016,0.6633953333972192,1.9911797321695908,1.9528677013292595,2.0650289601338954,2.065028960133897,0.0
pangeo_seasonal,30,clean,1.0,1.8618534791120336,2.0,0.6883219546921203,0.11132008961553301,0.0,1.0,0.34416097734606016,0.6633953333972192,1.9911797321695908,1.9145556704889253,2.0650289601338954,2.065028960133896,0.0
pangeo_seasonal,30,clean,3.0,5.585560437336101,0.0,0.0,0.11132008961553301,0.0,1.0,0.34416097734606016,0.6633953333972192,5.714886690393658,5.714886690393658,5.788735918357963,5.788735918357963,0.0
pangeo_seasonal,30,clean,3.0,5.585560437336101,1.0,0.34416097734606016,0.11132008961553301,0.0,1.0,0.34416097734606016,0.6633953333972192,5.714886690393658,5.676574659553326,5.788735918357963,5.788735918357964,0.0
pangeo_seasonal,30,clean,3.0,5.585560437336101,2.0,0.6883219546921203,0.11132008961553301,0.0,1.0,0.34416097734606016,0.6633953333972192,5.714886690393658,5.638262628712992,5.788735918357963,5.788735918357963,0.0
pangeo_seasonal,30,inclusive,0.0,0.0,0.0,0.0,0.11132008961553301,0.0,1.0,0.3443739227821288,0.6672905433950606,0.12932625305755713,0.12932625305755713,0.20360909614789335,0.203609096147893,0.0
pangeo_seasonal,30,inclusive,0.0,0.0,1.0,0.3443739227821288,0.11132008961553301,0.0,1.0,0.3443739227821288,0.6672905433950606,0.12932625305755713,0.09099051711219808,0.20360909614789335,0.20360909614789316,0.0
pangeo_seasonal,30,inclusive,0.0,0.0,2.0,0.6887478455642576,0.11132008961553301,0.0,1.0,0.3443739227821288,0.6672905433950606,0.12932625305755713,0.05265478116683955,0.20360909614789335,0.20360909614789388,0.0
pangeo_seasonal,30,inclusive,1.0,1.8618534791120336,0.0,0.0,0.11132008961553301,0.0,1.0,0.3443739227821288,0.6672905433950606,1.9911797321695908,1.9911797321695908,2.0654625752599274,2.0654625752599265,0.0
pangeo_seasonal,30,inclusive,1.0,1.8618534791120336,1.0,0.3443739227821288,0.11132008961553301,0.0,1.0,0.3443739227821288,0.6672905433950606,1.9911797321695908,1.9528439962242317,2.0654625752599274,2.065462575259927,0.0
pangeo_seasonal,30,inclusive,1.0,1.8618534791120336,2.0,0.6887478455642576,0.11132008961553301,0.0,1.0,0.3443739227821288,0.6672905433950606,1.9911797321695908,1.9145082602788732,2.0654625752599274,2.0654625752599274,0.0
pangeo_seasonal,30,inclusive,3.0,5.585560437336101,0.0,0.0,0.11132008961553301,0.0,1.0,0.3443739227821288,0.6672905433950606,5.714886690393658,5.714886690393658,5.789169533483995,5.789169533483993,0.0
pangeo_seasonal,30,inclusive,3.0,5.585560437336101,1.0,0.3443739227821288,0.11132008961553301,0.0,1.0,0.3443739227821288,0.6672905433950606,5.714886690393658,5.6765509544483,5.789169533483995,5.789169533483995,0.0
pangeo_seasonal,30,inclusive,3.0,5.585560437336101,2.0,0.6887478455642576,0.11132008961553301,0.0,1.0,0.3443739227821288,0.6672905433950606,5.714886690393658,5.638215218502941,5.789169533483995,5.789169533483995,0.0
pangeo_seasonal,31,clean,0.0,0.0,0.0,0.0,0.14141405568655507,0.0,1.0,0.14553717948293482,-0.049105153781107094,0.6266928423093319,0.6266928423093319,0.6197486833580331,0.6197486833580336,0.0
pangeo_seasonal,31,clean,0.0,0.0,1.0,0.14553717948293482,0.14141405568655507,0.0,1.0,0.14553717948293482,-0.049105153781107094,0.6266928423093319,0.6061118395054675,0.6197486833580331,0.6197486833580331,0.0
pangeo_seasonal,31,clean,0.0,0.0,2.0,0.29107435896586964,0.14141405568655507,0.0,1.0,0.14553717948293482,-0.049105153781107094,0.6266928423093319,0.5855308367016038,0.6197486833580331,0.6197486833580332,0.0
pangeo_seasonal,31,clean,1.0,1.7744197696813355,0.0,0.0,0.14141405568655507,0.0,1.0,0.14553717948293482,-0.049105153781107094,2.401112611990668,2.401112611990668,2.394168453039369,2.3941684530393696,0.0
pangeo_seasonal,31,clean,1.0,1.7744197696813355,1.0,0.14553717948293482,0.14141405568655507,0.0,1.0,0.14553717948293482,-0.049105153781107094,2.401112611990668,2.380531609186803,2.394168453039369,2.3941684530393688,0.0
pangeo_seasonal,31,clean,1.0,1.7744197696813355,2.0,0.29107435896586964,0.14141405568655507,0.0,1.0,0.14553717948293482,-0.049105153781107094,2.401112611990668,2.35995060638294,2.394168453039369,2.394168453039369,0.0
pangeo_seasonal,31,clean,3.0,5.323259309044007,0.0,0.0,0.14141405568655507,0.0,1.0,0.14553717948293482,-0.049105153781107094,5.949952151353339,5.949952151353339,5.94300799240204,5.943007992402041,0.0
pangeo_seasonal,31,clean,3.0,5.323259309044007,1.0,0.14553717948293482,0.14141405568655507,0.0,1.0,0.14553717948293482,-0.049105153781107094,5.949952151353339,5.929371148549474,5.94300799240204,5.943007992402039,0.0
pangeo_seasonal,31,clean,3.0,5.323259309044007,2.0,0.29107435896586964,0.14141405568655507,0.0,1.0,0.14553717948293482,-0.049105153781107094,5.949952151353339,5.908790145745611,5.94300799240204,5.94300799240204,0.0
pangeo_seasonal,31,inclusive,0.0,0.0,0.0,0.0,0.14141405568655507,0.0,1.0,0.14552257597450496,-0.048992011546845224,0.6266928423093319,0.6266928423093319,0.6197646832602499,0.6197646832602499,0.0
pangeo_seasonal,31,inclusive,0.0,0.0,1.0,0.14552257597450496,0.14141405568655507,0.0,1.0,0.14552257597450496,-0.048992011546845224,0.6266928423093319,0.606113904646822,0.6197646832602499,0.6197646832602496,0.0
pangeo_seasonal,31,inclusive,0.0,0.0,2.0,0.29104515194900993,0.14141405568655507,0.0,1.0,0.14552257597450496,-0.048992011546845224,0.6266928423093319,0.5855349669843122,0.6197646832602499,0.6197646832602495,0.0
pangeo_seasonal,31,inclusive,1.0,1.7744197696813355,0.0,0.0,0.14141405568655507,0.0,1.0,0.14552257597450496,-0.048992011546845224,2.401112611990668,2.401112611990668,2.3941844529415857,2.394184452941586,0.0
pangeo_seasonal,31,inclusive,1.0,1.7744197696813355,1.0,0.14552257597450496,0.14141405568655507,0.0,1.0,0.14552257597450496,-0.048992011546845224,2.401112611990668,2.3805336743281584,2.3941844529415857,2.394184452941586,0.0
pangeo_seasonal,31,inclusive,1.0,1.7744197696813355,2.0,0.29104515194900993,0.14141405568655507,0.0,1.0,0.14552257597450496,-0.048992011546845224,2.401112611990668,2.359954736665648,2.3941844529415857,2.394184452941585,0.0
pangeo_seasonal,31,inclusive,3.0,5.323259309044007,0.0,0.0,0.14141405568655507,0.0,1.0,0.14552257597450496,-0.048992011546845224,5.949952151353339,5.949952151353339,5.943023992304257,5.943023992304258,0.0
pangeo_seasonal,31,inclusive,3.0,5.323259309044007,1.0,0.14552257597450496,0.14141405568655507,0.0,1.0,0.14552257597450496,-0.048992011546845224,5.949952151353339,5.929373213690829,5.943023992304257,5.943023992304256,0.0
pangeo_seasonal,31,inclusive,3.0,5.323259309044007,2.0,0.29104515194900993,0.14141405568655507,0.0,1.0,0.14552257597450496,-0.048992011546845224,5.949952151353339,5.90879427602832,5.943023992304257,5.943023992304257,0.0
pangeo_seasonal,32,clean,0.0,0.0,0.0,0.0,0.12225477334230395,0.0,1.0,0.39831994134179227,0.5435923460220209,-0.12643728398988988,-0.12643728398988988,-0.059980524936356264,-0.05998052493635645,0.0
pangeo_seasonal,32,clean,0.0,0.0,1.0,0.39831994134179227,0.12225477334230395,0.0,1.0,0.39831994134179227,0.5435923460220209,-0.12643728398988988,-0.17513379813635055,-0.059980524936356264,-0.059980524936356444,0.0
pangeo_seasonal,32,clean,0.0,0.0,2.0,0.7966398826835845,0.12225477334230395,0.0,1.0,0.39831994134179227,0.5435923460220209,-0.12643728398988988,-0.2238303122828107,-0.059980524936356264,-0.05998052493635612,0.0
pangeo_seasonal,32,clean,1.0,1.3441956133681323,0.0,0.0,0.12225477334230395,0.0,1.0,0.39831994134179227,0.5435923460220209,1.217758329378242,1.217758329378242,1.2842150884317756,1.2842150884317753,0.0
pangeo_seasonal,32,clean,1.0,1.3441956133681323,1.0,0.39831994134179227,0.12225477334230395,0.0,1.0,0.39831994134179227,0.5435923460220209,1.217758329378242,1.1690618152317813,1.2842150884317756,1.2842150884317753,0.0
pangeo_seasonal,32,clean,1.0,1.3441956133681323,2.0,0.7966398826835845,0.12225477334230395,0.0,1.0,0.39831994134179227,0.5435923460220209,1.217758329378242,1.1203653010853212,1.2842150884317756,1.2842150884317758,0.0
pangeo_seasonal,32,clean,3.0,4.032586840104397,0.0,0.0,0.12225477334230395,0.0,1.0,0.39831994134179227,0.5435923460220209,3.9061495561145065,3.9061495561145065,3.972606315168041,3.97260631516804,0.0
pangeo_seasonal,32,clean,3.0,4.032586840104397,1.0,0.39831994134179227,0.12225477334230395,0.0,1.0,0.39831994134179227,0.5435923460220209,3.9061495561145065,3.8574530419680464,3.972606315168041,3.9726063151680404,0.0
pangeo_seasonal,32,clean,3.0,4.032586840104397,2.0,0.7966398826835845,0.12225477334230395,0.0,1.0,0.39831994134179227,0.5435923460220209,3.9061495561145065,3.8087565278215862,3.972606315168041,3.972606315168041,0.0
pangeo_seasonal,32,inclusive,0.0,0.0,0.0,0.0,0.12225477334230395,0.03857030703499998,0.995284595855693,0.398329200885349,0.557795354148133,-0.12643728398988988,-0.12643728398988988,-0.058244139397119275,-0.058520085249631024,0.0
pangeo_seasonal,32,inclusive,0.0,0.0,1.0,0.398329200885349,0.12225477334230395,0.03857030703499998,0.995284595855693,0.398329200885349,0.557795354148133,-0.12643728398988988,-0.17513493015974949,-0.058244139397119275,-0.05852008524963116,0.0
pangeo_seasonal,32,inclusive,0.0,0.0,2.0,0.796658401770698,0.12225477334230395,0.03857030703499998,0.995284595855693,0.398329200885349,0.557795354148133,-0.12643728398988988,-0.22383257632960857,-0.058244139397119275,-0.05852008524963098,0.0
pangeo_seasonal,32,inclusive,1.0,1.3441956133681323,0.0,0.0,0.12225477334230395,0.03857030703499998,0.995284595855693,0.398329200885349,0.5059493166254242,1.217758329378242,1.217758329378242,1.2796130484049768,1.2856755281185008,0.006338425566035372
pangeo_seasonal,32,inclusive,1.0,1.3441956133681323,1.0,0.398329200885349,0.12225477334230395,0.03857030703499998,0.995284595855693,0.398329200885349,0.5059493166254242,1.217758329378242,1.1690606832083823,1.2796130484049768,1.2856755281185006,0.006338425566035372
pangeo_seasonal,32,inclusive,1.0,1.3441956133681323,2.0,0.796658401770698,0.12225477334230395,0.03857030703499998,0.995284595855693,0.398329200885349,0.5059493166254242,1.217758329378242,1.1203630370385231,1.2796130484049768,1.2856755281185008,0.006338425566035372
pangeo_seasonal,32,inclusive,3.0,4.032586840104397,0.0,0.0,0.12225477334230395,0.03857030703499998,0.995284595855693,0.398329200885349,0.4022572415800063,3.9061495561145065,3.9061495561145065,3.955327424009171,3.9740667548547655,0.01901527669810612
pangeo_seasonal,32,inclusive,3.0,4.032586840104397,1.0,0.398329200885349,0.12225477334230395,0.03857030703499998,0.995284595855693,0.398329200885349,0.4022572415800063,3.9061495561145065,3.857451909944648,3.955327424009171,3.9740667548547663,0.01901527669810612
pangeo_seasonal,32,inclusive,3.0,4.032586840104397,2.0,0.796658401770698,0.12225477334230395,0.03857030703499998,0.995284595855693,0.398329200885349,0.4022572415800063,3.9061495561145065,3.808754263774788,3.955327424009171,3.974066754854766,0.01901527669810612
pangeo_seasonal,33,clean,0.0,0.0,0.0,0.0,0.13765340285852545,0.0,1.0,1.9157360621481605,7.778107514102137,0.09287679707815019,0.09287679707815019,1.1635597641937763,1.1635597641937756,0.0
pangeo_seasonal,33,clean,0.0,0.0,1.0,1.9157360621481605,0.13765340285852545,0.0,1.0,1.9157360621481605,7.778107514102137,0.09287679707815019,-0.17083079085533512,1.1635597641937763,1.1635597641937763,0.0
pangeo_seasonal,33,clean,0.0,0.0,2.0,3.831472124296321,0.13765340285852545,0.0,1.0,1.9157360621481605,7.778107514102137,0.09287679707815019,-0.4345383787888203,1.1635597641937763,1.163559764193777,0.0
pangeo_seasonal,33,clean,1.0,1.6633888741119616,0.0,0.0,0.13765340285852545,0.0,1.0,1.9157360621481605,7.778107514102137,1.7562656711901112,1.7562656711901112,2.826948638305738,2.8269486383057365,0.0
pangeo_seasonal,33,clean,1.0,1.6633888741119616,1.0,1.9157360621481605,0.13765340285852545,0.0,1.0,1.9157360621481605,7.778107514102137,1.7562656711901112,1.492558083256626,2.826948638305738,2.8269486383057374,0.0
pangeo_seasonal,33,clean,1.0,1.6633888741119616,2.0,3.831472124296321,0.13765340285852545,0.0,1.0,1.9157360621481605,7.778107514102137,1.7562656711901112,1.228850495323141,2.826948638305738,2.8269486383057383,0.0
pangeo_seasonal,33,clean,3.0,4.9901666223358845,0.0,0.0,0.13765340285852545,0.0,1.0,1.9157360621481605,7.778107514102137,5.083043419414036,5.083043419414036,6.1537263865296605,6.153726386529661,0.0
pangeo_seasonal,33,clean,3.0,4.9901666223358845,1.0,1.9157360621481605,0.13765340285852545,0.0,1.0,1.9157360621481605,7.778107514102137,5.083043419414036,4.81933583148055,6.1537263865296605,6.153726386529661,0.0
pangeo_seasonal,33,clean,3.0,4.9901666223358845,2.0,3.831472124296321,0.13765340285852545,0.0,1.0,1.9157360621481605,7.778107514102137,5.083043419414036,4.555628243547065,6.1537263865296605,6.153726386529662,0.0
pangeo_seasonal,33,inclusive,0.0,0.0,0.0,0.0,0.13765340285852545,0.8724087046787192,0.8799099731175759,0.8878183477323313,3.303959321681346,0.09287679707815019,0.09287679707815019,0.5476780406137335,0.622425085913364,0.0
pangeo_seasonal,33,inclusive,0.0,0.0,1.0,0.8878183477323313,0.13765340285852545,0.8724087046787192,0.8799099731175759,0.8878183477323313,3.303959321681346,0.09287679707815019,-0.029334419607438635,0.5476780406137335,0.6224250859133642,0.0
pangeo_seasonal,33,inclusive,0.0,0.0,2.0,1.7756366954646625,0.13765340285852545,0.8724087046787192,0.8799099731175759,0.8878183477323313,3.303959321681346,0.09287679707815019,-0.15154563629302728,0.5476780406137335,0.6224250859133645,0.0
pangeo_seasonal,33,inclusive,1.0,1.6633888741119616,0.0,0.0,0.13765340285852545,0.8724087046787192,0.8799099731175759,0.8878183477323313,1.8528043886403367,1.7562656711901112,1.7562656711901112,2.0113105001176637,2.285813960025325,0.19975641460803062
pangeo_seasonal,33,inclusive,1.0,1.6633888741119616,1.0,0.8878183477323313,0.13765340285852545,0.8724087046787192,0.8799099731175759,0.8878183477323313,1.8528043886403367,1.7562656711901112,1.6340544545045226,2.0113105001176637,2.2858139600253256,0.19975641460803062
pangeo_seasonal,33,inclusive,1.0,1.6633888741119616,2.0,1.7756366954646625,0.13765340285852545,0.8724087046787192,0.8799099731175759,0.8878183477323313,1.8528043886403367,1.7562656711901112,1.511843237818934,2.0113105001176637,2.285813960025326,0.19975641460803062
pangeo_seasonal,33,inclusive,3.0,4.9901666223358845,0.0,0.0,0.13765340285852545,0.8724087046787192,0.8799099731175759,0.8878183477323313,-1.0495054774416825,5.083043419414036,5.083043419414036,4.9385754191255264,5.61259170824925,0.5992692438240919
pangeo_seasonal,33,inclusive,3.0,4.9901666223358845,1.0,0.8878183477323313,0.13765340285852545,0.8724087046787192,0.8799099731175759,0.8878183477323313,-1.0495054774416825,5.083043419414036,4.960832202728446,4.9385754191255264,5.61259170824925,0.5992692438240919
pangeo_seasonal,33,inclusive,3.0,4.9901666223358845,2.0,1.7756366954646625,0.13765340285852545,0.8724087046787192,0.8799099731175759,0.8878183477323313,-1.0495054774416825,5.083043419414036,4.838620986042858,4.9385754191255264,5.61259170824925,0.5992692438240919
pangeo_seasonal,34,clean,0.0,0.0,0.0,0.0,0.09836243168168232,0.0,1.0,0.09176135614055565,0.03612850131112344,-0.4370668885891556,-0.4370668885891556,-0.4335132013471787,-0.43351320134717863,0.0
pangeo_seasonal,34,clean,0.0,0.0,1.0,0.09176135614055565,0.09836243168168232,0.0,1.0,0.09176135614055565,0.03612850131112344,-0.4370668885891556,-0.4460927587135496,-0.4335132013471787,-0.43351320134717874,0.0
pangeo_seasonal,34,clean,0.0,0.0,2.0,0.1835227122811113,0.09836243168168232,0.0,1.0,0.09176135614055565,0.03612850131112344,-0.4370668885891556,-0.4551186288379439,-0.4335132013471787,-0.4335132013471792,0.0
pangeo_seasonal,34,clean,1.0,1.374951528208363,0.0,0.0,0.09836243168168232,0.0,1.0,0.09176135614055565,0.03612850131112344,0.937884639619208,0.937884639619208,0.9414383268611848,0.9414383268611849,0.0
pangeo_seasonal,34,clean,1.0,1.374951528208363,1.0,0.09176135614055565,0.09836243168168232,0.0,1.0,0.09176135614055565,0.03612850131112344,0.937884639619208,0.9288587694948139,0.9414383268611848,0.9414383268611848,0.0
pangeo_seasonal,34,clean,1.0,1.374951528208363,2.0,0.1835227122811113,0.09836243168168232,0.0,1.0,0.09176135614055565,0.03612850131112344,0.937884639619208,0.9198328993704197,0.9414383268611848,0.9414383268611844,0.0
pangeo_seasonal,34,clean,3.0,4.124854584625089,0.0,0.0,0.09836243168168232,0.0,1.0,0.09176135614055565,0.03612850131112344,3.687787696035934,3.687787696035934,3.691341383277911,3.6913413832779107,0.0
pangeo_seasonal,34,clean,3.0,4.124854584625089,1.0,0.09176135614055565,0.09836243168168232,0.0,1.0,0.09176135614055565,0.03612850131112344,3.687787696035934,3.6787618259115398,3.691341383277911,3.6913413832779107,0.0
pangeo_seasonal,34,clean,3.0,4.124854584625089,2.0,0.1835227122811113,0.09836243168168232,0.0,1.0,0.09176135614055565,0.03612850131112344,3.687787696035934,3.669735955787145,3.691341383277911,3.69134138327791,0.0
pangeo_seasonal,34,inclusive,0.0,0.0,0.0,0.0,0.09836243168168232,0.39136190205626326,0.9615046916461776,0.08505503963937432,0.052068649584245195,-0.4370668885891556,-0.4370668885891556,-0.43194528960166745,-0.449238878764222,0.0
pangeo_seasonal,34,inclusive,0.0,0.0,1.0,0.08505503963937432,0.09836243168168232,0.39136190205626326,0.9615046916461776,0.08505503963937432,0.052068649584245195,-0.4370668885891556,-0.44543310911486633,-0.43194528960166745,-0.44923887876422197,0.0
pangeo_seasonal,34,inclusive,0.0,0.0,2.0,0.17011007927874863,0.09836243168168232,0.39136190205626326,0.9615046916461776,0.08505503963937432,0.052068649584245195,-0.4370668885891556,-0.4537993296405777,-0.43194528960166745,-0.4492388787642227,0.0
pangeo_seasonal,34,inclusive,1.0,1.374951528208363,0.0,0.0,0.09836243168168232,0.39136190205626326,0.9615046916461776,0.08505503963937432,-0.4860349957305459,0.937884639619208,0.937884639619208,0.8900770555567556,0.9257126494441416,0.052929183049940334
pangeo_seasonal,34,inclusive,1.0,1.374951528208363,1.0,0.08505503963937432,0.09836243168168232,0.39136190205626326,0.9615046916461776,0.08505503963937432,-0.4860349957305459,0.937884639619208,0.9295184190934972,0.8900770555567556,0.9257126494441416,0.052929183049940334
pangeo_seasonal,34,inclusive,1.0,1.374951528208363,2.0,0.17011007927874863,0.09836243168168232,0.39136190205626326,0.9615046916461776,0.08505503963937432,-0.4860349957305459,0.937884639619208,0.9211521985677859,0.8900770555567556,0.9257126494441409,0.052929183049940334
pangeo_seasonal,34,inclusive,3.0,4.124854584625089,0.0,0.0,0.09836243168168232,0.39136190205626326,0.9615046916461776,0.08505503963937432,-1.5622422863601275,3.687787696035934,3.687787696035934,3.534121745873601,3.6756157058608676,0.158787549149821
pangeo_seasonal,34,inclusive,3.0,4.124854584625089,1.0,0.08505503963937432,0.09836243168168232,0.39136190205626326,0.9615046916461776,0.08505503963937432,-1.5622422863601275,3.687787696035934,3.6794214755102232,3.534121745873601,3.6756157058608676,0.158787549149821
pangeo_seasonal,34,inclusive,3.0,4.124854584625089,2.0,0.17011007927874863,0.09836243168168232,0.39136190205626326,0.9615046916461776,0.08505503963937432,-1.5622422863601275,3.687787696035934,3.6710552549845117,3.534121745873601,3.6756157058608667,0.158787549149821
pangeo_seasonal,35,clean,0.0,0.0,0.0,0.0,0.10529845226313794,0.0,1.0,0.4200123844427836,1.1333622211916825,0.8405948097387508,0.8405948097387508,0.9599360974837472,0.9599360974837472,0.0
pangeo_seasonal,35,clean,0.0,0.0,1.0,0.4200123844427836,0.10529845226313794,0.0,1.0,0.4200123844427836,1.1333622211916825,0.8405948097387508,0.7963681557255757,0.9599360974837472,0.9599360974837473,0.0
pangeo_seasonal,35,clean,0.0,0.0,2.0,0.8400247688855672,0.10529845226313794,0.0,1.0,0.4200123844427836,1.1333622211916825,0.8405948097387508,0.7521415017124005,0.9599360974837472,0.9599360974837472,0.0
pangeo_seasonal,35,clean,1.0,1.4027093498477012,0.0,0.0,0.10529845226313794,0.0,1.0,0.4200123844427836,1.1333622211916825,2.243304159586452,2.243304159586452,2.362645447331448,2.362645447331448,0.0
pangeo_seasonal,35,clean,1.0,1.4027093498477012,1.0,0.4200123844427836,0.10529845226313794,0.0,1.0,0.4200123844427836,1.1333622211916825,2.243304159586452,2.199077505573277,2.362645447331448,2.3626454473314484,0.0
pangeo_seasonal,35,clean,1.0,1.4027093498477012,2.0,0.8400247688855672,0.10529845226313794,0.0,1.0,0.4200123844427836,1.1333622211916825,2.243304159586452,2.1548508515601017,2.362645447331448,2.3626454473314484,0.0
pangeo_seasonal,35,clean,3.0,4.208128049543104,0.0,0.0,0.10529845226313794,0.0,1.0,0.4200123844427836,1.1333622211916825,5.048722859281855,5.048722859281855,5.168064147026852,5.168064147026851,0.0
pangeo_seasonal,35,clean,3.0,4.208128049543104,1.0,0.4200123844427836,0.10529845226313794,0.0,1.0,0.4200123844427836,1.1333622211916825,5.048722859281855,5.004496205268679,5.168064147026852,5.1680641470268505,0.0
pangeo_seasonal,35,clean,3.0,4.208128049543104,2.0,0.8400247688855672,0.10529845226313794,0.0,1.0,0.4200123844427836,1.1333622211916825,5.048722859281855,4.960269551255505,5.168064147026852,5.168064147026851,0.0
pangeo_seasonal,35,inclusive,0.0,0.0,0.0,0.0,0.10529845226313794,0.0,1.0,0.420013393412492,1.133353588027704,0.8405948097387508,0.8405948097387508,0.9599351884249424,0.9599351884249421,0.0
pangeo_seasonal,35,inclusive,0.0,0.0,1.0,0.420013393412492,0.10529845226313794,0.0,1.0,0.420013393412492,1.133353588027704,0.8405948097387508,0.7963680494826267,0.9599351884249424,0.959935188424942,0.0
pangeo_seasonal,35,inclusive,0.0,0.0,2.0,0.840026786824984,0.10529845226313794,0.0,1.0,0.420013393412492,1.133353588027704,0.8405948097387508,0.7521412892265031,0.9599351884249424,0.9599351884249422,0.0
pangeo_seasonal,35,inclusive,1.0,1.4027093498477012,0.0,0.0,0.10529845226313794,0.0,1.0,0.420013393412492,1.133353588027704,2.243304159586452,2.243304159586452,2.362644538272643,2.362644538272643,0.0
pangeo_seasonal,35,inclusive,1.0,1.4027093498477012,1.0,0.420013393412492,0.10529845226313794,0.0,1.0,0.420013393412492,1.133353588027704,2.243304159586452,2.199077399330327,2.362644538272643,2.3626445382726424,0.0
pangeo_seasonal,35,inclusive,1.0,1.4027093498477012,2.0,0.840026786824984,0.10529845226313794,0.0,1.0,0.420013393412492,1.133353588027704,2.243304159586452,2.154850639074204,2.362644538272643,2.362644538272643,0.0
pangeo_seasonal,35,inclusive,3.0,4.208128049543104,0.0,0.0,0.10529845226313794,0.0,1.0,0.420013393412492,1.133353588027704,5.048722859281855,5.048722859281855,5.168063237968047,5.168063237968046,0.0
pangeo_seasonal,35,inclusive,3.0,4.208128049543104,1.0,0.420013393412492,0.10529845226313794,0.0,1.0,0.420013393412492,1.133353588027704,5.048722859281855,5.00449609902573,5.168063237968047,5.168063237968045,0.0
pangeo_seasonal,35,inclusive,3.0,4.208128049543104,2.0,0.840026786824984,0.10529845226313794,0.0,1.0,0.420013393412492,1.133353588027704,5.048722859281855,4.960269338769607,5.168063237968047,5.168063237968046,0.0
pangeo_seasonal,36,clean,0.0,0.0,0.0,0.0,0.1025678405345439,0.0,1.0,0.5198859883196241,-0.5738217961295387,0.2798581217263637,0.2798581217263637,0.22100245924570353,0.22100245924570364,0.0
pangeo_seasonal,36,clean,0.0,0.0,1.0,0.5198859883196241,0.1025678405345439,0.0,1.0,0.5198859883196241,-0.5738217961295387,0.2798581217263637,0.2265345385802527,0.22100245924570353,0.22100245924570353,0.0
pangeo_seasonal,36,clean,0.0,0.0,2.0,1.0397719766392481,0.1025678405345439,0.0,1.0,0.5198859883196241,-0.5738217961295387,0.2798581217263637,0.17321095543414158,0.22100245924570353,0.22100245924570341,0.0
pangeo_seasonal,36,clean,1.0,1.7258985485585119,0.0,0.0,0.1025678405345439,0.0,1.0,0.5198859883196241,-0.5738217961295387,2.0057566702848755,2.0057566702848755,1.9469010078042153,1.9469010078042155,0.0
pangeo_seasonal,36,clean,1.0,1.7258985485585119,1.0,0.5198859883196241,0.1025678405345439,0.0,1.0,0.5198859883196241,-0.5738217961295387,2.0057566702848755,1.952433087138764,1.9469010078042153,1.9469010078042148,0.0
pangeo_seasonal,36,clean,1.0,1.7258985485585119,2.0,1.0397719766392481,0.1025678405345439,0.0,1.0,0.5198859883196241,-0.5738217961295387,2.0057566702848755,1.899109503992653,1.9469010078042153,1.946901007804215,0.0
pangeo_seasonal,36,clean,3.0,5.177695645675536,0.0,0.0,0.1025678405345439,0.0,1.0,0.5198859883196241,-0.5738217961295387,5.457553767401899,5.457553767401899,5.39869810492124,5.398698104921239,0.0
pangeo_seasonal,36,clean,3.0,5.177695645675536,1.0,0.5198859883196241,0.1025678405345439,0.0,1.0,0.5198859883196241,-0.5738217961295387,5.457553767401899,5.404230184255789,5.39869810492124,5.39869810492124,0.0
pangeo_seasonal,36,clean,3.0,5.177695645675536,2.0,1.0397719766392481,0.1025678405345439,0.0,1.0,0.5198859883196241,-0.5738217961295387,5.457553767401899,5.350906601109678,5.39869810492124,5.398698104921239,0.0
pangeo_seasonal,36,inclusive,0.0,0.0,0.0,0.0,0.1025678405345439,0.03789013617896022,0.9961136905545642,0.5186065595131832,-0.6011190059693705,0.2798581217263637,0.2798581217263637,0.2182026433798135,0.21905395483354342,0.0
pangeo_seasonal,36,inclusive,0.0,0.0,1.0,0.5186065595131832,0.1025678405345439,0.03789013617896022,0.9961136905545642,0.5186065595131832,-0.6011190059693705,0.2798581217263637,0.22666576683004677,0.2182026433798135,0.21905395483354315,0.0
pangeo_seasonal,36,inclusive,0.0,0.0,2.0,1.0372131190263665,0.1025678405345439,0.03789013617896022,0.9961136905545642,0.5186065595131832,-0.6011190059693705,0.2798581217263637,0.1734734119337303,0.2182026433798135,0.21905395483354329,0.0
pangeo_seasonal,36,inclusive,1.0,1.7258985485585119,0.0,0.0,0.1025678405345439,0.03789013617896022,0.9961136905545642,0.5186065595131832,-0.6665135370053223,2.0057566702848755,2.0057566702848755,1.9373938161071986,1.9449525033920552,0.006707375831126786
pangeo_seasonal,36,inclusive,1.0,1.7258985485585119,1.0,0.5186065595131832,0.1025678405345439,0.03789013617896022,0.9961136905545642,0.5186065595131832,-0.6665135370053223,2.0057566702848755,1.9525643153885581,1.9373938161071986,1.9449525033920545,0.006707375831126786
pangeo_seasonal,36,inclusive,1.0,1.7258985485585119,2.0,1.0372131190263665,0.1025678405345439,0.03789013617896022,0.9961136905545642,0.5186065595131832,-0.6665135370053223,2.0057566702848755,1.8993719604922419,1.9373938161071986,1.944952503392055,0.006707375831126786
pangeo_seasonal,36,inclusive,3.0,5.177695645675536,0.0,0.0,0.1025678405345439,0.03789013617896022,0.9961136905545642,0.5186065595131832,-0.797302599077226,5.457553767401899,5.457553767401899,5.375776161561969,5.396749600509079,0.02012212749338036
pangeo_seasonal,36,inclusive,3.0,5.177695645675536,1.0,0.5186065595131832,0.1025678405345439,0.03789013617896022,0.9961136905545642,0.5186065595131832,-0.797302599077226,5.457553767401899,5.404361412505582,5.375776161561969,5.396749600509079,0.02012212749338036
pangeo_seasonal,36,inclusive,3.0,5.177695645675536,2.0,1.0372131190263665,0.1025678405345439,0.03789013617896022,0.9961136905545642,0.5186065595131832,-0.797302599077226,5.457553767401899,5.351169057609267,5.375776161561969,5.3967496005090805,0.02012212749338036
pangeo_seasonal,37,clean,0.0,0.0,0.0,0.0,0.15916873897515593,0.0,1.0,0.2971130194408157,0.5397880996813333,0.21977605276477838,0.21977605276477838,0.3056934439048525,0.305693443904852,0.0
pangeo_seasonal,37,clean,0.0,0.0,1.0,0.2971130194408157,0.15916873897515593,0.0,1.0,0.2971130194408157,0.5397880996813333,0.21977605276477838,0.17248494812728293,0.3056934439048525,0.30569344390485226,0.0
pangeo_seasonal,37,clean,0.0,0.0,2.0,0.5942260388816314,0.15916873897515593,0.0,1.0,0.2971130194408157,0.5397880996813333,0.21977605276477838,0.12519384348978715,0.3056934439048525,0.305693443904852,0.0
pangeo_seasonal,37,clean,1.0,1.6503902406023174,0.0,0.0,0.15916873897515593,0.0,1.0,0.2971130194408157,0.5397880996813333,1.8701662933670953,1.8701662933670953,1.9560836845071694,1.956083684507169,0.0
pangeo_seasonal,37,clean,1.0,1.6503902406023174,1.0,0.2971130194408157,0.15916873897515593,0.0,1.0,0.2971130194408157,0.5397880996813333,1.8701662933670953,1.8228751887295995,1.9560836845071694,1.956083684507169,0.0
pangeo_seasonal,37,clean,1.0,1.6503902406023174,2.0,0.5942260388816314,0.15916873897515593,0.0,1.0,0.2971130194408157,0.5397880996813333,1.8701662933670953,1.7755840840921042,1.9560836845071694,1.956083684507169,0.0
pangeo_seasonal,37,clean,3.0,4.951170721806952,0.0,0.0,0.15916873897515593,0.0,1.0,0.2971130194408157,0.5397880996813333,5.17094677457173,5.17094677457173,5.2568641657118045,5.256864165711804,0.0
pangeo_seasonal,37,clean,3.0,4.951170721806952,1.0,0.2971130194408157,0.15916873897515593,0.0,1.0,0.2971130194408157,0.5397880996813333,5.17094677457173,5.123655669934235,5.2568641657118045,5.256864165711804,0.0
pangeo_seasonal,37,clean,3.0,4.951170721806952,2.0,0.5942260388816314,0.15916873897515593,0.0,1.0,0.2971130194408157,0.5397880996813333,5.17094677457173,5.07636456529674,5.2568641657118045,5.2568641657118045,0.0
pangeo_seasonal,37,inclusive,0.0,0.0,0.0,0.0,0.15916873897515593,0.15490959823330094,0.9753432345940575,0.10987004771960328,0.2997439808975847,0.21977605276477838,0.21977605276477838,0.2674859242196403,0.2742479926371449,0.0
pangeo_seasonal,37,inclusive,0.0,0.0,1.0,0.10987004771960328,0.15916873897515593,0.15490959823330094,0.9753432345940575,0.10987004771960328,0.2997439808975847,0.21977605276477838,0.2022881758181086,0.2674859242196403,0.27424799263714456,0.0
pangeo_seasonal,37,inclusive,0.0,0.0,2.0,0.21974009543920656,0.15916873897515593,0.15490959823330094,0.9753432345940575,0.10987004771960328,0.2997439808975847,0.21977605276477838,0.1848002988714395,0.2674859242196403,0.27424799263714494,0.0
pangeo_seasonal,37,inclusive,1.0,1.6503902406023174,0.0,0.0,0.15916873897515593,0.15490959823330094,0.9753432345940575,0.10987004771960328,0.04408269179771871,1.8701662933670953,1.8701662933670953,1.8771828798311685,1.9246382332394618,0.04069328499078843
pangeo_seasonal,37,inclusive,1.0,1.6503902406023174,1.0,0.10987004771960328,0.15916873897515593,0.15490959823330094,0.9753432345940575,0.10987004771960328,0.04408269179771871,1.8701662933670953,1.8526784164204255,1.8771828798311685,1.9246382332394614,0.04069328499078843
pangeo_seasonal,37,inclusive,1.0,1.6503902406023174,2.0,0.21974009543920656,0.15916873897515593,0.15490959823330094,0.9753432345940575,0.10987004771960328,0.04408269179771871,1.8701662933670953,1.8351905394737564,1.8771828798311685,1.9246382332394618,0.04069328499078843
pangeo_seasonal,37,inclusive,3.0,4.951170721806952,0.0,0.0,0.15916873897515593,0.15490959823330094,0.9753432345940575,0.10987004771960328,-0.46723988640201286,5.17094677457173,5.17094677457173,5.096576791054227,5.225418714444096,0.12207985497236529
pangeo_seasonal,37,inclusive,3.0,4.951170721806952,1.0,0.10987004771960328,0.15916873897515593,0.15490959823330094,0.9753432345940575,0.10987004771960328,-0.46723988640201286,5.17094677457173,5.15345889762506,5.096576791054227,5.225418714444096,0.12207985497236529
pangeo_seasonal,37,inclusive,3.0,4.951170721806952,2.0,0.21974009543920656,0.15916873897515593,0.15490959823330094,0.9753432345940575,0.10987004771960328,-0.46723988640201286,5.17094677457173,5.135971020678392,5.096576791054227,5.225418714444097,0.12207985497236529
pangeo_seasonal,38,clean,0.0,0.0,0.0,0.0,0.1345789199200953,0.0,1.0,0.28309694090264764,1.3967545734424711,0.864201778227299,0.864201778227299,1.0521755001146402,1.0521755001146402,0.0
pangeo_seasonal,38,clean,0.0,0.0,1.0,0.28309694090264764,0.1345789199200953,0.0,1.0,0.28309694090264764,1.3967545734424711,0.864201778227299,0.8261028976879379,1.0521755001146402,1.0521755001146402,0.0
pangeo_seasonal,38,clean,0.0,0.0,2.0,0.5661938818052953,0.1345789199200953,0.0,1.0,0.28309694090264764,1.3967545734424711,0.864201778227299,0.7880040171485765,1.0521755001146402,1.0521755001146404,0.0
pangeo_seasonal,38,clean,1.0,2.2776759716008073,0.0,0.0,0.1345789199200953,0.0,1.0,0.28309694090264764,1.3967545734424711,3.141877749828106,3.141877749828106,3.3298514717154477,3.3298514717154473,0.0
pangeo_seasonal,38,clean,1.0,2.2776759716008073,1.0,0.28309694090264764,0.1345789199200953,0.0,1.0,0.28309694090264764,1.3967545734424711,3.141877749828106,3.103778869288745,3.3298514717154477,3.3298514717154477,0.0
pangeo_seasonal,38,clean,1.0,2.2776759716008073,2.0,0.5661938818052953,0.1345789199200953,0.0,1.0,0.28309694090264764,1.3967545734424711,3.141877749828106,3.0656799887493835,3.3298514717154477,3.3298514717154477,0.0
pangeo_seasonal,38,clean,3.0,6.833027914802422,0.0,0.0,0.1345789199200953,0.0,1.0,0.28309694090264764,1.3967545734424711,7.697229693029722,7.697229693029722,7.885203414917062,7.885203414917063,0.0
pangeo_seasonal,38,clean,3.0,6.833027914802422,1.0,0.28309694090264764,0.1345789199200953,0.0,1.0,0.28309694090264764,1.3967545734424711,7.697229693029722,7.659130812490359,7.885203414917062,7.885203414917061,0.0
pangeo_seasonal,38,clean,3.0,6.833027914802422,2.0,0.5661938818052953,0.1345789199200953,0.0,1.0,0.28309694090264764,1.3967545734424711,7.697229693029722,7.621031931950999,7.885203414917062,7.885203414917063,0.0
pangeo_seasonal,38,inclusive,0.0,0.0,0.0,0.0,0.1345789199200953,0.5075577277805773,0.9316934291981922,0.26449656318902687,1.0865938138967945,0.864201778227299,0.864201778227299,1.010434400093387,1.0845138201339022,0.0
pangeo_seasonal,38,inclusive,0.0,0.0,1.0,0.26449656318902687,0.1345789199200953,0.5075577277805773,0.9316934291981922,0.26449656318902687,1.0865938138967945,0.864201778227299,0.8286061164307428,1.010434400093387,1.0845138201339024,0.0
pangeo_seasonal,38,inclusive,0.0,0.0,2.0,0.5289931263780537,0.1345789199200953,0.5075577277805773,0.9316934291981922,0.26449656318902687,1.0865938138967945,0.864201778227299,0.7930104546341858,1.010434400093387,1.0845138201339022,0.0
pangeo_seasonal,38,inclusive,1.0,2.2776759716008073,0.0,0.0,0.1345789199200953,0.5075577277805773,0.9316934291981922,0.26449656318902687,-0.06945822686932993,3.141877749828106,3.141877749828106,3.1325301366764675,3.3621897917347088,0.155580235017727
pangeo_seasonal,38,inclusive,1.0,2.2776759716008073,1.0,0.26449656318902687,0.1345789199200953,0.5075577277805773,0.9316934291981922,0.26449656318902687,-0.06945822686932993,3.141877749828106,3.10628208803155,3.1325301366764675,3.362189791734709,0.155580235017727
pangeo_seasonal,38,inclusive,1.0,2.2776759716008073,2.0,0.5289931263780537,0.1345789199200953,0.5075577277805773,0.9316934291981922,0.26449656318902687,-0.06945822686932993,3.141877749828106,3.0706864262349933,3.1325301366764675,3.3621897917347097,0.155580235017727
pangeo_seasonal,38,inclusive,3.0,6.833027914802422,0.0,0.0,0.1345789199200953,0.5075577277805773,0.9316934291981922,0.26449656318902687,-2.381562308401579,7.697229693029722,7.697229693029722,7.376721609842628,7.917541734936325,0.466740705053181
pangeo_seasonal,38,inclusive,3.0,6.833027914802422,1.0,0.26449656318902687,0.1345789199200953,0.5075577277805773,0.9316934291981922,0.26449656318902687,-2.381562308401579,7.697229693029722,7.661634031233165,7.376721609842628,7.917541734936324,0.466740705053181
pangeo_seasonal,38,inclusive,3.0,6.833027914802422,2.0,0.5289931263780537,0.1345789199200953,0.5075577277805773,0.9316934291981922,0.26449656318902687,-2.381562308401579,7.697229693029722,7.626038369436609,7.376721609842628,7.917541734936325,0.466740705053181
pangeo_seasonal,39,clean,0.0,0.0,0.0,0.0,0.13200547538150026,0.0,1.0,0.05326903420557658,0.32384378852846785,0.01103668605771695,0.01103668605771695,0.05378583931176326,0.05378583931176339,0.0
pangeo_seasonal,39,clean,0.0,0.0,1.0,0.05326903420557658,0.13200547538150026,0.0,1.0,0.05326903420557658,0.32384378852846785,0.01103668605771695,0.004004881874296018,0.05378583931176326,0.05378583931176308,0.0
pangeo_seasonal,39,clean,0.0,0.0,2.0,0.10653806841115317,0.13200547538150026,0.0,1.0,0.05326903420557658,0.32384378852846785,0.01103668605771695,-0.003026922309124025,0.05378583931176326,0.05378583931176343,0.0
pangeo_seasonal,39,clean,1.0,1.633823541483082,0.0,0.0,0.13200547538150026,0.0,1.0,0.05326903420557658,0.32384378852846785,1.6448602275407986,1.6448602275407986,1.6876093807948447,1.6876093807948451,0.0
pangeo_seasonal,39,clean,1.0,1.633823541483082,1.0,0.05326903420557658,0.13200547538150026,0.0,1.0,0.05326903420557658,0.32384378852846785,1.6448602275407986,1.6378284233573772,1.6876093807948447,1.6876093807948442,0.0
pangeo_seasonal,39,clean,1.0,1.633823541483082,2.0,0.10653806841115317,0.13200547538150026,0.0,1.0,0.05326903420557658,0.32384378852846785,1.6448602275407986,1.6307966191739574,1.6876093807948447,1.687609380794845,0.0
pangeo_seasonal,39,clean,3.0,4.901470624449246,0.0,0.0,0.13200547538150026,0.0,1.0,0.05326903420557658,0.32384378852846785,4.912507310506962,4.912507310506962,4.955256463761009,4.955256463761009,0.0
pangeo_seasonal,39,clean,3.0,4.901470624449246,1.0,0.05326903420557658,0.13200547538150026,0.0,1.0,0.05326903420557658,0.32384378852846785,4.912507310506962,4.905475506323542,4.955256463761009,4.9552564637610095,0.0
pangeo_seasonal,39,clean,3.0,4.901470624449246,2.0,0.10653806841115317,0.13200547538150026,0.0,1.0,0.05326903420557658,0.32384378852846785,4.912507310506962,4.898443702140122,4.955256463761009,4.9552564637610095,0.0
pangeo_seasonal,39,inclusive,0.0,0.0,0.0,0.0,0.13200547538150026,0.16821554970722002,0.977794626394338,0.05620967572415099,0.33192706120048976,0.01103668605771695,0.01103668605771695,0.05485287556347185,0.056098565161627444,0.0
pangeo_seasonal,39,inclusive,0.0,0.0,1.0,0.05620967572415099,0.13200547538150026,0.16821554970722002,0.977794626394338,0.05620967572415099,0.33192706120048976,0.01103668605771695,0.003616701092710528,0.05485287556347185,0.05609856516162759,0.0
pangeo_seasonal,39,inclusive,0.0,0.0,2.0,0.11241935144830198,0.13200547538150026,0.16821554970722002,0.977794626394338,0.05620967572415099,0.33192706120048976,0.01103668605771695,-0.003803283872296248,0.05485287556347185,0.05609856516162737,0.0
pangeo_seasonal,39,inclusive,1.0,1.633823541483082,0.0,0.0,0.13200547538150026,0.16821554970722002,0.977794626394338,0.05620967572415099,0.057092536045316146,1.6448602275407986,1.6448602275407986,1.6523967549021954,1.6899221066447092,0.036279662144357586
pangeo_seasonal,39,inclusive,1.0,1.633823541483082,1.0,0.05620967572415099,0.13200547538150026,0.16821554970722002,0.977794626394338,0.05620967572415099,0.057092536045316146,1.6448602275407986,1.6374402425757921,1.6523967549021954,1.6899221066447092,0.036279662144357586
pangeo_seasonal,39,inclusive,1.0,1.633823541483082,2.0,0.11241935144830198,0.13200547538150026,0.16821554970722002,0.977794626394338,0.05620967572415099,0.057092536045316146,1.6448602275407986,1.630020257610785,1.6523967549021954,1.6899221066447085,0.036279662144357586
pangeo_seasonal,39,inclusive,3.0,4.901470624449246,0.0,0.0,0.13200547538150026,0.16821554970722002,0.977794626394338,0.05620967572415099,-0.4925765142650313,4.912507310506962,4.912507310506962,4.847484513579645,4.957569189610872,0.10883898643307276
pangeo_seasonal,39,inclusive,3.0,4.901470624449246,1.0,0.05620967572415099,0.13200547538150026,0.16821554970722002,0.977794626394338,0.05620967572415099,-0.4925765142650313,4.912507310506962,4.905087325541956,4.847484513579645,4.957569189610873,0.10883898643307276
pangeo_seasonal,39,inclusive,3.0,4.901470624449246,2.0,0.11241935144830198,0.13200547538150026,0.16821554970722002,0.977794626394338,0.05620967572415099,-0.4925765142650313,4.912507310506962,4.89766734057695,4.847484513579645,4.957569189610874,0.10883898643307276
