{
  "values": {
    "es_att_post": -46.357188,
    "es_si_weight": 0.52589,
    "es_n_donors": 7,
    "pt_att_post": -45.468968,
    "pt_si_weight": 0.516263,
    "pt_n_donors": 7
  },
  "weights": {
    "ES": {
      "SI": 0.52589,
      "BE": 0.172474,
      "EL": 0.136565,
      "NL": 0.103518,
      "IT": 0.039318,
      "LV": 0.015689,
      "SE": 0.006546
    },
    "PT": {
      "SI": 0.516263,
      "BE": 0.183513,
      "EL": 0.147832,
      "NL": 0.094479,
      "IT": 0.038169,
      "LV": 0.012639,
      "SE": 0.007105
    }
  }
}