team,n_pre,mismatch,alpha_code,alpha_paper,data_seed,model,include_previous_outcome,day,relative_error
indianapolis,25,0.0,250.0,4.0,617,rSC,False,1,0.003674588993743394
indianapolis,25,0.0,250.0,4.0,617,rSC,False,2,0.010614054025817055
indianapolis,25,0.0,250.0,4.0,617,rSC,False,3,0.024754288255118002
indianapolis,25,0.0,250.0,4.0,617,rSC,False,4,0.003416989799916819
indianapolis,25,0.0,250.0,4.0,617,rSC,False,5,0.0002540919223828143
indianapolis,25,0.0,250.0,4.0,617,rSC,False,6,0.007347259065027738
indianapolis,25,0.0,250.0,4.0,617,rSC,False,7,0.000335840354636958
indianapolis,25,0.0,250.0,4.0,617,rSC,False,8,0.0007090865964733948
indianapolis,25,0.0,250.0,4.0,617,rSC,False,9,0.0037701686206414145
indianapolis,25,0.0,250.0,4.0,617,rSC,False,10,0.010981636323170334
indianapolis,25,0.0,250.0,4.0,617,rSC,False,11,0.013637619763783318
indianapolis,25,0.0,250.0,4.0,617,rSC,False,12,0.01774112007375422
indianapolis,25,0.0,250.0,4.0,617,rSC,False,13,0.007574152259293619
indianapolis,25,0.0,250.0,4.0,617,rSC,False,14,0.012896253582203197
indianapolis,25,0.0,250.0,4.0,617,rSC,False,15,0.013609253555814596
indianapolis,25,0.0,250.0,4.0,617,rSC,False,16,0.03132815044338487
indianapolis,25,0.0,250.0,4.0,617,rSC,False,17,0.024057939771176064
indianapolis,25,0.0,250.0,4.0,617,rSC,False,18,0.02936888965617733
indianapolis,25,0.0,250.0,4.0,617,rSC,False,19,0.032655343994611036
indianapolis,25,0.0,250.0,4.0,617,rSC,False,20,0.03730252203859985
indianapolis,25,0.0,250.0,4.0,617,rSC,False,21,0.04312934245105908
indianapolis,25,0.0,250.0,4.0,617,rSC,False,22,0.03843954204446099
indianapolis,25,0.0,250.0,4.0,617,rSC,False,23,0.06489630074851505
indianapolis,25,0.0,250.0,4.0,617,rSC,False,24,0.04704064713592363
indianapolis,25,0.0,250.0,4.0,617,rSC,False,25,0.05387567457909154
indianapolis,25,0.0,250.0,4.0,617,rSC,False,26,0.06270151576091061
indianapolis,25,0.0,250.0,4.0,617,rSC,False,27,0.06613486375512218
indianapolis,25,0.0,250.0,4.0,617,rSC,False,28,0.07435830926395387
indianapolis,25,0.0,250.0,4.0,617,rSC,False,29,0.08118727866264197
indianapolis,25,0.0,250.0,4.0,617,rSC,False,30,0.09103523370476757
indianapolis,25,0.0,250.0,4.0,617,rSC,True,1,0.003674588993743394
indianapolis,25,0.0,250.0,4.0,617,rSC,True,2,0.010614054025817055
indianapolis,25,0.0,250.0,4.0,617,rSC,True,3,0.024754288255118002
indianapolis,25,0.0,250.0,4.0,617,rSC,True,4,0.003416989799916819
indianapolis,25,0.0,250.0,4.0,617,rSC,True,5,0.0002540919223828143
indianapolis,25,0.0,250.0,4.0,617,rSC,True,6,0.007347259065027738
indianapolis,25,0.0,250.0,4.0,617,rSC,True,7,0.000335840354636958
indianapolis,25,0.0,250.0,4.0,617,rSC,True,8,0.0007090865964733948
indianapolis,25,0.0,250.0,4.0,617,rSC,True,9,0.0037701686206414145
indianapolis,25,0.0,250.0,4.0,617,rSC,True,10,0.010981636323170334
indianapolis,25,0.0,250.0,4.0,617,rSC,True,11,0.013637619763783318
indianapolis,25,0.0,250.0,4.0,617,rSC,True,12,0.01774112007375422
indianapolis,25,0.0,250.0,4.0,617,rSC,True,13,0.007574152259293619
indianapolis,25,0.0,250.0,4.0,617,rSC,True,14,0.012896253582203197
indianapolis,25,0.0,250.0,4.0,617,rSC,True,15,0.013609253555814596
indianapolis,25,0.0,250.0,4.0,617,rSC,True,16,0.03132815044338487
indianapolis,25,0.0,250.0,4.0,617,rSC,True,17,0.024057939771176064
indianapolis,25,0.0,250.0,4.0,617,rSC,True,18,0.02936888965617733
indianapolis,25,0.0,250.0,4.0,617,rSC,True,19,0.032655343994611036
indianapolis,25,0.0,250.0,4.0,617,rSC,True,20,0.03730252203859985
indianapolis,25,0.0,250.0,4.0,617,rSC,True,21,0.04312934245105908
indianapolis,25,0.0,250.0,4.0,617,rSC,True,22,0.03843954204446099
indianapolis,25,0.0,250.0,4.0,617,rSC,True,23,0.06489630074851505
indianapolis,25,0.0,250.0,4.0,617,rSC,True,24,0.04704064713592363
indianapolis,25,0.0,250.0,4.0,617,rSC,True,25,0.05387567457909154
indianapolis,25,0.0,250.0,4.0,617,rSC,True,26,0.06270151576091061
indianapolis,25,0.0,250.0,4.0,617,rSC,True,27,0.06613486375512218
indianapolis,25,0.0,250.0,4.0,617,rSC,True,28,0.07435830926395387
indianapolis,25,0.0,250.0,4.0,617,rSC,True,29,0.08118727866264197
indianapolis,25,0.0,250.0,4.0,617,rSC,True,30,0.09103523370476757
indianapolis,25,0.0,250.0,4.0,617,GAP,False,1,0.00032208122352985315
indianapolis,25,0.0,250.0,4.0,617,GAP,False,2,0.02249142112129259
indianapolis,25,0.0,250.0,4.0,617,GAP,False,3,0.044349553945883094
indianapolis,25,0.0,250.0,4.0,617,GAP,False,4,0.013525598553474487
indianapolis,25,0.0,250.0,4.0,617,GAP,False,5,0.005753541554561875
indianapolis,25,0.0,250.0,4.0,617,GAP,False,6,0.008739663452597688
indianapolis,25,0.0,250.0,4.0,617,GAP,False,7,0.006672416838795089
indianapolis,25,0.0,250.0,4.0,617,GAP,False,8,0.015369714550187498
indianapolis,25,0.0,250.0,4.0,617,GAP,False,9,0.004174048320292321
indianapolis,25,0.0,250.0,4.0,617,GAP,False,10,0.010053371211626149
indianapolis,25,0.0,250.0,4.0,617,GAP,False,11,0.010369775241830888
indianapolis,25,0.0,250.0,4.0,617,GAP,False,12,0.00015115280899644096
indianapolis,25,0.0,250.0,4.0,617,GAP,False,13,0.0289227570624447
indianapolis,25,0.0,250.0,4.0,617,GAP,False,14,0.00537419540580516
indianapolis,25,0.0,250.0,4.0,617,GAP,False,15,0.01510988626691964
indianapolis,25,0.0,250.0,4.0,617,GAP,False,16,0.0032825280691373367
indianapolis,25,0.0,250.0,4.0,617,GAP,False,17,0.010882015065912182
indianapolis,25,0.0,250.0,4.0,617,GAP,False,18,0.008470589743612481
indianapolis,25,0.0,250.0,4.0,617,GAP,False,19,0.018467974707197275
indianapolis,25,0.0,250.0,4.0,617,GAP,False,20,0.0004826251632447975
indianapolis,25,0.0,250.0,4.0,617,GAP,False,21,0.006710336075929268
indianapolis,25,0.0,250.0,4.0,617,GAP,False,22,0.00798533218738512
indianapolis,25,0.0,250.0,4.0,617,GAP,False,23,0.027008032437056344
indianapolis,25,0.0,250.0,4.0,617,GAP,False,24,0.0066864148649292045
indianapolis,25,0.0,250.0,4.0,617,GAP,False,25,0.010592102897940714
indianapolis,25,0.0,250.0,4.0,617,GAP,False,26,0.014713467500864864
indianapolis,25,0.0,250.0,4.0,617,GAP,False,27,0.01912099632859667
indianapolis,25,0.0,250.0,4.0,617,GAP,False,28,0.022240516845855252
indianapolis,25,0.0,250.0,4.0,617,GAP,False,29,0.03221861566236836
indianapolis,25,0.0,250.0,4.0,617,GAP,False,30,0.04653659273354557
indianapolis,25,0.0,250.0,4.0,617,GAP,True,1,0.004076347116357875
indianapolis,25,0.0,250.0,4.0,617,GAP,True,2,0.02681429060269479
indianapolis,25,0.0,250.0,4.0,617,GAP,True,3,0.05009681562758493
indianapolis,25,0.0,250.0,4.0,617,GAP,True,4,0.02091444852223114
indianapolis,25,0.0,250.0,4.0,617,GAP,True,5,0.012466903734585278
indianapolis,25,0.0,250.0,4.0,617,GAP,True,6,0.01384941775033938
indianapolis,25,0.0,250.0,4.0,617,GAP,True,7,0.014061210108068786
indianapolis,25,0.0,250.0,4.0,617,GAP,True,8,0.02228135291731049
indianapolis,25,0.0,250.0,4.0,617,GAP,True,9,0.010382267400735652
indianapolis,25,0.0,250.0,4.0,617,GAP,True,10,0.0022623507368825214
indianapolis,25,0.0,250.0,4.0,617,GAP,True,11,0.018145738211491996
indianapolis,25,0.0,250.0,4.0,617,GAP,True,12,0.009080338695007052
indianapolis,25,0.0,250.0,4.0,617,GAP,True,13,0.03689932344959831
indianapolis,25,0.0,250.0,4.0,617,GAP,True,14,0.012851107297413159
indianapolis,25,0.0,250.0,4.0,617,GAP,True,15,0.024871585173453777
indianapolis,25,0.0,250.0,4.0,617,GAP,True,16,0.004559437871294282
indianapolis,25,0.0,250.0,4.0,617,GAP,True,17,0.02197661234484639
indianapolis,25,0.0,250.0,4.0,617,GAP,True,18,0.0006534007571980116
indianapolis,25,0.0,250.0,4.0,617,GAP,True,19,0.009549625807648548
indianapolis,25,0.0,250.0,4.0,617,GAP,True,20,0.007984468330133452
indianapolis,25,0.0,250.0,4.0,617,GAP,True,21,0.00015945139540920062
indianapolis,25,0.0,250.0,4.0,617,GAP,True,22,0.01514110159034512
indianapolis,25,0.0,250.0,4.0,617,GAP,True,23,0.017236189713287397
indianapolis,25,0.0,250.0,4.0,617,GAP,True,24,0.0010650729649649263
indianapolis,25,0.0,250.0,4.0,617,GAP,True,25,0.0007744170727536527
indianapolis,25,0.0,250.0,4.0,617,GAP,True,26,0.006669280700719559
indianapolis,25,0.0,250.0,4.0,617,GAP,True,27,0.011276232148458208
indianapolis,25,0.0,250.0,4.0,617,GAP,True,28,0.016906846284637105
indianapolis,25,0.0,250.0,4.0,617,GAP,True,29,0.02701868882351047
indianapolis,25,0.0,250.0,4.0,617,GAP,True,30,0.0411676997876303
indianapolis,25,0.0,250.0,4.0,617,PPCA,False,1,0.006522631026256361
indianapolis,25,0.0,250.0,4.0,617,PPCA,False,2,0.013032710100329678
indianapolis,25,0.0,250.0,4.0,617,PPCA,False,3,0.027830773193603858
indianapolis,25,0.0,250.0,4.0,617,PPCA,False,4,0.0064976136885342185
indianapolis,25,0.0,250.0,4.0,617,PPCA,False,5,0.0014178726409143072
indianapolis,25,0.0,250.0,4.0,617,PPCA,False,6,0.009404296767746293
indianapolis,25,0.0,250.0,4.0,617,PPCA,False,7,8.118359324736516e-05
indianapolis,25,0.0,250.0,4.0,617,PPCA,False,8,0.00376138736308628
indianapolis,25,0.0,250.0,4.0,617,PPCA,False,9,0.0039013052936231573
indianapolis,25,0.0,250.0,4.0,617,PPCA,False,10,0.007504936610844353
indianapolis,25,0.0,250.0,4.0,617,PPCA,False,11,0.015484687606945675
indianapolis,25,0.0,250.0,4.0,617,PPCA,False,12,0.01866650002260583
indianapolis,25,0.0,250.0,4.0,617,PPCA,False,13,0.010940096799467693
indianapolis,25,0.0,250.0,4.0,617,PPCA,False,14,0.0072719440368843305
indianapolis,25,0.0,250.0,4.0,617,PPCA,False,15,0.008919354911694093
indianapolis,25,0.0,250.0,4.0,617,PPCA,False,16,0.029043791272657188
indianapolis,25,0.0,250.0,4.0,617,PPCA,False,17,0.019609689903513045
indianapolis,25,0.0,250.0,4.0,617,PPCA,False,18,0.025498098676674054
indianapolis,25,0.0,250.0,4.0,617,PPCA,False,19,0.03200348530543072
indianapolis,25,0.0,250.0,4.0,617,PPCA,False,20,0.032457985318346184
indianapolis,25,0.0,250.0,4.0,617,PPCA,False,21,0.04214724626156627
indianapolis,25,0.0,250.0,4.0,617,PPCA,False,22,0.03190076553737152
indianapolis,25,0.0,250.0,4.0,617,PPCA,False,23,0.06064874211650274
indianapolis,25,0.0,250.0,4.0,617,PPCA,False,24,0.04237774999283872
indianapolis,25,0.0,250.0,4.0,617,PPCA,False,25,0.04606684665415626
indianapolis,25,0.0,250.0,4.0,617,PPCA,False,26,0.05220698292781781
indianapolis,25,0.0,250.0,4.0,617,PPCA,False,27,0.05974764076000212
indianapolis,25,0.0,250.0,4.0,617,PPCA,False,28,0.0672840332753467
indianapolis,25,0.0,250.0,4.0,617,PPCA,False,29,0.0719370893211812
indianapolis,25,0.0,250.0,4.0,617,PPCA,False,30,0.08313426935484833
indianapolis,25,0.0,250.0,4.0,617,PPCA,True,1,0.009611884903906891
indianapolis,25,0.0,250.0,4.0,617,PPCA,True,2,0.01518330521121735
indianapolis,25,0.0,250.0,4.0,617,PPCA,True,3,0.03142289039207822
indianapolis,25,0.0,250.0,4.0,617,PPCA,True,4,0.012884943089264534
indianapolis,25,0.0,250.0,4.0,617,PPCA,True,5,0.004646183625953283
indianapolis,25,0.0,250.0,4.0,617,PPCA,True,6,0.011545912362870368
indianapolis,25,0.0,250.0,4.0,617,PPCA,True,7,0.0037505684165511344
indianapolis,25,0.0,250.0,4.0,617,PPCA,True,8,0.009588314878880158
indianapolis,25,0.0,250.0,4.0,617,PPCA,True,9,0.000764504215299502
indianapolis,25,0.0,250.0,4.0,617,PPCA,True,10,0.00017507242169649746
indianapolis,25,0.0,250.0,4.0,617,PPCA,True,11,0.008164648949387286
indianapolis,25,0.0,250.0,4.0,617,PPCA,True,12,0.011558087478198769
indianapolis,25,0.0,250.0,4.0,617,PPCA,True,13,0.016013418545407394
indianapolis,25,0.0,250.0,4.0,617,PPCA,True,14,0.00040022191989125434
indianapolis,25,0.0,250.0,4.0,617,PPCA,True,15,0.0003365091910739459
indianapolis,25,0.0,250.0,4.0,617,PPCA,True,16,0.020382962030151983
indianapolis,25,0.0,250.0,4.0,617,PPCA,True,17,0.008075342660089116
indianapolis,25,0.0,250.0,4.0,617,PPCA,True,18,0.017938105141972818
indianapolis,25,0.0,250.0,4.0,617,PPCA,True,19,0.02602496211350573
indianapolis,25,0.0,250.0,4.0,617,PPCA,True,20,0.023658480171284357
indianapolis,25,0.0,250.0,4.0,617,PPCA,True,21,0.036914807165197835
indianapolis,25,0.0,250.0,4.0,617,PPCA,True,22,0.02498169599586666
indianapolis,25,0.0,250.0,4.0,617,PPCA,True,23,0.0502981494870054
indianapolis,25,0.0,250.0,4.0,617,PPCA,True,24,0.03325350846221046
indianapolis,25,0.0,250.0,4.0,617,PPCA,True,25,0.0360612597941878
indianapolis,25,0.0,250.0,4.0,617,PPCA,True,26,0.04420349610473586
indianapolis,25,0.0,250.0,4.0,617,PPCA,True,27,0.049974110292507215
indianapolis,25,0.0,250.0,4.0,617,PPCA,True,28,0.05952072633499431
indianapolis,25,0.0,250.0,4.0,617,PPCA,True,29,0.06279415906813221
indianapolis,25,0.0,250.0,4.0,617,PPCA,True,30,0.0727729688781114
indianapolis,25,0.0,250.0,4.0,781,rSC,False,1,0.005524315721340268
indianapolis,25,0.0,250.0,4.0,781,rSC,False,2,0.00030581288859035357
indianapolis,25,0.0,250.0,4.0,781,rSC,False,3,0.00023199080946793537
indianapolis,25,0.0,250.0,4.0,781,rSC,False,4,0.010276765751663168
indianapolis,25,0.0,250.0,4.0,781,rSC,False,5,0.00984472973913345
indianapolis,25,0.0,250.0,4.0,781,rSC,False,6,0.014313056409435237
indianapolis,25,0.0,250.0,4.0,781,rSC,False,7,0.0042317545313491954
indianapolis,25,0.0,250.0,4.0,781,rSC,False,8,0.01987489888877935
indianapolis,25,0.0,250.0,4.0,781,rSC,False,9,0.02323010040117244
indianapolis,25,0.0,250.0,4.0,781,rSC,False,10,0.02484035336874511
indianapolis,25,0.0,250.0,4.0,781,rSC,False,11,0.01766570037743328
indianapolis,25,0.0,250.0,4.0,781,rSC,False,12,0.02048740374853624
indianapolis,25,0.0,250.0,4.0,781,rSC,False,13,0.03448329122010443
indianapolis,25,0.0,250.0,4.0,781,rSC,False,14,0.03608271708290353
indianapolis,25,0.0,250.0,4.0,781,rSC,False,15,0.02960329357955507
indianapolis,25,0.0,250.0,4.0,781,rSC,False,16,0.03242861212201767
indianapolis,25,0.0,250.0,4.0,781,rSC,False,17,0.03160623427244006
indianapolis,25,0.0,250.0,4.0,781,rSC,False,18,0.0365165104028199
indianapolis,25,0.0,250.0,4.0,781,rSC,False,19,0.044309441960671936
indianapolis,25,0.0,250.0,4.0,781,rSC,False,20,0.05048808694448857
indianapolis,25,0.0,250.0,4.0,781,rSC,False,21,0.04995939065761298
indianapolis,25,0.0,250.0,4.0,781,rSC,False,22,0.05676076283738661
indianapolis,25,0.0,250.0,4.0,781,rSC,False,23,0.0751711586502125
indianapolis,25,0.0,250.0,4.0,781,rSC,False,24,0.0612139627544962
indianapolis,25,0.0,250.0,4.0,781,rSC,False,25,0.06297517677031227
indianapolis,25,0.0,250.0,4.0,781,rSC,False,26,0.0804363185966275
indianapolis,25,0.0,250.0,4.0,781,rSC,False,27,0.10356468106051253
indianapolis,25,0.0,250.0,4.0,781,rSC,False,28,0.09486884859735632
indianapolis,25,0.0,250.0,4.0,781,rSC,False,29,0.09810953928907559
indianapolis,25,0.0,250.0,4.0,781,rSC,False,30,0.10896076762166153
indianapolis,25,0.0,250.0,4.0,781,rSC,True,1,0.005524315721340268
indianapolis,25,0.0,250.0,4.0,781,rSC,True,2,0.00030581288859035357
indianapolis,25,0.0,250.0,4.0,781,rSC,True,3,0.00023199080946793537
indianapolis,25,0.0,250.0,4.0,781,rSC,True,4,0.010276765751663168
indianapolis,25,0.0,250.0,4.0,781,rSC,True,5,0.00984472973913345
indianapolis,25,0.0,250.0,4.0,781,rSC,True,6,0.014313056409435237
indianapolis,25,0.0,250.0,4.0,781,rSC,True,7,0.0042317545313491954
indianapolis,25,0.0,250.0,4.0,781,rSC,True,8,0.01987489888877935
indianapolis,25,0.0,250.0,4.0,781,rSC,True,9,0.02323010040117244
indianapolis,25,0.0,250.0,4.0,781,rSC,True,10,0.02484035336874511
indianapolis,25,0.0,250.0,4.0,781,rSC,True,11,0.01766570037743328
indianapolis,25,0.0,250.0,4.0,781,rSC,True,12,0.02048740374853624
indianapolis,25,0.0,250.0,4.0,781,rSC,True,13,0.03448329122010443
indianapolis,25,0.0,250.0,4.0,781,rSC,True,14,0.03608271708290353
indianapolis,25,0.0,250.0,4.0,781,rSC,True,15,0.02960329357955507
indianapolis,25,0.0,250.0,4.0,781,rSC,True,16,0.03242861212201767
indianapolis,25,0.0,250.0,4.0,781,rSC,True,17,0.03160623427244006
indianapolis,25,0.0,250.0,4.0,781,rSC,True,18,0.0365165104028199
indianapolis,25,0.0,250.0,4.0,781,rSC,True,19,0.044309441960671936
indianapolis,25,0.0,250.0,4.0,781,rSC,True,20,0.05048808694448857
indianapolis,25,0.0,250.0,4.0,781,rSC,True,21,0.04995939065761298
indianapolis,25,0.0,250.0,4.0,781,rSC,True,22,0.05676076283738661
indianapolis,25,0.0,250.0,4.0,781,rSC,True,23,0.0751711586502125
indianapolis,25,0.0,250.0,4.0,781,rSC,True,24,0.0612139627544962
indianapolis,25,0.0,250.0,4.0,781,rSC,True,25,0.06297517677031227
indianapolis,25,0.0,250.0,4.0,781,rSC,True,26,0.0804363185966275
indianapolis,25,0.0,250.0,4.0,781,rSC,True,27,0.10356468106051253
indianapolis,25,0.0,250.0,4.0,781,rSC,True,28,0.09486884859735632
indianapolis,25,0.0,250.0,4.0,781,rSC,True,29,0.09810953928907559
indianapolis,25,0.0,250.0,4.0,781,rSC,True,30,0.10896076762166153
indianapolis,25,0.0,250.0,4.0,781,GAP,False,1,0.0009829179723397526
indianapolis,25,0.0,250.0,4.0,781,GAP,False,2,0.007136548315095028
indianapolis,25,0.0,250.0,4.0,781,GAP,False,3,0.006130292341540498
indianapolis,25,0.0,250.0,4.0,781,GAP,False,4,0.010877085713160935
indianapolis,25,0.0,250.0,4.0,781,GAP,False,5,0.028470094797711253
indianapolis,25,0.0,250.0,4.0,781,GAP,False,6,0.02959403682628776
indianapolis,25,0.0,250.0,4.0,781,GAP,False,7,0.030556266081659827
indianapolis,25,0.0,250.0,4.0,781,GAP,False,8,0.03691275024681837
indianapolis,25,0.0,250.0,4.0,781,GAP,False,9,0.04518560726888059
indianapolis,25,0.0,250.0,4.0,781,GAP,False,10,0.05904796154695329
indianapolis,25,0.0,250.0,4.0,781,GAP,False,11,0.04349301014793449
indianapolis,25,0.0,250.0,4.0,781,GAP,False,12,0.04318046272012758
indianapolis,25,0.0,250.0,4.0,781,GAP,False,13,0.05953380784444383
indianapolis,25,0.0,250.0,4.0,781,GAP,False,14,0.08802914151241412
indianapolis,25,0.0,250.0,4.0,781,GAP,False,15,0.07230336712431165
indianapolis,25,0.0,250.0,4.0,781,GAP,False,16,0.0649635785375389
indianapolis,25,0.0,250.0,4.0,781,GAP,False,17,0.05478696715351266
indianapolis,25,0.0,250.0,4.0,781,GAP,False,18,0.08794731816485671
indianapolis,25,0.0,250.0,4.0,781,GAP,False,19,0.07723200212856356
indianapolis,25,0.0,250.0,4.0,781,GAP,False,20,0.10990543414339955
indianapolis,25,0.0,250.0,4.0,781,GAP,False,21,0.11226459267981685
indianapolis,25,0.0,250.0,4.0,781,GAP,False,22,0.1383130904642065
indianapolis,25,0.0,250.0,4.0,781,GAP,False,23,0.12337965730647814
indianapolis,25,0.0,250.0,4.0,781,GAP,False,24,0.12420825611295104
indianapolis,25,0.0,250.0,4.0,781,GAP,False,25,0.13100624620155413
indianapolis,25,0.0,250.0,4.0,781,GAP,False,26,0.14592443613641692
indianapolis,25,0.0,250.0,4.0,781,GAP,False,27,0.15904236428156268
indianapolis,25,0.0,250.0,4.0,781,GAP,False,28,0.15505084286072301
indianapolis,25,0.0,250.0,4.0,781,GAP,False,29,0.1707454199695429
indianapolis,25,0.0,250.0,4.0,781,GAP,False,30,0.16007781872662422
indianapolis,25,0.0,250.0,4.0,781,GAP,True,1,0.0007285622949106766
indianapolis,25,0.0,250.0,4.0,781,GAP,True,2,0.00785156984796011
indianapolis,25,0.0,250.0,4.0,781,GAP,True,3,0.006943285177719878
indianapolis,25,0.0,250.0,4.0,781,GAP,True,4,0.01139486609327957
indianapolis,25,0.0,250.0,4.0,781,GAP,True,5,0.02916012082810976
indianapolis,25,0.0,250.0,4.0,781,GAP,True,6,0.03013201486141079
indianapolis,25,0.0,250.0,4.0,781,GAP,True,7,0.030864928740238728
indianapolis,25,0.0,250.0,4.0,781,GAP,True,8,0.037776420506472834
indianapolis,25,0.0,250.0,4.0,781,GAP,True,9,0.04593144181885465
indianapolis,25,0.0,250.0,4.0,781,GAP,True,10,0.05956733061866384
indianapolis,25,0.0,250.0,4.0,781,GAP,True,11,0.0444140259290506
indianapolis,25,0.0,250.0,4.0,781,GAP,True,12,0.04442501721456821
indianapolis,25,0.0,250.0,4.0,781,GAP,True,13,0.060070271308655776
indianapolis,25,0.0,250.0,4.0,781,GAP,True,14,0.08800567541125602
indianapolis,25,0.0,250.0,4.0,781,GAP,True,15,0.07336546126359489
indianapolis,25,0.0,250.0,4.0,781,GAP,True,16,0.06606086496385688
indianapolis,25,0.0,250.0,4.0,781,GAP,True,17,0.05601440127887058
indianapolis,25,0.0,250.0,4.0,781,GAP,True,18,0.08872991456468267
indianapolis,25,0.0,250.0,4.0,781,GAP,True,19,0.07861596417217717
indianapolis,25,0.0,250.0,4.0,781,GAP,True,20,0.11015081348001676
indianapolis,25,0.0,250.0,4.0,781,GAP,True,21,0.11316098701000243
indianapolis,25,0.0,250.0,4.0,781,GAP,True,22,0.13875676823723745
indianapolis,25,0.0,250.0,4.0,781,GAP,True,23,0.12415742906463
indianapolis,25,0.0,250.0,4.0,781,GAP,True,24,0.1249831467948526
indianapolis,25,0.0,250.0,4.0,781,GAP,True,25,0.13155983557760742
indianapolis,25,0.0,250.0,4.0,781,GAP,True,26,0.14671548494085596
indianapolis,25,0.0,250.0,4.0,781,GAP,True,27,0.15937426752979522
indianapolis,25,0.0,250.0,4.0,781,GAP,True,28,0.15530703649435518
indianapolis,25,0.0,250.0,4.0,781,GAP,True,29,0.1711423909908649
indianapolis,25,0.0,250.0,4.0,781,GAP,True,30,0.1605444101390196
indianapolis,25,0.0,250.0,4.0,781,PPCA,False,1,0.00656821533998745
indianapolis,25,0.0,250.0,4.0,781,PPCA,False,2,0.0021828772405731943
indianapolis,25,0.0,250.0,4.0,781,PPCA,False,3,0.0008230453448918007
indianapolis,25,0.0,250.0,4.0,781,PPCA,False,4,0.010354756909770222
indianapolis,25,0.0,250.0,4.0,781,PPCA,False,5,0.011895114410420264
indianapolis,25,0.0,250.0,4.0,781,PPCA,False,6,0.009329582929670661
indianapolis,25,0.0,250.0,4.0,781,PPCA,False,7,0.004977865311793735
indianapolis,25,0.0,250.0,4.0,781,PPCA,False,8,0.01962249465725547
indianapolis,25,0.0,250.0,4.0,781,PPCA,False,9,0.023877398507111614
indianapolis,25,0.0,250.0,4.0,781,PPCA,False,10,0.03253335375529686
indianapolis,25,0.0,250.0,4.0,781,PPCA,False,11,0.026829559978578454
indianapolis,25,0.0,250.0,4.0,781,PPCA,False,12,0.027551149244491736
indianapolis,25,0.0,250.0,4.0,781,PPCA,False,13,0.04014382598511699
indianapolis,25,0.0,250.0,4.0,781,PPCA,False,14,0.04432058556920373
indianapolis,25,0.0,250.0,4.0,781,PPCA,False,15,0.03816829342938458
indianapolis,25,0.0,250.0,4.0,781,PPCA,False,16,0.04501818181524215
indianapolis,25,0.0,250.0,4.0,781,PPCA,False,17,0.03957313232994934
indianapolis,25,0.0,250.0,4.0,781,PPCA,False,18,0.04792409125502986
indianapolis,25,0.0,250.0,4.0,781,PPCA,False,19,0.05266650234364366
indianapolis,25,0.0,250.0,4.0,781,PPCA,False,20,0.058881170443977636
indianapolis,25,0.0,250.0,4.0,781,PPCA,False,21,0.05950845525419907
indianapolis,25,0.0,250.0,4.0,781,PPCA,False,22,0.06506462473214893
indianapolis,25,0.0,250.0,4.0,781,PPCA,False,23,0.08450729907600617
indianapolis,25,0.0,250.0,4.0,781,PPCA,False,24,0.07285519077093433
indianapolis,25,0.0,250.0,4.0,781,PPCA,False,25,0.07304891701893071
indianapolis,25,0.0,250.0,4.0,781,PPCA,False,26,0.0901261908813759
indianapolis,25,0.0,250.0,4.0,781,PPCA,False,27,0.11334056797860358
indianapolis,25,0.0,250.0,4.0,781,PPCA,False,28,0.10722529669737764
indianapolis,25,0.0,250.0,4.0,781,PPCA,False,29,0.10444923205953958
indianapolis,25,0.0,250.0,4.0,781,PPCA,False,30,0.1220193689606737
indianapolis,25,0.0,250.0,4.0,781,PPCA,True,1,0.004521008848546643
indianapolis,25,0.0,250.0,4.0,781,PPCA,True,2,0.0014111756431007328
indianapolis,25,0.0,250.0,4.0,781,PPCA,True,3,0.0018719352903087251
indianapolis,25,0.0,250.0,4.0,781,PPCA,True,4,0.00812998258497793
indianapolis,25,0.0,250.0,4.0,781,PPCA,True,5,0.009217855124998175
indianapolis,25,0.0,250.0,4.0,781,PPCA,True,6,0.012762718955461329
indianapolis,25,0.0,250.0,4.0,781,PPCA,True,7,0.002263928571623156
indianapolis,25,0.0,250.0,4.0,781,PPCA,True,8,0.016085506029142712
indianapolis,25,0.0,250.0,4.0,781,PPCA,True,9,0.02019478856689703
indianapolis,25,0.0,250.0,4.0,781,PPCA,True,10,0.02901713047478228
indianapolis,25,0.0,250.0,4.0,781,PPCA,True,11,0.02358220710188979
indianapolis,25,0.0,250.0,4.0,781,PPCA,True,12,0.024338229563028193
indianapolis,25,0.0,250.0,4.0,781,PPCA,True,13,0.03633889367218558
indianapolis,25,0.0,250.0,4.0,781,PPCA,True,14,0.04153447326591896
indianapolis,25,0.0,250.0,4.0,781,PPCA,True,15,0.034281686252009384
indianapolis,25,0.0,250.0,4.0,781,PPCA,True,16,0.041792952635657375
indianapolis,25,0.0,250.0,4.0,781,PPCA,True,17,0.03580319708201219
indianapolis,25,0.0,250.0,4.0,781,PPCA,True,18,0.044007157873202175
indianapolis,25,0.0,250.0,4.0,781,PPCA,True,19,0.04806027877006189
indianapolis,25,0.0,250.0,4.0,781,PPCA,True,20,0.05443635010436876
indianapolis,25,0.0,250.0,4.0,781,PPCA,True,21,0.05518087139894324
indianapolis,25,0.0,250.0,4.0,781,PPCA,True,22,0.05971972733717957
indianapolis,25,0.0,250.0,4.0,781,PPCA,True,23,0.07963705601333006
indianapolis,25,0.0,250.0,4.0,781,PPCA,True,24,0.06838005187935163
indianapolis,25,0.0,250.0,4.0,781,PPCA,True,25,0.06874348016011698
indianapolis,25,0.0,250.0,4.0,781,PPCA,True,26,0.08553950585633148
indianapolis,25,0.0,250.0,4.0,781,PPCA,True,27,0.10969941384115402
indianapolis,25,0.0,250.0,4.0,781,PPCA,True,28,0.10328190753904992
indianapolis,25,0.0,250.0,4.0,781,PPCA,True,29,0.10006977075222377
indianapolis,25,0.0,250.0,4.0,781,PPCA,True,30,0.11834229880625016
indianapolis,25,0.0,100000.0,0.01,617,rSC,False,1,0.003674588993743394
indianapolis,25,0.0,100000.0,0.01,617,rSC,False,2,0.010614054025817055
indianapolis,25,0.0,100000.0,0.01,617,rSC,False,3,0.024754288255118002
indianapolis,25,0.0,100000.0,0.01,617,rSC,False,4,0.003416989799916819
indianapolis,25,0.0,100000.0,0.01,617,rSC,False,5,0.0002540919223828143
indianapolis,25,0.0,100000.0,0.01,617,rSC,False,6,0.007347259065027738
indianapolis,25,0.0,100000.0,0.01,617,rSC,False,7,0.000335840354636958
indianapolis,25,0.0,100000.0,0.01,617,rSC,False,8,0.0007090865964733948
indianapolis,25,0.0,100000.0,0.01,617,rSC,False,9,0.0037701686206414145
indianapolis,25,0.0,100000.0,0.01,617,rSC,False,10,0.010981636323170334
indianapolis,25,0.0,100000.0,0.01,617,rSC,False,11,0.013637619763783318
indianapolis,25,0.0,100000.0,0.01,617,rSC,False,12,0.01774112007375422
indianapolis,25,0.0,100000.0,0.01,617,rSC,False,13,0.007574152259293619
indianapolis,25,0.0,100000.0,0.01,617,rSC,False,14,0.012896253582203197
indianapolis,25,0.0,100000.0,0.01,617,rSC,False,15,0.013609253555814596
indianapolis,25,0.0,100000.0,0.01,617,rSC,False,16,0.03132815044338487
indianapolis,25,0.0,100000.0,0.01,617,rSC,False,17,0.024057939771176064
indianapolis,25,0.0,100000.0,0.01,617,rSC,False,18,0.02936888965617733
indianapolis,25,0.0,100000.0,0.01,617,rSC,False,19,0.032655343994611036
indianapolis,25,0.0,100000.0,0.01,617,rSC,False,20,0.03730252203859985
indianapolis,25,0.0,100000.0,0.01,617,rSC,False,21,0.04312934245105908
indianapolis,25,0.0,100000.0,0.01,617,rSC,False,22,0.03843954204446099
indianapolis,25,0.0,100000.0,0.01,617,rSC,False,23,0.06489630074851505
indianapolis,25,0.0,100000.0,0.01,617,rSC,False,24,0.04704064713592363
indianapolis,25,0.0,100000.0,0.01,617,rSC,False,25,0.05387567457909154
indianapolis,25,0.0,100000.0,0.01,617,rSC,False,26,0.06270151576091061
indianapolis,25,0.0,100000.0,0.01,617,rSC,False,27,0.06613486375512218
indianapolis,25,0.0,100000.0,0.01,617,rSC,False,28,0.07435830926395387
indianapolis,25,0.0,100000.0,0.01,617,rSC,False,29,0.08118727866264197
indianapolis,25,0.0,100000.0,0.01,617,rSC,False,30,0.09103523370476757
indianapolis,25,0.0,100000.0,0.01,617,rSC,True,1,0.003674588993743394
indianapolis,25,0.0,100000.0,0.01,617,rSC,True,2,0.010614054025817055
indianapolis,25,0.0,100000.0,0.01,617,rSC,True,3,0.024754288255118002
indianapolis,25,0.0,100000.0,0.01,617,rSC,True,4,0.003416989799916819
indianapolis,25,0.0,100000.0,0.01,617,rSC,True,5,0.0002540919223828143
indianapolis,25,0.0,100000.0,0.01,617,rSC,True,6,0.007347259065027738
indianapolis,25,0.0,100000.0,0.01,617,rSC,True,7,0.000335840354636958
indianapolis,25,0.0,100000.0,0.01,617,rSC,True,8,0.0007090865964733948
indianapolis,25,0.0,100000.0,0.01,617,rSC,True,9,0.0037701686206414145
indianapolis,25,0.0,100000.0,0.01,617,rSC,True,10,0.010981636323170334
indianapolis,25,0.0,100000.0,0.01,617,rSC,True,11,0.013637619763783318
indianapolis,25,0.0,100000.0,0.01,617,rSC,True,12,0.01774112007375422
indianapolis,25,0.0,100000.0,0.01,617,rSC,True,13,0.007574152259293619
indianapolis,25,0.0,100000.0,0.01,617,rSC,True,14,0.012896253582203197
indianapolis,25,0.0,100000.0,0.01,617,rSC,True,15,0.013609253555814596
indianapolis,25,0.0,100000.0,0.01,617,rSC,True,16,0.03132815044338487
indianapolis,25,0.0,100000.0,0.01,617,rSC,True,17,0.024057939771176064
indianapolis,25,0.0,100000.0,0.01,617,rSC,True,18,0.02936888965617733
indianapolis,25,0.0,100000.0,0.01,617,rSC,True,19,0.032655343994611036
indianapolis,25,0.0,100000.0,0.01,617,rSC,True,20,0.03730252203859985
indianapolis,25,0.0,100000.0,0.01,617,rSC,True,21,0.04312934245105908
indianapolis,25,0.0,100000.0,0.01,617,rSC,True,22,0.03843954204446099
indianapolis,25,0.0,100000.0,0.01,617,rSC,True,23,0.06489630074851505
indianapolis,25,0.0,100000.0,0.01,617,rSC,True,24,0.04704064713592363
indianapolis,25,0.0,100000.0,0.01,617,rSC,True,25,0.05387567457909154
indianapolis,25,0.0,100000.0,0.01,617,rSC,True,26,0.06270151576091061
indianapolis,25,0.0,100000.0,0.01,617,rSC,True,27,0.06613486375512218
indianapolis,25,0.0,100000.0,0.01,617,rSC,True,28,0.07435830926395387
indianapolis,25,0.0,100000.0,0.01,617,rSC,True,29,0.08118727866264197
indianapolis,25,0.0,100000.0,0.01,617,rSC,True,30,0.09103523370476757
indianapolis,25,0.0,100000.0,0.01,617,GAP,False,1,0.0027928889740501126
indianapolis,25,0.0,100000.0,0.01,617,GAP,False,2,0.0180249617350494
indianapolis,25,0.0,100000.0,0.01,617,GAP,False,3,0.03699794878989098
indianapolis,25,0.0,100000.0,0.01,617,GAP,False,4,0.009758013045308926
indianapolis,25,0.0,100000.0,0.01,617,GAP,False,5,0.004533516741675548
indianapolis,25,0.0,100000.0,0.01,617,GAP,False,6,0.008438931489211049
indianapolis,25,0.0,100000.0,0.01,617,GAP,False,7,0.005267526840834618
indianapolis,25,0.0,100000.0,0.01,617,GAP,False,8,0.014090733053500386
indianapolis,25,0.0,100000.0,0.01,617,GAP,False,9,0.004222940710786824
indianapolis,25,0.0,100000.0,0.01,617,GAP,False,10,0.00823808952257876
indianapolis,25,0.0,100000.0,0.01,617,GAP,False,11,0.008602046446599858
indianapolis,25,0.0,100000.0,0.01,617,GAP,False,12,0.000819887387620901
indianapolis,25,0.0,100000.0,0.01,617,GAP,False,13,0.022276956331915065
indianapolis,25,0.0,100000.0,0.01,617,GAP,False,14,0.0055886200021166305
indianapolis,25,0.0,100000.0,0.01,617,GAP,False,15,0.014839973060575414
indianapolis,25,0.0,100000.0,0.01,617,GAP,False,16,0.0011150447918900441
indianapolis,25,0.0,100000.0,0.01,617,GAP,False,17,0.00989007667921149
indianapolis,25,0.0,100000.0,0.01,617,GAP,False,18,0.002743048321681322
indianapolis,25,0.0,100000.0,0.01,617,GAP,False,19,0.011876956724438281
indianapolis,25,0.0,100000.0,0.01,617,GAP,False,20,0.005098978999670041
indianapolis,25,0.0,100000.0,0.01,617,GAP,False,21,0.001270901559445494
indianapolis,25,0.0,100000.0,0.01,617,GAP,False,22,0.0061570273686794375
indianapolis,25,0.0,100000.0,0.01,617,GAP,False,23,0.02024545161273762
indianapolis,25,0.0,100000.0,0.01,617,GAP,False,24,0.004941386768874532
indianapolis,25,0.0,100000.0,0.01,617,GAP,False,25,0.007909016918835316
indianapolis,25,0.0,100000.0,0.01,617,GAP,False,26,0.00950898944700786
indianapolis,25,0.0,100000.0,0.01,617,GAP,False,27,0.015346383072286043
indianapolis,25,0.0,100000.0,0.01,617,GAP,False,28,0.013663356553598686
indianapolis,25,0.0,100000.0,0.01,617,GAP,False,29,0.025548405867003684
indianapolis,25,0.0,100000.0,0.01,617,GAP,False,30,0.035693661525500776
indianapolis,25,0.0,100000.0,0.01,617,GAP,True,1,0.005782118874611977
indianapolis,25,0.0,100000.0,0.01,617,GAP,True,2,0.02120788676295222
indianapolis,25,0.0,100000.0,0.01,617,GAP,True,3,0.04110073893076222
indianapolis,25,0.0,100000.0,0.01,617,GAP,True,4,0.01545193666365476
indianapolis,25,0.0,100000.0,0.01,617,GAP,True,5,0.009752796389845952
indianapolis,25,0.0,100000.0,0.01,617,GAP,True,6,0.012351367833361148
indianapolis,25,0.0,100000.0,0.01,617,GAP,True,7,0.010825348983750274
indianapolis,25,0.0,100000.0,0.01,617,GAP,True,8,0.019330740019812394
indianapolis,25,0.0,100000.0,0.01,617,GAP,True,9,0.009030177245226902
indianapolis,25,0.0,100000.0,0.01,617,GAP,True,10,0.0022166764689940132
indianapolis,25,0.0,100000.0,0.01,617,GAP,True,11,0.014406402652701666
indianapolis,25,0.0,100000.0,0.01,617,GAP,True,12,0.008007809927400689
indianapolis,25,0.0,100000.0,0.01,617,GAP,True,13,0.02777259251179836
indianapolis,25,0.0,100000.0,0.01,617,GAP,True,14,0.011250553622973999
indianapolis,25,0.0,100000.0,0.01,617,GAP,True,15,0.02225268686741342
indianapolis,25,0.0,100000.0,0.01,617,GAP,True,16,0.007148265022696845
indianapolis,25,0.0,100000.0,0.01,617,GAP,True,17,0.018147976938818273
indianapolis,25,0.0,100000.0,0.01,617,GAP,True,18,0.0033645849901459118
indianapolis,25,0.0,100000.0,0.01,617,GAP,True,19,0.004629509170344309
indianapolis,25,0.0,100000.0,0.01,617,GAP,True,20,0.010850341377134962
indianapolis,25,0.0,100000.0,0.01,617,GAP,True,21,0.003947509743178499
indianapolis,25,0.0,100000.0,0.01,617,GAP,True,22,0.011249473867276483
indianapolis,25,0.0,100000.0,0.01,617,GAP,True,23,0.012423501505077247
indianapolis,25,0.0,100000.0,0.01,617,GAP,True,24,0.000817476509464754
indianapolis,25,0.0,100000.0,0.01,617,GAP,True,25,0.0003680887156218908
indianapolis,25,0.0,100000.0,0.01,617,GAP,True,26,0.003258691859449396
indianapolis,25,0.0,100000.0,0.01,617,GAP,True,27,0.009457571765403475
indianapolis,25,0.0,100000.0,0.01,617,GAP,True,28,0.009294997438563025
indianapolis,25,0.0,100000.0,0.01,617,GAP,True,29,0.021352633187205095
indianapolis,25,0.0,100000.0,0.01,617,GAP,True,30,0.03129041766921094
indianapolis,25,0.0,100000.0,0.01,617,PPCA,False,1,0.006903986519757965
indianapolis,25,0.0,100000.0,0.01,617,PPCA,False,2,0.012616046653362202
indianapolis,25,0.0,100000.0,0.01,617,PPCA,False,3,0.02731683375944166
indianapolis,25,0.0,100000.0,0.01,617,PPCA,False,4,0.006479884355923359
indianapolis,25,0.0,100000.0,0.01,617,PPCA,False,5,0.0007638170797183404
indianapolis,25,0.0,100000.0,0.01,617,PPCA,False,6,0.01020069296505082
indianapolis,25,0.0,100000.0,0.01,617,PPCA,False,7,0.0008596165499852155
indianapolis,25,0.0,100000.0,0.01,617,PPCA,False,8,0.0051489501109550535
indianapolis,25,0.0,100000.0,0.01,617,PPCA,False,9,0.0021103486057371876
indianapolis,25,0.0,100000.0,0.01,617,PPCA,False,10,0.005548370692877638
indianapolis,25,0.0,100000.0,0.01,617,PPCA,False,11,0.013052744278690574
indianapolis,25,0.0,100000.0,0.01,617,PPCA,False,12,0.015626979838208356
indianapolis,25,0.0,100000.0,0.01,617,PPCA,False,13,0.012637779760382535
indianapolis,25,0.0,100000.0,0.01,617,PPCA,False,14,0.0041377144801670665
indianapolis,25,0.0,100000.0,0.01,617,PPCA,False,15,0.00521093966817876
indianapolis,25,0.0,100000.0,0.01,617,PPCA,False,16,0.02424123646065625
indianapolis,25,0.0,100000.0,0.01,617,PPCA,False,17,0.015424527217596412
indianapolis,25,0.0,100000.0,0.01,617,PPCA,False,18,0.020070530197192685
indianapolis,25,0.0,100000.0,0.01,617,PPCA,False,19,0.026234477766116517
indianapolis,25,0.0,100000.0,0.01,617,PPCA,False,20,0.026216050669976763
indianapolis,25,0.0,100000.0,0.01,617,PPCA,False,21,0.03528853278738551
indianapolis,25,0.0,100000.0,0.01,617,PPCA,False,22,0.026220237641532338
indianapolis,25,0.0,100000.0,0.01,617,PPCA,False,23,0.05315628879968605
indianapolis,25,0.0,100000.0,0.01,617,PPCA,False,24,0.03560227542555463
indianapolis,25,0.0,100000.0,0.01,617,PPCA,False,25,0.03865511730328831
indianapolis,25,0.0,100000.0,0.01,617,PPCA,False,26,0.04393635538840973
indianapolis,25,0.0,100000.0,0.01,617,PPCA,False,27,0.05138889706643008
indianapolis,25,0.0,100000.0,0.01,617,PPCA,False,28,0.05759983932939314
indianapolis,25,0.0,100000.0,0.01,617,PPCA,False,29,0.06240716197863089
indianapolis,25,0.0,100000.0,0.01,617,PPCA,False,30,0.07262619769400776
indianapolis,25,0.0,100000.0,0.01,617,PPCA,True,1,0.011310921968379153
indianapolis,25,0.0,100000.0,0.01,617,PPCA,True,2,0.015099027352196513
indianapolis,25,0.0,100000.0,0.01,617,PPCA,True,3,0.030365465471232006
indianapolis,25,0.0,100000.0,0.01,617,PPCA,True,4,0.012334067025353269
indianapolis,25,0.0,100000.0,0.01,617,PPCA,True,5,0.005671039041242569
indianapolis,25,0.0,100000.0,0.01,617,PPCA,True,6,0.013592101249752315
indianapolis,25,0.0,100000.0,0.01,617,PPCA,True,7,0.005665666985710442
indianapolis,25,0.0,100000.0,0.01,617,PPCA,True,8,0.011808010940980069
indianapolis,25,0.0,100000.0,0.01,617,PPCA,True,9,0.0028118573466635825
indianapolis,25,0.0,100000.0,0.01,617,PPCA,True,10,0.002534055197776657
indianapolis,25,0.0,100000.0,0.01,617,PPCA,True,11,0.004440415709587744
indianapolis,25,0.0,100000.0,0.01,617,PPCA,True,12,0.00672355629331928
indianapolis,25,0.0,100000.0,0.01,617,PPCA,True,13,0.017726948676550846
indianapolis,25,0.0,100000.0,0.01,617,PPCA,True,14,0.0042200541184316525
indianapolis,25,0.0,100000.0,0.01,617,PPCA,True,15,0.005422218373439497
indianapolis,25,0.0,100000.0,0.01,617,PPCA,True,16,0.012378691338499144
indianapolis,25,0.0,100000.0,0.01,617,PPCA,True,17,0.0027834071978792346
indianapolis,25,0.0,100000.0,0.01,617,PPCA,True,18,0.009037881818232976
indianapolis,25,0.0,100000.0,0.01,617,PPCA,True,19,0.016131391447209115
indianapolis,25,0.0,100000.0,0.01,617,PPCA,True,20,0.013569034603399966
indianapolis,25,0.0,100000.0,0.01,617,PPCA,True,21,0.02472076191201223
indianapolis,25,0.0,100000.0,0.01,617,PPCA,True,22,0.0162520901232158
indianapolis,25,0.0,100000.0,0.01,617,PPCA,True,23,0.03826796494226653
indianapolis,25,0.0,100000.0,0.01,617,PPCA,True,24,0.022937055780645026
indianapolis,25,0.0,100000.0,0.01,617,PPCA,True,25,0.025008405469295232
indianapolis,25,0.0,100000.0,0.01,617,PPCA,True,26,0.03080089459132939
indianapolis,25,0.0,100000.0,0.01,617,PPCA,True,27,0.03705025041417196
indianapolis,25,0.0,100000.0,0.01,617,PPCA,True,28,0.042970534613794756
indianapolis,25,0.0,100000.0,0.01,617,PPCA,True,29,0.047480251009985174
indianapolis,25,0.0,100000.0,0.01,617,PPCA,True,30,0.055665923614904106
indianapolis,25,0.0,100000.0,0.01,781,rSC,False,1,0.005524315721340268
indianapolis,25,0.0,100000.0,0.01,781,rSC,False,2,0.00030581288859035357
indianapolis,25,0.0,100000.0,0.01,781,rSC,False,3,0.00023199080946793537
indianapolis,25,0.0,100000.0,0.01,781,rSC,False,4,0.010276765751663168
indianapolis,25,0.0,100000.0,0.01,781,rSC,False,5,0.00984472973913345
indianapolis,25,0.0,100000.0,0.01,781,rSC,False,6,0.014313056409435237
indianapolis,25,0.0,100000.0,0.01,781,rSC,False,7,0.0042317545313491954
indianapolis,25,0.0,100000.0,0.01,781,rSC,False,8,0.01987489888877935
indianapolis,25,0.0,100000.0,0.01,781,rSC,False,9,0.02323010040117244
indianapolis,25,0.0,100000.0,0.01,781,rSC,False,10,0.02484035336874511
indianapolis,25,0.0,100000.0,0.01,781,rSC,False,11,0.01766570037743328
indianapolis,25,0.0,100000.0,0.01,781,rSC,False,12,0.02048740374853624
indianapolis,25,0.0,100000.0,0.01,781,rSC,False,13,0.03448329122010443
indianapolis,25,0.0,100000.0,0.01,781,rSC,False,14,0.03608271708290353
indianapolis,25,0.0,100000.0,0.01,781,rSC,False,15,0.02960329357955507
indianapolis,25,0.0,100000.0,0.01,781,rSC,False,16,0.03242861212201767
indianapolis,25,0.0,100000.0,0.01,781,rSC,False,17,0.03160623427244006
indianapolis,25,0.0,100000.0,0.01,781,rSC,False,18,0.0365165104028199
indianapolis,25,0.0,100000.0,0.01,781,rSC,False,19,0.044309441960671936
indianapolis,25,0.0,100000.0,0.01,781,rSC,False,20,0.05048808694448857
indianapolis,25,0.0,100000.0,0.01,781,rSC,False,21,0.04995939065761298
indianapolis,25,0.0,100000.0,0.01,781,rSC,False,22,0.05676076283738661
indianapolis,25,0.0,100000.0,0.01,781,rSC,False,23,0.0751711586502125
indianapolis,25,0.0,100000.0,0.01,781,rSC,False,24,0.0612139627544962
indianapolis,25,0.0,100000.0,0.01,781,rSC,False,25,0.06297517677031227
indianapolis,25,0.0,100000.0,0.01,781,rSC,False,26,0.0804363185966275
indianapolis,25,0.0,100000.0,0.01,781,rSC,False,27,0.10356468106051253
indianapolis,25,0.0,100000.0,0.01,781,rSC,False,28,0.09486884859735632
indianapolis,25,0.0,100000.0,0.01,781,rSC,False,29,0.09810953928907559
indianapolis,25,0.0,100000.0,0.01,781,rSC,False,30,0.10896076762166153
indianapolis,25,0.0,100000.0,0.01,781,rSC,True,1,0.005524315721340268
indianapolis,25,0.0,100000.0,0.01,781,rSC,True,2,0.00030581288859035357
indianapolis,25,0.0,100000.0,0.01,781,rSC,True,3,0.00023199080946793537
indianapolis,25,0.0,100000.0,0.01,781,rSC,True,4,0.010276765751663168
indianapolis,25,0.0,100000.0,0.01,781,rSC,True,5,0.00984472973913345
indianapolis,25,0.0,100000.0,0.01,781,rSC,True,6,0.014313056409435237
indianapolis,25,0.0,100000.0,0.01,781,rSC,True,7,0.0042317545313491954
indianapolis,25,0.0,100000.0,0.01,781,rSC,True,8,0.01987489888877935
indianapolis,25,0.0,100000.0,0.01,781,rSC,True,9,0.02323010040117244
indianapolis,25,0.0,100000.0,0.01,781,rSC,True,10,0.02484035336874511
indianapolis,25,0.0,100000.0,0.01,781,rSC,True,11,0.01766570037743328
indianapolis,25,0.0,100000.0,0.01,781,rSC,True,12,0.02048740374853624
indianapolis,25,0.0,100000.0,0.01,781,rSC,True,13,0.03448329122010443
indianapolis,25,0.0,100000.0,0.01,781,rSC,True,14,0.03608271708290353
indianapolis,25,0.0,100000.0,0.01,781,rSC,True,15,0.02960329357955507
indianapolis,25,0.0,100000.0,0.01,781,rSC,True,16,0.03242861212201767
indianapolis,25,0.0,100000.0,0.01,781,rSC,True,17,0.03160623427244006
indianapolis,25,0.0,100000.0,0.01,781,rSC,True,18,0.0365165104028199
indianapolis,25,0.0,100000.0,0.01,781,rSC,True,19,0.044309441960671936
indianapolis,25,0.0,100000.0,0.01,781,rSC,True,20,0.05048808694448857
indianapolis,25,0.0,100000.0,0.01,781,rSC,True,21,0.04995939065761298
indianapolis,25,0.0,100000.0,0.01,781,rSC,True,22,0.05676076283738661
indianapolis,25,0.0,100000.0,0.01,781,rSC,True,23,0.0751711586502125
indianapolis,25,0.0,100000.0,0.01,781,rSC,True,24,0.0612139627544962
indianapolis,25,0.0,100000.0,0.01,781,rSC,True,25,0.06297517677031227
indianapolis,25,0.0,100000.0,0.01,781,rSC,True,26,0.0804363185966275
indianapolis,25,0.0,100000.0,0.01,781,rSC,True,27,0.10356468106051253
indianapolis,25,0.0,100000.0,0.01,781,rSC,True,28,0.09486884859735632
indianapolis,25,0.0,100000.0,0.01,781,rSC,True,29,0.09810953928907559
indianapolis,25,0.0,100000.0,0.01,781,rSC,True,30,0.10896076762166153
indianapolis,25,0.0,100000.0,0.01,781,GAP,False,1,0.0026387636795641213
indianapolis,25,0.0,100000.0,0.01,781,GAP,False,2,0.0053697132244341
indianapolis,25,0.0,100000.0,0.01,781,GAP,False,3,0.0033454406666188034
indianapolis,25,0.0,100000.0,0.01,781,GAP,False,4,0.0045896231862252905
indianapolis,25,0.0,100000.0,0.01,781,GAP,False,5,0.019164254846684242
indianapolis,25,0.0,100000.0,0.01,781,GAP,False,6,0.01901851166894466
indianapolis,25,0.0,100000.0,0.01,781,GAP,False,7,0.01707812475542433
indianapolis,25,0.0,100000.0,0.01,781,GAP,False,8,0.02032193381649372
indianapolis,25,0.0,100000.0,0.01,781,GAP,False,9,0.02475567900198389
indianapolis,25,0.0,100000.0,0.01,781,GAP,False,10,0.036928325625379205
indianapolis,25,0.0,100000.0,0.01,781,GAP,False,11,0.0213227349725572
indianapolis,25,0.0,100000.0,0.01,781,GAP,False,12,0.016656863304021167
indianapolis,25,0.0,100000.0,0.01,781,GAP,False,13,0.02839651108225684
indianapolis,25,0.0,100000.0,0.01,781,GAP,False,14,0.05228293293559381
indianapolis,25,0.0,100000.0,0.01,781,GAP,False,15,0.035270702557246666
indianapolis,25,0.0,100000.0,0.01,781,GAP,False,16,0.02748255534974036
indianapolis,25,0.0,100000.0,0.01,781,GAP,False,17,0.014104255105436054
indianapolis,25,0.0,100000.0,0.01,781,GAP,False,18,0.04078575389605049
indianapolis,25,0.0,100000.0,0.01,781,GAP,False,19,0.028571957605907812
indianapolis,25,0.0,100000.0,0.01,781,GAP,False,20,0.05447972982635817
indianapolis,25,0.0,100000.0,0.01,781,GAP,False,21,0.05491177128693584
indianapolis,25,0.0,100000.0,0.01,781,GAP,False,22,0.07531509045277428
indianapolis,25,0.0,100000.0,0.01,781,GAP,False,23,0.05845218988611542
indianapolis,25,0.0,100000.0,0.01,781,GAP,False,24,0.05677943101519374
indianapolis,25,0.0,100000.0,0.01,781,GAP,False,25,0.059682737796902884
indianapolis,25,0.0,100000.0,0.01,781,GAP,False,26,0.07081590053405828
indianapolis,25,0.0,100000.0,0.01,781,GAP,False,27,0.07982253605218324
indianapolis,25,0.0,100000.0,0.01,781,GAP,False,28,0.07325190596961698
indianapolis,25,0.0,100000.0,0.01,781,GAP,False,29,0.08490730822814335
indianapolis,25,0.0,100000.0,0.01,781,GAP,False,30,0.07194267559659966
indianapolis,25,0.0,100000.0,0.01,781,GAP,True,1,0.001260928739163689
indianapolis,25,0.0,100000.0,0.01,781,GAP,True,2,0.006857655062096446
indianapolis,25,0.0,100000.0,0.01,781,GAP,True,3,0.0043534263100234605
indianapolis,25,0.0,100000.0,0.01,781,GAP,True,4,0.005740702578600327
indianapolis,25,0.0,100000.0,0.01,781,GAP,True,5,0.021241816884399668
indianapolis,25,0.0,100000.0,0.01,781,GAP,True,6,0.020885562383526905
indianapolis,25,0.0,100000.0,0.01,781,GAP,True,7,0.019200673463193426
indianapolis,25,0.0,100000.0,0.01,781,GAP,True,8,0.022605363387926226
indianapolis,25,0.0,100000.0,0.01,781,GAP,True,9,0.02751124590726782
indianapolis,25,0.0,100000.0,0.01,781,GAP,True,10,0.03977784719088669
indianapolis,25,0.0,100000.0,0.01,781,GAP,True,11,0.023473380696541323
indianapolis,25,0.0,100000.0,0.01,781,GAP,True,12,0.01897070708163992
indianapolis,25,0.0,100000.0,0.01,781,GAP,True,13,0.03180950119458012
indianapolis,25,0.0,100000.0,0.01,781,GAP,True,14,0.05572722844575113
indianapolis,25,0.0,100000.0,0.01,781,GAP,True,15,0.03843116712217465
indianapolis,25,0.0,100000.0,0.01,781,GAP,True,16,0.029692496611980493
indianapolis,25,0.0,100000.0,0.01,781,GAP,True,17,0.01621843790009998
indianapolis,25,0.0,100000.0,0.01,781,GAP,True,18,0.044420426273361395
indianapolis,25,0.0,100000.0,0.01,781,GAP,True,19,0.03144388875923163
indianapolis,25,0.0,100000.0,0.01,781,GAP,True,20,0.05944427698053348
indianapolis,25,0.0,100000.0,0.01,781,GAP,True,21,0.059605110271913675
indianapolis,25,0.0,100000.0,0.01,781,GAP,True,22,0.0808424052096595
indianapolis,25,0.0,100000.0,0.01,781,GAP,True,23,0.06310825273890727
indianapolis,25,0.0,100000.0,0.01,781,GAP,True,24,0.06108092407630542
indianapolis,25,0.0,100000.0,0.01,781,GAP,True,25,0.06343831918512927
indianapolis,25,0.0,100000.0,0.01,781,GAP,True,26,0.07590606348903844
indianapolis,25,0.0,100000.0,0.01,781,GAP,True,27,0.08466484525129299
indianapolis,25,0.0,100000.0,0.01,781,GAP,True,28,0.0781867972143316
indianapolis,25,0.0,100000.0,0.01,781,GAP,True,29,0.08991985472154342
indianapolis,25,0.0,100000.0,0.01,781,GAP,True,30,0.07618916745656226
indianapolis,25,0.0,100000.0,0.01,781,PPCA,False,1,0.00839879521085653
indianapolis,25,0.0,100000.0,0.01,781,PPCA,False,2,0.0025438258294189875
indianapolis,25,0.0,100000.0,0.01,781,PPCA,False,3,0.0001911464597362476
indianapolis,25,0.0,100000.0,0.01,781,PPCA,False,4,0.010610570121830759
indianapolis,25,0.0,100000.0,0.01,781,PPCA,False,5,0.01104611264441801
indianapolis,25,0.0,100000.0,0.01,781,PPCA,False,6,0.012282624098104501
indianapolis,25,0.0,100000.0,0.01,781,PPCA,False,7,0.0035776583485087974
indianapolis,25,0.0,100000.0,0.01,781,PPCA,False,8,0.01818630613464144
indianapolis,25,0.0,100000.0,0.01,781,PPCA,False,9,0.022647918657466556
indianapolis,25,0.0,100000.0,0.01,781,PPCA,False,10,0.030946601462983
indianapolis,25,0.0,100000.0,0.01,781,PPCA,False,11,0.02439351828534793
indianapolis,25,0.0,100000.0,0.01,781,PPCA,False,12,0.02484648382163268
indianapolis,25,0.0,100000.0,0.01,781,PPCA,False,13,0.03906779298343366
indianapolis,25,0.0,100000.0,0.01,781,PPCA,False,14,0.04174843975856234
indianapolis,25,0.0,100000.0,0.01,781,PPCA,False,15,0.03438728996178771
indianapolis,25,0.0,100000.0,0.01,781,PPCA,False,16,0.041042866801275155
indianapolis,25,0.0,100000.0,0.01,781,PPCA,False,17,0.035589302943263026
indianapolis,25,0.0,100000.0,0.01,781,PPCA,False,18,0.043826155815417774
indianapolis,25,0.0,100000.0,0.01,781,PPCA,False,19,0.04803756141103233
indianapolis,25,0.0,100000.0,0.01,781,PPCA,False,20,0.05563864374566249
indianapolis,25,0.0,100000.0,0.01,781,PPCA,False,21,0.054179704244869537
indianapolis,25,0.0,100000.0,0.01,781,PPCA,False,22,0.05946053755268904
indianapolis,25,0.0,100000.0,0.01,781,PPCA,False,23,0.08040191335906915
indianapolis,25,0.0,100000.0,0.01,781,PPCA,False,24,0.06690430078098906
indianapolis,25,0.0,100000.0,0.01,781,PPCA,False,25,0.06605679486238471
indianapolis,25,0.0,100000.0,0.01,781,PPCA,False,26,0.08412787187172487
indianapolis,25,0.0,100000.0,0.01,781,PPCA,False,27,0.10833745771941412
indianapolis,25,0.0,100000.0,0.01,781,PPCA,False,28,0.1019461141885612
indianapolis,25,0.0,100000.0,0.01,781,PPCA,False,29,0.09719143990367486
indianapolis,25,0.0,100000.0,0.01,781,PPCA,False,30,0.11614159952862947
indianapolis,25,0.0,100000.0,0.01,781,PPCA,True,1,0.0072804347736907474
indianapolis,25,0.0,100000.0,0.01,781,PPCA,True,2,0.0010932122811025808
indianapolis,25,0.0,100000.0,0.01,781,PPCA,True,3,0.00204178058764025
indianapolis,25,0.0,100000.0,0.01,781,PPCA,True,4,0.009155054718647136
indianapolis,25,0.0,100000.0,0.01,781,PPCA,True,5,0.008841489240805543
indianapolis,25,0.0,100000.0,0.01,781,PPCA,True,6,0.01579547852817332
indianapolis,25,0.0,100000.0,0.01,781,PPCA,True,7,0.001285338703335237
indianapolis,25,0.0,100000.0,0.01,781,PPCA,True,8,0.014599797902207515
indianapolis,25,0.0,100000.0,0.01,781,PPCA,True,9,0.018838137609547636
indianapolis,25,0.0,100000.0,0.01,781,PPCA,True,10,0.027398323572127032
indianapolis,25,0.0,100000.0,0.01,781,PPCA,True,11,0.021222392147824357
indianapolis,25,0.0,100000.0,0.01,781,PPCA,True,12,0.021720751896152045
indianapolis,25,0.0,100000.0,0.01,781,PPCA,True,13,0.03507861909290131
indianapolis,25,0.0,100000.0,0.01,781,PPCA,True,14,0.039335725961254446
indianapolis,25,0.0,100000.0,0.01,781,PPCA,True,15,0.030161168031143555
indianapolis,25,0.0,100000.0,0.01,781,PPCA,True,16,0.03785798624170245
indianapolis,25,0.0,100000.0,0.01,781,PPCA,True,17,0.03153097045510639
indianapolis,25,0.0,100000.0,0.01,781,PPCA,True,18,0.03953991207756984
indianapolis,25,0.0,100000.0,0.01,781,PPCA,True,19,0.04264757091225778
indianapolis,25,0.0,100000.0,0.01,781,PPCA,True,20,0.050562525449390196
indianapolis,25,0.0,100000.0,0.01,781,PPCA,True,21,0.04921949000654845
indianapolis,25,0.0,100000.0,0.01,781,PPCA,True,22,0.0528791107754109
indianapolis,25,0.0,100000.0,0.01,781,PPCA,True,23,0.07464036767416189
indianapolis,25,0.0,100000.0,0.01,781,PPCA,True,24,0.06168890189902741
indianapolis,25,0.0,100000.0,0.01,781,PPCA,True,25,0.06106677359715625
indianapolis,25,0.0,100000.0,0.01,781,PPCA,True,26,0.0787422980563787
indianapolis,25,0.0,100000.0,0.01,781,PPCA,True,27,0.10451717756371592
indianapolis,25,0.0,100000.0,0.01,781,PPCA,True,28,0.09761513355412497
indianapolis,25,0.0,100000.0,0.01,781,PPCA,True,29,0.09209595911041589
indianapolis,25,0.0,100000.0,0.01,781,PPCA,True,30,0.112228878399519
indianapolis,25,0.5,250.0,4.0,617,rSC,False,1,0.013440368026113475
indianapolis,25,0.5,250.0,4.0,617,rSC,False,2,0.012174523938509327
indianapolis,25,0.5,250.0,4.0,617,rSC,False,3,0.005478202138928381
indianapolis,25,0.5,250.0,4.0,617,rSC,False,4,0.0011325459504148137
indianapolis,25,0.5,250.0,4.0,617,rSC,False,5,0.014457358312871817
indianapolis,25,0.5,250.0,4.0,617,rSC,False,6,0.017435318160476904
indianapolis,25,0.5,250.0,4.0,617,rSC,False,7,0.030634749852147567
indianapolis,25,0.5,250.0,4.0,617,rSC,False,8,0.034226702510095235
indianapolis,25,0.5,250.0,4.0,617,rSC,False,9,0.046754048567881686
indianapolis,25,0.5,250.0,4.0,617,rSC,False,10,0.03508932310231645
indianapolis,25,0.5,250.0,4.0,617,rSC,False,11,0.029660152967934252
indianapolis,25,0.5,250.0,4.0,617,rSC,False,12,0.042805965504812755
indianapolis,25,0.5,250.0,4.0,617,rSC,False,13,0.047747140835805175
indianapolis,25,0.5,250.0,4.0,617,rSC,False,14,0.04216789589255884
indianapolis,25,0.5,250.0,4.0,617,rSC,False,15,0.04452175212980625
indianapolis,25,0.5,250.0,4.0,617,rSC,False,16,0.0611339803849427
indianapolis,25,0.5,250.0,4.0,617,rSC,False,17,0.06205003162843358
indianapolis,25,0.5,250.0,4.0,617,rSC,False,18,0.0663930851579013
indianapolis,25,0.5,250.0,4.0,617,rSC,False,19,0.08842934580179539
indianapolis,25,0.5,250.0,4.0,617,rSC,False,20,0.07187266561228824
indianapolis,25,0.5,250.0,4.0,617,rSC,False,21,0.08350631520658937
indianapolis,25,0.5,250.0,4.0,617,rSC,False,22,0.09226742370539062
indianapolis,25,0.5,250.0,4.0,617,rSC,False,23,0.08924825997302692
indianapolis,25,0.5,250.0,4.0,617,rSC,False,24,0.09304976154549205
indianapolis,25,0.5,250.0,4.0,617,rSC,False,25,0.11039701414560872
indianapolis,25,0.5,250.0,4.0,617,rSC,False,26,0.10685289226204434
indianapolis,25,0.5,250.0,4.0,617,rSC,False,27,0.10431307993065352
indianapolis,25,0.5,250.0,4.0,617,rSC,False,28,0.13738390942149026
indianapolis,25,0.5,250.0,4.0,617,rSC,False,29,0.12786931396268175
indianapolis,25,0.5,250.0,4.0,617,rSC,False,30,0.13644962024325286
indianapolis,25,0.5,250.0,4.0,617,rSC,True,1,0.013440368026113475
indianapolis,25,0.5,250.0,4.0,617,rSC,True,2,0.012174523938509327
indianapolis,25,0.5,250.0,4.0,617,rSC,True,3,0.005478202138928381
indianapolis,25,0.5,250.0,4.0,617,rSC,True,4,0.0011325459504148137
indianapolis,25,0.5,250.0,4.0,617,rSC,True,5,0.014457358312871817
indianapolis,25,0.5,250.0,4.0,617,rSC,True,6,0.017435318160476904
indianapolis,25,0.5,250.0,4.0,617,rSC,True,7,0.030634749852147567
indianapolis,25,0.5,250.0,4.0,617,rSC,True,8,0.034226702510095235
indianapolis,25,0.5,250.0,4.0,617,rSC,True,9,0.046754048567881686
indianapolis,25,0.5,250.0,4.0,617,rSC,True,10,0.03508932310231645
indianapolis,25,0.5,250.0,4.0,617,rSC,True,11,0.029660152967934252
indianapolis,25,0.5,250.0,4.0,617,rSC,True,12,0.042805965504812755
indianapolis,25,0.5,250.0,4.0,617,rSC,True,13,0.047747140835805175
indianapolis,25,0.5,250.0,4.0,617,rSC,True,14,0.04216789589255884
indianapolis,25,0.5,250.0,4.0,617,rSC,True,15,0.04452175212980625
indianapolis,25,0.5,250.0,4.0,617,rSC,True,16,0.0611339803849427
indianapolis,25,0.5,250.0,4.0,617,rSC,True,17,0.06205003162843358
indianapolis,25,0.5,250.0,4.0,617,rSC,True,18,0.0663930851579013
indianapolis,25,0.5,250.0,4.0,617,rSC,True,19,0.08842934580179539
indianapolis,25,0.5,250.0,4.0,617,rSC,True,20,0.07187266561228824
indianapolis,25,0.5,250.0,4.0,617,rSC,True,21,0.08350631520658937
indianapolis,25,0.5,250.0,4.0,617,rSC,True,22,0.09226742370539062
indianapolis,25,0.5,250.0,4.0,617,rSC,True,23,0.08924825997302692
indianapolis,25,0.5,250.0,4.0,617,rSC,True,24,0.09304976154549205
indianapolis,25,0.5,250.0,4.0,617,rSC,True,25,0.11039701414560872
indianapolis,25,0.5,250.0,4.0,617,rSC,True,26,0.10685289226204434
indianapolis,25,0.5,250.0,4.0,617,rSC,True,27,0.10431307993065352
indianapolis,25,0.5,250.0,4.0,617,rSC,True,28,0.13738390942149026
indianapolis,25,0.5,250.0,4.0,617,rSC,True,29,0.12786931396268175
indianapolis,25,0.5,250.0,4.0,617,rSC,True,30,0.13644962024325286
indianapolis,25,0.5,250.0,4.0,617,GAP,False,1,0.0012692702238240676
indianapolis,25,0.5,250.0,4.0,617,GAP,False,2,0.004570134581204747
indianapolis,25,0.5,250.0,4.0,617,GAP,False,3,0.001150079752036312
indianapolis,25,0.5,250.0,4.0,617,GAP,False,4,0.012761063020293277
indianapolis,25,0.5,250.0,4.0,617,GAP,False,5,0.014713045311202301
indianapolis,25,0.5,250.0,4.0,617,GAP,False,6,0.01293993576036881
indianapolis,25,0.5,250.0,4.0,617,GAP,False,7,0.02085997118076003
indianapolis,25,0.5,250.0,4.0,617,GAP,False,8,0.003207238283724426
indianapolis,25,0.5,250.0,4.0,617,GAP,False,9,0.013837663485847867
indianapolis,25,0.5,250.0,4.0,617,GAP,False,10,0.01047760674846739
indianapolis,25,0.5,250.0,4.0,617,GAP,False,11,0.013678156918686811
indianapolis,25,0.5,250.0,4.0,617,GAP,False,12,0.019279801712726887
indianapolis,25,0.5,250.0,4.0,617,GAP,False,13,0.0051658617746682635
indianapolis,25,0.5,250.0,4.0,617,GAP,False,14,0.008167391825297335
indianapolis,25,0.5,250.0,4.0,617,GAP,False,15,0.005249905567706522
indianapolis,25,0.5,250.0,4.0,617,GAP,False,16,0.002939069471117026
indianapolis,25,0.5,250.0,4.0,617,GAP,False,17,0.0044029651668349955
indianapolis,25,0.5,250.0,4.0,617,GAP,False,18,0.003455132113758981
indianapolis,25,0.5,250.0,4.0,617,GAP,False,19,0.018239794778928026
indianapolis,25,0.5,250.0,4.0,617,GAP,False,20,0.004775687436504392
indianapolis,25,0.5,250.0,4.0,617,GAP,False,21,0.011103780357907664
indianapolis,25,0.5,250.0,4.0,617,GAP,False,22,0.017218998731175893
indianapolis,25,0.5,250.0,4.0,617,GAP,False,23,0.012438466153411775
indianapolis,25,0.5,250.0,4.0,617,GAP,False,24,0.005961539621395062
indianapolis,25,0.5,250.0,4.0,617,GAP,False,25,0.017369731561028282
indianapolis,25,0.5,250.0,4.0,617,GAP,False,26,0.00939885113270955
indianapolis,25,0.5,250.0,4.0,617,GAP,False,27,0.0022523826436556343
indianapolis,25,0.5,250.0,4.0,617,GAP,False,28,0.002407827803445546
indianapolis,25,0.5,250.0,4.0,617,GAP,False,29,0.01601131644611908
indianapolis,25,0.5,250.0,4.0,617,GAP,False,30,0.03064009910062981
indianapolis,25,0.5,250.0,4.0,617,GAP,True,1,0.008500412009803601
indianapolis,25,0.5,250.0,4.0,617,GAP,True,2,0.01135742452727329
indianapolis,25,0.5,250.0,4.0,617,GAP,True,3,0.0011892149823798874
indianapolis,25,0.5,250.0,4.0,617,GAP,True,4,0.004479248607008388
indianapolis,25,0.5,250.0,4.0,617,GAP,True,5,0.01829929343061745
indianapolis,25,0.5,250.0,4.0,617,GAP,True,6,0.0051558526914095995
indianapolis,25,0.5,250.0,4.0,617,GAP,True,7,0.012351954002394284
indianapolis,25,0.5,250.0,4.0,617,GAP,True,8,0.009704292626459003
indianapolis,25,0.5,250.0,4.0,617,GAP,True,9,0.0020629361707321823
indianapolis,25,0.5,250.0,4.0,617,GAP,True,10,0.022256694728601395
indianapolis,25,0.5,250.0,4.0,617,GAP,True,11,0.00033433621417701983
indianapolis,25,0.5,250.0,4.0,617,GAP,True,12,0.010647081796448136
indianapolis,25,0.5,250.0,4.0,617,GAP,True,13,0.0065250567271560094
indianapolis,25,0.5,250.0,4.0,617,GAP,True,14,0.004451575220197368
indianapolis,25,0.5,250.0,4.0,617,GAP,True,15,0.005654152758315591
indianapolis,25,0.5,250.0,4.0,617,GAP,True,16,0.015051166806422343
indianapolis,25,0.5,250.0,4.0,617,GAP,True,17,0.011995720871786542
indianapolis,25,0.5,250.0,4.0,617,GAP,True,18,0.010371116154424253
indianapolis,25,0.5,250.0,4.0,617,GAP,True,19,0.02269575255452036
indianapolis,25,0.5,250.0,4.0,617,GAP,True,20,0.0017910760343857143
indianapolis,25,0.5,250.0,4.0,617,GAP,True,21,0.003810948810843801
indianapolis,25,0.5,250.0,4.0,617,GAP,True,22,0.02955476803489372
indianapolis,25,0.5,250.0,4.0,617,GAP,True,23,0.002963505153412149
indianapolis,25,0.5,250.0,4.0,617,GAP,True,24,0.0013889828482395482
indianapolis,25,0.5,250.0,4.0,617,GAP,True,25,0.029173934936168332
indianapolis,25,0.5,250.0,4.0,617,GAP,True,26,0.0005218555405575721
indianapolis,25,0.5,250.0,4.0,617,GAP,True,27,0.007915845034402735
indianapolis,25,0.5,250.0,4.0,617,GAP,True,28,0.01130705727083541
indianapolis,25,0.5,250.0,4.0,617,GAP,True,29,0.025382988676641752
indianapolis,25,0.5,250.0,4.0,617,GAP,True,30,0.04197779603898051
indianapolis,25,0.5,250.0,4.0,617,PPCA,False,1,0.0142664116318183
indianapolis,25,0.5,250.0,4.0,617,PPCA,False,2,0.016760172550250488
indianapolis,25,0.5,250.0,4.0,617,PPCA,False,3,0.002546441792636772
indianapolis,25,0.5,250.0,4.0,617,PPCA,False,4,0.001953849317010871
indianapolis,25,0.5,250.0,4.0,617,PPCA,False,5,0.018469831391240987
indianapolis,25,0.5,250.0,4.0,617,PPCA,False,6,0.018690403501633954
indianapolis,25,0.5,250.0,4.0,617,PPCA,False,7,0.03593287361724026
indianapolis,25,0.5,250.0,4.0,617,PPCA,False,8,0.04023514005023172
indianapolis,25,0.5,250.0,4.0,617,PPCA,False,9,0.049805284991163816
indianapolis,25,0.5,250.0,4.0,617,PPCA,False,10,0.0392689165581272
indianapolis,25,0.5,250.0,4.0,617,PPCA,False,11,0.033179234209222856
indianapolis,25,0.5,250.0,4.0,617,PPCA,False,12,0.04653182191522154
indianapolis,25,0.5,250.0,4.0,617,PPCA,False,13,0.04969263909489491
indianapolis,25,0.5,250.0,4.0,617,PPCA,False,14,0.04358394294882784
indianapolis,25,0.5,250.0,4.0,617,PPCA,False,15,0.04079254264881295
indianapolis,25,0.5,250.0,4.0,617,PPCA,False,16,0.05872593311962152
indianapolis,25,0.5,250.0,4.0,617,PPCA,False,17,0.06243342038738481
indianapolis,25,0.5,250.0,4.0,617,PPCA,False,18,0.06829818207395129
indianapolis,25,0.5,250.0,4.0,617,PPCA,False,19,0.09225582245253365
indianapolis,25,0.5,250.0,4.0,617,PPCA,False,20,0.07493381650546654
indianapolis,25,0.5,250.0,4.0,617,PPCA,False,21,0.09106210750464223
indianapolis,25,0.5,250.0,4.0,617,PPCA,False,22,0.09072522103990101
indianapolis,25,0.5,250.0,4.0,617,PPCA,False,23,0.09146684905574218
indianapolis,25,0.5,250.0,4.0,617,PPCA,False,24,0.09484223944305234
indianapolis,25,0.5,250.0,4.0,617,PPCA,False,25,0.11160293824301842
indianapolis,25,0.5,250.0,4.0,617,PPCA,False,26,0.11091772289732507
indianapolis,25,0.5,250.0,4.0,617,PPCA,False,27,0.10391873186792748
indianapolis,25,0.5,250.0,4.0,617,PPCA,False,28,0.14051103632124956
indianapolis,25,0.5,250.0,4.0,617,PPCA,False,29,0.12868908492350137
indianapolis,25,0.5,250.0,4.0,617,PPCA,False,30,0.14631434366400187
indianapolis,25,0.5,250.0,4.0,617,PPCA,True,1,0.013562431058289465
indianapolis,25,0.5,250.0,4.0,617,PPCA,True,2,0.015909513209707474
indianapolis,25,0.5,250.0,4.0,617,PPCA,True,3,0.002233916316999923
indianapolis,25,0.5,250.0,4.0,617,PPCA,True,4,0.0004998647565501803
indianapolis,25,0.5,250.0,4.0,617,PPCA,True,5,0.017736499219682376
indianapolis,25,0.5,250.0,4.0,617,PPCA,True,6,0.017080198925907026
indianapolis,25,0.5,250.0,4.0,617,PPCA,True,7,0.03416990348097879
indianapolis,25,0.5,250.0,4.0,617,PPCA,True,8,0.03862008454380787
indianapolis,25,0.5,250.0,4.0,617,PPCA,True,9,0.04705203215333195
indianapolis,25,0.5,250.0,4.0,617,PPCA,True,10,0.03759799042639099
indianapolis,25,0.5,250.0,4.0,617,PPCA,True,11,0.03047181849117743
indianapolis,25,0.5,250.0,4.0,617,PPCA,True,12,0.04357447346575448
indianapolis,25,0.5,250.0,4.0,617,PPCA,True,13,0.046769032470686624
indianapolis,25,0.5,250.0,4.0,617,PPCA,True,14,0.041233058738667866
indianapolis,25,0.5,250.0,4.0,617,PPCA,True,15,0.03770461069450822
indianapolis,25,0.5,250.0,4.0,617,PPCA,True,16,0.055758811148922706
indianapolis,25,0.5,250.0,4.0,617,PPCA,True,17,0.05963217291673539
indianapolis,25,0.5,250.0,4.0,617,PPCA,True,18,0.06512369799486749
indianapolis,25,0.5,250.0,4.0,617,PPCA,True,19,0.0897788883717337
indianapolis,25,0.5,250.0,4.0,617,PPCA,True,20,0.07154765790753363
indianapolis,25,0.5,250.0,4.0,617,PPCA,True,21,0.08737134633681272
indianapolis,25,0.5,250.0,4.0,617,PPCA,True,22,0.08690181526535908
indianapolis,25,0.5,250.0,4.0,617,PPCA,True,23,0.08740545971515601
indianapolis,25,0.5,250.0,4.0,617,PPCA,True,24,0.09110495490599989
indianapolis,25,0.5,250.0,4.0,617,PPCA,True,25,0.10746822945434469
indianapolis,25,0.5,250.0,4.0,617,PPCA,True,26,0.1065483818385244
indianapolis,25,0.5,250.0,4.0,617,PPCA,True,27,0.09995360453032573
indianapolis,25,0.5,250.0,4.0,617,PPCA,True,28,0.1353581473811473
indianapolis,25,0.5,250.0,4.0,617,PPCA,True,29,0.12381191487075136
indianapolis,25,0.5,250.0,4.0,617,PPCA,True,30,0.1418189341388654
indianapolis,25,0.5,250.0,4.0,781,rSC,False,1,0.013845111797895089
indianapolis,25,0.5,250.0,4.0,781,rSC,False,2,2.7577893145558878e-05
indianapolis,25,0.5,250.0,4.0,781,rSC,False,3,0.0029221300167160515
indianapolis,25,0.5,250.0,4.0,781,rSC,False,4,0.003404052319712553
indianapolis,25,0.5,250.0,4.0,781,rSC,False,5,0.0015071626139665595
indianapolis,25,0.5,250.0,4.0,781,rSC,False,6,0.0013616389439666042
indianapolis,25,0.5,250.0,4.0,781,rSC,False,7,0.01674294996184083
indianapolis,25,0.5,250.0,4.0,781,rSC,False,8,0.018145619664910503
indianapolis,25,0.5,250.0,4.0,781,rSC,False,9,0.018213946566364075
indianapolis,25,0.5,250.0,4.0,781,rSC,False,10,0.021571844489366394
indianapolis,25,0.5,250.0,4.0,781,rSC,False,11,0.016168174834242825
indianapolis,25,0.5,250.0,4.0,781,rSC,False,12,0.019804559592712014
indianapolis,25,0.5,250.0,4.0,781,rSC,False,13,0.025540779822899613
indianapolis,25,0.5,250.0,4.0,781,rSC,False,14,0.04480666462537771
indianapolis,25,0.5,250.0,4.0,781,rSC,False,15,0.040086466800205556
indianapolis,25,0.5,250.0,4.0,781,rSC,False,16,0.03458886049214478
indianapolis,25,0.5,250.0,4.0,781,rSC,False,17,0.04097944815322944
indianapolis,25,0.5,250.0,4.0,781,rSC,False,18,0.052948485457533674
indianapolis,25,0.5,250.0,4.0,781,rSC,False,19,0.06029261588978545
indianapolis,25,0.5,250.0,4.0,781,rSC,False,20,0.06997240286976505
indianapolis,25,0.5,250.0,4.0,781,rSC,False,21,0.06775150613489067
indianapolis,25,0.5,250.0,4.0,781,rSC,False,22,0.07233960282612142
indianapolis,25,0.5,250.0,4.0,781,rSC,False,23,0.07796006755859984
indianapolis,25,0.5,250.0,4.0,781,rSC,False,24,0.08588255051933669
indianapolis,25,0.5,250.0,4.0,781,rSC,False,25,0.09581813826646561
indianapolis,25,0.5,250.0,4.0,781,rSC,False,26,0.1023445272276482
indianapolis,25,0.5,250.0,4.0,781,rSC,False,27,0.10590507817307705
indianapolis,25,0.5,250.0,4.0,781,rSC,False,28,0.12331936696727488
indianapolis,25,0.5,250.0,4.0,781,rSC,False,29,0.1112945375900994
indianapolis,25,0.5,250.0,4.0,781,rSC,False,30,0.12714262311728888
indianapolis,25,0.5,250.0,4.0,781,rSC,True,1,0.013845111797895089
indianapolis,25,0.5,250.0,4.0,781,rSC,True,2,2.7577893145558878e-05
indianapolis,25,0.5,250.0,4.0,781,rSC,True,3,0.0029221300167160515
indianapolis,25,0.5,250.0,4.0,781,rSC,True,4,0.003404052319712553
indianapolis,25,0.5,250.0,4.0,781,rSC,True,5,0.0015071626139665595
indianapolis,25,0.5,250.0,4.0,781,rSC,True,6,0.0013616389439666042
indianapolis,25,0.5,250.0,4.0,781,rSC,True,7,0.01674294996184083
indianapolis,25,0.5,250.0,4.0,781,rSC,True,8,0.018145619664910503
indianapolis,25,0.5,250.0,4.0,781,rSC,True,9,0.018213946566364075
indianapolis,25,0.5,250.0,4.0,781,rSC,True,10,0.021571844489366394
indianapolis,25,0.5,250.0,4.0,781,rSC,True,11,0.016168174834242825
indianapolis,25,0.5,250.0,4.0,781,rSC,True,12,0.019804559592712014
indianapolis,25,0.5,250.0,4.0,781,rSC,True,13,0.025540779822899613
indianapolis,25,0.5,250.0,4.0,781,rSC,True,14,0.04480666462537771
indianapolis,25,0.5,250.0,4.0,781,rSC,True,15,0.040086466800205556
indianapolis,25,0.5,250.0,4.0,781,rSC,True,16,0.03458886049214478
indianapolis,25,0.5,250.0,4.0,781,rSC,True,17,0.04097944815322944
indianapolis,25,0.5,250.0,4.0,781,rSC,True,18,0.052948485457533674
indianapolis,25,0.5,250.0,4.0,781,rSC,True,19,0.06029261588978545
indianapolis,25,0.5,250.0,4.0,781,rSC,True,20,0.06997240286976505
indianapolis,25,0.5,250.0,4.0,781,rSC,True,21,0.06775150613489067
indianapolis,25,0.5,250.0,4.0,781,rSC,True,22,0.07233960282612142
indianapolis,25,0.5,250.0,4.0,781,rSC,True,23,0.07796006755859984
indianapolis,25,0.5,250.0,4.0,781,rSC,True,24,0.08588255051933669
indianapolis,25,0.5,250.0,4.0,781,rSC,True,25,0.09581813826646561
indianapolis,25,0.5,250.0,4.0,781,rSC,True,26,0.1023445272276482
indianapolis,25,0.5,250.0,4.0,781,rSC,True,27,0.10590507817307705
indianapolis,25,0.5,250.0,4.0,781,rSC,True,28,0.12331936696727488
indianapolis,25,0.5,250.0,4.0,781,rSC,True,29,0.1112945375900994
indianapolis,25,0.5,250.0,4.0,781,rSC,True,30,0.12714262311728888
indianapolis,25,0.5,250.0,4.0,781,GAP,False,1,0.012862223275548925
indianapolis,25,0.5,250.0,4.0,781,GAP,False,2,0.012056654956995804
indianapolis,25,0.5,250.0,4.0,781,GAP,False,3,0.01975995225976005
indianapolis,25,0.5,250.0,4.0,781,GAP,False,4,0.0035188335638184245
indianapolis,25,0.5,250.0,4.0,781,GAP,False,5,0.008804339567903701
indianapolis,25,0.5,250.0,4.0,781,GAP,False,6,0.00205712676237105
indianapolis,25,0.5,250.0,4.0,781,GAP,False,7,0.00025241035518793565
indianapolis,25,0.5,250.0,4.0,781,GAP,False,8,0.02691682912949373
indianapolis,25,0.5,250.0,4.0,781,GAP,False,9,0.016151350408614592
indianapolis,25,0.5,250.0,4.0,781,GAP,False,10,0.024284838315161324
indianapolis,25,0.5,250.0,4.0,781,GAP,False,11,0.011198718500894949
indianapolis,25,0.5,250.0,4.0,781,GAP,False,12,0.03228523664734557
indianapolis,25,0.5,250.0,4.0,781,GAP,False,13,0.03782862432823394
indianapolis,25,0.5,250.0,4.0,781,GAP,False,14,0.028371870022597494
indianapolis,25,0.5,250.0,4.0,781,GAP,False,15,0.05498600821043863
indianapolis,25,0.5,250.0,4.0,781,GAP,False,16,0.053222738736382946
indianapolis,25,0.5,250.0,4.0,781,GAP,False,17,0.06390298756552003
indianapolis,25,0.5,250.0,4.0,781,GAP,False,18,0.07849087982068326
indianapolis,25,0.5,250.0,4.0,781,GAP,False,19,0.08312506314442918
indianapolis,25,0.5,250.0,4.0,781,GAP,False,20,0.08292020555315208
indianapolis,25,0.5,250.0,4.0,781,GAP,False,21,0.08244788002778394
indianapolis,25,0.5,250.0,4.0,781,GAP,False,22,0.1024257210140371
indianapolis,25,0.5,250.0,4.0,781,GAP,False,23,0.10118629332967469
indianapolis,25,0.5,250.0,4.0,781,GAP,False,24,0.11285785292483123
indianapolis,25,0.5,250.0,4.0,781,GAP,False,25,0.12425280122949198
indianapolis,25,0.5,250.0,4.0,781,GAP,False,26,0.11994551207379021
indianapolis,25,0.5,250.0,4.0,781,GAP,False,27,0.1369740787908196
indianapolis,25,0.5,250.0,4.0,781,GAP,False,28,0.13282463354846627
indianapolis,25,0.5,250.0,4.0,781,GAP,False,29,0.1470530087347571
indianapolis,25,0.5,250.0,4.0,781,GAP,False,30,0.1503277086687924
indianapolis,25,0.5,250.0,4.0,781,GAP,True,1,0.011565581897532587
indianapolis,25,0.5,250.0,4.0,781,GAP,True,2,0.008515857485353183
indianapolis,25,0.5,250.0,4.0,781,GAP,True,3,0.017186576029738106
indianapolis,25,0.5,250.0,4.0,781,GAP,True,4,0.0003770034857707409
indianapolis,25,0.5,250.0,4.0,781,GAP,True,5,0.005628046883192779
indianapolis,25,0.5,250.0,4.0,781,GAP,True,6,0.005115558140940142
indianapolis,25,0.5,250.0,4.0,781,GAP,True,7,0.0013151539969713264
indianapolis,25,0.5,250.0,4.0,781,GAP,True,8,0.03004148762442165
indianapolis,25,0.5,250.0,4.0,781,GAP,True,9,0.019172781204679395
indianapolis,25,0.5,250.0,4.0,781,GAP,True,10,0.02830730071266929
indianapolis,25,0.5,250.0,4.0,781,GAP,True,11,0.015524281095040763
indianapolis,25,0.5,250.0,4.0,781,GAP,True,12,0.0364814047082278
indianapolis,25,0.5,250.0,4.0,781,GAP,True,13,0.040387681056361556
indianapolis,25,0.5,250.0,4.0,781,GAP,True,14,0.033079630761582046
indianapolis,25,0.5,250.0,4.0,781,GAP,True,15,0.05910963088412199
indianapolis,25,0.5,250.0,4.0,781,GAP,True,16,0.058054797974824886
indianapolis,25,0.5,250.0,4.0,781,GAP,True,17,0.0692935989702259
indianapolis,25,0.5,250.0,4.0,781,GAP,True,18,0.0829132471929058
indianapolis,25,0.5,250.0,4.0,781,GAP,True,19,0.0871665483258853
indianapolis,25,0.5,250.0,4.0,781,GAP,True,20,0.08842429249706336
indianapolis,25,0.5,250.0,4.0,781,GAP,True,21,0.08735644539776098
indianapolis,25,0.5,250.0,4.0,781,GAP,True,22,0.10704461202493724
indianapolis,25,0.5,250.0,4.0,781,GAP,True,23,0.10517970572473113
indianapolis,25,0.5,250.0,4.0,781,GAP,True,24,0.11608136943449553
indianapolis,25,0.5,250.0,4.0,781,GAP,True,25,0.1286865138611843
indianapolis,25,0.5,250.0,4.0,781,GAP,True,26,0.12499621881765592
indianapolis,25,0.5,250.0,4.0,781,GAP,True,27,0.14135057038849874
indianapolis,25,0.5,250.0,4.0,781,GAP,True,28,0.1384217300958391
indianapolis,25,0.5,250.0,4.0,781,GAP,True,29,0.1506458385369301
indianapolis,25,0.5,250.0,4.0,781,GAP,True,30,0.1553775249012818
indianapolis,25,0.5,250.0,4.0,781,PPCA,False,1,0.011297474182361898
indianapolis,25,0.5,250.0,4.0,781,PPCA,False,2,0.0020228018399829576
indianapolis,25,0.5,250.0,4.0,781,PPCA,False,3,0.002616883609541849
indianapolis,25,0.5,250.0,4.0,781,PPCA,False,4,0.0013769993702527203
indianapolis,25,0.5,250.0,4.0,781,PPCA,False,5,0.002003919416853944
indianapolis,25,0.5,250.0,4.0,781,PPCA,False,6,0.0005231555034116429
indianapolis,25,0.5,250.0,4.0,781,PPCA,False,7,0.01761702131958779
indianapolis,25,0.5,250.0,4.0,781,PPCA,False,8,0.01791406957253354
indianapolis,25,0.5,250.0,4.0,781,PPCA,False,9,0.014944048572062664
indianapolis,25,0.5,250.0,4.0,781,PPCA,False,10,0.013800454045336485
indianapolis,25,0.5,250.0,4.0,781,PPCA,False,11,0.015122404163094617
indianapolis,25,0.5,250.0,4.0,781,PPCA,False,12,0.025386486284898684
indianapolis,25,0.5,250.0,4.0,781,PPCA,False,13,0.023866344783781114
indianapolis,25,0.5,250.0,4.0,781,PPCA,False,14,0.03981409404081132
indianapolis,25,0.5,250.0,4.0,781,PPCA,False,15,0.03938900891129128
indianapolis,25,0.5,250.0,4.0,781,PPCA,False,16,0.03257139871266886
indianapolis,25,0.5,250.0,4.0,781,PPCA,False,17,0.043648864419068206
indianapolis,25,0.5,250.0,4.0,781,PPCA,False,18,0.054968200061856834
indianapolis,25,0.5,250.0,4.0,781,PPCA,False,19,0.05788036034788073
indianapolis,25,0.5,250.0,4.0,781,PPCA,False,20,0.060528533386555144
indianapolis,25,0.5,250.0,4.0,781,PPCA,False,21,0.06301961012357565
indianapolis,25,0.5,250.0,4.0,781,PPCA,False,22,0.06648454634968197
indianapolis,25,0.5,250.0,4.0,781,PPCA,False,23,0.06677740409740977
indianapolis,25,0.5,250.0,4.0,781,PPCA,False,24,0.08207412430694423
indianapolis,25,0.5,250.0,4.0,781,PPCA,False,25,0.0893040089627156
indianapolis,25,0.5,250.0,4.0,781,PPCA,False,26,0.09347345114118352
indianapolis,25,0.5,250.0,4.0,781,PPCA,False,27,0.09740111028186663
indianapolis,25,0.5,250.0,4.0,781,PPCA,False,28,0.10533078294726932
indianapolis,25,0.5,250.0,4.0,781,PPCA,False,29,0.094392425986928
indianapolis,25,0.5,250.0,4.0,781,PPCA,False,30,0.11066001483238024
indianapolis,25,0.5,250.0,4.0,781,PPCA,True,1,0.01101147348515437
indianapolis,25,0.5,250.0,4.0,781,PPCA,True,2,0.002395113248406555
indianapolis,25,0.5,250.0,4.0,781,PPCA,True,3,0.0029157089064276785
indianapolis,25,0.5,250.0,4.0,781,PPCA,True,4,0.0016369022428358428
indianapolis,25,0.5,250.0,4.0,781,PPCA,True,5,0.0022201472775636314
indianapolis,25,0.5,250.0,4.0,781,PPCA,True,6,0.0009174666376336116
indianapolis,25,0.5,250.0,4.0,781,PPCA,True,7,0.017399581849459892
indianapolis,25,0.5,250.0,4.0,781,PPCA,True,8,0.017515943369521832
indianapolis,25,0.5,250.0,4.0,781,PPCA,True,9,0.014640245693084895
indianapolis,25,0.5,250.0,4.0,781,PPCA,True,10,0.01340777805389408
indianapolis,25,0.5,250.0,4.0,781,PPCA,True,11,0.014711330463759283
indianapolis,25,0.5,250.0,4.0,781,PPCA,True,12,0.025028413109120726
indianapolis,25,0.5,250.0,4.0,781,PPCA,True,13,0.023552300229924168
indianapolis,25,0.5,250.0,4.0,781,PPCA,True,14,0.03932099205322645
indianapolis,25,0.5,250.0,4.0,781,PPCA,True,15,0.0389631421602162
indianapolis,25,0.5,250.0,4.0,781,PPCA,True,16,0.03217474263717453
indianapolis,25,0.5,250.0,4.0,781,PPCA,True,17,0.04313550791642251
indianapolis,25,0.5,250.0,4.0,781,PPCA,True,18,0.054443046662813736
indianapolis,25,0.5,250.0,4.0,781,PPCA,True,19,0.05751451888001976
indianapolis,25,0.5,250.0,4.0,781,PPCA,True,20,0.060036031114372314
indianapolis,25,0.5,250.0,4.0,781,PPCA,True,21,0.06257646394474968
indianapolis,25,0.5,250.0,4.0,781,PPCA,True,22,0.06604725744560998
indianapolis,25,0.5,250.0,4.0,781,PPCA,True,23,0.06649448081213358
indianapolis,25,0.5,250.0,4.0,781,PPCA,True,24,0.08171475556144285
indianapolis,25,0.5,250.0,4.0,781,PPCA,True,25,0.08889277101289716
indianapolis,25,0.5,250.0,4.0,781,PPCA,True,26,0.09297718890425712
indianapolis,25,0.5,250.0,4.0,781,PPCA,True,27,0.09696103841671272
indianapolis,25,0.5,250.0,4.0,781,PPCA,True,28,0.10485503931542912
indianapolis,25,0.5,250.0,4.0,781,PPCA,True,29,0.09407661892691103
indianapolis,25,0.5,250.0,4.0,781,PPCA,True,30,0.11030010021323526
indianapolis,25,0.5,100000.0,0.01,617,rSC,False,1,0.013440368026113475
indianapolis,25,0.5,100000.0,0.01,617,rSC,False,2,0.012174523938509327
indianapolis,25,0.5,100000.0,0.01,617,rSC,False,3,0.005478202138928381
indianapolis,25,0.5,100000.0,0.01,617,rSC,False,4,0.0011325459504148137
indianapolis,25,0.5,100000.0,0.01,617,rSC,False,5,0.014457358312871817
indianapolis,25,0.5,100000.0,0.01,617,rSC,False,6,0.017435318160476904
indianapolis,25,0.5,100000.0,0.01,617,rSC,False,7,0.030634749852147567
indianapolis,25,0.5,100000.0,0.01,617,rSC,False,8,0.034226702510095235
indianapolis,25,0.5,100000.0,0.01,617,rSC,False,9,0.046754048567881686
indianapolis,25,0.5,100000.0,0.01,617,rSC,False,10,0.03508932310231645
indianapolis,25,0.5,100000.0,0.01,617,rSC,False,11,0.029660152967934252
indianapolis,25,0.5,100000.0,0.01,617,rSC,False,12,0.042805965504812755
indianapolis,25,0.5,100000.0,0.01,617,rSC,False,13,0.047747140835805175
indianapolis,25,0.5,100000.0,0.01,617,rSC,False,14,0.04216789589255884
indianapolis,25,0.5,100000.0,0.01,617,rSC,False,15,0.04452175212980625
indianapolis,25,0.5,100000.0,0.01,617,rSC,False,16,0.0611339803849427
indianapolis,25,0.5,100000.0,0.01,617,rSC,False,17,0.06205003162843358
indianapolis,25,0.5,100000.0,0.01,617,rSC,False,18,0.0663930851579013
indianapolis,25,0.5,100000.0,0.01,617,rSC,False,19,0.08842934580179539
indianapolis,25,0.5,100000.0,0.01,617,rSC,False,20,0.07187266561228824
indianapolis,25,0.5,100000.0,0.01,617,rSC,False,21,0.08350631520658937
indianapolis,25,0.5,100000.0,0.01,617,rSC,False,22,0.09226742370539062
indianapolis,25,0.5,100000.0,0.01,617,rSC,False,23,0.08924825997302692
indianapolis,25,0.5,100000.0,0.01,617,rSC,False,24,0.09304976154549205
indianapolis,25,0.5,100000.0,0.01,617,rSC,False,25,0.11039701414560872
indianapolis,25,0.5,100000.0,0.01,617,rSC,False,26,0.10685289226204434
indianapolis,25,0.5,100000.0,0.01,617,rSC,False,27,0.10431307993065352
indianapolis,25,0.5,100000.0,0.01,617,rSC,False,28,0.13738390942149026
indianapolis,25,0.5,100000.0,0.01,617,rSC,False,29,0.12786931396268175
indianapolis,25,0.5,100000.0,0.01,617,rSC,False,30,0.13644962024325286
indianapolis,25,0.5,100000.0,0.01,617,rSC,True,1,0.013440368026113475
indianapolis,25,0.5,100000.0,0.01,617,rSC,True,2,0.012174523938509327
indianapolis,25,0.5,100000.0,0.01,617,rSC,True,3,0.005478202138928381
indianapolis,25,0.5,100000.0,0.01,617,rSC,True,4,0.0011325459504148137
indianapolis,25,0.5,100000.0,0.01,617,rSC,True,5,0.014457358312871817
indianapolis,25,0.5,100000.0,0.01,617,rSC,True,6,0.017435318160476904
indianapolis,25,0.5,100000.0,0.01,617,rSC,True,7,0.030634749852147567
indianapolis,25,0.5,100000.0,0.01,617,rSC,True,8,0.034226702510095235
indianapolis,25,0.5,100000.0,0.01,617,rSC,True,9,0.046754048567881686
indianapolis,25,0.5,100000.0,0.01,617,rSC,True,10,0.03508932310231645
indianapolis,25,0.5,100000.0,0.01,617,rSC,True,11,0.029660152967934252
indianapolis,25,0.5,100000.0,0.01,617,rSC,True,12,0.042805965504812755
indianapolis,25,0.5,100000.0,0.01,617,rSC,True,13,0.047747140835805175
indianapolis,25,0.5,100000.0,0.01,617,rSC,True,14,0.04216789589255884
indianapolis,25,0.5,100000.0,0.01,617,rSC,True,15,0.04452175212980625
indianapolis,25,0.5,100000.0,0.01,617,rSC,True,16,0.0611339803849427
indianapolis,25,0.5,100000.0,0.01,617,rSC,True,17,0.06205003162843358
indianapolis,25,0.5,100000.0,0.01,617,rSC,True,18,0.0663930851579013
indianapolis,25,0.5,100000.0,0.01,617,rSC,True,19,0.08842934580179539
indianapolis,25,0.5,100000.0,0.01,617,rSC,True,20,0.07187266561228824
indianapolis,25,0.5,100000.0,0.01,617,rSC,True,21,0.08350631520658937
indianapolis,25,0.5,100000.0,0.01,617,rSC,True,22,0.09226742370539062
indianapolis,25,0.5,100000.0,0.01,617,rSC,True,23,0.08924825997302692
indianapolis,25,0.5,100000.0,0.01,617,rSC,True,24,0.09304976154549205
indianapolis,25,0.5,100000.0,0.01,617,rSC,True,25,0.11039701414560872
indianapolis,25,0.5,100000.0,0.01,617,rSC,True,26,0.10685289226204434
indianapolis,25,0.5,100000.0,0.01,617,rSC,True,27,0.10431307993065352
indianapolis,25,0.5,100000.0,0.01,617,rSC,True,28,0.13738390942149026
indianapolis,25,0.5,100000.0,0.01,617,rSC,True,29,0.12786931396268175
indianapolis,25,0.5,100000.0,0.01,617,rSC,True,30,0.13644962024325286
indianapolis,25,0.5,100000.0,0.01,617,GAP,False,1,0.001749513586953878
indianapolis,25,0.5,100000.0,0.01,617,GAP,False,2,0.0037858223671953647
indianapolis,25,0.5,100000.0,0.01,617,GAP,False,3,0.0017105849365839066
indianapolis,25,0.5,100000.0,0.01,617,GAP,False,4,0.008657495121853317
indianapolis,25,0.5,100000.0,0.01,617,GAP,False,5,0.012935753836082814
indianapolis,25,0.5,100000.0,0.01,617,GAP,False,6,0.010291588659271026
indianapolis,25,0.5,100000.0,0.01,617,GAP,False,7,0.017732776365424165
indianapolis,25,0.5,100000.0,0.01,617,GAP,False,8,0.0017879707640357228
indianapolis,25,0.5,100000.0,0.01,617,GAP,False,9,0.009642300137119093
indianapolis,25,0.5,100000.0,0.01,617,GAP,False,10,0.008153517875569019
indianapolis,25,0.5,100000.0,0.01,617,GAP,False,11,0.011264575917973491
indianapolis,25,0.5,100000.0,0.01,617,GAP,False,12,0.014839046941904722
indianapolis,25,0.5,100000.0,0.01,617,GAP,False,13,0.0032230456645825707
indianapolis,25,0.5,100000.0,0.01,617,GAP,False,14,0.007504832975261051
indianapolis,25,0.5,100000.0,0.01,617,GAP,False,15,0.004905537936945192
indianapolis,25,0.5,100000.0,0.01,617,GAP,False,16,0.0023615121147339433
indianapolis,25,0.5,100000.0,0.01,617,GAP,False,17,0.0026310605102572537
indianapolis,25,0.5,100000.0,0.01,617,GAP,False,18,0.0024266541199895867
indianapolis,25,0.5,100000.0,0.01,617,GAP,False,19,0.015539976300420534
indianapolis,25,0.5,100000.0,0.01,617,GAP,False,20,0.002754209298384784
indianapolis,25,0.5,100000.0,0.01,617,GAP,False,21,0.008191906019400641
indianapolis,25,0.5,100000.0,0.01,617,GAP,False,22,0.012107453574710395
indianapolis,25,0.5,100000.0,0.01,617,GAP,False,23,0.010681160507598063
indianapolis,25,0.5,100000.0,0.01,617,GAP,False,24,0.005996889671975101
indianapolis,25,0.5,100000.0,0.01,617,GAP,False,25,0.01210430339039574
indianapolis,25,0.5,100000.0,0.01,617,GAP,False,26,0.00822628210761129
indianapolis,25,0.5,100000.0,0.01,617,GAP,False,27,0.000646706983710627
indianapolis,25,0.5,100000.0,0.01,617,GAP,False,28,0.001718498438246493
indianapolis,25,0.5,100000.0,0.01,617,GAP,False,29,0.01310148943822669
indianapolis,25,0.5,100000.0,0.01,617,GAP,False,30,0.02493774449398232
indianapolis,25,0.5,100000.0,0.01,617,GAP,True,1,0.006218287534087953
indianapolis,25,0.5,100000.0,0.01,617,GAP,True,2,0.009356589073509171
indianapolis,25,0.5,100000.0,0.01,617,GAP,True,3,0.00018656269731725833
indianapolis,25,0.5,100000.0,0.01,617,GAP,True,4,0.001627436587334759
indianapolis,25,0.5,100000.0,0.01,617,GAP,True,5,0.015830249582218573
indianapolis,25,0.5,100000.0,0.01,617,GAP,True,6,0.0037770459722219537
indianapolis,25,0.5,100000.0,0.01,617,GAP,True,7,0.010624295540770271
indianapolis,25,0.5,100000.0,0.01,617,GAP,True,8,0.007018928613944845
indianapolis,25,0.5,100000.0,0.01,617,GAP,True,9,0.00015658756640921396
indianapolis,25,0.5,100000.0,0.01,617,GAP,True,10,0.01757320059951798
indianapolis,25,0.5,100000.0,0.01,617,GAP,True,11,0.0002863599339012859
indianapolis,25,0.5,100000.0,0.01,617,GAP,True,12,0.0075925210671097245
indianapolis,25,0.5,100000.0,0.01,617,GAP,True,13,0.006354714058086679
indianapolis,25,0.5,100000.0,0.01,617,GAP,True,14,0.0044407960686088715
indianapolis,25,0.5,100000.0,0.01,617,GAP,True,15,0.003951026133264998
indianapolis,25,0.5,100000.0,0.01,617,GAP,True,16,0.012089863754795049
indianapolis,25,0.5,100000.0,0.01,617,GAP,True,17,0.008617818717211626
indianapolis,25,0.5,100000.0,0.01,617,GAP,True,18,0.007896512881016109
indianapolis,25,0.5,100000.0,0.01,617,GAP,True,19,0.018939137401464017
indianapolis,25,0.5,100000.0,0.01,617,GAP,True,20,0.0026536978817442514
indianapolis,25,0.5,100000.0,0.01,617,GAP,True,21,0.0021549634824352387
indianapolis,25,0.5,100000.0,0.01,617,GAP,True,22,0.02175040850425312
indianapolis,25,0.5,100000.0,0.01,617,GAP,True,23,0.0029910938550080195
indianapolis,25,0.5,100000.0,0.01,617,GAP,True,24,0.0001329620996679427
indianapolis,25,0.5,100000.0,0.01,617,GAP,True,25,0.02126576308795792
indianapolis,25,0.5,100000.0,0.01,617,GAP,True,26,0.0002395769758418423
indianapolis,25,0.5,100000.0,0.01,617,GAP,True,27,0.005023211107761252
indianapolis,25,0.5,100000.0,0.01,617,GAP,True,28,0.008708011201558983
indianapolis,25,0.5,100000.0,0.01,617,GAP,True,29,0.020386433029790953
indianapolis,25,0.5,100000.0,0.01,617,GAP,True,30,0.033624161372718384
indianapolis,25,0.5,100000.0,0.01,617,PPCA,False,1,0.015813959856460752
indianapolis,25,0.5,100000.0,0.01,617,PPCA,False,2,0.017990670333590024
indianapolis,25,0.5,100000.0,0.01,617,PPCA,False,3,0.0024925810390463705
indianapolis,25,0.5,100000.0,0.01,617,PPCA,False,4,7.776051158430855e-05
indianapolis,25,0.5,100000.0,0.01,617,PPCA,False,5,0.017826205361257386
indianapolis,25,0.5,100000.0,0.01,617,PPCA,False,6,0.017726580049588256
indianapolis,25,0.5,100000.0,0.01,617,PPCA,False,7,0.036184915182535624
indianapolis,25,0.5,100000.0,0.01,617,PPCA,False,8,0.04017921021290902
indianapolis,25,0.5,100000.0,0.01,617,PPCA,False,9,0.04875431886607289
indianapolis,25,0.5,100000.0,0.01,617,PPCA,False,10,0.03745485260180025
indianapolis,25,0.5,100000.0,0.01,617,PPCA,False,11,0.029994016971892752
indianapolis,25,0.5,100000.0,0.01,617,PPCA,False,12,0.04331479778172042
indianapolis,25,0.5,100000.0,0.01,617,PPCA,False,13,0.0458518346606425
indianapolis,25,0.5,100000.0,0.01,617,PPCA,False,14,0.039414482312368986
indianapolis,25,0.5,100000.0,0.01,617,PPCA,False,15,0.03543196625098621
indianapolis,25,0.5,100000.0,0.01,617,PPCA,False,16,0.05371493017959911
indianapolis,25,0.5,100000.0,0.01,617,PPCA,False,17,0.05743672645208183
indianapolis,25,0.5,100000.0,0.01,617,PPCA,False,18,0.06259236496997593
indianapolis,25,0.5,100000.0,0.01,617,PPCA,False,19,0.08721366708131748
indianapolis,25,0.5,100000.0,0.01,617,PPCA,False,20,0.06741561791805534
indianapolis,25,0.5,100000.0,0.01,617,PPCA,False,21,0.08410281295573524
indianapolis,25,0.5,100000.0,0.01,617,PPCA,False,22,0.0841318856102226
indianapolis,25,0.5,100000.0,0.01,617,PPCA,False,23,0.08341353140776722
indianapolis,25,0.5,100000.0,0.01,617,PPCA,False,24,0.08648225482004929
indianapolis,25,0.5,100000.0,0.01,617,PPCA,False,25,0.10415191068667913
indianapolis,25,0.5,100000.0,0.01,617,PPCA,False,26,0.10188672557734015
indianapolis,25,0.5,100000.0,0.01,617,PPCA,False,27,0.09356137391377141
indianapolis,25,0.5,100000.0,0.01,617,PPCA,False,28,0.1317772174322164
indianapolis,25,0.5,100000.0,0.01,617,PPCA,False,29,0.11785306034578015
indianapolis,25,0.5,100000.0,0.01,617,PPCA,False,30,0.13604348501479355
indianapolis,25,0.5,100000.0,0.01,617,PPCA,True,1,0.014764304500439987
indianapolis,25,0.5,100000.0,0.01,617,PPCA,True,2,0.016841580423209733
indianapolis,25,0.5,100000.0,0.01,617,PPCA,True,3,0.0022177988666525175
indianapolis,25,0.5,100000.0,0.01,617,PPCA,True,4,0.0012391750961349638
indianapolis,25,0.5,100000.0,0.01,617,PPCA,True,5,0.017138021689798607
indianapolis,25,0.5,100000.0,0.01,617,PPCA,True,6,0.016024135258897256
indianapolis,25,0.5,100000.0,0.01,617,PPCA,True,7,0.03403111315037396
indianapolis,25,0.5,100000.0,0.01,617,PPCA,True,8,0.038203585469866734
indianapolis,25,0.5,100000.0,0.01,617,PPCA,True,9,0.045672204980554035
indianapolis,25,0.5,100000.0,0.01,617,PPCA,True,10,0.03575840773906409
indianapolis,25,0.5,100000.0,0.01,617,PPCA,True,11,0.02726241136187178
indianapolis,25,0.5,100000.0,0.01,617,PPCA,True,12,0.04036308480602286
indianapolis,25,0.5,100000.0,0.01,617,PPCA,True,13,0.042947182970735055
indianapolis,25,0.5,100000.0,0.01,617,PPCA,True,14,0.037296637514580185
indianapolis,25,0.5,100000.0,0.01,617,PPCA,True,15,0.032692050013892165
indianapolis,25,0.5,100000.0,0.01,617,PPCA,True,16,0.050962466318971916
indianapolis,25,0.5,100000.0,0.01,617,PPCA,True,17,0.05483809806345075
indianapolis,25,0.5,100000.0,0.01,617,PPCA,True,18,0.05973970782816411
indianapolis,25,0.5,100000.0,0.01,617,PPCA,True,19,0.08497690005267261
indianapolis,25,0.5,100000.0,0.01,617,PPCA,True,20,0.06456416265699334
indianapolis,25,0.5,100000.0,0.01,617,PPCA,True,21,0.08076847713528316
indianapolis,25,0.5,100000.0,0.01,617,PPCA,True,22,0.08052668180598413
indianapolis,25,0.5,100000.0,0.01,617,PPCA,True,23,0.07979807834071187
indianapolis,25,0.5,100000.0,0.01,617,PPCA,True,24,0.08325977348458578
indianapolis,25,0.5,100000.0,0.01,617,PPCA,True,25,0.10025450859624828
indianapolis,25,0.5,100000.0,0.01,617,PPCA,True,26,0.09804870410029547
indianapolis,25,0.5,100000.0,0.01,617,PPCA,True,27,0.09046695515225701
indianapolis,25,0.5,100000.0,0.01,617,PPCA,True,28,0.12688521031298855
indianapolis,25,0.5,100000.0,0.01,617,PPCA,True,29,0.11370026400614443
indianapolis,25,0.5,100000.0,0.01,617,PPCA,True,30,0.13219326266853912
indianapolis,25,0.5,100000.0,0.01,781,rSC,False,1,0.013845111797895089
indianapolis,25,0.5,100000.0,0.01,781,rSC,False,2,2.7577893145558878e-05
indianapolis,25,0.5,100000.0,0.01,781,rSC,False,3,0.0029221300167160515
indianapolis,25,0.5,100000.0,0.01,781,rSC,False,4,0.003404052319712553
indianapolis,25,0.5,100000.0,0.01,781,rSC,False,5,0.0015071626139665595
indianapolis,25,0.5,100000.0,0.01,781,rSC,False,6,0.0013616389439666042
indianapolis,25,0.5,100000.0,0.01,781,rSC,False,7,0.01674294996184083
indianapolis,25,0.5,100000.0,0.01,781,rSC,False,8,0.018145619664910503
indianapolis,25,0.5,100000.0,0.01,781,rSC,False,9,0.018213946566364075
indianapolis,25,0.5,100000.0,0.01,781,rSC,False,10,0.021571844489366394
indianapolis,25,0.5,100000.0,0.01,781,rSC,False,11,0.016168174834242825
indianapolis,25,0.5,100000.0,0.01,781,rSC,False,12,0.019804559592712014
indianapolis,25,0.5,100000.0,0.01,781,rSC,False,13,0.025540779822899613
indianapolis,25,0.5,100000.0,0.01,781,rSC,False,14,0.04480666462537771
indianapolis,25,0.5,100000.0,0.01,781,rSC,False,15,0.040086466800205556
indianapolis,25,0.5,100000.0,0.01,781,rSC,False,16,0.03458886049214478
indianapolis,25,0.5,100000.0,0.01,781,rSC,False,17,0.04097944815322944
indianapolis,25,0.5,100000.0,0.01,781,rSC,False,18,0.052948485457533674
indianapolis,25,0.5,100000.0,0.01,781,rSC,False,19,0.06029261588978545
indianapolis,25,0.5,100000.0,0.01,781,rSC,False,20,0.06997240286976505
indianapolis,25,0.5,100000.0,0.01,781,rSC,False,21,0.06775150613489067
indianapolis,25,0.5,100000.0,0.01,781,rSC,False,22,0.07233960282612142
indianapolis,25,0.5,100000.0,0.01,781,rSC,False,23,0.07796006755859984
indianapolis,25,0.5,100000.0,0.01,781,rSC,False,24,0.08588255051933669
indianapolis,25,0.5,100000.0,0.01,781,rSC,False,25,0.09581813826646561
indianapolis,25,0.5,100000.0,0.01,781,rSC,False,26,0.1023445272276482
indianapolis,25,0.5,100000.0,0.01,781,rSC,False,27,0.10590507817307705
indianapolis,25,0.5,100000.0,0.01,781,rSC,False,28,0.12331936696727488
indianapolis,25,0.5,100000.0,0.01,781,rSC,False,29,0.1112945375900994
indianapolis,25,0.5,100000.0,0.01,781,rSC,False,30,0.12714262311728888
indianapolis,25,0.5,100000.0,0.01,781,rSC,True,1,0.013845111797895089
indianapolis,25,0.5,100000.0,0.01,781,rSC,True,2,2.7577893145558878e-05
indianapolis,25,0.5,100000.0,0.01,781,rSC,True,3,0.0029221300167160515
indianapolis,25,0.5,100000.0,0.01,781,rSC,True,4,0.003404052319712553
indianapolis,25,0.5,100000.0,0.01,781,rSC,True,5,0.0015071626139665595
indianapolis,25,0.5,100000.0,0.01,781,rSC,True,6,0.0013616389439666042
indianapolis,25,0.5,100000.0,0.01,781,rSC,True,7,0.01674294996184083
indianapolis,25,0.5,100000.0,0.01,781,rSC,True,8,0.018145619664910503
indianapolis,25,0.5,100000.0,0.01,781,rSC,True,9,0.018213946566364075
indianapolis,25,0.5,100000.0,0.01,781,rSC,True,10,0.021571844489366394
indianapolis,25,0.5,100000.0,0.01,781,rSC,True,11,0.016168174834242825
indianapolis,25,0.5,100000.0,0.01,781,rSC,True,12,0.019804559592712014
indianapolis,25,0.5,100000.0,0.01,781,rSC,True,13,0.025540779822899613
indianapolis,25,0.5,100000.0,0.01,781,rSC,True,14,0.04480666462537771
indianapolis,25,0.5,100000.0,0.01,781,rSC,True,15,0.040086466800205556
indianapolis,25,0.5,100000.0,0.01,781,rSC,True,16,0.03458886049214478
indianapolis,25,0.5,100000.0,0.01,781,rSC,True,17,0.04097944815322944
indianapolis,25,0.5,100000.0,0.01,781,rSC,True,18,0.052948485457533674
indianapolis,25,0.5,100000.0,0.01,781,rSC,True,19,0.06029261588978545
indianapolis,25,0.5,100000.0,0.01,781,rSC,True,20,0.06997240286976505
indianapolis,25,0.5,100000.0,0.01,781,rSC,True,21,0.06775150613489067
indianapolis,25,0.5,100000.0,0.01,781,rSC,True,22,0.07233960282612142
indianapolis,25,0.5,100000.0,0.01,781,rSC,True,23,0.07796006755859984
indianapolis,25,0.5,100000.0,0.01,781,rSC,True,24,0.08588255051933669
indianapolis,25,0.5,100000.0,0.01,781,rSC,True,25,0.09581813826646561
indianapolis,25,0.5,100000.0,0.01,781,rSC,True,26,0.1023445272276482
indianapolis,25,0.5,100000.0,0.01,781,rSC,True,27,0.10590507817307705
indianapolis,25,0.5,100000.0,0.01,781,rSC,True,28,0.12331936696727488
indianapolis,25,0.5,100000.0,0.01,781,rSC,True,29,0.1112945375900994
indianapolis,25,0.5,100000.0,0.01,781,rSC,True,30,0.12714262311728888
indianapolis,25,0.5,100000.0,0.01,781,GAP,False,1,0.014792509743940963
indianapolis,25,0.5,100000.0,0.01,781,GAP,False,2,0.015048047506906463
indianapolis,25,0.5,100000.0,0.01,781,GAP,False,3,0.026548774236371774
indianapolis,25,0.5,100000.0,0.01,781,GAP,False,4,0.010361473032194183
indianapolis,25,0.5,100000.0,0.01,781,GAP,False,5,0.022866749300290822
indianapolis,25,0.5,100000.0,0.01,781,GAP,False,6,0.009919113897225185
indianapolis,25,0.5,100000.0,0.01,781,GAP,False,7,0.016517632075306297
indianapolis,25,0.5,100000.0,0.01,781,GAP,False,8,0.009722906635121055
indianapolis,25,0.5,100000.0,0.01,781,GAP,False,9,0.005586661671118179
indianapolis,25,0.5,100000.0,0.01,781,GAP,False,10,0.00022701484193769046
indianapolis,25,0.5,100000.0,0.01,781,GAP,False,11,0.015445457707827223
indianapolis,25,0.5,100000.0,0.01,781,GAP,False,12,0.001328731196398821
indianapolis,25,0.5,100000.0,0.01,781,GAP,False,13,0.0037796360863081462
indianapolis,25,0.5,100000.0,0.01,781,GAP,False,14,0.011074672535102406
indianapolis,25,0.5,100000.0,0.01,781,GAP,False,15,0.013107634657113962
indianapolis,25,0.5,100000.0,0.01,781,GAP,False,16,0.009455031811535074
indianapolis,25,0.5,100000.0,0.01,781,GAP,False,17,0.01507763963446738
indianapolis,25,0.5,100000.0,0.01,781,GAP,False,18,0.030786890168464198
indianapolis,25,0.5,100000.0,0.01,781,GAP,False,19,0.029600330588149495
indianapolis,25,0.5,100000.0,0.01,781,GAP,False,20,0.027815740312343157
indianapolis,25,0.5,100000.0,0.01,781,GAP,False,21,0.019355861059464276
indianapolis,25,0.5,100000.0,0.01,781,GAP,False,22,0.03957383287821752
indianapolis,25,0.5,100000.0,0.01,781,GAP,False,23,0.03154785962753457
indianapolis,25,0.5,100000.0,0.01,781,GAP,False,24,0.040528953549494436
indianapolis,25,0.5,100000.0,0.01,781,GAP,False,25,0.048384314896507234
indianapolis,25,0.5,100000.0,0.01,781,GAP,False,26,0.04203759069549964
indianapolis,25,0.5,100000.0,0.01,781,GAP,False,27,0.05580360711452511
indianapolis,25,0.5,100000.0,0.01,781,GAP,False,28,0.04842266694035491
indianapolis,25,0.5,100000.0,0.01,781,GAP,False,29,0.05913355026724914
indianapolis,25,0.5,100000.0,0.01,781,GAP,False,30,0.05671902254386307
indianapolis,25,0.5,100000.0,0.01,781,GAP,True,1,0.015069749261624606
indianapolis,25,0.5,100000.0,0.01,781,GAP,True,2,0.012610551820403647
indianapolis,25,0.5,100000.0,0.01,781,GAP,True,3,0.026027962960575704
indianapolis,25,0.5,100000.0,0.01,781,GAP,True,4,0.007900865212993888
indianapolis,25,0.5,100000.0,0.01,781,GAP,True,5,0.023690422245759638
indianapolis,25,0.5,100000.0,0.01,781,GAP,True,6,0.007273397303334111
indianapolis,25,0.5,100000.0,0.01,781,GAP,True,7,0.017143122429271407
indianapolis,25,0.5,100000.0,0.01,781,GAP,True,8,0.013139320726088062
indianapolis,25,0.5,100000.0,0.01,781,GAP,True,9,0.002982900280150784
indianapolis,25,0.5,100000.0,0.01,781,GAP,True,10,0.00413076690835268
indianapolis,25,0.5,100000.0,0.01,781,GAP,True,11,0.010314151679410835
indianapolis,25,0.5,100000.0,0.01,781,GAP,True,12,0.0017636611019146257
indianapolis,25,0.5,100000.0,0.01,781,GAP,True,13,0.0068883194469448565
indianapolis,25,0.5,100000.0,0.01,781,GAP,True,14,0.007207986765472036
indianapolis,25,0.5,100000.0,0.01,781,GAP,True,15,0.01766676902869856
indianapolis,25,0.5,100000.0,0.01,781,GAP,True,16,0.016358454599957682
indianapolis,25,0.5,100000.0,0.01,781,GAP,True,17,0.02177938661365154
indianapolis,25,0.5,100000.0,0.01,781,GAP,True,18,0.039899662271837326
indianapolis,25,0.5,100000.0,0.01,781,GAP,True,19,0.037006349187085556
indianapolis,25,0.5,100000.0,0.01,781,GAP,True,20,0.03817321240774127
indianapolis,25,0.5,100000.0,0.01,781,GAP,True,21,0.026725998078094008
indianapolis,25,0.5,100000.0,0.01,781,GAP,True,22,0.04931742666766808
indianapolis,25,0.5,100000.0,0.01,781,GAP,True,23,0.03851561640065999
indianapolis,25,0.5,100000.0,0.01,781,GAP,True,24,0.047943933813620054
indianapolis,25,0.5,100000.0,0.01,781,GAP,True,25,0.05747821762267611
indianapolis,25,0.5,100000.0,0.01,781,GAP,True,26,0.05360056153936411
indianapolis,25,0.5,100000.0,0.01,781,GAP,True,27,0.0674520619163805
indianapolis,25,0.5,100000.0,0.01,781,GAP,True,28,0.0621508371663155
indianapolis,25,0.5,100000.0,0.01,781,GAP,True,29,0.07083658231886819
indianapolis,25,0.5,100000.0,0.01,781,GAP,True,30,0.06938471649600933
indianapolis,25,0.5,100000.0,0.01,781,PPCA,False,1,0.01409464668203009
indianapolis,25,0.5,100000.0,0.01,781,PPCA,False,2,0.0022152913662251
indianapolis,25,0.5,100000.0,0.01,781,PPCA,False,3,0.0023643735076387855
indianapolis,25,0.5,100000.0,0.01,781,PPCA,False,4,0.0028909242656420886
indianapolis,25,0.5,100000.0,0.01,781,PPCA,False,5,0.006191182573549751
indianapolis,25,0.5,100000.0,0.01,781,PPCA,False,6,0.003402213653248629
indianapolis,25,0.5,100000.0,0.01,781,PPCA,False,7,0.016756933795385415
indianapolis,25,0.5,100000.0,0.01,781,PPCA,False,8,0.01369837412316346
indianapolis,25,0.5,100000.0,0.01,781,PPCA,False,9,0.010673632333185995
indianapolis,25,0.5,100000.0,0.01,781,PPCA,False,10,0.007709266456866606
indianapolis,25,0.5,100000.0,0.01,781,PPCA,False,11,0.011173325060645061
indianapolis,25,0.5,100000.0,0.01,781,PPCA,False,12,0.017374861868041335
indianapolis,25,0.5,100000.0,0.01,781,PPCA,False,13,0.016049124391084343
indianapolis,25,0.5,100000.0,0.01,781,PPCA,False,14,0.0344214088053574
indianapolis,25,0.5,100000.0,0.01,781,PPCA,False,15,0.029577169574400087
indianapolis,25,0.5,100000.0,0.01,781,PPCA,False,16,0.022795371970965178
indianapolis,25,0.5,100000.0,0.01,781,PPCA,False,17,0.03219922802091442
indianapolis,25,0.5,100000.0,0.01,781,PPCA,False,18,0.04574097876594006
indianapolis,25,0.5,100000.0,0.01,781,PPCA,False,19,0.0469882363309168
indianapolis,25,0.5,100000.0,0.01,781,PPCA,False,20,0.050860065757259224
indianapolis,25,0.5,100000.0,0.01,781,PPCA,False,21,0.05067523913786961
indianapolis,25,0.5,100000.0,0.01,781,PPCA,False,22,0.053511279889845886
indianapolis,25,0.5,100000.0,0.01,781,PPCA,False,23,0.05185723646932943
indianapolis,25,0.5,100000.0,0.01,781,PPCA,False,24,0.06814906063816659
indianapolis,25,0.5,100000.0,0.01,781,PPCA,False,25,0.07423861726482725
indianapolis,25,0.5,100000.0,0.01,781,PPCA,False,26,0.08023852713310353
indianapolis,25,0.5,100000.0,0.01,781,PPCA,False,27,0.08276856673680497
indianapolis,25,0.5,100000.0,0.01,781,PPCA,False,28,0.09234510634274613
indianapolis,25,0.5,100000.0,0.01,781,PPCA,False,29,0.07709803375941143
indianapolis,25,0.5,100000.0,0.01,781,PPCA,False,30,0.09395389447386497
indianapolis,25,0.5,100000.0,0.01,781,PPCA,True,1,0.012510634808922394
indianapolis,25,0.5,100000.0,0.01,781,PPCA,True,2,0.0026603912061544757
indianapolis,25,0.5,100000.0,0.01,781,PPCA,True,3,0.0031967913504089484
indianapolis,25,0.5,100000.0,0.01,781,PPCA,True,4,0.0031852863619640827
indianapolis,25,0.5,100000.0,0.01,781,PPCA,True,5,0.005569659377127188
indianapolis,25,0.5,100000.0,0.01,781,PPCA,True,6,0.004128607193700355
indianapolis,25,0.5,100000.0,0.01,781,PPCA,True,7,0.014816003944999224
indianapolis,25,0.5,100000.0,0.01,781,PPCA,True,8,0.012664600145081185
indianapolis,25,0.5,100000.0,0.01,781,PPCA,True,9,0.009341312414186221
indianapolis,25,0.5,100000.0,0.01,781,PPCA,True,10,0.00656842973172065
indianapolis,25,0.5,100000.0,0.01,781,PPCA,True,11,0.008460697950969018
indianapolis,25,0.5,100000.0,0.01,781,PPCA,True,12,0.016144974724576197
indianapolis,25,0.5,100000.0,0.01,781,PPCA,True,13,0.014299679553398982
indianapolis,25,0.5,100000.0,0.01,781,PPCA,True,14,0.030600600655084787
indianapolis,25,0.5,100000.0,0.01,781,PPCA,True,15,0.02747320503212226
indianapolis,25,0.5,100000.0,0.01,781,PPCA,True,16,0.02020860714106626
indianapolis,25,0.5,100000.0,0.01,781,PPCA,True,17,0.029569492004359977
indianapolis,25,0.5,100000.0,0.01,781,PPCA,True,18,0.04142277054109281
indianapolis,25,0.5,100000.0,0.01,781,PPCA,True,19,0.04318620523923478
indianapolis,25,0.5,100000.0,0.01,781,PPCA,True,20,0.045677308354590385
indianapolis,25,0.5,100000.0,0.01,781,PPCA,True,21,0.046241360141383296
indianapolis,25,0.5,100000.0,0.01,781,PPCA,True,22,0.04880021920310918
indianapolis,25,0.5,100000.0,0.01,781,PPCA,True,23,0.04766643536085153
indianapolis,25,0.5,100000.0,0.01,781,PPCA,True,24,0.06270393403784201
indianapolis,25,0.5,100000.0,0.01,781,PPCA,True,25,0.06856434474604294
indianapolis,25,0.5,100000.0,0.01,781,PPCA,True,26,0.07298618712598494
indianapolis,25,0.5,100000.0,0.01,781,PPCA,True,27,0.0756420824124968
indianapolis,25,0.5,100000.0,0.01,781,PPCA,True,28,0.08368131201143539
indianapolis,25,0.5,100000.0,0.01,781,PPCA,True,29,0.07015045599498743
indianapolis,25,0.5,100000.0,0.01,781,PPCA,True,30,0.08589615591148948
indianapolis,25,1.0,250.0,4.0,617,rSC,False,1,0.019356906664505062
indianapolis,25,1.0,250.0,4.0,617,rSC,False,2,0.008419363794531728
indianapolis,25,1.0,250.0,4.0,617,rSC,False,3,0.011968338216508488
indianapolis,25,1.0,250.0,4.0,617,rSC,False,4,0.008600716738517113
indianapolis,25,1.0,250.0,4.0,617,rSC,False,5,0.00030758338551283807
indianapolis,25,1.0,250.0,4.0,617,rSC,False,6,0.008882447710875126
indianapolis,25,1.0,250.0,4.0,617,rSC,False,7,0.013631652435927509
indianapolis,25,1.0,250.0,4.0,617,rSC,False,8,0.0047521066293474004
indianapolis,25,1.0,250.0,4.0,617,rSC,False,9,0.02986345269284144
indianapolis,25,1.0,250.0,4.0,617,rSC,False,10,0.026464507725340435
indianapolis,25,1.0,250.0,4.0,617,rSC,False,11,0.05089194116862109
indianapolis,25,1.0,250.0,4.0,617,rSC,False,12,0.02788400658696384
indianapolis,25,1.0,250.0,4.0,617,rSC,False,13,0.020684809179149225
indianapolis,25,1.0,250.0,4.0,617,rSC,False,14,0.03345900238271973
indianapolis,25,1.0,250.0,4.0,617,rSC,False,15,0.0265159198054463
indianapolis,25,1.0,250.0,4.0,617,rSC,False,16,0.05573882145616179
indianapolis,25,1.0,250.0,4.0,617,rSC,False,17,0.03692836355068207
indianapolis,25,1.0,250.0,4.0,617,rSC,False,18,0.019968286640879282
indianapolis,25,1.0,250.0,4.0,617,rSC,False,19,0.06672980973639035
indianapolis,25,1.0,250.0,4.0,617,rSC,False,20,0.06637358673355623
indianapolis,25,1.0,250.0,4.0,617,rSC,False,21,0.06529690856543699
indianapolis,25,1.0,250.0,4.0,617,rSC,False,22,0.08971031756888861
indianapolis,25,1.0,250.0,4.0,617,rSC,False,23,0.05529435807437112
indianapolis,25,1.0,250.0,4.0,617,rSC,False,24,0.08869859787912791
indianapolis,25,1.0,250.0,4.0,617,rSC,False,25,0.12638785525636337
indianapolis,25,1.0,250.0,4.0,617,rSC,False,26,0.09951741265163075
indianapolis,25,1.0,250.0,4.0,617,rSC,False,27,0.10469806166012864
indianapolis,25,1.0,250.0,4.0,617,rSC,False,28,0.13205812118928448
indianapolis,25,1.0,250.0,4.0,617,rSC,False,29,0.11023824168236311
indianapolis,25,1.0,250.0,4.0,617,rSC,False,30,0.10891385633398393
indianapolis,25,1.0,250.0,4.0,617,rSC,True,1,0.019356906664505062
indianapolis,25,1.0,250.0,4.0,617,rSC,True,2,0.008419363794531728
indianapolis,25,1.0,250.0,4.0,617,rSC,True,3,0.011968338216508488
indianapolis,25,1.0,250.0,4.0,617,rSC,True,4,0.008600716738517113
indianapolis,25,1.0,250.0,4.0,617,rSC,True,5,0.00030758338551283807
indianapolis,25,1.0,250.0,4.0,617,rSC,True,6,0.008882447710875126
indianapolis,25,1.0,250.0,4.0,617,rSC,True,7,0.013631652435927509
indianapolis,25,1.0,250.0,4.0,617,rSC,True,8,0.0047521066293474004
indianapolis,25,1.0,250.0,4.0,617,rSC,True,9,0.02986345269284144
indianapolis,25,1.0,250.0,4.0,617,rSC,True,10,0.026464507725340435
indianapolis,25,1.0,250.0,4.0,617,rSC,True,11,0.05089194116862109
indianapolis,25,1.0,250.0,4.0,617,rSC,True,12,0.02788400658696384
indianapolis,25,1.0,250.0,4.0,617,rSC,True,13,0.020684809179149225
indianapolis,25,1.0,250.0,4.0,617,rSC,True,14,0.03345900238271973
indianapolis,25,1.0,250.0,4.0,617,rSC,True,15,0.0265159198054463
indianapolis,25,1.0,250.0,4.0,617,rSC,True,16,0.05573882145616179
indianapolis,25,1.0,250.0,4.0,617,rSC,True,17,0.03692836355068207
indianapolis,25,1.0,250.0,4.0,617,rSC,True,18,0.019968286640879282
indianapolis,25,1.0,250.0,4.0,617,rSC,True,19,0.06672980973639035
indianapolis,25,1.0,250.0,4.0,617,rSC,True,20,0.06637358673355623
indianapolis,25,1.0,250.0,4.0,617,rSC,True,21,0.06529690856543699
indianapolis,25,1.0,250.0,4.0,617,rSC,True,22,0.08971031756888861
indianapolis,25,1.0,250.0,4.0,617,rSC,True,23,0.05529435807437112
indianapolis,25,1.0,250.0,4.0,617,rSC,True,24,0.08869859787912791
indianapolis,25,1.0,250.0,4.0,617,rSC,True,25,0.12638785525636337
indianapolis,25,1.0,250.0,4.0,617,rSC,True,26,0.09951741265163075
indianapolis,25,1.0,250.0,4.0,617,rSC,True,27,0.10469806166012864
indianapolis,25,1.0,250.0,4.0,617,rSC,True,28,0.13205812118928448
indianapolis,25,1.0,250.0,4.0,617,rSC,True,29,0.11023824168236311
indianapolis,25,1.0,250.0,4.0,617,rSC,True,30,0.10891385633398393
indianapolis,25,1.0,250.0,4.0,617,GAP,False,1,0.032379758882687765
indianapolis,25,1.0,250.0,4.0,617,GAP,False,2,0.01469439095984015
indianapolis,25,1.0,250.0,4.0,617,GAP,False,3,0.01884978879332349
indianapolis,25,1.0,250.0,4.0,617,GAP,False,4,0.007877732580623563
indianapolis,25,1.0,250.0,4.0,617,GAP,False,5,0.032364103279415544
indianapolis,25,1.0,250.0,4.0,617,GAP,False,6,0.057869154796175666
indianapolis,25,1.0,250.0,4.0,617,GAP,False,7,0.0493123491726911
indianapolis,25,1.0,250.0,4.0,617,GAP,False,8,0.030247116578300915
indianapolis,25,1.0,250.0,4.0,617,GAP,False,9,0.038755429004701344
indianapolis,25,1.0,250.0,4.0,617,GAP,False,10,0.019857620997378738
indianapolis,25,1.0,250.0,4.0,617,GAP,False,11,0.018404320796638413
indianapolis,25,1.0,250.0,4.0,617,GAP,False,12,0.029130149653344903
indianapolis,25,1.0,250.0,4.0,617,GAP,False,13,0.03746124720259001
indianapolis,25,1.0,250.0,4.0,617,GAP,False,14,0.04304035147566049
indianapolis,25,1.0,250.0,4.0,617,GAP,False,15,0.05768774667002836
indianapolis,25,1.0,250.0,4.0,617,GAP,False,16,0.02360307919777594
indianapolis,25,1.0,250.0,4.0,617,GAP,False,17,0.04009813845995377
indianapolis,25,1.0,250.0,4.0,617,GAP,False,18,0.06308787984687667
indianapolis,25,1.0,250.0,4.0,617,GAP,False,19,0.04746954446869825
indianapolis,25,1.0,250.0,4.0,617,GAP,False,20,0.003057514606675043
indianapolis,25,1.0,250.0,4.0,617,GAP,False,21,0.03150185596775171
indianapolis,25,1.0,250.0,4.0,617,GAP,False,22,0.007000483586028819
indianapolis,25,1.0,250.0,4.0,617,GAP,False,23,0.017227041081304354
indianapolis,25,1.0,250.0,4.0,617,GAP,False,24,0.002996233368188127
indianapolis,25,1.0,250.0,4.0,617,GAP,False,25,0.03151237890036839
indianapolis,25,1.0,250.0,4.0,617,GAP,False,26,0.005177855161486772
indianapolis,25,1.0,250.0,4.0,617,GAP,False,27,0.020814033726733735
indianapolis,25,1.0,250.0,4.0,617,GAP,False,28,0.0012939726509205171
indianapolis,25,1.0,250.0,4.0,617,GAP,False,29,0.01009751896868434
indianapolis,25,1.0,250.0,4.0,617,GAP,False,30,0.02882399473529723
indianapolis,25,1.0,250.0,4.0,617,GAP,True,1,0.03105786101055544
indianapolis,25,1.0,250.0,4.0,617,GAP,True,2,0.008886212836987446
indianapolis,25,1.0,250.0,4.0,617,GAP,True,3,0.01944536343767411
indianapolis,25,1.0,250.0,4.0,617,GAP,True,4,0.0011334441495748832
indianapolis,25,1.0,250.0,4.0,617,GAP,True,5,0.027564372474035766
indianapolis,25,1.0,250.0,4.0,617,GAP,True,6,0.054864592926885045
indianapolis,25,1.0,250.0,4.0,617,GAP,True,7,0.04263775143916662
indianapolis,25,1.0,250.0,4.0,617,GAP,True,8,0.02096430389486115
indianapolis,25,1.0,250.0,4.0,617,GAP,True,9,0.02538801774904307
indianapolis,25,1.0,250.0,4.0,617,GAP,True,10,0.01216936205784284
indianapolis,25,1.0,250.0,4.0,617,GAP,True,11,0.007034427101914557
indianapolis,25,1.0,250.0,4.0,617,GAP,True,12,0.019976904075718598
indianapolis,25,1.0,250.0,4.0,617,GAP,True,13,0.03186266911420662
indianapolis,25,1.0,250.0,4.0,617,GAP,True,14,0.03163704892490271
indianapolis,25,1.0,250.0,4.0,617,GAP,True,15,0.048706465128636696
indianapolis,25,1.0,250.0,4.0,617,GAP,True,16,0.014908506453097894
indianapolis,25,1.0,250.0,4.0,617,GAP,True,17,0.03110046053742673
indianapolis,25,1.0,250.0,4.0,617,GAP,True,18,0.051190959099025574
indianapolis,25,1.0,250.0,4.0,617,GAP,True,19,0.03684991951004863
indianapolis,25,1.0,250.0,4.0,617,GAP,True,20,0.007531507615935398
indianapolis,25,1.0,250.0,4.0,617,GAP,True,21,0.02063066765929268
indianapolis,25,1.0,250.0,4.0,617,GAP,True,22,0.00843311708468295
indianapolis,25,1.0,250.0,4.0,617,GAP,True,23,0.0037235921268284184
indianapolis,25,1.0,250.0,4.0,617,GAP,True,24,0.00813499395511803
indianapolis,25,1.0,250.0,4.0,617,GAP,True,25,0.049959578542728894
indianapolis,25,1.0,250.0,4.0,617,GAP,True,26,0.008440334545705936
indianapolis,25,1.0,250.0,4.0,617,GAP,True,27,0.0348397943525529
indianapolis,25,1.0,250.0,4.0,617,GAP,True,28,0.01624285256595066
indianapolis,25,1.0,250.0,4.0,617,GAP,True,29,0.006086929208905031
indianapolis,25,1.0,250.0,4.0,617,GAP,True,30,0.04226125835894946
indianapolis,25,1.0,250.0,4.0,617,PPCA,False,1,0.02020232042271554
indianapolis,25,1.0,250.0,4.0,617,PPCA,False,2,0.011452560114814528
indianapolis,25,1.0,250.0,4.0,617,PPCA,False,3,0.013369045345677451
indianapolis,25,1.0,250.0,4.0,617,PPCA,False,4,0.006973575447309098
indianapolis,25,1.0,250.0,4.0,617,PPCA,False,5,0.0018483830330469015
indianapolis,25,1.0,250.0,4.0,617,PPCA,False,6,0.0077995111705340125
indianapolis,25,1.0,250.0,4.0,617,PPCA,False,7,0.012105177937068688
indianapolis,25,1.0,250.0,4.0,617,PPCA,False,8,0.010217831153035203
indianapolis,25,1.0,250.0,4.0,617,PPCA,False,9,0.03356219899259978
indianapolis,25,1.0,250.0,4.0,617,PPCA,False,10,0.027349151959292033
indianapolis,25,1.0,250.0,4.0,617,PPCA,False,11,0.04683342938450966
indianapolis,25,1.0,250.0,4.0,617,PPCA,False,12,0.032091396622488694
indianapolis,25,1.0,250.0,4.0,617,PPCA,False,13,0.02336668959197559
indianapolis,25,1.0,250.0,4.0,617,PPCA,False,14,0.035204847250124884
indianapolis,25,1.0,250.0,4.0,617,PPCA,False,15,0.028156211922608348
indianapolis,25,1.0,250.0,4.0,617,PPCA,False,16,0.05446880188507186
indianapolis,25,1.0,250.0,4.0,617,PPCA,False,17,0.04171286840930385
indianapolis,25,1.0,250.0,4.0,617,PPCA,False,18,0.026672069703003193
indianapolis,25,1.0,250.0,4.0,617,PPCA,False,19,0.06690103235365429
indianapolis,25,1.0,250.0,4.0,617,PPCA,False,20,0.07011807439643382
indianapolis,25,1.0,250.0,4.0,617,PPCA,False,21,0.0678499922016682
indianapolis,25,1.0,250.0,4.0,617,PPCA,False,22,0.09149716731958893
indianapolis,25,1.0,250.0,4.0,617,PPCA,False,23,0.06601205861462489
indianapolis,25,1.0,250.0,4.0,617,PPCA,False,24,0.09201851238562093
indianapolis,25,1.0,250.0,4.0,617,PPCA,False,25,0.12987752183169574
indianapolis,25,1.0,250.0,4.0,617,PPCA,False,26,0.10533258739953903
indianapolis,25,1.0,250.0,4.0,617,PPCA,False,27,0.10992446030698193
indianapolis,25,1.0,250.0,4.0,617,PPCA,False,28,0.133098545038872
indianapolis,25,1.0,250.0,4.0,617,PPCA,False,29,0.11204896065369604
indianapolis,25,1.0,250.0,4.0,617,PPCA,False,30,0.11729048969946196
indianapolis,25,1.0,250.0,4.0,617,PPCA,True,1,0.019375902738669605
indianapolis,25,1.0,250.0,4.0,617,PPCA,True,2,0.010107135316467012
indianapolis,25,1.0,250.0,4.0,617,PPCA,True,3,0.013848950465031679
indianapolis,25,1.0,250.0,4.0,617,PPCA,True,4,0.008477974566878354
indianapolis,25,1.0,250.0,4.0,617,PPCA,True,5,0.0006803777905637164
indianapolis,25,1.0,250.0,4.0,617,PPCA,True,6,0.006575892860116605
indianapolis,25,1.0,250.0,4.0,617,PPCA,True,7,0.013952514879718832
indianapolis,25,1.0,250.0,4.0,617,PPCA,True,8,0.012284742068491233
indianapolis,25,1.0,250.0,4.0,617,PPCA,True,9,0.036614102055249204
indianapolis,25,1.0,250.0,4.0,617,PPCA,True,10,0.029485622492014005
indianapolis,25,1.0,250.0,4.0,617,PPCA,True,11,0.04953328211844835
indianapolis,25,1.0,250.0,4.0,617,PPCA,True,12,0.034351896795338885
indianapolis,25,1.0,250.0,4.0,617,PPCA,True,13,0.025352949592871286
indianapolis,25,1.0,250.0,4.0,617,PPCA,True,14,0.0377983401531785
indianapolis,25,1.0,250.0,4.0,617,PPCA,True,15,0.03113314414357835
indianapolis,25,1.0,250.0,4.0,617,PPCA,True,16,0.057213370195055416
indianapolis,25,1.0,250.0,4.0,617,PPCA,True,17,0.044357690645000045
indianapolis,25,1.0,250.0,4.0,617,PPCA,True,18,0.02968236485175969
indianapolis,25,1.0,250.0,4.0,617,PPCA,True,19,0.07019253131306712
indianapolis,25,1.0,250.0,4.0,617,PPCA,True,20,0.07313944202122603
indianapolis,25,1.0,250.0,4.0,617,PPCA,True,21,0.07083601066375984
indianapolis,25,1.0,250.0,4.0,617,PPCA,True,22,0.09547696080984525
indianapolis,25,1.0,250.0,4.0,617,PPCA,True,23,0.06956694928646802
indianapolis,25,1.0,250.0,4.0,617,PPCA,True,24,0.09537393256838274
indianapolis,25,1.0,250.0,4.0,617,PPCA,True,25,0.13417256590355492
indianapolis,25,1.0,250.0,4.0,617,PPCA,True,26,0.10930259907136304
indianapolis,25,1.0,250.0,4.0,617,PPCA,True,27,0.11384741616350888
indianapolis,25,1.0,250.0,4.0,617,PPCA,True,28,0.13795507950140878
indianapolis,25,1.0,250.0,4.0,617,PPCA,True,29,0.11668890780712575
indianapolis,25,1.0,250.0,4.0,617,PPCA,True,30,0.12140803418122696
indianapolis,25,1.0,250.0,4.0,781,rSC,False,1,0.010199413168730584
indianapolis,25,1.0,250.0,4.0,781,rSC,False,2,0.011565098528956685
indianapolis,25,1.0,250.0,4.0,781,rSC,False,3,0.01562479139388987
indianapolis,25,1.0,250.0,4.0,781,rSC,False,4,0.015189412852840428
indianapolis,25,1.0,250.0,4.0,781,rSC,False,5,0.028676321281265568
indianapolis,25,1.0,250.0,4.0,781,rSC,False,6,0.011787591558385078
indianapolis,25,1.0,250.0,4.0,781,rSC,False,7,0.03388057488487979
indianapolis,25,1.0,250.0,4.0,781,rSC,False,8,0.027750630801388638
indianapolis,25,1.0,250.0,4.0,781,rSC,False,9,0.04862570287891027
indianapolis,25,1.0,250.0,4.0,781,rSC,False,10,0.0635539813643614
indianapolis,25,1.0,250.0,4.0,781,rSC,False,11,0.05532275356675508
indianapolis,25,1.0,250.0,4.0,781,rSC,False,12,0.03584740568183098
indianapolis,25,1.0,250.0,4.0,781,rSC,False,13,0.05729223194796081
indianapolis,25,1.0,250.0,4.0,781,rSC,False,14,0.05407771001591174
indianapolis,25,1.0,250.0,4.0,781,rSC,False,15,0.05849198856260151
indianapolis,25,1.0,250.0,4.0,781,rSC,False,16,0.05241394543635361
indianapolis,25,1.0,250.0,4.0,781,rSC,False,17,0.0574110750540683
indianapolis,25,1.0,250.0,4.0,781,rSC,False,18,0.06583324345334758
indianapolis,25,1.0,250.0,4.0,781,rSC,False,19,0.0980891713947669
indianapolis,25,1.0,250.0,4.0,781,rSC,False,20,0.10234329251500893
indianapolis,25,1.0,250.0,4.0,781,rSC,False,21,0.0907374714269836
indianapolis,25,1.0,250.0,4.0,781,rSC,False,22,0.10273845621548353
indianapolis,25,1.0,250.0,4.0,781,rSC,False,23,0.099467919935688
indianapolis,25,1.0,250.0,4.0,781,rSC,False,24,0.11496458006247433
indianapolis,25,1.0,250.0,4.0,781,rSC,False,25,0.11919701992899238
indianapolis,25,1.0,250.0,4.0,781,rSC,False,26,0.12424719373624059
indianapolis,25,1.0,250.0,4.0,781,rSC,False,27,0.11779231238348079
indianapolis,25,1.0,250.0,4.0,781,rSC,False,28,0.1660077255609241
indianapolis,25,1.0,250.0,4.0,781,rSC,False,29,0.12824573902909914
indianapolis,25,1.0,250.0,4.0,781,rSC,False,30,0.15428684317263847
indianapolis,25,1.0,250.0,4.0,781,rSC,True,1,0.010199413168730584
indianapolis,25,1.0,250.0,4.0,781,rSC,True,2,0.011565098528956685
indianapolis,25,1.0,250.0,4.0,781,rSC,True,3,0.01562479139388987
indianapolis,25,1.0,250.0,4.0,781,rSC,True,4,0.015189412852840428
indianapolis,25,1.0,250.0,4.0,781,rSC,True,5,0.028676321281265568
indianapolis,25,1.0,250.0,4.0,781,rSC,True,6,0.011787591558385078
indianapolis,25,1.0,250.0,4.0,781,rSC,True,7,0.03388057488487979
indianapolis,25,1.0,250.0,4.0,781,rSC,True,8,0.027750630801388638
indianapolis,25,1.0,250.0,4.0,781,rSC,True,9,0.04862570287891027
indianapolis,25,1.0,250.0,4.0,781,rSC,True,10,0.0635539813643614
indianapolis,25,1.0,250.0,4.0,781,rSC,True,11,0.05532275356675508
indianapolis,25,1.0,250.0,4.0,781,rSC,True,12,0.03584740568183098
indianapolis,25,1.0,250.0,4.0,781,rSC,True,13,0.05729223194796081
indianapolis,25,1.0,250.0,4.0,781,rSC,True,14,0.05407771001591174
indianapolis,25,1.0,250.0,4.0,781,rSC,True,15,0.05849198856260151
indianapolis,25,1.0,250.0,4.0,781,rSC,True,16,0.05241394543635361
indianapolis,25,1.0,250.0,4.0,781,rSC,True,17,0.0574110750540683
indianapolis,25,1.0,250.0,4.0,781,rSC,True,18,0.06583324345334758
indianapolis,25,1.0,250.0,4.0,781,rSC,True,19,0.0980891713947669
indianapolis,25,1.0,250.0,4.0,781,rSC,True,20,0.10234329251500893
indianapolis,25,1.0,250.0,4.0,781,rSC,True,21,0.0907374714269836
indianapolis,25,1.0,250.0,4.0,781,rSC,True,22,0.10273845621548353
indianapolis,25,1.0,250.0,4.0,781,rSC,True,23,0.099467919935688
indianapolis,25,1.0,250.0,4.0,781,rSC,True,24,0.11496458006247433
indianapolis,25,1.0,250.0,4.0,781,rSC,True,25,0.11919701992899238
indianapolis,25,1.0,250.0,4.0,781,rSC,True,26,0.12424719373624059
indianapolis,25,1.0,250.0,4.0,781,rSC,True,27,0.11779231238348079
indianapolis,25,1.0,250.0,4.0,781,rSC,True,28,0.1660077255609241
indianapolis,25,1.0,250.0,4.0,781,rSC,True,29,0.12824573902909914
indianapolis,25,1.0,250.0,4.0,781,rSC,True,30,0.15428684317263847
indianapolis,25,1.0,250.0,4.0,781,GAP,False,1,0.004094730064057436
indianapolis,25,1.0,250.0,4.0,781,GAP,False,2,0.00013887059629897702
indianapolis,25,1.0,250.0,4.0,781,GAP,False,3,0.002486336207387199
indianapolis,25,1.0,250.0,4.0,781,GAP,False,4,0.024390867901156996
indianapolis,25,1.0,250.0,4.0,781,GAP,False,5,0.0017789161362921492
indianapolis,25,1.0,250.0,4.0,781,GAP,False,6,0.0009526883106537362
indianapolis,25,1.0,250.0,4.0,781,GAP,False,7,0.020408031013488974
indianapolis,25,1.0,250.0,4.0,781,GAP,False,8,0.029383839382802382
indianapolis,25,1.0,250.0,4.0,781,GAP,False,9,0.03491436088246612
indianapolis,25,1.0,250.0,4.0,781,GAP,False,10,0.03146963030714285
indianapolis,25,1.0,250.0,4.0,781,GAP,False,11,0.010773935919230626
indianapolis,25,1.0,250.0,4.0,781,GAP,False,12,0.024590758784405458
indianapolis,25,1.0,250.0,4.0,781,GAP,False,13,0.041926216197669654
indianapolis,25,1.0,250.0,4.0,781,GAP,False,14,0.04908541712794711
indianapolis,25,1.0,250.0,4.0,781,GAP,False,15,0.0462406919773933
indianapolis,25,1.0,250.0,4.0,781,GAP,False,16,0.05315179612259285
indianapolis,25,1.0,250.0,4.0,781,GAP,False,17,0.07573349164678916
indianapolis,25,1.0,250.0,4.0,781,GAP,False,18,0.08793895945867322
indianapolis,25,1.0,250.0,4.0,781,GAP,False,19,0.09502183969129113
indianapolis,25,1.0,250.0,4.0,781,GAP,False,20,0.09481169359830983
indianapolis,25,1.0,250.0,4.0,781,GAP,False,21,0.09769553008415423
indianapolis,25,1.0,250.0,4.0,781,GAP,False,22,0.11225341470077224
indianapolis,25,1.0,250.0,4.0,781,GAP,False,23,0.10706844743146139
indianapolis,25,1.0,250.0,4.0,781,GAP,False,24,0.12433892222406774
indianapolis,25,1.0,250.0,4.0,781,GAP,False,25,0.11309895170877024
indianapolis,25,1.0,250.0,4.0,781,GAP,False,26,0.1109340475036869
indianapolis,25,1.0,250.0,4.0,781,GAP,False,27,0.13782730164381127
indianapolis,25,1.0,250.0,4.0,781,GAP,False,28,0.13846033230225166
indianapolis,25,1.0,250.0,4.0,781,GAP,False,29,0.13247577772913735
indianapolis,25,1.0,250.0,4.0,781,GAP,False,30,0.15833401463843735
indianapolis,25,1.0,250.0,4.0,781,GAP,True,1,0.007554500411278956
indianapolis,25,1.0,250.0,4.0,781,GAP,True,2,0.0032495834644789227
indianapolis,25,1.0,250.0,4.0,781,GAP,True,3,0.0006097303371691778
indianapolis,25,1.0,250.0,4.0,781,GAP,True,4,0.027807368274988104
indianapolis,25,1.0,250.0,4.0,781,GAP,True,5,0.0017319817096257365
indianapolis,25,1.0,250.0,4.0,781,GAP,True,6,0.0046876734667679765
indianapolis,25,1.0,250.0,4.0,781,GAP,True,7,0.02482958557347408
indianapolis,25,1.0,250.0,4.0,781,GAP,True,8,0.036131422689697316
indianapolis,25,1.0,250.0,4.0,781,GAP,True,9,0.04059096165511668
indianapolis,25,1.0,250.0,4.0,781,GAP,True,10,0.040231468691204066
indianapolis,25,1.0,250.0,4.0,781,GAP,True,11,0.014741937441566664
indianapolis,25,1.0,250.0,4.0,781,GAP,True,12,0.031074639287393593
indianapolis,25,1.0,250.0,4.0,781,GAP,True,13,0.048680282650399614
indianapolis,25,1.0,250.0,4.0,781,GAP,True,14,0.057409289410012575
indianapolis,25,1.0,250.0,4.0,781,GAP,True,15,0.0532493122751139
indianapolis,25,1.0,250.0,4.0,781,GAP,True,16,0.058698352774369876
indianapolis,25,1.0,250.0,4.0,781,GAP,True,17,0.0824306655283117
indianapolis,25,1.0,250.0,4.0,781,GAP,True,18,0.09505600078665202
indianapolis,25,1.0,250.0,4.0,781,GAP,True,19,0.09773586286022952
indianapolis,25,1.0,250.0,4.0,781,GAP,True,20,0.09872366618046986
indianapolis,25,1.0,250.0,4.0,781,GAP,True,21,0.10302632586942347
indianapolis,25,1.0,250.0,4.0,781,GAP,True,22,0.11551768943767694
indianapolis,25,1.0,250.0,4.0,781,GAP,True,23,0.1073305576644011
indianapolis,25,1.0,250.0,4.0,781,GAP,True,24,0.12738879509140846
indianapolis,25,1.0,250.0,4.0,781,GAP,True,25,0.11672285723418356
indianapolis,25,1.0,250.0,4.0,781,GAP,True,26,0.1141161218341705
indianapolis,25,1.0,250.0,4.0,781,GAP,True,27,0.1404879124562457
indianapolis,25,1.0,250.0,4.0,781,GAP,True,28,0.13860292092254914
indianapolis,25,1.0,250.0,4.0,781,GAP,True,29,0.13139023505084357
indianapolis,25,1.0,250.0,4.0,781,GAP,True,30,0.15876537881890027
indianapolis,25,1.0,250.0,4.0,781,PPCA,False,1,0.0015133211982193832
indianapolis,25,1.0,250.0,4.0,781,PPCA,False,2,0.011957982416704543
indianapolis,25,1.0,250.0,4.0,781,PPCA,False,3,0.005400268350361145
indianapolis,25,1.0,250.0,4.0,781,PPCA,False,4,0.021375980250903814
indianapolis,25,1.0,250.0,4.0,781,PPCA,False,5,0.028453225684930163
indianapolis,25,1.0,250.0,4.0,781,PPCA,False,6,0.009687732687756577
indianapolis,25,1.0,250.0,4.0,781,PPCA,False,7,0.03258494130353296
indianapolis,25,1.0,250.0,4.0,781,PPCA,False,8,0.0246584425878381
indianapolis,25,1.0,250.0,4.0,781,PPCA,False,9,0.04275742154377226
indianapolis,25,1.0,250.0,4.0,781,PPCA,False,10,0.0645651943041171
indianapolis,25,1.0,250.0,4.0,781,PPCA,False,11,0.0605641101212252
indianapolis,25,1.0,250.0,4.0,781,PPCA,False,12,0.03536957650605172
indianapolis,25,1.0,250.0,4.0,781,PPCA,False,13,0.054237796263817
indianapolis,25,1.0,250.0,4.0,781,PPCA,False,14,0.05484631157622798
indianapolis,25,1.0,250.0,4.0,781,PPCA,False,15,0.05567752412227108
indianapolis,25,1.0,250.0,4.0,781,PPCA,False,16,0.04921252657035381
indianapolis,25,1.0,250.0,4.0,781,PPCA,False,17,0.060963976612744185
indianapolis,25,1.0,250.0,4.0,781,PPCA,False,18,0.07045487861804109
indianapolis,25,1.0,250.0,4.0,781,PPCA,False,19,0.09856128184842877
indianapolis,25,1.0,250.0,4.0,781,PPCA,False,20,0.09929160061565634
indianapolis,25,1.0,250.0,4.0,781,PPCA,False,21,0.09047749176176619
indianapolis,25,1.0,250.0,4.0,781,PPCA,False,22,0.10391046444255095
indianapolis,25,1.0,250.0,4.0,781,PPCA,False,23,0.09357612065743749
indianapolis,25,1.0,250.0,4.0,781,PPCA,False,24,0.11640545298673052
indianapolis,25,1.0,250.0,4.0,781,PPCA,False,25,0.12084471081869391
indianapolis,25,1.0,250.0,4.0,781,PPCA,False,26,0.1211954998182745
indianapolis,25,1.0,250.0,4.0,781,PPCA,False,27,0.11214834811702913
indianapolis,25,1.0,250.0,4.0,781,PPCA,False,28,0.15785161815327547
indianapolis,25,1.0,250.0,4.0,781,PPCA,False,29,0.12138626279001395
indianapolis,25,1.0,250.0,4.0,781,PPCA,False,30,0.1533362486012712
indianapolis,25,1.0,250.0,4.0,781,PPCA,True,1,0.0018669609769098262
indianapolis,25,1.0,250.0,4.0,781,PPCA,True,2,0.012153705348484884
indianapolis,25,1.0,250.0,4.0,781,PPCA,True,3,0.005644884509527518
indianapolis,25,1.0,250.0,4.0,781,PPCA,True,4,0.021520180169289426
indianapolis,25,1.0,250.0,4.0,781,PPCA,True,5,0.028654718393261076
indianapolis,25,1.0,250.0,4.0,781,PPCA,True,6,0.009937270519116673
indianapolis,25,1.0,250.0,4.0,781,PPCA,True,7,0.03264664791151423
indianapolis,25,1.0,250.0,4.0,781,PPCA,True,8,0.024843405911419685
indianapolis,25,1.0,250.0,4.0,781,PPCA,True,9,0.0430706469533553
indianapolis,25,1.0,250.0,4.0,781,PPCA,True,10,0.06484466402912974
indianapolis,25,1.0,250.0,4.0,781,PPCA,True,11,0.06075405517159597
indianapolis,25,1.0,250.0,4.0,781,PPCA,True,12,0.035540493401454626
indianapolis,25,1.0,250.0,4.0,781,PPCA,True,13,0.054562223376070015
indianapolis,25,1.0,250.0,4.0,781,PPCA,True,14,0.05519503821024259
indianapolis,25,1.0,250.0,4.0,781,PPCA,True,15,0.05583792481731966
indianapolis,25,1.0,250.0,4.0,781,PPCA,True,16,0.049564478093914566
indianapolis,25,1.0,250.0,4.0,781,PPCA,True,17,0.061153103891821964
indianapolis,25,1.0,250.0,4.0,781,PPCA,True,18,0.07081297288892134
indianapolis,25,1.0,250.0,4.0,781,PPCA,True,19,0.09855763009874662
indianapolis,25,1.0,250.0,4.0,781,PPCA,True,20,0.0995087552770293
indianapolis,25,1.0,250.0,4.0,781,PPCA,True,21,0.09060817038864494
indianapolis,25,1.0,250.0,4.0,781,PPCA,True,22,0.10391145528518937
indianapolis,25,1.0,250.0,4.0,781,PPCA,True,23,0.09353059270381485
indianapolis,25,1.0,250.0,4.0,781,PPCA,True,24,0.11633987496198565
indianapolis,25,1.0,250.0,4.0,781,PPCA,True,25,0.12080715775493732
indianapolis,25,1.0,250.0,4.0,781,PPCA,True,26,0.12127054268038971
indianapolis,25,1.0,250.0,4.0,781,PPCA,True,27,0.11207368626927738
indianapolis,25,1.0,250.0,4.0,781,PPCA,True,28,0.15768264838192642
indianapolis,25,1.0,250.0,4.0,781,PPCA,True,29,0.12136484290040271
indianapolis,25,1.0,250.0,4.0,781,PPCA,True,30,0.15339435390546835
indianapolis,25,1.0,100000.0,0.01,617,rSC,False,1,0.019356906664505062
indianapolis,25,1.0,100000.0,0.01,617,rSC,False,2,0.008419363794531728
indianapolis,25,1.0,100000.0,0.01,617,rSC,False,3,0.011968338216508488
indianapolis,25,1.0,100000.0,0.01,617,rSC,False,4,0.008600716738517113
indianapolis,25,1.0,100000.0,0.01,617,rSC,False,5,0.00030758338551283807
indianapolis,25,1.0,100000.0,0.01,617,rSC,False,6,0.008882447710875126
indianapolis,25,1.0,100000.0,0.01,617,rSC,False,7,0.013631652435927509
indianapolis,25,1.0,100000.0,0.01,617,rSC,False,8,0.0047521066293474004
indianapolis,25,1.0,100000.0,0.01,617,rSC,False,9,0.02986345269284144
indianapolis,25,1.0,100000.0,0.01,617,rSC,False,10,0.026464507725340435
indianapolis,25,1.0,100000.0,0.01,617,rSC,False,11,0.05089194116862109
indianapolis,25,1.0,100000.0,0.01,617,rSC,False,12,0.02788400658696384
indianapolis,25,1.0,100000.0,0.01,617,rSC,False,13,0.020684809179149225
indianapolis,25,1.0,100000.0,0.01,617,rSC,False,14,0.03345900238271973
indianapolis,25,1.0,100000.0,0.01,617,rSC,False,15,0.0265159198054463
indianapolis,25,1.0,100000.0,0.01,617,rSC,False,16,0.05573882145616179
indianapolis,25,1.0,100000.0,0.01,617,rSC,False,17,0.03692836355068207
indianapolis,25,1.0,100000.0,0.01,617,rSC,False,18,0.019968286640879282
indianapolis,25,1.0,100000.0,0.01,617,rSC,False,19,0.06672980973639035
indianapolis,25,1.0,100000.0,0.01,617,rSC,False,20,0.06637358673355623
indianapolis,25,1.0,100000.0,0.01,617,rSC,False,21,0.06529690856543699
indianapolis,25,1.0,100000.0,0.01,617,rSC,False,22,0.08971031756888861
indianapolis,25,1.0,100000.0,0.01,617,rSC,False,23,0.05529435807437112
indianapolis,25,1.0,100000.0,0.01,617,rSC,False,24,0.08869859787912791
indianapolis,25,1.0,100000.0,0.01,617,rSC,False,25,0.12638785525636337
indianapolis,25,1.0,100000.0,0.01,617,rSC,False,26,0.09951741265163075
indianapolis,25,1.0,100000.0,0.01,617,rSC,False,27,0.10469806166012864
indianapolis,25,1.0,100000.0,0.01,617,rSC,False,28,0.13205812118928448
indianapolis,25,1.0,100000.0,0.01,617,rSC,False,29,0.11023824168236311
indianapolis,25,1.0,100000.0,0.01,617,rSC,False,30,0.10891385633398393
indianapolis,25,1.0,100000.0,0.01,617,rSC,True,1,0.019356906664505062
indianapolis,25,1.0,100000.0,0.01,617,rSC,True,2,0.008419363794531728
indianapolis,25,1.0,100000.0,0.01,617,rSC,True,3,0.011968338216508488
indianapolis,25,1.0,100000.0,0.01,617,rSC,True,4,0.008600716738517113
indianapolis,25,1.0,100000.0,0.01,617,rSC,True,5,0.00030758338551283807
indianapolis,25,1.0,100000.0,0.01,617,rSC,True,6,0.008882447710875126
indianapolis,25,1.0,100000.0,0.01,617,rSC,True,7,0.013631652435927509
indianapolis,25,1.0,100000.0,0.01,617,rSC,True,8,0.0047521066293474004
indianapolis,25,1.0,100000.0,0.01,617,rSC,True,9,0.02986345269284144
indianapolis,25,1.0,100000.0,0.01,617,rSC,True,10,0.026464507725340435
indianapolis,25,1.0,100000.0,0.01,617,rSC,True,11,0.05089194116862109
indianapolis,25,1.0,100000.0,0.01,617,rSC,True,12,0.02788400658696384
indianapolis,25,1.0,100000.0,0.01,617,rSC,True,13,0.020684809179149225
indianapolis,25,1.0,100000.0,0.01,617,rSC,True,14,0.03345900238271973
indianapolis,25,1.0,100000.0,0.01,617,rSC,True,15,0.0265159198054463
indianapolis,25,1.0,100000.0,0.01,617,rSC,True,16,0.05573882145616179
indianapolis,25,1.0,100000.0,0.01,617,rSC,True,17,0.03692836355068207
indianapolis,25,1.0,100000.0,0.01,617,rSC,True,18,0.019968286640879282
indianapolis,25,1.0,100000.0,0.01,617,rSC,True,19,0.06672980973639035
indianapolis,25,1.0,100000.0,0.01,617,rSC,True,20,0.06637358673355623
indianapolis,25,1.0,100000.0,0.01,617,rSC,True,21,0.06529690856543699
indianapolis,25,1.0,100000.0,0.01,617,rSC,True,22,0.08971031756888861
indianapolis,25,1.0,100000.0,0.01,617,rSC,True,23,0.05529435807437112
indianapolis,25,1.0,100000.0,0.01,617,rSC,True,24,0.08869859787912791
indianapolis,25,1.0,100000.0,0.01,617,rSC,True,25,0.12638785525636337
indianapolis,25,1.0,100000.0,0.01,617,rSC,True,26,0.09951741265163075
indianapolis,25,1.0,100000.0,0.01,617,rSC,True,27,0.10469806166012864
indianapolis,25,1.0,100000.0,0.01,617,rSC,True,28,0.13205812118928448
indianapolis,25,1.0,100000.0,0.01,617,rSC,True,29,0.11023824168236311
indianapolis,25,1.0,100000.0,0.01,617,rSC,True,30,0.10891385633398393
indianapolis,25,1.0,100000.0,0.01,617,GAP,False,1,0.027089499700238242
indianapolis,25,1.0,100000.0,0.01,617,GAP,False,2,0.014268868428666353
indianapolis,25,1.0,100000.0,0.01,617,GAP,False,3,0.015658260875701126
indianapolis,25,1.0,100000.0,0.01,617,GAP,False,4,0.0053116717657077555
indianapolis,25,1.0,100000.0,0.01,617,GAP,False,5,0.021939441091420278
indianapolis,25,1.0,100000.0,0.01,617,GAP,False,6,0.046300259659442504
indianapolis,25,1.0,100000.0,0.01,617,GAP,False,7,0.03983328914080736
indianapolis,25,1.0,100000.0,0.01,617,GAP,False,8,0.024956069846204878
indianapolis,25,1.0,100000.0,0.01,617,GAP,False,9,0.03121808864486083
indianapolis,25,1.0,100000.0,0.01,617,GAP,False,10,0.017014420713071528
indianapolis,25,1.0,100000.0,0.01,617,GAP,False,11,0.01646073656114326
indianapolis,25,1.0,100000.0,0.01,617,GAP,False,12,0.021970303627647174
indianapolis,25,1.0,100000.0,0.01,617,GAP,False,13,0.029711183735474142
indianapolis,25,1.0,100000.0,0.01,617,GAP,False,14,0.035926229197532265
indianapolis,25,1.0,100000.0,0.01,617,GAP,False,15,0.04777028530816573
indianapolis,25,1.0,100000.0,0.01,617,GAP,False,16,0.018605225199805994
indianapolis,25,1.0,100000.0,0.01,617,GAP,False,17,0.03294886044704525
indianapolis,25,1.0,100000.0,0.01,617,GAP,False,18,0.05033299985604096
indianapolis,25,1.0,100000.0,0.01,617,GAP,False,19,0.03838593940412176
indianapolis,25,1.0,100000.0,0.01,617,GAP,False,20,0.004449210500613066
indianapolis,25,1.0,100000.0,0.01,617,GAP,False,21,0.025784355269125227
indianapolis,25,1.0,100000.0,0.01,617,GAP,False,22,0.005246545563828239
indianapolis,25,1.0,100000.0,0.01,617,GAP,False,23,0.01274076967190915
indianapolis,25,1.0,100000.0,0.01,617,GAP,False,24,0.0035113977745473467
indianapolis,25,1.0,100000.0,0.01,617,GAP,False,25,0.02345275253725154
indianapolis,25,1.0,100000.0,0.01,617,GAP,False,26,0.0031264816068960746
indianapolis,25,1.0,100000.0,0.01,617,GAP,False,27,0.015048708675794688
indianapolis,25,1.0,100000.0,0.01,617,GAP,False,28,0.002568203403880026
indianapolis,25,1.0,100000.0,0.01,617,GAP,False,29,0.011049160397608877
indianapolis,25,1.0,100000.0,0.01,617,GAP,False,30,0.022581797262945128
indianapolis,25,1.0,100000.0,0.01,617,GAP,True,1,0.025099142536394187
indianapolis,25,1.0,100000.0,0.01,617,GAP,True,2,0.009651233584770096
indianapolis,25,1.0,100000.0,0.01,617,GAP,True,3,0.015402161063322447
indianapolis,25,1.0,100000.0,0.01,617,GAP,True,4,0.0004429002100392105
indianapolis,25,1.0,100000.0,0.01,617,GAP,True,5,0.016250125480116735
indianapolis,25,1.0,100000.0,0.01,617,GAP,True,6,0.041686875695456836
indianapolis,25,1.0,100000.0,0.01,617,GAP,True,7,0.03284944568540214
indianapolis,25,1.0,100000.0,0.01,617,GAP,True,8,0.016928452423677392
indianapolis,25,1.0,100000.0,0.01,617,GAP,True,9,0.01942835724179592
indianapolis,25,1.0,100000.0,0.01,617,GAP,True,10,0.01051086733565538
indianapolis,25,1.0,100000.0,0.01,617,GAP,True,11,0.007147154864632091
indianapolis,25,1.0,100000.0,0.01,617,GAP,True,12,0.013353851099674406
indianapolis,25,1.0,100000.0,0.01,617,GAP,True,13,0.023620349776263264
indianapolis,25,1.0,100000.0,0.01,617,GAP,True,14,0.025611994621081054
indianapolis,25,1.0,100000.0,0.01,617,GAP,True,15,0.038554954747224535
indianapolis,25,1.0,100000.0,0.01,617,GAP,True,16,0.010473553059914261
indianapolis,25,1.0,100000.0,0.01,617,GAP,True,17,0.024288552251801883
indianapolis,25,1.0,100000.0,0.01,617,GAP,True,18,0.038497789541173985
indianapolis,25,1.0,100000.0,0.01,617,GAP,True,19,0.028020832414064084
indianapolis,25,1.0,100000.0,0.01,617,GAP,True,20,0.0038091964271676514
indianapolis,25,1.0,100000.0,0.01,617,GAP,True,21,0.016008382706717512
indianapolis,25,1.0,100000.0,0.01,617,GAP,True,22,0.007457114111228878
indianapolis,25,1.0,100000.0,0.01,617,GAP,True,23,0.0012099470075387572
indianapolis,25,1.0,100000.0,0.01,617,GAP,True,24,0.005556518225652429
indianapolis,25,1.0,100000.0,0.01,617,GAP,True,25,0.03661460431520544
indianapolis,25,1.0,100000.0,0.01,617,GAP,True,26,0.008346638137557559
indianapolis,25,1.0,100000.0,0.01,617,GAP,True,27,0.025416790175897205
indianapolis,25,1.0,100000.0,0.01,617,GAP,True,28,0.011256498222765398
indianapolis,25,1.0,100000.0,0.01,617,GAP,True,29,0.0018708163590494056
indianapolis,25,1.0,100000.0,0.01,617,GAP,True,30,0.032443183683343986
indianapolis,25,1.0,100000.0,0.01,617,PPCA,False,1,0.022088464184532367
indianapolis,25,1.0,100000.0,0.01,617,PPCA,False,2,0.011395161371721675
indianapolis,25,1.0,100000.0,0.01,617,PPCA,False,3,0.015264052255368138
indianapolis,25,1.0,100000.0,0.01,617,PPCA,False,4,0.005838352899744756
indianapolis,25,1.0,100000.0,0.01,617,PPCA,False,5,0.007376298977200548
indianapolis,25,1.0,100000.0,0.01,617,PPCA,False,6,0.011952813798057271
indianapolis,25,1.0,100000.0,0.01,617,PPCA,False,7,0.010465803020236043
indianapolis,25,1.0,100000.0,0.01,617,PPCA,False,8,0.007648044876220692
indianapolis,25,1.0,100000.0,0.01,617,PPCA,False,9,0.03318281186906125
indianapolis,25,1.0,100000.0,0.01,617,PPCA,False,10,0.025755659037027347
indianapolis,25,1.0,100000.0,0.01,617,PPCA,False,11,0.04769565658096376
indianapolis,25,1.0,100000.0,0.01,617,PPCA,False,12,0.027247926562483763
indianapolis,25,1.0,100000.0,0.01,617,PPCA,False,13,0.01695638349247945
indianapolis,25,1.0,100000.0,0.01,617,PPCA,False,14,0.03104034318891616
indianapolis,25,1.0,100000.0,0.01,617,PPCA,False,15,0.021842731098404945
indianapolis,25,1.0,100000.0,0.01,617,PPCA,False,16,0.04955557361322413
indianapolis,25,1.0,100000.0,0.01,617,PPCA,False,17,0.03475338543240721
indianapolis,25,1.0,100000.0,0.01,617,PPCA,False,18,0.015492312950183891
indianapolis,25,1.0,100000.0,0.01,617,PPCA,False,19,0.06125016490835891
indianapolis,25,1.0,100000.0,0.01,617,PPCA,False,20,0.065038345857423
indianapolis,25,1.0,100000.0,0.01,617,PPCA,False,21,0.06015924608815047
indianapolis,25,1.0,100000.0,0.01,617,PPCA,False,22,0.08542886970000949
indianapolis,25,1.0,100000.0,0.01,617,PPCA,False,23,0.05432579203326732
indianapolis,25,1.0,100000.0,0.01,617,PPCA,False,24,0.08480233014136893
indianapolis,25,1.0,100000.0,0.01,617,PPCA,False,25,0.12777554287897291
indianapolis,25,1.0,100000.0,0.01,617,PPCA,False,26,0.09596270073429516
indianapolis,25,1.0,100000.0,0.01,617,PPCA,False,27,0.10207349442110931
indianapolis,25,1.0,100000.0,0.01,617,PPCA,False,28,0.12767545670381636
indianapolis,25,1.0,100000.0,0.01,617,PPCA,False,29,0.10323913333704782
indianapolis,25,1.0,100000.0,0.01,617,PPCA,False,30,0.10581916198568705
indianapolis,25,1.0,100000.0,0.01,617,PPCA,True,1,0.02167309007748337
indianapolis,25,1.0,100000.0,0.01,617,PPCA,True,2,0.010296445793834852
indianapolis,25,1.0,100000.0,0.01,617,PPCA,True,3,0.015254341089077264
indianapolis,25,1.0,100000.0,0.01,617,PPCA,True,4,0.0071102326218535515
indianapolis,25,1.0,100000.0,0.01,617,PPCA,True,5,0.0065737417601590565
indianapolis,25,1.0,100000.0,0.01,617,PPCA,True,6,0.011059660603549992
indianapolis,25,1.0,100000.0,0.01,617,PPCA,True,7,0.012163710639230498
indianapolis,25,1.0,100000.0,0.01,617,PPCA,True,8,0.009615030876366535
indianapolis,25,1.0,100000.0,0.01,617,PPCA,True,9,0.03642834199611952
indianapolis,25,1.0,100000.0,0.01,617,PPCA,True,10,0.02781402157031
indianapolis,25,1.0,100000.0,0.01,617,PPCA,True,11,0.0504877867492709
indianapolis,25,1.0,100000.0,0.01,617,PPCA,True,12,0.029433635221396862
indianapolis,25,1.0,100000.0,0.01,617,PPCA,True,13,0.018768501121806447
indianapolis,25,1.0,100000.0,0.01,617,PPCA,True,14,0.03365252931349831
indianapolis,25,1.0,100000.0,0.01,617,PPCA,True,15,0.024932902946362218
indianapolis,25,1.0,100000.0,0.01,617,PPCA,True,16,0.052334409538048875
indianapolis,25,1.0,100000.0,0.01,617,PPCA,True,17,0.03738975494450147
indianapolis,25,1.0,100000.0,0.01,617,PPCA,True,18,0.018566519183674565
indianapolis,25,1.0,100000.0,0.01,617,PPCA,True,19,0.06471586896036774
indianapolis,25,1.0,100000.0,0.01,617,PPCA,True,20,0.06815707795904594
indianapolis,25,1.0,100000.0,0.01,617,PPCA,True,21,0.06319969315129038
indianapolis,25,1.0,100000.0,0.01,617,PPCA,True,22,0.08975335682312068
indianapolis,25,1.0,100000.0,0.01,617,PPCA,True,23,0.05805464807146237
indianapolis,25,1.0,100000.0,0.01,617,PPCA,True,24,0.08830098546596403
indianapolis,25,1.0,100000.0,0.01,617,PPCA,True,25,0.13250784531545717
indianapolis,25,1.0,100000.0,0.01,617,PPCA,True,26,0.10022308677508762
indianapolis,25,1.0,100000.0,0.01,617,PPCA,True,27,0.10628019170707627
indianapolis,25,1.0,100000.0,0.01,617,PPCA,True,28,0.13309088946947248
indianapolis,25,1.0,100000.0,0.01,617,PPCA,True,29,0.10835684323206868
indianapolis,25,1.0,100000.0,0.01,617,PPCA,True,30,0.11022694580200297
indianapolis,25,1.0,100000.0,0.01,781,rSC,False,1,0.010199413168730584
indianapolis,25,1.0,100000.0,0.01,781,rSC,False,2,0.011565098528956685
indianapolis,25,1.0,100000.0,0.01,781,rSC,False,3,0.01562479139388987
indianapolis,25,1.0,100000.0,0.01,781,rSC,False,4,0.015189412852840428
indianapolis,25,1.0,100000.0,0.01,781,rSC,False,5,0.028676321281265568
indianapolis,25,1.0,100000.0,0.01,781,rSC,False,6,0.011787591558385078
indianapolis,25,1.0,100000.0,0.01,781,rSC,False,7,0.03388057488487979
indianapolis,25,1.0,100000.0,0.01,781,rSC,False,8,0.027750630801388638
indianapolis,25,1.0,100000.0,0.01,781,rSC,False,9,0.04862570287891027
indianapolis,25,1.0,100000.0,0.01,781,rSC,False,10,0.0635539813643614
indianapolis,25,1.0,100000.0,0.01,781,rSC,False,11,0.05532275356675508
indianapolis,25,1.0,100000.0,0.01,781,rSC,False,12,0.03584740568183098
indianapolis,25,1.0,100000.0,0.01,781,rSC,False,13,0.05729223194796081
indianapolis,25,1.0,100000.0,0.01,781,rSC,False,14,0.05407771001591174
indianapolis,25,1.0,100000.0,0.01,781,rSC,False,15,0.05849198856260151
indianapolis,25,1.0,100000.0,0.01,781,rSC,False,16,0.05241394543635361
indianapolis,25,1.0,100000.0,0.01,781,rSC,False,17,0.0574110750540683
indianapolis,25,1.0,100000.0,0.01,781,rSC,False,18,0.06583324345334758
indianapolis,25,1.0,100000.0,0.01,781,rSC,False,19,0.0980891713947669
indianapolis,25,1.0,100000.0,0.01,781,rSC,False,20,0.10234329251500893
indianapolis,25,1.0,100000.0,0.01,781,rSC,False,21,0.0907374714269836
indianapolis,25,1.0,100000.0,0.01,781,rSC,False,22,0.10273845621548353
indianapolis,25,1.0,100000.0,0.01,781,rSC,False,23,0.099467919935688
indianapolis,25,1.0,100000.0,0.01,781,rSC,False,24,0.11496458006247433
indianapolis,25,1.0,100000.0,0.01,781,rSC,False,25,0.11919701992899238
indianapolis,25,1.0,100000.0,0.01,781,rSC,False,26,0.12424719373624059
indianapolis,25,1.0,100000.0,0.01,781,rSC,False,27,0.11779231238348079
indianapolis,25,1.0,100000.0,0.01,781,rSC,False,28,0.1660077255609241
indianapolis,25,1.0,100000.0,0.01,781,rSC,False,29,0.12824573902909914
indianapolis,25,1.0,100000.0,0.01,781,rSC,False,30,0.15428684317263847
indianapolis,25,1.0,100000.0,0.01,781,rSC,True,1,0.010199413168730584
indianapolis,25,1.0,100000.0,0.01,781,rSC,True,2,0.011565098528956685
indianapolis,25,1.0,100000.0,0.01,781,rSC,True,3,0.01562479139388987
indianapolis,25,1.0,100000.0,0.01,781,rSC,True,4,0.015189412852840428
indianapolis,25,1.0,100000.0,0.01,781,rSC,True,5,0.028676321281265568
indianapolis,25,1.0,100000.0,0.01,781,rSC,True,6,0.011787591558385078
indianapolis,25,1.0,100000.0,0.01,781,rSC,True,7,0.03388057488487979
indianapolis,25,1.0,100000.0,0.01,781,rSC,True,8,0.027750630801388638
indianapolis,25,1.0,100000.0,0.01,781,rSC,True,9,0.04862570287891027
indianapolis,25,1.0,100000.0,0.01,781,rSC,True,10,0.0635539813643614
indianapolis,25,1.0,100000.0,0.01,781,rSC,True,11,0.05532275356675508
indianapolis,25,1.0,100000.0,0.01,781,rSC,True,12,0.03584740568183098
indianapolis,25,1.0,100000.0,0.01,781,rSC,True,13,0.05729223194796081
indianapolis,25,1.0,100000.0,0.01,781,rSC,True,14,0.05407771001591174
indianapolis,25,1.0,100000.0,0.01,781,rSC,True,15,0.05849198856260151
indianapolis,25,1.0,100000.0,0.01,781,rSC,True,16,0.05241394543635361
indianapolis,25,1.0,100000.0,0.01,781,rSC,True,17,0.0574110750540683
indianapolis,25,1.0,100000.0,0.01,781,rSC,True,18,0.06583324345334758
indianapolis,25,1.0,100000.0,0.01,781,rSC,True,19,0.0980891713947669
indianapolis,25,1.0,100000.0,0.01,781,rSC,True,20,0.10234329251500893
indianapolis,25,1.0,100000.0,0.01,781,rSC,True,21,0.0907374714269836
indianapolis,25,1.0,100000.0,0.01,781,rSC,True,22,0.10273845621548353
indianapolis,25,1.0,100000.0,0.01,781,rSC,True,23,0.099467919935688
indianapolis,25,1.0,100000.0,0.01,781,rSC,True,24,0.11496458006247433
indianapolis,25,1.0,100000.0,0.01,781,rSC,True,25,0.11919701992899238
indianapolis,25,1.0,100000.0,0.01,781,rSC,True,26,0.12424719373624059
indianapolis,25,1.0,100000.0,0.01,781,rSC,True,27,0.11779231238348079
indianapolis,25,1.0,100000.0,0.01,781,rSC,True,28,0.1660077255609241
indianapolis,25,1.0,100000.0,0.01,781,rSC,True,29,0.12824573902909914
indianapolis,25,1.0,100000.0,0.01,781,rSC,True,30,0.15428684317263847
indianapolis,25,1.0,100000.0,0.01,781,GAP,False,1,0.006591490309441625
indianapolis,25,1.0,100000.0,0.01,781,GAP,False,2,0.014967600617271008
indianapolis,25,1.0,100000.0,0.01,781,GAP,False,3,0.01174769739541783
indianapolis,25,1.0,100000.0,0.01,781,GAP,False,4,0.028402152961493773
indianapolis,25,1.0,100000.0,0.01,781,GAP,False,5,0.020104904964091685
indianapolis,25,1.0,100000.0,0.01,781,GAP,False,6,0.011278401434816848
indianapolis,25,1.0,100000.0,0.01,781,GAP,False,7,0.0009356512434034012
indianapolis,25,1.0,100000.0,0.01,781,GAP,False,8,0.025513841372261734
indianapolis,25,1.0,100000.0,0.01,781,GAP,False,9,0.020108443337293537
indianapolis,25,1.0,100000.0,0.01,781,GAP,False,10,0.0013108857343263165
indianapolis,25,1.0,100000.0,0.01,781,GAP,False,11,0.035529189074658366
indianapolis,25,1.0,100000.0,0.01,781,GAP,False,12,0.03380410265444107
indianapolis,25,1.0,100000.0,0.01,781,GAP,False,13,0.02428785738273161
indianapolis,25,1.0,100000.0,0.01,781,GAP,False,14,0.015386498134472655
indianapolis,25,1.0,100000.0,0.01,781,GAP,False,15,0.006649938815863635
indianapolis,25,1.0,100000.0,0.01,781,GAP,False,16,0.012593751364056221
indianapolis,25,1.0,100000.0,0.01,781,GAP,False,17,0.030776654171902642
indianapolis,25,1.0,100000.0,0.01,781,GAP,False,18,0.044872054301878
indianapolis,25,1.0,100000.0,0.01,781,GAP,False,19,0.06485459612521224
indianapolis,25,1.0,100000.0,0.01,781,GAP,False,20,0.05650952091186356
indianapolis,25,1.0,100000.0,0.01,781,GAP,False,21,0.041299785154627316
indianapolis,25,1.0,100000.0,0.01,781,GAP,False,22,0.06953894258818995
indianapolis,25,1.0,100000.0,0.01,781,GAP,False,23,0.041281205669068476
indianapolis,25,1.0,100000.0,0.01,781,GAP,False,24,0.06693478084938541
indianapolis,25,1.0,100000.0,0.01,781,GAP,False,25,0.030208499192207174
indianapolis,25,1.0,100000.0,0.01,781,GAP,False,26,0.029336440839394146
indianapolis,25,1.0,100000.0,0.01,781,GAP,False,27,0.06816204616785275
indianapolis,25,1.0,100000.0,0.01,781,GAP,False,28,0.059232952350181486
indianapolis,25,1.0,100000.0,0.01,781,GAP,False,29,0.05423569387606529
indianapolis,25,1.0,100000.0,0.01,781,GAP,False,30,0.07962909346696308
indianapolis,25,1.0,100000.0,0.01,781,GAP,True,1,0.015373168571339904
indianapolis,25,1.0,100000.0,0.01,781,GAP,True,2,0.010208533744214305
indianapolis,25,1.0,100000.0,0.01,781,GAP,True,3,0.008226948775489275
indianapolis,25,1.0,100000.0,0.01,781,GAP,True,4,0.03780227644396074
indianapolis,25,1.0,100000.0,0.01,781,GAP,True,5,0.0136749282067041
indianapolis,25,1.0,100000.0,0.01,781,GAP,True,6,0.003079571125010037
indianapolis,25,1.0,100000.0,0.01,781,GAP,True,7,0.007975393066316628
indianapolis,25,1.0,100000.0,0.01,781,GAP,True,8,0.04442908255291248
indianapolis,25,1.0,100000.0,0.01,781,GAP,True,9,0.0346915647297273
indianapolis,25,1.0,100000.0,0.01,781,GAP,True,10,0.02077858591063152
indianapolis,25,1.0,100000.0,0.01,781,GAP,True,11,0.030470380986629172
indianapolis,25,1.0,100000.0,0.01,781,GAP,True,12,0.0235347684244095
indianapolis,25,1.0,100000.0,0.01,781,GAP,True,13,0.0432963125571029
indianapolis,25,1.0,100000.0,0.01,781,GAP,True,14,0.03611007225354567
indianapolis,25,1.0,100000.0,0.01,781,GAP,True,15,0.024018426297765735
indianapolis,25,1.0,100000.0,0.01,781,GAP,True,16,0.02735802335019718
indianapolis,25,1.0,100000.0,0.01,781,GAP,True,17,0.047309735643042944
indianapolis,25,1.0,100000.0,0.01,781,GAP,True,18,0.06345960522744565
indianapolis,25,1.0,100000.0,0.01,781,GAP,True,19,0.07708971868086058
indianapolis,25,1.0,100000.0,0.01,781,GAP,True,20,0.0710994901363042
indianapolis,25,1.0,100000.0,0.01,781,GAP,True,21,0.05697137239774037
indianapolis,25,1.0,100000.0,0.01,781,GAP,True,22,0.08233360096606283
indianapolis,25,1.0,100000.0,0.01,781,GAP,True,23,0.04330283592307805
indianapolis,25,1.0,100000.0,0.01,781,GAP,True,24,0.07837790732385118
indianapolis,25,1.0,100000.0,0.01,781,GAP,True,25,0.03697707050730539
indianapolis,25,1.0,100000.0,0.01,781,GAP,True,26,0.03764630197864032
indianapolis,25,1.0,100000.0,0.01,781,GAP,True,27,0.07838353707003543
indianapolis,25,1.0,100000.0,0.01,781,GAP,True,28,0.061009645625759626
indianapolis,25,1.0,100000.0,0.01,781,GAP,True,29,0.05635276790076702
indianapolis,25,1.0,100000.0,0.01,781,GAP,True,30,0.08480169834573892
indianapolis,25,1.0,100000.0,0.01,781,PPCA,False,1,0.00166038270823691
indianapolis,25,1.0,100000.0,0.01,781,PPCA,False,2,0.011547490715654536
indianapolis,25,1.0,100000.0,0.01,781,PPCA,False,3,0.005110898336440054
indianapolis,25,1.0,100000.0,0.01,781,PPCA,False,4,0.020484500912997795
indianapolis,25,1.0,100000.0,0.01,781,PPCA,False,5,0.027339430957155946
indianapolis,25,1.0,100000.0,0.01,781,PPCA,False,6,0.007615353684225935
indianapolis,25,1.0,100000.0,0.01,781,PPCA,False,7,0.029807367611497236
indianapolis,25,1.0,100000.0,0.01,781,PPCA,False,8,0.02132878805937828
indianapolis,25,1.0,100000.0,0.01,781,PPCA,False,9,0.039428916803816744
indianapolis,25,1.0,100000.0,0.01,781,PPCA,False,10,0.06027721810820947
indianapolis,25,1.0,100000.0,0.01,781,PPCA,False,11,0.0559347608792335
indianapolis,25,1.0,100000.0,0.01,781,PPCA,False,12,0.028694218714172427
indianapolis,25,1.0,100000.0,0.01,781,PPCA,False,13,0.048348073821022214
indianapolis,25,1.0,100000.0,0.01,781,PPCA,False,14,0.04716863124436669
indianapolis,25,1.0,100000.0,0.01,781,PPCA,False,15,0.047619443687970345
indianapolis,25,1.0,100000.0,0.01,781,PPCA,False,16,0.040398650786091256
indianapolis,25,1.0,100000.0,0.01,781,PPCA,False,17,0.05025939578112539
indianapolis,25,1.0,100000.0,0.01,781,PPCA,False,18,0.0593877704446667
indianapolis,25,1.0,100000.0,0.01,781,PPCA,False,19,0.0879430978833605
indianapolis,25,1.0,100000.0,0.01,781,PPCA,False,20,0.08791924733544801
indianapolis,25,1.0,100000.0,0.01,781,PPCA,False,21,0.07746648479191708
indianapolis,25,1.0,100000.0,0.01,781,PPCA,False,22,0.09113575971925236
indianapolis,25,1.0,100000.0,0.01,781,PPCA,False,23,0.07900290652277872
indianapolis,25,1.0,100000.0,0.01,781,PPCA,False,24,0.10123853038319564
indianapolis,25,1.0,100000.0,0.01,781,PPCA,False,25,0.1049162858203354
indianapolis,25,1.0,100000.0,0.01,781,PPCA,False,26,0.1047113749089236
indianapolis,25,1.0,100000.0,0.01,781,PPCA,False,27,0.09424229784032168
indianapolis,25,1.0,100000.0,0.01,781,PPCA,False,28,0.1401113025873634
indianapolis,25,1.0,100000.0,0.01,781,PPCA,False,29,0.10252019809321286
indianapolis,25,1.0,100000.0,0.01,781,PPCA,False,30,0.13331735623429
indianapolis,25,1.0,100000.0,0.01,781,PPCA,True,1,0.001937878752753594
indianapolis,25,1.0,100000.0,0.01,781,PPCA,True,2,0.011815519460038336
indianapolis,25,1.0,100000.0,0.01,781,PPCA,True,3,0.005288426832479231
indianapolis,25,1.0,100000.0,0.01,781,PPCA,True,4,0.020503714150726514
indianapolis,25,1.0,100000.0,0.01,781,PPCA,True,5,0.027209238903776092
indianapolis,25,1.0,100000.0,0.01,781,PPCA,True,6,0.0076181183746219785
indianapolis,25,1.0,100000.0,0.01,781,PPCA,True,7,0.029578262572119058
indianapolis,25,1.0,100000.0,0.01,781,PPCA,True,8,0.02121674643114782
indianapolis,25,1.0,100000.0,0.01,781,PPCA,True,9,0.03928257195618205
indianapolis,25,1.0,100000.0,0.01,781,PPCA,True,10,0.05992712670051624
indianapolis,25,1.0,100000.0,0.01,781,PPCA,True,11,0.055457788696865754
indianapolis,25,1.0,100000.0,0.01,781,PPCA,True,12,0.028610939033819983
indianapolis,25,1.0,100000.0,0.01,781,PPCA,True,13,0.0480325695070432
indianapolis,25,1.0,100000.0,0.01,781,PPCA,True,14,0.04691521210193413
indianapolis,25,1.0,100000.0,0.01,781,PPCA,True,15,0.047137441365926375
indianapolis,25,1.0,100000.0,0.01,781,PPCA,True,16,0.040295771864422424
indianapolis,25,1.0,100000.0,0.01,781,PPCA,True,17,0.05012472610908935
indianapolis,25,1.0,100000.0,0.01,781,PPCA,True,18,0.05923258251293283
indianapolis,25,1.0,100000.0,0.01,781,PPCA,True,19,0.0869951203956769
indianapolis,25,1.0,100000.0,0.01,781,PPCA,True,20,0.08717635971025876
indianapolis,25,1.0,100000.0,0.01,781,PPCA,True,21,0.0768001297510901
indianapolis,25,1.0,100000.0,0.01,781,PPCA,True,22,0.09025358477597922
indianapolis,25,1.0,100000.0,0.01,781,PPCA,True,23,0.07842426252535112
indianapolis,25,1.0,100000.0,0.01,781,PPCA,True,24,0.10029577693783376
indianapolis,25,1.0,100000.0,0.01,781,PPCA,True,25,0.10399002871517975
indianapolis,25,1.0,100000.0,0.01,781,PPCA,True,26,0.10380782737276992
indianapolis,25,1.0,100000.0,0.01,781,PPCA,True,27,0.09333461544155822
indianapolis,25,1.0,100000.0,0.01,781,PPCA,True,28,0.13864326807184132
indianapolis,25,1.0,100000.0,0.01,781,PPCA,True,29,0.10138560772229599
indianapolis,25,1.0,100000.0,0.01,781,PPCA,True,30,0.13218175455718661
indianapolis,100,0.0,250.0,4.0,617,rSC,False,1,0.006697140145532551
indianapolis,100,0.0,250.0,4.0,617,rSC,False,2,0.002237123474773542
indianapolis,100,0.0,250.0,4.0,617,rSC,False,3,0.006378536157944083
indianapolis,100,0.0,250.0,4.0,617,rSC,False,4,0.004749525732340089
indianapolis,100,0.0,250.0,4.0,617,rSC,False,5,0.0030210530263745476
indianapolis,100,0.0,250.0,4.0,617,rSC,False,6,0.0062272100909054676
indianapolis,100,0.0,250.0,4.0,617,rSC,False,7,0.0012033341009586834
indianapolis,100,0.0,250.0,4.0,617,rSC,False,8,0.00953900621319848
indianapolis,100,0.0,250.0,4.0,617,rSC,False,9,0.008525601516506427
indianapolis,100,0.0,250.0,4.0,617,rSC,False,10,0.004500111870489018
indianapolis,100,0.0,250.0,4.0,617,rSC,False,11,0.002575869969904001
indianapolis,100,0.0,250.0,4.0,617,rSC,False,12,0.003689134759073034
indianapolis,100,0.0,250.0,4.0,617,rSC,False,13,0.008994571800457117
indianapolis,100,0.0,250.0,4.0,617,rSC,False,14,0.012587396633855295
indianapolis,100,0.0,250.0,4.0,617,rSC,False,15,0.00017079768483792068
indianapolis,100,0.0,250.0,4.0,617,rSC,False,16,0.00649072422210188
indianapolis,100,0.0,250.0,4.0,617,rSC,False,17,0.012760856136580326
indianapolis,100,0.0,250.0,4.0,617,rSC,False,18,0.012828389183482027
indianapolis,100,0.0,250.0,4.0,617,rSC,False,19,0.009813154989837668
indianapolis,100,0.0,250.0,4.0,617,rSC,False,20,0.01842792248389283
indianapolis,100,0.0,250.0,4.0,617,rSC,False,21,0.016449969266606423
indianapolis,100,0.0,250.0,4.0,617,rSC,False,22,0.020812760443840433
indianapolis,100,0.0,250.0,4.0,617,rSC,False,23,0.016316819498775892
indianapolis,100,0.0,250.0,4.0,617,rSC,False,24,0.020400637437414486
indianapolis,100,0.0,250.0,4.0,617,rSC,False,25,0.013509882674215632
indianapolis,100,0.0,250.0,4.0,617,rSC,False,26,0.02177226211942569
indianapolis,100,0.0,250.0,4.0,617,rSC,False,27,0.023251338799061078
indianapolis,100,0.0,250.0,4.0,617,rSC,False,28,0.027745951781222484
indianapolis,100,0.0,250.0,4.0,617,rSC,False,29,0.04290563521867809
indianapolis,100,0.0,250.0,4.0,617,rSC,False,30,0.03770692868165018
indianapolis,100,0.0,250.0,4.0,617,rSC,True,1,0.006697140145532551
indianapolis,100,0.0,250.0,4.0,617,rSC,True,2,0.002237123474773542
indianapolis,100,0.0,250.0,4.0,617,rSC,True,3,0.006378536157944083
indianapolis,100,0.0,250.0,4.0,617,rSC,True,4,0.004749525732340089
indianapolis,100,0.0,250.0,4.0,617,rSC,True,5,0.0030210530263745476
indianapolis,100,0.0,250.0,4.0,617,rSC,True,6,0.0062272100909054676
indianapolis,100,0.0,250.0,4.0,617,rSC,True,7,0.0012033341009586834
indianapolis,100,0.0,250.0,4.0,617,rSC,True,8,0.00953900621319848
indianapolis,100,0.0,250.0,4.0,617,rSC,True,9,0.008525601516506427
indianapolis,100,0.0,250.0,4.0,617,rSC,True,10,0.004500111870489018
indianapolis,100,0.0,250.0,4.0,617,rSC,True,11,0.002575869969904001
indianapolis,100,0.0,250.0,4.0,617,rSC,True,12,0.003689134759073034
indianapolis,100,0.0,250.0,4.0,617,rSC,True,13,0.008994571800457117
indianapolis,100,0.0,250.0,4.0,617,rSC,True,14,0.012587396633855295
indianapolis,100,0.0,250.0,4.0,617,rSC,True,15,0.00017079768483792068
indianapolis,100,0.0,250.0,4.0,617,rSC,True,16,0.00649072422210188
indianapolis,100,0.0,250.0,4.0,617,rSC,True,17,0.012760856136580326
indianapolis,100,0.0,250.0,4.0,617,rSC,True,18,0.012828389183482027
indianapolis,100,0.0,250.0,4.0,617,rSC,True,19,0.009813154989837668
indianapolis,100,0.0,250.0,4.0,617,rSC,True,20,0.01842792248389283
indianapolis,100,0.0,250.0,4.0,617,rSC,True,21,0.016449969266606423
indianapolis,100,0.0,250.0,4.0,617,rSC,True,22,0.020812760443840433
indianapolis,100,0.0,250.0,4.0,617,rSC,True,23,0.016316819498775892
indianapolis,100,0.0,250.0,4.0,617,rSC,True,24,0.020400637437414486
indianapolis,100,0.0,250.0,4.0,617,rSC,True,25,0.013509882674215632
indianapolis,100,0.0,250.0,4.0,617,rSC,True,26,0.02177226211942569
indianapolis,100,0.0,250.0,4.0,617,rSC,True,27,0.023251338799061078
indianapolis,100,0.0,250.0,4.0,617,rSC,True,28,0.027745951781222484
indianapolis,100,0.0,250.0,4.0,617,rSC,True,29,0.04290563521867809
indianapolis,100,0.0,250.0,4.0,617,rSC,True,30,0.03770692868165018
indianapolis,100,0.0,250.0,4.0,617,GAP,False,1,0.0039020866125978756
indianapolis,100,0.0,250.0,4.0,617,GAP,False,2,0.005333052312925742
indianapolis,100,0.0,250.0,4.0,617,GAP,False,3,0.0007504722116409687
indianapolis,100,0.0,250.0,4.0,617,GAP,False,4,0.010085857220072745
indianapolis,100,0.0,250.0,4.0,617,GAP,False,5,0.006445846436877114
indianapolis,100,0.0,250.0,4.0,617,GAP,False,6,0.026002080021120273
indianapolis,100,0.0,250.0,4.0,617,GAP,False,7,0.0020974707121608743
indianapolis,100,0.0,250.0,4.0,617,GAP,False,8,0.0020470613414541095
indianapolis,100,0.0,250.0,4.0,617,GAP,False,9,0.015462025802655906
indianapolis,100,0.0,250.0,4.0,617,GAP,False,10,0.008747289389249454
indianapolis,100,0.0,250.0,4.0,617,GAP,False,11,0.00043906335063621804
indianapolis,100,0.0,250.0,4.0,617,GAP,False,12,0.00016333326966996674
indianapolis,100,0.0,250.0,4.0,617,GAP,False,13,0.0025022837192071475
indianapolis,100,0.0,250.0,4.0,617,GAP,False,14,0.019124673663534868
indianapolis,100,0.0,250.0,4.0,617,GAP,False,15,0.0002048105156122014
indianapolis,100,0.0,250.0,4.0,617,GAP,False,16,0.022422509487448762
indianapolis,100,0.0,250.0,4.0,617,GAP,False,17,0.02083506533124338
indianapolis,100,0.0,250.0,4.0,617,GAP,False,18,0.015143778712913938
indianapolis,100,0.0,250.0,4.0,617,GAP,False,19,0.009914723433555489
indianapolis,100,0.0,250.0,4.0,617,GAP,False,20,0.01987953431333828
indianapolis,100,0.0,250.0,4.0,617,GAP,False,21,0.024874606708920884
indianapolis,100,0.0,250.0,4.0,617,GAP,False,22,0.030192409337812427
indianapolis,100,0.0,250.0,4.0,617,GAP,False,23,0.023963095477481985
indianapolis,100,0.0,250.0,4.0,617,GAP,False,24,0.02540425247448684
indianapolis,100,0.0,250.0,4.0,617,GAP,False,25,0.024034152209905197
indianapolis,100,0.0,250.0,4.0,617,GAP,False,26,0.03236627542765179
indianapolis,100,0.0,250.0,4.0,617,GAP,False,27,0.04531715050312172
indianapolis,100,0.0,250.0,4.0,617,GAP,False,28,0.033407275327100035
indianapolis,100,0.0,250.0,4.0,617,GAP,False,29,0.05447031443117768
indianapolis,100,0.0,250.0,4.0,617,GAP,False,30,0.061623096289107664
indianapolis,100,0.0,250.0,4.0,617,GAP,True,1,0.004946638065974979
indianapolis,100,0.0,250.0,4.0,617,GAP,True,2,0.007163032020850635
indianapolis,100,0.0,250.0,4.0,617,GAP,True,3,0.01255272194510996
indianapolis,100,0.0,250.0,4.0,617,GAP,True,4,0.002109359225091069
indianapolis,100,0.0,250.0,4.0,617,GAP,True,5,0.0035516989605702144
indianapolis,100,0.0,250.0,4.0,617,GAP,True,6,0.01318430652206666
indianapolis,100,0.0,250.0,4.0,617,GAP,True,7,0.006645108904213976
indianapolis,100,0.0,250.0,4.0,617,GAP,True,8,0.015598962479478255
indianapolis,100,0.0,250.0,4.0,617,GAP,True,9,0.003295392094711449
indianapolis,100,0.0,250.0,4.0,617,GAP,True,10,0.004117425665712885
indianapolis,100,0.0,250.0,4.0,617,GAP,True,11,0.004825029608768492
indianapolis,100,0.0,250.0,4.0,617,GAP,True,12,0.0027165238943203723
indianapolis,100,0.0,250.0,4.0,617,GAP,True,13,0.00882817268855659
indianapolis,100,0.0,250.0,4.0,617,GAP,True,14,0.023332231204229326
indianapolis,100,0.0,250.0,4.0,617,GAP,True,15,0.0021976515739048504
indianapolis,100,0.0,250.0,4.0,617,GAP,True,16,0.022253258731603484
indianapolis,100,0.0,250.0,4.0,617,GAP,True,17,0.024494015929115136
indianapolis,100,0.0,250.0,4.0,617,GAP,True,18,0.014095866130894126
indianapolis,100,0.0,250.0,4.0,617,GAP,True,19,0.016197454300004143
indianapolis,100,0.0,250.0,4.0,617,GAP,True,20,0.022896842720651116
indianapolis,100,0.0,250.0,4.0,617,GAP,True,21,0.027668010519067376
indianapolis,100,0.0,250.0,4.0,617,GAP,True,22,0.0332013457867724
indianapolis,100,0.0,250.0,4.0,617,GAP,True,23,0.023050050211943323
indianapolis,100,0.0,250.0,4.0,617,GAP,True,24,0.025354282114485722
indianapolis,100,0.0,250.0,4.0,617,GAP,True,25,0.026608587682704212
indianapolis,100,0.0,250.0,4.0,617,GAP,True,26,0.03420169835559558
indianapolis,100,0.0,250.0,4.0,617,GAP,True,27,0.03912739144744527
indianapolis,100,0.0,250.0,4.0,617,GAP,True,28,0.02868454508459012
indianapolis,100,0.0,250.0,4.0,617,GAP,True,29,0.04646696614609774
indianapolis,100,0.0,250.0,4.0,617,GAP,True,30,0.051584334553137275
indianapolis,100,0.0,250.0,4.0,617,PPCA,False,1,0.006518443996684229
indianapolis,100,0.0,250.0,4.0,617,PPCA,False,2,0.006177462153604387
indianapolis,100,0.0,250.0,4.0,617,PPCA,False,3,0.003939936276161827
indianapolis,100,0.0,250.0,4.0,617,PPCA,False,4,0.0050811477275293105
indianapolis,100,0.0,250.0,4.0,617,PPCA,False,5,0.0030408650716782196
indianapolis,100,0.0,250.0,4.0,617,PPCA,False,6,0.00515177005416815
indianapolis,100,0.0,250.0,4.0,617,PPCA,False,7,0.014614316682340731
indianapolis,100,0.0,250.0,4.0,617,PPCA,False,8,0.0298239568416733
indianapolis,100,0.0,250.0,4.0,617,PPCA,False,9,0.002258664972546014
indianapolis,100,0.0,250.0,4.0,617,PPCA,False,10,0.02000264946027343
indianapolis,100,0.0,250.0,4.0,617,PPCA,False,11,0.022796542860247567
indianapolis,100,0.0,250.0,4.0,617,PPCA,False,12,0.023198780636131726
indianapolis,100,0.0,250.0,4.0,617,PPCA,False,13,0.028659606984051494
indianapolis,100,0.0,250.0,4.0,617,PPCA,False,14,0.04526007344959157
indianapolis,100,0.0,250.0,4.0,617,PPCA,False,15,0.03699532455118504
indianapolis,100,0.0,250.0,4.0,617,PPCA,False,16,0.04365702855852252
indianapolis,100,0.0,250.0,4.0,617,PPCA,False,17,0.051209952980385345
indianapolis,100,0.0,250.0,4.0,617,PPCA,False,18,0.050489573464990854
indianapolis,100,0.0,250.0,4.0,617,PPCA,False,19,0.05913074211416943
indianapolis,100,0.0,250.0,4.0,617,PPCA,False,20,0.0636223422510191
indianapolis,100,0.0,250.0,4.0,617,PPCA,False,21,0.06861561923264876
indianapolis,100,0.0,250.0,4.0,617,PPCA,False,22,0.0676957543430967
indianapolis,100,0.0,250.0,4.0,617,PPCA,False,23,0.05977016014179278
indianapolis,100,0.0,250.0,4.0,617,PPCA,False,24,0.06108987454114105
indianapolis,100,0.0,250.0,4.0,617,PPCA,False,25,0.06322363920574244
indianapolis,100,0.0,250.0,4.0,617,PPCA,False,26,0.06856623708963094
indianapolis,100,0.0,250.0,4.0,617,PPCA,False,27,0.07850755515540728
indianapolis,100,0.0,250.0,4.0,617,PPCA,False,28,0.06823082340468027
indianapolis,100,0.0,250.0,4.0,617,PPCA,False,29,0.0782200096893373
indianapolis,100,0.0,250.0,4.0,617,PPCA,False,30,0.09961823146840372
indianapolis,100,0.0,250.0,4.0,617,PPCA,True,1,0.006369665990347522
indianapolis,100,0.0,250.0,4.0,617,PPCA,True,2,0.004811137589636251
indianapolis,100,0.0,250.0,4.0,617,PPCA,True,3,0.004401115685987611
indianapolis,100,0.0,250.0,4.0,617,PPCA,True,4,0.003432588779535096
indianapolis,100,0.0,250.0,4.0,617,PPCA,True,5,0.0009746020145660611
indianapolis,100,0.0,250.0,4.0,617,PPCA,True,6,0.008717364522454365
indianapolis,100,0.0,250.0,4.0,617,PPCA,True,7,0.012199576125641456
indianapolis,100,0.0,250.0,4.0,617,PPCA,True,8,0.02804446172307071
indianapolis,100,0.0,250.0,4.0,617,PPCA,True,9,0.002887488765777128
indianapolis,100,0.0,250.0,4.0,617,PPCA,True,10,0.014762510922890637
indianapolis,100,0.0,250.0,4.0,617,PPCA,True,11,0.021592038185445486
indianapolis,100,0.0,250.0,4.0,617,PPCA,True,12,0.021336875913628806
indianapolis,100,0.0,250.0,4.0,617,PPCA,True,13,0.023755835888083464
indianapolis,100,0.0,250.0,4.0,617,PPCA,True,14,0.03928401302777139
indianapolis,100,0.0,250.0,4.0,617,PPCA,True,15,0.03225467200138902
indianapolis,100,0.0,250.0,4.0,617,PPCA,True,16,0.04017452138582622
indianapolis,100,0.0,250.0,4.0,617,PPCA,True,17,0.04539459845868338
indianapolis,100,0.0,250.0,4.0,617,PPCA,True,18,0.0428785083816684
indianapolis,100,0.0,250.0,4.0,617,PPCA,True,19,0.050585697566511295
indianapolis,100,0.0,250.0,4.0,617,PPCA,True,20,0.05671830500319188
indianapolis,100,0.0,250.0,4.0,617,PPCA,True,21,0.060499477847863414
indianapolis,100,0.0,250.0,4.0,617,PPCA,True,22,0.05943064741904428
indianapolis,100,0.0,250.0,4.0,617,PPCA,True,23,0.04698866262457626
indianapolis,100,0.0,250.0,4.0,617,PPCA,True,24,0.04930477241434278
indianapolis,100,0.0,250.0,4.0,617,PPCA,True,25,0.05052697779932404
indianapolis,100,0.0,250.0,4.0,617,PPCA,True,26,0.0535550063711833
indianapolis,100,0.0,250.0,4.0,617,PPCA,True,27,0.06738789569477603
indianapolis,100,0.0,250.0,4.0,617,PPCA,True,28,0.05133300179686919
indianapolis,100,0.0,250.0,4.0,617,PPCA,True,29,0.0646134922315092
indianapolis,100,0.0,250.0,4.0,617,PPCA,True,30,0.08564546236553246
indianapolis,100,0.0,250.0,4.0,781,rSC,False,1,0.008414248622046474
indianapolis,100,0.0,250.0,4.0,781,rSC,False,2,0.004149517556098001
indianapolis,100,0.0,250.0,4.0,781,rSC,False,3,0.004059691157609161
indianapolis,100,0.0,250.0,4.0,781,rSC,False,4,0.00091628852932093
indianapolis,100,0.0,250.0,4.0,781,rSC,False,5,0.008114449525218266
indianapolis,100,0.0,250.0,4.0,781,rSC,False,6,0.002975036202804012
indianapolis,100,0.0,250.0,4.0,781,rSC,False,7,0.010628226650873956
indianapolis,100,0.0,250.0,4.0,781,rSC,False,8,0.029482724754465738
indianapolis,100,0.0,250.0,4.0,781,rSC,False,9,0.014994540597321178
indianapolis,100,0.0,250.0,4.0,781,rSC,False,10,0.009064990372953807
indianapolis,100,0.0,250.0,4.0,781,rSC,False,11,0.0048382906374322505
indianapolis,100,0.0,250.0,4.0,781,rSC,False,12,0.0071519410002452224
indianapolis,100,0.0,250.0,4.0,781,rSC,False,13,0.019151615716004503
indianapolis,100,0.0,250.0,4.0,781,rSC,False,14,0.017849931663954932
indianapolis,100,0.0,250.0,4.0,781,rSC,False,15,0.025130213706532723
indianapolis,100,0.0,250.0,4.0,781,rSC,False,16,0.013581153395421498
indianapolis,100,0.0,250.0,4.0,781,rSC,False,17,0.03127010287261427
indianapolis,100,0.0,250.0,4.0,781,rSC,False,18,0.03401676785480082
indianapolis,100,0.0,250.0,4.0,781,rSC,False,19,0.031568498736955546
indianapolis,100,0.0,250.0,4.0,781,rSC,False,20,0.05237742787553419
indianapolis,100,0.0,250.0,4.0,781,rSC,False,21,0.06264787063638749
indianapolis,100,0.0,250.0,4.0,781,rSC,False,22,0.037787523780081024
indianapolis,100,0.0,250.0,4.0,781,rSC,False,23,0.045894891910798166
indianapolis,100,0.0,250.0,4.0,781,rSC,False,24,0.06063772006392283
indianapolis,100,0.0,250.0,4.0,781,rSC,False,25,0.06522715482540904
indianapolis,100,0.0,250.0,4.0,781,rSC,False,26,0.06725924253216263
indianapolis,100,0.0,250.0,4.0,781,rSC,False,27,0.06062059399593329
indianapolis,100,0.0,250.0,4.0,781,rSC,False,28,0.06885414533582751
indianapolis,100,0.0,250.0,4.0,781,rSC,False,29,0.07480813105567549
indianapolis,100,0.0,250.0,4.0,781,rSC,False,30,0.06649479252450088
indianapolis,100,0.0,250.0,4.0,781,rSC,True,1,0.008414248622046474
indianapolis,100,0.0,250.0,4.0,781,rSC,True,2,0.004149517556098001
indianapolis,100,0.0,250.0,4.0,781,rSC,True,3,0.004059691157609161
indianapolis,100,0.0,250.0,4.0,781,rSC,True,4,0.00091628852932093
indianapolis,100,0.0,250.0,4.0,781,rSC,True,5,0.008114449525218266
indianapolis,100,0.0,250.0,4.0,781,rSC,True,6,0.002975036202804012
indianapolis,100,0.0,250.0,4.0,781,rSC,True,7,0.010628226650873956
indianapolis,100,0.0,250.0,4.0,781,rSC,True,8,0.029482724754465738
indianapolis,100,0.0,250.0,4.0,781,rSC,True,9,0.014994540597321178
indianapolis,100,0.0,250.0,4.0,781,rSC,True,10,0.009064990372953807
indianapolis,100,0.0,250.0,4.0,781,rSC,True,11,0.0048382906374322505
indianapolis,100,0.0,250.0,4.0,781,rSC,True,12,0.0071519410002452224
indianapolis,100,0.0,250.0,4.0,781,rSC,True,13,0.019151615716004503
indianapolis,100,0.0,250.0,4.0,781,rSC,True,14,0.017849931663954932
indianapolis,100,0.0,250.0,4.0,781,rSC,True,15,0.025130213706532723
indianapolis,100,0.0,250.0,4.0,781,rSC,True,16,0.013581153395421498
indianapolis,100,0.0,250.0,4.0,781,rSC,True,17,0.03127010287261427
indianapolis,100,0.0,250.0,4.0,781,rSC,True,18,0.03401676785480082
indianapolis,100,0.0,250.0,4.0,781,rSC,True,19,0.031568498736955546
indianapolis,100,0.0,250.0,4.0,781,rSC,True,20,0.05237742787553419
indianapolis,100,0.0,250.0,4.0,781,rSC,True,21,0.06264787063638749
indianapolis,100,0.0,250.0,4.0,781,rSC,True,22,0.037787523780081024
indianapolis,100,0.0,250.0,4.0,781,rSC,True,23,0.045894891910798166
indianapolis,100,0.0,250.0,4.0,781,rSC,True,24,0.06063772006392283
indianapolis,100,0.0,250.0,4.0,781,rSC,True,25,0.06522715482540904
indianapolis,100,0.0,250.0,4.0,781,rSC,True,26,0.06725924253216263
indianapolis,100,0.0,250.0,4.0,781,rSC,True,27,0.06062059399593329
indianapolis,100,0.0,250.0,4.0,781,rSC,True,28,0.06885414533582751
indianapolis,100,0.0,250.0,4.0,781,rSC,True,29,0.07480813105567549
indianapolis,100,0.0,250.0,4.0,781,rSC,True,30,0.06649479252450088
indianapolis,100,0.0,250.0,4.0,781,GAP,False,1,0.015417269735711194
indianapolis,100,0.0,250.0,4.0,781,GAP,False,2,0.015824471697911437
indianapolis,100,0.0,250.0,4.0,781,GAP,False,3,0.009556925791135637
indianapolis,100,0.0,250.0,4.0,781,GAP,False,4,0.01077323157026485
indianapolis,100,0.0,250.0,4.0,781,GAP,False,5,0.010514974859919682
indianapolis,100,0.0,250.0,4.0,781,GAP,False,6,0.005898551276010364
indianapolis,100,0.0,250.0,4.0,781,GAP,False,7,0.02024906605514717
indianapolis,100,0.0,250.0,4.0,781,GAP,False,8,0.028897836758860443
indianapolis,100,0.0,250.0,4.0,781,GAP,False,9,0.0237931192464983
indianapolis,100,0.0,250.0,4.0,781,GAP,False,10,0.0016700680725322968
indianapolis,100,0.0,250.0,4.0,781,GAP,False,11,0.007862612362585638
indianapolis,100,0.0,250.0,4.0,781,GAP,False,12,0.024329730556456767
indianapolis,100,0.0,250.0,4.0,781,GAP,False,13,0.028542281507144836
indianapolis,100,0.0,250.0,4.0,781,GAP,False,14,0.014744459122582295
indianapolis,100,0.0,250.0,4.0,781,GAP,False,15,0.02825539781906592
indianapolis,100,0.0,250.0,4.0,781,GAP,False,16,0.026900394734774437
indianapolis,100,0.0,250.0,4.0,781,GAP,False,17,0.03762291195221946
indianapolis,100,0.0,250.0,4.0,781,GAP,False,18,0.04093074314263828
indianapolis,100,0.0,250.0,4.0,781,GAP,False,19,0.062221064322835064
indianapolis,100,0.0,250.0,4.0,781,GAP,False,20,0.05720470235660425
indianapolis,100,0.0,250.0,4.0,781,GAP,False,21,0.07237774815805474
indianapolis,100,0.0,250.0,4.0,781,GAP,False,22,0.05156740723921159
indianapolis,100,0.0,250.0,4.0,781,GAP,False,23,0.06338010999716912
indianapolis,100,0.0,250.0,4.0,781,GAP,False,24,0.068567069437521
indianapolis,100,0.0,250.0,4.0,781,GAP,False,25,0.07483188358272269
indianapolis,100,0.0,250.0,4.0,781,GAP,False,26,0.07665157665531033
indianapolis,100,0.0,250.0,4.0,781,GAP,False,27,0.06593730497665572
indianapolis,100,0.0,250.0,4.0,781,GAP,False,28,0.08458886242119408
indianapolis,100,0.0,250.0,4.0,781,GAP,False,29,0.06855696568844803
indianapolis,100,0.0,250.0,4.0,781,GAP,False,30,0.07232574558218524
indianapolis,100,0.0,250.0,4.0,781,GAP,True,1,0.01749903891816959
indianapolis,100,0.0,250.0,4.0,781,GAP,True,2,0.017700294712727268
indianapolis,100,0.0,250.0,4.0,781,GAP,True,3,0.011192253322812958
indianapolis,100,0.0,250.0,4.0,781,GAP,True,4,0.014019281710848628
indianapolis,100,0.0,250.0,4.0,781,GAP,True,5,0.013421950864960485
indianapolis,100,0.0,250.0,4.0,781,GAP,True,6,0.007477400071756233
indianapolis,100,0.0,250.0,4.0,781,GAP,True,7,0.023737791213204476
indianapolis,100,0.0,250.0,4.0,781,GAP,True,8,0.03267025328706135
indianapolis,100,0.0,250.0,4.0,781,GAP,True,9,0.026817295296819622
indianapolis,100,0.0,250.0,4.0,781,GAP,True,10,5.276229764019988e-05
indianapolis,100,0.0,250.0,4.0,781,GAP,True,11,0.007885243009233713
indianapolis,100,0.0,250.0,4.0,781,GAP,True,12,0.025352621225319578
indianapolis,100,0.0,250.0,4.0,781,GAP,True,13,0.029911651318450312
indianapolis,100,0.0,250.0,4.0,781,GAP,True,14,0.016517318584012303
indianapolis,100,0.0,250.0,4.0,781,GAP,True,15,0.030166465520736034
indianapolis,100,0.0,250.0,4.0,781,GAP,True,16,0.028586313005750593
indianapolis,100,0.0,250.0,4.0,781,GAP,True,17,0.04199786247617288
indianapolis,100,0.0,250.0,4.0,781,GAP,True,18,0.04241518273288421
indianapolis,100,0.0,250.0,4.0,781,GAP,True,19,0.06412415636454563
indianapolis,100,0.0,250.0,4.0,781,GAP,True,20,0.059011581479675106
indianapolis,100,0.0,250.0,4.0,781,GAP,True,21,0.07411628575270385
indianapolis,100,0.0,250.0,4.0,781,GAP,True,22,0.05141610619301968
indianapolis,100,0.0,250.0,4.0,781,GAP,True,23,0.06585617157413114
indianapolis,100,0.0,250.0,4.0,781,GAP,True,24,0.07037001703312658
indianapolis,100,0.0,250.0,4.0,781,GAP,True,25,0.07683848626131722
indianapolis,100,0.0,250.0,4.0,781,GAP,True,26,0.07917847927261092
indianapolis,100,0.0,250.0,4.0,781,GAP,True,27,0.06669602007296886
indianapolis,100,0.0,250.0,4.0,781,GAP,True,28,0.08506976107605146
indianapolis,100,0.0,250.0,4.0,781,GAP,True,29,0.06947085091097993
indianapolis,100,0.0,250.0,4.0,781,GAP,True,30,0.07334280846074138
indianapolis,100,0.0,250.0,4.0,781,PPCA,False,1,0.01599905286640672
indianapolis,100,0.0,250.0,4.0,781,PPCA,False,2,0.01635279969249806
indianapolis,100,0.0,250.0,4.0,781,PPCA,False,3,0.0019121539566360603
indianapolis,100,0.0,250.0,4.0,781,PPCA,False,4,0.017342000887389325
indianapolis,100,0.0,250.0,4.0,781,PPCA,False,5,0.010813149687327285
indianapolis,100,0.0,250.0,4.0,781,PPCA,False,6,0.008282941808123931
indianapolis,100,0.0,250.0,4.0,781,PPCA,False,7,0.015456041653852512
indianapolis,100,0.0,250.0,4.0,781,PPCA,False,8,0.02731312276970168
indianapolis,100,0.0,250.0,4.0,781,PPCA,False,9,0.03225662496006434
indianapolis,100,0.0,250.0,4.0,781,PPCA,False,10,0.005664590593897695
indianapolis,100,0.0,250.0,4.0,781,PPCA,False,11,0.009527511665305096
indianapolis,100,0.0,250.0,4.0,781,PPCA,False,12,0.03520715439137846
indianapolis,100,0.0,250.0,4.0,781,PPCA,False,13,0.030943091344439125
indianapolis,100,0.0,250.0,4.0,781,PPCA,False,14,0.034183984236977265
indianapolis,100,0.0,250.0,4.0,781,PPCA,False,15,0.03227071517838245
indianapolis,100,0.0,250.0,4.0,781,PPCA,False,16,0.02763070826461059
indianapolis,100,0.0,250.0,4.0,781,PPCA,False,17,0.05370941649136249
indianapolis,100,0.0,250.0,4.0,781,PPCA,False,18,0.06531215451664443
indianapolis,100,0.0,250.0,4.0,781,PPCA,False,19,0.05418022291432562
indianapolis,100,0.0,250.0,4.0,781,PPCA,False,20,0.07130312791859529
indianapolis,100,0.0,250.0,4.0,781,PPCA,False,21,0.07542741808559271
indianapolis,100,0.0,250.0,4.0,781,PPCA,False,22,0.06515777592740431
indianapolis,100,0.0,250.0,4.0,781,PPCA,False,23,0.07462337506660963
indianapolis,100,0.0,250.0,4.0,781,PPCA,False,24,0.08001530343098207
indianapolis,100,0.0,250.0,4.0,781,PPCA,False,25,0.09744296288913758
indianapolis,100,0.0,250.0,4.0,781,PPCA,False,26,0.09736626961162052
indianapolis,100,0.0,250.0,4.0,781,PPCA,False,27,0.09263402602960571
indianapolis,100,0.0,250.0,4.0,781,PPCA,False,28,0.10444168151020872
indianapolis,100,0.0,250.0,4.0,781,PPCA,False,29,0.09833530834976414
indianapolis,100,0.0,250.0,4.0,781,PPCA,False,30,0.10051073578422164
indianapolis,100,0.0,250.0,4.0,781,PPCA,True,1,0.018547786925654165
indianapolis,100,0.0,250.0,4.0,781,PPCA,True,2,0.016542285134221624
indianapolis,100,0.0,250.0,4.0,781,PPCA,True,3,0.0012645338829597073
indianapolis,100,0.0,250.0,4.0,781,PPCA,True,4,0.015587628426862732
indianapolis,100,0.0,250.0,4.0,781,PPCA,True,5,0.007915661529564114
indianapolis,100,0.0,250.0,4.0,781,PPCA,True,6,0.004241938579029971
indianapolis,100,0.0,250.0,4.0,781,PPCA,True,7,0.014865170661797903
indianapolis,100,0.0,250.0,4.0,781,PPCA,True,8,0.026779641196255845
indianapolis,100,0.0,250.0,4.0,781,PPCA,True,9,0.028358044467703163
indianapolis,100,0.0,250.0,4.0,781,PPCA,True,10,0.0012127708708483973
indianapolis,100,0.0,250.0,4.0,781,PPCA,True,11,0.0016044756472441842
indianapolis,100,0.0,250.0,4.0,781,PPCA,True,12,0.029090029392636316
indianapolis,100,0.0,250.0,4.0,781,PPCA,True,13,0.024324653539001175
indianapolis,100,0.0,250.0,4.0,781,PPCA,True,14,0.024619272142657245
indianapolis,100,0.0,250.0,4.0,781,PPCA,True,15,0.02349993075898631
indianapolis,100,0.0,250.0,4.0,781,PPCA,True,16,0.012193050088621772
indianapolis,100,0.0,250.0,4.0,781,PPCA,True,17,0.042641657320647154
indianapolis,100,0.0,250.0,4.0,781,PPCA,True,18,0.05348179569012201
indianapolis,100,0.0,250.0,4.0,781,PPCA,True,19,0.03682984898917909
indianapolis,100,0.0,250.0,4.0,781,PPCA,True,20,0.05585701537225626
indianapolis,100,0.0,250.0,4.0,781,PPCA,True,21,0.06390706565847463
indianapolis,100,0.0,250.0,4.0,781,PPCA,True,22,0.04953950025522451
indianapolis,100,0.0,250.0,4.0,781,PPCA,True,23,0.057287758866451106
indianapolis,100,0.0,250.0,4.0,781,PPCA,True,24,0.06295755010177571
indianapolis,100,0.0,250.0,4.0,781,PPCA,True,25,0.0805789327901778
indianapolis,100,0.0,250.0,4.0,781,PPCA,True,26,0.07682232688530252
indianapolis,100,0.0,250.0,4.0,781,PPCA,True,27,0.07017067548276236
indianapolis,100,0.0,250.0,4.0,781,PPCA,True,28,0.08347889139270383
indianapolis,100,0.0,250.0,4.0,781,PPCA,True,29,0.07796017080598906
indianapolis,100,0.0,250.0,4.0,781,PPCA,True,30,0.0761069210692731
indianapolis,100,0.0,100000.0,0.01,617,rSC,False,1,0.006697140145532551
indianapolis,100,0.0,100000.0,0.01,617,rSC,False,2,0.002237123474773542
indianapolis,100,0.0,100000.0,0.01,617,rSC,False,3,0.006378536157944083
indianapolis,100,0.0,100000.0,0.01,617,rSC,False,4,0.004749525732340089
indianapolis,100,0.0,100000.0,0.01,617,rSC,False,5,0.0030210530263745476
indianapolis,100,0.0,100000.0,0.01,617,rSC,False,6,0.0062272100909054676
indianapolis,100,0.0,100000.0,0.01,617,rSC,False,7,0.0012033341009586834
indianapolis,100,0.0,100000.0,0.01,617,rSC,False,8,0.00953900621319848
indianapolis,100,0.0,100000.0,0.01,617,rSC,False,9,0.008525601516506427
indianapolis,100,0.0,100000.0,0.01,617,rSC,False,10,0.004500111870489018
indianapolis,100,0.0,100000.0,0.01,617,rSC,False,11,0.002575869969904001
indianapolis,100,0.0,100000.0,0.01,617,rSC,False,12,0.003689134759073034
indianapolis,100,0.0,100000.0,0.01,617,rSC,False,13,0.008994571800457117
indianapolis,100,0.0,100000.0,0.01,617,rSC,False,14,0.012587396633855295
indianapolis,100,0.0,100000.0,0.01,617,rSC,False,15,0.00017079768483792068
indianapolis,100,0.0,100000.0,0.01,617,rSC,False,16,0.00649072422210188
indianapolis,100,0.0,100000.0,0.01,617,rSC,False,17,0.012760856136580326
indianapolis,100,0.0,100000.0,0.01,617,rSC,False,18,0.012828389183482027
indianapolis,100,0.0,100000.0,0.01,617,rSC,False,19,0.009813154989837668
indianapolis,100,0.0,100000.0,0.01,617,rSC,False,20,0.01842792248389283
indianapolis,100,0.0,100000.0,0.01,617,rSC,False,21,0.016449969266606423
indianapolis,100,0.0,100000.0,0.01,617,rSC,False,22,0.020812760443840433
indianapolis,100,0.0,100000.0,0.01,617,rSC,False,23,0.016316819498775892
indianapolis,100,0.0,100000.0,0.01,617,rSC,False,24,0.020400637437414486
indianapolis,100,0.0,100000.0,0.01,617,rSC,False,25,0.013509882674215632
indianapolis,100,0.0,100000.0,0.01,617,rSC,False,26,0.02177226211942569
indianapolis,100,0.0,100000.0,0.01,617,rSC,False,27,0.023251338799061078
indianapolis,100,0.0,100000.0,0.01,617,rSC,False,28,0.027745951781222484
indianapolis,100,0.0,100000.0,0.01,617,rSC,False,29,0.04290563521867809
indianapolis,100,0.0,100000.0,0.01,617,rSC,False,30,0.03770692868165018
indianapolis,100,0.0,100000.0,0.01,617,rSC,True,1,0.006697140145532551
indianapolis,100,0.0,100000.0,0.01,617,rSC,True,2,0.002237123474773542
indianapolis,100,0.0,100000.0,0.01,617,rSC,True,3,0.006378536157944083
indianapolis,100,0.0,100000.0,0.01,617,rSC,True,4,0.004749525732340089
indianapolis,100,0.0,100000.0,0.01,617,rSC,True,5,0.0030210530263745476
indianapolis,100,0.0,100000.0,0.01,617,rSC,True,6,0.0062272100909054676
indianapolis,100,0.0,100000.0,0.01,617,rSC,True,7,0.0012033341009586834
indianapolis,100,0.0,100000.0,0.01,617,rSC,True,8,0.00953900621319848
indianapolis,100,0.0,100000.0,0.01,617,rSC,True,9,0.008525601516506427
indianapolis,100,0.0,100000.0,0.01,617,rSC,True,10,0.004500111870489018
indianapolis,100,0.0,100000.0,0.01,617,rSC,True,11,0.002575869969904001
indianapolis,100,0.0,100000.0,0.01,617,rSC,True,12,0.003689134759073034
indianapolis,100,0.0,100000.0,0.01,617,rSC,True,13,0.008994571800457117
indianapolis,100,0.0,100000.0,0.01,617,rSC,True,14,0.012587396633855295
indianapolis,100,0.0,100000.0,0.01,617,rSC,True,15,0.00017079768483792068
indianapolis,100,0.0,100000.0,0.01,617,rSC,True,16,0.00649072422210188
indianapolis,100,0.0,100000.0,0.01,617,rSC,True,17,0.012760856136580326
indianapolis,100,0.0,100000.0,0.01,617,rSC,True,18,0.012828389183482027
indianapolis,100,0.0,100000.0,0.01,617,rSC,True,19,0.009813154989837668
indianapolis,100,0.0,100000.0,0.01,617,rSC,True,20,0.01842792248389283
indianapolis,100,0.0,100000.0,0.01,617,rSC,True,21,0.016449969266606423
indianapolis,100,0.0,100000.0,0.01,617,rSC,True,22,0.020812760443840433
indianapolis,100,0.0,100000.0,0.01,617,rSC,True,23,0.016316819498775892
indianapolis,100,0.0,100000.0,0.01,617,rSC,True,24,0.020400637437414486
indianapolis,100,0.0,100000.0,0.01,617,rSC,True,25,0.013509882674215632
indianapolis,100,0.0,100000.0,0.01,617,rSC,True,26,0.02177226211942569
indianapolis,100,0.0,100000.0,0.01,617,rSC,True,27,0.023251338799061078
indianapolis,100,0.0,100000.0,0.01,617,rSC,True,28,0.027745951781222484
indianapolis,100,0.0,100000.0,0.01,617,rSC,True,29,0.04290563521867809
indianapolis,100,0.0,100000.0,0.01,617,rSC,True,30,0.03770692868165018
indianapolis,100,0.0,100000.0,0.01,617,GAP,False,1,0.0028430767730437284
indianapolis,100,0.0,100000.0,0.01,617,GAP,False,2,0.0048904073818585025
indianapolis,100,0.0,100000.0,0.01,617,GAP,False,3,0.004511628506810041
indianapolis,100,0.0,100000.0,0.01,617,GAP,False,4,0.009510352558127523
indianapolis,100,0.0,100000.0,0.01,617,GAP,False,5,0.007422204522620183
indianapolis,100,0.0,100000.0,0.01,617,GAP,False,6,0.023946727149034456
indianapolis,100,0.0,100000.0,0.01,617,GAP,False,7,0.002441734155807027
indianapolis,100,0.0,100000.0,0.01,617,GAP,False,8,0.0002924910859061138
indianapolis,100,0.0,100000.0,0.01,617,GAP,False,9,0.018335223620626673
indianapolis,100,0.0,100000.0,0.01,617,GAP,False,10,0.010634372116098266
indianapolis,100,0.0,100000.0,0.01,617,GAP,False,11,0.004777537373991114
indianapolis,100,0.0,100000.0,0.01,617,GAP,False,12,0.005883772064079027
indianapolis,100,0.0,100000.0,0.01,617,GAP,False,13,0.001260041695387125
indianapolis,100,0.0,100000.0,0.01,617,GAP,False,14,0.013619297145934378
indianapolis,100,0.0,100000.0,0.01,617,GAP,False,15,0.004601080357532764
indianapolis,100,0.0,100000.0,0.01,617,GAP,False,16,0.012682838125999265
indianapolis,100,0.0,100000.0,0.01,617,GAP,False,17,0.011780124339832648
indianapolis,100,0.0,100000.0,0.01,617,GAP,False,18,0.007948443556294833
indianapolis,100,0.0,100000.0,0.01,617,GAP,False,19,0.001716354347414865
indianapolis,100,0.0,100000.0,0.01,617,GAP,False,20,0.008447230053468851
indianapolis,100,0.0,100000.0,0.01,617,GAP,False,21,0.012789179490942625
indianapolis,100,0.0,100000.0,0.01,617,GAP,False,22,0.015885800650582642
indianapolis,100,0.0,100000.0,0.01,617,GAP,False,23,0.014643704075751206
indianapolis,100,0.0,100000.0,0.01,617,GAP,False,24,0.011125728644442152
indianapolis,100,0.0,100000.0,0.01,617,GAP,False,25,0.007688485452903392
indianapolis,100,0.0,100000.0,0.01,617,GAP,False,26,0.017216224664925284
indianapolis,100,0.0,100000.0,0.01,617,GAP,False,27,0.025818762818628008
indianapolis,100,0.0,100000.0,0.01,617,GAP,False,28,0.016800642944000244
indianapolis,100,0.0,100000.0,0.01,617,GAP,False,29,0.032773296717978434
indianapolis,100,0.0,100000.0,0.01,617,GAP,False,30,0.039078477328662764
indianapolis,100,0.0,100000.0,0.01,617,GAP,True,1,0.004743813615922251
indianapolis,100,0.0,100000.0,0.01,617,GAP,True,2,0.005805051601625322
indianapolis,100,0.0,100000.0,0.01,617,GAP,True,3,0.005663204420487396
indianapolis,100,0.0,100000.0,0.01,617,GAP,True,4,0.0013482702834305789
indianapolis,100,0.0,100000.0,0.01,617,GAP,True,5,0.001680350258015634
indianapolis,100,0.0,100000.0,0.01,617,GAP,True,6,0.011466964635998769
indianapolis,100,0.0,100000.0,0.01,617,GAP,True,7,0.006659628607394031
indianapolis,100,0.0,100000.0,0.01,617,GAP,True,8,0.012351041472504367
indianapolis,100,0.0,100000.0,0.01,617,GAP,True,9,0.0064458809474908976
indianapolis,100,0.0,100000.0,0.01,617,GAP,True,10,0.0026025699590358983
indianapolis,100,0.0,100000.0,0.01,617,GAP,True,11,0.001039947943183929
indianapolis,100,0.0,100000.0,0.01,617,GAP,True,12,0.0006665871308782826
indianapolis,100,0.0,100000.0,0.01,617,GAP,True,13,0.007407079279715426
indianapolis,100,0.0,100000.0,0.01,617,GAP,True,14,0.020690056171828817
indianapolis,100,0.0,100000.0,0.01,617,GAP,True,15,0.0015259157311385164
indianapolis,100,0.0,100000.0,0.01,617,GAP,True,16,0.015648913639538298
indianapolis,100,0.0,100000.0,0.01,617,GAP,True,17,0.019219225454803743
indianapolis,100,0.0,100000.0,0.01,617,GAP,True,18,0.012427585423919021
indianapolis,100,0.0,100000.0,0.01,617,GAP,True,19,0.012154346294777104
indianapolis,100,0.0,100000.0,0.01,617,GAP,True,20,0.01562855442512619
indianapolis,100,0.0,100000.0,0.01,617,GAP,True,21,0.020178411946074604
indianapolis,100,0.0,100000.0,0.01,617,GAP,True,22,0.023402575740322163
indianapolis,100,0.0,100000.0,0.01,617,GAP,True,23,0.021206301774411407
indianapolis,100,0.0,100000.0,0.01,617,GAP,True,24,0.017287162801283333
indianapolis,100,0.0,100000.0,0.01,617,GAP,True,25,0.015745647916822227
indianapolis,100,0.0,100000.0,0.01,617,GAP,True,26,0.02586214255030471
indianapolis,100,0.0,100000.0,0.01,617,GAP,True,27,0.02712299280749747
indianapolis,100,0.0,100000.0,0.01,617,GAP,True,28,0.020927442389742038
indianapolis,100,0.0,100000.0,0.01,617,GAP,True,29,0.03323500488268975
indianapolis,100,0.0,100000.0,0.01,617,GAP,True,30,0.038232794963902514
indianapolis,100,0.0,100000.0,0.01,617,PPCA,False,1,0.005524242007144188
indianapolis,100,0.0,100000.0,0.01,617,PPCA,False,2,0.004596131960944152
indianapolis,100,0.0,100000.0,0.01,617,PPCA,False,3,0.0010869889565923068
indianapolis,100,0.0,100000.0,0.01,617,PPCA,False,4,0.0016594720376356949
indianapolis,100,0.0,100000.0,0.01,617,PPCA,False,5,0.00125937891159874
indianapolis,100,0.0,100000.0,0.01,617,PPCA,False,6,0.009773888894988812
indianapolis,100,0.0,100000.0,0.01,617,PPCA,False,7,0.007952551868581296
indianapolis,100,0.0,100000.0,0.01,617,PPCA,False,8,0.018590049415852038
indianapolis,100,0.0,100000.0,0.01,617,PPCA,False,9,0.00828101411538355
indianapolis,100,0.0,100000.0,0.01,617,PPCA,False,10,0.007838749558969344
indianapolis,100,0.0,100000.0,0.01,617,PPCA,False,11,0.007507106549249957
indianapolis,100,0.0,100000.0,0.01,617,PPCA,False,12,0.0068251951546387385
indianapolis,100,0.0,100000.0,0.01,617,PPCA,False,13,0.012222757054767129
indianapolis,100,0.0,100000.0,0.01,617,PPCA,False,14,0.026402155873768905
indianapolis,100,0.0,100000.0,0.01,617,PPCA,False,15,0.016257203730335547
indianapolis,100,0.0,100000.0,0.01,617,PPCA,False,16,0.020189400679764657
indianapolis,100,0.0,100000.0,0.01,617,PPCA,False,17,0.026379388598515248
indianapolis,100,0.0,100000.0,0.01,617,PPCA,False,18,0.02506439327025553
indianapolis,100,0.0,100000.0,0.01,617,PPCA,False,19,0.029761800881659452
indianapolis,100,0.0,100000.0,0.01,617,PPCA,False,20,0.031035714895265305
indianapolis,100,0.0,100000.0,0.01,617,PPCA,False,21,0.034758647829424325
indianapolis,100,0.0,100000.0,0.01,617,PPCA,False,22,0.03194148974376794
indianapolis,100,0.0,100000.0,0.01,617,PPCA,False,23,0.027863505814148933
indianapolis,100,0.0,100000.0,0.01,617,PPCA,False,24,0.02401886133491829
indianapolis,100,0.0,100000.0,0.01,617,PPCA,False,25,0.022549417117339928
indianapolis,100,0.0,100000.0,0.01,617,PPCA,False,26,0.028579444412219834
indianapolis,100,0.0,100000.0,0.01,617,PPCA,False,27,0.03386651147811516
indianapolis,100,0.0,100000.0,0.01,617,PPCA,False,28,0.024910099820583093
indianapolis,100,0.0,100000.0,0.01,617,PPCA,False,29,0.031152506642245933
indianapolis,100,0.0,100000.0,0.01,617,PPCA,False,30,0.04813931704903592
indianapolis,100,0.0,100000.0,0.01,617,PPCA,True,1,0.006248263596954868
indianapolis,100,0.0,100000.0,0.01,617,PPCA,True,2,0.004550029530374928
indianapolis,100,0.0,100000.0,0.01,617,PPCA,True,3,0.0034960779260657785
indianapolis,100,0.0,100000.0,0.01,617,PPCA,True,4,0.0022670464377919507
indianapolis,100,0.0,100000.0,0.01,617,PPCA,True,5,0.0005577659884999403
indianapolis,100,0.0,100000.0,0.01,617,PPCA,True,6,0.011025723113373721
indianapolis,100,0.0,100000.0,0.01,617,PPCA,True,7,0.009347389089625706
indianapolis,100,0.0,100000.0,0.01,617,PPCA,True,8,0.024602269523659164
indianapolis,100,0.0,100000.0,0.01,617,PPCA,True,9,0.006797401228578449
indianapolis,100,0.0,100000.0,0.01,617,PPCA,True,10,0.010411087502173877
indianapolis,100,0.0,100000.0,0.01,617,PPCA,True,11,0.016508209148299105
indianapolis,100,0.0,100000.0,0.01,617,PPCA,True,12,0.01591611790871431
indianapolis,100,0.0,100000.0,0.01,617,PPCA,True,13,0.017434390624226782
indianapolis,100,0.0,100000.0,0.01,617,PPCA,True,14,0.03228367126286545
indianapolis,100,0.0,100000.0,0.01,617,PPCA,True,15,0.02482610071425825
indianapolis,100,0.0,100000.0,0.01,617,PPCA,True,16,0.03219674203215912
indianapolis,100,0.0,100000.0,0.01,617,PPCA,True,17,0.036693050268382287
indianapolis,100,0.0,100000.0,0.01,617,PPCA,True,18,0.03334619364012258
indianapolis,100,0.0,100000.0,0.01,617,PPCA,True,19,0.040625114627090606
indianapolis,100,0.0,100000.0,0.01,617,PPCA,True,20,0.04602605713131582
indianapolis,100,0.0,100000.0,0.01,617,PPCA,True,21,0.049258776372870426
indianapolis,100,0.0,100000.0,0.01,617,PPCA,True,22,0.047280791069864554
indianapolis,100,0.0,100000.0,0.01,617,PPCA,True,23,0.034173821809365575
indianapolis,100,0.0,100000.0,0.01,617,PPCA,True,24,0.03596503521623399
indianapolis,100,0.0,100000.0,0.01,617,PPCA,True,25,0.03634398459733065
indianapolis,100,0.0,100000.0,0.01,617,PPCA,True,26,0.03849468606281639
indianapolis,100,0.0,100000.0,0.01,617,PPCA,True,27,0.05174892625739844
indianapolis,100,0.0,100000.0,0.01,617,PPCA,True,28,0.034746968902107205
indianapolis,100,0.0,100000.0,0.01,617,PPCA,True,29,0.047344171398446114
indianapolis,100,0.0,100000.0,0.01,617,PPCA,True,30,0.06773998467139676
indianapolis,100,0.0,100000.0,0.01,781,rSC,False,1,0.008414248622046474
indianapolis,100,0.0,100000.0,0.01,781,rSC,False,2,0.004149517556098001
indianapolis,100,0.0,100000.0,0.01,781,rSC,False,3,0.004059691157609161
indianapolis,100,0.0,100000.0,0.01,781,rSC,False,4,0.00091628852932093
indianapolis,100,0.0,100000.0,0.01,781,rSC,False,5,0.008114449525218266
indianapolis,100,0.0,100000.0,0.01,781,rSC,False,6,0.002975036202804012
indianapolis,100,0.0,100000.0,0.01,781,rSC,False,7,0.010628226650873956
indianapolis,100,0.0,100000.0,0.01,781,rSC,False,8,0.029482724754465738
indianapolis,100,0.0,100000.0,0.01,781,rSC,False,9,0.014994540597321178
indianapolis,100,0.0,100000.0,0.01,781,rSC,False,10,0.009064990372953807
indianapolis,100,0.0,100000.0,0.01,781,rSC,False,11,0.0048382906374322505
indianapolis,100,0.0,100000.0,0.01,781,rSC,False,12,0.0071519410002452224
indianapolis,100,0.0,100000.0,0.01,781,rSC,False,13,0.019151615716004503
indianapolis,100,0.0,100000.0,0.01,781,rSC,False,14,0.017849931663954932
indianapolis,100,0.0,100000.0,0.01,781,rSC,False,15,0.025130213706532723
indianapolis,100,0.0,100000.0,0.01,781,rSC,False,16,0.013581153395421498
indianapolis,100,0.0,100000.0,0.01,781,rSC,False,17,0.03127010287261427
indianapolis,100,0.0,100000.0,0.01,781,rSC,False,18,0.03401676785480082
indianapolis,100,0.0,100000.0,0.01,781,rSC,False,19,0.031568498736955546
indianapolis,100,0.0,100000.0,0.01,781,rSC,False,20,0.05237742787553419
indianapolis,100,0.0,100000.0,0.01,781,rSC,False,21,0.06264787063638749
indianapolis,100,0.0,100000.0,0.01,781,rSC,False,22,0.037787523780081024
indianapolis,100,0.0,100000.0,0.01,781,rSC,False,23,0.045894891910798166
indianapolis,100,0.0,100000.0,0.01,781,rSC,False,24,0.06063772006392283
indianapolis,100,0.0,100000.0,0.01,781,rSC,False,25,0.06522715482540904
indianapolis,100,0.0,100000.0,0.01,781,rSC,False,26,0.06725924253216263
indianapolis,100,0.0,100000.0,0.01,781,rSC,False,27,0.06062059399593329
indianapolis,100,0.0,100000.0,0.01,781,rSC,False,28,0.06885414533582751
indianapolis,100,0.0,100000.0,0.01,781,rSC,False,29,0.07480813105567549
indianapolis,100,0.0,100000.0,0.01,781,rSC,False,30,0.06649479252450088
indianapolis,100,0.0,100000.0,0.01,781,rSC,True,1,0.008414248622046474
indianapolis,100,0.0,100000.0,0.01,781,rSC,True,2,0.004149517556098001
indianapolis,100,0.0,100000.0,0.01,781,rSC,True,3,0.004059691157609161
indianapolis,100,0.0,100000.0,0.01,781,rSC,True,4,0.00091628852932093
indianapolis,100,0.0,100000.0,0.01,781,rSC,True,5,0.008114449525218266
indianapolis,100,0.0,100000.0,0.01,781,rSC,True,6,0.002975036202804012
indianapolis,100,0.0,100000.0,0.01,781,rSC,True,7,0.010628226650873956
indianapolis,100,0.0,100000.0,0.01,781,rSC,True,8,0.029482724754465738
indianapolis,100,0.0,100000.0,0.01,781,rSC,True,9,0.014994540597321178
indianapolis,100,0.0,100000.0,0.01,781,rSC,True,10,0.009064990372953807
indianapolis,100,0.0,100000.0,0.01,781,rSC,True,11,0.0048382906374322505
indianapolis,100,0.0,100000.0,0.01,781,rSC,True,12,0.0071519410002452224
indianapolis,100,0.0,100000.0,0.01,781,rSC,True,13,0.019151615716004503
indianapolis,100,0.0,100000.0,0.01,781,rSC,True,14,0.017849931663954932
indianapolis,100,0.0,100000.0,0.01,781,rSC,True,15,0.025130213706532723
indianapolis,100,0.0,100000.0,0.01,781,rSC,True,16,0.013581153395421498
indianapolis,100,0.0,100000.0,0.01,781,rSC,True,17,0.03127010287261427
indianapolis,100,0.0,100000.0,0.01,781,rSC,True,18,0.03401676785480082
indianapolis,100,0.0,100000.0,0.01,781,rSC,True,19,0.031568498736955546
indianapolis,100,0.0,100000.0,0.01,781,rSC,True,20,0.05237742787553419
indianapolis,100,0.0,100000.0,0.01,781,rSC,True,21,0.06264787063638749
indianapolis,100,0.0,100000.0,0.01,781,rSC,True,22,0.037787523780081024
indianapolis,100,0.0,100000.0,0.01,781,rSC,True,23,0.045894891910798166
indianapolis,100,0.0,100000.0,0.01,781,rSC,True,24,0.06063772006392283
indianapolis,100,0.0,100000.0,0.01,781,rSC,True,25,0.06522715482540904
indianapolis,100,0.0,100000.0,0.01,781,rSC,True,26,0.06725924253216263
indianapolis,100,0.0,100000.0,0.01,781,rSC,True,27,0.06062059399593329
indianapolis,100,0.0,100000.0,0.01,781,rSC,True,28,0.06885414533582751
indianapolis,100,0.0,100000.0,0.01,781,rSC,True,29,0.07480813105567549
indianapolis,100,0.0,100000.0,0.01,781,rSC,True,30,0.06649479252450088
indianapolis,100,0.0,100000.0,0.01,781,GAP,False,1,0.012801434529946433
indianapolis,100,0.0,100000.0,0.01,781,GAP,False,2,0.014336956705772019
indianapolis,100,0.0,100000.0,0.01,781,GAP,False,3,0.005603107029899682
indianapolis,100,0.0,100000.0,0.01,781,GAP,False,4,0.008146807870309249
indianapolis,100,0.0,100000.0,0.01,781,GAP,False,5,0.005827951348318255
indianapolis,100,0.0,100000.0,0.01,781,GAP,False,6,0.00021640665456003282
indianapolis,100,0.0,100000.0,0.01,781,GAP,False,7,0.007144298349658913
indianapolis,100,0.0,100000.0,0.01,781,GAP,False,8,0.013649755339269746
indianapolis,100,0.0,100000.0,0.01,781,GAP,False,9,0.010698468031019582
indianapolis,100,0.0,100000.0,0.01,781,GAP,False,10,0.014256967770325278
indianapolis,100,0.0,100000.0,0.01,781,GAP,False,11,0.004878948661564531
indianapolis,100,0.0,100000.0,0.01,781,GAP,False,12,0.005555157052904894
indianapolis,100,0.0,100000.0,0.01,781,GAP,False,13,0.006384153598874835
indianapolis,100,0.0,100000.0,0.01,781,GAP,False,14,0.004638861230307353
indianapolis,100,0.0,100000.0,0.01,781,GAP,False,15,0.0016619166621918086
indianapolis,100,0.0,100000.0,0.01,781,GAP,False,16,0.0027239661197836842
indianapolis,100,0.0,100000.0,0.01,781,GAP,False,17,0.008766042634000886
indianapolis,100,0.0,100000.0,0.01,781,GAP,False,18,0.011778350597004657
indianapolis,100,0.0,100000.0,0.01,781,GAP,False,19,0.028147649904359296
indianapolis,100,0.0,100000.0,0.01,781,GAP,False,20,0.022618076343491354
indianapolis,100,0.0,100000.0,0.01,781,GAP,False,21,0.029684696247591253
indianapolis,100,0.0,100000.0,0.01,781,GAP,False,22,0.011612162458894787
indianapolis,100,0.0,100000.0,0.01,781,GAP,False,23,0.019210989025013343
indianapolis,100,0.0,100000.0,0.01,781,GAP,False,24,0.022064423228702043
indianapolis,100,0.0,100000.0,0.01,781,GAP,False,25,0.026459117306107977
indianapolis,100,0.0,100000.0,0.01,781,GAP,False,26,0.027277650215564216
indianapolis,100,0.0,100000.0,0.01,781,GAP,False,27,0.01613588858814798
indianapolis,100,0.0,100000.0,0.01,781,GAP,False,28,0.028923830264039434
indianapolis,100,0.0,100000.0,0.01,781,GAP,False,29,0.011538083849823359
indianapolis,100,0.0,100000.0,0.01,781,GAP,False,30,0.013945930834562897
indianapolis,100,0.0,100000.0,0.01,781,GAP,True,1,0.014309925401694576
indianapolis,100,0.0,100000.0,0.01,781,GAP,True,2,0.015890136762617187
indianapolis,100,0.0,100000.0,0.01,781,GAP,True,3,0.006822334082586114
indianapolis,100,0.0,100000.0,0.01,781,GAP,True,4,0.010814228499980314
indianapolis,100,0.0,100000.0,0.01,781,GAP,True,5,0.008357510550918944
indianapolis,100,0.0,100000.0,0.01,781,GAP,True,6,0.0017683329404817975
indianapolis,100,0.0,100000.0,0.01,781,GAP,True,7,0.009990171374666842
indianapolis,100,0.0,100000.0,0.01,781,GAP,True,8,0.016905267180831816
indianapolis,100,0.0,100000.0,0.01,781,GAP,True,9,0.013674421814920545
indianapolis,100,0.0,100000.0,0.01,781,GAP,True,10,0.012370800857648233
indianapolis,100,0.0,100000.0,0.01,781,GAP,True,11,0.004053960757932266
indianapolis,100,0.0,100000.0,0.01,781,GAP,True,12,0.0072537087126127095
indianapolis,100,0.0,100000.0,0.01,781,GAP,True,13,0.008262936427506095
indianapolis,100,0.0,100000.0,0.01,781,GAP,True,14,0.002122345249074009
indianapolis,100,0.0,100000.0,0.01,781,GAP,True,15,0.004198494614636191
indianapolis,100,0.0,100000.0,0.01,781,GAP,True,16,0.005258941110643531
indianapolis,100,0.0,100000.0,0.01,781,GAP,True,17,0.01337083354771247
indianapolis,100,0.0,100000.0,0.01,781,GAP,True,18,0.014520080247386252
indianapolis,100,0.0,100000.0,0.01,781,GAP,True,19,0.031043663105691732
indianapolis,100,0.0,100000.0,0.01,781,GAP,True,20,0.02585891505747785
indianapolis,100,0.0,100000.0,0.01,781,GAP,True,21,0.032474505066742536
indianapolis,100,0.0,100000.0,0.01,781,GAP,True,22,0.01338758097322939
indianapolis,100,0.0,100000.0,0.01,781,GAP,True,23,0.022998536959603258
indianapolis,100,0.0,100000.0,0.01,781,GAP,True,24,0.025388720325318186
indianapolis,100,0.0,100000.0,0.01,781,GAP,True,25,0.030125801132297632
indianapolis,100,0.0,100000.0,0.01,781,GAP,True,26,0.031497240905867405
indianapolis,100,0.0,100000.0,0.01,781,GAP,True,27,0.019233716386832293
indianapolis,100,0.0,100000.0,0.01,781,GAP,True,28,0.03179441749719595
indianapolis,100,0.0,100000.0,0.01,781,GAP,True,29,0.014821582999931963
indianapolis,100,0.0,100000.0,0.01,781,GAP,True,30,0.017385740881714042
indianapolis,100,0.0,100000.0,0.01,781,PPCA,False,1,0.020838813158028848
indianapolis,100,0.0,100000.0,0.01,781,PPCA,False,2,0.01754175613395883
indianapolis,100,0.0,100000.0,0.01,781,PPCA,False,3,0.0005659065631712155
indianapolis,100,0.0,100000.0,0.01,781,PPCA,False,4,0.01613548102914484
indianapolis,100,0.0,100000.0,0.01,781,PPCA,False,5,0.006880207501631604
indianapolis,100,0.0,100000.0,0.01,781,PPCA,False,6,0.002774873969490738
indianapolis,100,0.0,100000.0,0.01,781,PPCA,False,7,0.015267834625929838
indianapolis,100,0.0,100000.0,0.01,781,PPCA,False,8,0.027423073023150193
indianapolis,100,0.0,100000.0,0.01,781,PPCA,False,9,0.027890212022744554
indianapolis,100,0.0,100000.0,0.01,781,PPCA,False,10,0.0048384228205313184
indianapolis,100,0.0,100000.0,0.01,781,PPCA,False,11,0.00821830718067012
indianapolis,100,0.0,100000.0,0.01,781,PPCA,False,12,0.0273764220691038
indianapolis,100,0.0,100000.0,0.01,781,PPCA,False,13,0.02079066145075153
indianapolis,100,0.0,100000.0,0.01,781,PPCA,False,14,0.02027078761889427
indianapolis,100,0.0,100000.0,0.01,781,PPCA,False,15,0.020815211545059876
indianapolis,100,0.0,100000.0,0.01,781,PPCA,False,16,0.004584028388730528
indianapolis,100,0.0,100000.0,0.01,781,PPCA,False,17,0.03914120362142391
indianapolis,100,0.0,100000.0,0.01,781,PPCA,False,18,0.04879353995638542
indianapolis,100,0.0,100000.0,0.01,781,PPCA,False,19,0.028096301064477164
indianapolis,100,0.0,100000.0,0.01,781,PPCA,False,20,0.04948713236027402
indianapolis,100,0.0,100000.0,0.01,781,PPCA,False,21,0.05810965514290469
indianapolis,100,0.0,100000.0,0.01,781,PPCA,False,22,0.04147947452680598
indianapolis,100,0.0,100000.0,0.01,781,PPCA,False,23,0.05094907442161277
indianapolis,100,0.0,100000.0,0.01,781,PPCA,False,24,0.054773698841004824
indianapolis,100,0.0,100000.0,0.01,781,PPCA,False,25,0.07352307707446039
indianapolis,100,0.0,100000.0,0.01,781,PPCA,False,26,0.06844394160506545
indianapolis,100,0.0,100000.0,0.01,781,PPCA,False,27,0.059472628919076335
indianapolis,100,0.0,100000.0,0.01,781,PPCA,False,28,0.07406426907657304
indianapolis,100,0.0,100000.0,0.01,781,PPCA,False,29,0.06889393153142166
indianapolis,100,0.0,100000.0,0.01,781,PPCA,False,30,0.065007557452073
indianapolis,100,0.0,100000.0,0.01,781,PPCA,True,1,0.02087021275560205
indianapolis,100,0.0,100000.0,0.01,781,PPCA,True,2,0.01716147582051092
indianapolis,100,0.0,100000.0,0.01,781,PPCA,True,3,0.0009410291527944999
indianapolis,100,0.0,100000.0,0.01,781,PPCA,True,4,0.01505270956032274
indianapolis,100,0.0,100000.0,0.01,781,PPCA,True,5,0.006191618200735263
indianapolis,100,0.0,100000.0,0.01,781,PPCA,True,6,0.0018770021377256928
indianapolis,100,0.0,100000.0,0.01,781,PPCA,True,7,0.014954568494474671
indianapolis,100,0.0,100000.0,0.01,781,PPCA,True,8,0.02717713954273177
indianapolis,100,0.0,100000.0,0.01,781,PPCA,True,9,0.026706028423647533
indianapolis,100,0.0,100000.0,0.01,781,PPCA,True,10,0.005465545503341512
indianapolis,100,0.0,100000.0,0.01,781,PPCA,True,11,0.009085486270581252
indianapolis,100,0.0,100000.0,0.01,781,PPCA,True,12,0.026110706758748506
indianapolis,100,0.0,100000.0,0.01,781,PPCA,True,13,0.020452430397613002
indianapolis,100,0.0,100000.0,0.01,781,PPCA,True,14,0.018848265239855045
indianapolis,100,0.0,100000.0,0.01,781,PPCA,True,15,0.018863075768667668
indianapolis,100,0.0,100000.0,0.01,781,PPCA,True,16,0.0023467753762037315
indianapolis,100,0.0,100000.0,0.01,781,PPCA,True,17,0.03662601802686018
indianapolis,100,0.0,100000.0,0.01,781,PPCA,True,18,0.046811859890960636
indianapolis,100,0.0,100000.0,0.01,781,PPCA,True,19,0.0259805452832438
indianapolis,100,0.0,100000.0,0.01,781,PPCA,True,20,0.04684985783360755
indianapolis,100,0.0,100000.0,0.01,781,PPCA,True,21,0.05732906566955756
indianapolis,100,0.0,100000.0,0.01,781,PPCA,True,22,0.04011895132391994
indianapolis,100,0.0,100000.0,0.01,781,PPCA,True,23,0.04741252276974617
indianapolis,100,0.0,100000.0,0.01,781,PPCA,True,24,0.05281460557826429
indianapolis,100,0.0,100000.0,0.01,781,PPCA,True,25,0.07100425165191954
indianapolis,100,0.0,100000.0,0.01,781,PPCA,True,26,0.06487439481099748
indianapolis,100,0.0,100000.0,0.01,781,PPCA,True,27,0.056458728639942134
indianapolis,100,0.0,100000.0,0.01,781,PPCA,True,28,0.07116205781443848
indianapolis,100,0.0,100000.0,0.01,781,PPCA,True,29,0.06603758728077311
indianapolis,100,0.0,100000.0,0.01,781,PPCA,True,30,0.06152020165285808
indianapolis,100,0.5,250.0,4.0,617,rSC,False,1,0.009312916764078897
indianapolis,100,0.5,250.0,4.0,617,rSC,False,2,0.01229544267774448
indianapolis,100,0.5,250.0,4.0,617,rSC,False,3,0.011316071527242759
indianapolis,100,0.5,250.0,4.0,617,rSC,False,4,0.013956144048068189
indianapolis,100,0.5,250.0,4.0,617,rSC,False,5,0.015650901794540265
indianapolis,100,0.5,250.0,4.0,617,rSC,False,6,0.001240781159585608
indianapolis,100,0.5,250.0,4.0,617,rSC,False,7,0.003554275633103431
indianapolis,100,0.5,250.0,4.0,617,rSC,False,8,0.03018923399268211
indianapolis,100,0.5,250.0,4.0,617,rSC,False,9,0.020143063270052042
indianapolis,100,0.5,250.0,4.0,617,rSC,False,10,0.013316057743964561
indianapolis,100,0.5,250.0,4.0,617,rSC,False,11,0.022257562059183306
indianapolis,100,0.5,250.0,4.0,617,rSC,False,12,0.016143949401173287
indianapolis,100,0.5,250.0,4.0,617,rSC,False,13,0.0004095797561832332
indianapolis,100,0.5,250.0,4.0,617,rSC,False,14,0.0035175014256659232
indianapolis,100,0.5,250.0,4.0,617,rSC,False,15,0.017632858676350806
indianapolis,100,0.5,250.0,4.0,617,rSC,False,16,0.013137068371801142
indianapolis,100,0.5,250.0,4.0,617,rSC,False,17,0.01345059340999124
indianapolis,100,0.5,250.0,4.0,617,rSC,False,18,0.009596464521464768
indianapolis,100,0.5,250.0,4.0,617,rSC,False,19,0.033118514473989655
indianapolis,100,0.5,250.0,4.0,617,rSC,False,20,0.01213157940601405
indianapolis,100,0.5,250.0,4.0,617,rSC,False,21,0.024680009233596884
indianapolis,100,0.5,250.0,4.0,617,rSC,False,22,0.0015179254840554158
indianapolis,100,0.5,250.0,4.0,617,rSC,False,23,0.026412774390399747
indianapolis,100,0.5,250.0,4.0,617,rSC,False,24,0.02449975562552693
indianapolis,100,0.5,250.0,4.0,617,rSC,False,25,0.02740456241731871
indianapolis,100,0.5,250.0,4.0,617,rSC,False,26,0.033357627766670304
indianapolis,100,0.5,250.0,4.0,617,rSC,False,27,0.020941638494405283
indianapolis,100,0.5,250.0,4.0,617,rSC,False,28,0.03757657300518835
indianapolis,100,0.5,250.0,4.0,617,rSC,False,29,0.027191345610698157
indianapolis,100,0.5,250.0,4.0,617,rSC,False,30,0.04563163311203802
indianapolis,100,0.5,250.0,4.0,617,rSC,True,1,0.009312916764078897
indianapolis,100,0.5,250.0,4.0,617,rSC,True,2,0.01229544267774448
indianapolis,100,0.5,250.0,4.0,617,rSC,True,3,0.011316071527242759
indianapolis,100,0.5,250.0,4.0,617,rSC,True,4,0.013956144048068189
indianapolis,100,0.5,250.0,4.0,617,rSC,True,5,0.015650901794540265
indianapolis,100,0.5,250.0,4.0,617,rSC,True,6,0.001240781159585608
indianapolis,100,0.5,250.0,4.0,617,rSC,True,7,0.003554275633103431
indianapolis,100,0.5,250.0,4.0,617,rSC,True,8,0.03018923399268211
indianapolis,100,0.5,250.0,4.0,617,rSC,True,9,0.020143063270052042
indianapolis,100,0.5,250.0,4.0,617,rSC,True,10,0.013316057743964561
indianapolis,100,0.5,250.0,4.0,617,rSC,True,11,0.022257562059183306
indianapolis,100,0.5,250.0,4.0,617,rSC,True,12,0.016143949401173287
indianapolis,100,0.5,250.0,4.0,617,rSC,True,13,0.0004095797561832332
indianapolis,100,0.5,250.0,4.0,617,rSC,True,14,0.0035175014256659232
indianapolis,100,0.5,250.0,4.0,617,rSC,True,15,0.017632858676350806
indianapolis,100,0.5,250.0,4.0,617,rSC,True,16,0.013137068371801142
indianapolis,100,0.5,250.0,4.0,617,rSC,True,17,0.01345059340999124
indianapolis,100,0.5,250.0,4.0,617,rSC,True,18,0.009596464521464768
indianapolis,100,0.5,250.0,4.0,617,rSC,True,19,0.033118514473989655
indianapolis,100,0.5,250.0,4.0,617,rSC,True,20,0.01213157940601405
indianapolis,100,0.5,250.0,4.0,617,rSC,True,21,0.024680009233596884
indianapolis,100,0.5,250.0,4.0,617,rSC,True,22,0.0015179254840554158
indianapolis,100,0.5,250.0,4.0,617,rSC,True,23,0.026412774390399747
indianapolis,100,0.5,250.0,4.0,617,rSC,True,24,0.02449975562552693
indianapolis,100,0.5,250.0,4.0,617,rSC,True,25,0.02740456241731871
indianapolis,100,0.5,250.0,4.0,617,rSC,True,26,0.033357627766670304
indianapolis,100,0.5,250.0,4.0,617,rSC,True,27,0.020941638494405283
indianapolis,100,0.5,250.0,4.0,617,rSC,True,28,0.03757657300518835
indianapolis,100,0.5,250.0,4.0,617,rSC,True,29,0.027191345610698157
indianapolis,100,0.5,250.0,4.0,617,rSC,True,30,0.04563163311203802
indianapolis,100,0.5,250.0,4.0,617,GAP,False,1,0.014866064396532031
indianapolis,100,0.5,250.0,4.0,617,GAP,False,2,0.008983495885176402
indianapolis,100,0.5,250.0,4.0,617,GAP,False,3,0.007086253171695734
indianapolis,100,0.5,250.0,4.0,617,GAP,False,4,0.006723758513410458
indianapolis,100,0.5,250.0,4.0,617,GAP,False,5,0.016418789797405436
indianapolis,100,0.5,250.0,4.0,617,GAP,False,6,0.0016927005088317605
indianapolis,100,0.5,250.0,4.0,617,GAP,False,7,0.003381238141637904
indianapolis,100,0.5,250.0,4.0,617,GAP,False,8,0.0246020734047696
indianapolis,100,0.5,250.0,4.0,617,GAP,False,9,0.0215332869210634
indianapolis,100,0.5,250.0,4.0,617,GAP,False,10,0.0044744115474863065
indianapolis,100,0.5,250.0,4.0,617,GAP,False,11,0.02846372084888638
indianapolis,100,0.5,250.0,4.0,617,GAP,False,12,0.0010851888112994978
indianapolis,100,0.5,250.0,4.0,617,GAP,False,13,0.0008787793786720108
indianapolis,100,0.5,250.0,4.0,617,GAP,False,14,0.0035851786042267395
indianapolis,100,0.5,250.0,4.0,617,GAP,False,15,0.025731201034866973
indianapolis,100,0.5,250.0,4.0,617,GAP,False,16,0.012612250449296982
indianapolis,100,0.5,250.0,4.0,617,GAP,False,17,0.017309464495347284
indianapolis,100,0.5,250.0,4.0,617,GAP,False,18,0.004866569573643987
indianapolis,100,0.5,250.0,4.0,617,GAP,False,19,0.03249891567730552
indianapolis,100,0.5,250.0,4.0,617,GAP,False,20,0.01965698127802754
indianapolis,100,0.5,250.0,4.0,617,GAP,False,21,0.015728721565442326
indianapolis,100,0.5,250.0,4.0,617,GAP,False,22,0.011167626364424029
indianapolis,100,0.5,250.0,4.0,617,GAP,False,23,0.03133779193041923
indianapolis,100,0.5,250.0,4.0,617,GAP,False,24,0.012374556368801633
indianapolis,100,0.5,250.0,4.0,617,GAP,False,25,0.025620337897985176
indianapolis,100,0.5,250.0,4.0,617,GAP,False,26,0.026568904231416713
indianapolis,100,0.5,250.0,4.0,617,GAP,False,27,0.016330328005045136
indianapolis,100,0.5,250.0,4.0,617,GAP,False,28,0.03232263989739677
indianapolis,100,0.5,250.0,4.0,617,GAP,False,29,0.01326634116356397
indianapolis,100,0.5,250.0,4.0,617,GAP,False,30,0.0315611800396695
indianapolis,100,0.5,250.0,4.0,617,GAP,True,1,0.0001943922007993639
indianapolis,100,0.5,250.0,4.0,617,GAP,True,2,0.010422483194477274
indianapolis,100,0.5,250.0,4.0,617,GAP,True,3,0.01059410028060671
indianapolis,100,0.5,250.0,4.0,617,GAP,True,4,0.011259120343640598
indianapolis,100,0.5,250.0,4.0,617,GAP,True,5,0.0007228071554764538
indianapolis,100,0.5,250.0,4.0,617,GAP,True,6,0.015809412171058992
indianapolis,100,0.5,250.0,4.0,617,GAP,True,7,0.02808597257841242
indianapolis,100,0.5,250.0,4.0,617,GAP,True,8,0.003527295779253493
indianapolis,100,0.5,250.0,4.0,617,GAP,True,9,0.0007350931109005917
indianapolis,100,0.5,250.0,4.0,617,GAP,True,10,0.017401391393357418
indianapolis,100,0.5,250.0,4.0,617,GAP,True,11,0.007609031244332031
indianapolis,100,0.5,250.0,4.0,617,GAP,True,12,0.02106138945673812
indianapolis,100,0.5,250.0,4.0,617,GAP,True,13,0.019829595220379817
indianapolis,100,0.5,250.0,4.0,617,GAP,True,14,0.009194666742699895
indianapolis,100,0.5,250.0,4.0,617,GAP,True,15,0.04413754636705091
indianapolis,100,0.5,250.0,4.0,617,GAP,True,16,0.029805649049544202
indianapolis,100,0.5,250.0,4.0,617,GAP,True,17,0.04020430090608721
indianapolis,100,0.5,250.0,4.0,617,GAP,True,18,0.01105030654797514
indianapolis,100,0.5,250.0,4.0,617,GAP,True,19,0.04752344368204358
indianapolis,100,0.5,250.0,4.0,617,GAP,True,20,0.03516055831426373
indianapolis,100,0.5,250.0,4.0,617,GAP,True,21,0.03280042880426103
indianapolis,100,0.5,250.0,4.0,617,GAP,True,22,0.004979379207385965
indianapolis,100,0.5,250.0,4.0,617,GAP,True,23,0.04573809255146992
indianapolis,100,0.5,250.0,4.0,617,GAP,True,24,0.026231398602857316
indianapolis,100,0.5,250.0,4.0,617,GAP,True,25,0.04208665293281642
indianapolis,100,0.5,250.0,4.0,617,GAP,True,26,0.03881617616359035
indianapolis,100,0.5,250.0,4.0,617,GAP,True,27,0.02616089304032819
indianapolis,100,0.5,250.0,4.0,617,GAP,True,28,0.04077243675199391
indianapolis,100,0.5,250.0,4.0,617,GAP,True,29,0.021086340321486152
indianapolis,100,0.5,250.0,4.0,617,GAP,True,30,0.041279265502302716
indianapolis,100,0.5,250.0,4.0,617,PPCA,False,1,0.002237304378625735
indianapolis,100,0.5,250.0,4.0,617,PPCA,False,2,0.006356832997285026
indianapolis,100,0.5,250.0,4.0,617,PPCA,False,3,0.0005304465015667791
indianapolis,100,0.5,250.0,4.0,617,PPCA,False,4,0.01448925361494924
indianapolis,100,0.5,250.0,4.0,617,PPCA,False,5,0.014539098012581752
indianapolis,100,0.5,250.0,4.0,617,PPCA,False,6,0.00884953569929932
indianapolis,100,0.5,250.0,4.0,617,PPCA,False,7,0.014892996665394708
indianapolis,100,0.5,250.0,4.0,617,PPCA,False,8,0.03220799503298325
indianapolis,100,0.5,250.0,4.0,617,PPCA,False,9,0.010975118303774914
indianapolis,100,0.5,250.0,4.0,617,PPCA,False,10,0.011868774839677272
indianapolis,100,0.5,250.0,4.0,617,PPCA,False,11,0.027153151330730055
indianapolis,100,0.5,250.0,4.0,617,PPCA,False,12,0.02669818570926005
indianapolis,100,0.5,250.0,4.0,617,PPCA,False,13,0.0267672149345139
indianapolis,100,0.5,250.0,4.0,617,PPCA,False,14,0.03552341283260211
indianapolis,100,0.5,250.0,4.0,617,PPCA,False,15,0.01919262542529505
indianapolis,100,0.5,250.0,4.0,617,PPCA,False,16,0.0027020128394324673
indianapolis,100,0.5,250.0,4.0,617,PPCA,False,17,0.008788356570877507
indianapolis,100,0.5,250.0,4.0,617,PPCA,False,18,0.027466064852532567
indianapolis,100,0.5,250.0,4.0,617,PPCA,False,19,0.0035834103180156997
indianapolis,100,0.5,250.0,4.0,617,PPCA,False,20,0.02252174215390253
indianapolis,100,0.5,250.0,4.0,617,PPCA,False,21,0.010010920412481288
indianapolis,100,0.5,250.0,4.0,617,PPCA,False,22,0.04909791116628883
indianapolis,100,0.5,250.0,4.0,617,PPCA,False,23,0.03973641686871858
indianapolis,100,0.5,250.0,4.0,617,PPCA,False,24,0.02023242899138093
indianapolis,100,0.5,250.0,4.0,617,PPCA,False,25,0.03441892530308325
indianapolis,100,0.5,250.0,4.0,617,PPCA,False,26,0.035121491898114775
indianapolis,100,0.5,250.0,4.0,617,PPCA,False,27,0.03485278358599676
indianapolis,100,0.5,250.0,4.0,617,PPCA,False,28,0.02614198014175224
indianapolis,100,0.5,250.0,4.0,617,PPCA,False,29,0.04394088873966446
indianapolis,100,0.5,250.0,4.0,617,PPCA,False,30,0.031951771976880115
indianapolis,100,0.5,250.0,4.0,617,PPCA,True,1,0.004224254074435471
indianapolis,100,0.5,250.0,4.0,617,PPCA,True,2,0.008875244552222552
indianapolis,100,0.5,250.0,4.0,617,PPCA,True,3,0.0028894228926468635
indianapolis,100,0.5,250.0,4.0,617,PPCA,True,4,0.014112543437903824
indianapolis,100,0.5,250.0,4.0,617,PPCA,True,5,0.014312325955440472
indianapolis,100,0.5,250.0,4.0,617,PPCA,True,6,0.007532476497171044
indianapolis,100,0.5,250.0,4.0,617,PPCA,True,7,0.0166164927612333
indianapolis,100,0.5,250.0,4.0,617,PPCA,True,8,0.030163581491142434
indianapolis,100,0.5,250.0,4.0,617,PPCA,True,9,0.008899636239059793
indianapolis,100,0.5,250.0,4.0,617,PPCA,True,10,0.012643406475158398
indianapolis,100,0.5,250.0,4.0,617,PPCA,True,11,0.025205966188656285
indianapolis,100,0.5,250.0,4.0,617,PPCA,True,12,0.02625161101181607
indianapolis,100,0.5,250.0,4.0,617,PPCA,True,13,0.027914321684163385
indianapolis,100,0.5,250.0,4.0,617,PPCA,True,14,0.03902802612957992
indianapolis,100,0.5,250.0,4.0,617,PPCA,True,15,0.019315831824573974
indianapolis,100,0.5,250.0,4.0,617,PPCA,True,16,0.0003870703705413204
indianapolis,100,0.5,250.0,4.0,617,PPCA,True,17,0.009007778348893297
indianapolis,100,0.5,250.0,4.0,617,PPCA,True,18,0.02947661011507477
indianapolis,100,0.5,250.0,4.0,617,PPCA,True,19,0.006692738549186233
indianapolis,100,0.5,250.0,4.0,617,PPCA,True,20,0.02320975403586006
indianapolis,100,0.5,250.0,4.0,617,PPCA,True,21,0.01332831517277272
indianapolis,100,0.5,250.0,4.0,617,PPCA,True,22,0.051830969593980696
indianapolis,100,0.5,250.0,4.0,617,PPCA,True,23,0.043514132420953276
indianapolis,100,0.5,250.0,4.0,617,PPCA,True,24,0.02496259781918141
indianapolis,100,0.5,250.0,4.0,617,PPCA,True,25,0.03694915994498477
indianapolis,100,0.5,250.0,4.0,617,PPCA,True,26,0.038521593149417256
indianapolis,100,0.5,250.0,4.0,617,PPCA,True,27,0.04059544831842767
indianapolis,100,0.5,250.0,4.0,617,PPCA,True,28,0.03122392933246855
indianapolis,100,0.5,250.0,4.0,617,PPCA,True,29,0.04820874827920552
indianapolis,100,0.5,250.0,4.0,617,PPCA,True,30,0.036541541710132804
indianapolis,100,0.5,250.0,4.0,781,rSC,False,1,0.01140391691390904
indianapolis,100,0.5,250.0,4.0,781,rSC,False,2,0.0185477339411687
indianapolis,100,0.5,250.0,4.0,781,rSC,False,3,0.0031189461682841783
indianapolis,100,0.5,250.0,4.0,781,rSC,False,4,0.007909382815317698
indianapolis,100,0.5,250.0,4.0,781,rSC,False,5,0.01289528308404313
indianapolis,100,0.5,250.0,4.0,781,rSC,False,6,0.012862121581258622
indianapolis,100,0.5,250.0,4.0,781,rSC,False,7,0.0021816431517917355
indianapolis,100,0.5,250.0,4.0,781,rSC,False,8,0.0005892812796170153
indianapolis,100,0.5,250.0,4.0,781,rSC,False,9,0.010717756246416719
indianapolis,100,0.5,250.0,4.0,781,rSC,False,10,0.0009282831063362869
indianapolis,100,0.5,250.0,4.0,781,rSC,False,11,0.006927850428915586
indianapolis,100,0.5,250.0,4.0,781,rSC,False,12,0.021568571410482164
indianapolis,100,0.5,250.0,4.0,781,rSC,False,13,0.005656074917296112
indianapolis,100,0.5,250.0,4.0,781,rSC,False,14,0.006994717708341673
indianapolis,100,0.5,250.0,4.0,781,rSC,False,15,0.0030536015592264915
indianapolis,100,0.5,250.0,4.0,781,rSC,False,16,0.003084953796036021
indianapolis,100,0.5,250.0,4.0,781,rSC,False,17,0.02948683901575489
indianapolis,100,0.5,250.0,4.0,781,rSC,False,18,0.011671481921744909
indianapolis,100,0.5,250.0,4.0,781,rSC,False,19,0.017610837215911352
indianapolis,100,0.5,250.0,4.0,781,rSC,False,20,0.031497125911465196
indianapolis,100,0.5,250.0,4.0,781,rSC,False,21,0.01495167518484353
indianapolis,100,0.5,250.0,4.0,781,rSC,False,22,0.03606009309214486
indianapolis,100,0.5,250.0,4.0,781,rSC,False,23,0.025685374011113885
indianapolis,100,0.5,250.0,4.0,781,rSC,False,24,0.022671135073526534
indianapolis,100,0.5,250.0,4.0,781,rSC,False,25,0.039940059179307714
indianapolis,100,0.5,250.0,4.0,781,rSC,False,26,0.03135735230270301
indianapolis,100,0.5,250.0,4.0,781,rSC,False,27,0.03122422220566499
indianapolis,100,0.5,250.0,4.0,781,rSC,False,28,0.032742812391817616
indianapolis,100,0.5,250.0,4.0,781,rSC,False,29,0.04493661387550692
indianapolis,100,0.5,250.0,4.0,781,rSC,False,30,0.05225786322730547
indianapolis,100,0.5,250.0,4.0,781,rSC,True,1,0.01140391691390904
indianapolis,100,0.5,250.0,4.0,781,rSC,True,2,0.0185477339411687
indianapolis,100,0.5,250.0,4.0,781,rSC,True,3,0.0031189461682841783
indianapolis,100,0.5,250.0,4.0,781,rSC,True,4,0.007909382815317698
indianapolis,100,0.5,250.0,4.0,781,rSC,True,5,0.01289528308404313
indianapolis,100,0.5,250.0,4.0,781,rSC,True,6,0.012862121581258622
indianapolis,100,0.5,250.0,4.0,781,rSC,True,7,0.0021816431517917355
indianapolis,100,0.5,250.0,4.0,781,rSC,True,8,0.0005892812796170153
indianapolis,100,0.5,250.0,4.0,781,rSC,True,9,0.010717756246416719
indianapolis,100,0.5,250.0,4.0,781,rSC,True,10,0.0009282831063362869
indianapolis,100,0.5,250.0,4.0,781,rSC,True,11,0.006927850428915586
indianapolis,100,0.5,250.0,4.0,781,rSC,True,12,0.021568571410482164
indianapolis,100,0.5,250.0,4.0,781,rSC,True,13,0.005656074917296112
indianapolis,100,0.5,250.0,4.0,781,rSC,True,14,0.006994717708341673
indianapolis,100,0.5,250.0,4.0,781,rSC,True,15,0.0030536015592264915
indianapolis,100,0.5,250.0,4.0,781,rSC,True,16,0.003084953796036021
indianapolis,100,0.5,250.0,4.0,781,rSC,True,17,0.02948683901575489
indianapolis,100,0.5,250.0,4.0,781,rSC,True,18,0.011671481921744909
indianapolis,100,0.5,250.0,4.0,781,rSC,True,19,0.017610837215911352
indianapolis,100,0.5,250.0,4.0,781,rSC,True,20,0.031497125911465196
indianapolis,100,0.5,250.0,4.0,781,rSC,True,21,0.01495167518484353
indianapolis,100,0.5,250.0,4.0,781,rSC,True,22,0.03606009309214486
indianapolis,100,0.5,250.0,4.0,781,rSC,True,23,0.025685374011113885
indianapolis,100,0.5,250.0,4.0,781,rSC,True,24,0.022671135073526534
indianapolis,100,0.5,250.0,4.0,781,rSC,True,25,0.039940059179307714
indianapolis,100,0.5,250.0,4.0,781,rSC,True,26,0.03135735230270301
indianapolis,100,0.5,250.0,4.0,781,rSC,True,27,0.03122422220566499
indianapolis,100,0.5,250.0,4.0,781,rSC,True,28,0.032742812391817616
indianapolis,100,0.5,250.0,4.0,781,rSC,True,29,0.04493661387550692
indianapolis,100,0.5,250.0,4.0,781,rSC,True,30,0.05225786322730547
indianapolis,100,0.5,250.0,4.0,781,GAP,False,1,0.007088472973165441
indianapolis,100,0.5,250.0,4.0,781,GAP,False,2,0.006170916088482389
indianapolis,100,0.5,250.0,4.0,781,GAP,False,3,0.013401857618794007
indianapolis,100,0.5,250.0,4.0,781,GAP,False,4,0.009438014274356818
indianapolis,100,0.5,250.0,4.0,781,GAP,False,5,0.0020710501447054573
indianapolis,100,0.5,250.0,4.0,781,GAP,False,6,0.011296793937228041
indianapolis,100,0.5,250.0,4.0,781,GAP,False,7,0.0056176743988438135
indianapolis,100,0.5,250.0,4.0,781,GAP,False,8,0.024482304380192152
indianapolis,100,0.5,250.0,4.0,781,GAP,False,9,0.026199059771894444
indianapolis,100,0.5,250.0,4.0,781,GAP,False,10,0.01597044521295668
indianapolis,100,0.5,250.0,4.0,781,GAP,False,11,0.0009867642975064557
indianapolis,100,0.5,250.0,4.0,781,GAP,False,12,0.016994686943993278
indianapolis,100,0.5,250.0,4.0,781,GAP,False,13,0.011385977897398413
indianapolis,100,0.5,250.0,4.0,781,GAP,False,14,0.017978406334968614
indianapolis,100,0.5,250.0,4.0,781,GAP,False,15,0.009040016575766786
indianapolis,100,0.5,250.0,4.0,781,GAP,False,16,0.002532198727719764
indianapolis,100,0.5,250.0,4.0,781,GAP,False,17,0.015173696223468315
indianapolis,100,0.5,250.0,4.0,781,GAP,False,18,0.0008231731755930867
indianapolis,100,0.5,250.0,4.0,781,GAP,False,19,0.005739040080268883
indianapolis,100,0.5,250.0,4.0,781,GAP,False,20,0.007804940682946415
indianapolis,100,0.5,250.0,4.0,781,GAP,False,21,0.01159109575748555
indianapolis,100,0.5,250.0,4.0,781,GAP,False,22,0.011736320076804129
indianapolis,100,0.5,250.0,4.0,781,GAP,False,23,0.006080674264937426
indianapolis,100,0.5,250.0,4.0,781,GAP,False,24,0.0011512049675148233
indianapolis,100,0.5,250.0,4.0,781,GAP,False,25,0.004478540839609414
indianapolis,100,0.5,250.0,4.0,781,GAP,False,26,0.00022280149777245
indianapolis,100,0.5,250.0,4.0,781,GAP,False,27,0.032467382901856974
indianapolis,100,0.5,250.0,4.0,781,GAP,False,28,0.010722400079400722
indianapolis,100,0.5,250.0,4.0,781,GAP,False,29,0.024439187672144903
indianapolis,100,0.5,250.0,4.0,781,GAP,False,30,0.0519761659958871
indianapolis,100,0.5,250.0,4.0,781,GAP,True,1,0.013556996429942755
indianapolis,100,0.5,250.0,4.0,781,GAP,True,2,0.014159715548823743
indianapolis,100,0.5,250.0,4.0,781,GAP,True,3,0.021679354722959128
indianapolis,100,0.5,250.0,4.0,781,GAP,True,4,0.016644008009415394
indianapolis,100,0.5,250.0,4.0,781,GAP,True,5,0.010886113518031823
indianapolis,100,0.5,250.0,4.0,781,GAP,True,6,0.015428846957152933
indianapolis,100,0.5,250.0,4.0,781,GAP,True,7,0.012423154938952668
indianapolis,100,0.5,250.0,4.0,781,GAP,True,8,0.027192791855165734
indianapolis,100,0.5,250.0,4.0,781,GAP,True,9,0.025055960386726445
indianapolis,100,0.5,250.0,4.0,781,GAP,True,10,0.013301355986933635
indianapolis,100,0.5,250.0,4.0,781,GAP,True,11,0.0068206424248745574
indianapolis,100,0.5,250.0,4.0,781,GAP,True,12,0.008474986680013443
indianapolis,100,0.5,250.0,4.0,781,GAP,True,13,0.005393996415090539
indianapolis,100,0.5,250.0,4.0,781,GAP,True,14,0.009305495057472756
indianapolis,100,0.5,250.0,4.0,781,GAP,True,15,0.002919532231524186
indianapolis,100,0.5,250.0,4.0,781,GAP,True,16,0.005248680650086633
indianapolis,100,0.5,250.0,4.0,781,GAP,True,17,0.01856878408412624
indianapolis,100,0.5,250.0,4.0,781,GAP,True,18,0.007734564546049618
indianapolis,100,0.5,250.0,4.0,781,GAP,True,19,0.013595042855846841
indianapolis,100,0.5,250.0,4.0,781,GAP,True,20,0.01251516307640242
indianapolis,100,0.5,250.0,4.0,781,GAP,True,21,0.007620393542063274
indianapolis,100,0.5,250.0,4.0,781,GAP,True,22,0.005652125307595264
indianapolis,100,0.5,250.0,4.0,781,GAP,True,23,0.011009627942484519
indianapolis,100,0.5,250.0,4.0,781,GAP,True,24,0.018297945294975703
indianapolis,100,0.5,250.0,4.0,781,GAP,True,25,0.023528197259184994
indianapolis,100,0.5,250.0,4.0,781,GAP,True,26,0.02304713203893387
indianapolis,100,0.5,250.0,4.0,781,GAP,True,27,0.054410773418561736
indianapolis,100,0.5,250.0,4.0,781,GAP,True,28,0.040099826884325014
indianapolis,100,0.5,250.0,4.0,781,GAP,True,29,0.048881887254916816
indianapolis,100,0.5,250.0,4.0,781,GAP,True,30,0.07662406219479856
indianapolis,100,0.5,250.0,4.0,781,PPCA,False,1,0.00821830375669071
indianapolis,100,0.5,250.0,4.0,781,PPCA,False,2,0.03306994479527918
indianapolis,100,0.5,250.0,4.0,781,PPCA,False,3,0.00947135427915599
indianapolis,100,0.5,250.0,4.0,781,PPCA,False,4,0.02220827646137809
indianapolis,100,0.5,250.0,4.0,781,PPCA,False,5,0.008516583977240439
indianapolis,100,0.5,250.0,4.0,781,PPCA,False,6,0.019155003546117388
indianapolis,100,0.5,250.0,4.0,781,PPCA,False,7,0.012960317455691017
indianapolis,100,0.5,250.0,4.0,781,PPCA,False,8,0.018111783618911144
indianapolis,100,0.5,250.0,4.0,781,PPCA,False,9,0.024462457968571882
indianapolis,100,0.5,250.0,4.0,781,PPCA,False,10,0.024675307111790078
indianapolis,100,0.5,250.0,4.0,781,PPCA,False,11,0.0007152044065845745
indianapolis,100,0.5,250.0,4.0,781,PPCA,False,12,0.042939028916787164
indianapolis,100,0.5,250.0,4.0,781,PPCA,False,13,0.016838362056738672
indianapolis,100,0.5,250.0,4.0,781,PPCA,False,14,0.02088184304364026
indianapolis,100,0.5,250.0,4.0,781,PPCA,False,15,0.023973292845528262
indianapolis,100,0.5,250.0,4.0,781,PPCA,False,16,0.02178539183114634
indianapolis,100,0.5,250.0,4.0,781,PPCA,False,17,0.0212553896019169
indianapolis,100,0.5,250.0,4.0,781,PPCA,False,18,0.01703489970907209
indianapolis,100,0.5,250.0,4.0,781,PPCA,False,19,0.01462122513486725
indianapolis,100,0.5,250.0,4.0,781,PPCA,False,20,0.022817463924962905
indianapolis,100,0.5,250.0,4.0,781,PPCA,False,21,0.016257753828992135
indianapolis,100,0.5,250.0,4.0,781,PPCA,False,22,0.03053680789804034
indianapolis,100,0.5,250.0,4.0,781,PPCA,False,23,0.01581893664859395
indianapolis,100,0.5,250.0,4.0,781,PPCA,False,24,0.029737431759510283
indianapolis,100,0.5,250.0,4.0,781,PPCA,False,25,0.01061428104540367
indianapolis,100,0.5,250.0,4.0,781,PPCA,False,26,0.015680322590983557
indianapolis,100,0.5,250.0,4.0,781,PPCA,False,27,0.0032526251443139
indianapolis,100,0.5,250.0,4.0,781,PPCA,False,28,0.02911824580231205
indianapolis,100,0.5,250.0,4.0,781,PPCA,False,29,0.012708338482568936
indianapolis,100,0.5,250.0,4.0,781,PPCA,False,30,0.015525617457328961
indianapolis,100,0.5,250.0,4.0,781,PPCA,True,1,0.011506250173391944
indianapolis,100,0.5,250.0,4.0,781,PPCA,True,2,0.03444057821945881
indianapolis,100,0.5,250.0,4.0,781,PPCA,True,3,0.011015720908251592
indianapolis,100,0.5,250.0,4.0,781,PPCA,True,4,0.024565826578227316
indianapolis,100,0.5,250.0,4.0,781,PPCA,True,5,0.013351074844112461
indianapolis,100,0.5,250.0,4.0,781,PPCA,True,6,0.021292597281214215
indianapolis,100,0.5,250.0,4.0,781,PPCA,True,7,0.014135456525606742
indianapolis,100,0.5,250.0,4.0,781,PPCA,True,8,0.022838019127638495
indianapolis,100,0.5,250.0,4.0,781,PPCA,True,9,0.027195558598534546
indianapolis,100,0.5,250.0,4.0,781,PPCA,True,10,0.027152318371434416
indianapolis,100,0.5,250.0,4.0,781,PPCA,True,11,0.00526099247979399
indianapolis,100,0.5,250.0,4.0,781,PPCA,True,12,0.04436793679343213
indianapolis,100,0.5,250.0,4.0,781,PPCA,True,13,0.01852103888319988
indianapolis,100,0.5,250.0,4.0,781,PPCA,True,14,0.02600631264634183
indianapolis,100,0.5,250.0,4.0,781,PPCA,True,15,0.026896541217032634
indianapolis,100,0.5,250.0,4.0,781,PPCA,True,16,0.025137322655805754
indianapolis,100,0.5,250.0,4.0,781,PPCA,True,17,0.024358814798344574
indianapolis,100,0.5,250.0,4.0,781,PPCA,True,18,0.023122318453897787
indianapolis,100,0.5,250.0,4.0,781,PPCA,True,19,0.018152120320283613
indianapolis,100,0.5,250.0,4.0,781,PPCA,True,20,0.025031280352724665
indianapolis,100,0.5,250.0,4.0,781,PPCA,True,21,0.02047618264560569
indianapolis,100,0.5,250.0,4.0,781,PPCA,True,22,0.035990874221955765
indianapolis,100,0.5,250.0,4.0,781,PPCA,True,23,0.020446220475944864
indianapolis,100,0.5,250.0,4.0,781,PPCA,True,24,0.03315769907625597
indianapolis,100,0.5,250.0,4.0,781,PPCA,True,25,0.016140613962137073
indianapolis,100,0.5,250.0,4.0,781,PPCA,True,26,0.019667799413548532
indianapolis,100,0.5,250.0,4.0,781,PPCA,True,27,0.008189399149748894
indianapolis,100,0.5,250.0,4.0,781,PPCA,True,28,0.032821641760999186
indianapolis,100,0.5,250.0,4.0,781,PPCA,True,29,0.016912648922247007
indianapolis,100,0.5,250.0,4.0,781,PPCA,True,30,0.021376317327158653
indianapolis,100,0.5,100000.0,0.01,617,rSC,False,1,0.009312916764078897
indianapolis,100,0.5,100000.0,0.01,617,rSC,False,2,0.01229544267774448
indianapolis,100,0.5,100000.0,0.01,617,rSC,False,3,0.011316071527242759
indianapolis,100,0.5,100000.0,0.01,617,rSC,False,4,0.013956144048068189
indianapolis,100,0.5,100000.0,0.01,617,rSC,False,5,0.015650901794540265
indianapolis,100,0.5,100000.0,0.01,617,rSC,False,6,0.001240781159585608
indianapolis,100,0.5,100000.0,0.01,617,rSC,False,7,0.003554275633103431
indianapolis,100,0.5,100000.0,0.01,617,rSC,False,8,0.03018923399268211
indianapolis,100,0.5,100000.0,0.01,617,rSC,False,9,0.020143063270052042
indianapolis,100,0.5,100000.0,0.01,617,rSC,False,10,0.013316057743964561
indianapolis,100,0.5,100000.0,0.01,617,rSC,False,11,0.022257562059183306
indianapolis,100,0.5,100000.0,0.01,617,rSC,False,12,0.016143949401173287
indianapolis,100,0.5,100000.0,0.01,617,rSC,False,13,0.0004095797561832332
indianapolis,100,0.5,100000.0,0.01,617,rSC,False,14,0.0035175014256659232
indianapolis,100,0.5,100000.0,0.01,617,rSC,False,15,0.017632858676350806
indianapolis,100,0.5,100000.0,0.01,617,rSC,False,16,0.013137068371801142
indianapolis,100,0.5,100000.0,0.01,617,rSC,False,17,0.01345059340999124
indianapolis,100,0.5,100000.0,0.01,617,rSC,False,18,0.009596464521464768
indianapolis,100,0.5,100000.0,0.01,617,rSC,False,19,0.033118514473989655
indianapolis,100,0.5,100000.0,0.01,617,rSC,False,20,0.01213157940601405
indianapolis,100,0.5,100000.0,0.01,617,rSC,False,21,0.024680009233596884
indianapolis,100,0.5,100000.0,0.01,617,rSC,False,22,0.0015179254840554158
indianapolis,100,0.5,100000.0,0.01,617,rSC,False,23,0.026412774390399747
indianapolis,100,0.5,100000.0,0.01,617,rSC,False,24,0.02449975562552693
indianapolis,100,0.5,100000.0,0.01,617,rSC,False,25,0.02740456241731871
indianapolis,100,0.5,100000.0,0.01,617,rSC,False,26,0.033357627766670304
indianapolis,100,0.5,100000.0,0.01,617,rSC,False,27,0.020941638494405283
indianapolis,100,0.5,100000.0,0.01,617,rSC,False,28,0.03757657300518835
indianapolis,100,0.5,100000.0,0.01,617,rSC,False,29,0.027191345610698157
indianapolis,100,0.5,100000.0,0.01,617,rSC,False,30,0.04563163311203802
indianapolis,100,0.5,100000.0,0.01,617,rSC,True,1,0.009312916764078897
indianapolis,100,0.5,100000.0,0.01,617,rSC,True,2,0.01229544267774448
indianapolis,100,0.5,100000.0,0.01,617,rSC,True,3,0.011316071527242759
indianapolis,100,0.5,100000.0,0.01,617,rSC,True,4,0.013956144048068189
indianapolis,100,0.5,100000.0,0.01,617,rSC,True,5,0.015650901794540265
indianapolis,100,0.5,100000.0,0.01,617,rSC,True,6,0.001240781159585608
indianapolis,100,0.5,100000.0,0.01,617,rSC,True,7,0.003554275633103431
indianapolis,100,0.5,100000.0,0.01,617,rSC,True,8,0.03018923399268211
indianapolis,100,0.5,100000.0,0.01,617,rSC,True,9,0.020143063270052042
indianapolis,100,0.5,100000.0,0.01,617,rSC,True,10,0.013316057743964561
indianapolis,100,0.5,100000.0,0.01,617,rSC,True,11,0.022257562059183306
indianapolis,100,0.5,100000.0,0.01,617,rSC,True,12,0.016143949401173287
indianapolis,100,0.5,100000.0,0.01,617,rSC,True,13,0.0004095797561832332
indianapolis,100,0.5,100000.0,0.01,617,rSC,True,14,0.0035175014256659232
indianapolis,100,0.5,100000.0,0.01,617,rSC,True,15,0.017632858676350806
indianapolis,100,0.5,100000.0,0.01,617,rSC,True,16,0.013137068371801142
indianapolis,100,0.5,100000.0,0.01,617,rSC,True,17,0.01345059340999124
indianapolis,100,0.5,100000.0,0.01,617,rSC,True,18,0.009596464521464768
indianapolis,100,0.5,100000.0,0.01,617,rSC,True,19,0.033118514473989655
indianapolis,100,0.5,100000.0,0.01,617,rSC,True,20,0.01213157940601405
indianapolis,100,0.5,100000.0,0.01,617,rSC,True,21,0.024680009233596884
indianapolis,100,0.5,100000.0,0.01,617,rSC,True,22,0.0015179254840554158
indianapolis,100,0.5,100000.0,0.01,617,rSC,True,23,0.026412774390399747
indianapolis,100,0.5,100000.0,0.01,617,rSC,True,24,0.02449975562552693
indianapolis,100,0.5,100000.0,0.01,617,rSC,True,25,0.02740456241731871
indianapolis,100,0.5,100000.0,0.01,617,rSC,True,26,0.033357627766670304
indianapolis,100,0.5,100000.0,0.01,617,rSC,True,27,0.020941638494405283
indianapolis,100,0.5,100000.0,0.01,617,rSC,True,28,0.03757657300518835
indianapolis,100,0.5,100000.0,0.01,617,rSC,True,29,0.027191345610698157
indianapolis,100,0.5,100000.0,0.01,617,rSC,True,30,0.04563163311203802
indianapolis,100,0.5,100000.0,0.01,617,GAP,False,1,0.010543149846044271
indianapolis,100,0.5,100000.0,0.01,617,GAP,False,2,0.005332498112288151
indianapolis,100,0.5,100000.0,0.01,617,GAP,False,3,0.006777573752372443
indianapolis,100,0.5,100000.0,0.01,617,GAP,False,4,0.005818135516114157
indianapolis,100,0.5,100000.0,0.01,617,GAP,False,5,0.012067780789454016
indianapolis,100,0.5,100000.0,0.01,617,GAP,False,6,0.0007380216595152817
indianapolis,100,0.5,100000.0,0.01,617,GAP,False,7,0.003278902304654365
indianapolis,100,0.5,100000.0,0.01,617,GAP,False,8,0.021806750578791598
indianapolis,100,0.5,100000.0,0.01,617,GAP,False,9,0.019240158202126885
indianapolis,100,0.5,100000.0,0.01,617,GAP,False,10,0.005309917888738298
indianapolis,100,0.5,100000.0,0.01,617,GAP,False,11,0.02314419561717249
indianapolis,100,0.5,100000.0,0.01,617,GAP,False,12,0.0014400274028908227
indianapolis,100,0.5,100000.0,0.01,617,GAP,False,13,0.0027257941156132903
indianapolis,100,0.5,100000.0,0.01,617,GAP,False,14,0.003710546611518747
indianapolis,100,0.5,100000.0,0.01,617,GAP,False,15,0.018990150976266842
indianapolis,100,0.5,100000.0,0.01,617,GAP,False,16,0.009832712580832431
indianapolis,100,0.5,100000.0,0.01,617,GAP,False,17,0.01280436997556044
indianapolis,100,0.5,100000.0,0.01,617,GAP,False,18,0.005729185148866599
indianapolis,100,0.5,100000.0,0.01,617,GAP,False,19,0.02511154647356159
indianapolis,100,0.5,100000.0,0.01,617,GAP,False,20,0.014665481712129636
indianapolis,100,0.5,100000.0,0.01,617,GAP,False,21,0.011404278978726147
indianapolis,100,0.5,100000.0,0.01,617,GAP,False,22,0.011576618806122315
indianapolis,100,0.5,100000.0,0.01,617,GAP,False,23,0.02349323890217073
indianapolis,100,0.5,100000.0,0.01,617,GAP,False,24,0.00855910142946672
indianapolis,100,0.5,100000.0,0.01,617,GAP,False,25,0.016404650079372633
indianapolis,100,0.5,100000.0,0.01,617,GAP,False,26,0.01981833673724787
indianapolis,100,0.5,100000.0,0.01,617,GAP,False,27,0.011988720868001759
indianapolis,100,0.5,100000.0,0.01,617,GAP,False,28,0.02296170983384132
indianapolis,100,0.5,100000.0,0.01,617,GAP,False,29,0.00636786490027964
indianapolis,100,0.5,100000.0,0.01,617,GAP,False,30,0.023519542648585346
indianapolis,100,0.5,100000.0,0.01,617,GAP,True,1,0.0007860006469400768
indianapolis,100,0.5,100000.0,0.01,617,GAP,True,2,0.010215700301750119
indianapolis,100,0.5,100000.0,0.01,617,GAP,True,3,0.008723030215432276
indianapolis,100,0.5,100000.0,0.01,617,GAP,True,4,0.009699120185447564
indianapolis,100,0.5,100000.0,0.01,617,GAP,True,5,0.0004361365815222469
indianapolis,100,0.5,100000.0,0.01,617,GAP,True,6,0.014265640987767675
indianapolis,100,0.5,100000.0,0.01,617,GAP,True,7,0.025309879626321266
indianapolis,100,0.5,100000.0,0.01,617,GAP,True,8,0.004418344271518759
indianapolis,100,0.5,100000.0,0.01,617,GAP,True,9,0.0006207450019208245
indianapolis,100,0.5,100000.0,0.01,617,GAP,True,10,0.014450224172814939
indianapolis,100,0.5,100000.0,0.01,617,GAP,True,11,0.007139390972688441
indianapolis,100,0.5,100000.0,0.01,617,GAP,True,12,0.017536764656433834
indianapolis,100,0.5,100000.0,0.01,617,GAP,True,13,0.015909389259898994
indianapolis,100,0.5,100000.0,0.01,617,GAP,True,14,0.007499282713738526
indianapolis,100,0.5,100000.0,0.01,617,GAP,True,15,0.03869557768862359
indianapolis,100,0.5,100000.0,0.01,617,GAP,True,16,0.026285782646243514
indianapolis,100,0.5,100000.0,0.01,617,GAP,True,17,0.035540877015303854
indianapolis,100,0.5,100000.0,0.01,617,GAP,True,18,0.008978371118579001
indianapolis,100,0.5,100000.0,0.01,617,GAP,True,19,0.04207214580605361
indianapolis,100,0.5,100000.0,0.01,617,GAP,True,20,0.031003703577275037
indianapolis,100,0.5,100000.0,0.01,617,GAP,True,21,0.028558042777940617
indianapolis,100,0.5,100000.0,0.01,617,GAP,True,22,0.0030109196221585104
indianapolis,100,0.5,100000.0,0.01,617,GAP,True,23,0.04030668138375587
indianapolis,100,0.5,100000.0,0.01,617,GAP,True,24,0.022833397917118366
indianapolis,100,0.5,100000.0,0.01,617,GAP,True,25,0.03581301665477656
indianapolis,100,0.5,100000.0,0.01,617,GAP,True,26,0.03416430544454133
indianapolis,100,0.5,100000.0,0.01,617,GAP,True,27,0.022797271349830305
indianapolis,100,0.5,100000.0,0.01,617,GAP,True,28,0.03524892590530773
indianapolis,100,0.5,100000.0,0.01,617,GAP,True,29,0.016740110476469495
indianapolis,100,0.5,100000.0,0.01,617,GAP,True,30,0.036477125798309314
indianapolis,100,0.5,100000.0,0.01,617,PPCA,False,1,0.003173297234296802
indianapolis,100,0.5,100000.0,0.01,617,PPCA,False,2,0.006685230808271637
indianapolis,100,0.5,100000.0,0.01,617,PPCA,False,3,0.0026789426909652084
indianapolis,100,0.5,100000.0,0.01,617,PPCA,False,4,0.009613122711362746
indianapolis,100,0.5,100000.0,0.01,617,PPCA,False,5,0.0063624755173825685
indianapolis,100,0.5,100000.0,0.01,617,PPCA,False,6,0.0038418358314315144
indianapolis,100,0.5,100000.0,0.01,617,PPCA,False,7,0.009583295262929956
indianapolis,100,0.5,100000.0,0.01,617,PPCA,False,8,0.022738594495361007
indianapolis,100,0.5,100000.0,0.01,617,PPCA,False,9,0.01045440997963388
indianapolis,100,0.5,100000.0,0.01,617,PPCA,False,10,0.0033689633194863016
indianapolis,100,0.5,100000.0,0.01,617,PPCA,False,11,0.01574680880341543
indianapolis,100,0.5,100000.0,0.01,617,PPCA,False,12,0.019132046741079083
indianapolis,100,0.5,100000.0,0.01,617,PPCA,False,13,0.021129700023304516
indianapolis,100,0.5,100000.0,0.01,617,PPCA,False,14,0.02055899581832338
indianapolis,100,0.5,100000.0,0.01,617,PPCA,False,15,0.008980174590248365
indianapolis,100,0.5,100000.0,0.01,617,PPCA,False,16,0.002697903243498944
indianapolis,100,0.5,100000.0,0.01,617,PPCA,False,17,0.005284979585454653
indianapolis,100,0.5,100000.0,0.01,617,PPCA,False,18,0.017495013300603064
indianapolis,100,0.5,100000.0,0.01,617,PPCA,False,19,0.0014643816658938085
indianapolis,100,0.5,100000.0,0.01,617,PPCA,False,20,0.012364539608813887
indianapolis,100,0.5,100000.0,0.01,617,PPCA,False,21,0.005384012727550382
indianapolis,100,0.5,100000.0,0.01,617,PPCA,False,22,0.030512165748847957
indianapolis,100,0.5,100000.0,0.01,617,PPCA,False,23,0.02231532130749835
indianapolis,100,0.5,100000.0,0.01,617,PPCA,False,24,0.010815657385790895
indianapolis,100,0.5,100000.0,0.01,617,PPCA,False,25,0.024320958056358012
indianapolis,100,0.5,100000.0,0.01,617,PPCA,False,26,0.018898813020559884
indianapolis,100,0.5,100000.0,0.01,617,PPCA,False,27,0.017852269510061306
indianapolis,100,0.5,100000.0,0.01,617,PPCA,False,28,0.016499132112086656
indianapolis,100,0.5,100000.0,0.01,617,PPCA,False,29,0.029482495368710216
indianapolis,100,0.5,100000.0,0.01,617,PPCA,False,30,0.01690532462573613
indianapolis,100,0.5,100000.0,0.01,617,PPCA,True,1,0.004237462496388451
indianapolis,100,0.5,100000.0,0.01,617,PPCA,True,2,0.008871879129156155
indianapolis,100,0.5,100000.0,0.01,617,PPCA,True,3,0.002853928898287017
indianapolis,100,0.5,100000.0,0.01,617,PPCA,True,4,0.014079471958730628
indianapolis,100,0.5,100000.0,0.01,617,PPCA,True,5,0.014242521507097499
indianapolis,100,0.5,100000.0,0.01,617,PPCA,True,6,0.007504915304539145
indianapolis,100,0.5,100000.0,0.01,617,PPCA,True,7,0.01654323346190987
indianapolis,100,0.5,100000.0,0.01,617,PPCA,True,8,0.03008988306396841
indianapolis,100,0.5,100000.0,0.01,617,PPCA,True,9,0.008887550488089648
indianapolis,100,0.5,100000.0,0.01,617,PPCA,True,10,0.0125375225833961
indianapolis,100,0.5,100000.0,0.01,617,PPCA,True,11,0.02511017461363894
indianapolis,100,0.5,100000.0,0.01,617,PPCA,True,12,0.026171087701419626
indianapolis,100,0.5,100000.0,0.01,617,PPCA,True,13,0.027851246052044823
indianapolis,100,0.5,100000.0,0.01,617,PPCA,True,14,0.03889245828750772
indianapolis,100,0.5,100000.0,0.01,617,PPCA,True,15,0.01923025415660303
indianapolis,100,0.5,100000.0,0.01,617,PPCA,True,16,0.00039192537335698243
indianapolis,100,0.5,100000.0,0.01,617,PPCA,True,17,0.008973332424524891
indianapolis,100,0.5,100000.0,0.01,617,PPCA,True,18,0.029368328239089685
indianapolis,100,0.5,100000.0,0.01,617,PPCA,True,19,0.006652424162247156
indianapolis,100,0.5,100000.0,0.01,617,PPCA,True,20,0.023111308380091594
indianapolis,100,0.5,100000.0,0.01,617,PPCA,True,21,0.013282168407428293
indianapolis,100,0.5,100000.0,0.01,617,PPCA,True,22,0.05165654957162504
indianapolis,100,0.5,100000.0,0.01,617,PPCA,True,23,0.043335053086684276
indianapolis,100,0.5,100000.0,0.01,617,PPCA,True,24,0.02484563385086357
indianapolis,100,0.5,100000.0,0.01,617,PPCA,True,25,0.03682552559097147
indianapolis,100,0.5,100000.0,0.01,617,PPCA,True,26,0.0383616767329545
indianapolis,100,0.5,100000.0,0.01,617,PPCA,True,27,0.040421395852044545
indianapolis,100,0.5,100000.0,0.01,617,PPCA,True,28,0.03110830766236281
indianapolis,100,0.5,100000.0,0.01,617,PPCA,True,29,0.0480797814896953
indianapolis,100,0.5,100000.0,0.01,617,PPCA,True,30,0.03637662115416231
indianapolis,100,0.5,100000.0,0.01,781,rSC,False,1,0.01140391691390904
indianapolis,100,0.5,100000.0,0.01,781,rSC,False,2,0.0185477339411687
indianapolis,100,0.5,100000.0,0.01,781,rSC,False,3,0.0031189461682841783
indianapolis,100,0.5,100000.0,0.01,781,rSC,False,4,0.007909382815317698
indianapolis,100,0.5,100000.0,0.01,781,rSC,False,5,0.01289528308404313
indianapolis,100,0.5,100000.0,0.01,781,rSC,False,6,0.012862121581258622
indianapolis,100,0.5,100000.0,0.01,781,rSC,False,7,0.0021816431517917355
indianapolis,100,0.5,100000.0,0.01,781,rSC,False,8,0.0005892812796170153
indianapolis,100,0.5,100000.0,0.01,781,rSC,False,9,0.010717756246416719
indianapolis,100,0.5,100000.0,0.01,781,rSC,False,10,0.0009282831063362869
indianapolis,100,0.5,100000.0,0.01,781,rSC,False,11,0.006927850428915586
indianapolis,100,0.5,100000.0,0.01,781,rSC,False,12,0.021568571410482164
indianapolis,100,0.5,100000.0,0.01,781,rSC,False,13,0.005656074917296112
indianapolis,100,0.5,100000.0,0.01,781,rSC,False,14,0.006994717708341673
indianapolis,100,0.5,100000.0,0.01,781,rSC,False,15,0.0030536015592264915
indianapolis,100,0.5,100000.0,0.01,781,rSC,False,16,0.003084953796036021
indianapolis,100,0.5,100000.0,0.01,781,rSC,False,17,0.02948683901575489
indianapolis,100,0.5,100000.0,0.01,781,rSC,False,18,0.011671481921744909
indianapolis,100,0.5,100000.0,0.01,781,rSC,False,19,0.017610837215911352
indianapolis,100,0.5,100000.0,0.01,781,rSC,False,20,0.031497125911465196
indianapolis,100,0.5,100000.0,0.01,781,rSC,False,21,0.01495167518484353
indianapolis,100,0.5,100000.0,0.01,781,rSC,False,22,0.03606009309214486
indianapolis,100,0.5,100000.0,0.01,781,rSC,False,23,0.025685374011113885
indianapolis,100,0.5,100000.0,0.01,781,rSC,False,24,0.022671135073526534
indianapolis,100,0.5,100000.0,0.01,781,rSC,False,25,0.039940059179307714
indianapolis,100,0.5,100000.0,0.01,781,rSC,False,26,0.03135735230270301
indianapolis,100,0.5,100000.0,0.01,781,rSC,False,27,0.03122422220566499
indianapolis,100,0.5,100000.0,0.01,781,rSC,False,28,0.032742812391817616
indianapolis,100,0.5,100000.0,0.01,781,rSC,False,29,0.04493661387550692
indianapolis,100,0.5,100000.0,0.01,781,rSC,False,30,0.05225786322730547
indianapolis,100,0.5,100000.0,0.01,781,rSC,True,1,0.01140391691390904
indianapolis,100,0.5,100000.0,0.01,781,rSC,True,2,0.0185477339411687
indianapolis,100,0.5,100000.0,0.01,781,rSC,True,3,0.0031189461682841783
indianapolis,100,0.5,100000.0,0.01,781,rSC,True,4,0.007909382815317698
indianapolis,100,0.5,100000.0,0.01,781,rSC,True,5,0.01289528308404313
indianapolis,100,0.5,100000.0,0.01,781,rSC,True,6,0.012862121581258622
indianapolis,100,0.5,100000.0,0.01,781,rSC,True,7,0.0021816431517917355
indianapolis,100,0.5,100000.0,0.01,781,rSC,True,8,0.0005892812796170153
indianapolis,100,0.5,100000.0,0.01,781,rSC,True,9,0.010717756246416719
indianapolis,100,0.5,100000.0,0.01,781,rSC,True,10,0.0009282831063362869
indianapolis,100,0.5,100000.0,0.01,781,rSC,True,11,0.006927850428915586
indianapolis,100,0.5,100000.0,0.01,781,rSC,True,12,0.021568571410482164
indianapolis,100,0.5,100000.0,0.01,781,rSC,True,13,0.005656074917296112
indianapolis,100,0.5,100000.0,0.01,781,rSC,True,14,0.006994717708341673
indianapolis,100,0.5,100000.0,0.01,781,rSC,True,15,0.0030536015592264915
indianapolis,100,0.5,100000.0,0.01,781,rSC,True,16,0.003084953796036021
indianapolis,100,0.5,100000.0,0.01,781,rSC,True,17,0.02948683901575489
indianapolis,100,0.5,100000.0,0.01,781,rSC,True,18,0.011671481921744909
indianapolis,100,0.5,100000.0,0.01,781,rSC,True,19,0.017610837215911352
indianapolis,100,0.5,100000.0,0.01,781,rSC,True,20,0.031497125911465196
indianapolis,100,0.5,100000.0,0.01,781,rSC,True,21,0.01495167518484353
indianapolis,100,0.5,100000.0,0.01,781,rSC,True,22,0.03606009309214486
indianapolis,100,0.5,100000.0,0.01,781,rSC,True,23,0.025685374011113885
indianapolis,100,0.5,100000.0,0.01,781,rSC,True,24,0.022671135073526534
indianapolis,100,0.5,100000.0,0.01,781,rSC,True,25,0.039940059179307714
indianapolis,100,0.5,100000.0,0.01,781,rSC,True,26,0.03135735230270301
indianapolis,100,0.5,100000.0,0.01,781,rSC,True,27,0.03122422220566499
indianapolis,100,0.5,100000.0,0.01,781,rSC,True,28,0.032742812391817616
indianapolis,100,0.5,100000.0,0.01,781,rSC,True,29,0.04493661387550692
indianapolis,100,0.5,100000.0,0.01,781,rSC,True,30,0.05225786322730547
indianapolis,100,0.5,100000.0,0.01,781,GAP,False,1,0.002878193064494331
indianapolis,100,0.5,100000.0,0.01,781,GAP,False,2,0.0070877947168770305
indianapolis,100,0.5,100000.0,0.01,781,GAP,False,3,0.01044139844650931
indianapolis,100,0.5,100000.0,0.01,781,GAP,False,4,0.008413550440340072
indianapolis,100,0.5,100000.0,0.01,781,GAP,False,5,0.001470657546359432
indianapolis,100,0.5,100000.0,0.01,781,GAP,False,6,0.009313523246049744
indianapolis,100,0.5,100000.0,0.01,781,GAP,False,7,0.010582358920689117
indianapolis,100,0.5,100000.0,0.01,781,GAP,False,8,0.01881040363908266
indianapolis,100,0.5,100000.0,0.01,781,GAP,False,9,0.021960372682135274
indianapolis,100,0.5,100000.0,0.01,781,GAP,False,10,0.01254959069680848
indianapolis,100,0.5,100000.0,0.01,781,GAP,False,11,0.007150998184014391
indianapolis,100,0.5,100000.0,0.01,781,GAP,False,12,0.012933816472778902
indianapolis,100,0.5,100000.0,0.01,781,GAP,False,13,0.015103681568520174
indianapolis,100,0.5,100000.0,0.01,781,GAP,False,14,0.013482479014224695
indianapolis,100,0.5,100000.0,0.01,781,GAP,False,15,0.01172743726352888
indianapolis,100,0.5,100000.0,0.01,781,GAP,False,16,0.0054875901860549445
indianapolis,100,0.5,100000.0,0.01,781,GAP,False,17,0.0006528416506345341
indianapolis,100,0.5,100000.0,0.01,781,GAP,False,18,0.009890576233611273
indianapolis,100,0.5,100000.0,0.01,781,GAP,False,19,0.007463749042647574
indianapolis,100,0.5,100000.0,0.01,781,GAP,False,20,0.010928899153491848
indianapolis,100,0.5,100000.0,0.01,781,GAP,False,21,0.015384918616381598
indianapolis,100,0.5,100000.0,0.01,781,GAP,False,22,0.01960558170271008
indianapolis,100,0.5,100000.0,0.01,781,GAP,False,23,0.017691404618101925
indianapolis,100,0.5,100000.0,0.01,781,GAP,False,24,0.012602710933174922
indianapolis,100,0.5,100000.0,0.01,781,GAP,False,25,0.00894081233718962
indianapolis,100,0.5,100000.0,0.01,781,GAP,False,26,0.015345632538819777
indianapolis,100,0.5,100000.0,0.01,781,GAP,False,27,0.010240685860365827
indianapolis,100,0.5,100000.0,0.01,781,GAP,False,28,0.007182940586618348
indianapolis,100,0.5,100000.0,0.01,781,GAP,False,29,0.0006166366488837039
indianapolis,100,0.5,100000.0,0.01,781,GAP,False,30,0.017202395543103394
indianapolis,100,0.5,100000.0,0.01,781,GAP,True,1,0.010692780371823763
indianapolis,100,0.5,100000.0,0.01,781,GAP,True,2,0.013987352906323587
indianapolis,100,0.5,100000.0,0.01,781,GAP,True,3,0.020956914828588417
indianapolis,100,0.5,100000.0,0.01,781,GAP,True,4,0.017626131479090847
indianapolis,100,0.5,100000.0,0.01,781,GAP,True,5,0.013520595130091809
indianapolis,100,0.5,100000.0,0.01,781,GAP,True,6,0.01975700374372408
indianapolis,100,0.5,100000.0,0.01,781,GAP,True,7,0.020722740787090438
indianapolis,100,0.5,100000.0,0.01,781,GAP,True,8,0.03305138002337463
indianapolis,100,0.5,100000.0,0.01,781,GAP,True,9,0.03351783447863965
indianapolis,100,0.5,100000.0,0.01,781,GAP,True,10,0.02421112463239687
indianapolis,100,0.5,100000.0,0.01,781,GAP,True,11,0.02282609300231973
indianapolis,100,0.5,100000.0,0.01,781,GAP,True,12,0.023370919268310253
indianapolis,100,0.5,100000.0,0.01,781,GAP,True,13,0.0246443911126583
indianapolis,100,0.5,100000.0,0.01,781,GAP,True,14,0.027602887694932694
indianapolis,100,0.5,100000.0,0.01,781,GAP,True,15,0.025697875208117164
indianapolis,100,0.5,100000.0,0.01,781,GAP,True,16,0.01949721968106963
indianapolis,100,0.5,100000.0,0.01,781,GAP,True,17,0.012817053655767366
indianapolis,100,0.5,100000.0,0.01,781,GAP,True,18,0.024009092875237257
indianapolis,100,0.5,100000.0,0.01,781,GAP,True,19,0.02155588202848156
indianapolis,100,0.5,100000.0,0.01,781,GAP,True,20,0.02241815623708506
indianapolis,100,0.5,100000.0,0.01,781,GAP,True,21,0.029043274098300903
indianapolis,100,0.5,100000.0,0.01,781,GAP,True,22,0.034386419339893316
indianapolis,100,0.5,100000.0,0.01,781,GAP,True,23,0.0323331517511587
indianapolis,100,0.5,100000.0,0.01,781,GAP,True,24,0.027672674775965227
indianapolis,100,0.5,100000.0,0.01,781,GAP,True,25,0.025181302112579306
indianapolis,100,0.5,100000.0,0.01,781,GAP,True,26,0.029110326565823505
indianapolis,100,0.5,100000.0,0.01,781,GAP,True,27,0.002563337664870563
indianapolis,100,0.5,100000.0,0.01,781,GAP,True,28,0.018268393224712094
indianapolis,100,0.5,100000.0,0.01,781,GAP,True,29,0.01394306995841659
indianapolis,100,0.5,100000.0,0.01,781,GAP,True,30,0.007600278862222329
indianapolis,100,0.5,100000.0,0.01,781,PPCA,False,1,0.004076806523398883
indianapolis,100,0.5,100000.0,0.01,781,PPCA,False,2,0.024237840607517297
indianapolis,100,0.5,100000.0,0.01,781,PPCA,False,3,0.007962067349378153
indianapolis,100,0.5,100000.0,0.01,781,PPCA,False,4,0.015935246328035335
indianapolis,100,0.5,100000.0,0.01,781,PPCA,False,5,0.004962976272371577
indianapolis,100,0.5,100000.0,0.01,781,PPCA,False,6,0.01304097587465489
indianapolis,100,0.5,100000.0,0.01,781,PPCA,False,7,0.014204569842027346
indianapolis,100,0.5,100000.0,0.01,781,PPCA,False,8,0.012982123873315756
indianapolis,100,0.5,100000.0,0.01,781,PPCA,False,9,0.018282280085000723
indianapolis,100,0.5,100000.0,0.01,781,PPCA,False,10,0.015029696716876545
indianapolis,100,0.5,100000.0,0.01,781,PPCA,False,11,0.005656885861212878
indianapolis,100,0.5,100000.0,0.01,781,PPCA,False,12,0.024549153773461722
indianapolis,100,0.5,100000.0,0.01,781,PPCA,False,13,0.01485946731306226
indianapolis,100,0.5,100000.0,0.01,781,PPCA,False,14,0.010345532644548662
indianapolis,100,0.5,100000.0,0.01,781,PPCA,False,15,0.016249669042908286
indianapolis,100,0.5,100000.0,0.01,781,PPCA,False,16,0.012057542657559856
indianapolis,100,0.5,100000.0,0.01,781,PPCA,False,17,0.016392943922255203
indianapolis,100,0.5,100000.0,0.01,781,PPCA,False,18,0.014969915054981353
indianapolis,100,0.5,100000.0,0.01,781,PPCA,False,19,0.01374795151324391
indianapolis,100,0.5,100000.0,0.01,781,PPCA,False,20,0.012779895350970323
indianapolis,100,0.5,100000.0,0.01,781,PPCA,False,21,0.010673662084844666
indianapolis,100,0.5,100000.0,0.01,781,PPCA,False,22,0.023265326846011396
indianapolis,100,0.5,100000.0,0.01,781,PPCA,False,23,0.015342142961705874
indianapolis,100,0.5,100000.0,0.01,781,PPCA,False,24,0.02136341786342597
indianapolis,100,0.5,100000.0,0.01,781,PPCA,False,25,0.008804252582531905
indianapolis,100,0.5,100000.0,0.01,781,PPCA,False,26,0.015588987384208879
indianapolis,100,0.5,100000.0,0.01,781,PPCA,False,27,0.0019168912410761527
indianapolis,100,0.5,100000.0,0.01,781,PPCA,False,28,0.02115048935359934
indianapolis,100,0.5,100000.0,0.01,781,PPCA,False,29,0.01276992285588216
indianapolis,100,0.5,100000.0,0.01,781,PPCA,False,30,0.013748402350165187
indianapolis,100,0.5,100000.0,0.01,781,PPCA,True,1,0.006508799050223667
indianapolis,100,0.5,100000.0,0.01,781,PPCA,True,2,0.026007818057658564
indianapolis,100,0.5,100000.0,0.01,781,PPCA,True,3,0.009662082874120171
indianapolis,100,0.5,100000.0,0.01,781,PPCA,True,4,0.01805525582778093
indianapolis,100,0.5,100000.0,0.01,781,PPCA,True,5,0.008029815338487784
indianapolis,100,0.5,100000.0,0.01,781,PPCA,True,6,0.015135528617958117
indianapolis,100,0.5,100000.0,0.01,781,PPCA,True,7,0.015790651381987455
indianapolis,100,0.5,100000.0,0.01,781,PPCA,True,8,0.016099510765472384
indianapolis,100,0.5,100000.0,0.01,781,PPCA,True,9,0.02067817807067391
indianapolis,100,0.5,100000.0,0.01,781,PPCA,True,10,0.01742508052888986
indianapolis,100,0.5,100000.0,0.01,781,PPCA,True,11,0.008612731109449141
indianapolis,100,0.5,100000.0,0.01,781,PPCA,True,12,0.02672198595639454
indianapolis,100,0.5,100000.0,0.01,781,PPCA,True,13,0.0168727027937477
indianapolis,100,0.5,100000.0,0.01,781,PPCA,True,14,0.013872247560380873
indianapolis,100,0.5,100000.0,0.01,781,PPCA,True,15,0.018894040235664326
indianapolis,100,0.5,100000.0,0.01,781,PPCA,True,16,0.014885237363511623
indianapolis,100,0.5,100000.0,0.01,781,PPCA,True,17,0.019147784355719125
indianapolis,100,0.5,100000.0,0.01,781,PPCA,True,18,0.01880484694435375
indianapolis,100,0.5,100000.0,0.01,781,PPCA,True,19,0.016656978891218577
indianapolis,100,0.5,100000.0,0.01,781,PPCA,True,20,0.015361904839278087
indianapolis,100,0.5,100000.0,0.01,781,PPCA,True,21,0.013914098856496764
indianapolis,100,0.5,100000.0,0.01,781,PPCA,True,22,0.02709912824935394
indianapolis,100,0.5,100000.0,0.01,781,PPCA,True,23,0.018717981592288584
indianapolis,100,0.5,100000.0,0.01,781,PPCA,True,24,0.024471928060773918
indianapolis,100,0.5,100000.0,0.01,781,PPCA,True,25,0.012656945554260054
indianapolis,100,0.5,100000.0,0.01,781,PPCA,True,26,0.01884115423039758
indianapolis,100,0.5,100000.0,0.01,781,PPCA,True,27,0.005604846129244058
indianapolis,100,0.5,100000.0,0.01,781,PPCA,True,28,0.024475081020228544
indianapolis,100,0.5,100000.0,0.01,781,PPCA,True,29,0.016189322328511745
indianapolis,100,0.5,100000.0,0.01,781,PPCA,True,30,0.01788312276059821
indianapolis,100,1.0,250.0,4.0,617,rSC,False,1,0.040631056844474614
indianapolis,100,1.0,250.0,4.0,617,rSC,False,2,0.037461373265603524
indianapolis,100,1.0,250.0,4.0,617,rSC,False,3,0.02955933377721061
indianapolis,100,1.0,250.0,4.0,617,rSC,False,4,0.021565530318237654
indianapolis,100,1.0,250.0,4.0,617,rSC,False,5,0.014619839012602116
indianapolis,100,1.0,250.0,4.0,617,rSC,False,6,0.04458412298184779
indianapolis,100,1.0,250.0,4.0,617,rSC,False,7,0.039882844747974634
indianapolis,100,1.0,250.0,4.0,617,rSC,False,8,0.04425817280816711
indianapolis,100,1.0,250.0,4.0,617,rSC,False,9,0.03299607712176052
indianapolis,100,1.0,250.0,4.0,617,rSC,False,10,0.03336918073737177
indianapolis,100,1.0,250.0,4.0,617,rSC,False,11,0.03725393597593409
indianapolis,100,1.0,250.0,4.0,617,rSC,False,12,0.06920704971515099
indianapolis,100,1.0,250.0,4.0,617,rSC,False,13,0.04183762447113025
indianapolis,100,1.0,250.0,4.0,617,rSC,False,14,0.0007236883776751237
indianapolis,100,1.0,250.0,4.0,617,rSC,False,15,0.0025127741863580017
indianapolis,100,1.0,250.0,4.0,617,rSC,False,16,0.031143993760599384
indianapolis,100,1.0,250.0,4.0,617,rSC,False,17,0.0036648240417201617
indianapolis,100,1.0,250.0,4.0,617,rSC,False,18,0.029839852006356946
indianapolis,100,1.0,250.0,4.0,617,rSC,False,19,0.006375424988252663
indianapolis,100,1.0,250.0,4.0,617,rSC,False,20,0.020196891772070256
indianapolis,100,1.0,250.0,4.0,617,rSC,False,21,0.01832398516537395
indianapolis,100,1.0,250.0,4.0,617,rSC,False,22,0.02811929944448411
indianapolis,100,1.0,250.0,4.0,617,rSC,False,23,0.0009570679065707672
indianapolis,100,1.0,250.0,4.0,617,rSC,False,24,0.010709773353196235
indianapolis,100,1.0,250.0,4.0,617,rSC,False,25,0.014634978562052996
indianapolis,100,1.0,250.0,4.0,617,rSC,False,26,0.0008784652250819653
indianapolis,100,1.0,250.0,4.0,617,rSC,False,27,0.01196790948449372
indianapolis,100,1.0,250.0,4.0,617,rSC,False,28,0.014123582563001648
indianapolis,100,1.0,250.0,4.0,617,rSC,False,29,0.006411236433141725
indianapolis,100,1.0,250.0,4.0,617,rSC,False,30,0.016528822938135224
indianapolis,100,1.0,250.0,4.0,617,rSC,True,1,0.040631056844474614
indianapolis,100,1.0,250.0,4.0,617,rSC,True,2,0.037461373265603524
indianapolis,100,1.0,250.0,4.0,617,rSC,True,3,0.02955933377721061
indianapolis,100,1.0,250.0,4.0,617,rSC,True,4,0.021565530318237654
indianapolis,100,1.0,250.0,4.0,617,rSC,True,5,0.014619839012602116
indianapolis,100,1.0,250.0,4.0,617,rSC,True,6,0.04458412298184779
indianapolis,100,1.0,250.0,4.0,617,rSC,True,7,0.039882844747974634
indianapolis,100,1.0,250.0,4.0,617,rSC,True,8,0.04425817280816711
indianapolis,100,1.0,250.0,4.0,617,rSC,True,9,0.03299607712176052
indianapolis,100,1.0,250.0,4.0,617,rSC,True,10,0.03336918073737177
indianapolis,100,1.0,250.0,4.0,617,rSC,True,11,0.03725393597593409
indianapolis,100,1.0,250.0,4.0,617,rSC,True,12,0.06920704971515099
indianapolis,100,1.0,250.0,4.0,617,rSC,True,13,0.04183762447113025
indianapolis,100,1.0,250.0,4.0,617,rSC,True,14,0.0007236883776751237
indianapolis,100,1.0,250.0,4.0,617,rSC,True,15,0.0025127741863580017
indianapolis,100,1.0,250.0,4.0,617,rSC,True,16,0.031143993760599384
indianapolis,100,1.0,250.0,4.0,617,rSC,True,17,0.0036648240417201617
indianapolis,100,1.0,250.0,4.0,617,rSC,True,18,0.029839852006356946
indianapolis,100,1.0,250.0,4.0,617,rSC,True,19,0.006375424988252663
indianapolis,100,1.0,250.0,4.0,617,rSC,True,20,0.020196891772070256
indianapolis,100,1.0,250.0,4.0,617,rSC,True,21,0.01832398516537395
indianapolis,100,1.0,250.0,4.0,617,rSC,True,22,0.02811929944448411
indianapolis,100,1.0,250.0,4.0,617,rSC,True,23,0.0009570679065707672
indianapolis,100,1.0,250.0,4.0,617,rSC,True,24,0.010709773353196235
indianapolis,100,1.0,250.0,4.0,617,rSC,True,25,0.014634978562052996
indianapolis,100,1.0,250.0,4.0,617,rSC,True,26,0.0008784652250819653
indianapolis,100,1.0,250.0,4.0,617,rSC,True,27,0.01196790948449372
indianapolis,100,1.0,250.0,4.0,617,rSC,True,28,0.014123582563001648
indianapolis,100,1.0,250.0,4.0,617,rSC,True,29,0.006411236433141725
indianapolis,100,1.0,250.0,4.0,617,rSC,True,30,0.016528822938135224
indianapolis,100,1.0,250.0,4.0,617,GAP,False,1,0.0544977662931471
indianapolis,100,1.0,250.0,4.0,617,GAP,False,2,0.043135159106358414
indianapolis,100,1.0,250.0,4.0,617,GAP,False,3,0.07540836342465188
indianapolis,100,1.0,250.0,4.0,617,GAP,False,4,0.033369212956591066
indianapolis,100,1.0,250.0,4.0,617,GAP,False,5,0.04779704092273953
indianapolis,100,1.0,250.0,4.0,617,GAP,False,6,0.05501149553671728
indianapolis,100,1.0,250.0,4.0,617,GAP,False,7,0.07341464511189066
indianapolis,100,1.0,250.0,4.0,617,GAP,False,8,0.07284150439872161
indianapolis,100,1.0,250.0,4.0,617,GAP,False,9,0.05916600790499041
indianapolis,100,1.0,250.0,4.0,617,GAP,False,10,0.038139138107000314
indianapolis,100,1.0,250.0,4.0,617,GAP,False,11,0.05871749072211187
indianapolis,100,1.0,250.0,4.0,617,GAP,False,12,0.0679174440113088
indianapolis,100,1.0,250.0,4.0,617,GAP,False,13,0.038438990444267865
indianapolis,100,1.0,250.0,4.0,617,GAP,False,14,0.006462884168703623
indianapolis,100,1.0,250.0,4.0,617,GAP,False,15,0.009829656991945119
indianapolis,100,1.0,250.0,4.0,617,GAP,False,16,0.04775386698421067
indianapolis,100,1.0,250.0,4.0,617,GAP,False,17,0.012632648281305036
indianapolis,100,1.0,250.0,4.0,617,GAP,False,18,0.01946580180603004
indianapolis,100,1.0,250.0,4.0,617,GAP,False,19,0.0028866036697001852
indianapolis,100,1.0,250.0,4.0,617,GAP,False,20,0.024115549688903837
indianapolis,100,1.0,250.0,4.0,617,GAP,False,21,0.0148071520842981
indianapolis,100,1.0,250.0,4.0,617,GAP,False,22,0.012849665649001907
indianapolis,100,1.0,250.0,4.0,617,GAP,False,23,0.010848534161573699
indianapolis,100,1.0,250.0,4.0,617,GAP,False,24,0.007156515748582888
indianapolis,100,1.0,250.0,4.0,617,GAP,False,25,0.019852533280828775
indianapolis,100,1.0,250.0,4.0,617,GAP,False,26,0.004383827191164866
indianapolis,100,1.0,250.0,4.0,617,GAP,False,27,0.010860353478824681
indianapolis,100,1.0,250.0,4.0,617,GAP,False,28,0.009877647952055027
indianapolis,100,1.0,250.0,4.0,617,GAP,False,29,0.0016333216412133572
indianapolis,100,1.0,250.0,4.0,617,GAP,False,30,0.006078619779489285
indianapolis,100,1.0,250.0,4.0,617,GAP,True,1,0.034040821872343155
indianapolis,100,1.0,250.0,4.0,617,GAP,True,2,0.01913215784271838
indianapolis,100,1.0,250.0,4.0,617,GAP,True,3,0.04557468733822561
indianapolis,100,1.0,250.0,4.0,617,GAP,True,4,0.008236233134628457
indianapolis,100,1.0,250.0,4.0,617,GAP,True,5,0.020001984901564133
indianapolis,100,1.0,250.0,4.0,617,GAP,True,6,0.029187277507668558
indianapolis,100,1.0,250.0,4.0,617,GAP,True,7,0.03972544503298689
indianapolis,100,1.0,250.0,4.0,617,GAP,True,8,0.044679596494663076
indianapolis,100,1.0,250.0,4.0,617,GAP,True,9,0.026785131374480426
indianapolis,100,1.0,250.0,4.0,617,GAP,True,10,0.00899770907881259
indianapolis,100,1.0,250.0,4.0,617,GAP,True,11,0.02557989590218117
indianapolis,100,1.0,250.0,4.0,617,GAP,True,12,0.04055699891149929
indianapolis,100,1.0,250.0,4.0,617,GAP,True,13,0.0017324275126624896
indianapolis,100,1.0,250.0,4.0,617,GAP,True,14,0.02010321079483585
indianapolis,100,1.0,250.0,4.0,617,GAP,True,15,0.02607404485315355
indianapolis,100,1.0,250.0,4.0,617,GAP,True,16,0.013739200647064926
indianapolis,100,1.0,250.0,4.0,617,GAP,True,17,0.01684462658081594
indianapolis,100,1.0,250.0,4.0,617,GAP,True,18,0.016040587139930878
indianapolis,100,1.0,250.0,4.0,617,GAP,True,19,0.026960758671211227
indianapolis,100,1.0,250.0,4.0,617,GAP,True,20,0.007574958354081134
indianapolis,100,1.0,250.0,4.0,617,GAP,True,21,0.01537309767066878
indianapolis,100,1.0,250.0,4.0,617,GAP,True,22,0.013231184959244975
indianapolis,100,1.0,250.0,4.0,617,GAP,True,23,0.0264646462456771
indianapolis,100,1.0,250.0,4.0,617,GAP,True,24,0.021139350749152186
indianapolis,100,1.0,250.0,4.0,617,GAP,True,25,0.018038003575819198
indianapolis,100,1.0,250.0,4.0,617,GAP,True,26,0.03971228689250625
indianapolis,100,1.0,250.0,4.0,617,GAP,True,27,0.03817206933047718
indianapolis,100,1.0,250.0,4.0,617,GAP,True,28,0.030537148967750543
indianapolis,100,1.0,250.0,4.0,617,GAP,True,29,0.022594311391599536
indianapolis,100,1.0,250.0,4.0,617,GAP,True,30,0.025515933778160856
indianapolis,100,1.0,250.0,4.0,617,PPCA,False,1,0.0477473910735015
indianapolis,100,1.0,250.0,4.0,617,PPCA,False,2,0.011620972285653109
indianapolis,100,1.0,250.0,4.0,617,PPCA,False,3,0.042316388777793076
indianapolis,100,1.0,250.0,4.0,617,PPCA,False,4,0.013669773345726336
indianapolis,100,1.0,250.0,4.0,617,PPCA,False,5,0.0007942077506882551
indianapolis,100,1.0,250.0,4.0,617,PPCA,False,6,0.05954491353666454
indianapolis,100,1.0,250.0,4.0,617,PPCA,False,7,0.02499996716218253
indianapolis,100,1.0,250.0,4.0,617,PPCA,False,8,0.07890195515816652
indianapolis,100,1.0,250.0,4.0,617,PPCA,False,9,0.03601839402444532
indianapolis,100,1.0,250.0,4.0,617,PPCA,False,10,0.04747769523806524
indianapolis,100,1.0,250.0,4.0,617,PPCA,False,11,0.03641350874710041
indianapolis,100,1.0,250.0,4.0,617,PPCA,False,12,0.06666070036552091
indianapolis,100,1.0,250.0,4.0,617,PPCA,False,13,0.046128591861962845
indianapolis,100,1.0,250.0,4.0,617,PPCA,False,14,0.04024857933055842
indianapolis,100,1.0,250.0,4.0,617,PPCA,False,15,0.0015834260130737246
indianapolis,100,1.0,250.0,4.0,617,PPCA,False,16,0.061156718658681344
indianapolis,100,1.0,250.0,4.0,617,PPCA,False,17,0.029972008552287065
indianapolis,100,1.0,250.0,4.0,617,PPCA,False,18,0.058847462301597445
indianapolis,100,1.0,250.0,4.0,617,PPCA,False,19,0.061127288338221814
indianapolis,100,1.0,250.0,4.0,617,PPCA,False,20,0.0383678152251241
indianapolis,100,1.0,250.0,4.0,617,PPCA,False,21,0.035507549256696885
indianapolis,100,1.0,250.0,4.0,617,PPCA,False,22,0.07055388951149943
indianapolis,100,1.0,250.0,4.0,617,PPCA,False,23,0.03139970485309747
indianapolis,100,1.0,250.0,4.0,617,PPCA,False,24,0.06426720687805317
indianapolis,100,1.0,250.0,4.0,617,PPCA,False,25,0.03691555353183595
indianapolis,100,1.0,250.0,4.0,617,PPCA,False,26,0.03341752370778914
indianapolis,100,1.0,250.0,4.0,617,PPCA,False,27,0.04793286641212139
indianapolis,100,1.0,250.0,4.0,617,PPCA,False,28,0.06894599157162781
indianapolis,100,1.0,250.0,4.0,617,PPCA,False,29,0.06274393519148226
indianapolis,100,1.0,250.0,4.0,617,PPCA,False,30,0.044492026544362316
indianapolis,100,1.0,250.0,4.0,617,PPCA,True,1,0.04948843129689273
indianapolis,100,1.0,250.0,4.0,617,PPCA,True,2,0.012503672878534869
indianapolis,100,1.0,250.0,4.0,617,PPCA,True,3,0.047743775799925794
indianapolis,100,1.0,250.0,4.0,617,PPCA,True,4,0.018276387400323123
indianapolis,100,1.0,250.0,4.0,617,PPCA,True,5,0.0009715351165753302
indianapolis,100,1.0,250.0,4.0,617,PPCA,True,6,0.061036484190537435
indianapolis,100,1.0,250.0,4.0,617,PPCA,True,7,0.024440889513045884
indianapolis,100,1.0,250.0,4.0,617,PPCA,True,8,0.08134772664711036
indianapolis,100,1.0,250.0,4.0,617,PPCA,True,9,0.042733873234788305
indianapolis,100,1.0,250.0,4.0,617,PPCA,True,10,0.04891689614496337
indianapolis,100,1.0,250.0,4.0,617,PPCA,True,11,0.03466706241973892
indianapolis,100,1.0,250.0,4.0,617,PPCA,True,12,0.06556071473623018
indianapolis,100,1.0,250.0,4.0,617,PPCA,True,13,0.04509311059461032
indianapolis,100,1.0,250.0,4.0,617,PPCA,True,14,0.03835104054778402
indianapolis,100,1.0,250.0,4.0,617,PPCA,True,15,0.002473825440122057
indianapolis,100,1.0,250.0,4.0,617,PPCA,True,16,0.06153141314669144
indianapolis,100,1.0,250.0,4.0,617,PPCA,True,17,0.03053867660814485
indianapolis,100,1.0,250.0,4.0,617,PPCA,True,18,0.05676833315335326
indianapolis,100,1.0,250.0,4.0,617,PPCA,True,19,0.058740989598478864
indianapolis,100,1.0,250.0,4.0,617,PPCA,True,20,0.03205944626309921
indianapolis,100,1.0,250.0,4.0,617,PPCA,True,21,0.032753967746176706
indianapolis,100,1.0,250.0,4.0,617,PPCA,True,22,0.0669312327600445
indianapolis,100,1.0,250.0,4.0,617,PPCA,True,23,0.02990980254219838
indianapolis,100,1.0,250.0,4.0,617,PPCA,True,24,0.05965769821431808
indianapolis,100,1.0,250.0,4.0,617,PPCA,True,25,0.03765856883496918
indianapolis,100,1.0,250.0,4.0,617,PPCA,True,26,0.03106894787943291
indianapolis,100,1.0,250.0,4.0,617,PPCA,True,27,0.046197434962749064
indianapolis,100,1.0,250.0,4.0,617,PPCA,True,28,0.06039642718920113
indianapolis,100,1.0,250.0,4.0,617,PPCA,True,29,0.06049893303658347
indianapolis,100,1.0,250.0,4.0,617,PPCA,True,30,0.03827356458763062
indianapolis,100,1.0,250.0,4.0,781,rSC,False,1,0.0187668214143574
indianapolis,100,1.0,250.0,4.0,781,rSC,False,2,0.007382461627270724
indianapolis,100,1.0,250.0,4.0,781,rSC,False,3,0.003579070138519181
indianapolis,100,1.0,250.0,4.0,781,rSC,False,4,0.011702153133156309
indianapolis,100,1.0,250.0,4.0,781,rSC,False,5,0.02106588228894925
indianapolis,100,1.0,250.0,4.0,781,rSC,False,6,0.01785344559152359
indianapolis,100,1.0,250.0,4.0,781,rSC,False,7,0.002504076778959802
indianapolis,100,1.0,250.0,4.0,781,rSC,False,8,0.0013344451761770626
indianapolis,100,1.0,250.0,4.0,781,rSC,False,9,0.02469260705135839
indianapolis,100,1.0,250.0,4.0,781,rSC,False,10,0.006905887920522649
indianapolis,100,1.0,250.0,4.0,781,rSC,False,11,0.001693793473342438
indianapolis,100,1.0,250.0,4.0,781,rSC,False,12,0.004179432148948485
indianapolis,100,1.0,250.0,4.0,781,rSC,False,13,0.00923371163625935
indianapolis,100,1.0,250.0,4.0,781,rSC,False,14,0.0016183232758337884
indianapolis,100,1.0,250.0,4.0,781,rSC,False,15,0.002465335643696383
indianapolis,100,1.0,250.0,4.0,781,rSC,False,16,0.0062566302855833825
indianapolis,100,1.0,250.0,4.0,781,rSC,False,17,0.021350041277697202
indianapolis,100,1.0,250.0,4.0,781,rSC,False,18,0.01487851743449914
indianapolis,100,1.0,250.0,4.0,781,rSC,False,19,0.04031812181982322
indianapolis,100,1.0,250.0,4.0,781,rSC,False,20,0.04607663223493656
indianapolis,100,1.0,250.0,4.0,781,rSC,False,21,0.026940169663557778
indianapolis,100,1.0,250.0,4.0,781,rSC,False,22,0.03019701440193779
indianapolis,100,1.0,250.0,4.0,781,rSC,False,23,0.02717494310677944
indianapolis,100,1.0,250.0,4.0,781,rSC,False,24,0.027799481627549073
indianapolis,100,1.0,250.0,4.0,781,rSC,False,25,0.024837188168269582
indianapolis,100,1.0,250.0,4.0,781,rSC,False,26,0.030987419193414547
indianapolis,100,1.0,250.0,4.0,781,rSC,False,27,0.05848710174726557
indianapolis,100,1.0,250.0,4.0,781,rSC,False,28,0.04918368564759438
indianapolis,100,1.0,250.0,4.0,781,rSC,False,29,0.051647715187915784
indianapolis,100,1.0,250.0,4.0,781,rSC,False,30,0.04765111420734051
indianapolis,100,1.0,250.0,4.0,781,rSC,True,1,0.0187668214143574
indianapolis,100,1.0,250.0,4.0,781,rSC,True,2,0.007382461627270724
indianapolis,100,1.0,250.0,4.0,781,rSC,True,3,0.003579070138519181
indianapolis,100,1.0,250.0,4.0,781,rSC,True,4,0.011702153133156309
indianapolis,100,1.0,250.0,4.0,781,rSC,True,5,0.02106588228894925
indianapolis,100,1.0,250.0,4.0,781,rSC,True,6,0.01785344559152359
indianapolis,100,1.0,250.0,4.0,781,rSC,True,7,0.002504076778959802
indianapolis,100,1.0,250.0,4.0,781,rSC,True,8,0.0013344451761770626
indianapolis,100,1.0,250.0,4.0,781,rSC,True,9,0.02469260705135839
indianapolis,100,1.0,250.0,4.0,781,rSC,True,10,0.006905887920522649
indianapolis,100,1.0,250.0,4.0,781,rSC,True,11,0.001693793473342438
indianapolis,100,1.0,250.0,4.0,781,rSC,True,12,0.004179432148948485
indianapolis,100,1.0,250.0,4.0,781,rSC,True,13,0.00923371163625935
indianapolis,100,1.0,250.0,4.0,781,rSC,True,14,0.0016183232758337884
indianapolis,100,1.0,250.0,4.0,781,rSC,True,15,0.002465335643696383
indianapolis,100,1.0,250.0,4.0,781,rSC,True,16,0.0062566302855833825
indianapolis,100,1.0,250.0,4.0,781,rSC,True,17,0.021350041277697202
indianapolis,100,1.0,250.0,4.0,781,rSC,True,18,0.01487851743449914
indianapolis,100,1.0,250.0,4.0,781,rSC,True,19,0.04031812181982322
indianapolis,100,1.0,250.0,4.0,781,rSC,True,20,0.04607663223493656
indianapolis,100,1.0,250.0,4.0,781,rSC,True,21,0.026940169663557778
indianapolis,100,1.0,250.0,4.0,781,rSC,True,22,0.03019701440193779
indianapolis,100,1.0,250.0,4.0,781,rSC,True,23,0.02717494310677944
indianapolis,100,1.0,250.0,4.0,781,rSC,True,24,0.027799481627549073
indianapolis,100,1.0,250.0,4.0,781,rSC,True,25,0.024837188168269582
indianapolis,100,1.0,250.0,4.0,781,rSC,True,26,0.030987419193414547
indianapolis,100,1.0,250.0,4.0,781,rSC,True,27,0.05848710174726557
indianapolis,100,1.0,250.0,4.0,781,rSC,True,28,0.04918368564759438
indianapolis,100,1.0,250.0,4.0,781,rSC,True,29,0.051647715187915784
indianapolis,100,1.0,250.0,4.0,781,rSC,True,30,0.04765111420734051
indianapolis,100,1.0,250.0,4.0,781,GAP,False,1,0.0019628714116976236
indianapolis,100,1.0,250.0,4.0,781,GAP,False,2,0.03401138298423929
indianapolis,100,1.0,250.0,4.0,781,GAP,False,3,0.007781668167530947
indianapolis,100,1.0,250.0,4.0,781,GAP,False,4,0.03354064926957469
indianapolis,100,1.0,250.0,4.0,781,GAP,False,5,0.008603826521041644
indianapolis,100,1.0,250.0,4.0,781,GAP,False,6,0.005704470305055887
indianapolis,100,1.0,250.0,4.0,781,GAP,False,7,0.012991192570862764
indianapolis,100,1.0,250.0,4.0,781,GAP,False,8,0.012209283096839588
indianapolis,100,1.0,250.0,4.0,781,GAP,False,9,0.0431849406456123
indianapolis,100,1.0,250.0,4.0,781,GAP,False,10,0.021118395581835186
indianapolis,100,1.0,250.0,4.0,781,GAP,False,11,0.028849719070362278
indianapolis,100,1.0,250.0,4.0,781,GAP,False,12,0.0013036410330440893
indianapolis,100,1.0,250.0,4.0,781,GAP,False,13,0.0143976532747725
indianapolis,100,1.0,250.0,4.0,781,GAP,False,14,0.006612933335642159
indianapolis,100,1.0,250.0,4.0,781,GAP,False,15,0.025263074022574872
indianapolis,100,1.0,250.0,4.0,781,GAP,False,16,0.021923393947726088
indianapolis,100,1.0,250.0,4.0,781,GAP,False,17,0.018131762435543358
indianapolis,100,1.0,250.0,4.0,781,GAP,False,18,0.007964214119057577
indianapolis,100,1.0,250.0,4.0,781,GAP,False,19,0.028013377518364982
indianapolis,100,1.0,250.0,4.0,781,GAP,False,20,0.02004496089142566
indianapolis,100,1.0,250.0,4.0,781,GAP,False,21,0.025476783928187134
indianapolis,100,1.0,250.0,4.0,781,GAP,False,22,0.015126744874439612
indianapolis,100,1.0,250.0,4.0,781,GAP,False,23,0.01929575214423678
indianapolis,100,1.0,250.0,4.0,781,GAP,False,24,0.004067931169756284
indianapolis,100,1.0,250.0,4.0,781,GAP,False,25,0.006391306817671251
indianapolis,100,1.0,250.0,4.0,781,GAP,False,26,0.006759059911476444
indianapolis,100,1.0,250.0,4.0,781,GAP,False,27,0.031021426379939227
indianapolis,100,1.0,250.0,4.0,781,GAP,False,28,0.011411089543256505
indianapolis,100,1.0,250.0,4.0,781,GAP,False,29,0.01241386526759567
indianapolis,100,1.0,250.0,4.0,781,GAP,False,30,0.04914623843461131
indianapolis,100,1.0,250.0,4.0,781,GAP,True,1,0.0007713288938357416
indianapolis,100,1.0,250.0,4.0,781,GAP,True,2,0.029971964283873394
indianapolis,100,1.0,250.0,4.0,781,GAP,True,3,0.004591937463940956
indianapolis,100,1.0,250.0,4.0,781,GAP,True,4,0.02581700640079113
indianapolis,100,1.0,250.0,4.0,781,GAP,True,5,0.013471005301962014
indianapolis,100,1.0,250.0,4.0,781,GAP,True,6,0.003020251767216381
indianapolis,100,1.0,250.0,4.0,781,GAP,True,7,0.007840747562762339
indianapolis,100,1.0,250.0,4.0,781,GAP,True,8,0.0033505858535137056
indianapolis,100,1.0,250.0,4.0,781,GAP,True,9,0.0313105136412785
indianapolis,100,1.0,250.0,4.0,781,GAP,True,10,0.012882418475507154
indianapolis,100,1.0,250.0,4.0,781,GAP,True,11,0.01791899161268528
indianapolis,100,1.0,250.0,4.0,781,GAP,True,12,0.007737627112346128
indianapolis,100,1.0,250.0,4.0,781,GAP,True,13,0.004140101007335304
indianapolis,100,1.0,250.0,4.0,781,GAP,True,14,0.004358551018550594
indianapolis,100,1.0,250.0,4.0,781,GAP,True,15,0.010854412521004317
indianapolis,100,1.0,250.0,4.0,781,GAP,True,16,0.007168391723726579
indianapolis,100,1.0,250.0,4.0,781,GAP,True,17,0.004349906951992857
indianapolis,100,1.0,250.0,4.0,781,GAP,True,18,0.020745126586428457
indianapolis,100,1.0,250.0,4.0,781,GAP,True,19,0.0407423362676423
indianapolis,100,1.0,250.0,4.0,781,GAP,True,20,0.03286726983539824
indianapolis,100,1.0,250.0,4.0,781,GAP,True,21,0.037341104766986134
indianapolis,100,1.0,250.0,4.0,781,GAP,True,22,0.03082761495672919
indianapolis,100,1.0,250.0,4.0,781,GAP,True,23,0.032931513333355734
indianapolis,100,1.0,250.0,4.0,781,GAP,True,24,0.021588607635304603
indianapolis,100,1.0,250.0,4.0,781,GAP,True,25,0.025270085444069782
indianapolis,100,1.0,250.0,4.0,781,GAP,True,26,0.014242838731117431
indianapolis,100,1.0,250.0,4.0,781,GAP,True,27,0.04937764932351307
indianapolis,100,1.0,250.0,4.0,781,GAP,True,28,0.03030983555205065
indianapolis,100,1.0,250.0,4.0,781,GAP,True,29,0.03301240530873242
indianapolis,100,1.0,250.0,4.0,781,GAP,True,30,0.06536698370253972
indianapolis,100,1.0,250.0,4.0,781,PPCA,False,1,0.010358915629092486
indianapolis,100,1.0,250.0,4.0,781,PPCA,False,2,0.008141159408838965
indianapolis,100,1.0,250.0,4.0,781,PPCA,False,3,0.007083690011832882
indianapolis,100,1.0,250.0,4.0,781,PPCA,False,4,0.009295478703256466
indianapolis,100,1.0,250.0,4.0,781,PPCA,False,5,0.03779588605589993
indianapolis,100,1.0,250.0,4.0,781,PPCA,False,6,0.019377799081370058
indianapolis,100,1.0,250.0,4.0,781,PPCA,False,7,0.006019781512691125
indianapolis,100,1.0,250.0,4.0,781,PPCA,False,8,0.004283437377958724
indianapolis,100,1.0,250.0,4.0,781,PPCA,False,9,0.019921919695040275
indianapolis,100,1.0,250.0,4.0,781,PPCA,False,10,0.0074313299290888245
indianapolis,100,1.0,250.0,4.0,781,PPCA,False,11,0.013551679400787992
indianapolis,100,1.0,250.0,4.0,781,PPCA,False,12,0.004736850616792669
indianapolis,100,1.0,250.0,4.0,781,PPCA,False,13,0.013923508611317
indianapolis,100,1.0,250.0,4.0,781,PPCA,False,14,0.012544837952929643
indianapolis,100,1.0,250.0,4.0,781,PPCA,False,15,0.022166022724313644
indianapolis,100,1.0,250.0,4.0,781,PPCA,False,16,0.024575229744908982
indianapolis,100,1.0,250.0,4.0,781,PPCA,False,17,0.03270163348598165
indianapolis,100,1.0,250.0,4.0,781,PPCA,False,18,0.02092667054613678
indianapolis,100,1.0,250.0,4.0,781,PPCA,False,19,0.06897682582309062
indianapolis,100,1.0,250.0,4.0,781,PPCA,False,20,0.04919602977887382
indianapolis,100,1.0,250.0,4.0,781,PPCA,False,21,0.04320198473744167
indianapolis,100,1.0,250.0,4.0,781,PPCA,False,22,0.04834061861985403
indianapolis,100,1.0,250.0,4.0,781,PPCA,False,23,0.03132869297930612
indianapolis,100,1.0,250.0,4.0,781,PPCA,False,24,0.04284399578226749
indianapolis,100,1.0,250.0,4.0,781,PPCA,False,25,0.03076621355733374
indianapolis,100,1.0,250.0,4.0,781,PPCA,False,26,0.05668460898862382
indianapolis,100,1.0,250.0,4.0,781,PPCA,False,27,0.08899932735517431
indianapolis,100,1.0,250.0,4.0,781,PPCA,False,28,0.06814009090169416
indianapolis,100,1.0,250.0,4.0,781,PPCA,False,29,0.07628138202215659
indianapolis,100,1.0,250.0,4.0,781,PPCA,False,30,0.0796482231086677
indianapolis,100,1.0,250.0,4.0,781,PPCA,True,1,0.010918922465993795
indianapolis,100,1.0,250.0,4.0,781,PPCA,True,2,0.009048136660925618
indianapolis,100,1.0,250.0,4.0,781,PPCA,True,3,0.00818773386753578
indianapolis,100,1.0,250.0,4.0,781,PPCA,True,4,0.011051952918967248
indianapolis,100,1.0,250.0,4.0,781,PPCA,True,5,0.03856557616164527
indianapolis,100,1.0,250.0,4.0,781,PPCA,True,6,0.02087703753410968
indianapolis,100,1.0,250.0,4.0,781,PPCA,True,7,0.0051771852297385875
indianapolis,100,1.0,250.0,4.0,781,PPCA,True,8,0.008439909439821067
indianapolis,100,1.0,250.0,4.0,781,PPCA,True,9,0.024355020222981475
indianapolis,100,1.0,250.0,4.0,781,PPCA,True,10,0.0047115867694832465
indianapolis,100,1.0,250.0,4.0,781,PPCA,True,11,0.011424229779172798
indianapolis,100,1.0,250.0,4.0,781,PPCA,True,12,0.0005300502650024771
indianapolis,100,1.0,250.0,4.0,781,PPCA,True,13,0.018641514710269938
indianapolis,100,1.0,250.0,4.0,781,PPCA,True,14,0.008642006591156735
indianapolis,100,1.0,250.0,4.0,781,PPCA,True,15,0.018661970884659762
indianapolis,100,1.0,250.0,4.0,781,PPCA,True,16,0.020305789378156313
indianapolis,100,1.0,250.0,4.0,781,PPCA,True,17,0.030826280211170953
indianapolis,100,1.0,250.0,4.0,781,PPCA,True,18,0.015958888325380012
indianapolis,100,1.0,250.0,4.0,781,PPCA,True,19,0.06703419972085373
indianapolis,100,1.0,250.0,4.0,781,PPCA,True,20,0.04457939271471711
indianapolis,100,1.0,250.0,4.0,781,PPCA,True,21,0.04041138067698347
indianapolis,100,1.0,250.0,4.0,781,PPCA,True,22,0.04355375224247541
indianapolis,100,1.0,250.0,4.0,781,PPCA,True,23,0.02506740955358948
indianapolis,100,1.0,250.0,4.0,781,PPCA,True,24,0.036919616037307194
indianapolis,100,1.0,250.0,4.0,781,PPCA,True,25,0.02469387327900131
indianapolis,100,1.0,250.0,4.0,781,PPCA,True,26,0.05094066766776597
indianapolis,100,1.0,250.0,4.0,781,PPCA,True,27,0.08452271987575068
indianapolis,100,1.0,250.0,4.0,781,PPCA,True,28,0.06280668009388006
indianapolis,100,1.0,250.0,4.0,781,PPCA,True,29,0.06953304277673993
indianapolis,100,1.0,250.0,4.0,781,PPCA,True,30,0.0733192390848056
indianapolis,100,1.0,100000.0,0.01,617,rSC,False,1,0.040631056844474614
indianapolis,100,1.0,100000.0,0.01,617,rSC,False,2,0.037461373265603524
indianapolis,100,1.0,100000.0,0.01,617,rSC,False,3,0.02955933377721061
indianapolis,100,1.0,100000.0,0.01,617,rSC,False,4,0.021565530318237654
indianapolis,100,1.0,100000.0,0.01,617,rSC,False,5,0.014619839012602116
indianapolis,100,1.0,100000.0,0.01,617,rSC,False,6,0.04458412298184779
indianapolis,100,1.0,100000.0,0.01,617,rSC,False,7,0.039882844747974634
indianapolis,100,1.0,100000.0,0.01,617,rSC,False,8,0.04425817280816711
indianapolis,100,1.0,100000.0,0.01,617,rSC,False,9,0.03299607712176052
indianapolis,100,1.0,100000.0,0.01,617,rSC,False,10,0.03336918073737177
indianapolis,100,1.0,100000.0,0.01,617,rSC,False,11,0.03725393597593409
indianapolis,100,1.0,100000.0,0.01,617,rSC,False,12,0.06920704971515099
indianapolis,100,1.0,100000.0,0.01,617,rSC,False,13,0.04183762447113025
indianapolis,100,1.0,100000.0,0.01,617,rSC,False,14,0.0007236883776751237
indianapolis,100,1.0,100000.0,0.01,617,rSC,False,15,0.0025127741863580017
indianapolis,100,1.0,100000.0,0.01,617,rSC,False,16,0.031143993760599384
indianapolis,100,1.0,100000.0,0.01,617,rSC,False,17,0.0036648240417201617
indianapolis,100,1.0,100000.0,0.01,617,rSC,False,18,0.029839852006356946
indianapolis,100,1.0,100000.0,0.01,617,rSC,False,19,0.006375424988252663
indianapolis,100,1.0,100000.0,0.01,617,rSC,False,20,0.020196891772070256
indianapolis,100,1.0,100000.0,0.01,617,rSC,False,21,0.01832398516537395
indianapolis,100,1.0,100000.0,0.01,617,rSC,False,22,0.02811929944448411
indianapolis,100,1.0,100000.0,0.01,617,rSC,False,23,0.0009570679065707672
indianapolis,100,1.0,100000.0,0.01,617,rSC,False,24,0.010709773353196235
indianapolis,100,1.0,100000.0,0.01,617,rSC,False,25,0.014634978562052996
indianapolis,100,1.0,100000.0,0.01,617,rSC,False,26,0.0008784652250819653
indianapolis,100,1.0,100000.0,0.01,617,rSC,False,27,0.01196790948449372
indianapolis,100,1.0,100000.0,0.01,617,rSC,False,28,0.014123582563001648
indianapolis,100,1.0,100000.0,0.01,617,rSC,False,29,0.006411236433141725
indianapolis,100,1.0,100000.0,0.01,617,rSC,False,30,0.016528822938135224
indianapolis,100,1.0,100000.0,0.01,617,rSC,True,1,0.040631056844474614
indianapolis,100,1.0,100000.0,0.01,617,rSC,True,2,0.037461373265603524
indianapolis,100,1.0,100000.0,0.01,617,rSC,True,3,0.02955933377721061
indianapolis,100,1.0,100000.0,0.01,617,rSC,True,4,0.021565530318237654
indianapolis,100,1.0,100000.0,0.01,617,rSC,True,5,0.014619839012602116
indianapolis,100,1.0,100000.0,0.01,617,rSC,True,6,0.04458412298184779
indianapolis,100,1.0,100000.0,0.01,617,rSC,True,7,0.039882844747974634
indianapolis,100,1.0,100000.0,0.01,617,rSC,True,8,0.04425817280816711
indianapolis,100,1.0,100000.0,0.01,617,rSC,True,9,0.03299607712176052
indianapolis,100,1.0,100000.0,0.01,617,rSC,True,10,0.03336918073737177
indianapolis,100,1.0,100000.0,0.01,617,rSC,True,11,0.03725393597593409
indianapolis,100,1.0,100000.0,0.01,617,rSC,True,12,0.06920704971515099
indianapolis,100,1.0,100000.0,0.01,617,rSC,True,13,0.04183762447113025
indianapolis,100,1.0,100000.0,0.01,617,rSC,True,14,0.0007236883776751237
indianapolis,100,1.0,100000.0,0.01,617,rSC,True,15,0.0025127741863580017
indianapolis,100,1.0,100000.0,0.01,617,rSC,True,16,0.031143993760599384
indianapolis,100,1.0,100000.0,0.01,617,rSC,True,17,0.0036648240417201617
indianapolis,100,1.0,100000.0,0.01,617,rSC,True,18,0.029839852006356946
indianapolis,100,1.0,100000.0,0.01,617,rSC,True,19,0.006375424988252663
indianapolis,100,1.0,100000.0,0.01,617,rSC,True,20,0.020196891772070256
indianapolis,100,1.0,100000.0,0.01,617,rSC,True,21,0.01832398516537395
indianapolis,100,1.0,100000.0,0.01,617,rSC,True,22,0.02811929944448411
indianapolis,100,1.0,100000.0,0.01,617,rSC,True,23,0.0009570679065707672
indianapolis,100,1.0,100000.0,0.01,617,rSC,True,24,0.010709773353196235
indianapolis,100,1.0,100000.0,0.01,617,rSC,True,25,0.014634978562052996
indianapolis,100,1.0,100000.0,0.01,617,rSC,True,26,0.0008784652250819653
indianapolis,100,1.0,100000.0,0.01,617,rSC,True,27,0.01196790948449372
indianapolis,100,1.0,100000.0,0.01,617,rSC,True,28,0.014123582563001648
indianapolis,100,1.0,100000.0,0.01,617,rSC,True,29,0.006411236433141725
indianapolis,100,1.0,100000.0,0.01,617,rSC,True,30,0.016528822938135224
indianapolis,100,1.0,100000.0,0.01,617,GAP,False,1,0.04540292769584183
indianapolis,100,1.0,100000.0,0.01,617,GAP,False,2,0.038867397974127464
indianapolis,100,1.0,100000.0,0.01,617,GAP,False,3,0.06141483494179601
indianapolis,100,1.0,100000.0,0.01,617,GAP,False,4,0.028211510904431605
indianapolis,100,1.0,100000.0,0.01,617,GAP,False,5,0.04029982324519114
indianapolis,100,1.0,100000.0,0.01,617,GAP,False,6,0.047919952619324836
indianapolis,100,1.0,100000.0,0.01,617,GAP,False,7,0.06306565707643755
indianapolis,100,1.0,100000.0,0.01,617,GAP,False,8,0.06375430029076155
indianapolis,100,1.0,100000.0,0.01,617,GAP,False,9,0.05174495437960536
indianapolis,100,1.0,100000.0,0.01,617,GAP,False,10,0.03651970543830996
indianapolis,100,1.0,100000.0,0.01,617,GAP,False,11,0.05434868772118943
indianapolis,100,1.0,100000.0,0.01,617,GAP,False,12,0.06395263825652225
indianapolis,100,1.0,100000.0,0.01,617,GAP,False,13,0.03853071407845638
indianapolis,100,1.0,100000.0,0.01,617,GAP,False,14,0.013725395506953756
indianapolis,100,1.0,100000.0,0.01,617,GAP,False,15,0.017399542951711196
indianapolis,100,1.0,100000.0,0.01,617,GAP,False,16,0.048865090662906445
indianapolis,100,1.0,100000.0,0.01,617,GAP,False,17,0.019900098017096204
indianapolis,100,1.0,100000.0,0.01,617,GAP,False,18,0.026397970201027972
indianapolis,100,1.0,100000.0,0.01,617,GAP,False,19,0.015044728474625004
indianapolis,100,1.0,100000.0,0.01,617,GAP,False,20,0.03257548269881349
indianapolis,100,1.0,100000.0,0.01,617,GAP,False,21,0.024964177994215037
indianapolis,100,1.0,100000.0,0.01,617,GAP,False,22,0.02524303258446747
indianapolis,100,1.0,100000.0,0.01,617,GAP,False,23,0.024393367223579758
indianapolis,100,1.0,100000.0,0.01,617,GAP,False,24,0.022901000764924982
indianapolis,100,1.0,100000.0,0.01,617,GAP,False,25,0.03168716954197165
indianapolis,100,1.0,100000.0,0.01,617,GAP,False,26,0.01488649329232389
indianapolis,100,1.0,100000.0,0.01,617,GAP,False,27,0.012592293831415703
indianapolis,100,1.0,100000.0,0.01,617,GAP,False,28,0.011203962093929086
indianapolis,100,1.0,100000.0,0.01,617,GAP,False,29,0.02129334224539472
indianapolis,100,1.0,100000.0,0.01,617,GAP,False,30,0.015581598459326097
indianapolis,100,1.0,100000.0,0.01,617,GAP,True,1,0.029722827654445717
indianapolis,100,1.0,100000.0,0.01,617,GAP,True,2,0.01910130478375586
indianapolis,100,1.0,100000.0,0.01,617,GAP,True,3,0.03855846778835786
indianapolis,100,1.0,100000.0,0.01,617,GAP,True,4,0.007628859215709099
indianapolis,100,1.0,100000.0,0.01,617,GAP,True,5,0.017881744898589787
indianapolis,100,1.0,100000.0,0.01,617,GAP,True,6,0.027209839156563925
indianapolis,100,1.0,100000.0,0.01,617,GAP,True,7,0.03590916775250527
indianapolis,100,1.0,100000.0,0.01,617,GAP,True,8,0.04104491403462788
indianapolis,100,1.0,100000.0,0.01,617,GAP,True,9,0.025345062596958998
indianapolis,100,1.0,100000.0,0.01,617,GAP,True,10,0.011805583600190324
indianapolis,100,1.0,100000.0,0.01,617,GAP,True,11,0.02686831434754132
indianapolis,100,1.0,100000.0,0.01,617,GAP,True,12,0.04102586407610272
indianapolis,100,1.0,100000.0,0.01,617,GAP,True,13,0.007345356707125172
indianapolis,100,1.0,100000.0,0.01,617,GAP,True,14,0.010808940078548936
indianapolis,100,1.0,100000.0,0.01,617,GAP,True,15,0.01455487192038916
indianapolis,100,1.0,100000.0,0.01,617,GAP,True,16,0.019691157962807484
indianapolis,100,1.0,100000.0,0.01,617,GAP,True,17,0.006263889330985503
indianapolis,100,1.0,100000.0,0.01,617,GAP,True,18,0.005230982086850486
indianapolis,100,1.0,100000.0,0.01,617,GAP,True,19,0.012739619049168325
indianapolis,100,1.0,100000.0,0.01,617,GAP,True,20,0.003812779525000403
indianapolis,100,1.0,100000.0,0.01,617,GAP,True,21,0.0029852762878284905
indianapolis,100,1.0,100000.0,0.01,617,GAP,True,22,0.0006689097017814368
indianapolis,100,1.0,100000.0,0.01,617,GAP,True,23,0.010180090669624189
indianapolis,100,1.0,100000.0,0.01,617,GAP,True,24,0.004155891794260879
indianapolis,100,1.0,100000.0,0.01,617,GAP,True,25,0.002868997688829507
indianapolis,100,1.0,100000.0,0.01,617,GAP,True,26,0.018493005427588867
indianapolis,100,1.0,100000.0,0.01,617,GAP,True,27,0.01484960339910628
indianapolis,100,1.0,100000.0,0.01,617,GAP,True,28,0.010615547325904287
indianapolis,100,1.0,100000.0,0.01,617,GAP,True,29,0.0033122929507235343
indianapolis,100,1.0,100000.0,0.01,617,GAP,True,30,0.005025374697153301
indianapolis,100,1.0,100000.0,0.01,617,PPCA,False,1,0.04588263687825108
indianapolis,100,1.0,100000.0,0.01,617,PPCA,False,2,0.012023476416510637
indianapolis,100,1.0,100000.0,0.01,617,PPCA,False,3,0.04037464094610866
indianapolis,100,1.0,100000.0,0.01,617,PPCA,False,4,0.013087994895010373
indianapolis,100,1.0,100000.0,0.01,617,PPCA,False,5,0.000839778824119021
indianapolis,100,1.0,100000.0,0.01,617,PPCA,False,6,0.056999739880014645
indianapolis,100,1.0,100000.0,0.01,617,PPCA,False,7,0.023864055943912575
indianapolis,100,1.0,100000.0,0.01,617,PPCA,False,8,0.07524682452166608
indianapolis,100,1.0,100000.0,0.01,617,PPCA,False,9,0.03422401903108184
indianapolis,100,1.0,100000.0,0.01,617,PPCA,False,10,0.04563617550546948
indianapolis,100,1.0,100000.0,0.01,617,PPCA,False,11,0.035362105080736714
indianapolis,100,1.0,100000.0,0.01,617,PPCA,False,12,0.06452322446425299
indianapolis,100,1.0,100000.0,0.01,617,PPCA,False,13,0.04456159316816704
indianapolis,100,1.0,100000.0,0.01,617,PPCA,False,14,0.03878478775341525
indianapolis,100,1.0,100000.0,0.01,617,PPCA,False,15,0.0008280792367731733
indianapolis,100,1.0,100000.0,0.01,617,PPCA,False,16,0.05906221803091515
indianapolis,100,1.0,100000.0,0.01,617,PPCA,False,17,0.029042222892362763
indianapolis,100,1.0,100000.0,0.01,617,PPCA,False,18,0.05663584383252614
indianapolis,100,1.0,100000.0,0.01,617,PPCA,False,19,0.05909574621934448
indianapolis,100,1.0,100000.0,0.01,617,PPCA,False,20,0.037125888198866266
indianapolis,100,1.0,100000.0,0.01,617,PPCA,False,21,0.03452267130215582
indianapolis,100,1.0,100000.0,0.01,617,PPCA,False,22,0.06828852584375678
indianapolis,100,1.0,100000.0,0.01,617,PPCA,False,23,0.03087394727081276
indianapolis,100,1.0,100000.0,0.01,617,PPCA,False,24,0.0626226540836821
indianapolis,100,1.0,100000.0,0.01,617,PPCA,False,25,0.035612005511467405
indianapolis,100,1.0,100000.0,0.01,617,PPCA,False,26,0.033022917919493695
indianapolis,100,1.0,100000.0,0.01,617,PPCA,False,27,0.047436573409752436
indianapolis,100,1.0,100000.0,0.01,617,PPCA,False,28,0.06680902267894243
indianapolis,100,1.0,100000.0,0.01,617,PPCA,False,29,0.06050657986089161
indianapolis,100,1.0,100000.0,0.01,617,PPCA,False,30,0.04325811876447043
indianapolis,100,1.0,100000.0,0.01,617,PPCA,True,1,0.04868166165997128
indianapolis,100,1.0,100000.0,0.01,617,PPCA,True,2,0.012777996059834349
indianapolis,100,1.0,100000.0,0.01,617,PPCA,True,3,0.046791979459171955
indianapolis,100,1.0,100000.0,0.01,617,PPCA,True,4,0.018072031598670175
indianapolis,100,1.0,100000.0,0.01,617,PPCA,True,5,0.0010770657953046553
indianapolis,100,1.0,100000.0,0.01,617,PPCA,True,6,0.060149015609730724
indianapolis,100,1.0,100000.0,0.01,617,PPCA,True,7,0.024262109236600556
indianapolis,100,1.0,100000.0,0.01,617,PPCA,True,8,0.08007304063268478
indianapolis,100,1.0,100000.0,0.01,617,PPCA,True,9,0.042106036643235825
indianapolis,100,1.0,100000.0,0.01,617,PPCA,True,10,0.04828244102756263
indianapolis,100,1.0,100000.0,0.01,617,PPCA,True,11,0.034449202729030556
indianapolis,100,1.0,100000.0,0.01,617,PPCA,True,12,0.0648903790755845
indianapolis,100,1.0,100000.0,0.01,617,PPCA,True,13,0.044652596180979706
indianapolis,100,1.0,100000.0,0.01,617,PPCA,True,14,0.038124401734826445
indianapolis,100,1.0,100000.0,0.01,617,PPCA,True,15,0.001899954826092262
indianapolis,100,1.0,100000.0,0.01,617,PPCA,True,16,0.060882794861418836
indianapolis,100,1.0,100000.0,0.01,617,PPCA,True,17,0.03038634870737895
indianapolis,100,1.0,100000.0,0.01,617,PPCA,True,18,0.056213299793702695
indianapolis,100,1.0,100000.0,0.01,617,PPCA,True,19,0.05831449887330951
indianapolis,100,1.0,100000.0,0.01,617,PPCA,True,20,0.032123612759809315
indianapolis,100,1.0,100000.0,0.01,617,PPCA,True,21,0.03270031637789535
indianapolis,100,1.0,100000.0,0.01,617,PPCA,True,22,0.06643456956268264
indianapolis,100,1.0,100000.0,0.01,617,PPCA,True,23,0.030077475527333652
indianapolis,100,1.0,100000.0,0.01,617,PPCA,True,24,0.059354625453393595
indianapolis,100,1.0,100000.0,0.01,617,PPCA,True,25,0.03755710933301777
indianapolis,100,1.0,100000.0,0.01,617,PPCA,True,26,0.03139847210033164
indianapolis,100,1.0,100000.0,0.01,617,PPCA,True,27,0.0464330636059426
indianapolis,100,1.0,100000.0,0.01,617,PPCA,True,28,0.06013335025315993
indianapolis,100,1.0,100000.0,0.01,617,PPCA,True,29,0.06020752894592569
indianapolis,100,1.0,100000.0,0.01,617,PPCA,True,30,0.03844270335602009
indianapolis,100,1.0,100000.0,0.01,781,rSC,False,1,0.0187668214143574
indianapolis,100,1.0,100000.0,0.01,781,rSC,False,2,0.007382461627270724
indianapolis,100,1.0,100000.0,0.01,781,rSC,False,3,0.003579070138519181
indianapolis,100,1.0,100000.0,0.01,781,rSC,False,4,0.011702153133156309
indianapolis,100,1.0,100000.0,0.01,781,rSC,False,5,0.02106588228894925
indianapolis,100,1.0,100000.0,0.01,781,rSC,False,6,0.01785344559152359
indianapolis,100,1.0,100000.0,0.01,781,rSC,False,7,0.002504076778959802
indianapolis,100,1.0,100000.0,0.01,781,rSC,False,8,0.0013344451761770626
indianapolis,100,1.0,100000.0,0.01,781,rSC,False,9,0.02469260705135839
indianapolis,100,1.0,100000.0,0.01,781,rSC,False,10,0.006905887920522649
indianapolis,100,1.0,100000.0,0.01,781,rSC,False,11,0.001693793473342438
indianapolis,100,1.0,100000.0,0.01,781,rSC,False,12,0.004179432148948485
indianapolis,100,1.0,100000.0,0.01,781,rSC,False,13,0.00923371163625935
indianapolis,100,1.0,100000.0,0.01,781,rSC,False,14,0.0016183232758337884
indianapolis,100,1.0,100000.0,0.01,781,rSC,False,15,0.002465335643696383
indianapolis,100,1.0,100000.0,0.01,781,rSC,False,16,0.0062566302855833825
indianapolis,100,1.0,100000.0,0.01,781,rSC,False,17,0.021350041277697202
indianapolis,100,1.0,100000.0,0.01,781,rSC,False,18,0.01487851743449914
indianapolis,100,1.0,100000.0,0.01,781,rSC,False,19,0.04031812181982322
indianapolis,100,1.0,100000.0,0.01,781,rSC,False,20,0.04607663223493656
indianapolis,100,1.0,100000.0,0.01,781,rSC,False,21,0.026940169663557778
indianapolis,100,1.0,100000.0,0.01,781,rSC,False,22,0.03019701440193779
indianapolis,100,1.0,100000.0,0.01,781,rSC,False,23,0.02717494310677944
indianapolis,100,1.0,100000.0,0.01,781,rSC,False,24,0.027799481627549073
indianapolis,100,1.0,100000.0,0.01,781,rSC,False,25,0.024837188168269582
indianapolis,100,1.0,100000.0,0.01,781,rSC,False,26,0.030987419193414547
indianapolis,100,1.0,100000.0,0.01,781,rSC,False,27,0.05848710174726557
indianapolis,100,1.0,100000.0,0.01,781,rSC,False,28,0.04918368564759438
indianapolis,100,1.0,100000.0,0.01,781,rSC,False,29,0.051647715187915784
indianapolis,100,1.0,100000.0,0.01,781,rSC,False,30,0.04765111420734051
indianapolis,100,1.0,100000.0,0.01,781,rSC,True,1,0.0187668214143574
indianapolis,100,1.0,100000.0,0.01,781,rSC,True,2,0.007382461627270724
indianapolis,100,1.0,100000.0,0.01,781,rSC,True,3,0.003579070138519181
indianapolis,100,1.0,100000.0,0.01,781,rSC,True,4,0.011702153133156309
indianapolis,100,1.0,100000.0,0.01,781,rSC,True,5,0.02106588228894925
indianapolis,100,1.0,100000.0,0.01,781,rSC,True,6,0.01785344559152359
indianapolis,100,1.0,100000.0,0.01,781,rSC,True,7,0.002504076778959802
indianapolis,100,1.0,100000.0,0.01,781,rSC,True,8,0.0013344451761770626
indianapolis,100,1.0,100000.0,0.01,781,rSC,True,9,0.02469260705135839
indianapolis,100,1.0,100000.0,0.01,781,rSC,True,10,0.006905887920522649
indianapolis,100,1.0,100000.0,0.01,781,rSC,True,11,0.001693793473342438
indianapolis,100,1.0,100000.0,0.01,781,rSC,True,12,0.004179432148948485
indianapolis,100,1.0,100000.0,0.01,781,rSC,True,13,0.00923371163625935
indianapolis,100,1.0,100000.0,0.01,781,rSC,True,14,0.0016183232758337884
indianapolis,100,1.0,100000.0,0.01,781,rSC,True,15,0.002465335643696383
indianapolis,100,1.0,100000.0,0.01,781,rSC,True,16,0.0062566302855833825
indianapolis,100,1.0,100000.0,0.01,781,rSC,True,17,0.021350041277697202
indianapolis,100,1.0,100000.0,0.01,781,rSC,True,18,0.01487851743449914
indianapolis,100,1.0,100000.0,0.01,781,rSC,True,19,0.04031812181982322
indianapolis,100,1.0,100000.0,0.01,781,rSC,True,20,0.04607663223493656
indianapolis,100,1.0,100000.0,0.01,781,rSC,True,21,0.026940169663557778
indianapolis,100,1.0,100000.0,0.01,781,rSC,True,22,0.03019701440193779
indianapolis,100,1.0,100000.0,0.01,781,rSC,True,23,0.02717494310677944
indianapolis,100,1.0,100000.0,0.01,781,rSC,True,24,0.027799481627549073
indianapolis,100,1.0,100000.0,0.01,781,rSC,True,25,0.024837188168269582
indianapolis,100,1.0,100000.0,0.01,781,rSC,True,26,0.030987419193414547
indianapolis,100,1.0,100000.0,0.01,781,rSC,True,27,0.05848710174726557
indianapolis,100,1.0,100000.0,0.01,781,rSC,True,28,0.04918368564759438
indianapolis,100,1.0,100000.0,0.01,781,rSC,True,29,0.051647715187915784
indianapolis,100,1.0,100000.0,0.01,781,rSC,True,30,0.04765111420734051
indianapolis,100,1.0,100000.0,0.01,781,GAP,False,1,0.00020532002360212833
indianapolis,100,1.0,100000.0,0.01,781,GAP,False,2,0.027878761709667597
indianapolis,100,1.0,100000.0,0.01,781,GAP,False,3,0.008194975010472692
indianapolis,100,1.0,100000.0,0.01,781,GAP,False,4,0.025327948517594158
indianapolis,100,1.0,100000.0,0.01,781,GAP,False,5,0.0057378801875031535
indianapolis,100,1.0,100000.0,0.01,781,GAP,False,6,0.011202672929299613
indianapolis,100,1.0,100000.0,0.01,781,GAP,False,7,0.016322796956040025
indianapolis,100,1.0,100000.0,0.01,781,GAP,False,8,0.012043427802885106
indianapolis,100,1.0,100000.0,0.01,781,GAP,False,9,0.03869066712716789
indianapolis,100,1.0,100000.0,0.01,781,GAP,False,10,0.024328794866801562
indianapolis,100,1.0,100000.0,0.01,781,GAP,False,11,0.032627753647670864
indianapolis,100,1.0,100000.0,0.01,781,GAP,False,12,0.011794289849085775
indianapolis,100,1.0,100000.0,0.01,781,GAP,False,13,0.021942602283266888
indianapolis,100,1.0,100000.0,0.01,781,GAP,False,14,0.017209047099694175
indianapolis,100,1.0,100000.0,0.01,781,GAP,False,15,0.0331336350828944
indianapolis,100,1.0,100000.0,0.01,781,GAP,False,16,0.03233644854271576
indianapolis,100,1.0,100000.0,0.01,781,GAP,False,17,0.032031267852876244
indianapolis,100,1.0,100000.0,0.01,781,GAP,False,18,0.010024117647525718
indianapolis,100,1.0,100000.0,0.01,781,GAP,False,19,0.005800167144373068
indianapolis,100,1.0,100000.0,0.01,781,GAP,False,20,0.004228539861576879
indianapolis,100,1.0,100000.0,0.01,781,GAP,False,21,0.0030836631059531663
indianapolis,100,1.0,100000.0,0.01,781,GAP,False,22,0.01110196078961199
indianapolis,100,1.0,100000.0,0.01,781,GAP,False,23,0.011809575692207142
indianapolis,100,1.0,100000.0,0.01,781,GAP,False,24,0.023747702699100412
indianapolis,100,1.0,100000.0,0.01,781,GAP,False,25,0.022348491843432957
indianapolis,100,1.0,100000.0,0.01,781,GAP,False,26,0.036382923286235415
indianapolis,100,1.0,100000.0,0.01,781,GAP,False,27,0.006210149983529318
indianapolis,100,1.0,100000.0,0.01,781,GAP,False,28,0.02525853542065196
indianapolis,100,1.0,100000.0,0.01,781,GAP,False,29,0.025354195041918166
indianapolis,100,1.0,100000.0,0.01,781,GAP,False,30,0.0018689641186434554
indianapolis,100,1.0,100000.0,0.01,781,GAP,True,1,0.0010485590799781165
indianapolis,100,1.0,100000.0,0.01,781,GAP,True,2,0.026979118500180838
indianapolis,100,1.0,100000.0,0.01,781,GAP,True,3,0.0066223023486064875
indianapolis,100,1.0,100000.0,0.01,781,GAP,True,4,0.02413927994153583
indianapolis,100,1.0,100000.0,0.01,781,GAP,True,5,0.00801943259388683
indianapolis,100,1.0,100000.0,0.01,781,GAP,True,6,0.010427557159131576
indianapolis,100,1.0,100000.0,0.01,781,GAP,True,7,0.015210898759678182
indianapolis,100,1.0,100000.0,0.01,781,GAP,True,8,0.010221643246526576
indianapolis,100,1.0,100000.0,0.01,781,GAP,True,9,0.03706845906741095
indianapolis,100,1.0,100000.0,0.01,781,GAP,True,10,0.02345855933778976
indianapolis,100,1.0,100000.0,0.01,781,GAP,True,11,0.030345037706343825
indianapolis,100,1.0,100000.0,0.01,781,GAP,True,12,0.009586425103598044
indianapolis,100,1.0,100000.0,0.01,781,GAP,True,13,0.021096051360389983
indianapolis,100,1.0,100000.0,0.01,781,GAP,True,14,0.015970267371776117
indianapolis,100,1.0,100000.0,0.01,781,GAP,True,15,0.03129525117659217
indianapolis,100,1.0,100000.0,0.01,781,GAP,True,16,0.03012731458788029
indianapolis,100,1.0,100000.0,0.01,781,GAP,True,17,0.03034979705236025
indianapolis,100,1.0,100000.0,0.01,781,GAP,True,18,0.009107819237493419
indianapolis,100,1.0,100000.0,0.01,781,GAP,True,19,0.007391133211443532
indianapolis,100,1.0,100000.0,0.01,781,GAP,True,20,0.003297834135469993
indianapolis,100,1.0,100000.0,0.01,781,GAP,True,21,0.00189874995597642
indianapolis,100,1.0,100000.0,0.01,781,GAP,True,22,0.008760570549502193
indianapolis,100,1.0,100000.0,0.01,781,GAP,True,23,0.011155246582322172
indianapolis,100,1.0,100000.0,0.01,781,GAP,True,24,0.02214908343329048
indianapolis,100,1.0,100000.0,0.01,781,GAP,True,25,0.020632072507975247
indianapolis,100,1.0,100000.0,0.01,781,GAP,True,26,0.03305374807146645
indianapolis,100,1.0,100000.0,0.01,781,GAP,True,27,0.0042242183438162394
indianapolis,100,1.0,100000.0,0.01,781,GAP,True,28,0.023722695699669342
indianapolis,100,1.0,100000.0,0.01,781,GAP,True,29,0.023735870158404518
indianapolis,100,1.0,100000.0,0.01,781,GAP,True,30,0.002239344073853646
indianapolis,100,1.0,100000.0,0.01,781,PPCA,False,1,0.007281438926794156
indianapolis,100,1.0,100000.0,0.01,781,PPCA,False,2,0.008281614030810697
indianapolis,100,1.0,100000.0,0.01,781,PPCA,False,3,0.007705492941894896
indianapolis,100,1.0,100000.0,0.01,781,PPCA,False,4,0.006168069611291508
indianapolis,100,1.0,100000.0,0.01,781,PPCA,False,5,0.029299448798570635
indianapolis,100,1.0,100000.0,0.01,781,PPCA,False,6,0.02012165010707343
indianapolis,100,1.0,100000.0,0.01,781,PPCA,False,7,0.0006362115773528593
indianapolis,100,1.0,100000.0,0.01,781,PPCA,False,8,0.0034273335249939193
indianapolis,100,1.0,100000.0,0.01,781,PPCA,False,9,0.017528382734169724
indianapolis,100,1.0,100000.0,0.01,781,PPCA,False,10,0.0016887230959656528
indianapolis,100,1.0,100000.0,0.01,781,PPCA,False,11,0.00459277464544899
indianapolis,100,1.0,100000.0,0.01,781,PPCA,False,12,0.0014672168387944498
indianapolis,100,1.0,100000.0,0.01,781,PPCA,False,13,0.015337627591074788
indianapolis,100,1.0,100000.0,0.01,781,PPCA,False,14,0.004398715375778889
indianapolis,100,1.0,100000.0,0.01,781,PPCA,False,15,0.010405453035619213
indianapolis,100,1.0,100000.0,0.01,781,PPCA,False,16,0.01174395804639248
indianapolis,100,1.0,100000.0,0.01,781,PPCA,False,17,0.015824409242635177
indianapolis,100,1.0,100000.0,0.01,781,PPCA,False,18,0.009838663530395494
indianapolis,100,1.0,100000.0,0.01,781,PPCA,False,19,0.048237137072997094
indianapolis,100,1.0,100000.0,0.01,781,PPCA,False,20,0.02925941557213994
indianapolis,100,1.0,100000.0,0.01,781,PPCA,False,21,0.023008857099919715
indianapolis,100,1.0,100000.0,0.01,781,PPCA,False,22,0.02766345771822775
indianapolis,100,1.0,100000.0,0.01,781,PPCA,False,23,0.010861539294665615
indianapolis,100,1.0,100000.0,0.01,781,PPCA,False,24,0.020677127946594005
indianapolis,100,1.0,100000.0,0.01,781,PPCA,False,25,0.011809498032028364
indianapolis,100,1.0,100000.0,0.01,781,PPCA,False,26,0.028906180044130324
indianapolis,100,1.0,100000.0,0.01,781,PPCA,False,27,0.05539653291502671
indianapolis,100,1.0,100000.0,0.01,781,PPCA,False,28,0.03661443313041335
indianapolis,100,1.0,100000.0,0.01,781,PPCA,False,29,0.04269947548896049
indianapolis,100,1.0,100000.0,0.01,781,PPCA,False,30,0.0455644704719292
indianapolis,100,1.0,100000.0,0.01,781,PPCA,True,1,0.009595651989624476
indianapolis,100,1.0,100000.0,0.01,781,PPCA,True,2,0.009179127752014465
indianapolis,100,1.0,100000.0,0.01,781,PPCA,True,3,0.00866809096585315
indianapolis,100,1.0,100000.0,0.01,781,PPCA,True,4,0.009595640897663012
indianapolis,100,1.0,100000.0,0.01,781,PPCA,True,5,0.03387325506358391
indianapolis,100,1.0,100000.0,0.01,781,PPCA,True,6,0.021461573856192163
indianapolis,100,1.0,100000.0,0.01,781,PPCA,True,7,0.0022690636002039694
indianapolis,100,1.0,100000.0,0.01,781,PPCA,True,8,0.007627832200200259
indianapolis,100,1.0,100000.0,0.01,781,PPCA,True,9,0.022851796033693104
indianapolis,100,1.0,100000.0,0.01,781,PPCA,True,10,0.0018375732235079555
indianapolis,100,1.0,100000.0,0.01,781,PPCA,True,11,0.006793404951521804
indianapolis,100,1.0,100000.0,0.01,781,PPCA,True,12,0.002448302478026768
indianapolis,100,1.0,100000.0,0.01,781,PPCA,True,13,0.019010126183113155
indianapolis,100,1.0,100000.0,0.01,781,PPCA,True,14,0.004783219825006255
indianapolis,100,1.0,100000.0,0.01,781,PPCA,True,15,0.012695821039420274
indianapolis,100,1.0,100000.0,0.01,781,PPCA,True,16,0.014183167535719358
indianapolis,100,1.0,100000.0,0.01,781,PPCA,True,17,0.021923970333101776
indianapolis,100,1.0,100000.0,0.01,781,PPCA,True,18,0.010676177235018196
indianapolis,100,1.0,100000.0,0.01,781,PPCA,True,19,0.05646178795774981
indianapolis,100,1.0,100000.0,0.01,781,PPCA,True,20,0.03471286719415289
indianapolis,100,1.0,100000.0,0.01,781,PPCA,True,21,0.030112484600507177
indianapolis,100,1.0,100000.0,0.01,781,PPCA,True,22,0.03353676025648756
indianapolis,100,1.0,100000.0,0.01,781,PPCA,True,23,0.015160468659674662
indianapolis,100,1.0,100000.0,0.01,781,PPCA,True,24,0.02607006444838781
indianapolis,100,1.0,100000.0,0.01,781,PPCA,True,25,0.015434755236014903
indianapolis,100,1.0,100000.0,0.01,781,PPCA,True,26,0.037276721513642565
indianapolis,100,1.0,100000.0,0.01,781,PPCA,True,27,0.06783983801076483
indianapolis,100,1.0,100000.0,0.01,781,PPCA,True,28,0.047357234708991856
indianapolis,100,1.0,100000.0,0.01,781,PPCA,True,29,0.05326064024963403
indianapolis,100,1.0,100000.0,0.01,781,PPCA,True,30,0.05660809812946014
baltimore,25,0.0,250.0,4.0,617,rSC,False,1,0.015802397255489247
baltimore,25,0.0,250.0,4.0,617,rSC,False,2,0.007540866400002533
baltimore,25,0.0,250.0,4.0,617,rSC,False,3,0.023066869849025378
baltimore,25,0.0,250.0,4.0,617,rSC,False,4,0.03516539710666035
baltimore,25,0.0,250.0,4.0,617,rSC,False,5,0.011936834937658241
baltimore,25,0.0,250.0,4.0,617,rSC,False,6,0.029645092651344615
baltimore,25,0.0,250.0,4.0,617,rSC,False,7,0.028445712750291927
baltimore,25,0.0,250.0,4.0,617,rSC,False,8,0.03490823646324571
baltimore,25,0.0,250.0,4.0,617,rSC,False,9,0.036620985141563596
baltimore,25,0.0,250.0,4.0,617,rSC,False,10,0.03872179019980961
baltimore,25,0.0,250.0,4.0,617,rSC,False,11,0.047555674731519025
baltimore,25,0.0,250.0,4.0,617,rSC,False,12,0.05092364455635885
baltimore,25,0.0,250.0,4.0,617,rSC,False,13,0.043397469717674345
baltimore,25,0.0,250.0,4.0,617,rSC,False,14,0.06880686538271252
baltimore,25,0.0,250.0,4.0,617,rSC,False,15,0.0515643246832085
baltimore,25,0.0,250.0,4.0,617,rSC,False,16,0.05878426718034345
baltimore,25,0.0,250.0,4.0,617,rSC,False,17,0.05899349651808767
baltimore,25,0.0,250.0,4.0,617,rSC,False,18,0.06930575361945591
baltimore,25,0.0,250.0,4.0,617,rSC,False,19,0.06240456825192479
baltimore,25,0.0,250.0,4.0,617,rSC,False,20,0.06347269998210965
baltimore,25,0.0,250.0,4.0,617,rSC,False,21,0.05995175833536519
baltimore,25,0.0,250.0,4.0,617,rSC,False,22,0.06650160898833578
baltimore,25,0.0,250.0,4.0,617,rSC,False,23,0.07078213772295923
baltimore,25,0.0,250.0,4.0,617,rSC,False,24,0.067009094588973
baltimore,25,0.0,250.0,4.0,617,rSC,False,25,0.07824745116731699
baltimore,25,0.0,250.0,4.0,617,rSC,False,26,0.0714729739299218
baltimore,25,0.0,250.0,4.0,617,rSC,False,27,0.07166990764110553
baltimore,25,0.0,250.0,4.0,617,rSC,False,28,0.07736392215725651
baltimore,25,0.0,250.0,4.0,617,rSC,False,29,0.07418347068470106
baltimore,25,0.0,250.0,4.0,617,rSC,False,30,0.0725837189978771
baltimore,25,0.0,250.0,4.0,617,rSC,True,1,0.015802397255489247
baltimore,25,0.0,250.0,4.0,617,rSC,True,2,0.007540866400002533
baltimore,25,0.0,250.0,4.0,617,rSC,True,3,0.023066869849025378
baltimore,25,0.0,250.0,4.0,617,rSC,True,4,0.03516539710666035
baltimore,25,0.0,250.0,4.0,617,rSC,True,5,0.011936834937658241
baltimore,25,0.0,250.0,4.0,617,rSC,True,6,0.029645092651344615
baltimore,25,0.0,250.0,4.0,617,rSC,True,7,0.028445712750291927
baltimore,25,0.0,250.0,4.0,617,rSC,True,8,0.03490823646324571
baltimore,25,0.0,250.0,4.0,617,rSC,True,9,0.036620985141563596
baltimore,25,0.0,250.0,4.0,617,rSC,True,10,0.03872179019980961
baltimore,25,0.0,250.0,4.0,617,rSC,True,11,0.047555674731519025
baltimore,25,0.0,250.0,4.0,617,rSC,True,12,0.05092364455635885
baltimore,25,0.0,250.0,4.0,617,rSC,True,13,0.043397469717674345
baltimore,25,0.0,250.0,4.0,617,rSC,True,14,0.06880686538271252
baltimore,25,0.0,250.0,4.0,617,rSC,True,15,0.0515643246832085
baltimore,25,0.0,250.0,4.0,617,rSC,True,16,0.05878426718034345
baltimore,25,0.0,250.0,4.0,617,rSC,True,17,0.05899349651808767
baltimore,25,0.0,250.0,4.0,617,rSC,True,18,0.06930575361945591
baltimore,25,0.0,250.0,4.0,617,rSC,True,19,0.06240456825192479
baltimore,25,0.0,250.0,4.0,617,rSC,True,20,0.06347269998210965
baltimore,25,0.0,250.0,4.0,617,rSC,True,21,0.05995175833536519
baltimore,25,0.0,250.0,4.0,617,rSC,True,22,0.06650160898833578
baltimore,25,0.0,250.0,4.0,617,rSC,True,23,0.07078213772295923
baltimore,25,0.0,250.0,4.0,617,rSC,True,24,0.067009094588973
baltimore,25,0.0,250.0,4.0,617,rSC,True,25,0.07824745116731699
baltimore,25,0.0,250.0,4.0,617,rSC,True,26,0.0714729739299218
baltimore,25,0.0,250.0,4.0,617,rSC,True,27,0.07166990764110553
baltimore,25,0.0,250.0,4.0,617,rSC,True,28,0.07736392215725651
baltimore,25,0.0,250.0,4.0,617,rSC,True,29,0.07418347068470106
baltimore,25,0.0,250.0,4.0,617,rSC,True,30,0.0725837189978771
baltimore,25,0.0,250.0,4.0,617,GAP,False,1,0.002380243421494193
baltimore,25,0.0,250.0,4.0,617,GAP,False,2,0.00503994749296294
baltimore,25,0.0,250.0,4.0,617,GAP,False,3,0.0029922181968771557
baltimore,25,0.0,250.0,4.0,617,GAP,False,4,0.01886456118046652
baltimore,25,0.0,250.0,4.0,617,GAP,False,5,0.025852031465725914
baltimore,25,0.0,250.0,4.0,617,GAP,False,6,0.015418572173695858
baltimore,25,0.0,250.0,4.0,617,GAP,False,7,0.027664889660540003
baltimore,25,0.0,250.0,4.0,617,GAP,False,8,0.02886939436368121
baltimore,25,0.0,250.0,4.0,617,GAP,False,9,0.03698247034215288
baltimore,25,0.0,250.0,4.0,617,GAP,False,10,0.03817478327358958
baltimore,25,0.0,250.0,4.0,617,GAP,False,11,0.048004229158164095
baltimore,25,0.0,250.0,4.0,617,GAP,False,12,0.06441417149843572
baltimore,25,0.0,250.0,4.0,617,GAP,False,13,0.06685414716023519
baltimore,25,0.0,250.0,4.0,617,GAP,False,14,0.06011239067838939
baltimore,25,0.0,250.0,4.0,617,GAP,False,15,0.07822756904135567
baltimore,25,0.0,250.0,4.0,617,GAP,False,16,0.07606276791889192
baltimore,25,0.0,250.0,4.0,617,GAP,False,17,0.09955426315191905
baltimore,25,0.0,250.0,4.0,617,GAP,False,18,0.10166009700644567
baltimore,25,0.0,250.0,4.0,617,GAP,False,19,0.10942498715516115
baltimore,25,0.0,250.0,4.0,617,GAP,False,20,0.12004412884880833
baltimore,25,0.0,250.0,4.0,617,GAP,False,21,0.12782405954923096
baltimore,25,0.0,250.0,4.0,617,GAP,False,22,0.14010743677498075
baltimore,25,0.0,250.0,4.0,617,GAP,False,23,0.13877081070321887
baltimore,25,0.0,250.0,4.0,617,GAP,False,24,0.1584537284226451
baltimore,25,0.0,250.0,4.0,617,GAP,False,25,0.16381142832524934
baltimore,25,0.0,250.0,4.0,617,GAP,False,26,0.1709979943186012
baltimore,25,0.0,250.0,4.0,617,GAP,False,27,0.18408459219093185
baltimore,25,0.0,250.0,4.0,617,GAP,False,28,0.1817700310642492
baltimore,25,0.0,250.0,4.0,617,GAP,False,29,0.19160231673948552
baltimore,25,0.0,250.0,4.0,617,GAP,False,30,0.19914793652528515
baltimore,25,0.0,250.0,4.0,617,GAP,True,1,0.0014819858463249044
baltimore,25,0.0,250.0,4.0,617,GAP,True,2,0.002740484676295706
baltimore,25,0.0,250.0,4.0,617,GAP,True,3,0.003952909220359305
baltimore,25,0.0,250.0,4.0,617,GAP,True,4,0.017421894195073374
baltimore,25,0.0,250.0,4.0,617,GAP,True,5,0.020922889347427115
baltimore,25,0.0,250.0,4.0,617,GAP,True,6,0.013236982082440197
baltimore,25,0.0,250.0,4.0,617,GAP,True,7,0.0249154387466452
baltimore,25,0.0,250.0,4.0,617,GAP,True,8,0.026196125306034598
baltimore,25,0.0,250.0,4.0,617,GAP,True,9,0.03376166883486954
baltimore,25,0.0,250.0,4.0,617,GAP,True,10,0.03692991578711575
baltimore,25,0.0,250.0,4.0,617,GAP,True,11,0.0451048553317201
baltimore,25,0.0,250.0,4.0,617,GAP,True,12,0.0608023096770475
baltimore,25,0.0,250.0,4.0,617,GAP,True,13,0.061352815415602766
baltimore,25,0.0,250.0,4.0,617,GAP,True,14,0.05574219507068453
baltimore,25,0.0,250.0,4.0,617,GAP,True,15,0.07096724725906475
baltimore,25,0.0,250.0,4.0,617,GAP,True,16,0.06944815500618189
baltimore,25,0.0,250.0,4.0,617,GAP,True,17,0.09210614789042659
baltimore,25,0.0,250.0,4.0,617,GAP,True,18,0.09202613452719982
baltimore,25,0.0,250.0,4.0,617,GAP,True,19,0.09986693153335012
baltimore,25,0.0,250.0,4.0,617,GAP,True,20,0.11143912317400384
baltimore,25,0.0,250.0,4.0,617,GAP,True,21,0.11814238668816641
baltimore,25,0.0,250.0,4.0,617,GAP,True,22,0.12843856616570404
baltimore,25,0.0,250.0,4.0,617,GAP,True,23,0.12790491239857354
baltimore,25,0.0,250.0,4.0,617,GAP,True,24,0.14566518276784127
baltimore,25,0.0,250.0,4.0,617,GAP,True,25,0.1503868762629901
baltimore,25,0.0,250.0,4.0,617,GAP,True,26,0.15594241440487103
baltimore,25,0.0,250.0,4.0,617,GAP,True,27,0.16767974253207696
baltimore,25,0.0,250.0,4.0,617,GAP,True,28,0.16817964149365655
baltimore,25,0.0,250.0,4.0,617,GAP,True,29,0.17668821217658157
baltimore,25,0.0,250.0,4.0,617,GAP,True,30,0.18436522279798767
baltimore,25,0.0,250.0,4.0,617,PPCA,False,1,0.01622297629899579
baltimore,25,0.0,250.0,4.0,617,PPCA,False,2,0.018813290167179936
baltimore,25,0.0,250.0,4.0,617,PPCA,False,3,0.0326878367030482
baltimore,25,0.0,250.0,4.0,617,PPCA,False,4,0.031466675130371796
baltimore,25,0.0,250.0,4.0,617,PPCA,False,5,0.018672149511695234
baltimore,25,0.0,250.0,4.0,617,PPCA,False,6,0.03183384060641593
baltimore,25,0.0,250.0,4.0,617,PPCA,False,7,0.04285804965197039
baltimore,25,0.0,250.0,4.0,617,PPCA,False,8,0.041509088609137997
baltimore,25,0.0,250.0,4.0,617,PPCA,False,9,0.043096796584494945
baltimore,25,0.0,250.0,4.0,617,PPCA,False,10,0.04470041607516653
baltimore,25,0.0,250.0,4.0,617,PPCA,False,11,0.0563239710826346
baltimore,25,0.0,250.0,4.0,617,PPCA,False,12,0.058744052662147786
baltimore,25,0.0,250.0,4.0,617,PPCA,False,13,0.05069836173779307
baltimore,25,0.0,250.0,4.0,617,PPCA,False,14,0.07094213941932474
baltimore,25,0.0,250.0,4.0,617,PPCA,False,15,0.06901932821152536
baltimore,25,0.0,250.0,4.0,617,PPCA,False,16,0.07283338397156541
baltimore,25,0.0,250.0,4.0,617,PPCA,False,17,0.07280608189363243
baltimore,25,0.0,250.0,4.0,617,PPCA,False,18,0.07950113366020772
baltimore,25,0.0,250.0,4.0,617,PPCA,False,19,0.0837353582252778
baltimore,25,0.0,250.0,4.0,617,PPCA,False,20,0.09160896587258267
baltimore,25,0.0,250.0,4.0,617,PPCA,False,21,0.09243609956083272
baltimore,25,0.0,250.0,4.0,617,PPCA,False,22,0.08954836013130212
baltimore,25,0.0,250.0,4.0,617,PPCA,False,23,0.0939624313231195
baltimore,25,0.0,250.0,4.0,617,PPCA,False,24,0.09269641511150771
baltimore,25,0.0,250.0,4.0,617,PPCA,False,25,0.10045998060420994
baltimore,25,0.0,250.0,4.0,617,PPCA,False,26,0.10590683267010989
baltimore,25,0.0,250.0,4.0,617,PPCA,False,27,0.10529055145900468
baltimore,25,0.0,250.0,4.0,617,PPCA,False,28,0.11555528645208028
baltimore,25,0.0,250.0,4.0,617,PPCA,False,29,0.10048372195420689
baltimore,25,0.0,250.0,4.0,617,PPCA,False,30,0.1099086171994008
baltimore,25,0.0,250.0,4.0,617,PPCA,True,1,0.006761992476388313
baltimore,25,0.0,250.0,4.0,617,PPCA,True,2,0.006461893033957161
baltimore,25,0.0,250.0,4.0,617,PPCA,True,3,0.007168393309193371
baltimore,25,0.0,250.0,4.0,617,PPCA,True,4,0.0075864985783361625
baltimore,25,0.0,250.0,4.0,617,PPCA,True,5,0.00790652859359655
baltimore,25,0.0,250.0,4.0,617,PPCA,True,6,0.003379118964086726
baltimore,25,0.0,250.0,4.0,617,PPCA,True,7,0.012940801093750839
baltimore,25,0.0,250.0,4.0,617,PPCA,True,8,0.013033482010419747
baltimore,25,0.0,250.0,4.0,617,PPCA,True,9,0.014792341591038228
baltimore,25,0.0,250.0,4.0,617,PPCA,True,10,0.01305092253432777
baltimore,25,0.0,250.0,4.0,617,PPCA,True,11,0.02512448440406678
baltimore,25,0.0,250.0,4.0,617,PPCA,True,12,0.024846885258879334
baltimore,25,0.0,250.0,4.0,617,PPCA,True,13,0.011679328038872287
baltimore,25,0.0,250.0,4.0,617,PPCA,True,14,0.030298731696453314
baltimore,25,0.0,250.0,4.0,617,PPCA,True,15,0.024744820055891282
baltimore,25,0.0,250.0,4.0,617,PPCA,True,16,0.027087856286583993
baltimore,25,0.0,250.0,4.0,617,PPCA,True,17,0.02864675668880989
baltimore,25,0.0,250.0,4.0,617,PPCA,True,18,0.034242550772712835
baltimore,25,0.0,250.0,4.0,617,PPCA,True,19,0.03241115986022121
baltimore,25,0.0,250.0,4.0,617,PPCA,True,20,0.039089450946430626
baltimore,25,0.0,250.0,4.0,617,PPCA,True,21,0.03415996443692802
baltimore,25,0.0,250.0,4.0,617,PPCA,True,22,0.030625339673045437
baltimore,25,0.0,250.0,4.0,617,PPCA,True,23,0.03514437788010814
baltimore,25,0.0,250.0,4.0,617,PPCA,True,24,0.033054912720159445
baltimore,25,0.0,250.0,4.0,617,PPCA,True,25,0.03558381502356906
baltimore,25,0.0,250.0,4.0,617,PPCA,True,26,0.038301215997640775
baltimore,25,0.0,250.0,4.0,617,PPCA,True,27,0.038503544698725904
baltimore,25,0.0,250.0,4.0,617,PPCA,True,28,0.043630107082524905
baltimore,25,0.0,250.0,4.0,617,PPCA,True,29,0.02769833911163219
baltimore,25,0.0,250.0,4.0,617,PPCA,True,30,0.039627346160854525
baltimore,25,0.0,250.0,4.0,781,rSC,False,1,0.010637005810735905
baltimore,25,0.0,250.0,4.0,781,rSC,False,2,0.013512187977778993
baltimore,25,0.0,250.0,4.0,781,rSC,False,3,0.00021046034503550574
baltimore,25,0.0,250.0,4.0,781,rSC,False,4,0.00953737149190403
baltimore,25,0.0,250.0,4.0,781,rSC,False,5,0.0039306707189934245
baltimore,25,0.0,250.0,4.0,781,rSC,False,6,0.0070723474762991005
baltimore,25,0.0,250.0,4.0,781,rSC,False,7,0.0022570970499870956
baltimore,25,0.0,250.0,4.0,781,rSC,False,8,5.469330211348465e-05
baltimore,25,0.0,250.0,4.0,781,rSC,False,9,0.012962279345857348
baltimore,25,0.0,250.0,4.0,781,rSC,False,10,0.008567980293431612
baltimore,25,0.0,250.0,4.0,781,rSC,False,11,0.00591735249132416
baltimore,25,0.0,250.0,4.0,781,rSC,False,12,0.010095879267021967
baltimore,25,0.0,250.0,4.0,781,rSC,False,13,0.001888396568370986
baltimore,25,0.0,250.0,4.0,781,rSC,False,14,0.007364387363801995
baltimore,25,0.0,250.0,4.0,781,rSC,False,15,0.009214233874984361
baltimore,25,0.0,250.0,4.0,781,rSC,False,16,0.01860034276995993
baltimore,25,0.0,250.0,4.0,781,rSC,False,17,0.0018639715446969864
baltimore,25,0.0,250.0,4.0,781,rSC,False,18,0.016451665100014567
baltimore,25,0.0,250.0,4.0,781,rSC,False,19,0.012662484234304638
baltimore,25,0.0,250.0,4.0,781,rSC,False,20,0.013241677880300028
baltimore,25,0.0,250.0,4.0,781,rSC,False,21,0.0022784570635175972
baltimore,25,0.0,250.0,4.0,781,rSC,False,22,0.00953518579981055
baltimore,25,0.0,250.0,4.0,781,rSC,False,23,0.011591854674122867
baltimore,25,0.0,250.0,4.0,781,rSC,False,24,0.011164079697516557
baltimore,25,0.0,250.0,4.0,781,rSC,False,25,0.0024446456025306513
baltimore,25,0.0,250.0,4.0,781,rSC,False,26,0.0036021219392433283
baltimore,25,0.0,250.0,4.0,781,rSC,False,27,0.01193914120984306
baltimore,25,0.0,250.0,4.0,781,rSC,False,28,0.0040494828441715045
baltimore,25,0.0,250.0,4.0,781,rSC,False,29,0.013604667961798994
baltimore,25,0.0,250.0,4.0,781,rSC,False,30,0.010469833974407308
baltimore,25,0.0,250.0,4.0,781,rSC,True,1,0.010637005810735905
baltimore,25,0.0,250.0,4.0,781,rSC,True,2,0.013512187977778993
baltimore,25,0.0,250.0,4.0,781,rSC,True,3,0.00021046034503550574
baltimore,25,0.0,250.0,4.0,781,rSC,True,4,0.00953737149190403
baltimore,25,0.0,250.0,4.0,781,rSC,True,5,0.0039306707189934245
baltimore,25,0.0,250.0,4.0,781,rSC,True,6,0.0070723474762991005
baltimore,25,0.0,250.0,4.0,781,rSC,True,7,0.0022570970499870956
baltimore,25,0.0,250.0,4.0,781,rSC,True,8,5.469330211348465e-05
baltimore,25,0.0,250.0,4.0,781,rSC,True,9,0.012962279345857348
baltimore,25,0.0,250.0,4.0,781,rSC,True,10,0.008567980293431612
baltimore,25,0.0,250.0,4.0,781,rSC,True,11,0.00591735249132416
baltimore,25,0.0,250.0,4.0,781,rSC,True,12,0.010095879267021967
baltimore,25,0.0,250.0,4.0,781,rSC,True,13,0.001888396568370986
baltimore,25,0.0,250.0,4.0,781,rSC,True,14,0.007364387363801995
baltimore,25,0.0,250.0,4.0,781,rSC,True,15,0.009214233874984361
baltimore,25,0.0,250.0,4.0,781,rSC,True,16,0.01860034276995993
baltimore,25,0.0,250.0,4.0,781,rSC,True,17,0.0018639715446969864
baltimore,25,0.0,250.0,4.0,781,rSC,True,18,0.016451665100014567
baltimore,25,0.0,250.0,4.0,781,rSC,True,19,0.012662484234304638
baltimore,25,0.0,250.0,4.0,781,rSC,True,20,0.013241677880300028
baltimore,25,0.0,250.0,4.0,781,rSC,True,21,0.0022784570635175972
baltimore,25,0.0,250.0,4.0,781,rSC,True,22,0.00953518579981055
baltimore,25,0.0,250.0,4.0,781,rSC,True,23,0.011591854674122867
baltimore,25,0.0,250.0,4.0,781,rSC,True,24,0.011164079697516557
baltimore,25,0.0,250.0,4.0,781,rSC,True,25,0.0024446456025306513
baltimore,25,0.0,250.0,4.0,781,rSC,True,26,0.0036021219392433283
baltimore,25,0.0,250.0,4.0,781,rSC,True,27,0.01193914120984306
baltimore,25,0.0,250.0,4.0,781,rSC,True,28,0.0040494828441715045
baltimore,25,0.0,250.0,4.0,781,rSC,True,29,0.013604667961798994
baltimore,25,0.0,250.0,4.0,781,rSC,True,30,0.010469833974407308
baltimore,25,0.0,250.0,4.0,781,GAP,False,1,0.010065784158414836
baltimore,25,0.0,250.0,4.0,781,GAP,False,2,0.007301564994974047
baltimore,25,0.0,250.0,4.0,781,GAP,False,3,0.0074649179233826895
baltimore,25,0.0,250.0,4.0,781,GAP,False,4,0.015753770572727824
baltimore,25,0.0,250.0,4.0,781,GAP,False,5,0.02053922393114737
baltimore,25,0.0,250.0,4.0,781,GAP,False,6,0.03448262012151029
baltimore,25,0.0,250.0,4.0,781,GAP,False,7,0.03070743447712617
baltimore,25,0.0,250.0,4.0,781,GAP,False,8,0.04080584381927949
baltimore,25,0.0,250.0,4.0,781,GAP,False,9,0.04372395289111874
baltimore,25,0.0,250.0,4.0,781,GAP,False,10,0.04840964939017306
baltimore,25,0.0,250.0,4.0,781,GAP,False,11,0.05452890701180837
baltimore,25,0.0,250.0,4.0,781,GAP,False,12,0.05252923964460147
baltimore,25,0.0,250.0,4.0,781,GAP,False,13,0.06371435774053709
baltimore,25,0.0,250.0,4.0,781,GAP,False,14,0.07243165313605263
baltimore,25,0.0,250.0,4.0,781,GAP,False,15,0.0871047018947648
baltimore,25,0.0,250.0,4.0,781,GAP,False,16,0.09285299261396922
baltimore,25,0.0,250.0,4.0,781,GAP,False,17,0.08549397910757335
baltimore,25,0.0,250.0,4.0,781,GAP,False,18,0.09148807333568083
baltimore,25,0.0,250.0,4.0,781,GAP,False,19,0.10475248940791725
baltimore,25,0.0,250.0,4.0,781,GAP,False,20,0.12349416524323578
baltimore,25,0.0,250.0,4.0,781,GAP,False,21,0.12571521251274
baltimore,25,0.0,250.0,4.0,781,GAP,False,22,0.13319018817091752
baltimore,25,0.0,250.0,4.0,781,GAP,False,23,0.13653242760028395
baltimore,25,0.0,250.0,4.0,781,GAP,False,24,0.14795764381245344
baltimore,25,0.0,250.0,4.0,781,GAP,False,25,0.16258686734001895
baltimore,25,0.0,250.0,4.0,781,GAP,False,26,0.15607888579751808
baltimore,25,0.0,250.0,4.0,781,GAP,False,27,0.170330238033357
baltimore,25,0.0,250.0,4.0,781,GAP,False,28,0.1778410215961102
baltimore,25,0.0,250.0,4.0,781,GAP,False,29,0.18424045519530138
baltimore,25,0.0,250.0,4.0,781,GAP,False,30,0.18863111257291224
baltimore,25,0.0,250.0,4.0,781,GAP,True,1,0.007563507043531579
baltimore,25,0.0,250.0,4.0,781,GAP,True,2,0.0055811800551074636
baltimore,25,0.0,250.0,4.0,781,GAP,True,3,0.005351333855944388
baltimore,25,0.0,250.0,4.0,781,GAP,True,4,0.013169924381399368
baltimore,25,0.0,250.0,4.0,781,GAP,True,5,0.016411946615446232
baltimore,25,0.0,250.0,4.0,781,GAP,True,6,0.031444656244045674
baltimore,25,0.0,250.0,4.0,781,GAP,True,7,0.026021853514819317
baltimore,25,0.0,250.0,4.0,781,GAP,True,8,0.03600944625052305
baltimore,25,0.0,250.0,4.0,781,GAP,True,9,0.0388719816168035
baltimore,25,0.0,250.0,4.0,781,GAP,True,10,0.043830411711096966
baltimore,25,0.0,250.0,4.0,781,GAP,True,11,0.048230624037112924
baltimore,25,0.0,250.0,4.0,781,GAP,True,12,0.04666922621021176
baltimore,25,0.0,250.0,4.0,781,GAP,True,13,0.05593957566473101
baltimore,25,0.0,250.0,4.0,781,GAP,True,14,0.06472911795618486
baltimore,25,0.0,250.0,4.0,781,GAP,True,15,0.07871379181635708
baltimore,25,0.0,250.0,4.0,781,GAP,True,16,0.08335557944540753
baltimore,25,0.0,250.0,4.0,781,GAP,True,17,0.07596424753690967
baltimore,25,0.0,250.0,4.0,781,GAP,True,18,0.08135791714966457
baltimore,25,0.0,250.0,4.0,781,GAP,True,19,0.09496797989383979
baltimore,25,0.0,250.0,4.0,781,GAP,True,20,0.10995455192707983
baltimore,25,0.0,250.0,4.0,781,GAP,True,21,0.11455957545117634
baltimore,25,0.0,250.0,4.0,781,GAP,True,22,0.11921712017139066
baltimore,25,0.0,250.0,4.0,781,GAP,True,23,0.12349170781202516
baltimore,25,0.0,250.0,4.0,781,GAP,True,24,0.13223903963239028
baltimore,25,0.0,250.0,4.0,781,GAP,True,25,0.14590854187075877
baltimore,25,0.0,250.0,4.0,781,GAP,True,26,0.1392081312677068
baltimore,25,0.0,250.0,4.0,781,GAP,True,27,0.15149786036816518
baltimore,25,0.0,250.0,4.0,781,GAP,True,28,0.16003407199138447
baltimore,25,0.0,250.0,4.0,781,GAP,True,29,0.1646838942205529
baltimore,25,0.0,250.0,4.0,781,GAP,True,30,0.169309048286133
baltimore,25,0.0,250.0,4.0,781,PPCA,False,1,0.026258203899682406
baltimore,25,0.0,250.0,4.0,781,PPCA,False,2,0.02672516455230738
baltimore,25,0.0,250.0,4.0,781,PPCA,False,3,0.02441427543908043
baltimore,25,0.0,250.0,4.0,781,PPCA,False,4,0.016549037417907732
baltimore,25,0.0,250.0,4.0,781,PPCA,False,5,0.027130659406673294
baltimore,25,0.0,250.0,4.0,781,PPCA,False,6,0.020991561953864254
baltimore,25,0.0,250.0,4.0,781,PPCA,False,7,0.03836515766134642
baltimore,25,0.0,250.0,4.0,781,PPCA,False,8,0.03912871311546754
baltimore,25,0.0,250.0,4.0,781,PPCA,False,9,0.04935844083292997
baltimore,25,0.0,250.0,4.0,781,PPCA,False,10,0.03937728357746433
baltimore,25,0.0,250.0,4.0,781,PPCA,False,11,0.05176327176321224
baltimore,25,0.0,250.0,4.0,781,PPCA,False,12,0.05556649078398563
baltimore,25,0.0,250.0,4.0,781,PPCA,False,13,0.04997669538317693
baltimore,25,0.0,250.0,4.0,781,PPCA,False,14,0.06350771850600083
baltimore,25,0.0,250.0,4.0,781,PPCA,False,15,0.06041726854799764
baltimore,25,0.0,250.0,4.0,781,PPCA,False,16,0.06726811862925396
baltimore,25,0.0,250.0,4.0,781,PPCA,False,17,0.06740395102463571
baltimore,25,0.0,250.0,4.0,781,PPCA,False,18,0.07333292458849121
baltimore,25,0.0,250.0,4.0,781,PPCA,False,19,0.07664479693577424
baltimore,25,0.0,250.0,4.0,781,PPCA,False,20,0.0867211429136911
baltimore,25,0.0,250.0,4.0,781,PPCA,False,21,0.09636062217032955
baltimore,25,0.0,250.0,4.0,781,PPCA,False,22,0.0952522304206342
baltimore,25,0.0,250.0,4.0,781,PPCA,False,23,0.0906203763626583
baltimore,25,0.0,250.0,4.0,781,PPCA,False,24,0.09743776188941847
baltimore,25,0.0,250.0,4.0,781,PPCA,False,25,0.09899588829602987
baltimore,25,0.0,250.0,4.0,781,PPCA,False,26,0.09904774884719364
baltimore,25,0.0,250.0,4.0,781,PPCA,False,27,0.10036628354962375
baltimore,25,0.0,250.0,4.0,781,PPCA,False,28,0.09937476088933446
baltimore,25,0.0,250.0,4.0,781,PPCA,False,29,0.09356843593383232
baltimore,25,0.0,250.0,4.0,781,PPCA,False,30,0.10121455845472277
baltimore,25,0.0,250.0,4.0,781,PPCA,True,1,0.004625306282683717
baltimore,25,0.0,250.0,4.0,781,PPCA,True,2,0.004136853851293243
baltimore,25,0.0,250.0,4.0,781,PPCA,True,3,0.0008232225189993021
baltimore,25,0.0,250.0,4.0,781,PPCA,True,4,0.009228080834439125
baltimore,25,0.0,250.0,4.0,781,PPCA,True,5,0.0011682678949955733
baltimore,25,0.0,250.0,4.0,781,PPCA,True,6,0.005797420721665814
baltimore,25,0.0,250.0,4.0,781,PPCA,True,7,0.005187068454931433
baltimore,25,0.0,250.0,4.0,781,PPCA,True,8,0.00574259603665033
baltimore,25,0.0,250.0,4.0,781,PPCA,True,9,0.01406000756237216
baltimore,25,0.0,250.0,4.0,781,PPCA,True,10,0.004289241024752998
baltimore,25,0.0,250.0,4.0,781,PPCA,True,11,0.011042847372448972
baltimore,25,0.0,250.0,4.0,781,PPCA,True,12,0.016092295961673646
baltimore,25,0.0,250.0,4.0,781,PPCA,True,13,0.005590137097995834
baltimore,25,0.0,250.0,4.0,781,PPCA,True,14,0.016455212229341147
baltimore,25,0.0,250.0,4.0,781,PPCA,True,15,0.009703435302648573
baltimore,25,0.0,250.0,4.0,781,PPCA,True,16,0.015126864016135543
baltimore,25,0.0,250.0,4.0,781,PPCA,True,17,0.014581755826009901
baltimore,25,0.0,250.0,4.0,781,PPCA,True,18,0.015061487833897023
baltimore,25,0.0,250.0,4.0,781,PPCA,True,19,0.016003683006657218
baltimore,25,0.0,250.0,4.0,781,PPCA,True,20,0.018962032334678598
baltimore,25,0.0,250.0,4.0,781,PPCA,True,21,0.031220484714884107
baltimore,25,0.0,250.0,4.0,781,PPCA,True,22,0.02179914357957377
baltimore,25,0.0,250.0,4.0,781,PPCA,True,23,0.019226258577488758
baltimore,25,0.0,250.0,4.0,781,PPCA,True,24,0.01979279443648676
baltimore,25,0.0,250.0,4.0,781,PPCA,True,25,0.018933767580837226
baltimore,25,0.0,250.0,4.0,781,PPCA,True,26,0.017523121551594117
baltimore,25,0.0,250.0,4.0,781,PPCA,True,27,0.013822197511367595
baltimore,25,0.0,250.0,4.0,781,PPCA,True,28,0.010911999622889983
baltimore,25,0.0,250.0,4.0,781,PPCA,True,29,0.003449065218279746
baltimore,25,0.0,250.0,4.0,781,PPCA,True,30,0.009175231220155738
baltimore,25,0.0,100000.0,0.01,617,rSC,False,1,0.015802397255489247
baltimore,25,0.0,100000.0,0.01,617,rSC,False,2,0.007540866400002533
baltimore,25,0.0,100000.0,0.01,617,rSC,False,3,0.023066869849025378
baltimore,25,0.0,100000.0,0.01,617,rSC,False,4,0.03516539710666035
baltimore,25,0.0,100000.0,0.01,617,rSC,False,5,0.011936834937658241
baltimore,25,0.0,100000.0,0.01,617,rSC,False,6,0.029645092651344615
baltimore,25,0.0,100000.0,0.01,617,rSC,False,7,0.028445712750291927
baltimore,25,0.0,100000.0,0.01,617,rSC,False,8,0.03490823646324571
baltimore,25,0.0,100000.0,0.01,617,rSC,False,9,0.036620985141563596
baltimore,25,0.0,100000.0,0.01,617,rSC,False,10,0.03872179019980961
baltimore,25,0.0,100000.0,0.01,617,rSC,False,11,0.047555674731519025
baltimore,25,0.0,100000.0,0.01,617,rSC,False,12,0.05092364455635885
baltimore,25,0.0,100000.0,0.01,617,rSC,False,13,0.043397469717674345
baltimore,25,0.0,100000.0,0.01,617,rSC,False,14,0.06880686538271252
baltimore,25,0.0,100000.0,0.01,617,rSC,False,15,0.0515643246832085
baltimore,25,0.0,100000.0,0.01,617,rSC,False,16,0.05878426718034345
baltimore,25,0.0,100000.0,0.01,617,rSC,False,17,0.05899349651808767
baltimore,25,0.0,100000.0,0.01,617,rSC,False,18,0.06930575361945591
baltimore,25,0.0,100000.0,0.01,617,rSC,False,19,0.06240456825192479
baltimore,25,0.0,100000.0,0.01,617,rSC,False,20,0.06347269998210965
baltimore,25,0.0,100000.0,0.01,617,rSC,False,21,0.05995175833536519
baltimore,25,0.0,100000.0,0.01,617,rSC,False,22,0.06650160898833578
baltimore,25,0.0,100000.0,0.01,617,rSC,False,23,0.07078213772295923
baltimore,25,0.0,100000.0,0.01,617,rSC,False,24,0.067009094588973
baltimore,25,0.0,100000.0,0.01,617,rSC,False,25,0.07824745116731699
baltimore,25,0.0,100000.0,0.01,617,rSC,False,26,0.0714729739299218
baltimore,25,0.0,100000.0,0.01,617,rSC,False,27,0.07166990764110553
baltimore,25,0.0,100000.0,0.01,617,rSC,False,28,0.07736392215725651
baltimore,25,0.0,100000.0,0.01,617,rSC,False,29,0.07418347068470106
baltimore,25,0.0,100000.0,0.01,617,rSC,False,30,0.0725837189978771
baltimore,25,0.0,100000.0,0.01,617,rSC,True,1,0.015802397255489247
baltimore,25,0.0,100000.0,0.01,617,rSC,True,2,0.007540866400002533
baltimore,25,0.0,100000.0,0.01,617,rSC,True,3,0.023066869849025378
baltimore,25,0.0,100000.0,0.01,617,rSC,True,4,0.03516539710666035
baltimore,25,0.0,100000.0,0.01,617,rSC,True,5,0.011936834937658241
baltimore,25,0.0,100000.0,0.01,617,rSC,True,6,0.029645092651344615
baltimore,25,0.0,100000.0,0.01,617,rSC,True,7,0.028445712750291927
baltimore,25,0.0,100000.0,0.01,617,rSC,True,8,0.03490823646324571
baltimore,25,0.0,100000.0,0.01,617,rSC,True,9,0.036620985141563596
baltimore,25,0.0,100000.0,0.01,617,rSC,True,10,0.03872179019980961
baltimore,25,0.0,100000.0,0.01,617,rSC,True,11,0.047555674731519025
baltimore,25,0.0,100000.0,0.01,617,rSC,True,12,0.05092364455635885
baltimore,25,0.0,100000.0,0.01,617,rSC,True,13,0.043397469717674345
baltimore,25,0.0,100000.0,0.01,617,rSC,True,14,0.06880686538271252
baltimore,25,0.0,100000.0,0.01,617,rSC,True,15,0.0515643246832085
baltimore,25,0.0,100000.0,0.01,617,rSC,True,16,0.05878426718034345
baltimore,25,0.0,100000.0,0.01,617,rSC,True,17,0.05899349651808767
baltimore,25,0.0,100000.0,0.01,617,rSC,True,18,0.06930575361945591
baltimore,25,0.0,100000.0,0.01,617,rSC,True,19,0.06240456825192479
baltimore,25,0.0,100000.0,0.01,617,rSC,True,20,0.06347269998210965
baltimore,25,0.0,100000.0,0.01,617,rSC,True,21,0.05995175833536519
baltimore,25,0.0,100000.0,0.01,617,rSC,True,22,0.06650160898833578
baltimore,25,0.0,100000.0,0.01,617,rSC,True,23,0.07078213772295923
baltimore,25,0.0,100000.0,0.01,617,rSC,True,24,0.067009094588973
baltimore,25,0.0,100000.0,0.01,617,rSC,True,25,0.07824745116731699
baltimore,25,0.0,100000.0,0.01,617,rSC,True,26,0.0714729739299218
baltimore,25,0.0,100000.0,0.01,617,rSC,True,27,0.07166990764110553
baltimore,25,0.0,100000.0,0.01,617,rSC,True,28,0.07736392215725651
baltimore,25,0.0,100000.0,0.01,617,rSC,True,29,0.07418347068470106
baltimore,25,0.0,100000.0,0.01,617,rSC,True,30,0.0725837189978771
baltimore,25,0.0,100000.0,0.01,617,GAP,False,1,0.0062653493465095805
baltimore,25,0.0,100000.0,0.01,617,GAP,False,2,0.005182125492781514
baltimore,25,0.0,100000.0,0.01,617,GAP,False,3,0.007268363398236312
baltimore,25,0.0,100000.0,0.01,617,GAP,False,4,0.011944583840462146
baltimore,25,0.0,100000.0,0.01,617,GAP,False,5,0.017867184976152473
baltimore,25,0.0,100000.0,0.01,617,GAP,False,6,0.0006857380707488111
baltimore,25,0.0,100000.0,0.01,617,GAP,False,7,0.008146981083595194
baltimore,25,0.0,100000.0,0.01,617,GAP,False,8,0.004188092664207192
baltimore,25,0.0,100000.0,0.01,617,GAP,False,9,0.006645468345689957
baltimore,25,0.0,100000.0,0.01,617,GAP,False,10,0.003117919080994601
baltimore,25,0.0,100000.0,0.01,617,GAP,False,11,0.007814586993303464
baltimore,25,0.0,100000.0,0.01,617,GAP,False,12,0.021354158839219758
baltimore,25,0.0,100000.0,0.01,617,GAP,False,13,0.0194252397841563
baltimore,25,0.0,100000.0,0.01,617,GAP,False,14,0.006792730509096634
baltimore,25,0.0,100000.0,0.01,617,GAP,False,15,0.0207941419109313
baltimore,25,0.0,100000.0,0.01,617,GAP,False,16,0.012833639606763241
baltimore,25,0.0,100000.0,0.01,617,GAP,False,17,0.0314824740704368
baltimore,25,0.0,100000.0,0.01,617,GAP,False,18,0.029021736382008095
baltimore,25,0.0,100000.0,0.01,617,GAP,False,19,0.03112872432445367
baltimore,25,0.0,100000.0,0.01,617,GAP,False,20,0.035180789028459114
baltimore,25,0.0,100000.0,0.01,617,GAP,False,21,0.03775153276421671
baltimore,25,0.0,100000.0,0.01,617,GAP,False,22,0.0441734522375179
baltimore,25,0.0,100000.0,0.01,617,GAP,False,23,0.0373399029189277
baltimore,25,0.0,100000.0,0.01,617,GAP,False,24,0.05105840688414554
baltimore,25,0.0,100000.0,0.01,617,GAP,False,25,0.051370425944067204
baltimore,25,0.0,100000.0,0.01,617,GAP,False,26,0.054544926846701314
baltimore,25,0.0,100000.0,0.01,617,GAP,False,27,0.06103404508259113
baltimore,25,0.0,100000.0,0.01,617,GAP,False,28,0.05044903911515617
baltimore,25,0.0,100000.0,0.01,617,GAP,False,29,0.05474524900689144
baltimore,25,0.0,100000.0,0.01,617,GAP,False,30,0.054170181273533284
baltimore,25,0.0,100000.0,0.01,617,GAP,True,1,0.0002926155277126838
baltimore,25,0.0,100000.0,0.01,617,GAP,True,2,0.0026036315113068865
baltimore,25,0.0,100000.0,0.01,617,GAP,True,3,0.008843044974454409
baltimore,25,0.0,100000.0,0.01,617,GAP,True,4,0.00893364152763678
baltimore,25,0.0,100000.0,0.01,617,GAP,True,5,0.010559390601246202
baltimore,25,0.0,100000.0,0.01,617,GAP,True,6,0.0033211804917462153
baltimore,25,0.0,100000.0,0.01,617,GAP,True,7,0.00310660407102447
baltimore,25,0.0,100000.0,0.01,617,GAP,True,8,0.00026884335429489225
baltimore,25,0.0,100000.0,0.01,617,GAP,True,9,0.002085724686174687
baltimore,25,0.0,100000.0,0.01,617,GAP,True,10,0.0008268346006809745
baltimore,25,0.0,100000.0,0.01,617,GAP,True,11,0.0022234666476685385
baltimore,25,0.0,100000.0,0.01,617,GAP,True,12,0.013257031676563601
baltimore,25,0.0,100000.0,0.01,617,GAP,True,13,0.009517256784939448
baltimore,25,0.0,100000.0,0.01,617,GAP,True,14,0.002794811199703883
baltimore,25,0.0,100000.0,0.01,617,GAP,True,15,0.008079404798997106
baltimore,25,0.0,100000.0,0.01,617,GAP,True,16,0.0005811206000099132
baltimore,25,0.0,100000.0,0.01,617,GAP,True,17,0.0171198546837868
baltimore,25,0.0,100000.0,0.01,617,GAP,True,18,0.01246344191237458
baltimore,25,0.0,100000.0,0.01,617,GAP,True,19,0.014103031034458579
baltimore,25,0.0,100000.0,0.01,617,GAP,True,20,0.01934119671554433
baltimore,25,0.0,100000.0,0.01,617,GAP,True,21,0.020594349128079267
baltimore,25,0.0,100000.0,0.01,617,GAP,True,22,0.024695138049596253
baltimore,25,0.0,100000.0,0.01,617,GAP,True,23,0.01758034370922673
baltimore,25,0.0,100000.0,0.01,617,GAP,True,24,0.02909983505360383
baltimore,25,0.0,100000.0,0.01,617,GAP,True,25,0.028232354627000564
baltimore,25,0.0,100000.0,0.01,617,GAP,True,26,0.02829049746927948
baltimore,25,0.0,100000.0,0.01,617,GAP,True,27,0.0334797739701228
baltimore,25,0.0,100000.0,0.01,617,GAP,True,28,0.0259277173320194
baltimore,25,0.0,100000.0,0.01,617,GAP,True,29,0.027243613998273592
baltimore,25,0.0,100000.0,0.01,617,GAP,True,30,0.02843884447317848
baltimore,25,0.0,100000.0,0.01,617,PPCA,False,1,0.016412683393399945
baltimore,25,0.0,100000.0,0.01,617,PPCA,False,2,0.01889946047452217
baltimore,25,0.0,100000.0,0.01,617,PPCA,False,3,0.03270263522072955
baltimore,25,0.0,100000.0,0.01,617,PPCA,False,4,0.031106535634450806
baltimore,25,0.0,100000.0,0.01,617,PPCA,False,5,0.018956986944310267
baltimore,25,0.0,100000.0,0.01,617,PPCA,False,6,0.03208710329383722
baltimore,25,0.0,100000.0,0.01,617,PPCA,False,7,0.042812610800161494
baltimore,25,0.0,100000.0,0.01,617,PPCA,False,8,0.04176240136806396
baltimore,25,0.0,100000.0,0.01,617,PPCA,False,9,0.04327697816536724
baltimore,25,0.0,100000.0,0.01,617,PPCA,False,10,0.04504122934386054
baltimore,25,0.0,100000.0,0.01,617,PPCA,False,11,0.05648532097836591
baltimore,25,0.0,100000.0,0.01,617,PPCA,False,12,0.058921342269092965
baltimore,25,0.0,100000.0,0.01,617,PPCA,False,13,0.05135069807628029
baltimore,25,0.0,100000.0,0.01,617,PPCA,False,14,0.0713719749375019
baltimore,25,0.0,100000.0,0.01,617,PPCA,False,15,0.06966675326685089
baltimore,25,0.0,100000.0,0.01,617,PPCA,False,16,0.07357807081909683
baltimore,25,0.0,100000.0,0.01,617,PPCA,False,17,0.07331434164978498
baltimore,25,0.0,100000.0,0.01,617,PPCA,False,18,0.0801815495158409
baltimore,25,0.0,100000.0,0.01,617,PPCA,False,19,0.0844855560454937
baltimore,25,0.0,100000.0,0.01,617,PPCA,False,20,0.09220780161858343
baltimore,25,0.0,100000.0,0.01,617,PPCA,False,21,0.09318357305017146
baltimore,25,0.0,100000.0,0.01,617,PPCA,False,22,0.09039525428568508
baltimore,25,0.0,100000.0,0.01,617,PPCA,False,23,0.09512451004457936
baltimore,25,0.0,100000.0,0.01,617,PPCA,False,24,0.09385067798743878
baltimore,25,0.0,100000.0,0.01,617,PPCA,False,25,0.10156462516206911
baltimore,25,0.0,100000.0,0.01,617,PPCA,False,26,0.10728728846867888
baltimore,25,0.0,100000.0,0.01,617,PPCA,False,27,0.10672665889784023
baltimore,25,0.0,100000.0,0.01,617,PPCA,False,28,0.11689119182045635
baltimore,25,0.0,100000.0,0.01,617,PPCA,False,29,0.10242343015328698
baltimore,25,0.0,100000.0,0.01,617,PPCA,False,30,0.11175546627965918
baltimore,25,0.0,100000.0,0.01,617,PPCA,True,1,0.007518616128045719
baltimore,25,0.0,100000.0,0.01,617,PPCA,True,2,0.006694476718585604
baltimore,25,0.0,100000.0,0.01,617,PPCA,True,3,0.006864927699025104
baltimore,25,0.0,100000.0,0.01,617,PPCA,True,4,0.0065639004259818315
baltimore,25,0.0,100000.0,0.01,617,PPCA,True,5,0.00803234570510675
baltimore,25,0.0,100000.0,0.01,617,PPCA,True,6,0.003381463282946286
baltimore,25,0.0,100000.0,0.01,617,PPCA,True,7,0.013135417322711515
baltimore,25,0.0,100000.0,0.01,617,PPCA,True,8,0.013462019258823576
baltimore,25,0.0,100000.0,0.01,617,PPCA,True,9,0.015330186363575063
baltimore,25,0.0,100000.0,0.01,617,PPCA,True,10,0.013922036058453302
baltimore,25,0.0,100000.0,0.01,617,PPCA,True,11,0.025834714791640383
baltimore,25,0.0,100000.0,0.01,617,PPCA,True,12,0.025708538151701297
baltimore,25,0.0,100000.0,0.01,617,PPCA,True,13,0.014008037920988335
baltimore,25,0.0,100000.0,0.01,617,PPCA,True,14,0.03267118100635509
baltimore,25,0.0,100000.0,0.01,617,PPCA,True,15,0.027728238648816007
baltimore,25,0.0,100000.0,0.01,617,PPCA,True,16,0.030629030882126086
baltimore,25,0.0,100000.0,0.01,617,PPCA,True,17,0.03155354182594483
baltimore,25,0.0,100000.0,0.01,617,PPCA,True,18,0.03718614529336931
baltimore,25,0.0,100000.0,0.01,617,PPCA,True,19,0.03676637121172118
baltimore,25,0.0,100000.0,0.01,617,PPCA,True,20,0.043191455426981704
baltimore,25,0.0,100000.0,0.01,617,PPCA,True,21,0.0390957374306671
baltimore,25,0.0,100000.0,0.01,617,PPCA,True,22,0.03588999221618511
baltimore,25,0.0,100000.0,0.01,617,PPCA,True,23,0.04061823482934231
baltimore,25,0.0,100000.0,0.01,617,PPCA,True,24,0.03901868644036504
baltimore,25,0.0,100000.0,0.01,617,PPCA,True,25,0.04180828294713113
baltimore,25,0.0,100000.0,0.01,617,PPCA,True,26,0.044675622293928255
baltimore,25,0.0,100000.0,0.01,617,PPCA,True,27,0.045384963910691335
baltimore,25,0.0,100000.0,0.01,617,PPCA,True,28,0.05131891385127592
baltimore,25,0.0,100000.0,0.01,617,PPCA,True,29,0.035867381874651987
baltimore,25,0.0,100000.0,0.01,617,PPCA,True,30,0.04767708204237499
baltimore,25,0.0,100000.0,0.01,781,rSC,False,1,0.010637005810735905
baltimore,25,0.0,100000.0,0.01,781,rSC,False,2,0.013512187977778993
baltimore,25,0.0,100000.0,0.01,781,rSC,False,3,0.00021046034503550574
baltimore,25,0.0,100000.0,0.01,781,rSC,False,4,0.00953737149190403
baltimore,25,0.0,100000.0,0.01,781,rSC,False,5,0.0039306707189934245
baltimore,25,0.0,100000.0,0.01,781,rSC,False,6,0.0070723474762991005
baltimore,25,0.0,100000.0,0.01,781,rSC,False,7,0.0022570970499870956
baltimore,25,0.0,100000.0,0.01,781,rSC,False,8,5.469330211348465e-05
baltimore,25,0.0,100000.0,0.01,781,rSC,False,9,0.012962279345857348
baltimore,25,0.0,100000.0,0.01,781,rSC,False,10,0.008567980293431612
baltimore,25,0.0,100000.0,0.01,781,rSC,False,11,0.00591735249132416
baltimore,25,0.0,100000.0,0.01,781,rSC,False,12,0.010095879267021967
baltimore,25,0.0,100000.0,0.01,781,rSC,False,13,0.001888396568370986
baltimore,25,0.0,100000.0,0.01,781,rSC,False,14,0.007364387363801995
baltimore,25,0.0,100000.0,0.01,781,rSC,False,15,0.009214233874984361
baltimore,25,0.0,100000.0,0.01,781,rSC,False,16,0.01860034276995993
baltimore,25,0.0,100000.0,0.01,781,rSC,False,17,0.0018639715446969864
baltimore,25,0.0,100000.0,0.01,781,rSC,False,18,0.016451665100014567
baltimore,25,0.0,100000.0,0.01,781,rSC,False,19,0.012662484234304638
baltimore,25,0.0,100000.0,0.01,781,rSC,False,20,0.013241677880300028
baltimore,25,0.0,100000.0,0.01,781,rSC,False,21,0.0022784570635175972
baltimore,25,0.0,100000.0,0.01,781,rSC,False,22,0.00953518579981055
baltimore,25,0.0,100000.0,0.01,781,rSC,False,23,0.011591854674122867
baltimore,25,0.0,100000.0,0.01,781,rSC,False,24,0.011164079697516557
baltimore,25,0.0,100000.0,0.01,781,rSC,False,25,0.0024446456025306513
baltimore,25,0.0,100000.0,0.01,781,rSC,False,26,0.0036021219392433283
baltimore,25,0.0,100000.0,0.01,781,rSC,False,27,0.01193914120984306
baltimore,25,0.0,100000.0,0.01,781,rSC,False,28,0.0040494828441715045
baltimore,25,0.0,100000.0,0.01,781,rSC,False,29,0.013604667961798994
baltimore,25,0.0,100000.0,0.01,781,rSC,False,30,0.010469833974407308
baltimore,25,0.0,100000.0,0.01,781,rSC,True,1,0.010637005810735905
baltimore,25,0.0,100000.0,0.01,781,rSC,True,2,0.013512187977778993
baltimore,25,0.0,100000.0,0.01,781,rSC,True,3,0.00021046034503550574
baltimore,25,0.0,100000.0,0.01,781,rSC,True,4,0.00953737149190403
baltimore,25,0.0,100000.0,0.01,781,rSC,True,5,0.0039306707189934245
baltimore,25,0.0,100000.0,0.01,781,rSC,True,6,0.0070723474762991005
baltimore,25,0.0,100000.0,0.01,781,rSC,True,7,0.0022570970499870956
baltimore,25,0.0,100000.0,0.01,781,rSC,True,8,5.469330211348465e-05
baltimore,25,0.0,100000.0,0.01,781,rSC,True,9,0.012962279345857348
baltimore,25,0.0,100000.0,0.01,781,rSC,True,10,0.008567980293431612
baltimore,25,0.0,100000.0,0.01,781,rSC,True,11,0.00591735249132416
baltimore,25,0.0,100000.0,0.01,781,rSC,True,12,0.010095879267021967
baltimore,25,0.0,100000.0,0.01,781,rSC,True,13,0.001888396568370986
baltimore,25,0.0,100000.0,0.01,781,rSC,True,14,0.007364387363801995
baltimore,25,0.0,100000.0,0.01,781,rSC,True,15,0.009214233874984361
baltimore,25,0.0,100000.0,0.01,781,rSC,True,16,0.01860034276995993
baltimore,25,0.0,100000.0,0.01,781,rSC,True,17,0.0018639715446969864
baltimore,25,0.0,100000.0,0.01,781,rSC,True,18,0.016451665100014567
baltimore,25,0.0,100000.0,0.01,781,rSC,True,19,0.012662484234304638
baltimore,25,0.0,100000.0,0.01,781,rSC,True,20,0.013241677880300028
baltimore,25,0.0,100000.0,0.01,781,rSC,True,21,0.0022784570635175972
baltimore,25,0.0,100000.0,0.01,781,rSC,True,22,0.00953518579981055
baltimore,25,0.0,100000.0,0.01,781,rSC,True,23,0.011591854674122867
baltimore,25,0.0,100000.0,0.01,781,rSC,True,24,0.011164079697516557
baltimore,25,0.0,100000.0,0.01,781,rSC,True,25,0.0024446456025306513
baltimore,25,0.0,100000.0,0.01,781,rSC,True,26,0.0036021219392433283
baltimore,25,0.0,100000.0,0.01,781,rSC,True,27,0.01193914120984306
baltimore,25,0.0,100000.0,0.01,781,rSC,True,28,0.0040494828441715045
baltimore,25,0.0,100000.0,0.01,781,rSC,True,29,0.013604667961798994
baltimore,25,0.0,100000.0,0.01,781,rSC,True,30,0.010469833974407308
baltimore,25,0.0,100000.0,0.01,781,GAP,False,1,0.01247713917871175
baltimore,25,0.0,100000.0,0.01,781,GAP,False,2,0.0069844179262274495
baltimore,25,0.0,100000.0,0.01,781,GAP,False,3,0.0034179145121372577
baltimore,25,0.0,100000.0,0.01,781,GAP,False,4,0.008095624466753857
baltimore,25,0.0,100000.0,0.01,781,GAP,False,5,0.010371681905117384
baltimore,25,0.0,100000.0,0.01,781,GAP,False,6,0.01912366283247618
baltimore,25,0.0,100000.0,0.01,781,GAP,False,7,0.011521183571829331
baltimore,25,0.0,100000.0,0.01,781,GAP,False,8,0.017851582645605747
baltimore,25,0.0,100000.0,0.01,781,GAP,False,9,0.01521702032140418
baltimore,25,0.0,100000.0,0.01,781,GAP,False,10,0.014381066388756582
baltimore,25,0.0,100000.0,0.01,781,GAP,False,11,0.01647910375634392
baltimore,25,0.0,100000.0,0.01,781,GAP,False,12,0.008488209881926482
baltimore,25,0.0,100000.0,0.01,781,GAP,False,13,0.01553293199053083
baltimore,25,0.0,100000.0,0.01,781,GAP,False,14,0.018220811686165378
baltimore,25,0.0,100000.0,0.01,781,GAP,False,15,0.02811758498171747
baltimore,25,0.0,100000.0,0.01,781,GAP,False,16,0.029143785918374077
baltimore,25,0.0,100000.0,0.01,781,GAP,False,17,0.015704496242624436
baltimore,25,0.0,100000.0,0.01,781,GAP,False,18,0.01444917930628482
baltimore,25,0.0,100000.0,0.01,781,GAP,False,19,0.023042727121717354
baltimore,25,0.0,100000.0,0.01,781,GAP,False,20,0.0375129228294064
baltimore,25,0.0,100000.0,0.01,781,GAP,False,21,0.03282176885438369
baltimore,25,0.0,100000.0,0.01,781,GAP,False,22,0.03464311970130962
baltimore,25,0.0,100000.0,0.01,781,GAP,False,23,0.03053698194378349
baltimore,25,0.0,100000.0,0.01,781,GAP,False,24,0.03818577167164868
baltimore,25,0.0,100000.0,0.01,781,GAP,False,25,0.046594652540976285
baltimore,25,0.0,100000.0,0.01,781,GAP,False,26,0.0343821210707752
baltimore,25,0.0,100000.0,0.01,781,GAP,False,27,0.04240139245189762
baltimore,25,0.0,100000.0,0.01,781,GAP,False,28,0.042854045342635844
baltimore,25,0.0,100000.0,0.01,781,GAP,False,29,0.04476510384014908
baltimore,25,0.0,100000.0,0.01,781,GAP,False,30,0.04195559186645698
baltimore,25,0.0,100000.0,0.01,781,GAP,True,1,0.0088557633483374
baltimore,25,0.0,100000.0,0.01,781,GAP,True,2,0.004135332464145984
baltimore,25,0.0,100000.0,0.01,781,GAP,True,3,0.0004571498126913816
baltimore,25,0.0,100000.0,0.01,781,GAP,True,4,0.004143460025286794
baltimore,25,0.0,100000.0,0.01,781,GAP,True,5,0.0046447786938108426
baltimore,25,0.0,100000.0,0.01,781,GAP,True,6,0.014542938451512895
baltimore,25,0.0,100000.0,0.01,781,GAP,True,7,0.0037246102599263337
baltimore,25,0.0,100000.0,0.01,781,GAP,True,8,0.009466292591102895
baltimore,25,0.0,100000.0,0.01,781,GAP,True,9,0.006456621333363004
baltimore,25,0.0,100000.0,0.01,781,GAP,True,10,0.00617746154112187
baltimore,25,0.0,100000.0,0.01,781,GAP,True,11,0.005594981649930638
baltimore,25,0.0,100000.0,0.01,781,GAP,True,12,0.0015249770371120435
baltimore,25,0.0,100000.0,0.01,781,GAP,True,13,0.00276515184596008
baltimore,25,0.0,100000.0,0.01,781,GAP,True,14,0.005841947049958367
baltimore,25,0.0,100000.0,0.01,781,GAP,True,15,0.013892225686408808
baltimore,25,0.0,100000.0,0.01,781,GAP,True,16,0.013201945006514566
baltimore,25,0.0,100000.0,0.01,781,GAP,True,17,0.00016929719028491578
baltimore,25,0.0,100000.0,0.01,781,GAP,True,18,0.0017958839632194177
baltimore,25,0.0,100000.0,0.01,781,GAP,True,19,0.005961998761967966
baltimore,25,0.0,100000.0,0.01,781,GAP,True,20,0.015585152013224501
baltimore,25,0.0,100000.0,0.01,781,GAP,True,21,0.013988277896859462
baltimore,25,0.0,100000.0,0.01,781,GAP,True,22,0.011860280527352027
baltimore,25,0.0,100000.0,0.01,781,GAP,True,23,0.00884160885552482
baltimore,25,0.0,100000.0,0.01,781,GAP,True,24,0.012195037983553416
baltimore,25,0.0,100000.0,0.01,781,GAP,True,25,0.01894026325652408
baltimore,25,0.0,100000.0,0.01,781,GAP,True,26,0.006593140697998064
baltimore,25,0.0,100000.0,0.01,781,GAP,True,27,0.01179411022461916
baltimore,25,0.0,100000.0,0.01,781,GAP,True,28,0.013647234078618736
baltimore,25,0.0,100000.0,0.01,781,GAP,True,29,0.011981936643461312
baltimore,25,0.0,100000.0,0.01,781,GAP,True,30,0.009583247286940209
baltimore,25,0.0,100000.0,0.01,781,PPCA,False,1,0.026032863686064816
baltimore,25,0.0,100000.0,0.01,781,PPCA,False,2,0.026612513028719722
baltimore,25,0.0,100000.0,0.01,781,PPCA,False,3,0.024490647014118808
baltimore,25,0.0,100000.0,0.01,781,PPCA,False,4,0.0168008254444781
baltimore,25,0.0,100000.0,0.01,781,PPCA,False,5,0.027462089465342985
baltimore,25,0.0,100000.0,0.01,781,PPCA,False,6,0.02136164203680949
baltimore,25,0.0,100000.0,0.01,781,PPCA,False,7,0.03877989962955125
baltimore,25,0.0,100000.0,0.01,781,PPCA,False,8,0.03966457768786435
baltimore,25,0.0,100000.0,0.01,781,PPCA,False,9,0.04986806536255518
baltimore,25,0.0,100000.0,0.01,781,PPCA,False,10,0.040189380477800525
baltimore,25,0.0,100000.0,0.01,781,PPCA,False,11,0.05262307833805479
baltimore,25,0.0,100000.0,0.01,781,PPCA,False,12,0.056614181198880495
baltimore,25,0.0,100000.0,0.01,781,PPCA,False,13,0.051272559117441774
baltimore,25,0.0,100000.0,0.01,781,PPCA,False,14,0.06467463439531577
baltimore,25,0.0,100000.0,0.01,781,PPCA,False,15,0.06171222125304698
baltimore,25,0.0,100000.0,0.01,781,PPCA,False,16,0.06866556857398286
baltimore,25,0.0,100000.0,0.01,781,PPCA,False,17,0.06919026197662731
baltimore,25,0.0,100000.0,0.01,781,PPCA,False,18,0.07515183636326489
baltimore,25,0.0,100000.0,0.01,781,PPCA,False,19,0.07853371820892352
baltimore,25,0.0,100000.0,0.01,781,PPCA,False,20,0.0885578635639322
baltimore,25,0.0,100000.0,0.01,781,PPCA,False,21,0.09826108355745891
baltimore,25,0.0,100000.0,0.01,781,PPCA,False,22,0.0973713337384625
baltimore,25,0.0,100000.0,0.01,781,PPCA,False,23,0.09301616314704973
baltimore,25,0.0,100000.0,0.01,781,PPCA,False,24,0.09995667018862457
baltimore,25,0.0,100000.0,0.01,781,PPCA,False,25,0.10163833212696932
baltimore,25,0.0,100000.0,0.01,781,PPCA,False,26,0.10206897819939824
baltimore,25,0.0,100000.0,0.01,781,PPCA,False,27,0.10353091087312191
baltimore,25,0.0,100000.0,0.01,781,PPCA,False,28,0.1027365647282943
baltimore,25,0.0,100000.0,0.01,781,PPCA,False,29,0.09732884697778957
baltimore,25,0.0,100000.0,0.01,781,PPCA,False,30,0.10507825953109233
baltimore,25,0.0,100000.0,0.01,781,PPCA,True,1,0.004414309299637245
baltimore,25,0.0,100000.0,0.01,781,PPCA,True,2,0.004392299657426387
baltimore,25,0.0,100000.0,0.01,781,PPCA,True,3,0.0011780009344324197
baltimore,25,0.0,100000.0,0.01,781,PPCA,True,4,0.008527085412449724
baltimore,25,0.0,100000.0,0.01,781,PPCA,True,5,0.0013944222763425612
baltimore,25,0.0,100000.0,0.01,781,PPCA,True,6,0.005252490932797882
baltimore,25,0.0,100000.0,0.01,781,PPCA,True,7,0.006113600603888945
baltimore,25,0.0,100000.0,0.01,781,PPCA,True,8,0.006985047572202652
baltimore,25,0.0,100000.0,0.01,781,PPCA,True,9,0.015269479860825932
baltimore,25,0.0,100000.0,0.01,781,PPCA,True,10,0.005672633344441297
baltimore,25,0.0,100000.0,0.01,781,PPCA,True,11,0.012984866889810133
baltimore,25,0.0,100000.0,0.01,781,PPCA,True,12,0.018051090296672002
baltimore,25,0.0,100000.0,0.01,781,PPCA,True,13,0.007854214453725594
baltimore,25,0.0,100000.0,0.01,781,PPCA,True,14,0.018905932021672355
baltimore,25,0.0,100000.0,0.01,781,PPCA,True,15,0.012503484627180119
baltimore,25,0.0,100000.0,0.01,781,PPCA,True,16,0.018030251470713222
baltimore,25,0.0,100000.0,0.01,781,PPCA,True,17,0.017900773150134837
baltimore,25,0.0,100000.0,0.01,781,PPCA,True,18,0.018681347132908744
baltimore,25,0.0,100000.0,0.01,781,PPCA,True,19,0.020011260026932147
baltimore,25,0.0,100000.0,0.01,781,PPCA,True,20,0.023306531793334105
baltimore,25,0.0,100000.0,0.01,781,PPCA,True,21,0.03518249545546484
baltimore,25,0.0,100000.0,0.01,781,PPCA,True,22,0.026637529482046746
baltimore,25,0.0,100000.0,0.01,781,PPCA,True,23,0.024048138085759566
baltimore,25,0.0,100000.0,0.01,781,PPCA,True,24,0.024955822232335525
baltimore,25,0.0,100000.0,0.01,781,PPCA,True,25,0.024593563445557128
baltimore,25,0.0,100000.0,0.01,781,PPCA,True,26,0.023054548874519666
baltimore,25,0.0,100000.0,0.01,781,PPCA,True,27,0.0198034792861042
baltimore,25,0.0,100000.0,0.01,781,PPCA,True,28,0.017384423457274263
baltimore,25,0.0,100000.0,0.01,781,PPCA,True,29,0.010144707096952211
baltimore,25,0.0,100000.0,0.01,781,PPCA,True,30,0.016441491981085462
baltimore,25,0.5,250.0,4.0,617,rSC,False,1,0.003698055134272686
baltimore,25,0.5,250.0,4.0,617,rSC,False,2,0.011471543480582512
baltimore,25,0.5,250.0,4.0,617,rSC,False,3,0.007374123487731242
baltimore,25,0.5,250.0,4.0,617,rSC,False,4,0.011849381467708203
baltimore,25,0.5,250.0,4.0,617,rSC,False,5,0.001631066628390747
baltimore,25,0.5,250.0,4.0,617,rSC,False,6,0.003699219689131594
baltimore,25,0.5,250.0,4.0,617,rSC,False,7,0.00569556284427019
baltimore,25,0.5,250.0,4.0,617,rSC,False,8,0.01647403119130376
baltimore,25,0.5,250.0,4.0,617,rSC,False,9,0.017924788349140613
baltimore,25,0.5,250.0,4.0,617,rSC,False,10,0.025922046200956755
baltimore,25,0.5,250.0,4.0,617,rSC,False,11,0.026663228341470762
baltimore,25,0.5,250.0,4.0,617,rSC,False,12,0.02115623174851434
baltimore,25,0.5,250.0,4.0,617,rSC,False,13,0.020492904707611954
baltimore,25,0.5,250.0,4.0,617,rSC,False,14,0.02074709433187443
baltimore,25,0.5,250.0,4.0,617,rSC,False,15,0.034935302401137104
baltimore,25,0.5,250.0,4.0,617,rSC,False,16,0.033897625066258014
baltimore,25,0.5,250.0,4.0,617,rSC,False,17,0.027683579365551048
baltimore,25,0.5,250.0,4.0,617,rSC,False,18,0.028749239355518638
baltimore,25,0.5,250.0,4.0,617,rSC,False,19,0.02873112830108542
baltimore,25,0.5,250.0,4.0,617,rSC,False,20,0.034104684510781566
baltimore,25,0.5,250.0,4.0,617,rSC,False,21,0.03250770479433433
baltimore,25,0.5,250.0,4.0,617,rSC,False,22,0.037905434494027966
baltimore,25,0.5,250.0,4.0,617,rSC,False,23,0.02925251341816376
baltimore,25,0.5,250.0,4.0,617,rSC,False,24,0.02371588159836708
baltimore,25,0.5,250.0,4.0,617,rSC,False,25,0.02790101889251366
baltimore,25,0.5,250.0,4.0,617,rSC,False,26,0.033107321385409144
baltimore,25,0.5,250.0,4.0,617,rSC,False,27,0.028881947031620156
baltimore,25,0.5,250.0,4.0,617,rSC,False,28,0.030189442802212203
baltimore,25,0.5,250.0,4.0,617,rSC,False,29,0.030774094291378565
baltimore,25,0.5,250.0,4.0,617,rSC,False,30,0.027035439740284852
baltimore,25,0.5,250.0,4.0,617,rSC,True,1,0.003698055134272686
baltimore,25,0.5,250.0,4.0,617,rSC,True,2,0.011471543480582512
baltimore,25,0.5,250.0,4.0,617,rSC,True,3,0.007374123487731242
baltimore,25,0.5,250.0,4.0,617,rSC,True,4,0.011849381467708203
baltimore,25,0.5,250.0,4.0,617,rSC,True,5,0.001631066628390747
baltimore,25,0.5,250.0,4.0,617,rSC,True,6,0.003699219689131594
baltimore,25,0.5,250.0,4.0,617,rSC,True,7,0.00569556284427019
baltimore,25,0.5,250.0,4.0,617,rSC,True,8,0.01647403119130376
baltimore,25,0.5,250.0,4.0,617,rSC,True,9,0.017924788349140613
baltimore,25,0.5,250.0,4.0,617,rSC,True,10,0.025922046200956755
baltimore,25,0.5,250.0,4.0,617,rSC,True,11,0.026663228341470762
baltimore,25,0.5,250.0,4.0,617,rSC,True,12,0.02115623174851434
baltimore,25,0.5,250.0,4.0,617,rSC,True,13,0.020492904707611954
baltimore,25,0.5,250.0,4.0,617,rSC,True,14,0.02074709433187443
baltimore,25,0.5,250.0,4.0,617,rSC,True,15,0.034935302401137104
baltimore,25,0.5,250.0,4.0,617,rSC,True,16,0.033897625066258014
baltimore,25,0.5,250.0,4.0,617,rSC,True,17,0.027683579365551048
baltimore,25,0.5,250.0,4.0,617,rSC,True,18,0.028749239355518638
baltimore,25,0.5,250.0,4.0,617,rSC,True,19,0.02873112830108542
baltimore,25,0.5,250.0,4.0,617,rSC,True,20,0.034104684510781566
baltimore,25,0.5,250.0,4.0,617,rSC,True,21,0.03250770479433433
baltimore,25,0.5,250.0,4.0,617,rSC,True,22,0.037905434494027966
baltimore,25,0.5,250.0,4.0,617,rSC,True,23,0.02925251341816376
baltimore,25,0.5,250.0,4.0,617,rSC,True,24,0.02371588159836708
baltimore,25,0.5,250.0,4.0,617,rSC,True,25,0.02790101889251366
baltimore,25,0.5,250.0,4.0,617,rSC,True,26,0.033107321385409144
baltimore,25,0.5,250.0,4.0,617,rSC,True,27,0.028881947031620156
baltimore,25,0.5,250.0,4.0,617,rSC,True,28,0.030189442802212203
baltimore,25,0.5,250.0,4.0,617,rSC,True,29,0.030774094291378565
baltimore,25,0.5,250.0,4.0,617,rSC,True,30,0.027035439740284852
baltimore,25,0.5,250.0,4.0,617,GAP,False,1,0.0019431770946958535
baltimore,25,0.5,250.0,4.0,617,GAP,False,2,0.006520834687594318
baltimore,25,0.5,250.0,4.0,617,GAP,False,3,0.01600241378335619
baltimore,25,0.5,250.0,4.0,617,GAP,False,4,0.004097892924345533
baltimore,25,0.5,250.0,4.0,617,GAP,False,5,0.0030576164157481277
baltimore,25,0.5,250.0,4.0,617,GAP,False,6,0.009175324852553674
baltimore,25,0.5,250.0,4.0,617,GAP,False,7,0.002389506412223188
baltimore,25,0.5,250.0,4.0,617,GAP,False,8,0.015263974777002167
baltimore,25,0.5,250.0,4.0,617,GAP,False,9,0.020585476249238215
baltimore,25,0.5,250.0,4.0,617,GAP,False,10,0.002163053977258105
baltimore,25,0.5,250.0,4.0,617,GAP,False,11,0.0037582151711577235
baltimore,25,0.5,250.0,4.0,617,GAP,False,12,0.02484311932824637
baltimore,25,0.5,250.0,4.0,617,GAP,False,13,0.01902470142580842
baltimore,25,0.5,250.0,4.0,617,GAP,False,14,0.015273919264608781
baltimore,25,0.5,250.0,4.0,617,GAP,False,15,0.022745150920107614
baltimore,25,0.5,250.0,4.0,617,GAP,False,16,0.025499342601160022
baltimore,25,0.5,250.0,4.0,617,GAP,False,17,0.04101649482236875
baltimore,25,0.5,250.0,4.0,617,GAP,False,18,0.039100598389732774
baltimore,25,0.5,250.0,4.0,617,GAP,False,19,0.045398743822557354
baltimore,25,0.5,250.0,4.0,617,GAP,False,20,0.041015352862946726
baltimore,25,0.5,250.0,4.0,617,GAP,False,21,0.05454531729512249
baltimore,25,0.5,250.0,4.0,617,GAP,False,22,0.05343753738208725
baltimore,25,0.5,250.0,4.0,617,GAP,False,23,0.047291553811856506
baltimore,25,0.5,250.0,4.0,617,GAP,False,24,0.057402209170026856
baltimore,25,0.5,250.0,4.0,617,GAP,False,25,0.05172156137322191
baltimore,25,0.5,250.0,4.0,617,GAP,False,26,0.04529163499440217
baltimore,25,0.5,250.0,4.0,617,GAP,False,27,0.062303965292897626
baltimore,25,0.5,250.0,4.0,617,GAP,False,28,0.07032489010112164
baltimore,25,0.5,250.0,4.0,617,GAP,False,29,0.06754722456614869
baltimore,25,0.5,250.0,4.0,617,GAP,False,30,0.09626135896591802
baltimore,25,0.5,250.0,4.0,617,GAP,True,1,0.0009212137572894414
baltimore,25,0.5,250.0,4.0,617,GAP,True,2,0.005413283271408901
baltimore,25,0.5,250.0,4.0,617,GAP,True,3,0.004476099372217347
baltimore,25,0.5,250.0,4.0,617,GAP,True,4,0.001111279248462496
baltimore,25,0.5,250.0,4.0,617,GAP,True,5,0.010705493048255127
baltimore,25,0.5,250.0,4.0,617,GAP,True,6,0.016104408849804977
baltimore,25,0.5,250.0,4.0,617,GAP,True,7,0.012467800642106215
baltimore,25,0.5,250.0,4.0,617,GAP,True,8,0.025336228186256592
baltimore,25,0.5,250.0,4.0,617,GAP,True,9,0.03293742592750835
baltimore,25,0.5,250.0,4.0,617,GAP,True,10,0.020135948980931948
baltimore,25,0.5,250.0,4.0,617,GAP,True,11,0.024450705335348693
baltimore,25,0.5,250.0,4.0,617,GAP,True,12,0.04202010294118828
baltimore,25,0.5,250.0,4.0,617,GAP,True,13,0.04390620056496693
baltimore,25,0.5,250.0,4.0,617,GAP,True,14,0.04423196643322379
baltimore,25,0.5,250.0,4.0,617,GAP,True,15,0.048270047856651205
baltimore,25,0.5,250.0,4.0,617,GAP,True,16,0.054605094558526815
baltimore,25,0.5,250.0,4.0,617,GAP,True,17,0.06773096751140503
baltimore,25,0.5,250.0,4.0,617,GAP,True,18,0.06781313185302962
baltimore,25,0.5,250.0,4.0,617,GAP,True,19,0.07835372388122105
baltimore,25,0.5,250.0,4.0,617,GAP,True,20,0.07250966324395644
baltimore,25,0.5,250.0,4.0,617,GAP,True,21,0.08922865550856883
baltimore,25,0.5,250.0,4.0,617,GAP,True,22,0.09635272027041937
baltimore,25,0.5,250.0,4.0,617,GAP,True,23,0.09211036572221376
baltimore,25,0.5,250.0,4.0,617,GAP,True,24,0.09868645764045667
baltimore,25,0.5,250.0,4.0,617,GAP,True,25,0.10361764255230106
baltimore,25,0.5,250.0,4.0,617,GAP,True,26,0.1028790185886455
baltimore,25,0.5,250.0,4.0,617,GAP,True,27,0.11878926779265361
baltimore,25,0.5,250.0,4.0,617,GAP,True,28,0.12677132539135835
baltimore,25,0.5,250.0,4.0,617,GAP,True,29,0.12952391685081277
baltimore,25,0.5,250.0,4.0,617,GAP,True,30,0.15254369335698675
baltimore,25,0.5,250.0,4.0,617,PPCA,False,1,0.018159796998939534
baltimore,25,0.5,250.0,4.0,617,PPCA,False,2,0.025910583404131948
baltimore,25,0.5,250.0,4.0,617,PPCA,False,3,0.018937235986302776
baltimore,25,0.5,250.0,4.0,617,PPCA,False,4,0.028227538783965816
baltimore,25,0.5,250.0,4.0,617,PPCA,False,5,0.021185443760631723
baltimore,25,0.5,250.0,4.0,617,PPCA,False,6,0.023008238258196992
baltimore,25,0.5,250.0,4.0,617,PPCA,False,7,0.027213800260269032
baltimore,25,0.5,250.0,4.0,617,PPCA,False,8,0.04012924398030684
baltimore,25,0.5,250.0,4.0,617,PPCA,False,9,0.03959562756120365
baltimore,25,0.5,250.0,4.0,617,PPCA,False,10,0.04769380010384893
baltimore,25,0.5,250.0,4.0,617,PPCA,False,11,0.05845723478936219
baltimore,25,0.5,250.0,4.0,617,PPCA,False,12,0.05079961897925582
baltimore,25,0.5,250.0,4.0,617,PPCA,False,13,0.05098366296905987
baltimore,25,0.5,250.0,4.0,617,PPCA,False,14,0.06127033433638378
baltimore,25,0.5,250.0,4.0,617,PPCA,False,15,0.07332732818073649
baltimore,25,0.5,250.0,4.0,617,PPCA,False,16,0.07482361417353951
baltimore,25,0.5,250.0,4.0,617,PPCA,False,17,0.06698191776108439
baltimore,25,0.5,250.0,4.0,617,PPCA,False,18,0.0764586945170115
baltimore,25,0.5,250.0,4.0,617,PPCA,False,19,0.07391988964264318
baltimore,25,0.5,250.0,4.0,617,PPCA,False,20,0.08021382301632923
baltimore,25,0.5,250.0,4.0,617,PPCA,False,21,0.09030207200343734
baltimore,25,0.5,250.0,4.0,617,PPCA,False,22,0.10462175112123594
baltimore,25,0.5,250.0,4.0,617,PPCA,False,23,0.09698725069253647
baltimore,25,0.5,250.0,4.0,617,PPCA,False,24,0.08885533036948227
baltimore,25,0.5,250.0,4.0,617,PPCA,False,25,0.09794227709698922
baltimore,25,0.5,250.0,4.0,617,PPCA,False,26,0.10216001150674757
baltimore,25,0.5,250.0,4.0,617,PPCA,False,27,0.10760918552060618
baltimore,25,0.5,250.0,4.0,617,PPCA,False,28,0.10615757106682923
baltimore,25,0.5,250.0,4.0,617,PPCA,False,29,0.10555515692796635
baltimore,25,0.5,250.0,4.0,617,PPCA,False,30,0.1095819671989519
baltimore,25,0.5,250.0,4.0,617,PPCA,True,1,0.00215663173323296
baltimore,25,0.5,250.0,4.0,617,PPCA,True,2,0.008123947514213064
baltimore,25,0.5,250.0,4.0,617,PPCA,True,3,0.00030507439178848925
baltimore,25,0.5,250.0,4.0,617,PPCA,True,4,0.008800674186978923
baltimore,25,0.5,250.0,4.0,617,PPCA,True,5,0.0028748507767722663
baltimore,25,0.5,250.0,4.0,617,PPCA,True,6,0.0038186183221729747
baltimore,25,0.5,250.0,4.0,617,PPCA,True,7,0.0032153924513627307
baltimore,25,0.5,250.0,4.0,617,PPCA,True,8,0.016390862878585436
baltimore,25,0.5,250.0,4.0,617,PPCA,True,9,0.01694358477276694
baltimore,25,0.5,250.0,4.0,617,PPCA,True,10,0.01910560752313825
baltimore,25,0.5,250.0,4.0,617,PPCA,True,11,0.03002806494203287
baltimore,25,0.5,250.0,4.0,617,PPCA,True,12,0.019570400629029223
baltimore,25,0.5,250.0,4.0,617,PPCA,True,13,0.021262091801242874
baltimore,25,0.5,250.0,4.0,617,PPCA,True,14,0.020513645854069507
baltimore,25,0.5,250.0,4.0,617,PPCA,True,15,0.03748349700355494
baltimore,25,0.5,250.0,4.0,617,PPCA,True,16,0.03745013815497108
baltimore,25,0.5,250.0,4.0,617,PPCA,True,17,0.03170317164668074
baltimore,25,0.5,250.0,4.0,617,PPCA,True,18,0.035493450839303
baltimore,25,0.5,250.0,4.0,617,PPCA,True,19,0.031249682829672956
baltimore,25,0.5,250.0,4.0,617,PPCA,True,20,0.03747597518136446
baltimore,25,0.5,250.0,4.0,617,PPCA,True,21,0.04276983816198191
baltimore,25,0.5,250.0,4.0,617,PPCA,True,22,0.050725851049115964
baltimore,25,0.5,250.0,4.0,617,PPCA,True,23,0.043257368505727894
baltimore,25,0.5,250.0,4.0,617,PPCA,True,24,0.035611416232989974
baltimore,25,0.5,250.0,4.0,617,PPCA,True,25,0.040509045205875026
baltimore,25,0.5,250.0,4.0,617,PPCA,True,26,0.04345089467966933
baltimore,25,0.5,250.0,4.0,617,PPCA,True,27,0.04611580699567414
baltimore,25,0.5,250.0,4.0,617,PPCA,True,28,0.045396195912572185
baltimore,25,0.5,250.0,4.0,617,PPCA,True,29,0.040374356344333395
baltimore,25,0.5,250.0,4.0,617,PPCA,True,30,0.04775392086937267
baltimore,25,0.5,250.0,4.0,781,rSC,False,1,0.019006633113766238
baltimore,25,0.5,250.0,4.0,781,rSC,False,2,0.020993421548557097
baltimore,25,0.5,250.0,4.0,781,rSC,False,3,0.007804464521257036
baltimore,25,0.5,250.0,4.0,781,rSC,False,4,0.018424496274964855
baltimore,25,0.5,250.0,4.0,781,rSC,False,5,0.02544493858601228
baltimore,25,0.5,250.0,4.0,781,rSC,False,6,0.036454928321823295
baltimore,25,0.5,250.0,4.0,781,rSC,False,7,0.032820092645470464
baltimore,25,0.5,250.0,4.0,781,rSC,False,8,0.03748723598031541
baltimore,25,0.5,250.0,4.0,781,rSC,False,9,0.03901371724160057
baltimore,25,0.5,250.0,4.0,781,rSC,False,10,0.03204001300044957
baltimore,25,0.5,250.0,4.0,781,rSC,False,11,0.042502089585509904
baltimore,25,0.5,250.0,4.0,781,rSC,False,12,0.03897947242439965
baltimore,25,0.5,250.0,4.0,781,rSC,False,13,0.06579236467996735
baltimore,25,0.5,250.0,4.0,781,rSC,False,14,0.06091823698065367
baltimore,25,0.5,250.0,4.0,781,rSC,False,15,0.05420124116135728
baltimore,25,0.5,250.0,4.0,781,rSC,False,16,0.05360751678446916
baltimore,25,0.5,250.0,4.0,781,rSC,False,17,0.060571703490862105
baltimore,25,0.5,250.0,4.0,781,rSC,False,18,0.07093017561183056
baltimore,25,0.5,250.0,4.0,781,rSC,False,19,0.0817156711683681
baltimore,25,0.5,250.0,4.0,781,rSC,False,20,0.06835120443882553
baltimore,25,0.5,250.0,4.0,781,rSC,False,21,0.07550068543369234
baltimore,25,0.5,250.0,4.0,781,rSC,False,22,0.08524913609880379
baltimore,25,0.5,250.0,4.0,781,rSC,False,23,0.09424789663458963
baltimore,25,0.5,250.0,4.0,781,rSC,False,24,0.09094487641217676
baltimore,25,0.5,250.0,4.0,781,rSC,False,25,0.0966806288329593
baltimore,25,0.5,250.0,4.0,781,rSC,False,26,0.09888617686866429
baltimore,25,0.5,250.0,4.0,781,rSC,False,27,0.08677418370699792
baltimore,25,0.5,250.0,4.0,781,rSC,False,28,0.07820486064028158
baltimore,25,0.5,250.0,4.0,781,rSC,False,29,0.08782158280277486
baltimore,25,0.5,250.0,4.0,781,rSC,False,30,0.0944373315082485
baltimore,25,0.5,250.0,4.0,781,rSC,True,1,0.019006633113766238
baltimore,25,0.5,250.0,4.0,781,rSC,True,2,0.020993421548557097
baltimore,25,0.5,250.0,4.0,781,rSC,True,3,0.007804464521257036
baltimore,25,0.5,250.0,4.0,781,rSC,True,4,0.018424496274964855
baltimore,25,0.5,250.0,4.0,781,rSC,True,5,0.02544493858601228
baltimore,25,0.5,250.0,4.0,781,rSC,True,6,0.036454928321823295
baltimore,25,0.5,250.0,4.0,781,rSC,True,7,0.032820092645470464
baltimore,25,0.5,250.0,4.0,781,rSC,True,8,0.03748723598031541
baltimore,25,0.5,250.0,4.0,781,rSC,True,9,0.03901371724160057
baltimore,25,0.5,250.0,4.0,781,rSC,True,10,0.03204001300044957
baltimore,25,0.5,250.0,4.0,781,rSC,True,11,0.042502089585509904
baltimore,25,0.5,250.0,4.0,781,rSC,True,12,0.03897947242439965
baltimore,25,0.5,250.0,4.0,781,rSC,True,13,0.06579236467996735
baltimore,25,0.5,250.0,4.0,781,rSC,True,14,0.06091823698065367
baltimore,25,0.5,250.0,4.0,781,rSC,True,15,0.05420124116135728
baltimore,25,0.5,250.0,4.0,781,rSC,True,16,0.05360751678446916
baltimore,25,0.5,250.0,4.0,781,rSC,True,17,0.060571703490862105
baltimore,25,0.5,250.0,4.0,781,rSC,True,18,0.07093017561183056
baltimore,25,0.5,250.0,4.0,781,rSC,True,19,0.0817156711683681
baltimore,25,0.5,250.0,4.0,781,rSC,True,20,0.06835120443882553
baltimore,25,0.5,250.0,4.0,781,rSC,True,21,0.07550068543369234
baltimore,25,0.5,250.0,4.0,781,rSC,True,22,0.08524913609880379
baltimore,25,0.5,250.0,4.0,781,rSC,True,23,0.09424789663458963
baltimore,25,0.5,250.0,4.0,781,rSC,True,24,0.09094487641217676
baltimore,25,0.5,250.0,4.0,781,rSC,True,25,0.0966806288329593
baltimore,25,0.5,250.0,4.0,781,rSC,True,26,0.09888617686866429
baltimore,25,0.5,250.0,4.0,781,rSC,True,27,0.08677418370699792
baltimore,25,0.5,250.0,4.0,781,rSC,True,28,0.07820486064028158
baltimore,25,0.5,250.0,4.0,781,rSC,True,29,0.08782158280277486
baltimore,25,0.5,250.0,4.0,781,rSC,True,30,0.0944373315082485
baltimore,25,0.5,250.0,4.0,781,GAP,False,1,0.007581185658043872
baltimore,25,0.5,250.0,4.0,781,GAP,False,2,0.0021048625991431282
baltimore,25,0.5,250.0,4.0,781,GAP,False,3,0.017968464957751343
baltimore,25,0.5,250.0,4.0,781,GAP,False,4,0.008870854742060785
baltimore,25,0.5,250.0,4.0,781,GAP,False,5,0.013165788147699652
baltimore,25,0.5,250.0,4.0,781,GAP,False,6,0.00576449519411188
baltimore,25,0.5,250.0,4.0,781,GAP,False,7,0.011774288857104333
baltimore,25,0.5,250.0,4.0,781,GAP,False,8,0.02539337589138331
baltimore,25,0.5,250.0,4.0,781,GAP,False,9,0.00502898793070798
baltimore,25,0.5,250.0,4.0,781,GAP,False,10,0.02565940516678266
baltimore,25,0.5,250.0,4.0,781,GAP,False,11,0.037502191215445485
baltimore,25,0.5,250.0,4.0,781,GAP,False,12,0.01721655793613001
baltimore,25,0.5,250.0,4.0,781,GAP,False,13,0.012480457997664195
baltimore,25,0.5,250.0,4.0,781,GAP,False,14,0.042471424070238656
baltimore,25,0.5,250.0,4.0,781,GAP,False,15,0.04783852577052392
baltimore,25,0.5,250.0,4.0,781,GAP,False,16,0.0552240497401219
baltimore,25,0.5,250.0,4.0,781,GAP,False,17,0.03531573919437559
baltimore,25,0.5,250.0,4.0,781,GAP,False,18,0.0341422193430471
baltimore,25,0.5,250.0,4.0,781,GAP,False,19,0.046043877653083265
baltimore,25,0.5,250.0,4.0,781,GAP,False,20,0.0402484162705501
baltimore,25,0.5,250.0,4.0,781,GAP,False,21,0.06438369140418047
baltimore,25,0.5,250.0,4.0,781,GAP,False,22,0.06186030657132384
baltimore,25,0.5,250.0,4.0,781,GAP,False,23,0.05971803909528207
baltimore,25,0.5,250.0,4.0,781,GAP,False,24,0.06377132053766066
baltimore,25,0.5,250.0,4.0,781,GAP,False,25,0.06423060223761118
baltimore,25,0.5,250.0,4.0,781,GAP,False,26,0.07493155771628905
baltimore,25,0.5,250.0,4.0,781,GAP,False,27,0.08112990116431601
baltimore,25,0.5,250.0,4.0,781,GAP,False,28,0.09226253372488988
baltimore,25,0.5,250.0,4.0,781,GAP,False,29,0.08480728865640853
baltimore,25,0.5,250.0,4.0,781,GAP,False,30,0.09549377807184707
baltimore,25,0.5,250.0,4.0,781,GAP,True,1,0.0010922150373893246
baltimore,25,0.5,250.0,4.0,781,GAP,True,2,0.0002141069061426446
baltimore,25,0.5,250.0,4.0,781,GAP,True,3,0.018249331183741526
baltimore,25,0.5,250.0,4.0,781,GAP,True,4,0.00856701064190976
baltimore,25,0.5,250.0,4.0,781,GAP,True,5,0.010358062443536644
baltimore,25,0.5,250.0,4.0,781,GAP,True,6,0.003953397447078325
baltimore,25,0.5,250.0,4.0,781,GAP,True,7,0.0107506307410102
baltimore,25,0.5,250.0,4.0,781,GAP,True,8,0.02667935232520439
baltimore,25,0.5,250.0,4.0,781,GAP,True,9,0.013749327082070642
baltimore,25,0.5,250.0,4.0,781,GAP,True,10,0.030420705628214896
baltimore,25,0.5,250.0,4.0,781,GAP,True,11,0.03900397185565296
baltimore,25,0.5,250.0,4.0,781,GAP,True,12,0.02501786109066472
baltimore,25,0.5,250.0,4.0,781,GAP,True,13,0.026752400053015195
baltimore,25,0.5,250.0,4.0,781,GAP,True,14,0.044685083626619715
baltimore,25,0.5,250.0,4.0,781,GAP,True,15,0.05189397003890262
baltimore,25,0.5,250.0,4.0,781,GAP,True,16,0.06064408898289041
baltimore,25,0.5,250.0,4.0,781,GAP,True,17,0.04799107573018775
baltimore,25,0.5,250.0,4.0,781,GAP,True,18,0.04802165255734517
baltimore,25,0.5,250.0,4.0,781,GAP,True,19,0.06098453368199025
baltimore,25,0.5,250.0,4.0,781,GAP,True,20,0.05659454304742469
baltimore,25,0.5,250.0,4.0,781,GAP,True,21,0.075301337398624
baltimore,25,0.5,250.0,4.0,781,GAP,True,22,0.07887081176652555
baltimore,25,0.5,250.0,4.0,781,GAP,True,23,0.07740933596552828
baltimore,25,0.5,250.0,4.0,781,GAP,True,24,0.0818311751779345
baltimore,25,0.5,250.0,4.0,781,GAP,True,25,0.0839716181058658
baltimore,25,0.5,250.0,4.0,781,GAP,True,26,0.09294565003995493
baltimore,25,0.5,250.0,4.0,781,GAP,True,27,0.09887006606605048
baltimore,25,0.5,250.0,4.0,781,GAP,True,28,0.10767638340896839
baltimore,25,0.5,250.0,4.0,781,GAP,True,29,0.10264614635150411
baltimore,25,0.5,250.0,4.0,781,GAP,True,30,0.11382790213936078
baltimore,25,0.5,250.0,4.0,781,PPCA,False,1,0.015280072724590405
baltimore,25,0.5,250.0,4.0,781,PPCA,False,2,0.02131672960881903
baltimore,25,0.5,250.0,4.0,781,PPCA,False,3,0.013970310799866166
baltimore,25,0.5,250.0,4.0,781,PPCA,False,4,0.029536074453875606
baltimore,25,0.5,250.0,4.0,781,PPCA,False,5,0.02565480915820728
baltimore,25,0.5,250.0,4.0,781,PPCA,False,6,0.028717358696125034
baltimore,25,0.5,250.0,4.0,781,PPCA,False,7,0.03418103900632064
baltimore,25,0.5,250.0,4.0,781,PPCA,False,8,0.04571203316836427
baltimore,25,0.5,250.0,4.0,781,PPCA,False,9,0.050000420956305365
baltimore,25,0.5,250.0,4.0,781,PPCA,False,10,0.03933610086237539
baltimore,25,0.5,250.0,4.0,781,PPCA,False,11,0.04614007693690238
baltimore,25,0.5,250.0,4.0,781,PPCA,False,12,0.043753230910683984
baltimore,25,0.5,250.0,4.0,781,PPCA,False,13,0.06315468074827683
baltimore,25,0.5,250.0,4.0,781,PPCA,False,14,0.06732590494072897
baltimore,25,0.5,250.0,4.0,781,PPCA,False,15,0.06346204077260029
baltimore,25,0.5,250.0,4.0,781,PPCA,False,16,0.06303124026973479
baltimore,25,0.5,250.0,4.0,781,PPCA,False,17,0.06541219619373206
baltimore,25,0.5,250.0,4.0,781,PPCA,False,18,0.07289511946755191
baltimore,25,0.5,250.0,4.0,781,PPCA,False,19,0.07427606797041214
baltimore,25,0.5,250.0,4.0,781,PPCA,False,20,0.08147653305280166
baltimore,25,0.5,250.0,4.0,781,PPCA,False,21,0.08671873403363167
baltimore,25,0.5,250.0,4.0,781,PPCA,False,22,0.09232024399394746
baltimore,25,0.5,250.0,4.0,781,PPCA,False,23,0.09480544821195622
baltimore,25,0.5,250.0,4.0,781,PPCA,False,24,0.08849385591559553
baltimore,25,0.5,250.0,4.0,781,PPCA,False,25,0.09700578049640136
baltimore,25,0.5,250.0,4.0,781,PPCA,False,26,0.10219532617221827
baltimore,25,0.5,250.0,4.0,781,PPCA,False,27,0.09312368315089828
baltimore,25,0.5,250.0,4.0,781,PPCA,False,28,0.09973575731338985
baltimore,25,0.5,250.0,4.0,781,PPCA,False,29,0.10313261286933796
baltimore,25,0.5,250.0,4.0,781,PPCA,False,30,0.10998040355738471
baltimore,25,0.5,250.0,4.0,781,PPCA,True,1,0.0006298424568120177
baltimore,25,0.5,250.0,4.0,781,PPCA,True,2,0.006960165390910896
baltimore,25,0.5,250.0,4.0,781,PPCA,True,3,0.0006184707277633167
baltimore,25,0.5,250.0,4.0,781,PPCA,True,4,0.01406625943132775
baltimore,25,0.5,250.0,4.0,781,PPCA,True,5,0.00769663874014109
baltimore,25,0.5,250.0,4.0,781,PPCA,True,6,0.016043009068969053
baltimore,25,0.5,250.0,4.0,781,PPCA,True,7,0.016606157924289242
baltimore,25,0.5,250.0,4.0,781,PPCA,True,8,0.02516403739889697
baltimore,25,0.5,250.0,4.0,781,PPCA,True,9,0.02997633673191853
baltimore,25,0.5,250.0,4.0,781,PPCA,True,10,0.016546272888334716
baltimore,25,0.5,250.0,4.0,781,PPCA,True,11,0.024647655754819985
baltimore,25,0.5,250.0,4.0,781,PPCA,True,12,0.018711448521956046
baltimore,25,0.5,250.0,4.0,781,PPCA,True,13,0.03761471989406546
baltimore,25,0.5,250.0,4.0,781,PPCA,True,14,0.03796519638221236
baltimore,25,0.5,250.0,4.0,781,PPCA,True,15,0.03290105687670395
baltimore,25,0.5,250.0,4.0,781,PPCA,True,16,0.030330371511609017
baltimore,25,0.5,250.0,4.0,781,PPCA,True,17,0.03240027474995894
baltimore,25,0.5,250.0,4.0,781,PPCA,True,18,0.037750812672775205
baltimore,25,0.5,250.0,4.0,781,PPCA,True,19,0.03684109145073043
baltimore,25,0.5,250.0,4.0,781,PPCA,True,20,0.040528286604085355
baltimore,25,0.5,250.0,4.0,781,PPCA,True,21,0.041510161916888985
baltimore,25,0.5,250.0,4.0,781,PPCA,True,22,0.045485973375991647
baltimore,25,0.5,250.0,4.0,781,PPCA,True,23,0.04465915556742264
baltimore,25,0.5,250.0,4.0,781,PPCA,True,24,0.0366635942932964
baltimore,25,0.5,250.0,4.0,781,PPCA,True,25,0.04277569776337943
baltimore,25,0.5,250.0,4.0,781,PPCA,True,26,0.04451442872324085
baltimore,25,0.5,250.0,4.0,781,PPCA,True,27,0.03428708532360329
baltimore,25,0.5,250.0,4.0,781,PPCA,True,28,0.038909857282012045
baltimore,25,0.5,250.0,4.0,781,PPCA,True,29,0.043704796795278555
baltimore,25,0.5,250.0,4.0,781,PPCA,True,30,0.04712670198231723
baltimore,25,0.5,100000.0,0.01,617,rSC,False,1,0.003698055134272686
baltimore,25,0.5,100000.0,0.01,617,rSC,False,2,0.011471543480582512
baltimore,25,0.5,100000.0,0.01,617,rSC,False,3,0.007374123487731242
baltimore,25,0.5,100000.0,0.01,617,rSC,False,4,0.011849381467708203
baltimore,25,0.5,100000.0,0.01,617,rSC,False,5,0.001631066628390747
baltimore,25,0.5,100000.0,0.01,617,rSC,False,6,0.003699219689131594
baltimore,25,0.5,100000.0,0.01,617,rSC,False,7,0.00569556284427019
baltimore,25,0.5,100000.0,0.01,617,rSC,False,8,0.01647403119130376
baltimore,25,0.5,100000.0,0.01,617,rSC,False,9,0.017924788349140613
baltimore,25,0.5,100000.0,0.01,617,rSC,False,10,0.025922046200956755
baltimore,25,0.5,100000.0,0.01,617,rSC,False,11,0.026663228341470762
baltimore,25,0.5,100000.0,0.01,617,rSC,False,12,0.02115623174851434
baltimore,25,0.5,100000.0,0.01,617,rSC,False,13,0.020492904707611954
baltimore,25,0.5,100000.0,0.01,617,rSC,False,14,0.02074709433187443
baltimore,25,0.5,100000.0,0.01,617,rSC,False,15,0.034935302401137104
baltimore,25,0.5,100000.0,0.01,617,rSC,False,16,0.033897625066258014
baltimore,25,0.5,100000.0,0.01,617,rSC,False,17,0.027683579365551048
baltimore,25,0.5,100000.0,0.01,617,rSC,False,18,0.028749239355518638
baltimore,25,0.5,100000.0,0.01,617,rSC,False,19,0.02873112830108542
baltimore,25,0.5,100000.0,0.01,617,rSC,False,20,0.034104684510781566
baltimore,25,0.5,100000.0,0.01,617,rSC,False,21,0.03250770479433433
baltimore,25,0.5,100000.0,0.01,617,rSC,False,22,0.037905434494027966
baltimore,25,0.5,100000.0,0.01,617,rSC,False,23,0.02925251341816376
baltimore,25,0.5,100000.0,0.01,617,rSC,False,24,0.02371588159836708
baltimore,25,0.5,100000.0,0.01,617,rSC,False,25,0.02790101889251366
baltimore,25,0.5,100000.0,0.01,617,rSC,False,26,0.033107321385409144
baltimore,25,0.5,100000.0,0.01,617,rSC,False,27,0.028881947031620156
baltimore,25,0.5,100000.0,0.01,617,rSC,False,28,0.030189442802212203
baltimore,25,0.5,100000.0,0.01,617,rSC,False,29,0.030774094291378565
baltimore,25,0.5,100000.0,0.01,617,rSC,False,30,0.027035439740284852
baltimore,25,0.5,100000.0,0.01,617,rSC,True,1,0.003698055134272686
baltimore,25,0.5,100000.0,0.01,617,rSC,True,2,0.011471543480582512
baltimore,25,0.5,100000.0,0.01,617,rSC,True,3,0.007374123487731242
baltimore,25,0.5,100000.0,0.01,617,rSC,True,4,0.011849381467708203
baltimore,25,0.5,100000.0,0.01,617,rSC,True,5,0.001631066628390747
baltimore,25,0.5,100000.0,0.01,617,rSC,True,6,0.003699219689131594
baltimore,25,0.5,100000.0,0.01,617,rSC,True,7,0.00569556284427019
baltimore,25,0.5,100000.0,0.01,617,rSC,True,8,0.01647403119130376
baltimore,25,0.5,100000.0,0.01,617,rSC,True,9,0.017924788349140613
baltimore,25,0.5,100000.0,0.01,617,rSC,True,10,0.025922046200956755
baltimore,25,0.5,100000.0,0.01,617,rSC,True,11,0.026663228341470762
baltimore,25,0.5,100000.0,0.01,617,rSC,True,12,0.02115623174851434
baltimore,25,0.5,100000.0,0.01,617,rSC,True,13,0.020492904707611954
baltimore,25,0.5,100000.0,0.01,617,rSC,True,14,0.02074709433187443
baltimore,25,0.5,100000.0,0.01,617,rSC,True,15,0.034935302401137104
baltimore,25,0.5,100000.0,0.01,617,rSC,True,16,0.033897625066258014
baltimore,25,0.5,100000.0,0.01,617,rSC,True,17,0.027683579365551048
baltimore,25,0.5,100000.0,0.01,617,rSC,True,18,0.028749239355518638
baltimore,25,0.5,100000.0,0.01,617,rSC,True,19,0.02873112830108542
baltimore,25,0.5,100000.0,0.01,617,rSC,True,20,0.034104684510781566
baltimore,25,0.5,100000.0,0.01,617,rSC,True,21,0.03250770479433433
baltimore,25,0.5,100000.0,0.01,617,rSC,True,22,0.037905434494027966
baltimore,25,0.5,100000.0,0.01,617,rSC,True,23,0.02925251341816376
baltimore,25,0.5,100000.0,0.01,617,rSC,True,24,0.02371588159836708
baltimore,25,0.5,100000.0,0.01,617,rSC,True,25,0.02790101889251366
baltimore,25,0.5,100000.0,0.01,617,rSC,True,26,0.033107321385409144
baltimore,25,0.5,100000.0,0.01,617,rSC,True,27,0.028881947031620156
baltimore,25,0.5,100000.0,0.01,617,rSC,True,28,0.030189442802212203
baltimore,25,0.5,100000.0,0.01,617,rSC,True,29,0.030774094291378565
baltimore,25,0.5,100000.0,0.01,617,rSC,True,30,0.027035439740284852
baltimore,25,0.5,100000.0,0.01,617,GAP,False,1,0.0008644466145484205
baltimore,25,0.5,100000.0,0.01,617,GAP,False,2,0.005261512770355353
baltimore,25,0.5,100000.0,0.01,617,GAP,False,3,0.011398544794944378
baltimore,25,0.5,100000.0,0.01,617,GAP,False,4,0.008615006114931918
baltimore,25,0.5,100000.0,0.01,617,GAP,False,5,0.0057419659502443805
baltimore,25,0.5,100000.0,0.01,617,GAP,False,6,0.0019687291176500392
baltimore,25,0.5,100000.0,0.01,617,GAP,False,7,0.009706570865747596
baltimore,25,0.5,100000.0,0.01,617,GAP,False,8,0.002961185797128709
baltimore,25,0.5,100000.0,0.01,617,GAP,False,9,0.0013248075823634666
baltimore,25,0.5,100000.0,0.01,617,GAP,False,10,0.0193792579227853
baltimore,25,0.5,100000.0,0.01,617,GAP,False,11,0.020627898578277508
baltimore,25,0.5,100000.0,0.01,617,GAP,False,12,0.00816040523114424
baltimore,25,0.5,100000.0,0.01,617,GAP,False,13,0.014020270290070434
baltimore,25,0.5,100000.0,0.01,617,GAP,False,14,0.018615739547267956
baltimore,25,0.5,100000.0,0.01,617,GAP,False,15,0.017931723711593496
baltimore,25,0.5,100000.0,0.01,617,GAP,False,16,0.019794048118084915
baltimore,25,0.5,100000.0,0.01,617,GAP,False,17,0.011224379716658434
baltimore,25,0.5,100000.0,0.01,617,GAP,False,18,0.017490988278721743
baltimore,25,0.5,100000.0,0.01,617,GAP,False,19,0.01501783827998268
baltimore,25,0.5,100000.0,0.01,617,GAP,False,20,0.02407651709726041
baltimore,25,0.5,100000.0,0.01,617,GAP,False,21,0.014976959350901795
baltimore,25,0.5,100000.0,0.01,617,GAP,False,22,0.01497989373837111
baltimore,25,0.5,100000.0,0.01,617,GAP,False,23,0.02726969588183472
baltimore,25,0.5,100000.0,0.01,617,GAP,False,24,0.023712788625424572
baltimore,25,0.5,100000.0,0.01,617,GAP,False,25,0.028254628380600794
baltimore,25,0.5,100000.0,0.01,617,GAP,False,26,0.03743070008318861
baltimore,25,0.5,100000.0,0.01,617,GAP,False,27,0.028001065433617182
baltimore,25,0.5,100000.0,0.01,617,GAP,False,28,0.02638563626896401
baltimore,25,0.5,100000.0,0.01,617,GAP,False,29,0.030286947227872788
baltimore,25,0.5,100000.0,0.01,617,GAP,False,30,0.01598234220577022
baltimore,25,0.5,100000.0,0.01,617,GAP,True,1,0.000157944247052084
baltimore,25,0.5,100000.0,0.01,617,GAP,True,2,0.004301213107927696
baltimore,25,0.5,100000.0,0.01,617,GAP,True,3,0.008087944501484524
baltimore,25,0.5,100000.0,0.01,617,GAP,True,4,0.008823744667528484
baltimore,25,0.5,100000.0,0.01,617,GAP,True,5,0.0028340364922541036
baltimore,25,0.5,100000.0,0.01,617,GAP,True,6,0.0009308378912150075
baltimore,25,0.5,100000.0,0.01,617,GAP,True,7,0.009045240573061955
baltimore,25,0.5,100000.0,0.01,617,GAP,True,8,0.0012662666163190304
baltimore,25,0.5,100000.0,0.01,617,GAP,True,9,0.0010674566335179885
baltimore,25,0.5,100000.0,0.01,617,GAP,True,10,0.016267321175396046
baltimore,25,0.5,100000.0,0.01,617,GAP,True,11,0.01787701813320857
baltimore,25,0.5,100000.0,0.01,617,GAP,True,12,0.0053072236122727835
baltimore,25,0.5,100000.0,0.01,617,GAP,True,13,0.009524945061875671
baltimore,25,0.5,100000.0,0.01,617,GAP,True,14,0.013937313918015254
baltimore,25,0.5,100000.0,0.01,617,GAP,True,15,0.015238941109044014
baltimore,25,0.5,100000.0,0.01,617,GAP,True,16,0.014946593901811956
baltimore,25,0.5,100000.0,0.01,617,GAP,True,17,0.00775909114875825
baltimore,25,0.5,100000.0,0.01,617,GAP,True,18,0.014535111311029685
baltimore,25,0.5,100000.0,0.01,617,GAP,True,19,0.010159170411233015
baltimore,25,0.5,100000.0,0.01,617,GAP,True,20,0.02019187020495182
baltimore,25,0.5,100000.0,0.01,617,GAP,True,21,0.010312433758009056
baltimore,25,0.5,100000.0,0.01,617,GAP,True,22,0.009395451251622444
baltimore,25,0.5,100000.0,0.01,617,GAP,True,23,0.020091076276907607
baltimore,25,0.5,100000.0,0.01,617,GAP,True,24,0.01982223408349115
baltimore,25,0.5,100000.0,0.01,617,GAP,True,25,0.021135757704126353
baltimore,25,0.5,100000.0,0.01,617,GAP,True,26,0.028170620607022866
baltimore,25,0.5,100000.0,0.01,617,GAP,True,27,0.019329285025552603
baltimore,25,0.5,100000.0,0.01,617,GAP,True,28,0.018335676680704262
baltimore,25,0.5,100000.0,0.01,617,GAP,True,29,0.021827030378510776
baltimore,25,0.5,100000.0,0.01,617,GAP,True,30,0.00829773477465425
baltimore,25,0.5,100000.0,0.01,617,PPCA,False,1,0.018146388657495485
baltimore,25,0.5,100000.0,0.01,617,PPCA,False,2,0.02569316999506167
baltimore,25,0.5,100000.0,0.01,617,PPCA,False,3,0.01907146739658875
baltimore,25,0.5,100000.0,0.01,617,PPCA,False,4,0.02834206121813041
baltimore,25,0.5,100000.0,0.01,617,PPCA,False,5,0.02149774972003166
baltimore,25,0.5,100000.0,0.01,617,PPCA,False,6,0.02327295828944924
baltimore,25,0.5,100000.0,0.01,617,PPCA,False,7,0.027723175437228045
baltimore,25,0.5,100000.0,0.01,617,PPCA,False,8,0.04022436010219695
baltimore,25,0.5,100000.0,0.01,617,PPCA,False,9,0.03976822380226064
baltimore,25,0.5,100000.0,0.01,617,PPCA,False,10,0.04804941795462755
baltimore,25,0.5,100000.0,0.01,617,PPCA,False,11,0.05877583173094514
baltimore,25,0.5,100000.0,0.01,617,PPCA,False,12,0.05124285078329205
baltimore,25,0.5,100000.0,0.01,617,PPCA,False,13,0.05152156191528317
baltimore,25,0.5,100000.0,0.01,617,PPCA,False,14,0.061832764239490516
baltimore,25,0.5,100000.0,0.01,617,PPCA,False,15,0.07366933193485072
baltimore,25,0.5,100000.0,0.01,617,PPCA,False,16,0.07525443537259636
baltimore,25,0.5,100000.0,0.01,617,PPCA,False,17,0.06758518813639214
baltimore,25,0.5,100000.0,0.01,617,PPCA,False,18,0.07727752735979865
baltimore,25,0.5,100000.0,0.01,617,PPCA,False,19,0.0748140972806219
baltimore,25,0.5,100000.0,0.01,617,PPCA,False,20,0.0812713385891457
baltimore,25,0.5,100000.0,0.01,617,PPCA,False,21,0.0910451529127444
baltimore,25,0.5,100000.0,0.01,617,PPCA,False,22,0.10504412989415327
baltimore,25,0.5,100000.0,0.01,617,PPCA,False,23,0.09804689859316053
baltimore,25,0.5,100000.0,0.01,617,PPCA,False,24,0.09025548586328654
baltimore,25,0.5,100000.0,0.01,617,PPCA,False,25,0.09920569438224362
baltimore,25,0.5,100000.0,0.01,617,PPCA,False,26,0.1036353941761776
baltimore,25,0.5,100000.0,0.01,617,PPCA,False,27,0.10891605740996914
baltimore,25,0.5,100000.0,0.01,617,PPCA,False,28,0.10764259676331435
baltimore,25,0.5,100000.0,0.01,617,PPCA,False,29,0.10725967179706378
baltimore,25,0.5,100000.0,0.01,617,PPCA,False,30,0.11118758670364243
baltimore,25,0.5,100000.0,0.01,617,PPCA,True,1,0.0012141026221563973
baltimore,25,0.5,100000.0,0.01,617,PPCA,True,2,0.007187990518225432
baltimore,25,0.5,100000.0,0.01,617,PPCA,True,3,0.0008145016043078266
baltimore,25,0.5,100000.0,0.01,617,PPCA,True,4,0.008283774069254055
baltimore,25,0.5,100000.0,0.01,617,PPCA,True,5,0.002400290648800265
baltimore,25,0.5,100000.0,0.01,617,PPCA,True,6,0.003914639844633763
baltimore,25,0.5,100000.0,0.01,617,PPCA,True,7,0.0035046672121187795
baltimore,25,0.5,100000.0,0.01,617,PPCA,True,8,0.016825207266329165
baltimore,25,0.5,100000.0,0.01,617,PPCA,True,9,0.017058685527264507
baltimore,25,0.5,100000.0,0.01,617,PPCA,True,10,0.02024674769572676
baltimore,25,0.5,100000.0,0.01,617,PPCA,True,11,0.031246095724591003
baltimore,25,0.5,100000.0,0.01,617,PPCA,True,12,0.020807580459698122
baltimore,25,0.5,100000.0,0.01,617,PPCA,True,13,0.022620558443276127
baltimore,25,0.5,100000.0,0.01,617,PPCA,True,14,0.023056235621230502
baltimore,25,0.5,100000.0,0.01,617,PPCA,True,15,0.0394167540040326
baltimore,25,0.5,100000.0,0.01,617,PPCA,True,16,0.0392742154547227
baltimore,25,0.5,100000.0,0.01,617,PPCA,True,17,0.03359342583451888
baltimore,25,0.5,100000.0,0.01,617,PPCA,True,18,0.03842414079973031
baltimore,25,0.5,100000.0,0.01,617,PPCA,True,19,0.03421320076661704
baltimore,25,0.5,100000.0,0.01,617,PPCA,True,20,0.04010943748213652
baltimore,25,0.5,100000.0,0.01,617,PPCA,True,21,0.04600612824399181
baltimore,25,0.5,100000.0,0.01,617,PPCA,True,22,0.05469570859432261
baltimore,25,0.5,100000.0,0.01,617,PPCA,True,23,0.04732723757921558
baltimore,25,0.5,100000.0,0.01,617,PPCA,True,24,0.039946873986066785
baltimore,25,0.5,100000.0,0.01,617,PPCA,True,25,0.04528324411122396
baltimore,25,0.5,100000.0,0.01,617,PPCA,True,26,0.048323551686461505
baltimore,25,0.5,100000.0,0.01,617,PPCA,True,27,0.05141804252740173
baltimore,25,0.5,100000.0,0.01,617,PPCA,True,28,0.0505346333783446
baltimore,25,0.5,100000.0,0.01,617,PPCA,True,29,0.04590930084899655
baltimore,25,0.5,100000.0,0.01,617,PPCA,True,30,0.05329858043770974
baltimore,25,0.5,100000.0,0.01,781,rSC,False,1,0.019006633113766238
baltimore,25,0.5,100000.0,0.01,781,rSC,False,2,0.020993421548557097
baltimore,25,0.5,100000.0,0.01,781,rSC,False,3,0.007804464521257036
baltimore,25,0.5,100000.0,0.01,781,rSC,False,4,0.018424496274964855
baltimore,25,0.5,100000.0,0.01,781,rSC,False,5,0.02544493858601228
baltimore,25,0.5,100000.0,0.01,781,rSC,False,6,0.036454928321823295
baltimore,25,0.5,100000.0,0.01,781,rSC,False,7,0.032820092645470464
baltimore,25,0.5,100000.0,0.01,781,rSC,False,8,0.03748723598031541
baltimore,25,0.5,100000.0,0.01,781,rSC,False,9,0.03901371724160057
baltimore,25,0.5,100000.0,0.01,781,rSC,False,10,0.03204001300044957
baltimore,25,0.5,100000.0,0.01,781,rSC,False,11,0.042502089585509904
baltimore,25,0.5,100000.0,0.01,781,rSC,False,12,0.03897947242439965
baltimore,25,0.5,100000.0,0.01,781,rSC,False,13,0.06579236467996735
baltimore,25,0.5,100000.0,0.01,781,rSC,False,14,0.06091823698065367
baltimore,25,0.5,100000.0,0.01,781,rSC,False,15,0.05420124116135728
baltimore,25,0.5,100000.0,0.01,781,rSC,False,16,0.05360751678446916
baltimore,25,0.5,100000.0,0.01,781,rSC,False,17,0.060571703490862105
baltimore,25,0.5,100000.0,0.01,781,rSC,False,18,0.07093017561183056
baltimore,25,0.5,100000.0,0.01,781,rSC,False,19,0.0817156711683681
baltimore,25,0.5,100000.0,0.01,781,rSC,False,20,0.06835120443882553
baltimore,25,0.5,100000.0,0.01,781,rSC,False,21,0.07550068543369234
baltimore,25,0.5,100000.0,0.01,781,rSC,False,22,0.08524913609880379
baltimore,25,0.5,100000.0,0.01,781,rSC,False,23,0.09424789663458963
baltimore,25,0.5,100000.0,0.01,781,rSC,False,24,0.09094487641217676
baltimore,25,0.5,100000.0,0.01,781,rSC,False,25,0.0966806288329593
baltimore,25,0.5,100000.0,0.01,781,rSC,False,26,0.09888617686866429
baltimore,25,0.5,100000.0,0.01,781,rSC,False,27,0.08677418370699792
baltimore,25,0.5,100000.0,0.01,781,rSC,False,28,0.07820486064028158
baltimore,25,0.5,100000.0,0.01,781,rSC,False,29,0.08782158280277486
baltimore,25,0.5,100000.0,0.01,781,rSC,False,30,0.0944373315082485
baltimore,25,0.5,100000.0,0.01,781,rSC,True,1,0.019006633113766238
baltimore,25,0.5,100000.0,0.01,781,rSC,True,2,0.020993421548557097
baltimore,25,0.5,100000.0,0.01,781,rSC,True,3,0.007804464521257036
baltimore,25,0.5,100000.0,0.01,781,rSC,True,4,0.018424496274964855
baltimore,25,0.5,100000.0,0.01,781,rSC,True,5,0.02544493858601228
baltimore,25,0.5,100000.0,0.01,781,rSC,True,6,0.036454928321823295
baltimore,25,0.5,100000.0,0.01,781,rSC,True,7,0.032820092645470464
baltimore,25,0.5,100000.0,0.01,781,rSC,True,8,0.03748723598031541
baltimore,25,0.5,100000.0,0.01,781,rSC,True,9,0.03901371724160057
baltimore,25,0.5,100000.0,0.01,781,rSC,True,10,0.03204001300044957
baltimore,25,0.5,100000.0,0.01,781,rSC,True,11,0.042502089585509904
baltimore,25,0.5,100000.0,0.01,781,rSC,True,12,0.03897947242439965
baltimore,25,0.5,100000.0,0.01,781,rSC,True,13,0.06579236467996735
baltimore,25,0.5,100000.0,0.01,781,rSC,True,14,0.06091823698065367
baltimore,25,0.5,100000.0,0.01,781,rSC,True,15,0.05420124116135728
baltimore,25,0.5,100000.0,0.01,781,rSC,True,16,0.05360751678446916
baltimore,25,0.5,100000.0,0.01,781,rSC,True,17,0.060571703490862105
baltimore,25,0.5,100000.0,0.01,781,rSC,True,18,0.07093017561183056
baltimore,25,0.5,100000.0,0.01,781,rSC,True,19,0.0817156711683681
baltimore,25,0.5,100000.0,0.01,781,rSC,True,20,0.06835120443882553
baltimore,25,0.5,100000.0,0.01,781,rSC,True,21,0.07550068543369234
baltimore,25,0.5,100000.0,0.01,781,rSC,True,22,0.08524913609880379
baltimore,25,0.5,100000.0,0.01,781,rSC,True,23,0.09424789663458963
baltimore,25,0.5,100000.0,0.01,781,rSC,True,24,0.09094487641217676
baltimore,25,0.5,100000.0,0.01,781,rSC,True,25,0.0966806288329593
baltimore,25,0.5,100000.0,0.01,781,rSC,True,26,0.09888617686866429
baltimore,25,0.5,100000.0,0.01,781,rSC,True,27,0.08677418370699792
baltimore,25,0.5,100000.0,0.01,781,rSC,True,28,0.07820486064028158
baltimore,25,0.5,100000.0,0.01,781,rSC,True,29,0.08782158280277486
baltimore,25,0.5,100000.0,0.01,781,rSC,True,30,0.0944373315082485
baltimore,25,0.5,100000.0,0.01,781,GAP,False,1,0.0002514681476592473
baltimore,25,0.5,100000.0,0.01,781,GAP,False,2,0.0015941689371832325
baltimore,25,0.5,100000.0,0.01,781,GAP,False,3,0.014768336339208796
baltimore,25,0.5,100000.0,0.01,781,GAP,False,4,0.004805772703426995
baltimore,25,0.5,100000.0,0.01,781,GAP,False,5,0.006691856454564033
baltimore,25,0.5,100000.0,0.01,781,GAP,False,6,0.009440580304744973
baltimore,25,0.5,100000.0,0.01,781,GAP,False,7,0.002479400846238332
baltimore,25,0.5,100000.0,0.01,781,GAP,False,8,0.01152985767293892
baltimore,25,0.5,100000.0,0.01,781,GAP,False,9,0.00738553651761467
baltimore,25,0.5,100000.0,0.01,781,GAP,False,10,0.007795172755689773
baltimore,25,0.5,100000.0,0.01,781,GAP,False,11,0.012868225596117437
baltimore,25,0.5,100000.0,0.01,781,GAP,False,12,0.006545732458116111
baltimore,25,0.5,100000.0,0.01,781,GAP,False,13,0.009653726582543326
baltimore,25,0.5,100000.0,0.01,781,GAP,False,14,0.009059318902035212
baltimore,25,0.5,100000.0,0.01,781,GAP,False,15,0.014115389477148141
baltimore,25,0.5,100000.0,0.01,781,GAP,False,16,0.017865971166555222
baltimore,25,0.5,100000.0,0.01,781,GAP,False,17,0.0014229609286541126
baltimore,25,0.5,100000.0,0.01,781,GAP,False,18,0.0026024187101588267
baltimore,25,0.5,100000.0,0.01,781,GAP,False,19,0.0044341590057669555
baltimore,25,0.5,100000.0,0.01,781,GAP,False,20,0.0011728320755978242
baltimore,25,0.5,100000.0,0.01,781,GAP,False,21,0.017024457767145628
baltimore,25,0.5,100000.0,0.01,781,GAP,False,22,0.015470706163793048
baltimore,25,0.5,100000.0,0.01,781,GAP,False,23,0.01056006216034084
baltimore,25,0.5,100000.0,0.01,781,GAP,False,24,0.012315411487674037
baltimore,25,0.5,100000.0,0.01,781,GAP,False,25,0.00912221765221648
baltimore,25,0.5,100000.0,0.01,781,GAP,False,26,0.015965732089753444
baltimore,25,0.5,100000.0,0.01,781,GAP,False,27,0.013861241607463924
baltimore,25,0.5,100000.0,0.01,781,GAP,False,28,0.020457502440029862
baltimore,25,0.5,100000.0,0.01,781,GAP,False,29,0.013540923047361422
baltimore,25,0.5,100000.0,0.01,781,GAP,False,30,0.018254934699513062
baltimore,25,0.5,100000.0,0.01,781,GAP,True,1,0.002830623250878522
baltimore,25,0.5,100000.0,0.01,781,GAP,True,2,0.001420992155683287
baltimore,25,0.5,100000.0,0.01,781,GAP,True,3,0.012696483799123645
baltimore,25,0.5,100000.0,0.01,781,GAP,True,4,0.0011325714386630984
baltimore,25,0.5,100000.0,0.01,781,GAP,True,5,0.00033275452415369705
baltimore,25,0.5,100000.0,0.01,781,GAP,True,6,0.0055236041168282785
baltimore,25,0.5,100000.0,0.01,781,GAP,True,7,0.006840297285202497
baltimore,25,0.5,100000.0,0.01,781,GAP,True,8,0.005177881240808838
baltimore,25,0.5,100000.0,0.01,781,GAP,True,9,0.008144492154789315
baltimore,25,0.5,100000.0,0.01,781,GAP,True,10,0.0025276004535505774
baltimore,25,0.5,100000.0,0.01,781,GAP,True,11,0.0030637657984442014
baltimore,25,0.5,100000.0,0.01,781,GAP,True,12,0.011390108725764996
baltimore,25,0.5,100000.0,0.01,781,GAP,True,13,0.011843635490998044
baltimore,25,0.5,100000.0,0.01,781,GAP,True,14,0.0023702506644462016
baltimore,25,0.5,100000.0,0.01,781,GAP,True,15,0.0006647285663076495
baltimore,25,0.5,100000.0,0.01,781,GAP,True,16,0.0038743939801306484
baltimore,25,0.5,100000.0,0.01,781,GAP,True,17,0.009806745071498915
baltimore,25,0.5,100000.0,0.01,781,GAP,True,18,0.012320797316672353
baltimore,25,0.5,100000.0,0.01,781,GAP,True,19,0.005295080289798112
baltimore,25,0.5,100000.0,0.01,781,GAP,True,20,0.01265537198638632
baltimore,25,0.5,100000.0,0.01,781,GAP,True,21,0.0009143050590392031
baltimore,25,0.5,100000.0,0.01,781,GAP,True,22,0.00028693951246753574
baltimore,25,0.5,100000.0,0.01,781,GAP,True,23,0.0056336637678891565
baltimore,25,0.5,100000.0,0.01,781,GAP,True,24,0.005975314449787011
baltimore,25,0.5,100000.0,0.01,781,GAP,True,25,0.008224857133289519
baltimore,25,0.5,100000.0,0.01,781,GAP,True,26,0.004629442751329049
baltimore,25,0.5,100000.0,0.01,781,GAP,True,27,0.007145482871210922
baltimore,25,0.5,100000.0,0.01,781,GAP,True,28,0.004478590647189403
baltimore,25,0.5,100000.0,0.01,781,GAP,True,29,0.012784824187430507
baltimore,25,0.5,100000.0,0.01,781,GAP,True,30,0.00830586028137713
baltimore,25,0.5,100000.0,0.01,781,PPCA,False,1,0.015209233915141123
baltimore,25,0.5,100000.0,0.01,781,PPCA,False,2,0.021341363235173466
baltimore,25,0.5,100000.0,0.01,781,PPCA,False,3,0.014030168419108079
baltimore,25,0.5,100000.0,0.01,781,PPCA,False,4,0.029652887695371877
baltimore,25,0.5,100000.0,0.01,781,PPCA,False,5,0.026024445093902046
baltimore,25,0.5,100000.0,0.01,781,PPCA,False,6,0.029082652295966016
baltimore,25,0.5,100000.0,0.01,781,PPCA,False,7,0.034757632372070024
baltimore,25,0.5,100000.0,0.01,781,PPCA,False,8,0.046061900074419744
baltimore,25,0.5,100000.0,0.01,781,PPCA,False,9,0.05050739727092206
baltimore,25,0.5,100000.0,0.01,781,PPCA,False,10,0.04009269277393601
baltimore,25,0.5,100000.0,0.01,781,PPCA,False,11,0.04705794273462959
baltimore,25,0.5,100000.0,0.01,781,PPCA,False,12,0.044986078410253365
baltimore,25,0.5,100000.0,0.01,781,PPCA,False,13,0.06417876948549908
baltimore,25,0.5,100000.0,0.01,781,PPCA,False,14,0.06848469729924926
baltimore,25,0.5,100000.0,0.01,781,PPCA,False,15,0.06484194179112261
baltimore,25,0.5,100000.0,0.01,781,PPCA,False,16,0.06449001183733448
baltimore,25,0.5,100000.0,0.01,781,PPCA,False,17,0.06716112165013155
baltimore,25,0.5,100000.0,0.01,781,PPCA,False,18,0.07473669933170822
baltimore,25,0.5,100000.0,0.01,781,PPCA,False,19,0.07612790167752888
baltimore,25,0.5,100000.0,0.01,781,PPCA,False,20,0.08346692904693881
baltimore,25,0.5,100000.0,0.01,781,PPCA,False,21,0.08875157295169538
baltimore,25,0.5,100000.0,0.01,781,PPCA,False,22,0.09437461370504409
baltimore,25,0.5,100000.0,0.01,781,PPCA,False,23,0.09712360320019361
baltimore,25,0.5,100000.0,0.01,781,PPCA,False,24,0.09117558134503011
baltimore,25,0.5,100000.0,0.01,781,PPCA,False,25,0.09973264306691716
baltimore,25,0.5,100000.0,0.01,781,PPCA,False,26,0.1049832708482298
baltimore,25,0.5,100000.0,0.01,781,PPCA,False,27,0.09640069933685934
baltimore,25,0.5,100000.0,0.01,781,PPCA,False,28,0.10305085219556703
baltimore,25,0.5,100000.0,0.01,781,PPCA,False,29,0.10670147322085392
baltimore,25,0.5,100000.0,0.01,781,PPCA,False,30,0.11360612805084738
baltimore,25,0.5,100000.0,0.01,781,PPCA,True,1,0.0005228963195593634
baltimore,25,0.5,100000.0,0.01,781,PPCA,True,2,0.006844412832996212
baltimore,25,0.5,100000.0,0.01,781,PPCA,True,3,0.0006706193789093649
baltimore,25,0.5,100000.0,0.01,781,PPCA,True,4,0.01421151550660406
baltimore,25,0.5,100000.0,0.01,781,PPCA,True,5,0.008177838162534718
baltimore,25,0.5,100000.0,0.01,781,PPCA,True,6,0.01624115844812427
baltimore,25,0.5,100000.0,0.01,781,PPCA,True,7,0.01737313918282666
baltimore,25,0.5,100000.0,0.01,781,PPCA,True,8,0.025915846974331455
baltimore,25,0.5,100000.0,0.01,781,PPCA,True,9,0.03068747895082989
baltimore,25,0.5,100000.0,0.01,781,PPCA,True,10,0.017502002138578058
baltimore,25,0.5,100000.0,0.01,781,PPCA,True,11,0.025752699966686332
baltimore,25,0.5,100000.0,0.01,781,PPCA,True,12,0.01992260607545459
baltimore,25,0.5,100000.0,0.01,781,PPCA,True,13,0.03874381822213402
baltimore,25,0.5,100000.0,0.01,781,PPCA,True,14,0.03961776902407715
baltimore,25,0.5,100000.0,0.01,781,PPCA,True,15,0.03479607029547795
baltimore,25,0.5,100000.0,0.01,781,PPCA,True,16,0.03222658661080663
baltimore,25,0.5,100000.0,0.01,781,PPCA,True,17,0.034366686861238525
baltimore,25,0.5,100000.0,0.01,781,PPCA,True,18,0.03997018480023512
baltimore,25,0.5,100000.0,0.01,781,PPCA,True,19,0.039227688917046186
baltimore,25,0.5,100000.0,0.01,781,PPCA,True,20,0.04308296145859823
baltimore,25,0.5,100000.0,0.01,781,PPCA,True,21,0.04429849051896225
baltimore,25,0.5,100000.0,0.01,781,PPCA,True,22,0.048435444805516155
baltimore,25,0.5,100000.0,0.01,781,PPCA,True,23,0.04781354081101256
baltimore,25,0.5,100000.0,0.01,781,PPCA,True,24,0.04009011296301438
baltimore,25,0.5,100000.0,0.01,781,PPCA,True,25,0.04628050043849757
baltimore,25,0.5,100000.0,0.01,781,PPCA,True,26,0.04827387725911751
baltimore,25,0.5,100000.0,0.01,781,PPCA,True,27,0.03817144093696566
baltimore,25,0.5,100000.0,0.01,781,PPCA,True,28,0.04298544497508851
baltimore,25,0.5,100000.0,0.01,781,PPCA,True,29,0.048096396570981935
baltimore,25,0.5,100000.0,0.01,781,PPCA,True,30,0.05166552443264336
baltimore,25,1.0,250.0,4.0,617,rSC,False,1,0.0012793102734665253
baltimore,25,1.0,250.0,4.0,617,rSC,False,2,0.003890897421546479
baltimore,25,1.0,250.0,4.0,617,rSC,False,3,0.006212698034486728
baltimore,25,1.0,250.0,4.0,617,rSC,False,4,0.007662700042381566
baltimore,25,1.0,250.0,4.0,617,rSC,False,5,0.017766347702088542
baltimore,25,1.0,250.0,4.0,617,rSC,False,6,0.01362090085831711
baltimore,25,1.0,250.0,4.0,617,rSC,False,7,0.002744153394225934
baltimore,25,1.0,250.0,4.0,617,rSC,False,8,0.024773541061810872
baltimore,25,1.0,250.0,4.0,617,rSC,False,9,0.01021702320953432
baltimore,25,1.0,250.0,4.0,617,rSC,False,10,0.022288425462079646
baltimore,25,1.0,250.0,4.0,617,rSC,False,11,0.02722311728636071
baltimore,25,1.0,250.0,4.0,617,rSC,False,12,0.01821581132626759
baltimore,25,1.0,250.0,4.0,617,rSC,False,13,0.012104316567511738
baltimore,25,1.0,250.0,4.0,617,rSC,False,14,0.02628672453147264
baltimore,25,1.0,250.0,4.0,617,rSC,False,15,0.020306010821976906
baltimore,25,1.0,250.0,4.0,617,rSC,False,16,0.02580442901515204
baltimore,25,1.0,250.0,4.0,617,rSC,False,17,0.003328593714882828
baltimore,25,1.0,250.0,4.0,617,rSC,False,18,0.005575427617465719
baltimore,25,1.0,250.0,4.0,617,rSC,False,19,0.008927095049367409
baltimore,25,1.0,250.0,4.0,617,rSC,False,20,0.02474571964543147
baltimore,25,1.0,250.0,4.0,617,rSC,False,21,0.008570042465020805
baltimore,25,1.0,250.0,4.0,617,rSC,False,22,0.014306718295255419
baltimore,25,1.0,250.0,4.0,617,rSC,False,23,0.01713380429848095
baltimore,25,1.0,250.0,4.0,617,rSC,False,24,0.002705906648269472
baltimore,25,1.0,250.0,4.0,617,rSC,False,25,0.018211842477399376
baltimore,25,1.0,250.0,4.0,617,rSC,False,26,0.0026768068842152036
baltimore,25,1.0,250.0,4.0,617,rSC,False,27,0.008418768351206049
baltimore,25,1.0,250.0,4.0,617,rSC,False,28,0.0058830998634397105
baltimore,25,1.0,250.0,4.0,617,rSC,False,29,0.0031261160500580284
baltimore,25,1.0,250.0,4.0,617,rSC,False,30,0.007599199332145461
baltimore,25,1.0,250.0,4.0,617,rSC,True,1,0.0012793102734665253
baltimore,25,1.0,250.0,4.0,617,rSC,True,2,0.003890897421546479
baltimore,25,1.0,250.0,4.0,617,rSC,True,3,0.006212698034486728
baltimore,25,1.0,250.0,4.0,617,rSC,True,4,0.007662700042381566
baltimore,25,1.0,250.0,4.0,617,rSC,True,5,0.017766347702088542
baltimore,25,1.0,250.0,4.0,617,rSC,True,6,0.01362090085831711
baltimore,25,1.0,250.0,4.0,617,rSC,True,7,0.002744153394225934
baltimore,25,1.0,250.0,4.0,617,rSC,True,8,0.024773541061810872
baltimore,25,1.0,250.0,4.0,617,rSC,True,9,0.01021702320953432
baltimore,25,1.0,250.0,4.0,617,rSC,True,10,0.022288425462079646
baltimore,25,1.0,250.0,4.0,617,rSC,True,11,0.02722311728636071
baltimore,25,1.0,250.0,4.0,617,rSC,True,12,0.01821581132626759
baltimore,25,1.0,250.0,4.0,617,rSC,True,13,0.012104316567511738
baltimore,25,1.0,250.0,4.0,617,rSC,True,14,0.02628672453147264
baltimore,25,1.0,250.0,4.0,617,rSC,True,15,0.020306010821976906
baltimore,25,1.0,250.0,4.0,617,rSC,True,16,0.02580442901515204
baltimore,25,1.0,250.0,4.0,617,rSC,True,17,0.003328593714882828
baltimore,25,1.0,250.0,4.0,617,rSC,True,18,0.005575427617465719
baltimore,25,1.0,250.0,4.0,617,rSC,True,19,0.008927095049367409
baltimore,25,1.0,250.0,4.0,617,rSC,True,20,0.02474571964543147
baltimore,25,1.0,250.0,4.0,617,rSC,True,21,0.008570042465020805
baltimore,25,1.0,250.0,4.0,617,rSC,True,22,0.014306718295255419
baltimore,25,1.0,250.0,4.0,617,rSC,True,23,0.01713380429848095
baltimore,25,1.0,250.0,4.0,617,rSC,True,24,0.002705906648269472
baltimore,25,1.0,250.0,4.0,617,rSC,True,25,0.018211842477399376
baltimore,25,1.0,250.0,4.0,617,rSC,True,26,0.0026768068842152036
baltimore,25,1.0,250.0,4.0,617,rSC,True,27,0.008418768351206049
baltimore,25,1.0,250.0,4.0,617,rSC,True,28,0.0058830998634397105
baltimore,25,1.0,250.0,4.0,617,rSC,True,29,0.0031261160500580284
baltimore,25,1.0,250.0,4.0,617,rSC,True,30,0.007599199332145461
baltimore,25,1.0,250.0,4.0,617,GAP,False,1,0.002525439818931664
baltimore,25,1.0,250.0,4.0,617,GAP,False,2,0.0028993562722355033
baltimore,25,1.0,250.0,4.0,617,GAP,False,3,0.0005684865822331544
baltimore,25,1.0,250.0,4.0,617,GAP,False,4,0.016728422923421384
baltimore,25,1.0,250.0,4.0,617,GAP,False,5,0.023073218471004023
baltimore,25,1.0,250.0,4.0,617,GAP,False,6,0.020977647145022135
baltimore,25,1.0,250.0,4.0,617,GAP,False,7,0.03235687880048069
baltimore,25,1.0,250.0,4.0,617,GAP,False,8,0.02879973101099895
baltimore,25,1.0,250.0,4.0,617,GAP,False,9,0.04305484769432193
baltimore,25,1.0,250.0,4.0,617,GAP,False,10,0.043192492367382734
baltimore,25,1.0,250.0,4.0,617,GAP,False,11,0.056299343870224214
baltimore,25,1.0,250.0,4.0,617,GAP,False,12,0.049673269506907654
baltimore,25,1.0,250.0,4.0,617,GAP,False,13,0.07095632533436075
baltimore,25,1.0,250.0,4.0,617,GAP,False,14,0.07672462932247322
baltimore,25,1.0,250.0,4.0,617,GAP,False,15,0.08233838518551383
baltimore,25,1.0,250.0,4.0,617,GAP,False,16,0.08383769947289331
baltimore,25,1.0,250.0,4.0,617,GAP,False,17,0.08813393406776335
baltimore,25,1.0,250.0,4.0,617,GAP,False,18,0.10275875749222932
baltimore,25,1.0,250.0,4.0,617,GAP,False,19,0.10064513654663318
baltimore,25,1.0,250.0,4.0,617,GAP,False,20,0.10689676477475658
baltimore,25,1.0,250.0,4.0,617,GAP,False,21,0.1288059210788682
baltimore,25,1.0,250.0,4.0,617,GAP,False,22,0.14281984212265497
baltimore,25,1.0,250.0,4.0,617,GAP,False,23,0.13554994475303483
baltimore,25,1.0,250.0,4.0,617,GAP,False,24,0.14639360058667117
baltimore,25,1.0,250.0,4.0,617,GAP,False,25,0.15054831908197974
baltimore,25,1.0,250.0,4.0,617,GAP,False,26,0.17850592140771343
baltimore,25,1.0,250.0,4.0,617,GAP,False,27,0.1761701104637376
baltimore,25,1.0,250.0,4.0,617,GAP,False,28,0.1792861026768341
baltimore,25,1.0,250.0,4.0,617,GAP,False,29,0.19013715820603147
baltimore,25,1.0,250.0,4.0,617,GAP,False,30,0.19341417018681775
baltimore,25,1.0,250.0,4.0,617,GAP,True,1,0.0008561811338476589
baltimore,25,1.0,250.0,4.0,617,GAP,True,2,0.0024520071154456678
baltimore,25,1.0,250.0,4.0,617,GAP,True,3,0.0005431739243990319
baltimore,25,1.0,250.0,4.0,617,GAP,True,4,0.018125060011275895
baltimore,25,1.0,250.0,4.0,617,GAP,True,5,0.023811658692239068
baltimore,25,1.0,250.0,4.0,617,GAP,True,6,0.020695089185390775
baltimore,25,1.0,250.0,4.0,617,GAP,True,7,0.03181481854190349
baltimore,25,1.0,250.0,4.0,617,GAP,True,8,0.028765520368836416
baltimore,25,1.0,250.0,4.0,617,GAP,True,9,0.04110646562016409
baltimore,25,1.0,250.0,4.0,617,GAP,True,10,0.04702915727303001
baltimore,25,1.0,250.0,4.0,617,GAP,True,11,0.05957928941836532
baltimore,25,1.0,250.0,4.0,617,GAP,True,12,0.05489619784272939
baltimore,25,1.0,250.0,4.0,617,GAP,True,13,0.07293480910478477
baltimore,25,1.0,250.0,4.0,617,GAP,True,14,0.07986448480983395
baltimore,25,1.0,250.0,4.0,617,GAP,True,15,0.08405770819968482
baltimore,25,1.0,250.0,4.0,617,GAP,True,16,0.08759236031928423
baltimore,25,1.0,250.0,4.0,617,GAP,True,17,0.09061219726306811
baltimore,25,1.0,250.0,4.0,617,GAP,True,18,0.10752571723115167
baltimore,25,1.0,250.0,4.0,617,GAP,True,19,0.10706856170056996
baltimore,25,1.0,250.0,4.0,617,GAP,True,20,0.11350576241971808
baltimore,25,1.0,250.0,4.0,617,GAP,True,21,0.13474637646882973
baltimore,25,1.0,250.0,4.0,617,GAP,True,22,0.1507721390586426
baltimore,25,1.0,250.0,4.0,617,GAP,True,23,0.14191648583061817
baltimore,25,1.0,250.0,4.0,617,GAP,True,24,0.15612269176104104
baltimore,25,1.0,250.0,4.0,617,GAP,True,25,0.15812067870326463
baltimore,25,1.0,250.0,4.0,617,GAP,True,26,0.18724128147288713
baltimore,25,1.0,250.0,4.0,617,GAP,True,27,0.18440454270722056
baltimore,25,1.0,250.0,4.0,617,GAP,True,28,0.1888476804430623
baltimore,25,1.0,250.0,4.0,617,GAP,True,29,0.20131362979633813
baltimore,25,1.0,250.0,4.0,617,GAP,True,30,0.2046134113930576
baltimore,25,1.0,250.0,4.0,617,PPCA,False,1,0.010609912330611898
baltimore,25,1.0,250.0,4.0,617,PPCA,False,2,0.022903456080255066
baltimore,25,1.0,250.0,4.0,617,PPCA,False,3,0.023254997045461093
baltimore,25,1.0,250.0,4.0,617,PPCA,False,4,0.021050141656094784
baltimore,25,1.0,250.0,4.0,617,PPCA,False,5,0.03487084473597035
baltimore,25,1.0,250.0,4.0,617,PPCA,False,6,0.03093076065278725
baltimore,25,1.0,250.0,4.0,617,PPCA,False,7,0.020239208292421536
baltimore,25,1.0,250.0,4.0,617,PPCA,False,8,0.05352256968084311
baltimore,25,1.0,250.0,4.0,617,PPCA,False,9,0.03598406141785881
baltimore,25,1.0,250.0,4.0,617,PPCA,False,10,0.05434831836411484
baltimore,25,1.0,250.0,4.0,617,PPCA,False,11,0.06565831382041735
baltimore,25,1.0,250.0,4.0,617,PPCA,False,12,0.05418921041529567
baltimore,25,1.0,250.0,4.0,617,PPCA,False,13,0.05237827184827111
baltimore,25,1.0,250.0,4.0,617,PPCA,False,14,0.0717077529907618
baltimore,25,1.0,250.0,4.0,617,PPCA,False,15,0.06921848964153542
baltimore,25,1.0,250.0,4.0,617,PPCA,False,16,0.07366059391479754
baltimore,25,1.0,250.0,4.0,617,PPCA,False,17,0.05994871256570213
baltimore,25,1.0,250.0,4.0,617,PPCA,False,18,0.07371132514357973
baltimore,25,1.0,250.0,4.0,617,PPCA,False,19,0.07543629360020616
baltimore,25,1.0,250.0,4.0,617,PPCA,False,20,0.09180897204116328
baltimore,25,1.0,250.0,4.0,617,PPCA,False,21,0.08041360046975929
baltimore,25,1.0,250.0,4.0,617,PPCA,False,22,0.10719336285002876
baltimore,25,1.0,250.0,4.0,617,PPCA,False,23,0.1007619907259072
baltimore,25,1.0,250.0,4.0,617,PPCA,False,24,0.087732852070137
baltimore,25,1.0,250.0,4.0,617,PPCA,False,25,0.10761429749938642
baltimore,25,1.0,250.0,4.0,617,PPCA,False,26,0.09970356746951901
baltimore,25,1.0,250.0,4.0,617,PPCA,False,27,0.10936096856530324
baltimore,25,1.0,250.0,4.0,617,PPCA,False,28,0.11062944799822355
baltimore,25,1.0,250.0,4.0,617,PPCA,False,29,0.11216226787920604
baltimore,25,1.0,250.0,4.0,617,PPCA,False,30,0.11000492041435299
baltimore,25,1.0,250.0,4.0,617,PPCA,True,1,0.015080529527549796
baltimore,25,1.0,250.0,4.0,617,PPCA,True,2,0.004323378998056706
baltimore,25,1.0,250.0,4.0,617,PPCA,True,3,0.00017690950080112282
baltimore,25,1.0,250.0,4.0,617,PPCA,True,4,0.002924212038878701
baltimore,25,1.0,250.0,4.0,617,PPCA,True,5,0.010653057064082457
baltimore,25,1.0,250.0,4.0,617,PPCA,True,6,0.0034985413343457754
baltimore,25,1.0,250.0,4.0,617,PPCA,True,7,0.014540357649310954
baltimore,25,1.0,250.0,4.0,617,PPCA,True,8,0.018116056160905284
baltimore,25,1.0,250.0,4.0,617,PPCA,True,9,0.006407816016168559
baltimore,25,1.0,250.0,4.0,617,PPCA,True,10,0.013216381095855236
baltimore,25,1.0,250.0,4.0,617,PPCA,True,11,0.023050887138289736
baltimore,25,1.0,250.0,4.0,617,PPCA,True,12,0.010401545859426363
baltimore,25,1.0,250.0,4.0,617,PPCA,True,13,0.00742946553808661
baltimore,25,1.0,250.0,4.0,617,PPCA,True,14,0.01780444418860392
baltimore,25,1.0,250.0,4.0,617,PPCA,True,15,0.01796510202439147
baltimore,25,1.0,250.0,4.0,617,PPCA,True,16,0.01627775657065074
baltimore,25,1.0,250.0,4.0,617,PPCA,True,17,0.0005587974076295707
baltimore,25,1.0,250.0,4.0,617,PPCA,True,18,0.010706213209182658
baltimore,25,1.0,250.0,4.0,617,PPCA,True,19,0.013937219133081083
baltimore,25,1.0,250.0,4.0,617,PPCA,True,20,0.02483121457243334
baltimore,25,1.0,250.0,4.0,617,PPCA,True,21,0.00872751198610625
baltimore,25,1.0,250.0,4.0,617,PPCA,True,22,0.021222723282025915
baltimore,25,1.0,250.0,4.0,617,PPCA,True,23,0.01624930650986941
baltimore,25,1.0,250.0,4.0,617,PPCA,True,24,0.00045176499788802255
baltimore,25,1.0,250.0,4.0,617,PPCA,True,25,0.017052244272117812
baltimore,25,1.0,250.0,4.0,617,PPCA,True,26,0.007278344038981962
baltimore,25,1.0,250.0,4.0,617,PPCA,True,27,0.012100262347559258
baltimore,25,1.0,250.0,4.0,617,PPCA,True,28,0.009845138123904511
baltimore,25,1.0,250.0,4.0,617,PPCA,True,29,0.005173445134217377
baltimore,25,1.0,250.0,4.0,617,PPCA,True,30,0.008564529777430344
baltimore,25,1.0,250.0,4.0,781,rSC,False,1,0.021934008246097172
baltimore,25,1.0,250.0,4.0,781,rSC,False,2,0.018920206772165438
baltimore,25,1.0,250.0,4.0,781,rSC,False,3,0.006545316277919734
baltimore,25,1.0,250.0,4.0,781,rSC,False,4,0.019916333787725882
baltimore,25,1.0,250.0,4.0,781,rSC,False,5,0.02241723337832301
baltimore,25,1.0,250.0,4.0,781,rSC,False,6,0.03451228302016515
baltimore,25,1.0,250.0,4.0,781,rSC,False,7,0.03625334477662607
baltimore,25,1.0,250.0,4.0,781,rSC,False,8,0.04292023667452927
baltimore,25,1.0,250.0,4.0,781,rSC,False,9,0.026598099063400597
baltimore,25,1.0,250.0,4.0,781,rSC,False,10,0.04278367480446593
baltimore,25,1.0,250.0,4.0,781,rSC,False,11,0.04506681692473046
baltimore,25,1.0,250.0,4.0,781,rSC,False,12,0.04769172291179996
baltimore,25,1.0,250.0,4.0,781,rSC,False,13,0.06455900217231644
baltimore,25,1.0,250.0,4.0,781,rSC,False,14,0.06301012450088822
baltimore,25,1.0,250.0,4.0,781,rSC,False,15,0.07373352495074045
baltimore,25,1.0,250.0,4.0,781,rSC,False,16,0.06067100095252015
baltimore,25,1.0,250.0,4.0,781,rSC,False,17,0.06126366889329383
baltimore,25,1.0,250.0,4.0,781,rSC,False,18,0.08685386214785347
baltimore,25,1.0,250.0,4.0,781,rSC,False,19,0.0814721488649041
baltimore,25,1.0,250.0,4.0,781,rSC,False,20,0.0852104126099303
baltimore,25,1.0,250.0,4.0,781,rSC,False,21,0.08199374601499718
baltimore,25,1.0,250.0,4.0,781,rSC,False,22,0.10922860943945567
baltimore,25,1.0,250.0,4.0,781,rSC,False,23,0.1008710556343917
baltimore,25,1.0,250.0,4.0,781,rSC,False,24,0.1114713100767349
baltimore,25,1.0,250.0,4.0,781,rSC,False,25,0.1037762276762262
baltimore,25,1.0,250.0,4.0,781,rSC,False,26,0.09949269129725992
baltimore,25,1.0,250.0,4.0,781,rSC,False,27,0.11729330577082632
baltimore,25,1.0,250.0,4.0,781,rSC,False,28,0.10954728847298713
baltimore,25,1.0,250.0,4.0,781,rSC,False,29,0.1161949610504669
baltimore,25,1.0,250.0,4.0,781,rSC,False,30,0.11712932502194681
baltimore,25,1.0,250.0,4.0,781,rSC,True,1,0.021934008246097172
baltimore,25,1.0,250.0,4.0,781,rSC,True,2,0.018920206772165438
baltimore,25,1.0,250.0,4.0,781,rSC,True,3,0.006545316277919734
baltimore,25,1.0,250.0,4.0,781,rSC,True,4,0.019916333787725882
baltimore,25,1.0,250.0,4.0,781,rSC,True,5,0.02241723337832301
baltimore,25,1.0,250.0,4.0,781,rSC,True,6,0.03451228302016515
baltimore,25,1.0,250.0,4.0,781,rSC,True,7,0.03625334477662607
baltimore,25,1.0,250.0,4.0,781,rSC,True,8,0.04292023667452927
baltimore,25,1.0,250.0,4.0,781,rSC,True,9,0.026598099063400597
baltimore,25,1.0,250.0,4.0,781,rSC,True,10,0.04278367480446593
baltimore,25,1.0,250.0,4.0,781,rSC,True,11,0.04506681692473046
baltimore,25,1.0,250.0,4.0,781,rSC,True,12,0.04769172291179996
baltimore,25,1.0,250.0,4.0,781,rSC,True,13,0.06455900217231644
baltimore,25,1.0,250.0,4.0,781,rSC,True,14,0.06301012450088822
baltimore,25,1.0,250.0,4.0,781,rSC,True,15,0.07373352495074045
baltimore,25,1.0,250.0,4.0,781,rSC,True,16,0.06067100095252015
baltimore,25,1.0,250.0,4.0,781,rSC,True,17,0.06126366889329383
baltimore,25,1.0,250.0,4.0,781,rSC,True,18,0.08685386214785347
baltimore,25,1.0,250.0,4.0,781,rSC,True,19,0.0814721488649041
baltimore,25,1.0,250.0,4.0,781,rSC,True,20,0.0852104126099303
baltimore,25,1.0,250.0,4.0,781,rSC,True,21,0.08199374601499718
baltimore,25,1.0,250.0,4.0,781,rSC,True,22,0.10922860943945567
baltimore,25,1.0,250.0,4.0,781,rSC,True,23,0.1008710556343917
baltimore,25,1.0,250.0,4.0,781,rSC,True,24,0.1114713100767349
baltimore,25,1.0,250.0,4.0,781,rSC,True,25,0.1037762276762262
baltimore,25,1.0,250.0,4.0,781,rSC,True,26,0.09949269129725992
baltimore,25,1.0,250.0,4.0,781,rSC,True,27,0.11729330577082632
baltimore,25,1.0,250.0,4.0,781,rSC,True,28,0.10954728847298713
baltimore,25,1.0,250.0,4.0,781,rSC,True,29,0.1161949610504669
baltimore,25,1.0,250.0,4.0,781,rSC,True,30,0.11712932502194681
baltimore,25,1.0,250.0,4.0,781,GAP,False,1,0.003218092045106364
baltimore,25,1.0,250.0,4.0,781,GAP,False,2,0.0027687586633497866
baltimore,25,1.0,250.0,4.0,781,GAP,False,3,0.00833223352323945
baltimore,25,1.0,250.0,4.0,781,GAP,False,4,0.0093847576738329
baltimore,25,1.0,250.0,4.0,781,GAP,False,5,0.013834329923469625
baltimore,25,1.0,250.0,4.0,781,GAP,False,6,0.018350443560935386
baltimore,25,1.0,250.0,4.0,781,GAP,False,7,0.035972121459444714
baltimore,25,1.0,250.0,4.0,781,GAP,False,8,0.040064573167908894
baltimore,25,1.0,250.0,4.0,781,GAP,False,9,0.02880436384351948
baltimore,25,1.0,250.0,4.0,781,GAP,False,10,0.038921640251226984
baltimore,25,1.0,250.0,4.0,781,GAP,False,11,0.04583466264571919
baltimore,25,1.0,250.0,4.0,781,GAP,False,12,0.050665051549090505
baltimore,25,1.0,250.0,4.0,781,GAP,False,13,0.051225253288425504
baltimore,25,1.0,250.0,4.0,781,GAP,False,14,0.06041307557776574
baltimore,25,1.0,250.0,4.0,781,GAP,False,15,0.06483441401733286
baltimore,25,1.0,250.0,4.0,781,GAP,False,16,0.06457042831156233
baltimore,25,1.0,250.0,4.0,781,GAP,False,17,0.08831561972853967
baltimore,25,1.0,250.0,4.0,781,GAP,False,18,0.09370397019608774
baltimore,25,1.0,250.0,4.0,781,GAP,False,19,0.09348897393269051
baltimore,25,1.0,250.0,4.0,781,GAP,False,20,0.10067548707113641
baltimore,25,1.0,250.0,4.0,781,GAP,False,21,0.1069755007625382
baltimore,25,1.0,250.0,4.0,781,GAP,False,22,0.1212581461187648
baltimore,25,1.0,250.0,4.0,781,GAP,False,23,0.11842123179371963
baltimore,25,1.0,250.0,4.0,781,GAP,False,24,0.14218858917544366
baltimore,25,1.0,250.0,4.0,781,GAP,False,25,0.14389300128345875
baltimore,25,1.0,250.0,4.0,781,GAP,False,26,0.140847278238562
baltimore,25,1.0,250.0,4.0,781,GAP,False,27,0.14985218463200325
baltimore,25,1.0,250.0,4.0,781,GAP,False,28,0.16059463288532005
baltimore,25,1.0,250.0,4.0,781,GAP,False,29,0.16013015849521803
baltimore,25,1.0,250.0,4.0,781,GAP,False,30,0.16780648468615547
baltimore,25,1.0,250.0,4.0,781,GAP,True,1,0.0003907142538601715
baltimore,25,1.0,250.0,4.0,781,GAP,True,2,0.0012495897152955701
baltimore,25,1.0,250.0,4.0,781,GAP,True,3,0.00717508444377513
baltimore,25,1.0,250.0,4.0,781,GAP,True,4,0.009554393827687515
baltimore,25,1.0,250.0,4.0,781,GAP,True,5,0.012879043101215081
baltimore,25,1.0,250.0,4.0,781,GAP,True,6,0.01803992303019425
baltimore,25,1.0,250.0,4.0,781,GAP,True,7,0.031871322333810896
baltimore,25,1.0,250.0,4.0,781,GAP,True,8,0.038434168632724454
baltimore,25,1.0,250.0,4.0,781,GAP,True,9,0.029858754950694157
baltimore,25,1.0,250.0,4.0,781,GAP,True,10,0.039645206722704
baltimore,25,1.0,250.0,4.0,781,GAP,True,11,0.04576406361572711
baltimore,25,1.0,250.0,4.0,781,GAP,True,12,0.05258477276220754
baltimore,25,1.0,250.0,4.0,781,GAP,True,13,0.0525210863420144
baltimore,25,1.0,250.0,4.0,781,GAP,True,14,0.06015797253654738
baltimore,25,1.0,250.0,4.0,781,GAP,True,15,0.0668532477420023
baltimore,25,1.0,250.0,4.0,781,GAP,True,16,0.06449202065356176
baltimore,25,1.0,250.0,4.0,781,GAP,True,17,0.08651921729703829
baltimore,25,1.0,250.0,4.0,781,GAP,True,18,0.09513072554044494
baltimore,25,1.0,250.0,4.0,781,GAP,True,19,0.09529459060198223
baltimore,25,1.0,250.0,4.0,781,GAP,True,20,0.10212093892994584
baltimore,25,1.0,250.0,4.0,781,GAP,True,21,0.10679444129199517
baltimore,25,1.0,250.0,4.0,781,GAP,True,22,0.12112222367408804
baltimore,25,1.0,250.0,4.0,781,GAP,True,23,0.11939581694824633
baltimore,25,1.0,250.0,4.0,781,GAP,True,24,0.140532352079871
baltimore,25,1.0,250.0,4.0,781,GAP,True,25,0.142782305904047
baltimore,25,1.0,250.0,4.0,781,GAP,True,26,0.14209980957603444
baltimore,25,1.0,250.0,4.0,781,GAP,True,27,0.15098968957750927
baltimore,25,1.0,250.0,4.0,781,GAP,True,28,0.16071428990138564
baltimore,25,1.0,250.0,4.0,781,GAP,True,29,0.16275832655695793
baltimore,25,1.0,250.0,4.0,781,GAP,True,30,0.16844991587275432
baltimore,25,1.0,250.0,4.0,781,PPCA,False,1,0.018553252426279164
baltimore,25,1.0,250.0,4.0,781,PPCA,False,2,0.021224091987888175
baltimore,25,1.0,250.0,4.0,781,PPCA,False,3,0.014126839581593855
baltimore,25,1.0,250.0,4.0,781,PPCA,False,4,0.020138286683407964
baltimore,25,1.0,250.0,4.0,781,PPCA,False,5,0.024872815718779237
baltimore,25,1.0,250.0,4.0,781,PPCA,False,6,0.02914917157347476
baltimore,25,1.0,250.0,4.0,781,PPCA,False,7,0.03703258192484213
baltimore,25,1.0,250.0,4.0,781,PPCA,False,8,0.040887848312751114
baltimore,25,1.0,250.0,4.0,781,PPCA,False,9,0.03835565010820811
baltimore,25,1.0,250.0,4.0,781,PPCA,False,10,0.04200479410445679
baltimore,25,1.0,250.0,4.0,781,PPCA,False,11,0.05004965528599567
baltimore,25,1.0,250.0,4.0,781,PPCA,False,12,0.038512756026580316
baltimore,25,1.0,250.0,4.0,781,PPCA,False,13,0.06708821867362738
baltimore,25,1.0,250.0,4.0,781,PPCA,False,14,0.04974226024447792
baltimore,25,1.0,250.0,4.0,781,PPCA,False,15,0.06927950327400953
baltimore,25,1.0,250.0,4.0,781,PPCA,False,16,0.06453082974305115
baltimore,25,1.0,250.0,4.0,781,PPCA,False,17,0.06001872543113325
baltimore,25,1.0,250.0,4.0,781,PPCA,False,18,0.07263823433900167
baltimore,25,1.0,250.0,4.0,781,PPCA,False,19,0.07027710492777707
baltimore,25,1.0,250.0,4.0,781,PPCA,False,20,0.07813460831438186
baltimore,25,1.0,250.0,4.0,781,PPCA,False,21,0.08502038735732308
baltimore,25,1.0,250.0,4.0,781,PPCA,False,22,0.10133475457945398
baltimore,25,1.0,250.0,4.0,781,PPCA,False,23,0.09224553710057444
baltimore,25,1.0,250.0,4.0,781,PPCA,False,24,0.09435530829149844
baltimore,25,1.0,250.0,4.0,781,PPCA,False,25,0.08951160602828157
baltimore,25,1.0,250.0,4.0,781,PPCA,False,26,0.10398883070234385
baltimore,25,1.0,250.0,4.0,781,PPCA,False,27,0.10637025444417168
baltimore,25,1.0,250.0,4.0,781,PPCA,False,28,0.09883813702048977
baltimore,25,1.0,250.0,4.0,781,PPCA,False,29,0.10640440468388179
baltimore,25,1.0,250.0,4.0,781,PPCA,False,30,0.10333962833078933
baltimore,25,1.0,250.0,4.0,781,PPCA,True,1,0.00893027896665556
baltimore,25,1.0,250.0,4.0,781,PPCA,True,2,0.012606609028786494
baltimore,25,1.0,250.0,4.0,781,PPCA,True,3,0.006207757956497308
baltimore,25,1.0,250.0,4.0,781,PPCA,True,4,0.012119826109278897
baltimore,25,1.0,250.0,4.0,781,PPCA,True,5,0.013899230836204899
baltimore,25,1.0,250.0,4.0,781,PPCA,True,6,0.021422539139166266
baltimore,25,1.0,250.0,4.0,781,PPCA,True,7,0.025970371382949397
baltimore,25,1.0,250.0,4.0,781,PPCA,True,8,0.03134419003883009
baltimore,25,1.0,250.0,4.0,781,PPCA,True,9,0.025622391288881444
baltimore,25,1.0,250.0,4.0,781,PPCA,True,10,0.02931163495201102
baltimore,25,1.0,250.0,4.0,781,PPCA,True,11,0.03592015038670881
baltimore,25,1.0,250.0,4.0,781,PPCA,True,12,0.02363802432909838
baltimore,25,1.0,250.0,4.0,781,PPCA,True,13,0.051791671099905345
baltimore,25,1.0,250.0,4.0,781,PPCA,True,14,0.034700630425056965
baltimore,25,1.0,250.0,4.0,781,PPCA,True,15,0.05189965465438873
baltimore,25,1.0,250.0,4.0,781,PPCA,True,16,0.04375385486168045
baltimore,25,1.0,250.0,4.0,781,PPCA,True,17,0.0400291330912494
baltimore,25,1.0,250.0,4.0,781,PPCA,True,18,0.052750014344526586
baltimore,25,1.0,250.0,4.0,781,PPCA,True,19,0.049578743304661235
baltimore,25,1.0,250.0,4.0,781,PPCA,True,20,0.055094529567495824
baltimore,25,1.0,250.0,4.0,781,PPCA,True,21,0.0577714164206123
baltimore,25,1.0,250.0,4.0,781,PPCA,True,22,0.072623247503835
baltimore,25,1.0,250.0,4.0,781,PPCA,True,23,0.06291152490638857
baltimore,25,1.0,250.0,4.0,781,PPCA,True,24,0.06430874320398774
baltimore,25,1.0,250.0,4.0,781,PPCA,True,25,0.05762475572629825
baltimore,25,1.0,250.0,4.0,781,PPCA,True,26,0.07152235948220725
baltimore,25,1.0,250.0,4.0,781,PPCA,True,27,0.07243018784556496
baltimore,25,1.0,250.0,4.0,781,PPCA,True,28,0.060840370603133936
baltimore,25,1.0,250.0,4.0,781,PPCA,True,29,0.07332203619808776
baltimore,25,1.0,250.0,4.0,781,PPCA,True,30,0.06595683667356951
baltimore,25,1.0,100000.0,0.01,617,rSC,False,1,0.0012793102734665253
baltimore,25,1.0,100000.0,0.01,617,rSC,False,2,0.003890897421546479
baltimore,25,1.0,100000.0,0.01,617,rSC,False,3,0.006212698034486728
baltimore,25,1.0,100000.0,0.01,617,rSC,False,4,0.007662700042381566
baltimore,25,1.0,100000.0,0.01,617,rSC,False,5,0.017766347702088542
baltimore,25,1.0,100000.0,0.01,617,rSC,False,6,0.01362090085831711
baltimore,25,1.0,100000.0,0.01,617,rSC,False,7,0.002744153394225934
baltimore,25,1.0,100000.0,0.01,617,rSC,False,8,0.024773541061810872
baltimore,25,1.0,100000.0,0.01,617,rSC,False,9,0.01021702320953432
baltimore,25,1.0,100000.0,0.01,617,rSC,False,10,0.022288425462079646
baltimore,25,1.0,100000.0,0.01,617,rSC,False,11,0.02722311728636071
baltimore,25,1.0,100000.0,0.01,617,rSC,False,12,0.01821581132626759
baltimore,25,1.0,100000.0,0.01,617,rSC,False,13,0.012104316567511738
baltimore,25,1.0,100000.0,0.01,617,rSC,False,14,0.02628672453147264
baltimore,25,1.0,100000.0,0.01,617,rSC,False,15,0.020306010821976906
baltimore,25,1.0,100000.0,0.01,617,rSC,False,16,0.02580442901515204
baltimore,25,1.0,100000.0,0.01,617,rSC,False,17,0.003328593714882828
baltimore,25,1.0,100000.0,0.01,617,rSC,False,18,0.005575427617465719
baltimore,25,1.0,100000.0,0.01,617,rSC,False,19,0.008927095049367409
baltimore,25,1.0,100000.0,0.01,617,rSC,False,20,0.02474571964543147
baltimore,25,1.0,100000.0,0.01,617,rSC,False,21,0.008570042465020805
baltimore,25,1.0,100000.0,0.01,617,rSC,False,22,0.014306718295255419
baltimore,25,1.0,100000.0,0.01,617,rSC,False,23,0.01713380429848095
baltimore,25,1.0,100000.0,0.01,617,rSC,False,24,0.002705906648269472
baltimore,25,1.0,100000.0,0.01,617,rSC,False,25,0.018211842477399376
baltimore,25,1.0,100000.0,0.01,617,rSC,False,26,0.0026768068842152036
baltimore,25,1.0,100000.0,0.01,617,rSC,False,27,0.008418768351206049
baltimore,25,1.0,100000.0,0.01,617,rSC,False,28,0.0058830998634397105
baltimore,25,1.0,100000.0,0.01,617,rSC,False,29,0.0031261160500580284
baltimore,25,1.0,100000.0,0.01,617,rSC,False,30,0.007599199332145461
baltimore,25,1.0,100000.0,0.01,617,rSC,True,1,0.0012793102734665253
baltimore,25,1.0,100000.0,0.01,617,rSC,True,2,0.003890897421546479
baltimore,25,1.0,100000.0,0.01,617,rSC,True,3,0.006212698034486728
baltimore,25,1.0,100000.0,0.01,617,rSC,True,4,0.007662700042381566
baltimore,25,1.0,100000.0,0.01,617,rSC,True,5,0.017766347702088542
baltimore,25,1.0,100000.0,0.01,617,rSC,True,6,0.01362090085831711
baltimore,25,1.0,100000.0,0.01,617,rSC,True,7,0.002744153394225934
baltimore,25,1.0,100000.0,0.01,617,rSC,True,8,0.024773541061810872
baltimore,25,1.0,100000.0,0.01,617,rSC,True,9,0.01021702320953432
baltimore,25,1.0,100000.0,0.01,617,rSC,True,10,0.022288425462079646
baltimore,25,1.0,100000.0,0.01,617,rSC,True,11,0.02722311728636071
baltimore,25,1.0,100000.0,0.01,617,rSC,True,12,0.01821581132626759
baltimore,25,1.0,100000.0,0.01,617,rSC,True,13,0.012104316567511738
baltimore,25,1.0,100000.0,0.01,617,rSC,True,14,0.02628672453147264
baltimore,25,1.0,100000.0,0.01,617,rSC,True,15,0.020306010821976906
baltimore,25,1.0,100000.0,0.01,617,rSC,True,16,0.02580442901515204
baltimore,25,1.0,100000.0,0.01,617,rSC,True,17,0.003328593714882828
baltimore,25,1.0,100000.0,0.01,617,rSC,True,18,0.005575427617465719
baltimore,25,1.0,100000.0,0.01,617,rSC,True,19,0.008927095049367409
baltimore,25,1.0,100000.0,0.01,617,rSC,True,20,0.02474571964543147
baltimore,25,1.0,100000.0,0.01,617,rSC,True,21,0.008570042465020805
baltimore,25,1.0,100000.0,0.01,617,rSC,True,22,0.014306718295255419
baltimore,25,1.0,100000.0,0.01,617,rSC,True,23,0.01713380429848095
baltimore,25,1.0,100000.0,0.01,617,rSC,True,24,0.002705906648269472
baltimore,25,1.0,100000.0,0.01,617,rSC,True,25,0.018211842477399376
baltimore,25,1.0,100000.0,0.01,617,rSC,True,26,0.0026768068842152036
baltimore,25,1.0,100000.0,0.01,617,rSC,True,27,0.008418768351206049
baltimore,25,1.0,100000.0,0.01,617,rSC,True,28,0.0058830998634397105
baltimore,25,1.0,100000.0,0.01,617,rSC,True,29,0.0031261160500580284
baltimore,25,1.0,100000.0,0.01,617,rSC,True,30,0.007599199332145461
baltimore,25,1.0,100000.0,0.01,617,GAP,False,1,0.002973655569515292
baltimore,25,1.0,100000.0,0.01,617,GAP,False,2,0.004096031225297147
baltimore,25,1.0,100000.0,0.01,617,GAP,False,3,0.002883996432169418
baltimore,25,1.0,100000.0,0.01,617,GAP,False,4,0.008969260145448906
baltimore,25,1.0,100000.0,0.01,617,GAP,False,5,0.011219995534178842
baltimore,25,1.0,100000.0,0.01,617,GAP,False,6,0.004050270689033234
baltimore,25,1.0,100000.0,0.01,617,GAP,False,7,0.010682990161144604
baltimore,25,1.0,100000.0,0.01,617,GAP,False,8,0.0018507369792013775
baltimore,25,1.0,100000.0,0.01,617,GAP,False,9,0.010820329010415906
baltimore,25,1.0,100000.0,0.01,617,GAP,False,10,0.008259804789886352
baltimore,25,1.0,100000.0,0.01,617,GAP,False,11,0.015186237316352727
baltimore,25,1.0,100000.0,0.01,617,GAP,False,12,0.004681084223897795
baltimore,25,1.0,100000.0,0.01,617,GAP,False,13,0.018590498554367455
baltimore,25,1.0,100000.0,0.01,617,GAP,False,14,0.01859201159966761
baltimore,25,1.0,100000.0,0.01,617,GAP,False,15,0.019343569798803095
baltimore,25,1.0,100000.0,0.01,617,GAP,False,16,0.015505542922134932
baltimore,25,1.0,100000.0,0.01,617,GAP,False,17,0.01576196494672808
baltimore,25,1.0,100000.0,0.01,617,GAP,False,18,0.023367208496316825
baltimore,25,1.0,100000.0,0.01,617,GAP,False,19,0.014769175045086813
baltimore,25,1.0,100000.0,0.01,617,GAP,False,20,0.014994110427723348
baltimore,25,1.0,100000.0,0.01,617,GAP,False,21,0.0308072183851461
baltimore,25,1.0,100000.0,0.01,617,GAP,False,22,0.040141243664930285
baltimore,25,1.0,100000.0,0.01,617,GAP,False,23,0.026936055155468912
baltimore,25,1.0,100000.0,0.01,617,GAP,False,24,0.03152277287758458
baltimore,25,1.0,100000.0,0.01,617,GAP,False,25,0.030527922964472372
baltimore,25,1.0,100000.0,0.01,617,GAP,False,26,0.05200591165134944
baltimore,25,1.0,100000.0,0.01,617,GAP,False,27,0.04309579158822639
baltimore,25,1.0,100000.0,0.01,617,GAP,False,28,0.04027287445954336
baltimore,25,1.0,100000.0,0.01,617,GAP,False,29,0.043459564455699116
baltimore,25,1.0,100000.0,0.01,617,GAP,False,30,0.03754700391562823
baltimore,25,1.0,100000.0,0.01,617,GAP,True,1,0.0017730373174887559
baltimore,25,1.0,100000.0,0.01,617,GAP,True,2,0.0010089277472944142
baltimore,25,1.0,100000.0,0.01,617,GAP,True,3,0.0068181881607630055
baltimore,25,1.0,100000.0,0.01,617,GAP,True,4,0.009232789118561242
baltimore,25,1.0,100000.0,0.01,617,GAP,True,5,0.010959269829515101
baltimore,25,1.0,100000.0,0.01,617,GAP,True,6,0.0026869676405664794
baltimore,25,1.0,100000.0,0.01,617,GAP,True,7,0.009322673735565133
baltimore,25,1.0,100000.0,0.01,617,GAP,True,8,0.0008917328847162572
baltimore,25,1.0,100000.0,0.01,617,GAP,True,9,0.008981027650968091
baltimore,25,1.0,100000.0,0.01,617,GAP,True,10,0.007903035957517195
baltimore,25,1.0,100000.0,0.01,617,GAP,True,11,0.01732435232201973
baltimore,25,1.0,100000.0,0.01,617,GAP,True,12,0.005697568209760561
baltimore,25,1.0,100000.0,0.01,617,GAP,True,13,0.01851233554683462
baltimore,25,1.0,100000.0,0.01,617,GAP,True,14,0.018804921739162025
baltimore,25,1.0,100000.0,0.01,617,GAP,True,15,0.01779741700453131
baltimore,25,1.0,100000.0,0.01,617,GAP,True,16,0.014176713836814072
baltimore,25,1.0,100000.0,0.01,617,GAP,True,17,0.013333548805194264
baltimore,25,1.0,100000.0,0.01,617,GAP,True,18,0.026227526978818815
baltimore,25,1.0,100000.0,0.01,617,GAP,True,19,0.018098450226106514
baltimore,25,1.0,100000.0,0.01,617,GAP,True,20,0.01717743867086688
baltimore,25,1.0,100000.0,0.01,617,GAP,True,21,0.03435734489400593
baltimore,25,1.0,100000.0,0.01,617,GAP,True,22,0.04441404272171265
baltimore,25,1.0,100000.0,0.01,617,GAP,True,23,0.02891567594541357
baltimore,25,1.0,100000.0,0.01,617,GAP,True,24,0.0379071324142221
baltimore,25,1.0,100000.0,0.01,617,GAP,True,25,0.03176546631635541
baltimore,25,1.0,100000.0,0.01,617,GAP,True,26,0.056818378666627
baltimore,25,1.0,100000.0,0.01,617,GAP,True,27,0.045797585598376496
baltimore,25,1.0,100000.0,0.01,617,GAP,True,28,0.044551650090881904
baltimore,25,1.0,100000.0,0.01,617,GAP,True,29,0.04867827136918643
baltimore,25,1.0,100000.0,0.01,617,GAP,True,30,0.04222886112269001
baltimore,25,1.0,100000.0,0.01,617,PPCA,False,1,0.010804552249479361
baltimore,25,1.0,100000.0,0.01,617,PPCA,False,2,0.02317134003638604
baltimore,25,1.0,100000.0,0.01,617,PPCA,False,3,0.023339910139807657
baltimore,25,1.0,100000.0,0.01,617,PPCA,False,4,0.020982059422166573
baltimore,25,1.0,100000.0,0.01,617,PPCA,False,5,0.03463242990349783
baltimore,25,1.0,100000.0,0.01,617,PPCA,False,6,0.031156768184990823
baltimore,25,1.0,100000.0,0.01,617,PPCA,False,7,0.02071780310736289
baltimore,25,1.0,100000.0,0.01,617,PPCA,False,8,0.05347603490174772
baltimore,25,1.0,100000.0,0.01,617,PPCA,False,9,0.03635783637543902
baltimore,25,1.0,100000.0,0.01,617,PPCA,False,10,0.05438764350780376
baltimore,25,1.0,100000.0,0.01,617,PPCA,False,11,0.06555055417999417
baltimore,25,1.0,100000.0,0.01,617,PPCA,False,12,0.05465686046499638
baltimore,25,1.0,100000.0,0.01,617,PPCA,False,13,0.05283159865199715
baltimore,25,1.0,100000.0,0.01,617,PPCA,False,14,0.07180602132357243
baltimore,25,1.0,100000.0,0.01,617,PPCA,False,15,0.06959654540251889
baltimore,25,1.0,100000.0,0.01,617,PPCA,False,16,0.07414267629917597
baltimore,25,1.0,100000.0,0.01,617,PPCA,False,17,0.06109857481268125
baltimore,25,1.0,100000.0,0.01,617,PPCA,False,18,0.07456423384723578
baltimore,25,1.0,100000.0,0.01,617,PPCA,False,19,0.07642577731336164
baltimore,25,1.0,100000.0,0.01,617,PPCA,False,20,0.09256804705878692
baltimore,25,1.0,100000.0,0.01,617,PPCA,False,21,0.08146249893343625
baltimore,25,1.0,100000.0,0.01,617,PPCA,False,22,0.10762234056042494
baltimore,25,1.0,100000.0,0.01,617,PPCA,False,23,0.1017976140469927
baltimore,25,1.0,100000.0,0.01,617,PPCA,False,24,0.08922992770424316
baltimore,25,1.0,100000.0,0.01,617,PPCA,False,25,0.10879693190342497
baltimore,25,1.0,100000.0,0.01,617,PPCA,False,26,0.10096673568724841
baltimore,25,1.0,100000.0,0.01,617,PPCA,False,27,0.11067584104402865
baltimore,25,1.0,100000.0,0.01,617,PPCA,False,28,0.11226049073455126
baltimore,25,1.0,100000.0,0.01,617,PPCA,False,29,0.11382749804894006
baltimore,25,1.0,100000.0,0.01,617,PPCA,False,30,0.1118576137991803
baltimore,25,1.0,100000.0,0.01,617,PPCA,True,1,0.014827313691663816
baltimore,25,1.0,100000.0,0.01,617,PPCA,True,2,0.0033493969153108637
baltimore,25,1.0,100000.0,0.01,617,PPCA,True,3,6.223444064452024e-05
baltimore,25,1.0,100000.0,0.01,617,PPCA,True,4,0.0027369186864615665
baltimore,25,1.0,100000.0,0.01,617,PPCA,True,5,0.011123599532569908
baltimore,25,1.0,100000.0,0.01,617,PPCA,True,6,0.004757067020009354
baltimore,25,1.0,100000.0,0.01,617,PPCA,True,7,0.012786646780442982
baltimore,25,1.0,100000.0,0.01,617,PPCA,True,8,0.019652368643843104
baltimore,25,1.0,100000.0,0.01,617,PPCA,True,9,0.007924808833935659
baltimore,25,1.0,100000.0,0.01,617,PPCA,True,10,0.01565132670782327
baltimore,25,1.0,100000.0,0.01,617,PPCA,True,11,0.02575962277477109
baltimore,25,1.0,100000.0,0.01,617,PPCA,True,12,0.013563366268673997
baltimore,25,1.0,100000.0,0.01,617,PPCA,True,13,0.010470498242514212
baltimore,25,1.0,100000.0,0.01,617,PPCA,True,14,0.02140216117259363
baltimore,25,1.0,100000.0,0.01,617,PPCA,True,15,0.02198471533431543
baltimore,25,1.0,100000.0,0.01,617,PPCA,True,16,0.02067192162537396
baltimore,25,1.0,100000.0,0.01,617,PPCA,True,17,0.005942871233596553
baltimore,25,1.0,100000.0,0.01,617,PPCA,True,18,0.01636864261283146
baltimore,25,1.0,100000.0,0.01,617,PPCA,True,19,0.01932446413421946
baltimore,25,1.0,100000.0,0.01,617,PPCA,True,20,0.030589965249909676
baltimore,25,1.0,100000.0,0.01,617,PPCA,True,21,0.01523720186802657
baltimore,25,1.0,100000.0,0.01,617,PPCA,True,22,0.029066819241989214
baltimore,25,1.0,100000.0,0.01,617,PPCA,True,23,0.023894729148036552
baltimore,25,1.0,100000.0,0.01,617,PPCA,True,24,0.008955974844086794
baltimore,25,1.0,100000.0,0.01,617,PPCA,True,25,0.025761967844476475
baltimore,25,1.0,100000.0,0.01,617,PPCA,True,26,0.01634561187635182
baltimore,25,1.0,100000.0,0.01,617,PPCA,True,27,0.02179869093300788
baltimore,25,1.0,100000.0,0.01,617,PPCA,True,28,0.019998768185639757
baltimore,25,1.0,100000.0,0.01,617,PPCA,True,29,0.015905354263578007
baltimore,25,1.0,100000.0,0.01,617,PPCA,True,30,0.018603809748016644
baltimore,25,1.0,100000.0,0.01,781,rSC,False,1,0.021934008246097172
baltimore,25,1.0,100000.0,0.01,781,rSC,False,2,0.018920206772165438
baltimore,25,1.0,100000.0,0.01,781,rSC,False,3,0.006545316277919734
baltimore,25,1.0,100000.0,0.01,781,rSC,False,4,0.019916333787725882
baltimore,25,1.0,100000.0,0.01,781,rSC,False,5,0.02241723337832301
baltimore,25,1.0,100000.0,0.01,781,rSC,False,6,0.03451228302016515
baltimore,25,1.0,100000.0,0.01,781,rSC,False,7,0.03625334477662607
baltimore,25,1.0,100000.0,0.01,781,rSC,False,8,0.04292023667452927
baltimore,25,1.0,100000.0,0.01,781,rSC,False,9,0.026598099063400597
baltimore,25,1.0,100000.0,0.01,781,rSC,False,10,0.04278367480446593
baltimore,25,1.0,100000.0,0.01,781,rSC,False,11,0.04506681692473046
baltimore,25,1.0,100000.0,0.01,781,rSC,False,12,0.04769172291179996
baltimore,25,1.0,100000.0,0.01,781,rSC,False,13,0.06455900217231644
baltimore,25,1.0,100000.0,0.01,781,rSC,False,14,0.06301012450088822
baltimore,25,1.0,100000.0,0.01,781,rSC,False,15,0.07373352495074045
baltimore,25,1.0,100000.0,0.01,781,rSC,False,16,0.06067100095252015
baltimore,25,1.0,100000.0,0.01,781,rSC,False,17,0.06126366889329383
baltimore,25,1.0,100000.0,0.01,781,rSC,False,18,0.08685386214785347
baltimore,25,1.0,100000.0,0.01,781,rSC,False,19,0.0814721488649041
baltimore,25,1.0,100000.0,0.01,781,rSC,False,20,0.0852104126099303
baltimore,25,1.0,100000.0,0.01,781,rSC,False,21,0.08199374601499718
baltimore,25,1.0,100000.0,0.01,781,rSC,False,22,0.10922860943945567
baltimore,25,1.0,100000.0,0.01,781,rSC,False,23,0.1008710556343917
baltimore,25,1.0,100000.0,0.01,781,rSC,False,24,0.1114713100767349
baltimore,25,1.0,100000.0,0.01,781,rSC,False,25,0.1037762276762262
baltimore,25,1.0,100000.0,0.01,781,rSC,False,26,0.09949269129725992
baltimore,25,1.0,100000.0,0.01,781,rSC,False,27,0.11729330577082632
baltimore,25,1.0,100000.0,0.01,781,rSC,False,28,0.10954728847298713
baltimore,25,1.0,100000.0,0.01,781,rSC,False,29,0.1161949610504669
baltimore,25,1.0,100000.0,0.01,781,rSC,False,30,0.11712932502194681
baltimore,25,1.0,100000.0,0.01,781,rSC,True,1,0.021934008246097172
baltimore,25,1.0,100000.0,0.01,781,rSC,True,2,0.018920206772165438
baltimore,25,1.0,100000.0,0.01,781,rSC,True,3,0.006545316277919734
baltimore,25,1.0,100000.0,0.01,781,rSC,True,4,0.019916333787725882
baltimore,25,1.0,100000.0,0.01,781,rSC,True,5,0.02241723337832301
baltimore,25,1.0,100000.0,0.01,781,rSC,True,6,0.03451228302016515
baltimore,25,1.0,100000.0,0.01,781,rSC,True,7,0.03625334477662607
baltimore,25,1.0,100000.0,0.01,781,rSC,True,8,0.04292023667452927
baltimore,25,1.0,100000.0,0.01,781,rSC,True,9,0.026598099063400597
baltimore,25,1.0,100000.0,0.01,781,rSC,True,10,0.04278367480446593
baltimore,25,1.0,100000.0,0.01,781,rSC,True,11,0.04506681692473046
baltimore,25,1.0,100000.0,0.01,781,rSC,True,12,0.04769172291179996
baltimore,25,1.0,100000.0,0.01,781,rSC,True,13,0.06455900217231644
baltimore,25,1.0,100000.0,0.01,781,rSC,True,14,0.06301012450088822
baltimore,25,1.0,100000.0,0.01,781,rSC,True,15,0.07373352495074045
baltimore,25,1.0,100000.0,0.01,781,rSC,True,16,0.06067100095252015
baltimore,25,1.0,100000.0,0.01,781,rSC,True,17,0.06126366889329383
baltimore,25,1.0,100000.0,0.01,781,rSC,True,18,0.08685386214785347
baltimore,25,1.0,100000.0,0.01,781,rSC,True,19,0.0814721488649041
baltimore,25,1.0,100000.0,0.01,781,rSC,True,20,0.0852104126099303
baltimore,25,1.0,100000.0,0.01,781,rSC,True,21,0.08199374601499718
baltimore,25,1.0,100000.0,0.01,781,rSC,True,22,0.10922860943945567
baltimore,25,1.0,100000.0,0.01,781,rSC,True,23,0.1008710556343917
baltimore,25,1.0,100000.0,0.01,781,rSC,True,24,0.1114713100767349
baltimore,25,1.0,100000.0,0.01,781,rSC,True,25,0.1037762276762262
baltimore,25,1.0,100000.0,0.01,781,rSC,True,26,0.09949269129725992
baltimore,25,1.0,100000.0,0.01,781,rSC,True,27,0.11729330577082632
baltimore,25,1.0,100000.0,0.01,781,rSC,True,28,0.10954728847298713
baltimore,25,1.0,100000.0,0.01,781,rSC,True,29,0.1161949610504669
baltimore,25,1.0,100000.0,0.01,781,rSC,True,30,0.11712932502194681
baltimore,25,1.0,100000.0,0.01,781,GAP,False,1,0.0034683113611793824
baltimore,25,1.0,100000.0,0.01,781,GAP,False,2,0.0025516598005910205
baltimore,25,1.0,100000.0,0.01,781,GAP,False,3,0.005767048736593696
baltimore,25,1.0,100000.0,0.01,781,GAP,False,4,0.0032775489928728104
baltimore,25,1.0,100000.0,0.01,781,GAP,False,5,0.0063462929585134465
baltimore,25,1.0,100000.0,0.01,781,GAP,False,6,0.0062948593634606555
baltimore,25,1.0,100000.0,0.01,781,GAP,False,7,0.023583819907023327
baltimore,25,1.0,100000.0,0.01,781,GAP,False,8,0.020509858230365434
baltimore,25,1.0,100000.0,0.01,781,GAP,False,9,0.0030808774268682266
baltimore,25,1.0,100000.0,0.01,781,GAP,False,10,0.00940023050299799
baltimore,25,1.0,100000.0,0.01,781,GAP,False,11,0.012651509081374216
baltimore,25,1.0,100000.0,0.01,781,GAP,False,12,0.011950612211103705
baltimore,25,1.0,100000.0,0.01,781,GAP,False,13,0.00783388459034252
baltimore,25,1.0,100000.0,0.01,781,GAP,False,14,0.014601846014826034
baltimore,25,1.0,100000.0,0.01,781,GAP,False,15,0.010209129184557814
baltimore,25,1.0,100000.0,0.01,781,GAP,False,16,0.009018799606511637
baltimore,25,1.0,100000.0,0.01,781,GAP,False,17,0.02862839037774954
baltimore,25,1.0,100000.0,0.01,781,GAP,False,18,0.026226312328953734
baltimore,25,1.0,100000.0,0.01,781,GAP,False,19,0.021301253254235937
baltimore,25,1.0,100000.0,0.01,781,GAP,False,20,0.023350085038864783
baltimore,25,1.0,100000.0,0.01,781,GAP,False,21,0.02866049056358115
baltimore,25,1.0,100000.0,0.01,781,GAP,False,22,0.03805354683377957
baltimore,25,1.0,100000.0,0.01,781,GAP,False,23,0.030196087569822283
baltimore,25,1.0,100000.0,0.01,781,GAP,False,24,0.04948323175339378
baltimore,25,1.0,100000.0,0.01,781,GAP,False,25,0.045617674876296366
baltimore,25,1.0,100000.0,0.01,781,GAP,False,26,0.03434260123549339
baltimore,25,1.0,100000.0,0.01,781,GAP,False,27,0.03902100853307067
baltimore,25,1.0,100000.0,0.01,781,GAP,False,28,0.04529012173824841
baltimore,25,1.0,100000.0,0.01,781,GAP,False,29,0.03497565791762149
baltimore,25,1.0,100000.0,0.01,781,GAP,False,30,0.04207114308288253
baltimore,25,1.0,100000.0,0.01,781,GAP,True,1,0.0013828877558229567
baltimore,25,1.0,100000.0,0.01,781,GAP,True,2,0.0030538727959859117
baltimore,25,1.0,100000.0,0.01,781,GAP,True,3,0.0026964707892601883
baltimore,25,1.0,100000.0,0.01,781,GAP,True,4,0.000863474979416655
baltimore,25,1.0,100000.0,0.01,781,GAP,True,5,8.99372078348187e-06
baltimore,25,1.0,100000.0,0.01,781,GAP,True,6,0.0005504723385769557
baltimore,25,1.0,100000.0,0.01,781,GAP,True,7,0.009111585588314642
baltimore,25,1.0,100000.0,0.01,781,GAP,True,8,0.010862552059981682
baltimore,25,1.0,100000.0,0.01,781,GAP,True,9,0.0025538745812195684
baltimore,25,1.0,100000.0,0.01,781,GAP,True,10,0.0021451442392646587
baltimore,25,1.0,100000.0,0.01,781,GAP,True,11,0.0027474187615546966
baltimore,25,1.0,100000.0,0.01,781,GAP,True,12,0.004571794928322582
baltimore,25,1.0,100000.0,0.01,781,GAP,True,13,0.0017299848884888736
baltimore,25,1.0,100000.0,0.01,781,GAP,True,14,0.0006533088938123455
baltimore,25,1.0,100000.0,0.01,781,GAP,True,15,0.0021727835519298514
baltimore,25,1.0,100000.0,0.01,781,GAP,True,16,0.005913131257626867
baltimore,25,1.0,100000.0,0.01,781,GAP,True,17,0.009748658439772682
baltimore,25,1.0,100000.0,0.01,781,GAP,True,18,0.012102758186080989
baltimore,25,1.0,100000.0,0.01,781,GAP,True,19,0.006664855668361385
baltimore,25,1.0,100000.0,0.01,781,GAP,True,20,0.007761127159636017
baltimore,25,1.0,100000.0,0.01,781,GAP,True,21,0.005601995359262502
baltimore,25,1.0,100000.0,0.01,781,GAP,True,22,0.01370422002195555
baltimore,25,1.0,100000.0,0.01,781,GAP,True,23,0.00589902886256476
baltimore,25,1.0,100000.0,0.01,781,GAP,True,24,0.019949626267790926
baltimore,25,1.0,100000.0,0.01,781,GAP,True,25,0.015790605022113182
baltimore,25,1.0,100000.0,0.01,781,GAP,True,26,0.009139577844946534
baltimore,25,1.0,100000.0,0.01,781,GAP,True,27,0.01099044628121629
baltimore,25,1.0,100000.0,0.01,781,GAP,True,28,0.014249807515657178
baltimore,25,1.0,100000.0,0.01,781,GAP,True,29,0.00931081258981229
baltimore,25,1.0,100000.0,0.01,781,GAP,True,30,0.009063208161362753
baltimore,25,1.0,100000.0,0.01,781,PPCA,False,1,0.018404954754532972
baltimore,25,1.0,100000.0,0.01,781,PPCA,False,2,0.021241013802534073
baltimore,25,1.0,100000.0,0.01,781,PPCA,False,3,0.014419987532783141
baltimore,25,1.0,100000.0,0.01,781,PPCA,False,4,0.02042089663455103
baltimore,25,1.0,100000.0,0.01,781,PPCA,False,5,0.02524540128092362
baltimore,25,1.0,100000.0,0.01,781,PPCA,False,6,0.029588060128235266
baltimore,25,1.0,100000.0,0.01,781,PPCA,False,7,0.037485406230677365
baltimore,25,1.0,100000.0,0.01,781,PPCA,False,8,0.041303256354031835
baltimore,25,1.0,100000.0,0.01,781,PPCA,False,9,0.03908548859740578
baltimore,25,1.0,100000.0,0.01,781,PPCA,False,10,0.042777663108165664
baltimore,25,1.0,100000.0,0.01,781,PPCA,False,11,0.05087826018763257
baltimore,25,1.0,100000.0,0.01,781,PPCA,False,12,0.03962840725641637
baltimore,25,1.0,100000.0,0.01,781,PPCA,False,13,0.06793602209543156
baltimore,25,1.0,100000.0,0.01,781,PPCA,False,14,0.051205614984822574
baltimore,25,1.0,100000.0,0.01,781,PPCA,False,15,0.07041793096557655
baltimore,25,1.0,100000.0,0.01,781,PPCA,False,16,0.06618113033825779
baltimore,25,1.0,100000.0,0.01,781,PPCA,False,17,0.0617580031742174
baltimore,25,1.0,100000.0,0.01,781,PPCA,False,18,0.07417440780598111
baltimore,25,1.0,100000.0,0.01,781,PPCA,False,19,0.07214522092281904
baltimore,25,1.0,100000.0,0.01,781,PPCA,False,20,0.08004149633452659
baltimore,25,1.0,100000.0,0.01,781,PPCA,False,21,0.08710822297061713
baltimore,25,1.0,100000.0,0.01,781,PPCA,False,22,0.10323145224841386
baltimore,25,1.0,100000.0,0.01,781,PPCA,False,23,0.09460043129225149
baltimore,25,1.0,100000.0,0.01,781,PPCA,False,24,0.09678215923525778
baltimore,25,1.0,100000.0,0.01,781,PPCA,False,25,0.0922640513240752
baltimore,25,1.0,100000.0,0.01,781,PPCA,False,26,0.10669353862793363
baltimore,25,1.0,100000.0,0.01,781,PPCA,False,27,0.10924649696371132
baltimore,25,1.0,100000.0,0.01,781,PPCA,False,28,0.10207573019324279
baltimore,25,1.0,100000.0,0.01,781,PPCA,False,29,0.10967361111468235
baltimore,25,1.0,100000.0,0.01,781,PPCA,False,30,0.10701771061389927
baltimore,25,1.0,100000.0,0.01,781,PPCA,True,1,0.009007819464456165
baltimore,25,1.0,100000.0,0.01,781,PPCA,True,2,0.012632465521350049
baltimore,25,1.0,100000.0,0.01,781,PPCA,True,3,0.00648911993777754
baltimore,25,1.0,100000.0,0.01,781,PPCA,True,4,0.012409188032176813
baltimore,25,1.0,100000.0,0.01,781,PPCA,True,5,0.014327201748907005
baltimore,25,1.0,100000.0,0.01,781,PPCA,True,6,0.021775061062948877
baltimore,25,1.0,100000.0,0.01,781,PPCA,True,7,0.026752641574589443
baltimore,25,1.0,100000.0,0.01,781,PPCA,True,8,0.03186406749582555
baltimore,25,1.0,100000.0,0.01,781,PPCA,True,9,0.026294627384408815
baltimore,25,1.0,100000.0,0.01,781,PPCA,True,10,0.030000369567621213
baltimore,25,1.0,100000.0,0.01,781,PPCA,True,11,0.036745788976760875
baltimore,25,1.0,100000.0,0.01,781,PPCA,True,12,0.024610003562935988
baltimore,25,1.0,100000.0,0.01,781,PPCA,True,13,0.052692707994423334
baltimore,25,1.0,100000.0,0.01,781,PPCA,True,14,0.036018213698138186
baltimore,25,1.0,100000.0,0.01,781,PPCA,True,15,0.0532102047802989
baltimore,25,1.0,100000.0,0.01,781,PPCA,True,16,0.0454113614512394
baltimore,25,1.0,100000.0,0.01,781,PPCA,True,17,0.04159950867103836
baltimore,25,1.0,100000.0,0.01,781,PPCA,True,18,0.05441270073744658
baltimore,25,1.0,100000.0,0.01,781,PPCA,True,19,0.05138147126285489
baltimore,25,1.0,100000.0,0.01,781,PPCA,True,20,0.05712212303185526
baltimore,25,1.0,100000.0,0.01,781,PPCA,True,21,0.05987507176085709
baltimore,25,1.0,100000.0,0.01,781,PPCA,True,22,0.07498100301458785
baltimore,25,1.0,100000.0,0.01,781,PPCA,True,23,0.06534055195850422
baltimore,25,1.0,100000.0,0.01,781,PPCA,True,24,0.06701224733113392
baltimore,25,1.0,100000.0,0.01,781,PPCA,True,25,0.06037220236655476
baltimore,25,1.0,100000.0,0.01,781,PPCA,True,26,0.07441275635103327
baltimore,25,1.0,100000.0,0.01,781,PPCA,True,27,0.07532483896163183
baltimore,25,1.0,100000.0,0.01,781,PPCA,True,28,0.06419131505817262
baltimore,25,1.0,100000.0,0.01,781,PPCA,True,29,0.07650429109863238
baltimore,25,1.0,100000.0,0.01,781,PPCA,True,30,0.06951070779058752
baltimore,100,0.0,250.0,4.0,617,rSC,False,1,0.004129827949852516
baltimore,100,0.0,250.0,4.0,617,rSC,False,2,0.0052223779252658364
baltimore,100,0.0,250.0,4.0,617,rSC,False,3,0.00999412608061316
baltimore,100,0.0,250.0,4.0,617,rSC,False,4,0.013492654342628307
baltimore,100,0.0,250.0,4.0,617,rSC,False,5,0.006362908457810877
baltimore,100,0.0,250.0,4.0,617,rSC,False,6,0.024416345958369313
baltimore,100,0.0,250.0,4.0,617,rSC,False,7,0.015931366583346786
baltimore,100,0.0,250.0,4.0,617,rSC,False,8,0.011830851670718566
baltimore,100,0.0,250.0,4.0,617,rSC,False,9,0.04769700660117267
baltimore,100,0.0,250.0,4.0,617,rSC,False,10,0.02431386763411999
baltimore,100,0.0,250.0,4.0,617,rSC,False,11,0.03632794161409952
baltimore,100,0.0,250.0,4.0,617,rSC,False,12,0.03065402866182237
baltimore,100,0.0,250.0,4.0,617,rSC,False,13,0.05157528528643365
baltimore,100,0.0,250.0,4.0,617,rSC,False,14,0.06210821985121682
baltimore,100,0.0,250.0,4.0,617,rSC,False,15,0.05990275378810091
baltimore,100,0.0,250.0,4.0,617,rSC,False,16,0.05008804470328047
baltimore,100,0.0,250.0,4.0,617,rSC,False,17,0.08204678277267877
baltimore,100,0.0,250.0,4.0,617,rSC,False,18,0.07109526632853337
baltimore,100,0.0,250.0,4.0,617,rSC,False,19,0.08285771538909602
baltimore,100,0.0,250.0,4.0,617,rSC,False,20,0.09109919190137183
baltimore,100,0.0,250.0,4.0,617,rSC,False,21,0.09630503231259613
baltimore,100,0.0,250.0,4.0,617,rSC,False,22,0.08921389821004175
baltimore,100,0.0,250.0,4.0,617,rSC,False,23,0.10722092269293534
baltimore,100,0.0,250.0,4.0,617,rSC,False,24,0.12794843635813863
baltimore,100,0.0,250.0,4.0,617,rSC,False,25,0.0997026911067725
baltimore,100,0.0,250.0,4.0,617,rSC,False,26,0.10927259702300324
baltimore,100,0.0,250.0,4.0,617,rSC,False,27,0.12309743712923386
baltimore,100,0.0,250.0,4.0,617,rSC,False,28,0.13219618014222875
baltimore,100,0.0,250.0,4.0,617,rSC,False,29,0.1452983295170704
baltimore,100,0.0,250.0,4.0,617,rSC,False,30,0.14829732424137135
baltimore,100,0.0,250.0,4.0,617,rSC,True,1,0.004129827949852516
baltimore,100,0.0,250.0,4.0,617,rSC,True,2,0.0052223779252658364
baltimore,100,0.0,250.0,4.0,617,rSC,True,3,0.00999412608061316
baltimore,100,0.0,250.0,4.0,617,rSC,True,4,0.013492654342628307
baltimore,100,0.0,250.0,4.0,617,rSC,True,5,0.006362908457810877
baltimore,100,0.0,250.0,4.0,617,rSC,True,6,0.024416345958369313
baltimore,100,0.0,250.0,4.0,617,rSC,True,7,0.015931366583346786
baltimore,100,0.0,250.0,4.0,617,rSC,True,8,0.011830851670718566
baltimore,100,0.0,250.0,4.0,617,rSC,True,9,0.04769700660117267
baltimore,100,0.0,250.0,4.0,617,rSC,True,10,0.02431386763411999
baltimore,100,0.0,250.0,4.0,617,rSC,True,11,0.03632794161409952
baltimore,100,0.0,250.0,4.0,617,rSC,True,12,0.03065402866182237
baltimore,100,0.0,250.0,4.0,617,rSC,True,13,0.05157528528643365
baltimore,100,0.0,250.0,4.0,617,rSC,True,14,0.06210821985121682
baltimore,100,0.0,250.0,4.0,617,rSC,True,15,0.05990275378810091
baltimore,100,0.0,250.0,4.0,617,rSC,True,16,0.05008804470328047
baltimore,100,0.0,250.0,4.0,617,rSC,True,17,0.08204678277267877
baltimore,100,0.0,250.0,4.0,617,rSC,True,18,0.07109526632853337
baltimore,100,0.0,250.0,4.0,617,rSC,True,19,0.08285771538909602
baltimore,100,0.0,250.0,4.0,617,rSC,True,20,0.09109919190137183
baltimore,100,0.0,250.0,4.0,617,rSC,True,21,0.09630503231259613
baltimore,100,0.0,250.0,4.0,617,rSC,True,22,0.08921389821004175
baltimore,100,0.0,250.0,4.0,617,rSC,True,23,0.10722092269293534
baltimore,100,0.0,250.0,4.0,617,rSC,True,24,0.12794843635813863
baltimore,100,0.0,250.0,4.0,617,rSC,True,25,0.0997026911067725
baltimore,100,0.0,250.0,4.0,617,rSC,True,26,0.10927259702300324
baltimore,100,0.0,250.0,4.0,617,rSC,True,27,0.12309743712923386
baltimore,100,0.0,250.0,4.0,617,rSC,True,28,0.13219618014222875
baltimore,100,0.0,250.0,4.0,617,rSC,True,29,0.1452983295170704
baltimore,100,0.0,250.0,4.0,617,rSC,True,30,0.14829732424137135
baltimore,100,0.0,250.0,4.0,617,GAP,False,1,0.004975032042453875
baltimore,100,0.0,250.0,4.0,617,GAP,False,2,0.0019804875472934635
baltimore,100,0.0,250.0,4.0,617,GAP,False,3,0.001888164580436256
baltimore,100,0.0,250.0,4.0,617,GAP,False,4,0.006937317247409392
baltimore,100,0.0,250.0,4.0,617,GAP,False,5,0.0013798230346525305
baltimore,100,0.0,250.0,4.0,617,GAP,False,6,0.012412195286738323
baltimore,100,0.0,250.0,4.0,617,GAP,False,7,0.021195707950448717
baltimore,100,0.0,250.0,4.0,617,GAP,False,8,0.018870911371809122
baltimore,100,0.0,250.0,4.0,617,GAP,False,9,0.03573587436321662
baltimore,100,0.0,250.0,4.0,617,GAP,False,10,0.026523968402685238
baltimore,100,0.0,250.0,4.0,617,GAP,False,11,0.039302628962323935
baltimore,100,0.0,250.0,4.0,617,GAP,False,12,0.037420470318072836
baltimore,100,0.0,250.0,4.0,617,GAP,False,13,0.05121195245284497
baltimore,100,0.0,250.0,4.0,617,GAP,False,14,0.05537768375574413
baltimore,100,0.0,250.0,4.0,617,GAP,False,15,0.048615774348922565
baltimore,100,0.0,250.0,4.0,617,GAP,False,16,0.0495608662715043
baltimore,100,0.0,250.0,4.0,617,GAP,False,17,0.067339785106552
baltimore,100,0.0,250.0,4.0,617,GAP,False,18,0.06298818004983774
baltimore,100,0.0,250.0,4.0,617,GAP,False,19,0.0734223973774633
baltimore,100,0.0,250.0,4.0,617,GAP,False,20,0.0830472694249478
baltimore,100,0.0,250.0,4.0,617,GAP,False,21,0.08050897353270516
baltimore,100,0.0,250.0,4.0,617,GAP,False,22,0.08631630027032025
baltimore,100,0.0,250.0,4.0,617,GAP,False,23,0.09765900729627179
baltimore,100,0.0,250.0,4.0,617,GAP,False,24,0.09769066476179374
baltimore,100,0.0,250.0,4.0,617,GAP,False,25,0.10663189855226053
baltimore,100,0.0,250.0,4.0,617,GAP,False,26,0.10044405942561352
baltimore,100,0.0,250.0,4.0,617,GAP,False,27,0.11153673865437541
baltimore,100,0.0,250.0,4.0,617,GAP,False,28,0.12237250164821625
baltimore,100,0.0,250.0,4.0,617,GAP,False,29,0.13493324317267613
baltimore,100,0.0,250.0,4.0,617,GAP,False,30,0.14222714562779276
baltimore,100,0.0,250.0,4.0,617,GAP,True,1,0.0065076306390817115
baltimore,100,0.0,250.0,4.0,617,GAP,True,2,0.006703178494960987
baltimore,100,0.0,250.0,4.0,617,GAP,True,3,0.006659952812218712
baltimore,100,0.0,250.0,4.0,617,GAP,True,4,0.0015978209014335908
baltimore,100,0.0,250.0,4.0,617,GAP,True,5,0.006798095306944252
baltimore,100,0.0,250.0,4.0,617,GAP,True,6,0.004672385321938047
baltimore,100,0.0,250.0,4.0,617,GAP,True,7,0.011464702957559185
baltimore,100,0.0,250.0,4.0,617,GAP,True,8,0.006491677023461682
baltimore,100,0.0,250.0,4.0,617,GAP,True,9,0.02476875518266272
baltimore,100,0.0,250.0,4.0,617,GAP,True,10,0.013387038231143799
baltimore,100,0.0,250.0,4.0,617,GAP,True,11,0.02232632849901738
baltimore,100,0.0,250.0,4.0,617,GAP,True,12,0.018950202549408147
baltimore,100,0.0,250.0,4.0,617,GAP,True,13,0.028903301748798394
baltimore,100,0.0,250.0,4.0,617,GAP,True,14,0.03323294708263115
baltimore,100,0.0,250.0,4.0,617,GAP,True,15,0.023637068958956998
baltimore,100,0.0,250.0,4.0,617,GAP,True,16,0.021849743390763385
baltimore,100,0.0,250.0,4.0,617,GAP,True,17,0.04082860105594059
baltimore,100,0.0,250.0,4.0,617,GAP,True,18,0.032538734433712954
baltimore,100,0.0,250.0,4.0,617,GAP,True,19,0.03891625314846258
baltimore,100,0.0,250.0,4.0,617,GAP,True,20,0.04926410452666118
baltimore,100,0.0,250.0,4.0,617,GAP,True,21,0.04299898629330955
baltimore,100,0.0,250.0,4.0,617,GAP,True,22,0.043284610692387905
baltimore,100,0.0,250.0,4.0,617,GAP,True,23,0.05447892694218051
baltimore,100,0.0,250.0,4.0,617,GAP,True,24,0.05153570042253719
baltimore,100,0.0,250.0,4.0,617,GAP,True,25,0.05848930018449904
baltimore,100,0.0,250.0,4.0,617,GAP,True,26,0.05094703426280075
baltimore,100,0.0,250.0,4.0,617,GAP,True,27,0.06003196088712349
baltimore,100,0.0,250.0,4.0,617,GAP,True,28,0.07090709183953467
baltimore,100,0.0,250.0,4.0,617,GAP,True,29,0.08089034936023924
baltimore,100,0.0,250.0,4.0,617,GAP,True,30,0.0907650430003042
baltimore,100,0.0,250.0,4.0,617,PPCA,False,1,0.09774877654451086
baltimore,100,0.0,250.0,4.0,617,PPCA,False,2,0.011028923920700609
baltimore,100,0.0,250.0,4.0,617,PPCA,False,3,0.01863392104225215
baltimore,100,0.0,250.0,4.0,617,PPCA,False,4,0.053424429013859236
baltimore,100,0.0,250.0,4.0,617,PPCA,False,5,0.028074674426424306
baltimore,100,0.0,250.0,4.0,617,PPCA,False,6,0.03306379145323596
baltimore,100,0.0,250.0,4.0,617,PPCA,False,7,0.040209495488727966
baltimore,100,0.0,250.0,4.0,617,PPCA,False,8,0.024514768535777325
baltimore,100,0.0,250.0,4.0,617,PPCA,False,9,0.024571966396538976
baltimore,100,0.0,250.0,4.0,617,PPCA,False,10,0.009905166236583374
baltimore,100,0.0,250.0,4.0,617,PPCA,False,11,0.047146968386880525
baltimore,100,0.0,250.0,4.0,617,PPCA,False,12,0.05088291456110829
baltimore,100,0.0,250.0,4.0,617,PPCA,False,13,0.03473722738148034
baltimore,100,0.0,250.0,4.0,617,PPCA,False,14,0.037136953911200775
baltimore,100,0.0,250.0,4.0,617,PPCA,False,15,0.08214380347508714
baltimore,100,0.0,250.0,4.0,617,PPCA,False,16,0.14239864777166772
baltimore,100,0.0,250.0,4.0,617,PPCA,False,17,0.07617051390076954
baltimore,100,0.0,250.0,4.0,617,PPCA,False,18,0.07397509796653241
baltimore,100,0.0,250.0,4.0,617,PPCA,False,19,0.10022198230218457
baltimore,100,0.0,250.0,4.0,617,PPCA,False,20,0.11882853189332104
baltimore,100,0.0,250.0,4.0,617,PPCA,False,21,0.09159400600129898
baltimore,100,0.0,250.0,4.0,617,PPCA,False,22,0.1659625672122477
baltimore,100,0.0,250.0,4.0,617,PPCA,False,23,0.16783338387667343
baltimore,100,0.0,250.0,4.0,617,PPCA,False,24,0.14638472509539105
baltimore,100,0.0,250.0,4.0,617,PPCA,False,25,0.21120464449615897
baltimore,100,0.0,250.0,4.0,617,PPCA,False,26,0.15506747054552553
baltimore,100,0.0,250.0,4.0,617,PPCA,False,27,0.19962595447204198
baltimore,100,0.0,250.0,4.0,617,PPCA,False,28,0.15617394895897938
baltimore,100,0.0,250.0,4.0,617,PPCA,False,29,0.1577614578192881
baltimore,100,0.0,250.0,4.0,617,PPCA,False,30,0.2021716151702288
baltimore,100,0.0,250.0,4.0,617,PPCA,True,1,0.08787262201613392
baltimore,100,0.0,250.0,4.0,617,PPCA,True,2,0.011019220901006484
baltimore,100,0.0,250.0,4.0,617,PPCA,True,3,0.018891862637748297
baltimore,100,0.0,250.0,4.0,617,PPCA,True,4,0.04536855687244129
baltimore,100,0.0,250.0,4.0,617,PPCA,True,5,0.02342162429725278
baltimore,100,0.0,250.0,4.0,617,PPCA,True,6,0.026608300366076677
baltimore,100,0.0,250.0,4.0,617,PPCA,True,7,0.03238088342993143
baltimore,100,0.0,250.0,4.0,617,PPCA,True,8,0.017227747082788354
baltimore,100,0.0,250.0,4.0,617,PPCA,True,9,0.016978270284265417
baltimore,100,0.0,250.0,4.0,617,PPCA,True,10,0.0035796238414917306
baltimore,100,0.0,250.0,4.0,617,PPCA,True,11,0.03589972041694217
baltimore,100,0.0,250.0,4.0,617,PPCA,True,12,0.03899348908351228
baltimore,100,0.0,250.0,4.0,617,PPCA,True,13,0.022055895880451287
baltimore,100,0.0,250.0,4.0,617,PPCA,True,14,0.02437539134120532
baltimore,100,0.0,250.0,4.0,617,PPCA,True,15,0.0658309841713243
baltimore,100,0.0,250.0,4.0,617,PPCA,True,16,0.11895239573909634
baltimore,100,0.0,250.0,4.0,617,PPCA,True,17,0.05802774931055879
baltimore,100,0.0,250.0,4.0,617,PPCA,True,18,0.05559249971376608
baltimore,100,0.0,250.0,4.0,617,PPCA,True,19,0.0773034579271561
baltimore,100,0.0,250.0,4.0,617,PPCA,True,20,0.09417210640331244
baltimore,100,0.0,250.0,4.0,617,PPCA,True,21,0.06928887056200053
baltimore,100,0.0,250.0,4.0,617,PPCA,True,22,0.1339441964577507
baltimore,100,0.0,250.0,4.0,617,PPCA,True,23,0.13520245699509795
baltimore,100,0.0,250.0,4.0,617,PPCA,True,24,0.11564014651782041
baltimore,100,0.0,250.0,4.0,617,PPCA,True,25,0.17328456319833394
baltimore,100,0.0,250.0,4.0,617,PPCA,True,26,0.12283341109090531
baltimore,100,0.0,250.0,4.0,617,PPCA,True,27,0.16219538263975378
baltimore,100,0.0,250.0,4.0,617,PPCA,True,28,0.12015710457801333
baltimore,100,0.0,250.0,4.0,617,PPCA,True,29,0.12075974040994412
baltimore,100,0.0,250.0,4.0,617,PPCA,True,30,0.1613999179790766
baltimore,100,0.0,250.0,4.0,781,rSC,False,1,0.011128012175428074
baltimore,100,0.0,250.0,4.0,781,rSC,False,2,0.003925786051466402
baltimore,100,0.0,250.0,4.0,781,rSC,False,3,0.0006507519519413121
baltimore,100,0.0,250.0,4.0,781,rSC,False,4,0.017120699458793992
baltimore,100,0.0,250.0,4.0,781,rSC,False,5,0.014320056957410216
baltimore,100,0.0,250.0,4.0,781,rSC,False,6,0.016296733103916605
baltimore,100,0.0,250.0,4.0,781,rSC,False,7,9.520584690497616e-05
baltimore,100,0.0,250.0,4.0,781,rSC,False,8,0.012275738029961897
baltimore,100,0.0,250.0,4.0,781,rSC,False,9,0.025411300774563654
baltimore,100,0.0,250.0,4.0,781,rSC,False,10,0.03810494046533922
baltimore,100,0.0,250.0,4.0,781,rSC,False,11,0.018521506481175135
baltimore,100,0.0,250.0,4.0,781,rSC,False,12,0.024089612752535988
baltimore,100,0.0,250.0,4.0,781,rSC,False,13,0.028241911945977458
baltimore,100,0.0,250.0,4.0,781,rSC,False,14,0.037433205344401296
baltimore,100,0.0,250.0,4.0,781,rSC,False,15,0.02483353102182327
baltimore,100,0.0,250.0,4.0,781,rSC,False,16,0.04046349490646928
baltimore,100,0.0,250.0,4.0,781,rSC,False,17,0.05265392590618378
baltimore,100,0.0,250.0,4.0,781,rSC,False,18,0.048614925783883954
baltimore,100,0.0,250.0,4.0,781,rSC,False,19,0.03967824559797347
baltimore,100,0.0,250.0,4.0,781,rSC,False,20,0.05223422478284331
baltimore,100,0.0,250.0,4.0,781,rSC,False,21,0.05189946103652698
baltimore,100,0.0,250.0,4.0,781,rSC,False,22,0.05322539376750654
baltimore,100,0.0,250.0,4.0,781,rSC,False,23,0.06624736348613322
baltimore,100,0.0,250.0,4.0,781,rSC,False,24,0.08141710466920701
baltimore,100,0.0,250.0,4.0,781,rSC,False,25,0.11164131297829796
baltimore,100,0.0,250.0,4.0,781,rSC,False,26,0.07289095747423201
baltimore,100,0.0,250.0,4.0,781,rSC,False,27,0.07832297708601588
baltimore,100,0.0,250.0,4.0,781,rSC,False,28,0.06688616825124896
baltimore,100,0.0,250.0,4.0,781,rSC,False,29,0.08477987679295394
baltimore,100,0.0,250.0,4.0,781,rSC,False,30,0.0976902489044231
baltimore,100,0.0,250.0,4.0,781,rSC,True,1,0.011128012175428074
baltimore,100,0.0,250.0,4.0,781,rSC,True,2,0.003925786051466402
baltimore,100,0.0,250.0,4.0,781,rSC,True,3,0.0006507519519413121
baltimore,100,0.0,250.0,4.0,781,rSC,True,4,0.017120699458793992
baltimore,100,0.0,250.0,4.0,781,rSC,True,5,0.014320056957410216
baltimore,100,0.0,250.0,4.0,781,rSC,True,6,0.016296733103916605
baltimore,100,0.0,250.0,4.0,781,rSC,True,7,9.520584690497616e-05
baltimore,100,0.0,250.0,4.0,781,rSC,True,8,0.012275738029961897
baltimore,100,0.0,250.0,4.0,781,rSC,True,9,0.025411300774563654
baltimore,100,0.0,250.0,4.0,781,rSC,True,10,0.03810494046533922
baltimore,100,0.0,250.0,4.0,781,rSC,True,11,0.018521506481175135
baltimore,100,0.0,250.0,4.0,781,rSC,True,12,0.024089612752535988
baltimore,100,0.0,250.0,4.0,781,rSC,True,13,0.028241911945977458
baltimore,100,0.0,250.0,4.0,781,rSC,True,14,0.037433205344401296
baltimore,100,0.0,250.0,4.0,781,rSC,True,15,0.02483353102182327
baltimore,100,0.0,250.0,4.0,781,rSC,True,16,0.04046349490646928
baltimore,100,0.0,250.0,4.0,781,rSC,True,17,0.05265392590618378
baltimore,100,0.0,250.0,4.0,781,rSC,True,18,0.048614925783883954
baltimore,100,0.0,250.0,4.0,781,rSC,True,19,0.03967824559797347
baltimore,100,0.0,250.0,4.0,781,rSC,True,20,0.05223422478284331
baltimore,100,0.0,250.0,4.0,781,rSC,True,21,0.05189946103652698
baltimore,100,0.0,250.0,4.0,781,rSC,True,22,0.05322539376750654
baltimore,100,0.0,250.0,4.0,781,rSC,True,23,0.06624736348613322
baltimore,100,0.0,250.0,4.0,781,rSC,True,24,0.08141710466920701
baltimore,100,0.0,250.0,4.0,781,rSC,True,25,0.11164131297829796
baltimore,100,0.0,250.0,4.0,781,rSC,True,26,0.07289095747423201
baltimore,100,0.0,250.0,4.0,781,rSC,True,27,0.07832297708601588
baltimore,100,0.0,250.0,4.0,781,rSC,True,28,0.06688616825124896
baltimore,100,0.0,250.0,4.0,781,rSC,True,29,0.08477987679295394
baltimore,100,0.0,250.0,4.0,781,rSC,True,30,0.0976902489044231
baltimore,100,0.0,250.0,4.0,781,GAP,False,1,0.0003654865759316913
baltimore,100,0.0,250.0,4.0,781,GAP,False,2,0.02459547379137858
baltimore,100,0.0,250.0,4.0,781,GAP,False,3,0.032341635885756434
baltimore,100,0.0,250.0,4.0,781,GAP,False,4,0.015458612979414572
baltimore,100,0.0,250.0,4.0,781,GAP,False,5,0.030891600171330816
baltimore,100,0.0,250.0,4.0,781,GAP,False,6,0.011307805342742028
baltimore,100,0.0,250.0,4.0,781,GAP,False,7,0.017146598123379597
baltimore,100,0.0,250.0,4.0,781,GAP,False,8,0.019900776239753924
baltimore,100,0.0,250.0,4.0,781,GAP,False,9,0.005227299176294837
baltimore,100,0.0,250.0,4.0,781,GAP,False,10,0.009567596553465563
baltimore,100,0.0,250.0,4.0,781,GAP,False,11,0.017304229406363954
baltimore,100,0.0,250.0,4.0,781,GAP,False,12,0.010186782561974589
baltimore,100,0.0,250.0,4.0,781,GAP,False,13,0.031025008093423928
baltimore,100,0.0,250.0,4.0,781,GAP,False,14,0.016273809174406215
baltimore,100,0.0,250.0,4.0,781,GAP,False,15,0.02142860013337976
baltimore,100,0.0,250.0,4.0,781,GAP,False,16,0.020474335550072033
baltimore,100,0.0,250.0,4.0,781,GAP,False,17,0.020198791876681534
baltimore,100,0.0,250.0,4.0,781,GAP,False,18,0.021612941960383714
baltimore,100,0.0,250.0,4.0,781,GAP,False,19,0.03563796643916722
baltimore,100,0.0,250.0,4.0,781,GAP,False,20,0.030179153973728688
baltimore,100,0.0,250.0,4.0,781,GAP,False,21,0.05695778032527848
baltimore,100,0.0,250.0,4.0,781,GAP,False,22,0.04928909251628231
baltimore,100,0.0,250.0,4.0,781,GAP,False,23,0.04719650824115535
baltimore,100,0.0,250.0,4.0,781,GAP,False,24,0.03272778941219477
baltimore,100,0.0,250.0,4.0,781,GAP,False,25,0.0476539927398963
baltimore,100,0.0,250.0,4.0,781,GAP,False,26,0.03547868255134715
baltimore,100,0.0,250.0,4.0,781,GAP,False,27,0.048985691246607295
baltimore,100,0.0,250.0,4.0,781,GAP,False,28,0.05121045284664812
baltimore,100,0.0,250.0,4.0,781,GAP,False,29,0.06271362782726157
baltimore,100,0.0,250.0,4.0,781,GAP,False,30,0.04714699810321348
baltimore,100,0.0,250.0,4.0,781,GAP,True,1,0.012246186907152958
baltimore,100,0.0,250.0,4.0,781,GAP,True,2,0.0025199937710533656
baltimore,100,0.0,250.0,4.0,781,GAP,True,3,0.0018752652629847326
baltimore,100,0.0,250.0,4.0,781,GAP,True,4,0.0026871235665671634
baltimore,100,0.0,250.0,4.0,781,GAP,True,5,0.013571012316414824
baltimore,100,0.0,250.0,4.0,781,GAP,True,6,0.0169609003492041
baltimore,100,0.0,250.0,4.0,781,GAP,True,7,0.028743196079965727
baltimore,100,0.0,250.0,4.0,781,GAP,True,8,0.021841925729182098
baltimore,100,0.0,250.0,4.0,781,GAP,True,9,0.03172934784353799
baltimore,100,0.0,250.0,4.0,781,GAP,True,10,0.03581885995174116
baltimore,100,0.0,250.0,4.0,781,GAP,True,11,0.03766087582763013
baltimore,100,0.0,250.0,4.0,781,GAP,True,12,0.04291687295074499
baltimore,100,0.0,250.0,4.0,781,GAP,True,13,0.0477039627715311
baltimore,100,0.0,250.0,4.0,781,GAP,True,14,0.05844763530876612
baltimore,100,0.0,250.0,4.0,781,GAP,True,15,0.06288642747453743
baltimore,100,0.0,250.0,4.0,781,GAP,True,16,0.07127954496772838
baltimore,100,0.0,250.0,4.0,781,GAP,True,17,0.07720170505462205
baltimore,100,0.0,250.0,4.0,781,GAP,True,18,0.08508390668882192
baltimore,100,0.0,250.0,4.0,781,GAP,True,19,0.08231919737734944
baltimore,100,0.0,250.0,4.0,781,GAP,True,20,0.09354466465076519
baltimore,100,0.0,250.0,4.0,781,GAP,True,21,0.08395172117109906
baltimore,100,0.0,250.0,4.0,781,GAP,True,22,0.1067627658915837
baltimore,100,0.0,250.0,4.0,781,GAP,True,23,0.10813977622909644
baltimore,100,0.0,250.0,4.0,781,GAP,True,24,0.11782334783766892
baltimore,100,0.0,250.0,4.0,781,GAP,True,25,0.12009603459713046
baltimore,100,0.0,250.0,4.0,781,GAP,True,26,0.13121076110044128
baltimore,100,0.0,250.0,4.0,781,GAP,True,27,0.13771666390535106
baltimore,100,0.0,250.0,4.0,781,GAP,True,28,0.14424352367368845
baltimore,100,0.0,250.0,4.0,781,GAP,True,29,0.1427514210828766
baltimore,100,0.0,250.0,4.0,781,GAP,True,30,0.15481273571563087
baltimore,100,0.0,250.0,4.0,781,PPCA,False,1,0.007353151946311077
baltimore,100,0.0,250.0,4.0,781,PPCA,False,2,0.0037837852397305553
baltimore,100,0.0,250.0,4.0,781,PPCA,False,3,0.006153604344002546
baltimore,100,0.0,250.0,4.0,781,PPCA,False,4,0.0006670147809418709
baltimore,100,0.0,250.0,4.0,781,PPCA,False,5,0.012432272672448504
baltimore,100,0.0,250.0,4.0,781,PPCA,False,6,0.012157532363968953
baltimore,100,0.0,250.0,4.0,781,PPCA,False,7,0.02895457547213652
baltimore,100,0.0,250.0,4.0,781,PPCA,False,8,0.020453219030000518
baltimore,100,0.0,250.0,4.0,781,PPCA,False,9,0.0299424234346575
baltimore,100,0.0,250.0,4.0,781,PPCA,False,10,0.033711323714005245
baltimore,100,0.0,250.0,4.0,781,PPCA,False,11,0.038982248143297704
baltimore,100,0.0,250.0,4.0,781,PPCA,False,12,0.04650684966917309
baltimore,100,0.0,250.0,4.0,781,PPCA,False,13,0.05596935109822209
baltimore,100,0.0,250.0,4.0,781,PPCA,False,14,0.05909166763304311
baltimore,100,0.0,250.0,4.0,781,PPCA,False,15,0.06764643561209548
baltimore,100,0.0,250.0,4.0,781,PPCA,False,16,0.07046018798694531
baltimore,100,0.0,250.0,4.0,781,PPCA,False,17,0.08404180268653764
baltimore,100,0.0,250.0,4.0,781,PPCA,False,18,0.09761583490239835
baltimore,100,0.0,250.0,4.0,781,PPCA,False,19,0.0880379914467772
baltimore,100,0.0,250.0,4.0,781,PPCA,False,20,0.0964343106181804
baltimore,100,0.0,250.0,4.0,781,PPCA,False,21,0.09463760533035477
baltimore,100,0.0,250.0,4.0,781,PPCA,False,22,0.12106021578787787
baltimore,100,0.0,250.0,4.0,781,PPCA,False,23,0.12405048688346432
baltimore,100,0.0,250.0,4.0,781,PPCA,False,24,0.1322344848895824
baltimore,100,0.0,250.0,4.0,781,PPCA,False,25,0.13278735664065844
baltimore,100,0.0,250.0,4.0,781,PPCA,False,26,0.14467646899795575
baltimore,100,0.0,250.0,4.0,781,PPCA,False,27,0.15347866833859378
baltimore,100,0.0,250.0,4.0,781,PPCA,False,28,0.15957195306471736
baltimore,100,0.0,250.0,4.0,781,PPCA,False,29,0.15784640726838145
baltimore,100,0.0,250.0,4.0,781,PPCA,False,30,0.16387068954882472
baltimore,100,0.0,250.0,4.0,781,PPCA,True,1,0.01285954583606015
baltimore,100,0.0,250.0,4.0,781,PPCA,True,2,0.000791148502009188
baltimore,100,0.0,250.0,4.0,781,PPCA,True,3,0.008390291816462269
baltimore,100,0.0,250.0,4.0,781,PPCA,True,4,0.005141485062962585
baltimore,100,0.0,250.0,4.0,781,PPCA,True,5,0.01995490300582559
baltimore,100,0.0,250.0,4.0,781,PPCA,True,6,0.019910958986807527
baltimore,100,0.0,250.0,4.0,781,PPCA,True,7,0.03645069795268472
baltimore,100,0.0,250.0,4.0,781,PPCA,True,8,0.028612789162861838
baltimore,100,0.0,250.0,4.0,781,PPCA,True,9,0.036599830485746984
baltimore,100,0.0,250.0,4.0,781,PPCA,True,10,0.04165408997209429
baltimore,100,0.0,250.0,4.0,781,PPCA,True,11,0.045688216525833956
baltimore,100,0.0,250.0,4.0,781,PPCA,True,12,0.05247288038390381
baltimore,100,0.0,250.0,4.0,781,PPCA,True,13,0.06115158438756621
baltimore,100,0.0,250.0,4.0,781,PPCA,True,14,0.06876247256686366
baltimore,100,0.0,250.0,4.0,781,PPCA,True,15,0.07636205382395363
baltimore,100,0.0,250.0,4.0,781,PPCA,True,16,0.08380777888561493
baltimore,100,0.0,250.0,4.0,781,PPCA,True,17,0.09276039276465722
baltimore,100,0.0,250.0,4.0,781,PPCA,True,18,0.10396594237520461
baltimore,100,0.0,250.0,4.0,781,PPCA,True,19,0.09936623283018155
baltimore,100,0.0,250.0,4.0,781,PPCA,True,20,0.11081559816941178
baltimore,100,0.0,250.0,4.0,781,PPCA,True,21,0.10680166231398674
baltimore,100,0.0,250.0,4.0,781,PPCA,True,22,0.13087638299672763
baltimore,100,0.0,250.0,4.0,781,PPCA,True,23,0.1331975254470211
baltimore,100,0.0,250.0,4.0,781,PPCA,True,24,0.141682701272373
baltimore,100,0.0,250.0,4.0,781,PPCA,True,25,0.1462119538204128
baltimore,100,0.0,250.0,4.0,781,PPCA,True,26,0.1571186808585544
baltimore,100,0.0,250.0,4.0,781,PPCA,True,27,0.16712156492530097
baltimore,100,0.0,250.0,4.0,781,PPCA,True,28,0.17452494527770343
baltimore,100,0.0,250.0,4.0,781,PPCA,True,29,0.1739875359178519
baltimore,100,0.0,250.0,4.0,781,PPCA,True,30,0.1827181234525506
baltimore,100,0.0,100000.0,0.01,617,rSC,False,1,0.004129827949852516
baltimore,100,0.0,100000.0,0.01,617,rSC,False,2,0.0052223779252658364
baltimore,100,0.0,100000.0,0.01,617,rSC,False,3,0.00999412608061316
baltimore,100,0.0,100000.0,0.01,617,rSC,False,4,0.013492654342628307
baltimore,100,0.0,100000.0,0.01,617,rSC,False,5,0.006362908457810877
baltimore,100,0.0,100000.0,0.01,617,rSC,False,6,0.024416345958369313
baltimore,100,0.0,100000.0,0.01,617,rSC,False,7,0.015931366583346786
baltimore,100,0.0,100000.0,0.01,617,rSC,False,8,0.011830851670718566
baltimore,100,0.0,100000.0,0.01,617,rSC,False,9,0.04769700660117267
baltimore,100,0.0,100000.0,0.01,617,rSC,False,10,0.02431386763411999
baltimore,100,0.0,100000.0,0.01,617,rSC,False,11,0.03632794161409952
baltimore,100,0.0,100000.0,0.01,617,rSC,False,12,0.03065402866182237
baltimore,100,0.0,100000.0,0.01,617,rSC,False,13,0.05157528528643365
baltimore,100,0.0,100000.0,0.01,617,rSC,False,14,0.06210821985121682
baltimore,100,0.0,100000.0,0.01,617,rSC,False,15,0.05990275378810091
baltimore,100,0.0,100000.0,0.01,617,rSC,False,16,0.05008804470328047
baltimore,100,0.0,100000.0,0.01,617,rSC,False,17,0.08204678277267877
baltimore,100,0.0,100000.0,0.01,617,rSC,False,18,0.07109526632853337
baltimore,100,0.0,100000.0,0.01,617,rSC,False,19,0.08285771538909602
baltimore,100,0.0,100000.0,0.01,617,rSC,False,20,0.09109919190137183
baltimore,100,0.0,100000.0,0.01,617,rSC,False,21,0.09630503231259613
baltimore,100,0.0,100000.0,0.01,617,rSC,False,22,0.08921389821004175
baltimore,100,0.0,100000.0,0.01,617,rSC,False,23,0.10722092269293534
baltimore,100,0.0,100000.0,0.01,617,rSC,False,24,0.12794843635813863
baltimore,100,0.0,100000.0,0.01,617,rSC,False,25,0.0997026911067725
baltimore,100,0.0,100000.0,0.01,617,rSC,False,26,0.10927259702300324
baltimore,100,0.0,100000.0,0.01,617,rSC,False,27,0.12309743712923386
baltimore,100,0.0,100000.0,0.01,617,rSC,False,28,0.13219618014222875
baltimore,100,0.0,100000.0,0.01,617,rSC,False,29,0.1452983295170704
baltimore,100,0.0,100000.0,0.01,617,rSC,False,30,0.14829732424137135
baltimore,100,0.0,100000.0,0.01,617,rSC,True,1,0.004129827949852516
baltimore,100,0.0,100000.0,0.01,617,rSC,True,2,0.0052223779252658364
baltimore,100,0.0,100000.0,0.01,617,rSC,True,3,0.00999412608061316
baltimore,100,0.0,100000.0,0.01,617,rSC,True,4,0.013492654342628307
baltimore,100,0.0,100000.0,0.01,617,rSC,True,5,0.006362908457810877
baltimore,100,0.0,100000.0,0.01,617,rSC,True,6,0.024416345958369313
baltimore,100,0.0,100000.0,0.01,617,rSC,True,7,0.015931366583346786
baltimore,100,0.0,100000.0,0.01,617,rSC,True,8,0.011830851670718566
baltimore,100,0.0,100000.0,0.01,617,rSC,True,9,0.04769700660117267
baltimore,100,0.0,100000.0,0.01,617,rSC,True,10,0.02431386763411999
baltimore,100,0.0,100000.0,0.01,617,rSC,True,11,0.03632794161409952
baltimore,100,0.0,100000.0,0.01,617,rSC,True,12,0.03065402866182237
baltimore,100,0.0,100000.0,0.01,617,rSC,True,13,0.05157528528643365
baltimore,100,0.0,100000.0,0.01,617,rSC,True,14,0.06210821985121682
baltimore,100,0.0,100000.0,0.01,617,rSC,True,15,0.05990275378810091
baltimore,100,0.0,100000.0,0.01,617,rSC,True,16,0.05008804470328047
baltimore,100,0.0,100000.0,0.01,617,rSC,True,17,0.08204678277267877
baltimore,100,0.0,100000.0,0.01,617,rSC,True,18,0.07109526632853337
baltimore,100,0.0,100000.0,0.01,617,rSC,True,19,0.08285771538909602
baltimore,100,0.0,100000.0,0.01,617,rSC,True,20,0.09109919190137183
baltimore,100,0.0,100000.0,0.01,617,rSC,True,21,0.09630503231259613
baltimore,100,0.0,100000.0,0.01,617,rSC,True,22,0.08921389821004175
baltimore,100,0.0,100000.0,0.01,617,rSC,True,23,0.10722092269293534
baltimore,100,0.0,100000.0,0.01,617,rSC,True,24,0.12794843635813863
baltimore,100,0.0,100000.0,0.01,617,rSC,True,25,0.0997026911067725
baltimore,100,0.0,100000.0,0.01,617,rSC,True,26,0.10927259702300324
baltimore,100,0.0,100000.0,0.01,617,rSC,True,27,0.12309743712923386
baltimore,100,0.0,100000.0,0.01,617,rSC,True,28,0.13219618014222875
baltimore,100,0.0,100000.0,0.01,617,rSC,True,29,0.1452983295170704
baltimore,100,0.0,100000.0,0.01,617,rSC,True,30,0.14829732424137135
baltimore,100,0.0,100000.0,0.01,617,GAP,False,1,0.0034128875766068207
baltimore,100,0.0,100000.0,0.01,617,GAP,False,2,0.002555982670305649
baltimore,100,0.0,100000.0,0.01,617,GAP,False,3,0.005428636788510391
baltimore,100,0.0,100000.0,0.01,617,GAP,False,4,1.757000657129713e-05
baltimore,100,0.0,100000.0,0.01,617,GAP,False,5,0.009589258616523249
baltimore,100,0.0,100000.0,0.01,617,GAP,False,6,0.0034350722614622264
baltimore,100,0.0,100000.0,0.01,617,GAP,False,7,0.0015508325132362558
baltimore,100,0.0,100000.0,0.01,617,GAP,False,8,0.0055980514294235745
baltimore,100,0.0,100000.0,0.01,617,GAP,False,9,0.006875150727621679
baltimore,100,0.0,100000.0,0.01,617,GAP,False,10,0.007591616062852866
baltimore,100,0.0,100000.0,0.01,617,GAP,False,11,0.00043857346240165976
baltimore,100,0.0,100000.0,0.01,617,GAP,False,12,0.006385647203929397
baltimore,100,0.0,100000.0,0.01,617,GAP,False,13,0.0026601415600770863
baltimore,100,0.0,100000.0,0.01,617,GAP,False,14,0.002284082394827533
baltimore,100,0.0,100000.0,0.01,617,GAP,False,15,0.009724646279782284
baltimore,100,0.0,100000.0,0.01,617,GAP,False,16,0.013486515902164646
baltimore,100,0.0,100000.0,0.01,617,GAP,False,17,0.0023052898704888527
baltimore,100,0.0,100000.0,0.01,617,GAP,False,18,0.01180413985979561
baltimore,100,0.0,100000.0,0.01,617,GAP,False,19,0.006186316109539675
baltimore,100,0.0,100000.0,0.01,617,GAP,False,20,0.0022576289124708504
baltimore,100,0.0,100000.0,0.01,617,GAP,False,21,0.010215110494597881
baltimore,100,0.0,100000.0,0.01,617,GAP,False,22,0.009524044664190918
baltimore,100,0.0,100000.0,0.01,617,GAP,False,23,0.0040472987260546395
baltimore,100,0.0,100000.0,0.01,617,GAP,False,24,0.010073327517757198
baltimore,100,0.0,100000.0,0.01,617,GAP,False,25,0.007393104104758335
baltimore,100,0.0,100000.0,0.01,617,GAP,False,26,0.019048719841739437
baltimore,100,0.0,100000.0,0.01,617,GAP,False,27,0.014213663706429978
baltimore,100,0.0,100000.0,0.01,617,GAP,False,28,0.010262221553420211
baltimore,100,0.0,100000.0,0.01,617,GAP,False,29,0.004157323200503557
baltimore,100,0.0,100000.0,0.01,617,GAP,False,30,0.004281528114934434
baltimore,100,0.0,100000.0,0.01,617,GAP,True,1,0.006129458277281158
baltimore,100,0.0,100000.0,0.01,617,GAP,True,2,0.006406641774456345
baltimore,100,0.0,100000.0,0.01,617,GAP,True,3,0.010147403678281168
baltimore,100,0.0,100000.0,0.01,617,GAP,True,4,0.00708893500590524
baltimore,100,0.0,100000.0,0.01,617,GAP,True,5,0.01676236449618294
baltimore,100,0.0,100000.0,0.01,617,GAP,True,6,0.010217084303919611
baltimore,100,0.0,100000.0,0.01,617,GAP,True,7,0.0068936431516576375
baltimore,100,0.0,100000.0,0.01,617,GAP,True,8,0.01502158944431727
baltimore,100,0.0,100000.0,0.01,617,GAP,True,9,0.0035700591620082787
baltimore,100,0.0,100000.0,0.01,617,GAP,True,10,0.018258843845463023
baltimore,100,0.0,100000.0,0.01,617,GAP,True,11,0.012958941914309987
baltimore,100,0.0,100000.0,0.01,617,GAP,True,12,0.02116406333194827
baltimore,100,0.0,100000.0,0.01,617,GAP,True,13,0.015587835417431046
baltimore,100,0.0,100000.0,0.01,617,GAP,True,14,0.016373999212356927
baltimore,100,0.0,100000.0,0.01,617,GAP,True,15,0.03020418181745722
baltimore,100,0.0,100000.0,0.01,617,GAP,True,16,0.03621674159649357
baltimore,100,0.0,100000.0,0.01,617,GAP,True,17,0.024722385887264307
baltimore,100,0.0,100000.0,0.01,617,GAP,True,18,0.03687159177220734
baltimore,100,0.0,100000.0,0.01,617,GAP,True,19,0.03476487787198811
baltimore,100,0.0,100000.0,0.01,617,GAP,True,20,0.031406577926423075
baltimore,100,0.0,100000.0,0.01,617,GAP,True,21,0.04162570213841561
baltimore,100,0.0,100000.0,0.01,617,GAP,True,22,0.04493447152746186
baltimore,100,0.0,100000.0,0.01,617,GAP,True,23,0.040779166304356095
baltimore,100,0.0,100000.0,0.01,617,GAP,True,24,0.048354535747227166
baltimore,100,0.0,100000.0,0.01,617,GAP,True,25,0.046797065166579645
baltimore,100,0.0,100000.0,0.01,617,GAP,True,26,0.05971508437423528
baltimore,100,0.0,100000.0,0.01,617,GAP,True,27,0.05638116968123049
baltimore,100,0.0,100000.0,0.01,617,GAP,True,28,0.05309873911019167
baltimore,100,0.0,100000.0,0.01,617,GAP,True,29,0.0493814475023244
baltimore,100,0.0,100000.0,0.01,617,GAP,True,30,0.04765776270643612
baltimore,100,0.0,100000.0,0.01,617,PPCA,False,1,0.06562840938790758
baltimore,100,0.0,100000.0,0.01,617,PPCA,False,2,0.0029625246771861264
baltimore,100,0.0,100000.0,0.01,617,PPCA,False,3,0.006006804882430598
baltimore,100,0.0,100000.0,0.01,617,PPCA,False,4,0.03737613101998621
baltimore,100,0.0,100000.0,0.01,617,PPCA,False,5,0.02656659018359379
baltimore,100,0.0,100000.0,0.01,617,PPCA,False,6,0.028383723960154438
baltimore,100,0.0,100000.0,0.01,617,PPCA,False,7,0.032090110803011565
baltimore,100,0.0,100000.0,0.01,617,PPCA,False,8,0.023723209277310035
baltimore,100,0.0,100000.0,0.01,617,PPCA,False,9,0.024450877225071714
baltimore,100,0.0,100000.0,0.01,617,PPCA,False,10,0.0185889987957053
baltimore,100,0.0,100000.0,0.01,617,PPCA,False,11,0.0397073251581314
baltimore,100,0.0,100000.0,0.01,617,PPCA,False,12,0.046178303656844825
baltimore,100,0.0,100000.0,0.01,617,PPCA,False,13,0.03380831444320722
baltimore,100,0.0,100000.0,0.01,617,PPCA,False,14,0.03741895224391132
baltimore,100,0.0,100000.0,0.01,617,PPCA,False,15,0.0711150069672186
baltimore,100,0.0,100000.0,0.01,617,PPCA,False,16,0.11064911088836528
baltimore,100,0.0,100000.0,0.01,617,PPCA,False,17,0.06833374862580117
baltimore,100,0.0,100000.0,0.01,617,PPCA,False,18,0.07062740982994788
baltimore,100,0.0,100000.0,0.01,617,PPCA,False,19,0.08549054373836312
baltimore,100,0.0,100000.0,0.01,617,PPCA,False,20,0.09943828502366271
baltimore,100,0.0,100000.0,0.01,617,PPCA,False,21,0.08513065765781329
baltimore,100,0.0,100000.0,0.01,617,PPCA,False,22,0.13055006530884553
baltimore,100,0.0,100000.0,0.01,617,PPCA,False,23,0.13309168439226496
baltimore,100,0.0,100000.0,0.01,617,PPCA,False,24,0.12332755972387102
baltimore,100,0.0,100000.0,0.01,617,PPCA,False,25,0.16235614705577567
baltimore,100,0.0,100000.0,0.01,617,PPCA,False,26,0.133707093227375
baltimore,100,0.0,100000.0,0.01,617,PPCA,False,27,0.16154248081911857
baltimore,100,0.0,100000.0,0.01,617,PPCA,False,28,0.13403652560359433
baltimore,100,0.0,100000.0,0.01,617,PPCA,False,29,0.13521166099828263
baltimore,100,0.0,100000.0,0.01,617,PPCA,False,30,0.16664919170681003
baltimore,100,0.0,100000.0,0.01,617,PPCA,True,1,0.050693364775351066
baltimore,100,0.0,100000.0,0.01,617,PPCA,True,2,0.004677428759102212
baltimore,100,0.0,100000.0,0.01,617,PPCA,True,3,0.006256505675710987
baltimore,100,0.0,100000.0,0.01,617,PPCA,True,4,0.025668706881462326
baltimore,100,0.0,100000.0,0.01,617,PPCA,True,5,0.020630227624154042
baltimore,100,0.0,100000.0,0.01,617,PPCA,True,6,0.020707430707033347
baltimore,100,0.0,100000.0,0.01,617,PPCA,True,7,0.022275295571481103
baltimore,100,0.0,100000.0,0.01,617,PPCA,True,8,0.015565657401636184
baltimore,100,0.0,100000.0,0.01,617,PPCA,True,9,0.01620372284387384
baltimore,100,0.0,100000.0,0.01,617,PPCA,True,10,0.01271898886481029
baltimore,100,0.0,100000.0,0.01,617,PPCA,True,11,0.02711156707419714
baltimore,100,0.0,100000.0,0.01,617,PPCA,True,12,0.03267604359986088
baltimore,100,0.0,100000.0,0.01,617,PPCA,True,13,0.021814038723235136
baltimore,100,0.0,100000.0,0.01,617,PPCA,True,14,0.02480047379675375
baltimore,100,0.0,100000.0,0.01,617,PPCA,True,15,0.05438588539945897
baltimore,100,0.0,100000.0,0.01,617,PPCA,True,16,0.08500121531052658
baltimore,100,0.0,100000.0,0.01,617,PPCA,True,17,0.0509997581637133
baltimore,100,0.0,100000.0,0.01,617,PPCA,True,18,0.05396092312555236
baltimore,100,0.0,100000.0,0.01,617,PPCA,True,19,0.0635504459330867
baltimore,100,0.0,100000.0,0.01,617,PPCA,True,20,0.07552050442117386
baltimore,100,0.0,100000.0,0.01,617,PPCA,True,21,0.06480504927713604
baltimore,100,0.0,100000.0,0.01,617,PPCA,True,22,0.09858726480583815
baltimore,100,0.0,100000.0,0.01,617,PPCA,True,23,0.10055239872440459
baltimore,100,0.0,100000.0,0.01,617,PPCA,True,24,0.09362791324164814
baltimore,100,0.0,100000.0,0.01,617,PPCA,True,25,0.12323361479263042
baltimore,100,0.0,100000.0,0.01,617,PPCA,True,26,0.10296406143743413
baltimore,100,0.0,100000.0,0.01,617,PPCA,True,27,0.12445411495182995
baltimore,100,0.0,100000.0,0.01,617,PPCA,True,28,0.10203705777697024
baltimore,100,0.0,100000.0,0.01,617,PPCA,True,29,0.10135291307223043
baltimore,100,0.0,100000.0,0.01,617,PPCA,True,30,0.12851201562533468
baltimore,100,0.0,100000.0,0.01,781,rSC,False,1,0.011128012175428074
baltimore,100,0.0,100000.0,0.01,781,rSC,False,2,0.003925786051466402
baltimore,100,0.0,100000.0,0.01,781,rSC,False,3,0.0006507519519413121
baltimore,100,0.0,100000.0,0.01,781,rSC,False,4,0.017120699458793992
baltimore,100,0.0,100000.0,0.01,781,rSC,False,5,0.014320056957410216
baltimore,100,0.0,100000.0,0.01,781,rSC,False,6,0.016296733103916605
baltimore,100,0.0,100000.0,0.01,781,rSC,False,7,9.520584690497616e-05
baltimore,100,0.0,100000.0,0.01,781,rSC,False,8,0.012275738029961897
baltimore,100,0.0,100000.0,0.01,781,rSC,False,9,0.025411300774563654
baltimore,100,0.0,100000.0,0.01,781,rSC,False,10,0.03810494046533922
baltimore,100,0.0,100000.0,0.01,781,rSC,False,11,0.018521506481175135
baltimore,100,0.0,100000.0,0.01,781,rSC,False,12,0.024089612752535988
baltimore,100,0.0,100000.0,0.01,781,rSC,False,13,0.028241911945977458
baltimore,100,0.0,100000.0,0.01,781,rSC,False,14,0.037433205344401296
baltimore,100,0.0,100000.0,0.01,781,rSC,False,15,0.02483353102182327
baltimore,100,0.0,100000.0,0.01,781,rSC,False,16,0.04046349490646928
baltimore,100,0.0,100000.0,0.01,781,rSC,False,17,0.05265392590618378
baltimore,100,0.0,100000.0,0.01,781,rSC,False,18,0.048614925783883954
baltimore,100,0.0,100000.0,0.01,781,rSC,False,19,0.03967824559797347
baltimore,100,0.0,100000.0,0.01,781,rSC,False,20,0.05223422478284331
baltimore,100,0.0,100000.0,0.01,781,rSC,False,21,0.05189946103652698
baltimore,100,0.0,100000.0,0.01,781,rSC,False,22,0.05322539376750654
baltimore,100,0.0,100000.0,0.01,781,rSC,False,23,0.06624736348613322
baltimore,100,0.0,100000.0,0.01,781,rSC,False,24,0.08141710466920701
baltimore,100,0.0,100000.0,0.01,781,rSC,False,25,0.11164131297829796
baltimore,100,0.0,100000.0,0.01,781,rSC,False,26,0.07289095747423201
baltimore,100,0.0,100000.0,0.01,781,rSC,False,27,0.07832297708601588
baltimore,100,0.0,100000.0,0.01,781,rSC,False,28,0.06688616825124896
baltimore,100,0.0,100000.0,0.01,781,rSC,False,29,0.08477987679295394
baltimore,100,0.0,100000.0,0.01,781,rSC,False,30,0.0976902489044231
baltimore,100,0.0,100000.0,0.01,781,rSC,True,1,0.011128012175428074
baltimore,100,0.0,100000.0,0.01,781,rSC,True,2,0.003925786051466402
baltimore,100,0.0,100000.0,0.01,781,rSC,True,3,0.0006507519519413121
baltimore,100,0.0,100000.0,0.01,781,rSC,True,4,0.017120699458793992
baltimore,100,0.0,100000.0,0.01,781,rSC,True,5,0.014320056957410216
baltimore,100,0.0,100000.0,0.01,781,rSC,True,6,0.016296733103916605
baltimore,100,0.0,100000.0,0.01,781,rSC,True,7,9.520584690497616e-05
baltimore,100,0.0,100000.0,0.01,781,rSC,True,8,0.012275738029961897
baltimore,100,0.0,100000.0,0.01,781,rSC,True,9,0.025411300774563654
baltimore,100,0.0,100000.0,0.01,781,rSC,True,10,0.03810494046533922
baltimore,100,0.0,100000.0,0.01,781,rSC,True,11,0.018521506481175135
baltimore,100,0.0,100000.0,0.01,781,rSC,True,12,0.024089612752535988
baltimore,100,0.0,100000.0,0.01,781,rSC,True,13,0.028241911945977458
baltimore,100,0.0,100000.0,0.01,781,rSC,True,14,0.037433205344401296
baltimore,100,0.0,100000.0,0.01,781,rSC,True,15,0.02483353102182327
baltimore,100,0.0,100000.0,0.01,781,rSC,True,16,0.04046349490646928
baltimore,100,0.0,100000.0,0.01,781,rSC,True,17,0.05265392590618378
baltimore,100,0.0,100000.0,0.01,781,rSC,True,18,0.048614925783883954
baltimore,100,0.0,100000.0,0.01,781,rSC,True,19,0.03967824559797347
baltimore,100,0.0,100000.0,0.01,781,rSC,True,20,0.05223422478284331
baltimore,100,0.0,100000.0,0.01,781,rSC,True,21,0.05189946103652698
baltimore,100,0.0,100000.0,0.01,781,rSC,True,22,0.05322539376750654
baltimore,100,0.0,100000.0,0.01,781,rSC,True,23,0.06624736348613322
baltimore,100,0.0,100000.0,0.01,781,rSC,True,24,0.08141710466920701
baltimore,100,0.0,100000.0,0.01,781,rSC,True,25,0.11164131297829796
baltimore,100,0.0,100000.0,0.01,781,rSC,True,26,0.07289095747423201
baltimore,100,0.0,100000.0,0.01,781,rSC,True,27,0.07832297708601588
baltimore,100,0.0,100000.0,0.01,781,rSC,True,28,0.06688616825124896
baltimore,100,0.0,100000.0,0.01,781,rSC,True,29,0.08477987679295394
baltimore,100,0.0,100000.0,0.01,781,rSC,True,30,0.0976902489044231
baltimore,100,0.0,100000.0,0.01,781,GAP,False,1,0.0044909325972885715
baltimore,100,0.0,100000.0,0.01,781,GAP,False,2,0.017983693448412486
baltimore,100,0.0,100000.0,0.01,781,GAP,False,3,0.024180386057296284
baltimore,100,0.0,100000.0,0.01,781,GAP,False,4,0.017182302611778055
baltimore,100,0.0,100000.0,0.01,781,GAP,False,5,0.02833592236851141
baltimore,100,0.0,100000.0,0.01,781,GAP,False,6,0.019004196695888778
baltimore,100,0.0,100000.0,0.01,781,GAP,False,7,0.02279779963534539
baltimore,100,0.0,100000.0,0.01,781,GAP,False,8,0.03162856579906919
baltimore,100,0.0,100000.0,0.01,781,GAP,False,9,0.024960202012887758
baltimore,100,0.0,100000.0,0.01,781,GAP,False,10,0.03208290629503831
baltimore,100,0.0,100000.0,0.01,781,GAP,False,11,0.04139774896873666
baltimore,100,0.0,100000.0,0.01,781,GAP,False,12,0.03907552054091305
baltimore,100,0.0,100000.0,0.01,781,GAP,False,13,0.0572738132322873
baltimore,100,0.0,100000.0,0.01,781,GAP,False,14,0.0509279524725214
baltimore,100,0.0,100000.0,0.01,781,GAP,False,15,0.057944016903297535
baltimore,100,0.0,100000.0,0.01,781,GAP,False,16,0.05961801426463263
baltimore,100,0.0,100000.0,0.01,781,GAP,False,17,0.06421848606105178
baltimore,100,0.0,100000.0,0.01,781,GAP,False,18,0.0678733388571945
baltimore,100,0.0,100000.0,0.01,781,GAP,False,19,0.08474070088590827
baltimore,100,0.0,100000.0,0.01,781,GAP,False,20,0.08360794178091348
baltimore,100,0.0,100000.0,0.01,781,GAP,False,21,0.1079458812405342
baltimore,100,0.0,100000.0,0.01,781,GAP,False,22,0.10368158408994975
baltimore,100,0.0,100000.0,0.01,781,GAP,False,23,0.1082787090624943
baltimore,100,0.0,100000.0,0.01,781,GAP,False,24,0.10173888063267461
baltimore,100,0.0,100000.0,0.01,781,GAP,False,25,0.11715718663047593
baltimore,100,0.0,100000.0,0.01,781,GAP,False,26,0.11282214606272555
baltimore,100,0.0,100000.0,0.01,781,GAP,False,27,0.12568747820028628
baltimore,100,0.0,100000.0,0.01,781,GAP,False,28,0.13172211833707392
baltimore,100,0.0,100000.0,0.01,781,GAP,False,29,0.14596005902761752
baltimore,100,0.0,100000.0,0.01,781,GAP,False,30,0.13999683759206413
baltimore,100,0.0,100000.0,0.01,781,GAP,True,1,0.012242897745771383
baltimore,100,0.0,100000.0,0.01,781,GAP,True,2,0.004464329217941455
baltimore,100,0.0,100000.0,0.01,781,GAP,True,3,0.003810854434590607
baltimore,100,0.0,100000.0,0.01,781,GAP,True,4,0.007511081955398978
baltimore,100,0.0,100000.0,0.01,781,GAP,True,5,0.001331323648722494
baltimore,100,0.0,100000.0,0.01,781,GAP,True,6,0.003232611857362269
baltimore,100,0.0,100000.0,0.01,781,GAP,True,7,0.003220948108514934
baltimore,100,0.0,100000.0,0.01,781,GAP,True,8,0.009130889096152716
baltimore,100,0.0,100000.0,0.01,781,GAP,True,9,0.005129794101194588
baltimore,100,0.0,100000.0,0.01,781,GAP,True,10,0.006880406371780082
baltimore,100,0.0,100000.0,0.01,781,GAP,True,11,0.011021424448793006
baltimore,100,0.0,100000.0,0.01,781,GAP,True,12,0.011830623031572783
baltimore,100,0.0,100000.0,0.01,781,GAP,True,13,0.013292159349357471
baltimore,100,0.0,100000.0,0.01,781,GAP,True,14,0.009226112636281975
baltimore,100,0.0,100000.0,0.01,781,GAP,True,15,0.011133596069211948
baltimore,100,0.0,100000.0,0.01,781,GAP,True,16,0.009430000106945658
baltimore,100,0.0,100000.0,0.01,781,GAP,True,17,0.010306067129786422
baltimore,100,0.0,100000.0,0.01,781,GAP,True,18,0.009210494704689627
baltimore,100,0.0,100000.0,0.01,781,GAP,True,19,0.01842460919178312
baltimore,100,0.0,100000.0,0.01,781,GAP,True,20,0.014571699390152714
baltimore,100,0.0,100000.0,0.01,781,GAP,True,21,0.030413975427207276
baltimore,100,0.0,100000.0,0.01,781,GAP,True,22,0.015593228398005816
baltimore,100,0.0,100000.0,0.01,781,GAP,True,23,0.021232781880870803
baltimore,100,0.0,100000.0,0.01,781,GAP,True,24,0.018959935506107133
baltimore,100,0.0,100000.0,0.01,781,GAP,True,25,0.02388466026141773
baltimore,100,0.0,100000.0,0.01,781,GAP,True,26,0.020539655920820892
baltimore,100,0.0,100000.0,0.01,781,GAP,True,27,0.02172249423690408
baltimore,100,0.0,100000.0,0.01,781,GAP,True,28,0.022813328149830194
baltimore,100,0.0,100000.0,0.01,781,GAP,True,29,0.03138948672358636
baltimore,100,0.0,100000.0,0.01,781,GAP,True,30,0.027454157176860856
baltimore,100,0.0,100000.0,0.01,781,PPCA,False,1,0.008379649357891282
baltimore,100,0.0,100000.0,0.01,781,PPCA,False,2,0.005255416509937441
baltimore,100,0.0,100000.0,0.01,781,PPCA,False,3,0.0003153900609331792
baltimore,100,0.0,100000.0,0.01,781,PPCA,False,4,0.008306934019165586
baltimore,100,0.0,100000.0,0.01,781,PPCA,False,5,0.0006274933110309702
baltimore,100,0.0,100000.0,0.01,781,PPCA,False,6,0.003938265711292827
baltimore,100,0.0,100000.0,0.01,781,PPCA,False,7,0.007810262812464292
baltimore,100,0.0,100000.0,0.01,781,PPCA,False,8,0.005321365620439305
baltimore,100,0.0,100000.0,0.01,781,PPCA,False,9,0.0026676900874469745
baltimore,100,0.0,100000.0,0.01,781,PPCA,False,10,0.0034581024243649505
baltimore,100,0.0,100000.0,0.01,781,PPCA,False,11,0.004394764973630549
baltimore,100,0.0,100000.0,0.01,781,PPCA,False,12,0.0028253534348055545
baltimore,100,0.0,100000.0,0.01,781,PPCA,False,13,0.00014063150622581095
baltimore,100,0.0,100000.0,0.01,781,PPCA,False,14,0.0004890467192722586
baltimore,100,0.0,100000.0,0.01,781,PPCA,False,15,0.002245667208634716
baltimore,100,0.0,100000.0,0.01,781,PPCA,False,16,0.0019055239103465886
baltimore,100,0.0,100000.0,0.01,781,PPCA,False,17,0.006268438445282997
baltimore,100,0.0,100000.0,0.01,781,PPCA,False,18,0.011906582078203292
baltimore,100,0.0,100000.0,0.01,781,PPCA,False,19,0.000569286490775519
baltimore,100,0.0,100000.0,0.01,781,PPCA,False,20,0.003517515188018797
baltimore,100,0.0,100000.0,0.01,781,PPCA,False,21,0.0052683020878146304
baltimore,100,0.0,100000.0,0.01,781,PPCA,False,22,0.011607334519772227
baltimore,100,0.0,100000.0,0.01,781,PPCA,False,23,0.007800640710624224
baltimore,100,0.0,100000.0,0.01,781,PPCA,False,24,0.00969785486090848
baltimore,100,0.0,100000.0,0.01,781,PPCA,False,25,0.005768141215911628
baltimore,100,0.0,100000.0,0.01,781,PPCA,False,26,0.009907872140980436
baltimore,100,0.0,100000.0,0.01,781,PPCA,False,27,0.012663220066228756
baltimore,100,0.0,100000.0,0.01,781,PPCA,False,28,0.012247362112674066
baltimore,100,0.0,100000.0,0.01,781,PPCA,False,29,0.004571356013195615
baltimore,100,0.0,100000.0,0.01,781,PPCA,False,30,0.00492593799614346
baltimore,100,0.0,100000.0,0.01,781,PPCA,True,1,0.012812836076406604
baltimore,100,0.0,100000.0,0.01,781,PPCA,True,2,0.001143509146109105
baltimore,100,0.0,100000.0,0.01,781,PPCA,True,3,0.002949102638106563
baltimore,100,0.0,100000.0,0.01,781,PPCA,True,4,0.004677757329418552
baltimore,100,0.0,100000.0,0.01,781,PPCA,True,5,0.005197026456304769
baltimore,100,0.0,100000.0,0.01,781,PPCA,True,6,0.00018645846765522655
baltimore,100,0.0,100000.0,0.01,781,PPCA,True,7,0.011423162324717339
baltimore,100,0.0,100000.0,0.01,781,PPCA,True,8,0.0016945974332384383
baltimore,100,0.0,100000.0,0.01,781,PPCA,True,9,0.0006620197174636046
baltimore,100,0.0,100000.0,0.01,781,PPCA,True,10,6.079463986438254e-06
baltimore,100,0.0,100000.0,0.01,781,PPCA,True,11,0.0016496082119973772
baltimore,100,0.0,100000.0,0.01,781,PPCA,True,12,0.0008033340280329497
baltimore,100,0.0,100000.0,0.01,781,PPCA,True,13,0.0018209124681703365
baltimore,100,0.0,100000.0,0.01,781,PPCA,True,14,0.002883731375491953
baltimore,100,0.0,100000.0,0.01,781,PPCA,True,15,0.004220908974233498
baltimore,100,0.0,100000.0,0.01,781,PPCA,True,16,0.004858983676644386
baltimore,100,0.0,100000.0,0.01,781,PPCA,True,17,0.007616528795326631
baltimore,100,0.0,100000.0,0.01,781,PPCA,True,18,0.01221400043847061
baltimore,100,0.0,100000.0,0.01,781,PPCA,True,19,0.0010891359708475518
baltimore,100,0.0,100000.0,0.01,781,PPCA,True,20,0.005365327649802174
baltimore,100,0.0,100000.0,0.01,781,PPCA,True,21,0.004663306352122043
baltimore,100,0.0,100000.0,0.01,781,PPCA,True,22,0.011673236329645035
baltimore,100,0.0,100000.0,0.01,781,PPCA,True,23,0.00735513270894116
baltimore,100,0.0,100000.0,0.01,781,PPCA,True,24,0.008700531384043466
baltimore,100,0.0,100000.0,0.01,781,PPCA,True,25,0.005870231735721799
baltimore,100,0.0,100000.0,0.01,781,PPCA,True,26,0.009351724023774618
baltimore,100,0.0,100000.0,0.01,781,PPCA,True,27,0.011821850223574914
baltimore,100,0.0,100000.0,0.01,781,PPCA,True,28,0.011659775056836115
baltimore,100,0.0,100000.0,0.01,781,PPCA,True,29,0.004136820685610268
baltimore,100,0.0,100000.0,0.01,781,PPCA,True,30,0.004995183855757969
baltimore,100,0.5,250.0,4.0,617,rSC,False,1,0.0018045401128688233
baltimore,100,0.5,250.0,4.0,617,rSC,False,2,0.008165925531134065
baltimore,100,0.5,250.0,4.0,617,rSC,False,3,0.0037087960525031306
baltimore,100,0.5,250.0,4.0,617,rSC,False,4,0.005328949007303123
baltimore,100,0.5,250.0,4.0,617,rSC,False,5,0.010670117429694976
baltimore,100,0.5,250.0,4.0,617,rSC,False,6,0.0017669309451164496
baltimore,100,0.5,250.0,4.0,617,rSC,False,7,0.019516793909002295
baltimore,100,0.5,250.0,4.0,617,rSC,False,8,0.00933094225906406
baltimore,100,0.5,250.0,4.0,617,rSC,False,9,0.0445723761367267
baltimore,100,0.5,250.0,4.0,617,rSC,False,10,0.017946113012048074
baltimore,100,0.5,250.0,4.0,617,rSC,False,11,0.04202207287889844
baltimore,100,0.5,250.0,4.0,617,rSC,False,12,0.03349202371666422
baltimore,100,0.5,250.0,4.0,617,rSC,False,13,0.044352640188396346
baltimore,100,0.5,250.0,4.0,617,rSC,False,14,0.04238823938981825
baltimore,100,0.5,250.0,4.0,617,rSC,False,15,0.05204685258194643
baltimore,100,0.5,250.0,4.0,617,rSC,False,16,0.06438774108442621
baltimore,100,0.5,250.0,4.0,617,rSC,False,17,0.07164156348511751
baltimore,100,0.5,250.0,4.0,617,rSC,False,18,0.0711922295569516
baltimore,100,0.5,250.0,4.0,617,rSC,False,19,0.06913452160867978
baltimore,100,0.5,250.0,4.0,617,rSC,False,20,0.08158824608194
baltimore,100,0.5,250.0,4.0,617,rSC,False,21,0.10000365038657992
baltimore,100,0.5,250.0,4.0,617,rSC,False,22,0.08900449434967543
baltimore,100,0.5,250.0,4.0,617,rSC,False,23,0.08411969218437362
baltimore,100,0.5,250.0,4.0,617,rSC,False,24,0.10920951937171862
baltimore,100,0.5,250.0,4.0,617,rSC,False,25,0.109977347649463
baltimore,100,0.5,250.0,4.0,617,rSC,False,26,0.11213727569417173
baltimore,100,0.5,250.0,4.0,617,rSC,False,27,0.1379255560802881
baltimore,100,0.5,250.0,4.0,617,rSC,False,28,0.1335943432642099
baltimore,100,0.5,250.0,4.0,617,rSC,False,29,0.1419286953683933
baltimore,100,0.5,250.0,4.0,617,rSC,False,30,0.15082662011568423
baltimore,100,0.5,250.0,4.0,617,rSC,True,1,0.0018045401128688233
baltimore,100,0.5,250.0,4.0,617,rSC,True,2,0.008165925531134065
baltimore,100,0.5,250.0,4.0,617,rSC,True,3,0.0037087960525031306
baltimore,100,0.5,250.0,4.0,617,rSC,True,4,0.005328949007303123
baltimore,100,0.5,250.0,4.0,617,rSC,True,5,0.010670117429694976
baltimore,100,0.5,250.0,4.0,617,rSC,True,6,0.0017669309451164496
baltimore,100,0.5,250.0,4.0,617,rSC,True,7,0.019516793909002295
baltimore,100,0.5,250.0,4.0,617,rSC,True,8,0.00933094225906406
baltimore,100,0.5,250.0,4.0,617,rSC,True,9,0.0445723761367267
baltimore,100,0.5,250.0,4.0,617,rSC,True,10,0.017946113012048074
baltimore,100,0.5,250.0,4.0,617,rSC,True,11,0.04202207287889844
baltimore,100,0.5,250.0,4.0,617,rSC,True,12,0.03349202371666422
baltimore,100,0.5,250.0,4.0,617,rSC,True,13,0.044352640188396346
baltimore,100,0.5,250.0,4.0,617,rSC,True,14,0.04238823938981825
baltimore,100,0.5,250.0,4.0,617,rSC,True,15,0.05204685258194643
baltimore,100,0.5,250.0,4.0,617,rSC,True,16,0.06438774108442621
baltimore,100,0.5,250.0,4.0,617,rSC,True,17,0.07164156348511751
baltimore,100,0.5,250.0,4.0,617,rSC,True,18,0.0711922295569516
baltimore,100,0.5,250.0,4.0,617,rSC,True,19,0.06913452160867978
baltimore,100,0.5,250.0,4.0,617,rSC,True,20,0.08158824608194
baltimore,100,0.5,250.0,4.0,617,rSC,True,21,0.10000365038657992
baltimore,100,0.5,250.0,4.0,617,rSC,True,22,0.08900449434967543
baltimore,100,0.5,250.0,4.0,617,rSC,True,23,0.08411969218437362
baltimore,100,0.5,250.0,4.0,617,rSC,True,24,0.10920951937171862
baltimore,100,0.5,250.0,4.0,617,rSC,True,25,0.109977347649463
baltimore,100,0.5,250.0,4.0,617,rSC,True,26,0.11213727569417173
baltimore,100,0.5,250.0,4.0,617,rSC,True,27,0.1379255560802881
baltimore,100,0.5,250.0,4.0,617,rSC,True,28,0.1335943432642099
baltimore,100,0.5,250.0,4.0,617,rSC,True,29,0.1419286953683933
baltimore,100,0.5,250.0,4.0,617,rSC,True,30,0.15082662011568423
baltimore,100,0.5,250.0,4.0,617,GAP,False,1,0.010368716466707164
baltimore,100,0.5,250.0,4.0,617,GAP,False,2,0.020689887900831785
baltimore,100,0.5,250.0,4.0,617,GAP,False,3,0.015445810334555027
baltimore,100,0.5,250.0,4.0,617,GAP,False,4,0.019760221314736263
baltimore,100,0.5,250.0,4.0,617,GAP,False,5,0.0038867654246653597
baltimore,100,0.5,250.0,4.0,617,GAP,False,6,0.0182221894237901
baltimore,100,0.5,250.0,4.0,617,GAP,False,7,0.017677580371641674
baltimore,100,0.5,250.0,4.0,617,GAP,False,8,0.0044136835132952005
baltimore,100,0.5,250.0,4.0,617,GAP,False,9,0.004407198641808755
baltimore,100,0.5,250.0,4.0,617,GAP,False,10,0.008728550564655413
baltimore,100,0.5,250.0,4.0,617,GAP,False,11,0.012155897784965643
baltimore,100,0.5,250.0,4.0,617,GAP,False,12,0.0019677860052479818
baltimore,100,0.5,250.0,4.0,617,GAP,False,13,0.00862323118779066
baltimore,100,0.5,250.0,4.0,617,GAP,False,14,0.0012169305850991238
baltimore,100,0.5,250.0,4.0,617,GAP,False,15,0.0026005253084814433
baltimore,100,0.5,250.0,4.0,617,GAP,False,16,0.020580587533039468
baltimore,100,0.5,250.0,4.0,617,GAP,False,17,0.007486269949982738
baltimore,100,0.5,250.0,4.0,617,GAP,False,18,0.009713491559004337
baltimore,100,0.5,250.0,4.0,617,GAP,False,19,0.004899106454589691
baltimore,100,0.5,250.0,4.0,617,GAP,False,20,0.007977141102796492
baltimore,100,0.5,250.0,4.0,617,GAP,False,21,0.005240980592939984
baltimore,100,0.5,250.0,4.0,617,GAP,False,22,0.0024020258167833253
baltimore,100,0.5,250.0,4.0,617,GAP,False,23,0.00279489259856557
baltimore,100,0.5,250.0,4.0,617,GAP,False,24,0.00531728039406502
baltimore,100,0.5,250.0,4.0,617,GAP,False,25,0.0050212713188485004
baltimore,100,0.5,250.0,4.0,617,GAP,False,26,0.010675315921755342
baltimore,100,0.5,250.0,4.0,617,GAP,False,27,0.010040210963471394
baltimore,100,0.5,250.0,4.0,617,GAP,False,28,0.0018832021653712582
baltimore,100,0.5,250.0,4.0,617,GAP,False,29,0.02279029687646145
baltimore,100,0.5,250.0,4.0,617,GAP,False,30,0.01781729621449411
baltimore,100,0.5,250.0,4.0,617,GAP,True,1,0.0037747302284123594
baltimore,100,0.5,250.0,4.0,617,GAP,True,2,0.011285237170753137
baltimore,100,0.5,250.0,4.0,617,GAP,True,3,0.0024061254087658275
baltimore,100,0.5,250.0,4.0,617,GAP,True,4,0.005624568413120084
baltimore,100,0.5,250.0,4.0,617,GAP,True,5,0.01089978672928802
baltimore,100,0.5,250.0,4.0,617,GAP,True,6,0.013414978133977093
baltimore,100,0.5,250.0,4.0,617,GAP,True,7,0.01476697419748201
baltimore,100,0.5,250.0,4.0,617,GAP,True,8,0.03143631673253864
baltimore,100,0.5,250.0,4.0,617,GAP,True,9,0.03182022175207148
baltimore,100,0.5,250.0,4.0,617,GAP,True,10,0.03560482681019354
baltimore,100,0.5,250.0,4.0,617,GAP,True,11,0.045399119815720625
baltimore,100,0.5,250.0,4.0,617,GAP,True,12,0.0463315534288388
baltimore,100,0.5,250.0,4.0,617,GAP,True,13,0.058500263721666806
baltimore,100,0.5,250.0,4.0,617,GAP,True,14,0.056631457851406254
baltimore,100,0.5,250.0,4.0,617,GAP,True,15,0.057586495419320385
baltimore,100,0.5,250.0,4.0,617,GAP,True,16,0.07154727120679777
baltimore,100,0.5,250.0,4.0,617,GAP,True,17,0.07374783725461216
baltimore,100,0.5,250.0,4.0,617,GAP,True,18,0.06645642458598089
baltimore,100,0.5,250.0,4.0,617,GAP,True,19,0.08606623791152437
baltimore,100,0.5,250.0,4.0,617,GAP,True,20,0.09239780670655022
baltimore,100,0.5,250.0,4.0,617,GAP,True,21,0.094586239779003
baltimore,100,0.5,250.0,4.0,617,GAP,True,22,0.10243684499761241
baltimore,100,0.5,250.0,4.0,617,GAP,True,23,0.11382944197790305
baltimore,100,0.5,250.0,4.0,617,GAP,True,24,0.11604185873184253
baltimore,100,0.5,250.0,4.0,617,GAP,True,25,0.12418597768009036
baltimore,100,0.5,250.0,4.0,617,GAP,True,26,0.12413359352441593
baltimore,100,0.5,250.0,4.0,617,GAP,True,27,0.13859087129106684
baltimore,100,0.5,250.0,4.0,617,GAP,True,28,0.13669307047919893
baltimore,100,0.5,250.0,4.0,617,GAP,True,29,0.15547208392850353
baltimore,100,0.5,250.0,4.0,617,GAP,True,30,0.1557817773321405
baltimore,100,0.5,250.0,4.0,617,PPCA,False,1,0.0019199966125975816
baltimore,100,0.5,250.0,4.0,617,PPCA,False,2,0.01562577571320412
baltimore,100,0.5,250.0,4.0,617,PPCA,False,3,0.0005138982223491664
baltimore,100,0.5,250.0,4.0,617,PPCA,False,4,0.007627582285522182
baltimore,100,0.5,250.0,4.0,617,PPCA,False,5,0.008187814340642663
baltimore,100,0.5,250.0,4.0,617,PPCA,False,6,0.01489606983671985
baltimore,100,0.5,250.0,4.0,617,PPCA,False,7,0.01597186659227407
baltimore,100,0.5,250.0,4.0,617,PPCA,False,8,0.031729938396379505
baltimore,100,0.5,250.0,4.0,617,PPCA,False,9,0.031331072936885036
baltimore,100,0.5,250.0,4.0,617,PPCA,False,10,0.04068848429886866
baltimore,100,0.5,250.0,4.0,617,PPCA,False,11,0.0488166800972551
baltimore,100,0.5,250.0,4.0,617,PPCA,False,12,0.05029108905745337
baltimore,100,0.5,250.0,4.0,617,PPCA,False,13,0.06211346105385162
baltimore,100,0.5,250.0,4.0,617,PPCA,False,14,0.06235035106126425
baltimore,100,0.5,250.0,4.0,617,PPCA,False,15,0.06648705934898358
baltimore,100,0.5,250.0,4.0,617,PPCA,False,16,0.0758376044376829
baltimore,100,0.5,250.0,4.0,617,PPCA,False,17,0.08266174417013473
baltimore,100,0.5,250.0,4.0,617,PPCA,False,18,0.08107178840297725
baltimore,100,0.5,250.0,4.0,617,PPCA,False,19,0.10132927433464951
baltimore,100,0.5,250.0,4.0,617,PPCA,False,20,0.10230516254265362
baltimore,100,0.5,250.0,4.0,617,PPCA,False,21,0.10832658392999427
baltimore,100,0.5,250.0,4.0,617,PPCA,False,22,0.12033483609758511
baltimore,100,0.5,250.0,4.0,617,PPCA,False,23,0.13167347962783876
baltimore,100,0.5,250.0,4.0,617,PPCA,False,24,0.13580765873077416
baltimore,100,0.5,250.0,4.0,617,PPCA,False,25,0.1474357548073065
baltimore,100,0.5,250.0,4.0,617,PPCA,False,26,0.15261733266999136
baltimore,100,0.5,250.0,4.0,617,PPCA,False,27,0.16534385735197615
baltimore,100,0.5,250.0,4.0,617,PPCA,False,28,0.1606830928365222
baltimore,100,0.5,250.0,4.0,617,PPCA,False,29,0.1782443871128749
baltimore,100,0.5,250.0,4.0,617,PPCA,False,30,0.18555854093225962
baltimore,100,0.5,250.0,4.0,617,PPCA,True,1,0.021057641504865766
baltimore,100,0.5,250.0,4.0,617,PPCA,True,2,0.027603245942575048
baltimore,100,0.5,250.0,4.0,617,PPCA,True,3,0.015461488329032297
baltimore,100,0.5,250.0,4.0,617,PPCA,True,4,0.0049488433980722875
baltimore,100,0.5,250.0,4.0,617,PPCA,True,5,0.02374327334095972
baltimore,100,0.5,250.0,4.0,617,PPCA,True,6,0.004390693302563146
baltimore,100,0.5,250.0,4.0,617,PPCA,True,7,0.01825311971047452
baltimore,100,0.5,250.0,4.0,617,PPCA,True,8,0.024259565596433663
baltimore,100,0.5,250.0,4.0,617,PPCA,True,9,0.010190835896552551
baltimore,100,0.5,250.0,4.0,617,PPCA,True,10,0.006256951468022011
baltimore,100,0.5,250.0,4.0,617,PPCA,True,11,0.017004530269547916
baltimore,100,0.5,250.0,4.0,617,PPCA,True,12,0.02073224113204311
baltimore,100,0.5,250.0,4.0,617,PPCA,True,13,0.022772469997565707
baltimore,100,0.5,250.0,4.0,617,PPCA,True,14,0.017087487348291155
baltimore,100,0.5,250.0,4.0,617,PPCA,True,15,0.013194559032672729
baltimore,100,0.5,250.0,4.0,617,PPCA,True,16,0.03743064608913444
baltimore,100,0.5,250.0,4.0,617,PPCA,True,17,0.03113282834166154
baltimore,100,0.5,250.0,4.0,617,PPCA,True,18,0.013348643729048279
baltimore,100,0.5,250.0,4.0,617,PPCA,True,19,0.03379661577181077
baltimore,100,0.5,250.0,4.0,617,PPCA,True,20,0.032162311456602644
baltimore,100,0.5,250.0,4.0,617,PPCA,True,21,0.043256545829215606
baltimore,100,0.5,250.0,4.0,617,PPCA,True,22,0.049501990528354196
baltimore,100,0.5,250.0,4.0,617,PPCA,True,23,0.048954755169107925
baltimore,100,0.5,250.0,4.0,617,PPCA,True,24,0.035313940746810456
baltimore,100,0.5,250.0,4.0,617,PPCA,True,25,0.04962357303867854
baltimore,100,0.5,250.0,4.0,617,PPCA,True,26,0.04528780624325901
baltimore,100,0.5,250.0,4.0,617,PPCA,True,27,0.05585434491936699
baltimore,100,0.5,250.0,4.0,617,PPCA,True,28,0.04011768014930869
baltimore,100,0.5,250.0,4.0,617,PPCA,True,29,0.0614133382773486
baltimore,100,0.5,250.0,4.0,617,PPCA,True,30,0.06548595633310213
baltimore,100,0.5,250.0,4.0,781,rSC,False,1,0.005318668000961615
baltimore,100,0.5,250.0,4.0,781,rSC,False,2,0.017486876872517987
baltimore,100,0.5,250.0,4.0,781,rSC,False,3,0.0180626499821075
baltimore,100,0.5,250.0,4.0,781,rSC,False,4,0.0067507800093158194
baltimore,100,0.5,250.0,4.0,781,rSC,False,5,0.005875258318516062
baltimore,100,0.5,250.0,4.0,781,rSC,False,6,0.015911227879921296
baltimore,100,0.5,250.0,4.0,781,rSC,False,7,0.016679866245759643
baltimore,100,0.5,250.0,4.0,781,rSC,False,8,0.005826318602847063
baltimore,100,0.5,250.0,4.0,781,rSC,False,9,0.019017933417568328
baltimore,100,0.5,250.0,4.0,781,rSC,False,10,0.012430931411905431
baltimore,100,0.5,250.0,4.0,781,rSC,False,11,0.002059966333437781
baltimore,100,0.5,250.0,4.0,781,rSC,False,12,0.026717937123039052
baltimore,100,0.5,250.0,4.0,781,rSC,False,13,0.015029412898490437
baltimore,100,0.5,250.0,4.0,781,rSC,False,14,0.0008303622246166067
baltimore,100,0.5,250.0,4.0,781,rSC,False,15,0.005072516751194008
baltimore,100,0.5,250.0,4.0,781,rSC,False,16,0.0042754790966521225
baltimore,100,0.5,250.0,4.0,781,rSC,False,17,0.0024115902377820184
baltimore,100,0.5,250.0,4.0,781,rSC,False,18,0.030409913633384845
baltimore,100,0.5,250.0,4.0,781,rSC,False,19,0.0010243316759072183
baltimore,100,0.5,250.0,4.0,781,rSC,False,20,0.015325339230434536
baltimore,100,0.5,250.0,4.0,781,rSC,False,21,0.001512675274690033
baltimore,100,0.5,250.0,4.0,781,rSC,False,22,0.006512487159139715
baltimore,100,0.5,250.0,4.0,781,rSC,False,23,0.010604807845464278
baltimore,100,0.5,250.0,4.0,781,rSC,False,24,0.003943211995451805
baltimore,100,0.5,250.0,4.0,781,rSC,False,25,0.009013793419255572
baltimore,100,0.5,250.0,4.0,781,rSC,False,26,0.032244745613555906
baltimore,100,0.5,250.0,4.0,781,rSC,False,27,0.005708628688168695
baltimore,100,0.5,250.0,4.0,781,rSC,False,28,0.0008324594961929311
baltimore,100,0.5,250.0,4.0,781,rSC,False,29,0.002478054215036071
baltimore,100,0.5,250.0,4.0,781,rSC,False,30,0.015475121348549897
baltimore,100,0.5,250.0,4.0,781,rSC,True,1,0.005318668000961615
baltimore,100,0.5,250.0,4.0,781,rSC,True,2,0.017486876872517987
baltimore,100,0.5,250.0,4.0,781,rSC,True,3,0.0180626499821075
baltimore,100,0.5,250.0,4.0,781,rSC,True,4,0.0067507800093158194
baltimore,100,0.5,250.0,4.0,781,rSC,True,5,0.005875258318516062
baltimore,100,0.5,250.0,4.0,781,rSC,True,6,0.015911227879921296
baltimore,100,0.5,250.0,4.0,781,rSC,True,7,0.016679866245759643
baltimore,100,0.5,250.0,4.0,781,rSC,True,8,0.005826318602847063
baltimore,100,0.5,250.0,4.0,781,rSC,True,9,0.019017933417568328
baltimore,100,0.5,250.0,4.0,781,rSC,True,10,0.012430931411905431
baltimore,100,0.5,250.0,4.0,781,rSC,True,11,0.002059966333437781
baltimore,100,0.5,250.0,4.0,781,rSC,True,12,0.026717937123039052
baltimore,100,0.5,250.0,4.0,781,rSC,True,13,0.015029412898490437
baltimore,100,0.5,250.0,4.0,781,rSC,True,14,0.0008303622246166067
baltimore,100,0.5,250.0,4.0,781,rSC,True,15,0.005072516751194008
baltimore,100,0.5,250.0,4.0,781,rSC,True,16,0.0042754790966521225
baltimore,100,0.5,250.0,4.0,781,rSC,True,17,0.0024115902377820184
baltimore,100,0.5,250.0,4.0,781,rSC,True,18,0.030409913633384845
baltimore,100,0.5,250.0,4.0,781,rSC,True,19,0.0010243316759072183
baltimore,100,0.5,250.0,4.0,781,rSC,True,20,0.015325339230434536
baltimore,100,0.5,250.0,4.0,781,rSC,True,21,0.001512675274690033
baltimore,100,0.5,250.0,4.0,781,rSC,True,22,0.006512487159139715
baltimore,100,0.5,250.0,4.0,781,rSC,True,23,0.010604807845464278
baltimore,100,0.5,250.0,4.0,781,rSC,True,24,0.003943211995451805
baltimore,100,0.5,250.0,4.0,781,rSC,True,25,0.009013793419255572
baltimore,100,0.5,250.0,4.0,781,rSC,True,26,0.032244745613555906
baltimore,100,0.5,250.0,4.0,781,rSC,True,27,0.005708628688168695
baltimore,100,0.5,250.0,4.0,781,rSC,True,28,0.0008324594961929311
baltimore,100,0.5,250.0,4.0,781,rSC,True,29,0.002478054215036071
baltimore,100,0.5,250.0,4.0,781,rSC,True,30,0.015475121348549897
baltimore,100,0.5,250.0,4.0,781,GAP,False,1,0.005480076068573532
baltimore,100,0.5,250.0,4.0,781,GAP,False,2,0.005284316052953687
baltimore,100,0.5,250.0,4.0,781,GAP,False,3,0.002594174001791989
baltimore,100,0.5,250.0,4.0,781,GAP,False,4,0.009990144295911194
baltimore,100,0.5,250.0,4.0,781,GAP,False,5,0.007326439528595897
baltimore,100,0.5,250.0,4.0,781,GAP,False,6,0.01348177918637329
baltimore,100,0.5,250.0,4.0,781,GAP,False,7,0.015314512260574144
baltimore,100,0.5,250.0,4.0,781,GAP,False,8,0.023713512080007264
baltimore,100,0.5,250.0,4.0,781,GAP,False,9,0.014011906362828194
baltimore,100,0.5,250.0,4.0,781,GAP,False,10,0.03862335774725215
baltimore,100,0.5,250.0,4.0,781,GAP,False,11,0.04501852419480131
baltimore,100,0.5,250.0,4.0,781,GAP,False,12,0.03978304659369741
baltimore,100,0.5,250.0,4.0,781,GAP,False,13,0.04092458174477169
baltimore,100,0.5,250.0,4.0,781,GAP,False,14,0.04793053397248661
baltimore,100,0.5,250.0,4.0,781,GAP,False,15,0.04094891967335709
baltimore,100,0.5,250.0,4.0,781,GAP,False,16,0.05331348438586525
baltimore,100,0.5,250.0,4.0,781,GAP,False,17,0.0616707276592543
baltimore,100,0.5,250.0,4.0,781,GAP,False,18,0.06294767529259052
baltimore,100,0.5,250.0,4.0,781,GAP,False,19,0.06965414969848482
baltimore,100,0.5,250.0,4.0,781,GAP,False,20,0.07896867781019856
baltimore,100,0.5,250.0,4.0,781,GAP,False,21,0.0839750565752304
baltimore,100,0.5,250.0,4.0,781,GAP,False,22,0.07537696707252599
baltimore,100,0.5,250.0,4.0,781,GAP,False,23,0.08314264091208838
baltimore,100,0.5,250.0,4.0,781,GAP,False,24,0.08172150622351677
baltimore,100,0.5,250.0,4.0,781,GAP,False,25,0.08994555737566841
baltimore,100,0.5,250.0,4.0,781,GAP,False,26,0.10376981143396719
baltimore,100,0.5,250.0,4.0,781,GAP,False,27,0.1036388297798043
baltimore,100,0.5,250.0,4.0,781,GAP,False,28,0.11548943158152855
baltimore,100,0.5,250.0,4.0,781,GAP,False,29,0.11073469139854844
baltimore,100,0.5,250.0,4.0,781,GAP,False,30,0.12183084359601533
baltimore,100,0.5,250.0,4.0,781,GAP,True,1,0.004621152002818195
baltimore,100,0.5,250.0,4.0,781,GAP,True,2,0.0018029624231887108
baltimore,100,0.5,250.0,4.0,781,GAP,True,3,0.004145805161799014
baltimore,100,0.5,250.0,4.0,781,GAP,True,4,0.012345905078612074
baltimore,100,0.5,250.0,4.0,781,GAP,True,5,0.01492593927984653
baltimore,100,0.5,250.0,4.0,781,GAP,True,6,0.019345801927475374
baltimore,100,0.5,250.0,4.0,781,GAP,True,7,0.01847056049184057
baltimore,100,0.5,250.0,4.0,781,GAP,True,8,0.031381863541045676
baltimore,100,0.5,250.0,4.0,781,GAP,True,9,0.02223447092730031
baltimore,100,0.5,250.0,4.0,781,GAP,True,10,0.045929240975134386
baltimore,100,0.5,250.0,4.0,781,GAP,True,11,0.05373779349234486
baltimore,100,0.5,250.0,4.0,781,GAP,True,12,0.050992263212937046
baltimore,100,0.5,250.0,4.0,781,GAP,True,13,0.0495341210725749
baltimore,100,0.5,250.0,4.0,781,GAP,True,14,0.063457780168014
baltimore,100,0.5,250.0,4.0,781,GAP,True,15,0.05963809859957917
baltimore,100,0.5,250.0,4.0,781,GAP,True,16,0.07232841526098499
baltimore,100,0.5,250.0,4.0,781,GAP,True,17,0.08107843877844942
baltimore,100,0.5,250.0,4.0,781,GAP,True,18,0.08388185327261996
baltimore,100,0.5,250.0,4.0,781,GAP,True,19,0.09552215742492406
baltimore,100,0.5,250.0,4.0,781,GAP,True,20,0.10284445092282918
baltimore,100,0.5,250.0,4.0,781,GAP,True,21,0.11285737260488994
baltimore,100,0.5,250.0,4.0,781,GAP,True,22,0.10445777618635786
baltimore,100,0.5,250.0,4.0,781,GAP,True,23,0.11454258344431235
baltimore,100,0.5,250.0,4.0,781,GAP,True,24,0.11743260109498381
baltimore,100,0.5,250.0,4.0,781,GAP,True,25,0.12710295537528954
baltimore,100,0.5,250.0,4.0,781,GAP,True,26,0.13763554372014108
baltimore,100,0.5,250.0,4.0,781,GAP,True,27,0.14476756677012217
baltimore,100,0.5,250.0,4.0,781,GAP,True,28,0.15473979307825675
baltimore,100,0.5,250.0,4.0,781,GAP,True,29,0.15573195757562208
baltimore,100,0.5,250.0,4.0,781,GAP,True,30,0.16592114304718222
baltimore,100,0.5,250.0,4.0,781,PPCA,False,1,0.0032062696536616585
baltimore,100,0.5,250.0,4.0,781,PPCA,False,2,0.02418244960713944
baltimore,100,0.5,250.0,4.0,781,PPCA,False,3,0.013389781409946155
baltimore,100,0.5,250.0,4.0,781,PPCA,False,4,0.019530157908926045
baltimore,100,0.5,250.0,4.0,781,PPCA,False,5,0.0053628066014298065
baltimore,100,0.5,250.0,4.0,781,PPCA,False,6,0.002383457497007097
baltimore,100,0.5,250.0,4.0,781,PPCA,False,7,0.011708530557811197
baltimore,100,0.5,250.0,4.0,781,PPCA,False,8,0.012107682678933383
baltimore,100,0.5,250.0,4.0,781,PPCA,False,9,0.021642116206589644
baltimore,100,0.5,250.0,4.0,781,PPCA,False,10,0.018332946567234096
baltimore,100,0.5,250.0,4.0,781,PPCA,False,11,0.00852167721262955
baltimore,100,0.5,250.0,4.0,781,PPCA,False,12,0.005487275024484842
baltimore,100,0.5,250.0,4.0,781,PPCA,False,13,0.001031297485800505
baltimore,100,0.5,250.0,4.0,781,PPCA,False,14,0.010942345360247486
baltimore,100,0.5,250.0,4.0,781,PPCA,False,15,0.004333453238697084
baltimore,100,0.5,250.0,4.0,781,PPCA,False,16,0.005868682108986253
baltimore,100,0.5,250.0,4.0,781,PPCA,False,17,0.004091099283693935
baltimore,100,0.5,250.0,4.0,781,PPCA,False,18,0.009834627433214848
baltimore,100,0.5,250.0,4.0,781,PPCA,False,19,0.010935263754291257
baltimore,100,0.5,250.0,4.0,781,PPCA,False,20,0.021680306686076123
baltimore,100,0.5,250.0,4.0,781,PPCA,False,21,0.016247057687511744
baltimore,100,0.5,250.0,4.0,781,PPCA,False,22,0.006722958524292098
baltimore,100,0.5,250.0,4.0,781,PPCA,False,23,0.006472238375581828
baltimore,100,0.5,250.0,4.0,781,PPCA,False,24,0.01675649687388417
baltimore,100,0.5,250.0,4.0,781,PPCA,False,25,0.00384820583393453
baltimore,100,0.5,250.0,4.0,781,PPCA,False,26,0.004510712029593158
baltimore,100,0.5,250.0,4.0,781,PPCA,False,27,0.017574765175157797
baltimore,100,0.5,250.0,4.0,781,PPCA,False,28,0.016624587212922287
baltimore,100,0.5,250.0,4.0,781,PPCA,False,29,0.006639199001027853
baltimore,100,0.5,250.0,4.0,781,PPCA,False,30,0.014353162982978283
baltimore,100,0.5,250.0,4.0,781,PPCA,True,1,0.0018702317717083088
baltimore,100,0.5,250.0,4.0,781,PPCA,True,2,0.010633016675935079
baltimore,100,0.5,250.0,4.0,781,PPCA,True,3,0.002818939375500506
baltimore,100,0.5,250.0,4.0,781,PPCA,True,4,0.0025081319601135163
baltimore,100,0.5,250.0,4.0,781,PPCA,True,5,0.012543014747090204
baltimore,100,0.5,250.0,4.0,781,PPCA,True,6,0.01462282566537034
baltimore,100,0.5,250.0,4.0,781,PPCA,True,7,0.004910679659291919
baltimore,100,0.5,250.0,4.0,781,PPCA,True,8,0.010582602697864619
baltimore,100,0.5,250.0,4.0,781,PPCA,True,9,0.0018282275863881912
baltimore,100,0.5,250.0,4.0,781,PPCA,True,10,0.03426442443828638
baltimore,100,0.5,250.0,4.0,781,PPCA,True,11,0.030868204651622665
baltimore,100,0.5,250.0,4.0,781,PPCA,True,12,0.0309116661992418
baltimore,100,0.5,250.0,4.0,781,PPCA,True,13,0.025528385343979738
baltimore,100,0.5,250.0,4.0,781,PPCA,True,14,0.03966108017452135
baltimore,100,0.5,250.0,4.0,781,PPCA,True,15,0.03592967777402303
baltimore,100,0.5,250.0,4.0,781,PPCA,True,16,0.041246461464032276
baltimore,100,0.5,250.0,4.0,781,PPCA,True,17,0.04051471436274202
baltimore,100,0.5,250.0,4.0,781,PPCA,True,18,0.050752113946650204
baltimore,100,0.5,250.0,4.0,781,PPCA,True,19,0.0581586504681279
baltimore,100,0.5,250.0,4.0,781,PPCA,True,20,0.06676479983941533
baltimore,100,0.5,250.0,4.0,781,PPCA,True,21,0.06770035814747515
baltimore,100,0.5,250.0,4.0,781,PPCA,True,22,0.059267222979512216
baltimore,100,0.5,250.0,4.0,781,PPCA,True,23,0.058020581027492156
baltimore,100,0.5,250.0,4.0,781,PPCA,True,24,0.07331633494368418
baltimore,100,0.5,250.0,4.0,781,PPCA,True,25,0.07104725995336647
baltimore,100,0.5,250.0,4.0,781,PPCA,True,26,0.0717626014336517
baltimore,100,0.5,250.0,4.0,781,PPCA,True,27,0.08694657728236557
baltimore,100,0.5,250.0,4.0,781,PPCA,True,28,0.09030385627260783
baltimore,100,0.5,250.0,4.0,781,PPCA,True,29,0.08746454438446813
baltimore,100,0.5,250.0,4.0,781,PPCA,True,30,0.09579535712485784
baltimore,100,0.5,100000.0,0.01,617,rSC,False,1,0.0018045401128688233
baltimore,100,0.5,100000.0,0.01,617,rSC,False,2,0.008165925531134065
baltimore,100,0.5,100000.0,0.01,617,rSC,False,3,0.0037087960525031306
baltimore,100,0.5,100000.0,0.01,617,rSC,False,4,0.005328949007303123
baltimore,100,0.5,100000.0,0.01,617,rSC,False,5,0.010670117429694976
baltimore,100,0.5,100000.0,0.01,617,rSC,False,6,0.0017669309451164496
baltimore,100,0.5,100000.0,0.01,617,rSC,False,7,0.019516793909002295
baltimore,100,0.5,100000.0,0.01,617,rSC,False,8,0.00933094225906406
baltimore,100,0.5,100000.0,0.01,617,rSC,False,9,0.0445723761367267
baltimore,100,0.5,100000.0,0.01,617,rSC,False,10,0.017946113012048074
baltimore,100,0.5,100000.0,0.01,617,rSC,False,11,0.04202207287889844
baltimore,100,0.5,100000.0,0.01,617,rSC,False,12,0.03349202371666422
baltimore,100,0.5,100000.0,0.01,617,rSC,False,13,0.044352640188396346
baltimore,100,0.5,100000.0,0.01,617,rSC,False,14,0.04238823938981825
baltimore,100,0.5,100000.0,0.01,617,rSC,False,15,0.05204685258194643
baltimore,100,0.5,100000.0,0.01,617,rSC,False,16,0.06438774108442621
baltimore,100,0.5,100000.0,0.01,617,rSC,False,17,0.07164156348511751
baltimore,100,0.5,100000.0,0.01,617,rSC,False,18,0.0711922295569516
baltimore,100,0.5,100000.0,0.01,617,rSC,False,19,0.06913452160867978
baltimore,100,0.5,100000.0,0.01,617,rSC,False,20,0.08158824608194
baltimore,100,0.5,100000.0,0.01,617,rSC,False,21,0.10000365038657992
baltimore,100,0.5,100000.0,0.01,617,rSC,False,22,0.08900449434967543
baltimore,100,0.5,100000.0,0.01,617,rSC,False,23,0.08411969218437362
baltimore,100,0.5,100000.0,0.01,617,rSC,False,24,0.10920951937171862
baltimore,100,0.5,100000.0,0.01,617,rSC,False,25,0.109977347649463
baltimore,100,0.5,100000.0,0.01,617,rSC,False,26,0.11213727569417173
baltimore,100,0.5,100000.0,0.01,617,rSC,False,27,0.1379255560802881
baltimore,100,0.5,100000.0,0.01,617,rSC,False,28,0.1335943432642099
baltimore,100,0.5,100000.0,0.01,617,rSC,False,29,0.1419286953683933
baltimore,100,0.5,100000.0,0.01,617,rSC,False,30,0.15082662011568423
baltimore,100,0.5,100000.0,0.01,617,rSC,True,1,0.0018045401128688233
baltimore,100,0.5,100000.0,0.01,617,rSC,True,2,0.008165925531134065
baltimore,100,0.5,100000.0,0.01,617,rSC,True,3,0.0037087960525031306
baltimore,100,0.5,100000.0,0.01,617,rSC,True,4,0.005328949007303123
baltimore,100,0.5,100000.0,0.01,617,rSC,True,5,0.010670117429694976
baltimore,100,0.5,100000.0,0.01,617,rSC,True,6,0.0017669309451164496
baltimore,100,0.5,100000.0,0.01,617,rSC,True,7,0.019516793909002295
baltimore,100,0.5,100000.0,0.01,617,rSC,True,8,0.00933094225906406
baltimore,100,0.5,100000.0,0.01,617,rSC,True,9,0.0445723761367267
baltimore,100,0.5,100000.0,0.01,617,rSC,True,10,0.017946113012048074
baltimore,100,0.5,100000.0,0.01,617,rSC,True,11,0.04202207287889844
baltimore,100,0.5,100000.0,0.01,617,rSC,True,12,0.03349202371666422
baltimore,100,0.5,100000.0,0.01,617,rSC,True,13,0.044352640188396346
baltimore,100,0.5,100000.0,0.01,617,rSC,True,14,0.04238823938981825
baltimore,100,0.5,100000.0,0.01,617,rSC,True,15,0.05204685258194643
baltimore,100,0.5,100000.0,0.01,617,rSC,True,16,0.06438774108442621
baltimore,100,0.5,100000.0,0.01,617,rSC,True,17,0.07164156348511751
baltimore,100,0.5,100000.0,0.01,617,rSC,True,18,0.0711922295569516
baltimore,100,0.5,100000.0,0.01,617,rSC,True,19,0.06913452160867978
baltimore,100,0.5,100000.0,0.01,617,rSC,True,20,0.08158824608194
baltimore,100,0.5,100000.0,0.01,617,rSC,True,21,0.10000365038657992
baltimore,100,0.5,100000.0,0.01,617,rSC,True,22,0.08900449434967543
baltimore,100,0.5,100000.0,0.01,617,rSC,True,23,0.08411969218437362
baltimore,100,0.5,100000.0,0.01,617,rSC,True,24,0.10920951937171862
baltimore,100,0.5,100000.0,0.01,617,rSC,True,25,0.109977347649463
baltimore,100,0.5,100000.0,0.01,617,rSC,True,26,0.11213727569417173
baltimore,100,0.5,100000.0,0.01,617,rSC,True,27,0.1379255560802881
baltimore,100,0.5,100000.0,0.01,617,rSC,True,28,0.1335943432642099
baltimore,100,0.5,100000.0,0.01,617,rSC,True,29,0.1419286953683933
baltimore,100,0.5,100000.0,0.01,617,rSC,True,30,0.15082662011568423
baltimore,100,0.5,100000.0,0.01,617,GAP,False,1,0.002959853680175042
baltimore,100,0.5,100000.0,0.01,617,GAP,False,2,0.01640582423573892
baltimore,100,0.5,100000.0,0.01,617,GAP,False,3,0.009254863288734275
baltimore,100,0.5,100000.0,0.01,617,GAP,False,4,0.012305254120928834
baltimore,100,0.5,100000.0,0.01,617,GAP,False,5,0.006777028531537358
baltimore,100,0.5,100000.0,0.01,617,GAP,False,6,0.016133967754376224
baltimore,100,0.5,100000.0,0.01,617,GAP,False,7,0.01771863942755998
baltimore,100,0.5,100000.0,0.01,617,GAP,False,8,0.010847250452781714
baltimore,100,0.5,100000.0,0.01,617,GAP,False,9,0.010288132957441696
baltimore,100,0.5,100000.0,0.01,617,GAP,False,10,0.016772787442491905
baltimore,100,0.5,100000.0,0.01,617,GAP,False,11,0.007615086991553141
baltimore,100,0.5,100000.0,0.01,617,GAP,False,12,0.019079481919850223
baltimore,100,0.5,100000.0,0.01,617,GAP,False,13,0.013079608973305672
baltimore,100,0.5,100000.0,0.01,617,GAP,False,14,0.02357967108462219
baltimore,100,0.5,100000.0,0.01,617,GAP,False,15,0.02748750827874762
baltimore,100,0.5,100000.0,0.01,617,GAP,False,16,0.01726372081351224
baltimore,100,0.5,100000.0,0.01,617,GAP,False,17,0.024661360409456306
baltimore,100,0.5,100000.0,0.01,617,GAP,False,18,0.039831849886975954
baltimore,100,0.5,100000.0,0.01,617,GAP,False,19,0.03441505900827373
baltimore,100,0.5,100000.0,0.01,617,GAP,False,20,0.031718175161243714
baltimore,100,0.5,100000.0,0.01,617,GAP,False,21,0.037726190934944476
baltimore,100,0.5,100000.0,0.01,617,GAP,False,22,0.038342316791966626
baltimore,100,0.5,100000.0,0.01,617,GAP,False,23,0.03887314856568986
baltimore,100,0.5,100000.0,0.01,617,GAP,False,24,0.04490383277013238
baltimore,100,0.5,100000.0,0.01,617,GAP,False,25,0.04727543532787113
baltimore,100,0.5,100000.0,0.01,617,GAP,False,26,0.05281728460847986
baltimore,100,0.5,100000.0,0.01,617,GAP,False,27,0.042707583959293936
baltimore,100,0.5,100000.0,0.01,617,GAP,False,28,0.05470969269397369
baltimore,100,0.5,100000.0,0.01,617,GAP,False,29,0.04265579164828678
baltimore,100,0.5,100000.0,0.01,617,GAP,False,30,0.048416733182883975
baltimore,100,0.5,100000.0,0.01,617,GAP,True,1,0.0037568086511440375
baltimore,100,0.5,100000.0,0.01,617,GAP,True,2,0.012730374910669124
baltimore,100,0.5,100000.0,0.01,617,GAP,True,3,0.001892542584608961
baltimore,100,0.5,100000.0,0.01,617,GAP,True,4,0.002738639046373123
baltimore,100,0.5,100000.0,0.01,617,GAP,True,5,0.001377130746863524
baltimore,100,0.5,100000.0,0.01,617,GAP,True,6,0.003679878098088138
baltimore,100,0.5,100000.0,0.01,617,GAP,True,7,0.006875975114893364
baltimore,100,0.5,100000.0,0.01,617,GAP,True,8,0.0040740090510698514
baltimore,100,0.5,100000.0,0.01,617,GAP,True,9,0.0008062862058379464
baltimore,100,0.5,100000.0,0.01,617,GAP,True,10,0.00011017679346531655
baltimore,100,0.5,100000.0,0.01,617,GAP,True,11,0.003928679901155765
baltimore,100,0.5,100000.0,0.01,617,GAP,True,12,0.0009630164633616608
baltimore,100,0.5,100000.0,0.01,617,GAP,True,13,0.006190340232105579
baltimore,100,0.5,100000.0,0.01,617,GAP,True,14,0.0011094812291702503
baltimore,100,0.5,100000.0,0.01,617,GAP,True,15,0.005587346935587525
baltimore,100,0.5,100000.0,0.01,617,GAP,True,16,0.0029313017360455677
baltimore,100,0.5,100000.0,0.01,617,GAP,True,17,0.0007233768489794775
baltimore,100,0.5,100000.0,0.01,617,GAP,True,18,0.012327868308156811
baltimore,100,0.5,100000.0,0.01,617,GAP,True,19,0.0008130377445739777
baltimore,100,0.5,100000.0,0.01,617,GAP,True,20,0.0002823041399410442
baltimore,100,0.5,100000.0,0.01,617,GAP,True,21,0.002178796257620224
baltimore,100,0.5,100000.0,0.01,617,GAP,True,22,6.655031200255142e-05
baltimore,100,0.5,100000.0,0.01,617,GAP,True,23,0.003612079546945274
baltimore,100,0.5,100000.0,0.01,617,GAP,True,24,0.0003157300352715216
baltimore,100,0.5,100000.0,0.01,617,GAP,True,25,0.002503707025907099
baltimore,100,0.5,100000.0,0.01,617,GAP,True,26,0.002745222799761842
baltimore,100,0.5,100000.0,0.01,617,GAP,True,27,0.004973553822224982
baltimore,100,0.5,100000.0,0.01,617,GAP,True,28,0.003382738833027197
baltimore,100,0.5,100000.0,0.01,617,GAP,True,29,0.007223087186629
baltimore,100,0.5,100000.0,0.01,617,GAP,True,30,0.0032115471014851162
baltimore,100,0.5,100000.0,0.01,617,PPCA,False,1,0.002447440421360483
baltimore,100,0.5,100000.0,0.01,617,PPCA,False,2,0.018838716151868422
baltimore,100,0.5,100000.0,0.01,617,PPCA,False,3,0.006977276458975898
baltimore,100,0.5,100000.0,0.01,617,PPCA,False,4,0.0006294832747615092
baltimore,100,0.5,100000.0,0.01,617,PPCA,False,5,0.0051427867896689
baltimore,100,0.5,100000.0,0.01,617,PPCA,False,6,0.0009535614295623302
baltimore,100,0.5,100000.0,0.01,617,PPCA,False,7,0.009874354791071148
baltimore,100,0.5,100000.0,0.01,617,PPCA,False,8,0.00958219389349621
baltimore,100,0.5,100000.0,0.01,617,PPCA,False,9,0.0041421311429520975
baltimore,100,0.5,100000.0,0.01,617,PPCA,False,10,0.004489136448442219
baltimore,100,0.5,100000.0,0.01,617,PPCA,False,11,0.011057379821800425
baltimore,100,0.5,100000.0,0.01,617,PPCA,False,12,0.0036015814427314773
baltimore,100,0.5,100000.0,0.01,617,PPCA,False,13,0.011930307203613807
baltimore,100,0.5,100000.0,0.01,617,PPCA,False,14,0.0073617829810025915
baltimore,100,0.5,100000.0,0.01,617,PPCA,False,15,0.007503177134474662
baltimore,100,0.5,100000.0,0.01,617,PPCA,False,16,0.012081833953046173
baltimore,100,0.5,100000.0,0.01,617,PPCA,False,17,0.007688955110382882
baltimore,100,0.5,100000.0,0.01,617,PPCA,False,18,0.004304569251218226
baltimore,100,0.5,100000.0,0.01,617,PPCA,False,19,0.019050914918672748
baltimore,100,0.5,100000.0,0.01,617,PPCA,False,20,0.011448184358050019
baltimore,100,0.5,100000.0,0.01,617,PPCA,False,21,0.017928408457913828
baltimore,100,0.5,100000.0,0.01,617,PPCA,False,22,0.01934762030959389
baltimore,100,0.5,100000.0,0.01,617,PPCA,False,23,0.02348483957279946
baltimore,100,0.5,100000.0,0.01,617,PPCA,False,24,0.01770973292870473
baltimore,100,0.5,100000.0,0.01,617,PPCA,False,25,0.028266092962841535
baltimore,100,0.5,100000.0,0.01,617,PPCA,False,26,0.025665165548029
baltimore,100,0.5,100000.0,0.01,617,PPCA,False,27,0.03430318454883498
baltimore,100,0.5,100000.0,0.01,617,PPCA,False,28,0.021918078763464594
baltimore,100,0.5,100000.0,0.01,617,PPCA,False,29,0.03180543909147525
baltimore,100,0.5,100000.0,0.01,617,PPCA,False,30,0.034259709809375455
baltimore,100,0.5,100000.0,0.01,617,PPCA,True,1,0.036820134120213545
baltimore,100,0.5,100000.0,0.01,617,PPCA,True,2,0.04029754699154888
baltimore,100,0.5,100000.0,0.01,617,PPCA,True,3,0.03409304340246031
baltimore,100,0.5,100000.0,0.01,617,PPCA,True,4,0.020116255603945157
baltimore,100,0.5,100000.0,0.01,617,PPCA,True,5,0.05441900480652171
baltimore,100,0.5,100000.0,0.01,617,PPCA,True,6,0.01760882114010357
baltimore,100,0.5,100000.0,0.01,617,PPCA,True,7,0.05927540403482087
baltimore,100,0.5,100000.0,0.01,617,PPCA,True,8,0.0005695452564958334
baltimore,100,0.5,100000.0,0.01,617,PPCA,True,9,0.02404992730337653
baltimore,100,0.5,100000.0,0.01,617,PPCA,True,10,0.042567662541732235
baltimore,100,0.5,100000.0,0.01,617,PPCA,True,11,0.028810231597636335
baltimore,100,0.5,100000.0,0.01,617,PPCA,True,12,0.034082201364332376
baltimore,100,0.5,100000.0,0.01,617,PPCA,True,13,0.03809369390663032
baltimore,100,0.5,100000.0,0.01,617,PPCA,True,14,0.051214748760319714
baltimore,100,0.5,100000.0,0.01,617,PPCA,True,15,0.059570807217457354
baltimore,100,0.5,100000.0,0.01,617,PPCA,True,16,0.03213314892299715
baltimore,100,0.5,100000.0,0.01,617,PPCA,True,17,0.05509566016641206
baltimore,100,0.5,100000.0,0.01,617,PPCA,True,18,0.08027179326002211
baltimore,100,0.5,100000.0,0.01,617,PPCA,True,19,0.06461132641294892
baltimore,100,0.5,100000.0,0.01,617,PPCA,True,20,0.07534074251019665
baltimore,100,0.5,100000.0,0.01,617,PPCA,True,21,0.058844194505374
baltimore,100,0.5,100000.0,0.01,617,PPCA,True,22,0.06328845828135767
baltimore,100,0.5,100000.0,0.01,617,PPCA,True,23,0.07614173682133392
baltimore,100,0.5,100000.0,0.01,617,PPCA,True,24,0.10619966019910042
baltimore,100,0.5,100000.0,0.01,617,PPCA,True,25,0.09218105784901712
baltimore,100,0.5,100000.0,0.01,617,PPCA,True,26,0.1046315311890266
baltimore,100,0.5,100000.0,0.01,617,PPCA,True,27,0.09774136419392186
baltimore,100,0.5,100000.0,0.01,617,PPCA,True,28,0.12492512876261647
baltimore,100,0.5,100000.0,0.01,617,PPCA,True,29,0.10806527362472446
baltimore,100,0.5,100000.0,0.01,617,PPCA,True,30,0.10727836895025569
baltimore,100,0.5,100000.0,0.01,781,rSC,False,1,0.005318668000961615
baltimore,100,0.5,100000.0,0.01,781,rSC,False,2,0.017486876872517987
baltimore,100,0.5,100000.0,0.01,781,rSC,False,3,0.0180626499821075
baltimore,100,0.5,100000.0,0.01,781,rSC,False,4,0.0067507800093158194
baltimore,100,0.5,100000.0,0.01,781,rSC,False,5,0.005875258318516062
baltimore,100,0.5,100000.0,0.01,781,rSC,False,6,0.015911227879921296
baltimore,100,0.5,100000.0,0.01,781,rSC,False,7,0.016679866245759643
baltimore,100,0.5,100000.0,0.01,781,rSC,False,8,0.005826318602847063
baltimore,100,0.5,100000.0,0.01,781,rSC,False,9,0.019017933417568328
baltimore,100,0.5,100000.0,0.01,781,rSC,False,10,0.012430931411905431
baltimore,100,0.5,100000.0,0.01,781,rSC,False,11,0.002059966333437781
baltimore,100,0.5,100000.0,0.01,781,rSC,False,12,0.026717937123039052
baltimore,100,0.5,100000.0,0.01,781,rSC,False,13,0.015029412898490437
baltimore,100,0.5,100000.0,0.01,781,rSC,False,14,0.0008303622246166067
baltimore,100,0.5,100000.0,0.01,781,rSC,False,15,0.005072516751194008
baltimore,100,0.5,100000.0,0.01,781,rSC,False,16,0.0042754790966521225
baltimore,100,0.5,100000.0,0.01,781,rSC,False,17,0.0024115902377820184
baltimore,100,0.5,100000.0,0.01,781,rSC,False,18,0.030409913633384845
baltimore,100,0.5,100000.0,0.01,781,rSC,False,19,0.0010243316759072183
baltimore,100,0.5,100000.0,0.01,781,rSC,False,20,0.015325339230434536
baltimore,100,0.5,100000.0,0.01,781,rSC,False,21,0.001512675274690033
baltimore,100,0.5,100000.0,0.01,781,rSC,False,22,0.006512487159139715
baltimore,100,0.5,100000.0,0.01,781,rSC,False,23,0.010604807845464278
baltimore,100,0.5,100000.0,0.01,781,rSC,False,24,0.003943211995451805
baltimore,100,0.5,100000.0,0.01,781,rSC,False,25,0.009013793419255572
baltimore,100,0.5,100000.0,0.01,781,rSC,False,26,0.032244745613555906
baltimore,100,0.5,100000.0,0.01,781,rSC,False,27,0.005708628688168695
baltimore,100,0.5,100000.0,0.01,781,rSC,False,28,0.0008324594961929311
baltimore,100,0.5,100000.0,0.01,781,rSC,False,29,0.002478054215036071
baltimore,100,0.5,100000.0,0.01,781,rSC,False,30,0.015475121348549897
baltimore,100,0.5,100000.0,0.01,781,rSC,True,1,0.005318668000961615
baltimore,100,0.5,100000.0,0.01,781,rSC,True,2,0.017486876872517987
baltimore,100,0.5,100000.0,0.01,781,rSC,True,3,0.0180626499821075
baltimore,100,0.5,100000.0,0.01,781,rSC,True,4,0.0067507800093158194
baltimore,100,0.5,100000.0,0.01,781,rSC,True,5,0.005875258318516062
baltimore,100,0.5,100000.0,0.01,781,rSC,True,6,0.015911227879921296
baltimore,100,0.5,100000.0,0.01,781,rSC,True,7,0.016679866245759643
baltimore,100,0.5,100000.0,0.01,781,rSC,True,8,0.005826318602847063
baltimore,100,0.5,100000.0,0.01,781,rSC,True,9,0.019017933417568328
baltimore,100,0.5,100000.0,0.01,781,rSC,True,10,0.012430931411905431
baltimore,100,0.5,100000.0,0.01,781,rSC,True,11,0.002059966333437781
baltimore,100,0.5,100000.0,0.01,781,rSC,True,12,0.026717937123039052
baltimore,100,0.5,100000.0,0.01,781,rSC,True,13,0.015029412898490437
baltimore,100,0.5,100000.0,0.01,781,rSC,True,14,0.0008303622246166067
baltimore,100,0.5,100000.0,0.01,781,rSC,True,15,0.005072516751194008
baltimore,100,0.5,100000.0,0.01,781,rSC,True,16,0.0042754790966521225
baltimore,100,0.5,100000.0,0.01,781,rSC,True,17,0.0024115902377820184
baltimore,100,0.5,100000.0,0.01,781,rSC,True,18,0.030409913633384845
baltimore,100,0.5,100000.0,0.01,781,rSC,True,19,0.0010243316759072183
baltimore,100,0.5,100000.0,0.01,781,rSC,True,20,0.015325339230434536
baltimore,100,0.5,100000.0,0.01,781,rSC,True,21,0.001512675274690033
baltimore,100,0.5,100000.0,0.01,781,rSC,True,22,0.006512487159139715
baltimore,100,0.5,100000.0,0.01,781,rSC,True,23,0.010604807845464278
baltimore,100,0.5,100000.0,0.01,781,rSC,True,24,0.003943211995451805
baltimore,100,0.5,100000.0,0.01,781,rSC,True,25,0.009013793419255572
baltimore,100,0.5,100000.0,0.01,781,rSC,True,26,0.032244745613555906
baltimore,100,0.5,100000.0,0.01,781,rSC,True,27,0.005708628688168695
baltimore,100,0.5,100000.0,0.01,781,rSC,True,28,0.0008324594961929311
baltimore,100,0.5,100000.0,0.01,781,rSC,True,29,0.002478054215036071
baltimore,100,0.5,100000.0,0.01,781,rSC,True,30,0.015475121348549897
baltimore,100,0.5,100000.0,0.01,781,GAP,False,1,0.004826711697006145
baltimore,100,0.5,100000.0,0.01,781,GAP,False,2,0.005980659464185218
baltimore,100,0.5,100000.0,0.01,781,GAP,False,3,0.002411726162579652
baltimore,100,0.5,100000.0,0.01,781,GAP,False,4,0.0009230143403713489
baltimore,100,0.5,100000.0,0.01,781,GAP,False,5,0.005270471204986299
baltimore,100,0.5,100000.0,0.01,781,GAP,False,6,0.003925696416263702
baltimore,100,0.5,100000.0,0.01,781,GAP,False,7,0.006809740205981625
baltimore,100,0.5,100000.0,0.01,781,GAP,False,8,0.0037599944763203256
baltimore,100,0.5,100000.0,0.01,781,GAP,False,9,0.01842696396853507
baltimore,100,0.5,100000.0,0.01,781,GAP,False,10,0.00043421548174551956
baltimore,100,0.5,100000.0,0.01,781,GAP,False,11,0.0005397434215472255
baltimore,100,0.5,100000.0,0.01,781,GAP,False,12,0.00897210937799238
baltimore,100,0.5,100000.0,0.01,781,GAP,False,13,0.014610374592253183
baltimore,100,0.5,100000.0,0.01,781,GAP,False,14,0.011509749748973258
baltimore,100,0.5,100000.0,0.01,781,GAP,False,15,0.023217363287988717
baltimore,100,0.5,100000.0,0.01,781,GAP,False,16,0.017484451902191556
baltimore,100,0.5,100000.0,0.01,781,GAP,False,17,0.015707768762592368
baltimore,100,0.5,100000.0,0.01,781,GAP,False,18,0.020754200939738916
baltimore,100,0.5,100000.0,0.01,781,GAP,False,19,0.01903901648694342
baltimore,100,0.5,100000.0,0.01,781,GAP,False,20,0.016493615417915896
baltimore,100,0.5,100000.0,0.01,781,GAP,False,21,0.017297867972173676
baltimore,100,0.5,100000.0,0.01,781,GAP,False,22,0.032100898942875884
baltimore,100,0.5,100000.0,0.01,781,GAP,False,23,0.030107071408326292
baltimore,100,0.5,100000.0,0.01,781,GAP,False,24,0.037583810136113845
baltimore,100,0.5,100000.0,0.01,781,GAP,False,25,0.035843773282840274
baltimore,100,0.5,100000.0,0.01,781,GAP,False,26,0.030131891543863608
baltimore,100,0.5,100000.0,0.01,781,GAP,False,27,0.035883841868051346
baltimore,100,0.5,100000.0,0.01,781,GAP,False,28,0.031899207701383374
baltimore,100,0.5,100000.0,0.01,781,GAP,False,29,0.04158886123497447
baltimore,100,0.5,100000.0,0.01,781,GAP,False,30,0.0382253764593321
baltimore,100,0.5,100000.0,0.01,781,GAP,True,1,0.004692858927187958
baltimore,100,0.5,100000.0,0.01,781,GAP,True,2,0.0035648143729057236
baltimore,100,0.5,100000.0,0.01,781,GAP,True,3,0.001329642023327747
baltimore,100,0.5,100000.0,0.01,781,GAP,True,4,0.0023031688651727277
baltimore,100,0.5,100000.0,0.01,781,GAP,True,5,0.0005190604281415696
baltimore,100,0.5,100000.0,0.01,781,GAP,True,6,0.00013082480609388775
baltimore,100,0.5,100000.0,0.01,781,GAP,True,7,0.006424701126069392
baltimore,100,0.5,100000.0,0.01,781,GAP,True,8,1.1675831527351475e-05
baltimore,100,0.5,100000.0,0.01,781,GAP,True,9,0.014326896805473026
baltimore,100,0.5,100000.0,0.01,781,GAP,True,10,0.003615370305222116
baltimore,100,0.5,100000.0,0.01,781,GAP,True,11,0.004129786694203154
baltimore,100,0.5,100000.0,0.01,781,GAP,True,12,0.0034998012213086752
baltimore,100,0.5,100000.0,0.01,781,GAP,True,13,0.010893617975923399
baltimore,100,0.5,100000.0,0.01,781,GAP,True,14,0.003961045334931602
baltimore,100,0.5,100000.0,0.01,781,GAP,True,15,0.013562359922712167
baltimore,100,0.5,100000.0,0.01,781,GAP,True,16,0.008350039428376267
baltimore,100,0.5,100000.0,0.01,781,GAP,True,17,0.0060157497196448246
baltimore,100,0.5,100000.0,0.01,781,GAP,True,18,0.009380312760187711
baltimore,100,0.5,100000.0,0.01,781,GAP,True,19,0.004817333352660483
baltimore,100,0.5,100000.0,0.01,781,GAP,True,20,0.003976958966606074
baltimore,100,0.5,100000.0,0.01,781,GAP,True,21,0.002539781604414687
baltimore,100,0.5,100000.0,0.01,781,GAP,True,22,0.017004096044103554
baltimore,100,0.5,100000.0,0.01,781,GAP,True,23,0.01392348446539765
baltimore,100,0.5,100000.0,0.01,781,GAP,True,24,0.018122071368538245
baltimore,100,0.5,100000.0,0.01,781,GAP,True,25,0.016216299818780564
baltimore,100,0.5,100000.0,0.01,781,GAP,True,26,0.012548749911519835
baltimore,100,0.5,100000.0,0.01,781,GAP,True,27,0.013821942304084593
baltimore,100,0.5,100000.0,0.01,781,GAP,True,28,0.011505030139319104
baltimore,100,0.5,100000.0,0.01,781,GAP,True,29,0.017972312300610773
baltimore,100,0.5,100000.0,0.01,781,GAP,True,30,0.015777844059229894
baltimore,100,0.5,100000.0,0.01,781,PPCA,False,1,0.006283576093489479
baltimore,100,0.5,100000.0,0.01,781,PPCA,False,2,0.012428896316421504
baltimore,100,0.5,100000.0,0.01,781,PPCA,False,3,0.009354789199180652
baltimore,100,0.5,100000.0,0.01,781,PPCA,False,4,0.010593968859283183
baltimore,100,0.5,100000.0,0.01,781,PPCA,False,5,0.0033288090731793123
baltimore,100,0.5,100000.0,0.01,781,PPCA,False,6,0.004016019396396629
baltimore,100,0.5,100000.0,0.01,781,PPCA,False,7,0.016465872918077346
baltimore,100,0.5,100000.0,0.01,781,PPCA,False,8,0.014453560794853201
baltimore,100,0.5,100000.0,0.01,781,PPCA,False,9,0.02796202401581126
baltimore,100,0.5,100000.0,0.01,781,PPCA,False,10,0.003940730201216613
baltimore,100,0.5,100000.0,0.01,781,PPCA,False,11,0.010536875001048688
baltimore,100,0.5,100000.0,0.01,781,PPCA,False,12,0.014430485905984626
baltimore,100,0.5,100000.0,0.01,781,PPCA,False,13,0.024836449593576698
baltimore,100,0.5,100000.0,0.01,781,PPCA,False,14,0.015354342440462763
baltimore,100,0.5,100000.0,0.01,781,PPCA,False,15,0.023370144206863164
baltimore,100,0.5,100000.0,0.01,781,PPCA,False,16,0.023140587213212552
baltimore,100,0.5,100000.0,0.01,781,PPCA,False,17,0.02709208161603615
baltimore,100,0.5,100000.0,0.01,781,PPCA,False,18,0.024388446214534603
baltimore,100,0.5,100000.0,0.01,781,PPCA,False,19,0.020494813319834448
baltimore,100,0.5,100000.0,0.01,781,PPCA,False,20,0.018517230482030293
baltimore,100,0.5,100000.0,0.01,781,PPCA,False,21,0.022158290693925612
baltimore,100,0.5,100000.0,0.01,781,PPCA,False,22,0.03624810667178629
baltimore,100,0.5,100000.0,0.01,781,PPCA,False,23,0.039396172251422355
baltimore,100,0.5,100000.0,0.01,781,PPCA,False,24,0.03327747629241252
baltimore,100,0.5,100000.0,0.01,781,PPCA,False,25,0.0387901794781436
baltimore,100,0.5,100000.0,0.01,781,PPCA,False,26,0.04201979912100665
baltimore,100,0.5,100000.0,0.01,781,PPCA,False,27,0.0356816750241875
baltimore,100,0.5,100000.0,0.01,781,PPCA,False,28,0.03808566524155818
baltimore,100,0.5,100000.0,0.01,781,PPCA,False,29,0.04447616874199092
baltimore,100,0.5,100000.0,0.01,781,PPCA,False,30,0.04353525986832203
baltimore,100,0.5,100000.0,0.01,781,PPCA,True,1,0.0026412522554295683
baltimore,100,0.5,100000.0,0.01,781,PPCA,True,2,0.005519143513524048
baltimore,100,0.5,100000.0,0.01,781,PPCA,True,3,0.0032719862738850355
baltimore,100,0.5,100000.0,0.01,781,PPCA,True,4,0.002964368988217658
baltimore,100,0.5,100000.0,0.01,781,PPCA,True,5,0.0012714810456907542
baltimore,100,0.5,100000.0,0.01,781,PPCA,True,6,0.001856164455133445
baltimore,100,0.5,100000.0,0.01,781,PPCA,True,7,0.009543544749826478
baltimore,100,0.5,100000.0,0.01,781,PPCA,True,8,0.006049347430359125
baltimore,100,0.5,100000.0,0.01,781,PPCA,True,9,0.01929857786001699
baltimore,100,0.5,100000.0,0.01,781,PPCA,True,10,0.0022660313428798325
baltimore,100,0.5,100000.0,0.01,781,PPCA,True,11,0.0028744744677777164
baltimore,100,0.5,100000.0,0.01,781,PPCA,True,12,0.006265523314898202
baltimore,100,0.5,100000.0,0.01,781,PPCA,True,13,0.016522383544807825
baltimore,100,0.5,100000.0,0.01,781,PPCA,True,14,0.006909847608716087
baltimore,100,0.5,100000.0,0.01,781,PPCA,True,15,0.014114800264115431
baltimore,100,0.5,100000.0,0.01,781,PPCA,True,16,0.013003117785969872
baltimore,100,0.5,100000.0,0.01,781,PPCA,True,17,0.014441017316362883
baltimore,100,0.5,100000.0,0.01,781,PPCA,True,18,0.013186302270241911
baltimore,100,0.5,100000.0,0.01,781,PPCA,True,19,0.007782313481954671
baltimore,100,0.5,100000.0,0.01,781,PPCA,True,20,0.006916536809126283
baltimore,100,0.5,100000.0,0.01,781,PPCA,True,21,0.00893083892245527
baltimore,100,0.5,100000.0,0.01,781,PPCA,True,22,0.02269413253866298
baltimore,100,0.5,100000.0,0.01,781,PPCA,True,23,0.022936623382536454
baltimore,100,0.5,100000.0,0.01,781,PPCA,True,24,0.019333406634499856
baltimore,100,0.5,100000.0,0.01,781,PPCA,True,25,0.022002147875943543
baltimore,100,0.5,100000.0,0.01,781,PPCA,True,26,0.023123105575504403
baltimore,100,0.5,100000.0,0.01,781,PPCA,True,27,0.01883831816878929
baltimore,100,0.5,100000.0,0.01,781,PPCA,True,28,0.020373513358678614
baltimore,100,0.5,100000.0,0.01,781,PPCA,True,29,0.025132861559172152
baltimore,100,0.5,100000.0,0.01,781,PPCA,True,30,0.024299344448982137
baltimore,100,1.0,250.0,4.0,617,rSC,False,1,0.009382653042872103
baltimore,100,1.0,250.0,4.0,617,rSC,False,2,0.0037633322520231214
baltimore,100,1.0,250.0,4.0,617,rSC,False,3,0.009969598016693476
baltimore,100,1.0,250.0,4.0,617,rSC,False,4,0.006719195528836282
baltimore,100,1.0,250.0,4.0,617,rSC,False,5,0.013651493877652274
baltimore,100,1.0,250.0,4.0,617,rSC,False,6,0.012292236484084118
baltimore,100,1.0,250.0,4.0,617,rSC,False,7,0.02685739059430364
baltimore,100,1.0,250.0,4.0,617,rSC,False,8,0.0011136695036315087
baltimore,100,1.0,250.0,4.0,617,rSC,False,9,0.04391578972151799
baltimore,100,1.0,250.0,4.0,617,rSC,False,10,0.005572216019755082
baltimore,100,1.0,250.0,4.0,617,rSC,False,11,0.04625218425856553
baltimore,100,1.0,250.0,4.0,617,rSC,False,12,0.03687625024359195
baltimore,100,1.0,250.0,4.0,617,rSC,False,13,0.0023721182562708508
baltimore,100,1.0,250.0,4.0,617,rSC,False,14,0.025087323961853675
baltimore,100,1.0,250.0,4.0,617,rSC,False,15,0.052341023664188704
baltimore,100,1.0,250.0,4.0,617,rSC,False,16,0.05231847505069524
baltimore,100,1.0,250.0,4.0,617,rSC,False,17,0.056904406207434755
baltimore,100,1.0,250.0,4.0,617,rSC,False,18,0.055352296332674564
baltimore,100,1.0,250.0,4.0,617,rSC,False,19,0.05085931437110824
baltimore,100,1.0,250.0,4.0,617,rSC,False,20,0.05908802046777534
baltimore,100,1.0,250.0,4.0,617,rSC,False,21,0.09891443496571367
baltimore,100,1.0,250.0,4.0,617,rSC,False,22,0.07147051946705506
baltimore,100,1.0,250.0,4.0,617,rSC,False,23,0.05833985366305168
baltimore,100,1.0,250.0,4.0,617,rSC,False,24,0.06036213732483742
baltimore,100,1.0,250.0,4.0,617,rSC,False,25,0.10126519518505474
baltimore,100,1.0,250.0,4.0,617,rSC,False,26,0.11223656010497189
baltimore,100,1.0,250.0,4.0,617,rSC,False,27,0.12286407000672794
baltimore,100,1.0,250.0,4.0,617,rSC,False,28,0.09710643634939901
baltimore,100,1.0,250.0,4.0,617,rSC,False,29,0.10558931154361355
baltimore,100,1.0,250.0,4.0,617,rSC,False,30,0.08570827893737498
baltimore,100,1.0,250.0,4.0,617,rSC,True,1,0.009382653042872103
baltimore,100,1.0,250.0,4.0,617,rSC,True,2,0.0037633322520231214
baltimore,100,1.0,250.0,4.0,617,rSC,True,3,0.009969598016693476
baltimore,100,1.0,250.0,4.0,617,rSC,True,4,0.006719195528836282
baltimore,100,1.0,250.0,4.0,617,rSC,True,5,0.013651493877652274
baltimore,100,1.0,250.0,4.0,617,rSC,True,6,0.012292236484084118
baltimore,100,1.0,250.0,4.0,617,rSC,True,7,0.02685739059430364
baltimore,100,1.0,250.0,4.0,617,rSC,True,8,0.0011136695036315087
baltimore,100,1.0,250.0,4.0,617,rSC,True,9,0.04391578972151799
baltimore,100,1.0,250.0,4.0,617,rSC,True,10,0.005572216019755082
baltimore,100,1.0,250.0,4.0,617,rSC,True,11,0.04625218425856553
baltimore,100,1.0,250.0,4.0,617,rSC,True,12,0.03687625024359195
baltimore,100,1.0,250.0,4.0,617,rSC,True,13,0.0023721182562708508
baltimore,100,1.0,250.0,4.0,617,rSC,True,14,0.025087323961853675
baltimore,100,1.0,250.0,4.0,617,rSC,True,15,0.052341023664188704
baltimore,100,1.0,250.0,4.0,617,rSC,True,16,0.05231847505069524
baltimore,100,1.0,250.0,4.0,617,rSC,True,17,0.056904406207434755
baltimore,100,1.0,250.0,4.0,617,rSC,True,18,0.055352296332674564
baltimore,100,1.0,250.0,4.0,617,rSC,True,19,0.05085931437110824
baltimore,100,1.0,250.0,4.0,617,rSC,True,20,0.05908802046777534
baltimore,100,1.0,250.0,4.0,617,rSC,True,21,0.09891443496571367
baltimore,100,1.0,250.0,4.0,617,rSC,True,22,0.07147051946705506
baltimore,100,1.0,250.0,4.0,617,rSC,True,23,0.05833985366305168
baltimore,100,1.0,250.0,4.0,617,rSC,True,24,0.06036213732483742
baltimore,100,1.0,250.0,4.0,617,rSC,True,25,0.10126519518505474
baltimore,100,1.0,250.0,4.0,617,rSC,True,26,0.11223656010497189
baltimore,100,1.0,250.0,4.0,617,rSC,True,27,0.12286407000672794
baltimore,100,1.0,250.0,4.0,617,rSC,True,28,0.09710643634939901
baltimore,100,1.0,250.0,4.0,617,rSC,True,29,0.10558931154361355
baltimore,100,1.0,250.0,4.0,617,rSC,True,30,0.08570827893737498
baltimore,100,1.0,250.0,4.0,617,GAP,False,1,0.01820912787481135
baltimore,100,1.0,250.0,4.0,617,GAP,False,2,0.007772262542101566
baltimore,100,1.0,250.0,4.0,617,GAP,False,3,0.007247611901519099
baltimore,100,1.0,250.0,4.0,617,GAP,False,4,0.019731694173295303
baltimore,100,1.0,250.0,4.0,617,GAP,False,5,0.0012631355321892287
baltimore,100,1.0,250.0,4.0,617,GAP,False,6,0.01535174159255828
baltimore,100,1.0,250.0,4.0,617,GAP,False,7,0.004779421866267417
baltimore,100,1.0,250.0,4.0,617,GAP,False,8,0.024071567400787166
baltimore,100,1.0,250.0,4.0,617,GAP,False,9,0.009127977045944629
baltimore,100,1.0,250.0,4.0,617,GAP,False,10,0.006352464270343781
baltimore,100,1.0,250.0,4.0,617,GAP,False,11,0.0009417020100943178
baltimore,100,1.0,250.0,4.0,617,GAP,False,12,0.010537110226445063
baltimore,100,1.0,250.0,4.0,617,GAP,False,13,0.01335949834347727
baltimore,100,1.0,250.0,4.0,617,GAP,False,14,0.002879344468644388
baltimore,100,1.0,250.0,4.0,617,GAP,False,15,0.017325834291961356
baltimore,100,1.0,250.0,4.0,617,GAP,False,16,0.02737979450800103
baltimore,100,1.0,250.0,4.0,617,GAP,False,17,0.008062463463143965
baltimore,100,1.0,250.0,4.0,617,GAP,False,18,0.007565433403630934
baltimore,100,1.0,250.0,4.0,617,GAP,False,19,0.01190176498316081
baltimore,100,1.0,250.0,4.0,617,GAP,False,20,0.02098679413806398
baltimore,100,1.0,250.0,4.0,617,GAP,False,21,0.021739943959605164
baltimore,100,1.0,250.0,4.0,617,GAP,False,22,0.01111073462400393
baltimore,100,1.0,250.0,4.0,617,GAP,False,23,0.004878886533378134
baltimore,100,1.0,250.0,4.0,617,GAP,False,24,0.012334815757119274
baltimore,100,1.0,250.0,4.0,617,GAP,False,25,0.0021680060855836323
baltimore,100,1.0,250.0,4.0,617,GAP,False,26,0.006650350452332876
baltimore,100,1.0,250.0,4.0,617,GAP,False,27,0.014484061101014726
baltimore,100,1.0,250.0,4.0,617,GAP,False,28,0.005573454909091832
baltimore,100,1.0,250.0,4.0,617,GAP,False,29,0.010218200886024684
baltimore,100,1.0,250.0,4.0,617,GAP,False,30,0.008972881544471269
baltimore,100,1.0,250.0,4.0,617,GAP,True,1,0.0007369121454141685
baltimore,100,1.0,250.0,4.0,617,GAP,True,2,0.001338759236279491
baltimore,100,1.0,250.0,4.0,617,GAP,True,3,0.011493840890679417
baltimore,100,1.0,250.0,4.0,617,GAP,True,4,0.007918714186807617
baltimore,100,1.0,250.0,4.0,617,GAP,True,5,0.02034725821636995
baltimore,100,1.0,250.0,4.0,617,GAP,True,6,0.014995075340539982
baltimore,100,1.0,250.0,4.0,617,GAP,True,7,0.02252721497418116
baltimore,100,1.0,250.0,4.0,617,GAP,True,8,0.025053818424935332
baltimore,100,1.0,250.0,4.0,617,GAP,True,9,0.04568195339829487
baltimore,100,1.0,250.0,4.0,617,GAP,True,10,0.04736075839627189
baltimore,100,1.0,250.0,4.0,617,GAP,True,11,0.052016008126112255
baltimore,100,1.0,250.0,4.0,617,GAP,True,12,0.059388071850909024
baltimore,100,1.0,250.0,4.0,617,GAP,True,13,0.06478135895395357
baltimore,100,1.0,250.0,4.0,617,GAP,True,14,0.07212178426702177
baltimore,100,1.0,250.0,4.0,617,GAP,True,15,0.08073423354491509
baltimore,100,1.0,250.0,4.0,617,GAP,True,16,0.08954557830430332
baltimore,100,1.0,250.0,4.0,617,GAP,True,17,0.08999820395567353
baltimore,100,1.0,250.0,4.0,617,GAP,True,18,0.0929312040834044
baltimore,100,1.0,250.0,4.0,617,GAP,True,19,0.11216169256507254
baltimore,100,1.0,250.0,4.0,617,GAP,True,20,0.11917998802852017
baltimore,100,1.0,250.0,4.0,617,GAP,True,21,0.12870817234480408
baltimore,100,1.0,250.0,4.0,617,GAP,True,22,0.13132588698254638
baltimore,100,1.0,250.0,4.0,617,GAP,True,23,0.13929283132331588
baltimore,100,1.0,250.0,4.0,617,GAP,True,24,0.14694931217914928
baltimore,100,1.0,250.0,4.0,617,GAP,True,25,0.16425820034981128
baltimore,100,1.0,250.0,4.0,617,GAP,True,26,0.1628002393405699
baltimore,100,1.0,250.0,4.0,617,GAP,True,27,0.17614332718546755
baltimore,100,1.0,250.0,4.0,617,GAP,True,28,0.17375054181731647
baltimore,100,1.0,250.0,4.0,617,GAP,True,29,0.17674754682456756
baltimore,100,1.0,250.0,4.0,617,GAP,True,30,0.18931387820049408
baltimore,100,1.0,250.0,4.0,617,PPCA,False,1,0.010011437159917367
baltimore,100,1.0,250.0,4.0,617,PPCA,False,2,0.006298123619639993
baltimore,100,1.0,250.0,4.0,617,PPCA,False,3,0.002181741285971427
baltimore,100,1.0,250.0,4.0,617,PPCA,False,4,0.0003558534443391632
baltimore,100,1.0,250.0,4.0,617,PPCA,False,5,0.00837549654860837
baltimore,100,1.0,250.0,4.0,617,PPCA,False,6,0.013646589287354877
baltimore,100,1.0,250.0,4.0,617,PPCA,False,7,0.011055182270139437
baltimore,100,1.0,250.0,4.0,617,PPCA,False,8,0.01825681462483245
baltimore,100,1.0,250.0,4.0,617,PPCA,False,9,0.030402198558614497
baltimore,100,1.0,250.0,4.0,617,PPCA,False,10,0.03399569566079472
baltimore,100,1.0,250.0,4.0,617,PPCA,False,11,0.03220539991127597
baltimore,100,1.0,250.0,4.0,617,PPCA,False,12,0.05129532949485372
baltimore,100,1.0,250.0,4.0,617,PPCA,False,13,0.05337548798519946
baltimore,100,1.0,250.0,4.0,617,PPCA,False,14,0.057763502294616846
baltimore,100,1.0,250.0,4.0,617,PPCA,False,15,0.06490407895211273
baltimore,100,1.0,250.0,4.0,617,PPCA,False,16,0.06978969598401229
baltimore,100,1.0,250.0,4.0,617,PPCA,False,17,0.06794293710692306
baltimore,100,1.0,250.0,4.0,617,PPCA,False,18,0.07829885027016513
baltimore,100,1.0,250.0,4.0,617,PPCA,False,19,0.08804583181573619
baltimore,100,1.0,250.0,4.0,617,PPCA,False,20,0.09904607429482443
baltimore,100,1.0,250.0,4.0,617,PPCA,False,21,0.1056182684886011
baltimore,100,1.0,250.0,4.0,617,PPCA,False,22,0.106311523681083
baltimore,100,1.0,250.0,4.0,617,PPCA,False,23,0.115006580675794
baltimore,100,1.0,250.0,4.0,617,PPCA,False,24,0.11962294115138017
baltimore,100,1.0,250.0,4.0,617,PPCA,False,25,0.13522797015704585
baltimore,100,1.0,250.0,4.0,617,PPCA,False,26,0.13390998260218337
baltimore,100,1.0,250.0,4.0,617,PPCA,False,27,0.13939377953918275
baltimore,100,1.0,250.0,4.0,617,PPCA,False,28,0.14034929756570452
baltimore,100,1.0,250.0,4.0,617,PPCA,False,29,0.14791044564001354
baltimore,100,1.0,250.0,4.0,617,PPCA,False,30,0.16025538308984916
baltimore,100,1.0,250.0,4.0,617,PPCA,True,1,0.0029657522256794876
baltimore,100,1.0,250.0,4.0,617,PPCA,True,2,0.00109833679125796
baltimore,100,1.0,250.0,4.0,617,PPCA,True,3,0.009578246095653801
baltimore,100,1.0,250.0,4.0,617,PPCA,True,4,0.007319854182655483
baltimore,100,1.0,250.0,4.0,617,PPCA,True,5,0.016515214977020517
baltimore,100,1.0,250.0,4.0,617,PPCA,True,6,0.02063552146307845
baltimore,100,1.0,250.0,4.0,617,PPCA,True,7,0.01903495788598784
baltimore,100,1.0,250.0,4.0,617,PPCA,True,8,0.025386539086756258
baltimore,100,1.0,250.0,4.0,617,PPCA,True,9,0.038374833589962
baltimore,100,1.0,250.0,4.0,617,PPCA,True,10,0.04267666227317399
baltimore,100,1.0,250.0,4.0,617,PPCA,True,11,0.04090878275828929
baltimore,100,1.0,250.0,4.0,617,PPCA,True,12,0.05889073456043071
baltimore,100,1.0,250.0,4.0,617,PPCA,True,13,0.06209655106449296
baltimore,100,1.0,250.0,4.0,617,PPCA,True,14,0.0666895264723106
baltimore,100,1.0,250.0,4.0,617,PPCA,True,15,0.073592238297115
baltimore,100,1.0,250.0,4.0,617,PPCA,True,16,0.07853690813236266
baltimore,100,1.0,250.0,4.0,617,PPCA,True,17,0.07784645770129935
baltimore,100,1.0,250.0,4.0,617,PPCA,True,18,0.08730946562913174
baltimore,100,1.0,250.0,4.0,617,PPCA,True,19,0.09876125502778207
baltimore,100,1.0,250.0,4.0,617,PPCA,True,20,0.10922430930212511
baltimore,100,1.0,250.0,4.0,617,PPCA,True,21,0.11555946299120444
baltimore,100,1.0,250.0,4.0,617,PPCA,True,22,0.11670645404906309
baltimore,100,1.0,250.0,4.0,617,PPCA,True,23,0.12623762788582296
baltimore,100,1.0,250.0,4.0,617,PPCA,True,24,0.1311452238616659
baltimore,100,1.0,250.0,4.0,617,PPCA,True,25,0.14732337133898002
baltimore,100,1.0,250.0,4.0,617,PPCA,True,26,0.14618163796511743
baltimore,100,1.0,250.0,4.0,617,PPCA,True,27,0.15236922706520808
baltimore,100,1.0,250.0,4.0,617,PPCA,True,28,0.15337689526860745
baltimore,100,1.0,250.0,4.0,617,PPCA,True,29,0.16002515801810718
baltimore,100,1.0,250.0,4.0,617,PPCA,True,30,0.17347779745709993
baltimore,100,1.0,250.0,4.0,781,rSC,False,1,0.008957113418959899
baltimore,100,1.0,250.0,4.0,781,rSC,False,2,0.05387385464091155
baltimore,100,1.0,250.0,4.0,781,rSC,False,3,0.014744520526607977
baltimore,100,1.0,250.0,4.0,781,rSC,False,4,0.005608057956464246
baltimore,100,1.0,250.0,4.0,781,rSC,False,5,0.017905124497072756
baltimore,100,1.0,250.0,4.0,781,rSC,False,6,0.036539023480404845
baltimore,100,1.0,250.0,4.0,781,rSC,False,7,0.01556120730274218
baltimore,100,1.0,250.0,4.0,781,rSC,False,8,0.015756642616969824
baltimore,100,1.0,250.0,4.0,781,rSC,False,9,0.012695712403015988
baltimore,100,1.0,250.0,4.0,781,rSC,False,10,0.034325212393304085
baltimore,100,1.0,250.0,4.0,781,rSC,False,11,0.018519954210177086
baltimore,100,1.0,250.0,4.0,781,rSC,False,12,0.02991034516864359
baltimore,100,1.0,250.0,4.0,781,rSC,False,13,0.007665438299569283
baltimore,100,1.0,250.0,4.0,781,rSC,False,14,0.007624727596534878
baltimore,100,1.0,250.0,4.0,781,rSC,False,15,0.00863049461558598
baltimore,100,1.0,250.0,4.0,781,rSC,False,16,0.031029454791173326
baltimore,100,1.0,250.0,4.0,781,rSC,False,17,0.02905277114123998
baltimore,100,1.0,250.0,4.0,781,rSC,False,18,0.03263162994321194
baltimore,100,1.0,250.0,4.0,781,rSC,False,19,0.01773429387537576
baltimore,100,1.0,250.0,4.0,781,rSC,False,20,0.020206363950893442
baltimore,100,1.0,250.0,4.0,781,rSC,False,21,0.009144925213927312
baltimore,100,1.0,250.0,4.0,781,rSC,False,22,0.01572475952207734
baltimore,100,1.0,250.0,4.0,781,rSC,False,23,0.01768180202465953
baltimore,100,1.0,250.0,4.0,781,rSC,False,24,0.025948931281264322
baltimore,100,1.0,250.0,4.0,781,rSC,False,25,0.03263761452093266
baltimore,100,1.0,250.0,4.0,781,rSC,False,26,0.03440035550300617
baltimore,100,1.0,250.0,4.0,781,rSC,False,27,0.024631968841999308
baltimore,100,1.0,250.0,4.0,781,rSC,False,28,0.01100251967047548
baltimore,100,1.0,250.0,4.0,781,rSC,False,29,0.03376168490324836
baltimore,100,1.0,250.0,4.0,781,rSC,False,30,0.04170328115891209
baltimore,100,1.0,250.0,4.0,781,rSC,True,1,0.008957113418959899
baltimore,100,1.0,250.0,4.0,781,rSC,True,2,0.05387385464091155
baltimore,100,1.0,250.0,4.0,781,rSC,True,3,0.014744520526607977
baltimore,100,1.0,250.0,4.0,781,rSC,True,4,0.005608057956464246
baltimore,100,1.0,250.0,4.0,781,rSC,True,5,0.017905124497072756
baltimore,100,1.0,250.0,4.0,781,rSC,True,6,0.036539023480404845
baltimore,100,1.0,250.0,4.0,781,rSC,True,7,0.01556120730274218
baltimore,100,1.0,250.0,4.0,781,rSC,True,8,0.015756642616969824
baltimore,100,1.0,250.0,4.0,781,rSC,True,9,0.012695712403015988
baltimore,100,1.0,250.0,4.0,781,rSC,True,10,0.034325212393304085
baltimore,100,1.0,250.0,4.0,781,rSC,True,11,0.018519954210177086
baltimore,100,1.0,250.0,4.0,781,rSC,True,12,0.02991034516864359
baltimore,100,1.0,250.0,4.0,781,rSC,True,13,0.007665438299569283
baltimore,100,1.0,250.0,4.0,781,rSC,True,14,0.007624727596534878
baltimore,100,1.0,250.0,4.0,781,rSC,True,15,0.00863049461558598
baltimore,100,1.0,250.0,4.0,781,rSC,True,16,0.031029454791173326
baltimore,100,1.0,250.0,4.0,781,rSC,True,17,0.02905277114123998
baltimore,100,1.0,250.0,4.0,781,rSC,True,18,0.03263162994321194
baltimore,100,1.0,250.0,4.0,781,rSC,True,19,0.01773429387537576
baltimore,100,1.0,250.0,4.0,781,rSC,True,20,0.020206363950893442
baltimore,100,1.0,250.0,4.0,781,rSC,True,21,0.009144925213927312
baltimore,100,1.0,250.0,4.0,781,rSC,True,22,0.01572475952207734
baltimore,100,1.0,250.0,4.0,781,rSC,True,23,0.01768180202465953
baltimore,100,1.0,250.0,4.0,781,rSC,True,24,0.025948931281264322
baltimore,100,1.0,250.0,4.0,781,rSC,True,25,0.03263761452093266
baltimore,100,1.0,250.0,4.0,781,rSC,True,26,0.03440035550300617
baltimore,100,1.0,250.0,4.0,781,rSC,True,27,0.024631968841999308
baltimore,100,1.0,250.0,4.0,781,rSC,True,28,0.01100251967047548
baltimore,100,1.0,250.0,4.0,781,rSC,True,29,0.03376168490324836
baltimore,100,1.0,250.0,4.0,781,rSC,True,30,0.04170328115891209
baltimore,100,1.0,250.0,4.0,781,GAP,False,1,0.013050923557978702
baltimore,100,1.0,250.0,4.0,781,GAP,False,2,0.002653154416683743
baltimore,100,1.0,250.0,4.0,781,GAP,False,3,0.017721343963402674
baltimore,100,1.0,250.0,4.0,781,GAP,False,4,0.0022201092967716212
baltimore,100,1.0,250.0,4.0,781,GAP,False,5,0.0011703784175739738
baltimore,100,1.0,250.0,4.0,781,GAP,False,6,0.013919227845223722
baltimore,100,1.0,250.0,4.0,781,GAP,False,7,0.01419228983587043
baltimore,100,1.0,250.0,4.0,781,GAP,False,8,0.027582827195405262
baltimore,100,1.0,250.0,4.0,781,GAP,False,9,0.030468949894887146
baltimore,100,1.0,250.0,4.0,781,GAP,False,10,0.03063513068431474
baltimore,100,1.0,250.0,4.0,781,GAP,False,11,0.005858712344672145
baltimore,100,1.0,250.0,4.0,781,GAP,False,12,0.014942580219899308
baltimore,100,1.0,250.0,4.0,781,GAP,False,13,0.04178802189210193
baltimore,100,1.0,250.0,4.0,781,GAP,False,14,0.03192268727212039
baltimore,100,1.0,250.0,4.0,781,GAP,False,15,0.027258905837818793
baltimore,100,1.0,250.0,4.0,781,GAP,False,16,0.01472215889471236
baltimore,100,1.0,250.0,4.0,781,GAP,False,17,0.004424361815272205
baltimore,100,1.0,250.0,4.0,781,GAP,False,18,0.026797890388473352
baltimore,100,1.0,250.0,4.0,781,GAP,False,19,0.029810677600531757
baltimore,100,1.0,250.0,4.0,781,GAP,False,20,0.036247568941320536
baltimore,100,1.0,250.0,4.0,781,GAP,False,21,0.03203550249220989
baltimore,100,1.0,250.0,4.0,781,GAP,False,22,0.039445960860600676
baltimore,100,1.0,250.0,4.0,781,GAP,False,23,0.03350670353827253
baltimore,100,1.0,250.0,4.0,781,GAP,False,24,0.04445971885814568
baltimore,100,1.0,250.0,4.0,781,GAP,False,25,0.02341540006594734
baltimore,100,1.0,250.0,4.0,781,GAP,False,26,0.047439481708428266
baltimore,100,1.0,250.0,4.0,781,GAP,False,27,0.04841872680406389
baltimore,100,1.0,250.0,4.0,781,GAP,False,28,0.055323696834001256
baltimore,100,1.0,250.0,4.0,781,GAP,False,29,0.046233396819518637
baltimore,100,1.0,250.0,4.0,781,GAP,False,30,0.057736574087931015
baltimore,100,1.0,250.0,4.0,781,GAP,True,1,0.0021033052113353327
baltimore,100,1.0,250.0,4.0,781,GAP,True,2,0.0036997700743333526
baltimore,100,1.0,250.0,4.0,781,GAP,True,3,0.018207181436600033
baltimore,100,1.0,250.0,4.0,781,GAP,True,4,0.00959435603955285
baltimore,100,1.0,250.0,4.0,781,GAP,True,5,0.011776043861731993
baltimore,100,1.0,250.0,4.0,781,GAP,True,6,0.007864700094064212
baltimore,100,1.0,250.0,4.0,781,GAP,True,7,0.024541598114774018
baltimore,100,1.0,250.0,4.0,781,GAP,True,8,0.03823059181470734
baltimore,100,1.0,250.0,4.0,781,GAP,True,9,0.04240191398981725
baltimore,100,1.0,250.0,4.0,781,GAP,True,10,0.040771865698373565
baltimore,100,1.0,250.0,4.0,781,GAP,True,11,0.03242123117454792
baltimore,100,1.0,250.0,4.0,781,GAP,True,12,0.046923078538009984
baltimore,100,1.0,250.0,4.0,781,GAP,True,13,0.05862613808442158
baltimore,100,1.0,250.0,4.0,781,GAP,True,14,0.060525650155969966
baltimore,100,1.0,250.0,4.0,781,GAP,True,15,0.06361537912019531
baltimore,100,1.0,250.0,4.0,781,GAP,True,16,0.06406108729727447
baltimore,100,1.0,250.0,4.0,781,GAP,True,17,0.062315429219426614
baltimore,100,1.0,250.0,4.0,781,GAP,True,18,0.08424023345093344
baltimore,100,1.0,250.0,4.0,781,GAP,True,19,0.08292615398414871
baltimore,100,1.0,250.0,4.0,781,GAP,True,20,0.09117111263933633
baltimore,100,1.0,250.0,4.0,781,GAP,True,21,0.09366269557961457
baltimore,100,1.0,250.0,4.0,781,GAP,True,22,0.10348964658650911
baltimore,100,1.0,250.0,4.0,781,GAP,True,23,0.1055600065716973
baltimore,100,1.0,250.0,4.0,781,GAP,True,24,0.11266006290905058
baltimore,100,1.0,250.0,4.0,781,GAP,True,25,0.10844487922967383
baltimore,100,1.0,250.0,4.0,781,GAP,True,26,0.12416294297318152
baltimore,100,1.0,250.0,4.0,781,GAP,True,27,0.13131524013319404
baltimore,100,1.0,250.0,4.0,781,GAP,True,28,0.13866298649878556
baltimore,100,1.0,250.0,4.0,781,GAP,True,29,0.1400412772746655
baltimore,100,1.0,250.0,4.0,781,GAP,True,30,0.1467167270452636
baltimore,100,1.0,250.0,4.0,781,PPCA,False,1,0.020407925713134024
baltimore,100,1.0,250.0,4.0,781,PPCA,False,2,0.00031362444157437714
baltimore,100,1.0,250.0,4.0,781,PPCA,False,3,0.0019409530937662671
baltimore,100,1.0,250.0,4.0,781,PPCA,False,4,0.025254281721723025
baltimore,100,1.0,250.0,4.0,781,PPCA,False,5,0.05134339980883623
baltimore,100,1.0,250.0,4.0,781,PPCA,False,6,0.029407923405653874
baltimore,100,1.0,250.0,4.0,781,PPCA,False,7,0.00690825196883344
baltimore,100,1.0,250.0,4.0,781,PPCA,False,8,0.035776208137464884
baltimore,100,1.0,250.0,4.0,781,PPCA,False,9,0.0305406207433812
baltimore,100,1.0,250.0,4.0,781,PPCA,False,10,0.01108219913163879
baltimore,100,1.0,250.0,4.0,781,PPCA,False,11,0.04863956739635691
baltimore,100,1.0,250.0,4.0,781,PPCA,False,12,0.023996985196002556
baltimore,100,1.0,250.0,4.0,781,PPCA,False,13,0.034470297148684534
baltimore,100,1.0,250.0,4.0,781,PPCA,False,14,0.014018624368589673
baltimore,100,1.0,250.0,4.0,781,PPCA,False,15,0.007300444709966136
baltimore,100,1.0,250.0,4.0,781,PPCA,False,16,0.0921566492627127
baltimore,100,1.0,250.0,4.0,781,PPCA,False,17,0.05675822376801361
baltimore,100,1.0,250.0,4.0,781,PPCA,False,18,0.018451180626426356
baltimore,100,1.0,250.0,4.0,781,PPCA,False,19,0.027424595645508882
baltimore,100,1.0,250.0,4.0,781,PPCA,False,20,0.03462251557887162
baltimore,100,1.0,250.0,4.0,781,PPCA,False,21,0.008590766841530593
baltimore,100,1.0,250.0,4.0,781,PPCA,False,22,0.01993520824968617
baltimore,100,1.0,250.0,4.0,781,PPCA,False,23,0.04042520811926655
baltimore,100,1.0,250.0,4.0,781,PPCA,False,24,0.009020210012094841
baltimore,100,1.0,250.0,4.0,781,PPCA,False,25,0.02694320725676452
baltimore,100,1.0,250.0,4.0,781,PPCA,False,26,0.019379890622842372
baltimore,100,1.0,250.0,4.0,781,PPCA,False,27,0.05752736854035456
baltimore,100,1.0,250.0,4.0,781,PPCA,False,28,0.027579729896891576
baltimore,100,1.0,250.0,4.0,781,PPCA,False,29,0.05149336974458458
baltimore,100,1.0,250.0,4.0,781,PPCA,False,30,0.06982283280614242
baltimore,100,1.0,250.0,4.0,781,PPCA,True,1,0.020047054874260815
baltimore,100,1.0,250.0,4.0,781,PPCA,True,2,0.007706953414861209
baltimore,100,1.0,250.0,4.0,781,PPCA,True,3,0.0046220765390545876
baltimore,100,1.0,250.0,4.0,781,PPCA,True,4,0.014530728012891587
baltimore,100,1.0,250.0,4.0,781,PPCA,True,5,0.04535660277897131
baltimore,100,1.0,250.0,4.0,781,PPCA,True,6,0.025434976440766848
baltimore,100,1.0,250.0,4.0,781,PPCA,True,7,0.011506603983957166
baltimore,100,1.0,250.0,4.0,781,PPCA,True,8,0.035368833060147056
baltimore,100,1.0,250.0,4.0,781,PPCA,True,9,0.026357141875677028
baltimore,100,1.0,250.0,4.0,781,PPCA,True,10,0.00027357290181504796
baltimore,100,1.0,250.0,4.0,781,PPCA,True,11,0.05126838951381403
baltimore,100,1.0,250.0,4.0,781,PPCA,True,12,0.016226565260257647
baltimore,100,1.0,250.0,4.0,781,PPCA,True,13,0.03617218065481238
baltimore,100,1.0,250.0,4.0,781,PPCA,True,14,0.02355423394645873
baltimore,100,1.0,250.0,4.0,781,PPCA,True,15,0.0029579908546176208
baltimore,100,1.0,250.0,4.0,781,PPCA,True,16,0.05412603718436446
baltimore,100,1.0,250.0,4.0,781,PPCA,True,17,0.0416684677973453
baltimore,100,1.0,250.0,4.0,781,PPCA,True,18,0.036152032808043966
baltimore,100,1.0,250.0,4.0,781,PPCA,True,19,0.02467647291398736
baltimore,100,1.0,250.0,4.0,781,PPCA,True,20,0.032479841086083774
baltimore,100,1.0,250.0,4.0,781,PPCA,True,21,0.02865361625127752
baltimore,100,1.0,250.0,4.0,781,PPCA,True,22,0.012094520613940474
baltimore,100,1.0,250.0,4.0,781,PPCA,True,23,0.01398402892824412
baltimore,100,1.0,250.0,4.0,781,PPCA,True,24,0.01628616599592144
baltimore,100,1.0,250.0,4.0,781,PPCA,True,25,0.01405656251857088
baltimore,100,1.0,250.0,4.0,781,PPCA,True,26,0.01851504057881327
baltimore,100,1.0,250.0,4.0,781,PPCA,True,27,0.042689339114201724
baltimore,100,1.0,250.0,4.0,781,PPCA,True,28,0.006726441822079468
baltimore,100,1.0,250.0,4.0,781,PPCA,True,29,0.026146696430869244
baltimore,100,1.0,250.0,4.0,781,PPCA,True,30,0.04581920884516962
baltimore,100,1.0,100000.0,0.01,617,rSC,False,1,0.009382653042872103
baltimore,100,1.0,100000.0,0.01,617,rSC,False,2,0.0037633322520231214
baltimore,100,1.0,100000.0,0.01,617,rSC,False,3,0.009969598016693476
baltimore,100,1.0,100000.0,0.01,617,rSC,False,4,0.006719195528836282
baltimore,100,1.0,100000.0,0.01,617,rSC,False,5,0.013651493877652274
baltimore,100,1.0,100000.0,0.01,617,rSC,False,6,0.012292236484084118
baltimore,100,1.0,100000.0,0.01,617,rSC,False,7,0.02685739059430364
baltimore,100,1.0,100000.0,0.01,617,rSC,False,8,0.0011136695036315087
baltimore,100,1.0,100000.0,0.01,617,rSC,False,9,0.04391578972151799
baltimore,100,1.0,100000.0,0.01,617,rSC,False,10,0.005572216019755082
baltimore,100,1.0,100000.0,0.01,617,rSC,False,11,0.04625218425856553
baltimore,100,1.0,100000.0,0.01,617,rSC,False,12,0.03687625024359195
baltimore,100,1.0,100000.0,0.01,617,rSC,False,13,0.0023721182562708508
baltimore,100,1.0,100000.0,0.01,617,rSC,False,14,0.025087323961853675
baltimore,100,1.0,100000.0,0.01,617,rSC,False,15,0.052341023664188704
baltimore,100,1.0,100000.0,0.01,617,rSC,False,16,0.05231847505069524
baltimore,100,1.0,100000.0,0.01,617,rSC,False,17,0.056904406207434755
baltimore,100,1.0,100000.0,0.01,617,rSC,False,18,0.055352296332674564
baltimore,100,1.0,100000.0,0.01,617,rSC,False,19,0.05085931437110824
baltimore,100,1.0,100000.0,0.01,617,rSC,False,20,0.05908802046777534
baltimore,100,1.0,100000.0,0.01,617,rSC,False,21,0.09891443496571367
baltimore,100,1.0,100000.0,0.01,617,rSC,False,22,0.07147051946705506
baltimore,100,1.0,100000.0,0.01,617,rSC,False,23,0.05833985366305168
baltimore,100,1.0,100000.0,0.01,617,rSC,False,24,0.06036213732483742
baltimore,100,1.0,100000.0,0.01,617,rSC,False,25,0.10126519518505474
baltimore,100,1.0,100000.0,0.01,617,rSC,False,26,0.11223656010497189
baltimore,100,1.0,100000.0,0.01,617,rSC,False,27,0.12286407000672794
baltimore,100,1.0,100000.0,0.01,617,rSC,False,28,0.09710643634939901
baltimore,100,1.0,100000.0,0.01,617,rSC,False,29,0.10558931154361355
baltimore,100,1.0,100000.0,0.01,617,rSC,False,30,0.08570827893737498
baltimore,100,1.0,100000.0,0.01,617,rSC,True,1,0.009382653042872103
baltimore,100,1.0,100000.0,0.01,617,rSC,True,2,0.0037633322520231214
baltimore,100,1.0,100000.0,0.01,617,rSC,True,3,0.009969598016693476
baltimore,100,1.0,100000.0,0.01,617,rSC,True,4,0.006719195528836282
baltimore,100,1.0,100000.0,0.01,617,rSC,True,5,0.013651493877652274
baltimore,100,1.0,100000.0,0.01,617,rSC,True,6,0.012292236484084118
baltimore,100,1.0,100000.0,0.01,617,rSC,True,7,0.02685739059430364
baltimore,100,1.0,100000.0,0.01,617,rSC,True,8,0.0011136695036315087
baltimore,100,1.0,100000.0,0.01,617,rSC,True,9,0.04391578972151799
baltimore,100,1.0,100000.0,0.01,617,rSC,True,10,0.005572216019755082
baltimore,100,1.0,100000.0,0.01,617,rSC,True,11,0.04625218425856553
baltimore,100,1.0,100000.0,0.01,617,rSC,True,12,0.03687625024359195
baltimore,100,1.0,100000.0,0.01,617,rSC,True,13,0.0023721182562708508
baltimore,100,1.0,100000.0,0.01,617,rSC,True,14,0.025087323961853675
baltimore,100,1.0,100000.0,0.01,617,rSC,True,15,0.052341023664188704
baltimore,100,1.0,100000.0,0.01,617,rSC,True,16,0.05231847505069524
baltimore,100,1.0,100000.0,0.01,617,rSC,True,17,0.056904406207434755
baltimore,100,1.0,100000.0,0.01,617,rSC,True,18,0.055352296332674564
baltimore,100,1.0,100000.0,0.01,617,rSC,True,19,0.05085931437110824
baltimore,100,1.0,100000.0,0.01,617,rSC,True,20,0.05908802046777534
baltimore,100,1.0,100000.0,0.01,617,rSC,True,21,0.09891443496571367
baltimore,100,1.0,100000.0,0.01,617,rSC,True,22,0.07147051946705506
baltimore,100,1.0,100000.0,0.01,617,rSC,True,23,0.05833985366305168
baltimore,100,1.0,100000.0,0.01,617,rSC,True,24,0.06036213732483742
baltimore,100,1.0,100000.0,0.01,617,rSC,True,25,0.10126519518505474
baltimore,100,1.0,100000.0,0.01,617,rSC,True,26,0.11223656010497189
baltimore,100,1.0,100000.0,0.01,617,rSC,True,27,0.12286407000672794
baltimore,100,1.0,100000.0,0.01,617,rSC,True,28,0.09710643634939901
baltimore,100,1.0,100000.0,0.01,617,rSC,True,29,0.10558931154361355
baltimore,100,1.0,100000.0,0.01,617,rSC,True,30,0.08570827893737498
baltimore,100,1.0,100000.0,0.01,617,GAP,False,1,0.016815158477291023
baltimore,100,1.0,100000.0,0.01,617,GAP,False,2,0.008095804346706204
baltimore,100,1.0,100000.0,0.01,617,GAP,False,3,0.010186971138134798
baltimore,100,1.0,100000.0,0.01,617,GAP,False,4,0.02461339499310838
baltimore,100,1.0,100000.0,0.01,617,GAP,False,5,0.008825166541370982
baltimore,100,1.0,100000.0,0.01,617,GAP,False,6,0.027391544744427492
baltimore,100,1.0,100000.0,0.01,617,GAP,False,7,0.02266434800600957
baltimore,100,1.0,100000.0,0.01,617,GAP,False,8,0.04324845894862878
baltimore,100,1.0,100000.0,0.01,617,GAP,False,9,0.017262922271405516
baltimore,100,1.0,100000.0,0.01,617,GAP,False,10,0.034645072780896596
baltimore,100,1.0,100000.0,0.01,617,GAP,False,11,0.03277672121134731
baltimore,100,1.0,100000.0,0.01,617,GAP,False,12,0.046953821110425155
baltimore,100,1.0,100000.0,0.01,617,GAP,False,13,0.03044872362570517
baltimore,100,1.0,100000.0,0.01,617,GAP,False,14,0.04877569217038437
baltimore,100,1.0,100000.0,0.01,617,GAP,False,15,0.03552138638236485
baltimore,100,1.0,100000.0,0.01,617,GAP,False,16,0.031755286734733046
baltimore,100,1.0,100000.0,0.01,617,GAP,False,17,0.05322879515294789
baltimore,100,1.0,100000.0,0.01,617,GAP,False,18,0.07155968742608194
baltimore,100,1.0,100000.0,0.01,617,GAP,False,19,0.058720427436887775
baltimore,100,1.0,100000.0,0.01,617,GAP,False,20,0.05544975483006038
baltimore,100,1.0,100000.0,0.01,617,GAP,False,21,0.059099709184840796
baltimore,100,1.0,100000.0,0.01,617,GAP,False,22,0.07372990863888677
baltimore,100,1.0,100000.0,0.01,617,GAP,False,23,0.08414710513360944
baltimore,100,1.0,100000.0,0.01,617,GAP,False,24,0.08322713631217944
baltimore,100,1.0,100000.0,0.01,617,GAP,False,25,0.09640216944838216
baltimore,100,1.0,100000.0,0.01,617,GAP,False,26,0.09764972391865959
baltimore,100,1.0,100000.0,0.01,617,GAP,False,27,0.09595853450408127
baltimore,100,1.0,100000.0,0.01,617,GAP,False,28,0.11909764859788043
baltimore,100,1.0,100000.0,0.01,617,GAP,False,29,0.11117301675999045
baltimore,100,1.0,100000.0,0.01,617,GAP,False,30,0.11694726881268239
baltimore,100,1.0,100000.0,0.01,617,GAP,True,1,0.0014072764499160392
baltimore,100,1.0,100000.0,0.01,617,GAP,True,2,0.00011642544994577433
baltimore,100,1.0,100000.0,0.01,617,GAP,True,3,0.00621932561949871
baltimore,100,1.0,100000.0,0.01,617,GAP,True,4,0.0013537082346120042
baltimore,100,1.0,100000.0,0.01,617,GAP,True,5,0.00723747798727485
baltimore,100,1.0,100000.0,0.01,617,GAP,True,6,0.004751157893969751
baltimore,100,1.0,100000.0,0.01,617,GAP,True,7,0.0013225814684056628
baltimore,100,1.0,100000.0,0.01,617,GAP,True,8,0.00497464443304347
baltimore,100,1.0,100000.0,0.01,617,GAP,True,9,0.012499001585846402
baltimore,100,1.0,100000.0,0.01,617,GAP,True,10,0.007257002429243532
baltimore,100,1.0,100000.0,0.01,617,GAP,True,11,0.00827437173249888
baltimore,100,1.0,100000.0,0.01,617,GAP,True,12,0.008883269546223555
baltimore,100,1.0,100000.0,0.01,617,GAP,True,13,0.0065329745182435995
baltimore,100,1.0,100000.0,0.01,617,GAP,True,14,0.0089388200091133
baltimore,100,1.0,100000.0,0.01,617,GAP,True,15,0.012558185928268031
baltimore,100,1.0,100000.0,0.01,617,GAP,True,16,0.014641542740360919
baltimore,100,1.0,100000.0,0.01,617,GAP,True,17,0.009598607936601413
baltimore,100,1.0,100000.0,0.01,617,GAP,True,18,0.0051128666905166185
baltimore,100,1.0,100000.0,0.01,617,GAP,True,19,0.01810236874587713
baltimore,100,1.0,100000.0,0.01,617,GAP,True,20,0.018753785385586245
baltimore,100,1.0,100000.0,0.01,617,GAP,True,21,0.022783581384281278
baltimore,100,1.0,100000.0,0.01,617,GAP,True,22,0.01868670594070088
baltimore,100,1.0,100000.0,0.01,617,GAP,True,23,0.018505094404892286
baltimore,100,1.0,100000.0,0.01,617,GAP,True,24,0.019723619681219606
baltimore,100,1.0,100000.0,0.01,617,GAP,True,25,0.029478710602905335
baltimore,100,1.0,100000.0,0.01,617,GAP,True,26,0.022350349027542286
baltimore,100,1.0,100000.0,0.01,617,GAP,True,27,0.029461718940812866
baltimore,100,1.0,100000.0,0.01,617,GAP,True,28,0.019738599338915926
baltimore,100,1.0,100000.0,0.01,617,GAP,True,29,0.014916117262597074
baltimore,100,1.0,100000.0,0.01,617,GAP,True,30,0.01893692315336277
baltimore,100,1.0,100000.0,0.01,617,PPCA,False,1,0.009769336514344557
baltimore,100,1.0,100000.0,0.01,617,PPCA,False,2,0.008265609351897598
baltimore,100,1.0,100000.0,0.01,617,PPCA,False,3,0.0029305324454116776
baltimore,100,1.0,100000.0,0.01,617,PPCA,False,4,0.009853970132396495
baltimore,100,1.0,100000.0,0.01,617,PPCA,False,5,0.00555338006980605
baltimore,100,1.0,100000.0,0.01,617,PPCA,False,6,0.004892998521135962
baltimore,100,1.0,100000.0,0.01,617,PPCA,False,7,0.01278343617587962
baltimore,100,1.0,100000.0,0.01,617,PPCA,False,8,0.010590083096249392
baltimore,100,1.0,100000.0,0.01,617,PPCA,False,9,0.003702660222548753
baltimore,100,1.0,100000.0,0.01,617,PPCA,False,10,0.00618627034519867
baltimore,100,1.0,100000.0,0.01,617,PPCA,False,11,0.01317801637467951
baltimore,100,1.0,100000.0,0.01,617,PPCA,False,12,0.00035941621015188725
baltimore,100,1.0,100000.0,0.01,617,PPCA,False,13,0.004234575563388004
baltimore,100,1.0,100000.0,0.01,617,PPCA,False,14,0.0057566585425635735
baltimore,100,1.0,100000.0,0.01,617,PPCA,False,15,0.004334526804130573
baltimore,100,1.0,100000.0,0.01,617,PPCA,False,16,0.005651139935653315
baltimore,100,1.0,100000.0,0.01,617,PPCA,False,17,0.013648768050029864
baltimore,100,1.0,100000.0,0.01,617,PPCA,False,18,0.009500598045642706
baltimore,100,1.0,100000.0,0.01,617,PPCA,False,19,0.006930000726244551
baltimore,100,1.0,100000.0,0.01,617,PPCA,False,20,0.0023035028583632306
baltimore,100,1.0,100000.0,0.01,617,PPCA,False,21,0.0020471508922161466
baltimore,100,1.0,100000.0,0.01,617,PPCA,False,22,0.0079637461362493
baltimore,100,1.0,100000.0,0.01,617,PPCA,False,23,0.0065133447040207765
baltimore,100,1.0,100000.0,0.01,617,PPCA,False,24,0.00874427219230194
baltimore,100,1.0,100000.0,0.01,617,PPCA,False,25,3.7818520494186674e-05
baltimore,100,1.0,100000.0,0.01,617,PPCA,False,26,0.0080388678713847
baltimore,100,1.0,100000.0,0.01,617,PPCA,False,27,0.009537544672651352
baltimore,100,1.0,100000.0,0.01,617,PPCA,False,28,0.01565087298933639
baltimore,100,1.0,100000.0,0.01,617,PPCA,False,29,0.015068862435753949
baltimore,100,1.0,100000.0,0.01,617,PPCA,False,30,0.011130253875387587
baltimore,100,1.0,100000.0,0.01,617,PPCA,True,1,0.0029657522256794876
baltimore,100,1.0,100000.0,0.01,617,PPCA,True,2,0.0009116877575528761
baltimore,100,1.0,100000.0,0.01,617,PPCA,True,3,0.003913750692737345
baltimore,100,1.0,100000.0,0.01,617,PPCA,True,4,0.0026395633237269183
baltimore,100,1.0,100000.0,0.01,617,PPCA,True,5,0.0017900834054124467
baltimore,100,1.0,100000.0,0.01,617,PPCA,True,6,0.0009235245485858996
baltimore,100,1.0,100000.0,0.01,617,PPCA,True,7,0.005871631551775727
baltimore,100,1.0,100000.0,0.01,617,PPCA,True,8,0.004909696218857512
baltimore,100,1.0,100000.0,0.01,617,PPCA,True,9,0.002340102433272075
baltimore,100,1.0,100000.0,0.01,617,PPCA,True,10,0.0008519251439159244
baltimore,100,1.0,100000.0,0.01,617,PPCA,True,11,0.00661566937913956
baltimore,100,1.0,100000.0,0.01,617,PPCA,True,12,0.00515622126970304
baltimore,100,1.0,100000.0,0.01,617,PPCA,True,13,0.002238247597377747
baltimore,100,1.0,100000.0,0.01,617,PPCA,True,14,0.0006305741444206223
baltimore,100,1.0,100000.0,0.01,617,PPCA,True,15,0.0012126691977629642
baltimore,100,1.0,100000.0,0.01,617,PPCA,True,16,0.00021911777016357477
baltimore,100,1.0,100000.0,0.01,617,PPCA,True,17,0.007263777170366976
baltimore,100,1.0,100000.0,0.01,617,PPCA,True,18,0.004359817917906773
baltimore,100,1.0,100000.0,0.01,617,PPCA,True,19,5.4951193885275486e-05
baltimore,100,1.0,100000.0,0.01,617,PPCA,True,20,0.003497194366715979
baltimore,100,1.0,100000.0,0.01,617,PPCA,True,21,0.003013659820419149
baltimore,100,1.0,100000.0,0.01,617,PPCA,True,22,0.0025282337486919183
baltimore,100,1.0,100000.0,0.01,617,PPCA,True,23,0.00029653096561504195
baltimore,100,1.0,100000.0,0.01,617,PPCA,True,24,0.002435808128748283
baltimore,100,1.0,100000.0,0.01,617,PPCA,True,25,0.00595898175848353
baltimore,100,1.0,100000.0,0.01,617,PPCA,True,26,0.002001515160332073
baltimore,100,1.0,100000.0,0.01,617,PPCA,True,27,0.0031775050003894248
baltimore,100,1.0,100000.0,0.01,617,PPCA,True,28,0.009210325284451811
baltimore,100,1.0,100000.0,0.01,617,PPCA,True,29,0.009823710159112667
baltimore,100,1.0,100000.0,0.01,617,PPCA,True,30,0.0046321324693863655
baltimore,100,1.0,100000.0,0.01,781,rSC,False,1,0.008957113418959899
baltimore,100,1.0,100000.0,0.01,781,rSC,False,2,0.05387385464091155
baltimore,100,1.0,100000.0,0.01,781,rSC,False,3,0.014744520526607977
baltimore,100,1.0,100000.0,0.01,781,rSC,False,4,0.005608057956464246
baltimore,100,1.0,100000.0,0.01,781,rSC,False,5,0.017905124497072756
baltimore,100,1.0,100000.0,0.01,781,rSC,False,6,0.036539023480404845
baltimore,100,1.0,100000.0,0.01,781,rSC,False,7,0.01556120730274218
baltimore,100,1.0,100000.0,0.01,781,rSC,False,8,0.015756642616969824
baltimore,100,1.0,100000.0,0.01,781,rSC,False,9,0.012695712403015988
baltimore,100,1.0,100000.0,0.01,781,rSC,False,10,0.034325212393304085
baltimore,100,1.0,100000.0,0.01,781,rSC,False,11,0.018519954210177086
baltimore,100,1.0,100000.0,0.01,781,rSC,False,12,0.02991034516864359
baltimore,100,1.0,100000.0,0.01,781,rSC,False,13,0.007665438299569283
baltimore,100,1.0,100000.0,0.01,781,rSC,False,14,0.007624727596534878
baltimore,100,1.0,100000.0,0.01,781,rSC,False,15,0.00863049461558598
baltimore,100,1.0,100000.0,0.01,781,rSC,False,16,0.031029454791173326
baltimore,100,1.0,100000.0,0.01,781,rSC,False,17,0.02905277114123998
baltimore,100,1.0,100000.0,0.01,781,rSC,False,18,0.03263162994321194
baltimore,100,1.0,100000.0,0.01,781,rSC,False,19,0.01773429387537576
baltimore,100,1.0,100000.0,0.01,781,rSC,False,20,0.020206363950893442
baltimore,100,1.0,100000.0,0.01,781,rSC,False,21,0.009144925213927312
baltimore,100,1.0,100000.0,0.01,781,rSC,False,22,0.01572475952207734
baltimore,100,1.0,100000.0,0.01,781,rSC,False,23,0.01768180202465953
baltimore,100,1.0,100000.0,0.01,781,rSC,False,24,0.025948931281264322
baltimore,100,1.0,100000.0,0.01,781,rSC,False,25,0.03263761452093266
baltimore,100,1.0,100000.0,0.01,781,rSC,False,26,0.03440035550300617
baltimore,100,1.0,100000.0,0.01,781,rSC,False,27,0.024631968841999308
baltimore,100,1.0,100000.0,0.01,781,rSC,False,28,0.01100251967047548
baltimore,100,1.0,100000.0,0.01,781,rSC,False,29,0.03376168490324836
baltimore,100,1.0,100000.0,0.01,781,rSC,False,30,0.04170328115891209
baltimore,100,1.0,100000.0,0.01,781,rSC,True,1,0.008957113418959899
baltimore,100,1.0,100000.0,0.01,781,rSC,True,2,0.05387385464091155
baltimore,100,1.0,100000.0,0.01,781,rSC,True,3,0.014744520526607977
baltimore,100,1.0,100000.0,0.01,781,rSC,True,4,0.005608057956464246
baltimore,100,1.0,100000.0,0.01,781,rSC,True,5,0.017905124497072756
baltimore,100,1.0,100000.0,0.01,781,rSC,True,6,0.036539023480404845
baltimore,100,1.0,100000.0,0.01,781,rSC,True,7,0.01556120730274218
baltimore,100,1.0,100000.0,0.01,781,rSC,True,8,0.015756642616969824
baltimore,100,1.0,100000.0,0.01,781,rSC,True,9,0.012695712403015988
baltimore,100,1.0,100000.0,0.01,781,rSC,True,10,0.034325212393304085
baltimore,100,1.0,100000.0,0.01,781,rSC,True,11,0.018519954210177086
baltimore,100,1.0,100000.0,0.01,781,rSC,True,12,0.02991034516864359
baltimore,100,1.0,100000.0,0.01,781,rSC,True,13,0.007665438299569283
baltimore,100,1.0,100000.0,0.01,781,rSC,True,14,0.007624727596534878
baltimore,100,1.0,100000.0,0.01,781,rSC,True,15,0.00863049461558598
baltimore,100,1.0,100000.0,0.01,781,rSC,True,16,0.031029454791173326
baltimore,100,1.0,100000.0,0.01,781,rSC,True,17,0.02905277114123998
baltimore,100,1.0,100000.0,0.01,781,rSC,True,18,0.03263162994321194
baltimore,100,1.0,100000.0,0.01,781,rSC,True,19,0.01773429387537576
baltimore,100,1.0,100000.0,0.01,781,rSC,True,20,0.020206363950893442
baltimore,100,1.0,100000.0,0.01,781,rSC,True,21,0.009144925213927312
baltimore,100,1.0,100000.0,0.01,781,rSC,True,22,0.01572475952207734
baltimore,100,1.0,100000.0,0.01,781,rSC,True,23,0.01768180202465953
baltimore,100,1.0,100000.0,0.01,781,rSC,True,24,0.025948931281264322
baltimore,100,1.0,100000.0,0.01,781,rSC,True,25,0.03263761452093266
baltimore,100,1.0,100000.0,0.01,781,rSC,True,26,0.03440035550300617
baltimore,100,1.0,100000.0,0.01,781,rSC,True,27,0.024631968841999308
baltimore,100,1.0,100000.0,0.01,781,rSC,True,28,0.01100251967047548
baltimore,100,1.0,100000.0,0.01,781,rSC,True,29,0.03376168490324836
baltimore,100,1.0,100000.0,0.01,781,rSC,True,30,0.04170328115891209
baltimore,100,1.0,100000.0,0.01,781,GAP,False,1,0.008725093254133997
baltimore,100,1.0,100000.0,0.01,781,GAP,False,2,0.0014710183665050359
baltimore,100,1.0,100000.0,0.01,781,GAP,False,3,0.009291097669162938
baltimore,100,1.0,100000.0,0.01,781,GAP,False,4,0.005116606620044747
baltimore,100,1.0,100000.0,0.01,781,GAP,False,5,0.006196431225373639
baltimore,100,1.0,100000.0,0.01,781,GAP,False,6,0.017274288311873744
baltimore,100,1.0,100000.0,0.01,781,GAP,False,7,0.006098924011935722
baltimore,100,1.0,100000.0,0.01,781,GAP,False,8,0.0019479186490665714
baltimore,100,1.0,100000.0,0.01,781,GAP,False,9,0.0010872911765162532
baltimore,100,1.0,100000.0,0.01,781,GAP,False,10,0.0036079570190159648
baltimore,100,1.0,100000.0,0.01,781,GAP,False,11,0.024548632486265
baltimore,100,1.0,100000.0,0.01,781,GAP,False,12,0.016360560125909158
baltimore,100,1.0,100000.0,0.01,781,GAP,False,13,0.00811570625893285
baltimore,100,1.0,100000.0,0.01,781,GAP,False,14,0.015157549786192069
baltimore,100,1.0,100000.0,0.01,781,GAP,False,15,0.020364381448249
baltimore,100,1.0,100000.0,0.01,781,GAP,False,16,0.031604291554772235
baltimore,100,1.0,100000.0,0.01,781,GAP,False,17,0.042868882885512
baltimore,100,1.0,100000.0,0.01,781,GAP,False,18,0.030217700080244558
baltimore,100,1.0,100000.0,0.01,781,GAP,False,19,0.033956121484246135
baltimore,100,1.0,100000.0,0.01,781,GAP,False,20,0.03418899149141836
baltimore,100,1.0,100000.0,0.01,781,GAP,False,21,0.04197091538954628
baltimore,100,1.0,100000.0,0.01,781,GAP,False,22,0.03887572131778082
baltimore,100,1.0,100000.0,0.01,781,GAP,False,23,0.04852757559612456
baltimore,100,1.0,100000.0,0.01,781,GAP,False,24,0.04477514984204061
baltimore,100,1.0,100000.0,0.01,781,GAP,False,25,0.0639413734197924
baltimore,100,1.0,100000.0,0.01,781,GAP,False,26,0.052335929845210065
baltimore,100,1.0,100000.0,0.01,781,GAP,False,27,0.05435551274492687
baltimore,100,1.0,100000.0,0.01,781,GAP,False,28,0.05647728879512796
baltimore,100,1.0,100000.0,0.01,781,GAP,False,29,0.06692501785668047
baltimore,100,1.0,100000.0,0.01,781,GAP,False,30,0.06445088193699773
baltimore,100,1.0,100000.0,0.01,781,GAP,True,1,0.0002539037016261532
baltimore,100,1.0,100000.0,0.01,781,GAP,True,2,0.00057993889189476
baltimore,100,1.0,100000.0,0.01,781,GAP,True,3,0.010702044059339664
baltimore,100,1.0,100000.0,0.01,781,GAP,True,4,0.0003948086737788032
baltimore,100,1.0,100000.0,0.01,781,GAP,True,5,5.266793877445295e-05
baltimore,100,1.0,100000.0,0.01,781,GAP,True,6,0.005051626916207894
baltimore,100,1.0,100000.0,0.01,781,GAP,True,7,0.00021409414953482635
baltimore,100,1.0,100000.0,0.01,781,GAP,True,8,0.008409562564442745
baltimore,100,1.0,100000.0,0.01,781,GAP,True,9,0.006527042309132051
baltimore,100,1.0,100000.0,0.01,781,GAP,True,10,0.0006519515784221961
baltimore,100,1.0,100000.0,0.01,781,GAP,True,11,0.008757037321003192
baltimore,100,1.0,100000.0,0.01,781,GAP,True,12,0.0025388026947469233
baltimore,100,1.0,100000.0,0.01,781,GAP,True,13,0.001437614514955075
baltimore,100,1.0,100000.0,0.01,781,GAP,True,14,0.0013518513624569673
baltimore,100,1.0,100000.0,0.01,781,GAP,True,15,0.0005606764485078413
baltimore,100,1.0,100000.0,0.01,781,GAP,True,16,0.002451562117365383
baltimore,100,1.0,100000.0,0.01,781,GAP,True,17,0.00820036983924555
baltimore,100,1.0,100000.0,0.01,781,GAP,True,18,0.004933902450837954
baltimore,100,1.0,100000.0,0.01,781,GAP,True,19,0.00209878683967605
baltimore,100,1.0,100000.0,0.01,781,GAP,True,20,0.0006073751938136994
baltimore,100,1.0,100000.0,0.01,781,GAP,True,21,0.0032367139659163773
baltimore,100,1.0,100000.0,0.01,781,GAP,True,22,0.0002752159523995753
baltimore,100,1.0,100000.0,0.01,781,GAP,True,23,0.0034534635500081345
baltimore,100,1.0,100000.0,0.01,781,GAP,True,24,0.0034990378995320994
baltimore,100,1.0,100000.0,0.01,781,GAP,True,25,0.011354330640579611
baltimore,100,1.0,100000.0,0.01,781,GAP,True,26,0.005774752276592806
baltimore,100,1.0,100000.0,0.01,781,GAP,True,27,0.004261130292920167
baltimore,100,1.0,100000.0,0.01,781,GAP,True,28,0.005188652271052481
baltimore,100,1.0,100000.0,0.01,781,GAP,True,29,0.008408133915512248
baltimore,100,1.0,100000.0,0.01,781,GAP,True,30,0.01061952140933612
baltimore,100,1.0,100000.0,0.01,781,PPCA,False,1,0.010180761004875838
baltimore,100,1.0,100000.0,0.01,781,PPCA,False,2,0.003320799980415574
baltimore,100,1.0,100000.0,0.01,781,PPCA,False,3,0.001094678377084506
baltimore,100,1.0,100000.0,0.01,781,PPCA,False,4,0.01272532154077814
baltimore,100,1.0,100000.0,0.01,781,PPCA,False,5,0.010605582882863987
baltimore,100,1.0,100000.0,0.01,781,PPCA,False,6,0.014760704182309148
baltimore,100,1.0,100000.0,0.01,781,PPCA,False,7,0.004535265522313078
baltimore,100,1.0,100000.0,0.01,781,PPCA,False,8,0.009312499730070888
baltimore,100,1.0,100000.0,0.01,781,PPCA,False,9,0.005809451210098713
baltimore,100,1.0,100000.0,0.01,781,PPCA,False,10,0.004524735441888752
baltimore,100,1.0,100000.0,0.01,781,PPCA,False,11,0.027712501223252216
baltimore,100,1.0,100000.0,0.01,781,PPCA,False,12,0.012018006104671717
baltimore,100,1.0,100000.0,0.01,781,PPCA,False,13,0.0001379564166561705
baltimore,100,1.0,100000.0,0.01,781,PPCA,False,14,0.003909237560474776
baltimore,100,1.0,100000.0,0.01,781,PPCA,False,15,0.010947238995828305
baltimore,100,1.0,100000.0,0.01,781,PPCA,False,16,0.03808719358704457
baltimore,100,1.0,100000.0,0.01,781,PPCA,False,17,0.02941018967617811
baltimore,100,1.0,100000.0,0.01,781,PPCA,False,18,0.010496891324763294
baltimore,100,1.0,100000.0,0.01,781,PPCA,False,19,0.0032691167105431884
baltimore,100,1.0,100000.0,0.01,781,PPCA,False,20,0.0020205299889480537
baltimore,100,1.0,100000.0,0.01,781,PPCA,False,21,0.012160496005288384
baltimore,100,1.0,100000.0,0.01,781,PPCA,False,22,0.01896143838668199
baltimore,100,1.0,100000.0,0.01,781,PPCA,False,23,0.02789640438062311
baltimore,100,1.0,100000.0,0.01,781,PPCA,False,24,0.019528432211412303
baltimore,100,1.0,100000.0,0.01,781,PPCA,False,25,0.027972970624267738
baltimore,100,1.0,100000.0,0.01,781,PPCA,False,26,0.02420599699522222
baltimore,100,1.0,100000.0,0.01,781,PPCA,False,27,0.0364561476668407
baltimore,100,1.0,100000.0,0.01,781,PPCA,False,28,0.02912991440843167
baltimore,100,1.0,100000.0,0.01,781,PPCA,False,29,0.03746456581558057
baltimore,100,1.0,100000.0,0.01,781,PPCA,False,30,0.04557408765378906
baltimore,100,1.0,100000.0,0.01,781,PPCA,True,1,0.008988987256991796
baltimore,100,1.0,100000.0,0.01,781,PPCA,True,2,0.004491823604008235
baltimore,100,1.0,100000.0,0.01,781,PPCA,True,3,0.0036529288909741523
baltimore,100,1.0,100000.0,0.01,781,PPCA,True,4,0.009308188180634362
baltimore,100,1.0,100000.0,0.01,781,PPCA,True,5,0.01302040344835356
baltimore,100,1.0,100000.0,0.01,781,PPCA,True,6,0.014758375724009311
baltimore,100,1.0,100000.0,0.01,781,PPCA,True,7,0.0013872181986673297
baltimore,100,1.0,100000.0,0.01,781,PPCA,True,8,0.011704869005302548
baltimore,100,1.0,100000.0,0.01,781,PPCA,True,9,0.006647198971299148
baltimore,100,1.0,100000.0,0.01,781,PPCA,True,10,0.006512936142125578
baltimore,100,1.0,100000.0,0.01,781,PPCA,True,11,0.029903074382472184
baltimore,100,1.0,100000.0,0.01,781,PPCA,True,12,0.0109780678354045
baltimore,100,1.0,100000.0,0.01,781,PPCA,True,13,0.002896452965306946
baltimore,100,1.0,100000.0,0.01,781,PPCA,True,14,0.0008008886274183993
baltimore,100,1.0,100000.0,0.01,781,PPCA,True,15,0.01029241987319053
baltimore,100,1.0,100000.0,0.01,781,PPCA,True,16,0.03219181534622064
baltimore,100,1.0,100000.0,0.01,781,PPCA,True,17,0.029074392216296558
baltimore,100,1.0,100000.0,0.01,781,PPCA,True,18,0.01718076550629305
baltimore,100,1.0,100000.0,0.01,781,PPCA,True,19,0.003401965169568065
baltimore,100,1.0,100000.0,0.01,781,PPCA,True,20,0.0016503880907332187
baltimore,100,1.0,100000.0,0.01,781,PPCA,True,21,0.006312883411701855
baltimore,100,1.0,100000.0,0.01,781,PPCA,True,22,0.018948310489311254
baltimore,100,1.0,100000.0,0.01,781,PPCA,True,23,0.023712770105045303
baltimore,100,1.0,100000.0,0.01,781,PPCA,True,24,0.01444564599556706
baltimore,100,1.0,100000.0,0.01,781,PPCA,True,25,0.02691094334311101
baltimore,100,1.0,100000.0,0.01,781,PPCA,True,26,0.026471373573587302
baltimore,100,1.0,100000.0,0.01,781,PPCA,True,27,0.036970712744076525
baltimore,100,1.0,100000.0,0.01,781,PPCA,True,28,0.02655354772064344
baltimore,100,1.0,100000.0,0.01,781,PPCA,True,29,0.035007799882556895
baltimore,100,1.0,100000.0,0.01,781,PPCA,True,30,0.04436135884727744
