{
  "values": {
    "nu": 0.2244314,
    "global_l2": 0.003884,
    "scaled_global_l2": 0.030063,
    "ind_l2": 0.043498,
    "scaled_ind_l2": 0.155399,
    "att": -0.018749,
    "tau_00": -0.000262,
    "tau_01": -0.015646,
    "tau_02": 0.006937,
    "tau_03": -0.010612,
    "tau_04": -0.019425,
    "tau_05": -0.020914,
    "tau_06": -0.021253,
    "tau_07": -0.02761,
    "tau_08": -0.027845,
    "tau_09": -0.035497,
    "tau_10": -0.034108,
    "se_00": 0.021405,
    "se_01": 0.019554,
    "se_02": 0.019989,
    "se_03": 0.021761,
    "se_04": 0.021191,
    "se_05": 0.022149,
    "se_06": 0.021266,
    "se_07": 0.022401,
    "se_08": 0.024008,
    "se_09": 0.02423,
    "se_10": 0.027747
  },
  "weights": {}
}