{
  "values": {
    "tau": 0.5102251605,
    "weight_sum": 1.0,
    "weight_min": 0.047882142
  },
  "weights": {
    "c000": 0.1033575467,
    "c001": 0.0894675753,
    "c002": 0.047882142,
    "c003": 0.1541696693,
    "c004": 0.1161024448,
    "c005": 0.1072113197,
    "c006": 0.113134555,
    "c007": 0.0920246172,
    "c008": 0.0723380689,
    "c009": 0.1043120612
  }
}
