{
  "values": {
    "tau": 1.7961320491,
    "weight_sum": 1.0,
    "weight_min": 0.0,
    "n_nonzero": 34.0
  },
  "weights": {
    "Armenia": 0.0,
    "Australia": 0.0159036793,
    "Austria": 0.0407821527,
    "Azerbaijan": 0.0,
    "Belgium": 0.0394213785,
    "Botswana": 0.0,
    "Brazil": 0.0032532788,
    "Bulgaria": 0.0,
    "Canada": 0.0428483417,
    "Chile": 1e-10,
    "Croatia": 0.0179428014,
    "Cyprus": 0.0028401403,
    "Czech Republic": 1e-10,
    "Denmark": 0.0523025376,
    "Egypt": 0.0,
    "Estonia": 0.0107795038,
    "Finland": 0.0461951745,
    "France": 0.047450885,
    "Germany": 0.0582515746,
    "Greece": 0.0118428393,
    "Hong Kong": 0.0,
    "Hungary": 0.0478791702,
    "Iceland": 1e-10,
    "Ireland": 0.0198043459,
    "Israel": 1e-10,
    "Italy": 0.0712591797,
    "Japan": 0.0703382997,
    "Jordan": 0.0,
    "Latvia": 0.0,
    "Lithuania": 0.0083814456,
    "Luxembourg": 0.0038184449,
    "Macau": 0.0,
    "Malaysia": 7e-10,
    "Malta": 0.0208919722,
    "Mexico": 0.0496926545,
    "Netherlands": 0.0367734671,
    "New Zealand": 0.0330724402,
    "Norway": 0.0372959897,
    "Paraguay": 0.0053391301,
    "Peru": 0.0,
    "Philippines": 0.0,
    "Poland": 0.0,
    "Portugal": 0.0551287007,
    "Romania": 0.0,
    "Serbia": 0.0,
    "Singapore": 0.0,
    "Slovakia": 0.0,
    "Slovenia": 0.0128299024,
    "South Africa": 1e-10,
    "South Korea": 2e-10,
    "Spain": 0.026090558,
    "Sweden": 0.0405855135,
    "Switzerland": 0.023770395,
    "Taiwan": 0.0006329737,
    "Thailand": 0.002059197,
    "Turkey": 0.0030982861,
    "United States": 0.0414436449
  }
}
