X,name,Year,D,TR.year,agePA,PAArea,Forest.2000,Loss.2001,Loss.2002,Loss.2003,Loss.2004,Loss.2005,Loss.2006,Loss.2007,Loss.2008,Loss.2009,Loss.2010,Loss.2011,Loss.2012,Loss.2013,Loss.2014,Loss.2015,Loss.2016,Loss.2017,Loss.2018,Loss.2019,Loss.2020,Rainfall.2000,Rainfall.2001,Rainfall.2002,Rainfall.2003,Rainfall.2004,Rainfall.2005,Rainfall.2006,Rainfall.2007,Rainfall.2008,Rainfall.2009,Rainfall.2010,Rainfall.2011,Rainfall.2012,Rainfall.2013,Rainfall.2014,Rainfall.2015,Rainfall.2016,Rainfall.2017,Rainfall.2018,Rainfall.2019,Rainfall.2020,Population.2000,Population.2001,Population.2002,Population.2003,Population.2004,Population.2005,Population.2006,Population.2007,Population.2008,Population.2009,Population.2010,Population.2011,Population.2012,Population.2013,Population.2014,Population.2015,Population.2016,Population.2017,Population.2018,Population.2019,Population.2020,slope,aspect,elevation,ppp2000,Road.length,Zone,x,y,closest.city,AGB.mean
1,Achanakmar WLS/Tiger Reserve,1975,1,2009,45,941474638.1,780.9004518,0.033882353,0.078882353,0.225582353,1.110338824,1.6479,1.946138824,2.144138824,2.356987059,2.601028235,2.724892941,3.665424706,4.083924706,4.234295294,4.252295294,4.255895294,4.295495294,4.317095294,4.317095294,4.319795294,4.355795294,1042.767711,1666.159479,1164.497759,1852.221417,1415.843143,1673.050278,1258.293372,1530.834498,1393.455099,1439.695626,1383.919037,1644.407227,1618.966973,1819.797167,1330.007081,1233.314719,1507.215729,1277.300915,1403.236206,1532.796303,1742.004687,0.407951031,0.389570244,0.358293366,0.367829456,0.350442104,0.33099457,0.359443804,0.325023265,0.33558269,0.313362617,0.325067426,0.297350915,0.348671086,0.372580736,0.363527317,0.337207472,0.346805644,0.353677895,0.360134858,0.367561905,0.358771918,6.091826735,169.873391,541.9650148,2.43514,103759.064,CEEG,81.74257,22.46835,210.6989066,198.7343087
2,Amrabad,1978,1,2015,42,2738005357,247.9039871,0.0261,0.0297,0.0342,0.0405,0.0441,0.0468,0.0468,0.0513,0.0522,0.0522,0.0792,0.1017,0.1341,0.1386,0.1386,0.1386,0.1386,0.1386,0.1386,0.1386,1236.377742,946.3107992,855.3061938,730.5135157,759.4256827,1132.497142,925.500259,1303.106309,938.8253905,847.2459334,1410.165606,769.2104116,989.293686,1013.5006,755.0302418,730.6776818,847.9901024,896.6262009,750.2587185,925.5868821,1355.898543,0.289294243,0.281852538,0.279888284,0.279830545,0.280522806,0.278493769,0.282783143,0.284302695,0.289674937,0.285157421,0.288031148,0.281456232,0.249387544,0.264085787,0.278297255,0.288195508,0.28481107,0.291163124,0.292854646,0.301114326,0.305743646,7.11723603,158.5721172,469.3010257,3.394374381,112069.4667,CEEG,78.88,16.293,238.164713,63.48097908
3,Anamalai Tiger Reserve,1976,1,2007,44,964536759.9,756.8176094,0.099,0.274090588,0.448189412,0.584989412,0.687875294,0.842647059,1.121855294,1.216231765,1.272931765,1.272931765,2.160356471,2.888837647,3.300511765,4.652082353,4.730382353,4.872942353,5.490709412,5.914856471,6.261568236,6.502792942,1728.220259,1781.846593,1332.378462,1406.901846,1680.856389,2025.141579,1964.879415,2013.196947,1795.987594,1647.52788,2224.30502,1871.167129,1653.355836,1290.388819,1503.924348,1644.256049,980.3542254,1571.038392,1669.1634,1497.201915,1673.749475,0.561837423,0.589514255,0.595335396,0.573851863,0.666942852,0.623071001,0.626751395,0.686725024,0.650051777,0.661295,0.68228794,0.675360332,0.589189446,0.696880883,0.712980732,0.727924575,0.711260033,0.737147652,0.736732188,0.754522427,0.72485071,17.65099311,187.7835872,1033.897352,12.38451386,75484.38529,WG,77.07376,10.38539,368.7264808,199.6412975
4,Anamudi Shola National Park,2003,0,0,17,18408838.61,18.38213294,0.052115294,0.060723529,0.063889411,0.093787058,0.093787058,0.10079647,0.109274117,0.114232941,0.114232941,0.114232941,0.129197647,0.138762353,0.139009353,0.157069353,0.181298765,0.184898765,0.225398765,0.238898765,0.254604647,0.331563471,1949.543475,2025.32888,1510.233247,1613.546384,1897.630316,2304.30045,2260.222005,2339.294609,2024.9268,1941.265254,2568.621664,2169.618045,1976.853189,1348.430458,1554.687919,1777.77362,958.780271,1652.045524,1644.271803,1522.565046,1740.358908,0.351676199,0.572253051,0.465079856,0.393746422,0.514727417,0.418881283,0.404506203,0.397254366,0.432943699,0.48839455,0.470994132,0.531165924,0.639084969,0.63700317,0.620873231,0.42247187,0.398446641,0.387627388,0.390992334,0.388729341,0.372823175,21.35318393,197.709928,1917.708641,9.755681,0,WG,77.19316,10.19991,549.2380952,297.3611271
5,Aralam WLS,1984,0,0,36,51175435.26,51.44444824,9.00E-04,0.0027,0.0081,0.0081,0.0081,0.009,0.009,0.009,0.0099,0.0126,0.0126,0.0189,0.0189,0.0189,0.0189,0.0189,0.0189,0.0189,0.0189,0.0189,2846.654762,2696.888954,2540.089112,2615.744582,3052.108997,3366.283575,3390.150488,3567.444582,2884.818849,3275.05351,3425.022964,3544.078143,2951.361461,3006.745912,2796.923883,2412.240677,1893.355244,2769.299831,3519.118894,3075.185844,2969.634715,0.594188255,0.876720969,0.670681668,0.652999405,0.530028413,0.712938534,0.719256577,0.595575408,0.590779496,0.503761252,0.527269141,0.407874305,0.749605137,0.750996311,0.653287535,0.541080278,0.589119301,0.568444944,0.617050234,0.630994543,0.540761352,17.78008245,206.1846557,499.9329292,8.978819,0,WG,75.85735,11.94549,866.4385965,285.018781
6,Badrama WLS,1962,0,0,58,483944658.5,419.6718141,0.117,0.1314,0.211690588,0.250390588,0.264790588,0.292115294,0.314982353,0.343782353,0.434682353,0.466182353,0.521082353,0.726437647,0.741737647,0.745337647,0.748037647,0.751637647,0.784037647,0.798437647,0.811037647,0.820937647,967.377255,1645.429073,1198.98564,1651.175538,1399.495082,1493.950372,1787.274727,1801.481019,1892.879351,1392.141535,1128.434718,1747.146665,1624.563962,1726.727877,1440.698946,1399.152249,1275.986713,1655.691472,1692.986154,1450.073143,1826.650431,0.305766664,0.306465775,0.299872761,0.32433227,0.335646272,0.315065238,0.332382411,0.33739106,0.317776648,0.321142112,0.316082066,0.33965281,0.369155308,0.386656619,0.412121131,0.365538806,0.379125941,0.398848579,0.393384752,0.407480993,0.40518193,10.3768821,175.8764243,445.1011524,1.76049,13061.65343,CEEG,84.38202,21.43888,375.6157635,220.3723116
7,Bandhavgarh National Park/Tiger Reserve,1968,1,2007,52,481751810.6,203.1554047,0.0036,0.0117,0.0387,0.0486,0.058203529,0.059103529,0.060003529,0.063289411,0.065089411,0.065089411,0.07769647,0.100591764,0.100591764,0.100591764,0.100591764,0.100591764,0.100591764,0.100591764,0.100591764,0.100591764,936.6162522,1273.586666,1130.070235,1448.15382,1144.858683,1409.449038,1232.401588,1105.692391,1281.750697,928.6599275,1144.295392,1388.616371,1451.674823,1639.810545,1078.334487,838.2681364,1529.673396,987.9660762,1209.691793,1524.771442,1231.876066,0.465412803,0.460741931,0.46054283,0.465573722,0.469613706,0.484684184,0.48644263,0.476657168,0.47277789,0.479554875,0.488843362,0.480662448,0.464635968,0.46061709,0.448892662,0.474380149,0.460174418,0.483448944,0.487590659,0.502443107,0.523748024,3.415044358,173.5059692,482.0803374,2.754808649,33733.60708,CEEG,81.00759,23.63651,202.0474632,145.974725
8,Bandipur National Park/Tiger Reserve,1974,1,2007,46,957487671.8,541.7038129,0.0018,0.004517647,0.040517647,0.042317647,0.046817647,0.072917647,0.081017647,0.085517647,0.086417647,0.086417647,0.102091765,0.140791765,0.183991765,0.201091765,0.201091765,0.201091765,0.271461177,0.281731765,0.343171765,0.391771765,1462.580192,1431.98155,1272.643856,1287.602717,1597.238373,1875.647868,1691.981847,1738.478504,1469.789188,1460.234155,1958.831753,1615.997232,1454.543454,1137.269609,1244.388293,1308.868464,859.8435344,1427.627582,1442.499201,1455.018224,1435.023544,0.388123639,0.385456531,0.374146611,0.364801727,0.383491724,0.399508906,0.387031129,0.383098344,0.363839767,0.339183681,0.396300953,0.340004878,0.327099194,0.350370331,0.394655428,0.387044117,0.372488207,0.396177244,0.420133499,0.434578489,0.386336664,6.228442906,184.8955642,880.082629,10.18638,76696.32046,WG,76.49604,11.77129,215.8585153,131.4247758
9,Bannerghatta National Park,1974,0,0,46,202724866.6,17.76146471,0,0,0.003052941,0.004852941,0.006652941,0.010252941,0.011152941,0.011152941,0.011152941,0.012952941,0.014752941,0.016552941,0.023752941,0.023752941,0.023752941,0.023752941,0.023752941,0.023752941,0.023752941,0.023752941,1266.265962,1100.27122,901.9516711,814.4345063,1204.831334,1506.350621,958.3310943,1388.812889,1235.282713,1082.121927,1454.816158,1241.602633,1012.312448,980.5638634,1142.870062,1221.197435,713.6238727,1397.149344,1097.030681,1128.424234,1239.412979,1.47730572,1.498925138,1.52345505,1.552404705,1.565143655,1.607771903,1.568980765,1.58173716,1.593025322,1.631518971,1.674725174,1.683581482,1.450914704,1.60012495,1.66094116,1.770758428,1.796305737,1.901416952,1.952006315,2.016924612,1.922581813,8.169598703,191.2387289,832.795273,9.992133,2151.185459,WG,77.56624,12.59114,316.7261411,41.99785387
10,Barnawapara WLS,1976,0,0,44,249906489.2,118.5534953,0.057268235,0.070768235,0.077068235,0.129525882,0.159225882,0.159225882,0.183137647,0.215255294,0.228755294,0.432829412,0.467149412,0.512865883,0.512865883,0.512865883,0.522765883,0.522765883,0.529065883,0.529065883,0.533191765,0.537801177,1043.06633,1670.529099,1098.771004,1709.32577,1429.341115,1447.624877,1320.625657,1527.739718,1590.837871,1369.685472,1314.107382,1573.203163,1642.481996,1705.772571,1417.623828,1304.750344,1353.601375,1492.619697,1450.767006,1750.028356,1707.20828,0.323404494,0.301385003,0.289736175,0.303697306,0.326457614,0.292431915,0.313754926,0.311861178,0.312602703,0.31845666,0.384348609,0.494523428,0.574890048,0.593086368,0.573005599,0.518737994,0.510466086,0.541928462,0.536067711,0.549584532,0.622263218,3.142716083,173.1631497,339.34748,4.915703,41305.58017,CEEG,82.45625,21.40816,158.0094637,130.4209165
11,Bhadra WLS/Tiger Reserve,1974,1,2007,46,463205329,419.5901612,0.110368235,0.157747059,0.248745883,0.346891765,0.362025883,0.372825883,0.476325883,0.498709412,0.546409412,0.596184706,0.598884706,0.655627059,0.82434353,0.84684353,0.84774353,0.972197648,1.065748236,1.085040001,1.085040001,1.089540001,2152.417968,1654.021067,1422.280196,1179.52562,1757.884243,2520.003918,1866.384775,2563.331038,2067.21266,2391.234242,2782.866953,1786.618683,1738.161956,1615.767553,1942.274374,1759.110041,1250.198705,1670.997034,1555.556269,1896.943963,2156.255877,0.57642772,0.589682027,0.578313867,0.60129305,0.607412893,0.55848363,0.560865238,0.524668359,0.513040637,0.50939683,0.460428048,0.441084259,0.463760762,0.475548048,0.45104688,0.472918991,0.408762925,0.438643868,0.434693195,0.471399513,0.490058257,8.121810093,189.0189214,829.1576699,5.579058,39851.14865,WG,75.63105,13.55047,156.0900901,231.2079251
12,Bhairamgarh WLS,1983,0,0,37,10940658.17,10.72804941,9.00E-04,9.00E-04,9.00E-04,0.015744706,0.026414118,0.026647118,0.051374177,0.163874177,0.186374177,0.187274177,0.250447118,0.268694177,0.296488295,0.306388295,0.308188295,0.308188295,0.314488295,0.317188295,0.317188295,0.318988295,1404.983649,1667.795876,1113.322646,1893.416146,1355.486772,1623.40878,1705.289876,1706.69357,1496.538407,1342.951965,2069.480884,1232.614007,1903.854989,1691.91029,1470.374709,1373.502424,1599.699296,1386.200225,1554.037237,1661.928225,1754.907307,0.261424855,0.248741671,0.275041311,0.289603106,0.248008358,0.251906835,0.234074541,0.220526626,0.234538133,0.204520915,0.208751043,0.177554038,0.180417396,0.17100763,0.238708725,0.215286667,0.211620761,0.233467233,0.218865961,0.245735501,0.277979242,7.900497288,180.0902307,348.2897323,1.290666,0,CEEG,80.94548,19.11335,254.2,187.6335345
13,Bhamragarh WLS,1997,0,0,23,172463551.8,167.2618482,0.0135,0.143325882,0.146025882,0.18048,0.20928,0.21288,0.259415294,0.266707059,0.32130353,0.32670353,0.352838824,0.359138824,0.506738824,0.789338824,0.857738824,1.270838824,1.426076471,1.537369412,2.138675294,2.175197647,1506.169687,1938.874685,1296.291107,1950.155441,1516.697752,1671.509561,1798.061344,1862.99507,1641.182972,1472.615656,2046.286151,1472.883719,1852.561052,1844.983924,1589.339748,1499.576351,1734.423673,1469.419398,1653.329305,1771.199116,1846.994227,0.095602779,0.102323593,0.101831439,0.098010174,0.104321378,0.096586363,0.095340735,0.093469318,0.094185393,0.088527719,0.088799835,0.077983449,0.078811556,0.112797377,0.092739115,0.087252237,0.171391269,0.163932759,0.170987799,0.166533656,0.190692051,11.07698277,191.2066133,485.927107,1.290666,0,CEEG,80.73871,19.54657,721.7440758,196.2569012
14,Bhimgad WLS,2010,0,0,10,156897730.5,119.0799282,0,0,0,9.00E-04,0.0288,0.0288,0.0297,0.0297,0.0306,0.0306,0.0333,0.0378,0.0387,0.0468,0.0468,0.0468,0.0468,0.0774,0.1125,0.1305,2513.005251,1553.78241,1587.853697,1595.615068,1902.503208,2914.265258,2560.217917,3145.531228,1843.719656,2533.72453,2873.520093,2185.331201,1472.259604,2023.33424,2341.414114,1514.102352,1994.934874,1993.182307,2038.16117,2847.68065,2622.936377,0.317615412,0.305346926,0.319767811,0.319325159,0.322155079,0.302401886,0.317999561,0.277012486,0.298133578,0.288022414,0.304530929,0.250456287,0.345945602,0.378129894,0.371564086,0.408996802,0.415165296,0.439875794,0.446252973,0.463030412,0.470589266,11.76027754,178.823892,644.3954893,8.161232,18468.86085,WG,74.32439,15.56943,224.1368421,179.0975944
15,Bhoramdev WLS,2001,0,0,19,355990513.8,246.6321741,0.066970588,0.091270588,0.119795294,0.172327059,0.28302353,0.384074118,0.604492942,0.678405883,0.750600001,0.763884707,0.917936472,0.926036472,0.928468237,0.940168237,0.947368237,0.948268237,0.948268237,0.952768237,0.959968237,0.959968237,1042.452053,1604.065134,1273.675016,1760.876815,1432.873846,1787.777516,1265.955833,1541.74343,1354.579847,1440.003912,1552.43682,1567.230376,1639.561142,1887.734168,1364.019297,1177.345098,1417.935316,1189.525303,1312.463737,1489.337307,1649.93154,0.294272201,0.312794905,0.318627512,0.325979277,0.335627386,0.336736888,0.348273976,0.342932955,0.357066973,0.383127589,0.372074404,0.349947862,0.348931997,0.370930748,0.364737454,0.379639615,0.397206985,0.406048806,0.425572529,0.43956617,0.431330991,8.109770409,174.2070074,710.6649446,2.526442831,36866.66983,CEEG,81.04971,22.09133,270,171.2337211
16,Biligiri Rangaswamy Temple (B.R.T.) WLS/Tiger Reserve,2011,1,2011,9,552243701.9,400.6465941,0.0036,0.0063,0.0243,0.0432,0.0567,0.0801,0.1188,0.1386,0.144,0.144,0.1665,0.2106,0.2205,0.252,0.2601,0.2619,0.2781,0.3312,0.408028235,0.435028235,1335.178106,1216.05516,943.800683,966.12747,1401.378428,1561.354187,1249.766938,1398.83799,1181.920106,1045.02144,1546.647952,1400.065947,1161.106336,998.2516488,1039.313374,1303.443497,686.8163879,1301.265137,1177.766023,1162.561013,1174.151414,0.746351723,0.697188715,0.710779338,0.644115852,0.690052547,0.709383879,0.635634701,0.727752275,0.656275557,0.635598157,0.698554541,0.645507024,0.603258663,0.641767567,0.712785925,0.669438896,0.655205603,0.707704999,0.702995415,0.731336898,0.739575733,12.92985878,187.6695752,1063.425643,11.61665564,37306.47845,WG,77.15757,11.93203,243.787234,134.788829
17,Bor WLS,1970,1,2012,50,186096084.8,7.174454118,0,0,0,0,0,0,0,0,0,0,0,0,0,0,0,0,0,0,0,0,996.4084542,1184.093058,1012.99409,1248.53573,915.9434881,1416.09806,1421.060057,1254.857939,1080.417144,1066.613009,1720.466355,1218.45801,1308.376218,1601.506337,927.3408197,1175.225751,1128.495198,1141.958942,1184.241034,1313.319145,1442.837736,0.998289823,0.912958919,0.975843212,0.890977559,1.016943108,0.970469056,0.977542492,0.998700926,0.937511673,0.795251997,0.778523098,0.796915477,0.738167247,0.778732062,0.820257586,0.78830709,0.785278237,0.788120353,0.808101486,0.812409369,0.800548689,5.516464014,176.4466703,416.86841,6.259230299,16367.26428,CEEG,78.67402,20.98711,127.930131,69.47777563
18,Bori WLS,1977,0,0,43,652543572.2,296.9555082,0.017241176,0.019941176,0.022641176,0.028651764,0.028651764,0.060483529,0.061383529,0.068583529,0.069483529,0.072183529,0.072183529,0.079383529,0.144183529,0.163083529,0.163083529,0.163083529,0.163083529,0.163083529,0.163083529,0.163083529,1304.804197,1082.985329,1404.273507,1818.845965,1125.002144,1832.606115,1824.434412,1551.912883,1349.840399,1764.859214,1802.523635,1675.367308,1651.024563,2329.408886,1323.619763,1403.399142,2029.673152,1344.827025,1535.265891,2295.586611,1763.931187,0.500508407,0.479892275,0.455331085,0.482960841,0.446991144,0.466740924,0.492248578,0.477792974,0.48439723,0.482911987,0.481440343,0.406062722,0.43508387,0.418696621,0.457066077,0.46492273,0.423298228,0.443652773,0.561374841,0.623281538,0.670068165,5.091201806,170.1465986,433.0654822,2.515489231,59017.90025,CEEG,78.0707,22.44063,164.0459492,133.405569
19,Brahmagiri WLS,1974,0,0,46,189387250.8,179.8107565,0.0054,0.015056471,0.025856471,0.036652942,0.038452942,0.050152942,0.050152942,0.059389413,0.066589413,0.086145884,0.090645884,0.096045884,0.111345884,0.11587059,0.11587059,0.11587059,0.147172943,0.340687061,0.37495059,0.410188237,2727.346209,2621.830742,2392.531011,2554.223772,2952.120888,3351.288556,3259.053281,3531.50934,2942.140537,3270.350817,3357.961183,3368.287672,2859.547108,2881.457538,2735.489526,2327.088838,1812.135543,2612.098116,3276.927749,2864.295583,2839.200741,0.325529427,0.40727016,0.386980486,0.40751987,0.38098107,0.376403288,0.376964991,0.378260203,0.394064258,0.390640631,0.336098966,0.357639352,0.385712251,0.379346541,0.419433932,0.413340268,0.41390882,0.434868762,0.431058003,0.435112298,0.444870425,16.3054812,182.8602759,884.9476049,8.528333972,6862.346395,WG,75.87569,12.02329,533.1733333,265.0348681
20,Buxa National Park,1986,1,2009,34,384782801.7,351.5653271,0.215350588,0.71633647,0.955249411,1.147898823,1.489951764,1.926134117,3.534285882,4.748562353,5.155715294,7.099383529,7.311067058,7.678909411,7.72313647,7.978817646,7.997717646,8.191111764,8.681894117,8.853794117,8.951707058,8.976455293,3378.790038,2960.374939,2992.088331,3031.220069,2946.590197,2992.861098,2542.806926,3146.201049,2864.907548,3316.424346,3157.920401,2540.189675,3424.888344,2648.013393,2512.464807,2837.389034,3055.330544,3025.85217,2381.502828,2780.954198,3433.353039,0.981434736,1.053810829,1.06060201,1.114596913,1.168445622,1.123639184,1.222938223,1.20408514,1.136540601,1.193809745,1.128900133,1.188845926,1.102086841,1.254863123,0.96494051,1.075629131,1.065277606,1.097139178,1.11695364,1.135142167,1.14297838,8.483072757,179.1296988,312.238734,8.604475,20831.10041,SGNEBF,89.61261,26.69113,172.7485265,212.2877715
21,Cauvery North WLS,2014,0,0,6,1207364007,313.3341741,0,0.009,0.0306,0.062604706,0.070704706,0.086904706,0.113904706,0.121104706,0.123804706,0.125601177,0.198162353,0.218061177,0.230512942,0.291712942,0.379012942,0.480712942,0.506812942,0.673312942,0.924412942,0.924532942,1368.625557,1100.138475,952.1139249,904.6258802,1380.275438,1484.687532,1064.784192,1536.773571,1251.427995,1058.664704,1515.014632,1443.451247,1184.197352,987.8121194,1147.099067,1216.389888,759.0150003,1398.098167,1161.694558,1197.019123,1190.974794,0.595210532,0.615168336,0.643332737,0.632401538,0.631886369,0.642555717,0.624384377,0.675840785,0.659947158,0.656237514,0.703856691,0.662371955,0.612624508,0.642017593,0.657529484,0.638797514,0.646269358,0.641338474,0.665301393,0.683796513,0.577168334,11.18210936,181.4305683,675.3277196,9.992150619,88481.62931,WG,77.77647,12.30121,226.0547471,69.86409076
22,Cauvery WLS,1987,0,0,33,1107416847,181.4585294,0.0063,0.016485882,0.053385882,0.095181176,0.115881176,0.292898823,0.318098823,0.335198823,0.354098823,0.356068235,0.399268235,0.575724706,0.575724706,0.577524706,0.577524706,0.577524706,0.577524706,0.577524706,0.577524706,0.584724706,1222.653396,1043.423159,898.996293,825.7162406,1256.81729,1417.292607,1007.398386,1347.424245,1126.217105,1009.283625,1379.617738,1230.814983,1021.008987,919.6349955,1063.378021,1167.663982,667.2338137,1276.79966,1118.646928,1090.473228,1104.985515,0.589079869,0.618760398,0.640390879,0.601757351,0.590324108,0.646460169,0.61395191,0.59636047,0.63841236,0.614977393,0.62820117,0.610926851,0.586430977,0.599141396,0.634695292,0.588361124,0.578974311,0.587268101,0.586218089,0.6103925,0.551112424,11.29658521,173.8167114,589.1282381,10.04728542,21038.59116,WG,77.45712,12.21468,232.0946253,62.69180955
23,Chaprala WLS,1986,0,0,34,116975108.9,12.98416235,0.0045,0.0387,0.0819,0.1647,0.1647,0.1665,0.1701,0.1791,0.2061,0.2061,0.2097,0.2151,0.2169,0.2169,0.2169,0.2169,0.2169,0.2169,0.2169,0.2169,1223.078609,1526.200326,987.6442622,1484.374909,1172.843215,1459.042292,1491.129929,1431.62476,1355.616331,1094.079314,1727.600636,1242.141517,1580.879567,1638.057439,1243.272557,1208.640014,1662.809738,1273.466967,1369.072059,1693.733085,1593.804555,0.628017968,0.660202282,0.672712317,0.652761415,0.579067282,0.642301205,0.614087273,0.582240346,0.607457776,0.697645567,0.658004806,0.619406069,0.664949021,0.638854958,0.690196771,0.737549398,0.75502723,0.768685267,0.815345581,0.833133849,0.798277903,1.062234585,177.2474032,171.4879823,3.559812,38445.51967,CEEG,79.85118,19.62352,151.5410959,77.90856719
24,Chimmony WLS,1984,0,0,36,80685719.49,72.59234471,0,9.00E-04,0.0405,0.0405,0.0477,0.0486,0.1008,0.1143,0.1251,0.1251,0.1377,0.1674,0.1728,0.2124,0.2124,0.2124,0.2124,0.2277,0.2295,0.2295,2718.269357,2894.151824,2251.052324,2382.584464,2935.203455,3067.74266,3257.542867,3690.680819,2815.870221,2645.671312,3460.097765,3362.178137,2539.142114,2793.151927,2547.743898,2466.920658,1772.78814,3060.510831,3496.85095,2891.825851,2764.91421,0.520860624,0.539214137,0.609724678,0.456410553,0.622036751,0.48348081,0.46224889,0.442619602,0.464051792,0.431396149,0.434199679,0.351484027,0.561723514,0.664660879,0.576157907,0.730977345,0.574294358,0.580216676,0.61501295,0.644542239,0.672595923,17.63926707,178.3581857,315.8683354,18.1774,0,WG,76.48691,10.44334,439.2040816,264.5103846
25,Chinnar WLS,1984,0,0,36,108045586.8,81.86727882,0.005244706,0.026982353,0.044982353,0.069582353,0.071382353,0.093882353,0.115750588,0.132850588,0.139150588,0.139150588,0.247595294,0.281304706,0.325404706,0.503209412,0.565309412,0.584209412,0.587767059,0.596767059,0.629167059,0.729067059,1683.54194,1730.020613,1290.849522,1377.268607,1588.315479,2019.785865,1907.200641,1945.649909,1757.90337,1670.451893,2241.449306,1834.941502,1655.945038,1180.222697,1415.499253,1568.574212,884.1148327,1446.399457,1450.65084,1324.797019,1551.988621,0.607910843,0.617713459,0.61292784,0.614056319,0.630140805,0.621205845,0.667772891,0.707316843,0.625157199,0.626471775,0.571173973,0.652431825,0.57254114,0.681192518,0.755510884,0.694824903,0.751374536,0.780632964,0.772962936,0.770258168,0.778839567,20.38736547,174.0686306,1123.592879,9.755681,9842.297146,WG,77.19862,10.30295,290.627907,168.8514684
26,Corbett Tiger Reserve,1936,1,2010,84,954363993.3,788.9791659,0.0666,0.1251,0.1422,0.3609,0.5877,0.712334118,0.808634118,0.930049412,1.099249412,2.200634118,2.333961177,2.564195295,2.616395295,2.618195295,2.618195295,2.622695295,2.622695295,2.624495295,2.624495295,2.656895295,1211.655271,846.7559982,940.0590767,1043.003566,1005.169211,1086.643024,938.5604621,1309.381562,1156.584794,1330.170578,1734.947663,1997.808228,1525.833524,1996.550363,1339.484804,1489.363396,1412.691551,1721.014587,1794.696874,1478.83284,1441.019251,0.403152257,0.397155925,0.402555116,0.397462652,0.382478952,0.381253763,0.401222251,0.380631799,0.387456326,0.391615095,0.3619142,0.36020506,0.369710651,0.36451574,0.36885728,0.331957839,0.361774881,0.388632793,0.402128395,0.432848308,0.422210585,11.88250826,172.8614257,528.7137199,6.352594595,68227.71743,CEEG,78.80504,29.57988,184.6964706,282.2495591
27,Cotigaon WLS,1968,0,0,52,100436508,97.17482824,9.00E-04,0.0036,0.013937647,0.021137647,0.034637647,0.036437647,0.040937647,0.046337647,0.05442,0.05442,0.05712,0.06162,0.06342,0.06792,0.08052,0.09492,0.15342,0.23802,0.29382,0.30192,3556.804578,2304.192074,2245.444227,2432.151641,2735.08213,3486.341338,3316.00029,3828.54363,2880.761498,3315.390664,3729.614748,3730.922913,2291.327215,2874.028009,3393.355719,2564.980613,3029.093033,2821.509692,3039.531485,4467.826994,3816.286003,0.21209745,0.206889653,0.204941402,0.216612839,0.243560892,0.231965519,0.232258262,0.248778711,0.224298213,0.216891878,0.207615842,0.210167787,0.240684102,0.238877943,0.229338531,0.211501918,0.201253227,0.200029496,0.206502272,0.212754936,0.198262674,11.19144346,191.1634735,231.1840894,4.803814451,0,WG,74.19424,14.98647,422.9917355,238.5553499
28,Dalma WLS,1976,0,0,44,140317067.2,35.71602,0,0.0018,0.0036,0.0045,0.0045,0.008022353,0.008022353,0.026922353,0.030522353,0.031422353,0.031422353,0.058422353,0.058422353,0.059322353,0.059322353,0.059322353,0.060222353,0.060222353,0.070122353,0.070122353,1076.075216,1312.517801,1218.410474,1317.699518,1325.958998,1159.493644,1658.009136,1825.183164,1687.337643,1271.30207,902.3472883,1472.654594,1344.169377,1764.056498,1360.229551,1220.249572,1587.465233,1821.291781,1382.284769,1299.352403,1656.217918,1.789747334,1.887245491,1.853208374,1.995880489,2.15493086,2.075509229,2.176189157,2.431289203,2.200954429,1.864665841,1.95911254,2.08835342,2.092269078,2.285603739,2.404646336,2.580175129,2.567499768,2.707000896,2.688715386,2.761532273,2.945717439,12.80784347,171.424742,348.1672001,7.059763,4729.428525,CEEG,86.20737,22.90279,105.9767442,99.67991452
29,Dampa WLS/Tiger Reserve,1985,1,2007,35,385294071.2,385.0353071,0.124348235,0.200043529,0.242343529,0.306243529,0.370143529,0.464008235,0.565210588,0.639010588,0.698410588,0.751510588,0.826394117,0.95201647,1.007068235,1.143765882,1.406417647,1.57998,2.010045882,2.244688235,3.185957647,3.751221176,3111.842644,3121.070015,2786.220149,2891.437381,3695.703047,2430.061145,2667.827713,3662.751492,2556.762854,2766.757523,3192.133281,2859.276906,3065.136193,2614.24579,2655.187964,2883.516128,3119.23187,3890.749433,2362.765646,2496.47838,2778.23067,0.087048367,0.091025536,0.088017297,0.098267654,0.097867185,0.10465847,0.110061757,0.106483551,0.116404711,0.115092455,0.119227002,0.112252121,0.119366396,0.1104754,0.12935704,0.135854882,0.146137019,0.14485228,0.156417946,0.158262966,0.158232696,15.05830132,183.2079513,350.5458454,1.343389,18897.23279,SGNEBF,92.36842,23.59129,383.2318841,238.1188289
30,Dandeli Anshi Tiger Reserve,1987,1,2007,33,1378228282,1206.818421,0.0873,0.3249,0.379807059,0.438307059,0.530647059,0.61254353,0.700948236,0.785805883,1.079322354,1.079322354,1.259251766,1.329638825,1.361138825,1.49407059,1.50127059,1.57237059,1.64167059,1.77937059,1.84687059,1.88197059,2799.350041,1803.127178,1834.953123,1862.294275,2331.377481,3039.961701,2798.674656,3323.573383,2231.259278,2846.613816,3205.056118,2617.542874,1770.985749,2233.498868,2731.443124,1866.722981,2270.749138,2129.242487,2338.057329,3257.144678,2837.539746,0.242016473,0.215120592,0.213557542,0.219250173,0.235847559,0.229098756,0.231194891,0.235383182,0.212745311,0.205106265,0.210137114,0.213618427,0.226850205,0.228732996,0.222750977,0.225013734,0.222692418,0.223916709,0.226376785,0.227490308,0.228794003,9.580852625,171.7151188,539.4736038,7.143732294,186548.239,WG,74.42883,15.12601,149.4994012,215.5188393
31,Debrigarh WLS,1985,0,0,35,322431723.7,71.24550706,0.0891,0.1314,0.1503,0.1539,0.1548,0.1584,0.165063529,0.167763529,0.191858823,0.197258823,0.211658823,0.370058823,0.374558823,0.379958823,0.379958823,0.379958823,0.379958823,0.379958823,0.379958823,0.383558823,1027.720736,1720.147106,1153.702575,1756.88222,1397.512983,1426.259819,1623.235419,1673.446836,1810.973799,1472.803271,1136.041915,1780.065216,1878.226663,1670.038948,1420.565627,1346.525881,1250.772948,1531.089114,1665.148605,1600.319087,1736.201975,0.537289899,0.561999994,0.571200273,0.577244487,0.568508324,0.566301657,0.588362302,0.590059377,0.580011739,0.587554274,0.556159926,0.570200444,0.518183685,0.57808703,0.590497222,0.607210717,0.591168379,0.611175782,0.616612654,0.62076746,0.654753956,8.896515952,175.2084968,335.5346303,3.676397,35693.46682,CEEG,83.65185,21.55913,129.5307125,95.35532134
32,Dibang WLS,1991,0,0,29,4650793876,1790.249449,0.895461176,1.191561176,1.529738823,1.746638823,2.070419999,2.585219999,3.439027058,3.917827058,4.456927058,4.662148234,5.551348234,5.809648234,6.007648234,6.559965881,6.681723528,6.803223528,7.533123528,7.551123528,7.908423528,8.178105881,966.9196127,947.9138422,886.1813667,870.854135,917.2118695,805.1976416,865.9414905,959.9689958,768.9029678,671.9982716,1153.285646,675.1168975,999.0914536,811.3699429,669.9656226,743.8856326,846.6956617,733.4620312,597.642272,643.7752555,638.596378,0.005166875,0.004130642,0.004186548,0.004065345,0.005026702,0.003978325,0.003953043,0.004637152,0.003634303,0.003594701,0.003602592,0.003944652,0.004639146,0.004748841,0.004111868,0.00478436,0.004771953,0.005442638,0.004742377,0.005103951,0.005888538,28.9718291,182.3003304,3605.114456,0.067064163,85412.05655,SGNEBF,95.95926,29.02796,1982.118805,136.1136667
33,Dibru-Saikhowa National Park,1999,0,0,21,232609508.2,174.4436259,0.453652941,1.313943529,1.859177647,3.581205882,5.130451764,6.437791764,8.044125882,9.65573647,10.05360353,12.11872941,13.26731647,17.58854471,17.77034471,18.06762,18.38307882,18.81381882,19.52479765,20.06299765,20.58766941,23.04598941,3160.360123,2876.075294,2614.65801,2555.908742,3166.615603,2782.005457,2893.411751,2901.774243,2918.700636,2540.457911,3119.089393,2525.637213,3194.601122,2730.149651,2625.007964,3049.244461,2494.241696,3115.466516,2475.237164,2817.604835,3097.646975,0.680516725,0.759875663,0.726632203,0.72220751,0.61683582,0.716720654,0.761986898,0.814086225,0.896829075,0.928029241,1.130670224,1.006758538,1.163908982,1.102609518,1.127921311,1.42435084,1.085292929,1.064160468,1.125412447,1.305865557,1.307585262,0.885216194,164.0970023,121.0288159,2.684544,0,SGNEBF,95.36003,27.66209,299.5643564,156.920239
34,Dihing Patkai WLS,2004,0,0,16,224879539,222.3988588,0.023414118,0.026114118,0.077509412,0.092809412,0.102709412,0.126825883,0.184817648,0.210430589,0.291818824,0.373221177,0.469101177,0.569421177,0.572650589,0.632862354,0.64926353,0.661485883,0.695745883,0.713438824,0.75138,0.857724706,2611.607994,2491.516361,2241.121352,2242.336296,2713.832957,2452.938114,2342.5818,2480.309351,2545.879806,2231.345504,2790.803799,2312.331238,2542.104396,2487.946108,2043.093799,2339.584041,2202.167697,2636.062331,2066.160025,2242.405925,2366.750088,1.609413798,1.403040832,1.438607683,1.468817784,1.668433758,1.490609117,1.784030814,1.899462564,1.587218838,1.858634094,1.518860371,1.773691116,1.608689822,1.544998179,1.438726917,1.76685874,1.891716989,2.283104374,2.21751766,2.250227063,2.473779552,2.321930964,176.1797574,162.1962232,2.684544,0,SGNEBF,95.52943,27.3483,58.04761905,289.2510521
35,Dudhwa Tiger Reserve,1977,1,2010,43,1262199229,961.8022588,0.0198,0.0396,0.060748235,0.079648235,0.084148235,0.144448235,0.160037647,0.210331765,0.286962353,0.317562353,0.343990588,0.48911647,0.522211764,0.532111764,0.532111764,0.539311764,0.539311764,0.539311764,0.539311764,0.539311764,1853.738169,1269.364519,1176.39437,1605.988352,1390.668386,1335.499503,1500.244404,1587.890429,1943.873978,1496.872225,1304.660638,1872.789487,1500.80204,2126.997009,1352.925585,1150.714286,1543.51692,1644.331646,1640.460907,1338.763208,1462.827702,0.994091218,1.016437293,1.01064204,1.054565509,0.9019583,1.051128988,1.090451921,1.02859176,1.225321427,1.25407937,1.258481096,1.143784943,1.258440612,1.117744951,1.235707706,1.075782468,1.172749321,1.288546298,1.373481233,1.391459503,1.340236984,1.572175805,165.332647,167.5999667,3.081207021,107922.0365,CEEG,80.75962,28.35092,149.0077984,227.990284
36,Eagle Nest WLS,1989,0,0,31,217990044.4,213.9818788,0.0027,0.0171,0.0198,0.0252,0.050064706,0.054564706,0.076164706,0.115764706,0.124764706,0.125664706,0.130164706,0.136464706,0.191364706,0.213864706,0.216564706,0.216564706,0.241055294,0.248255294,0.26154,0.27054,1501.358972,1255.889096,1267.527068,1384.487525,1585.951725,1273.666551,1144.96232,1337.31713,1095.716621,1242.506487,1448.991646,1145.943526,1481.831137,1239.901002,1214.12303,1453.689733,1159.86058,1391.702211,1112.625317,1172.079768,1235.503597,0.045391882,0.029705054,0.029454017,0.029137012,0.027826059,0.028991389,0.030105345,0.031038081,0.033240803,0.033017895,0.032909468,0.030063543,0.037550302,0.042386214,0.044736512,0.047117118,0.047794067,0.047487395,0.051352958,0.052054276,0.049092033,27.59624162,175.9723868,1635.654054,0.2471169,0,SGNEBF,92.42157,27.06601,1049.585366,288.4596348
37,East Karbi Anglong WLS,2000,0,0,20,106857111.3,90.31780588,0.462645882,1.602038823,2.245189411,3.509142352,4.986787058,6.311523529,7.71444,11.20277647,13.15450588,14.77522941,16.80337412,18.40348941,19.22672824,22.73429647,24.1699553,26.08206353,26.63926588,27.6057,28.62513177,29.97824118,2095.538776,1706.732072,1692.961172,1808.577737,2262.732283,1740.894921,1521.142869,2174.262751,1787.490736,1522.394618,2075.270609,1705.757401,1987.426657,1749.766563,1783.857705,1796.558454,1988.733264,2053.192916,1767.26877,1642.802712,1686.953075,0.608853332,0.670139589,0.678528236,0.672340838,0.658634841,0.683992448,0.790169957,0.785804123,0.791725825,0.800000293,0.767431172,0.709840602,0.648598766,0.694979968,0.624586601,0.715976266,0.666820436,0.661233411,0.685764591,0.693588776,0.694292397,3.388456275,168.5705168,179.0634916,1.528824,0,SGNEBF,93.38371,25.92336,240.1544118,166.1567431
38,Eravikulam National Park,1978,0,0,42,116797094.5,60.11371412,0.045734118,0.067150589,0.125248236,0.194632942,0.196432942,0.212371766,0.391471766,0.428191766,0.428191766,0.428191766,0.470961178,0.600412943,0.624642355,0.668749414,0.717543532,0.721143532,0.786871767,0.939871767,1.034449414,1.087351767,2113.27422,2161.221809,1616.942271,1713.454777,2088.627979,2479.621534,2391.916534,2485.639699,2241.662315,2115.807442,2728.701045,2317.190466,2051.148604,1642.025058,1806.662545,2014.035843,1204.044243,1947.536588,2110.739366,1860.542876,2083.447423,0.797314545,0.745256791,0.691660724,0.67949718,0.722139927,0.738220771,0.743587455,0.787258609,0.701452468,0.694057961,0.646140621,0.62495548,0.519168952,0.646019128,0.61088237,0.645608343,0.578891567,0.667583851,0.679180044,0.673236244,0.704207513,18.20508713,190.124568,1991.217085,9.775749305,0,WG,77.07752,10.22881,489.919708,130.7030691
39,Eturnagaram WLS,1953,0,0,67,1344492315,867.7216624,0.098025882,0.162825882,0.483843529,1.032917647,1.270517647,2.593595294,3.423134118,3.951649412,5.991314118,6.116809412,7.892287059,8.809012941,9.037087059,10.09619294,10.31365412,10.88928353,11.26154471,11.36285294,11.48315647,11.50385647,1427.121941,1225.932267,975.5657039,1331.470276,1130.999555,1431.636567,1485.167365,1500.296416,1461.792968,1030.689781,1860.594941,975.5357469,1490.254042,1463.979177,1123.215532,1182.42046,1392.850007,1298.775388,1301.216693,1465.453291,1753.8572,0.265880367,0.280211364,0.288673427,0.295275324,0.291543312,0.286477775,0.291674627,0.286368867,0.293719,0.301286257,0.299321132,0.296053248,0.295409677,0.306604768,0.306767025,0.296471029,0.309099167,0.31010953,0.313761366,0.3147154,0.320071805,3.25276108,157.9187806,170.8226007,0.9654493,124333.6751,CEEG,80.26285,18.3719,223.3369434,137.15985
40,Fakim WLS,1980,0,0,40,34056494.11,34.10271529,0,0,9.00E-04,9.00E-04,0.0225,0.0225,0.0243,0.040492941,0.047692941,0.047692941,0.049492941,0.049545841,0.050445841,0.056551723,0.056551723,0.061923488,0.061923488,0.061923488,0.063723488,0.063723488,1944.870025,1633.278506,1612.16653,1656.746793,1976.459299,1697.081584,1562.537536,1773.960241,1595.60999,1576.491833,1779.364047,1658.863548,1721.22732,1863.183294,1492.219415,1703.606229,1727.863608,1920.022248,1759.822439,1351.062896,1497.48593,0.176949066,0.157930465,0.14899993,0.147692657,0.148309982,0.132248492,0.133018989,0.139599699,0.137916174,0.139362717,0.134577135,0.125494461,0.114781795,0.11577458,0.101977464,0.092979156,0.093464694,0.086814171,0.084356189,0.081270815,0.07677938,19.71746266,197.4316654,2359.141283,1.217510145,0,SGNEBF,94.9746,25.8515,1209.266667,354.2670663
41,Garampani WLS,1952,0,0,68,782156.8995,0.759617647,0,0.0018,0.0018,0.0072,0.010298824,0.010298824,0.010298824,0.010298824,0.010298824,0.012098824,0.012098824,0.013898824,0.013898824,0.013898824,0.013898824,0.013898824,0.013898824,0.013898824,0.013898824,0.013898824,2680.244412,2317.948182,2166.446419,2451.832906,2843.134457,2293.701187,1895.083756,2647.818316,2333.257328,2061.203443,2736.496505,2259.868512,2422.174804,2247.771872,2258.49272,2151.417031,2481.195164,2556.057594,2448.795035,2282.948642,2218.731324,1.455389973,1.510961372,1.260025846,1.382716544,1.370954632,1.338696426,1.430295513,1.447314139,1.403807767,1.639870477,1.610998041,1.38162708,1.640253715,1.182562935,1.269733521,1.344095726,1.627055775,2.137939729,1.963628249,1.966158443,2.410967803,2.284904295,131.8593802,123.6490623,2.174298,331.0043664,SGNEBF,93.8788,26.38652,75.95910825,178.3495575
42,Gorumara National Park,1992,0,0,28,70986597.5,65.98027059,9.00E-04,0.0027,0.0027,0.0117,0.016905882,0.028605882,0.13452,0.13452,0.23532,0.26502,0.28392,0.28662,0.31092,0.31092,0.32712,0.33612,0.33612,0.33612,0.350294118,0.350294118,3299.826978,2980.744187,2615.057824,2760.368902,2708.852964,2591.712303,2383.184874,2840.585729,3062.816828,2920.864391,2876.857371,2689.170513,2803.131642,2655.925289,2605.479546,2892.382868,3244.47207,2964.53235,2463.560689,2527.672813,3302.559023,1.180423267,1.514415993,1.529115315,1.684812938,1.377225222,1.549169071,1.576421057,1.323650122,1.666045682,1.60684963,1.586574067,1.666660129,1.604018243,1.632984849,1.45922048,1.607769915,1.623266814,1.590958771,1.886265824,1.933291125,1.740226108,1.857875604,180.8571644,127.6510768,8.599036,15270.65419,SGNEBF,88.80902,26.74918,69.92307692,203.4162459
43,Guru Ghasidas National Park,1981,0,0,39,1045499965,512.5962318,0.0333,0.0342,0.0369,0.0513,0.0621,0.0702,0.0819,0.0963,0.0981,0.1035,0.1404,0.1557,0.1593,0.1611,0.1611,0.1611,0.1638,0.1638,0.1656,0.1656,981.2417224,1346.134706,1151.478373,1492.725183,1212.759797,1232.56947,1230.617525,1148.97449,1243.584802,859.0587507,1013.150071,1428.886304,1409.867301,1463.144698,1162.840927,1119.194871,1604.220374,1132.134936,1241.776789,1407.788854,1548.178312,0.146469823,0.15123848,0.156710539,0.157561244,0.157301049,0.153674551,0.155861051,0.15626638,0.154192302,0.155459758,0.152647812,0.146380409,0.166412292,0.19455048,0.179747464,0.170213696,0.176325418,0.181604284,0.180918052,0.186130542,0.194128123,7.415181203,181.5135886,649.6991053,2.579233405,101392.032,CEEG,82.29761,23.71766,181.6659159,156.5781254
44,Hadgarh WLS,1978,0,0,42,125434611.4,21.95014235,0.009084706,0.025284706,0.032484706,0.076584706,0.087384706,0.108084706,0.129684706,0.150384706,0.167484706,0.186384706,0.20574353,0.28044353,0.29484353,0.30024353,0.30114353,0.30384353,0.30384353,0.30384353,0.30384353,0.30744353,1105.164163,1657.86248,1316.45834,1559.392002,1321.718079,1646.524325,1745.136467,1896.45525,1712.573334,1553.866378,1323.636266,1627.932616,1366.987988,1990.911821,1527.53732,1203.178517,1518.457273,1651.149429,1751.322385,1396.671055,1629.636654,1.405327449,1.30991536,1.26558368,1.291750716,1.352515319,1.291239163,1.351192871,1.334146322,1.325867417,1.374521203,1.334834893,1.239642501,1.228670262,1.31454438,1.34928708,1.364650302,1.420152884,1.447196297,1.417223153,1.479033515,1.715344436,9.804716122,149.8002309,184.1245508,3.980469,0,CEEG,86.27047,21.29407,269.7911392,82.01643799
45,Idukki WLS,1976,0,0,44,142734887.5,77.36061529,0.000222,0.036938471,0.412884353,0.443039647,0.451139647,0.548339647,0.742739647,0.764692588,0.764692588,0.765769059,0.765769059,1.038278471,1.051319647,1.058519647,1.058519647,1.077412588,1.101712588,1.101797288,1.104553759,1.104553759,2509.248727,2506.450457,2161.824085,2261.15218,2670.278501,2635.23549,2880.326449,3081.052539,2634.965865,2522.554568,3273.741494,2950.752788,2428.048838,2031.309063,2196.248977,2215.750175,1464.082851,2372.386609,2815.738912,2254.1018,2527.757145,1.525003169,1.631099931,1.574447058,1.455261676,1.979491815,1.565516174,1.403822019,1.67204064,1.399766964,1.386676374,1.392653304,1.316922815,1.128618561,1.275504649,1.150975757,1.429228055,1.261519442,1.404262511,1.346823897,1.373453116,1.526899749,10.21946701,127.6753082,831.5398102,12.73157699,3597.427652,WG,76.98058,9.77856,133.5028902,182.8879285
46,Indravati National Park/Tiger Reserve,1982,1,2009,38,1279092237,1147.263212,0.344347059,0.413647059,0.768938824,1.121325883,1.290024707,1.602056472,1.809056472,2.077736472,2.145236472,2.297336472,3.185311766,3.88843059,3.944622355,4.000422355,4.022922355,4.058022355,4.110222355,4.156122355,4.207422355,4.296522355,1368.763132,1594.730339,1082.113603,1711.635686,1286.321372,1518.317931,1608.659471,1570.134066,1438.374489,1249.10338,2002.969586,1182.436167,1742.981107,1673.890505,1406.232095,1290.911106,1635.318339,1399.298472,1505.865524,1651.73094,1727.534206,0.083262373,0.083963076,0.082443648,0.087261394,0.089372402,0.084537827,0.084740821,0.089339342,0.091025361,0.090186436,0.092839391,0.096895848,0.111901784,0.119286534,0.106124499,0.106262744,0.110784523,0.1191602,0.126334875,0.127701797,0.124985873,3.755989184,173.2973516,262.7552609,1.239718272,91404.95641,CEEG,80.518,19.12334,341.6531901,169.8308247
47,Intangki National Park,1993,0,0,27,269120088.7,261.7163153,0.180825882,0.473325882,0.865295294,1.633454118,2.419027059,2.708827059,3.122929412,4.477665883,5.603565883,6.564716471,6.90966,7.665105882,7.995317647,8.283607059,8.919550588,10.68029647,11.56334471,12.32422235,12.82083882,13.52566941,2178.086771,1787.293264,1691.158307,1918.779077,2321.618514,1730.855981,1620.64281,2332.899806,1791.513738,1471.822971,2204.361861,1784.951102,1994.991164,1797.218416,1791.71731,1811.10732,2037.406157,2106.265566,1660.014932,1644.320557,1627.241002,0.188748995,0.187175231,0.184584712,0.19517058,0.182145974,0.186111592,0.192130043,0.181239777,0.189585577,0.194717398,0.191880793,0.187295542,0.171624016,0.162220334,0.178621848,0.174388495,0.191420641,0.186043964,0.196911677,0.199500347,0.192716136,7.977092028,180.9352817,343.9876769,1.528824,5887.946865,SGNEBF,93.45823,25.58006,524.4405797,223.9560221
48,Itanagar WLS,1978,0,0,42,136741883.9,135.97662,0.1269,0.244658824,0.277958824,0.429155295,0.67842353,0.757147059,0.840617647,0.981592941,1.075143529,1.107550588,1.245730588,1.379315294,1.479215294,1.695155294,1.849425882,2.095683529,2.499109411,2.630509411,2.680009411,2.823367058,2321.482955,2047.588122,1814.980075,2135.514758,2503.27999,2001.134183,1802.719199,2268.056357,1926.007989,1877.234954,2386.54669,1801.161059,2061.416481,2025.831254,2130.946055,2243.471112,1979.590013,2403.424294,2051.142532,2187.800338,2086.520532,0.357508081,0.344808524,0.333716254,0.350762287,0.375057155,0.390821016,0.490904261,0.53879447,0.456758739,0.32715839,0.372803334,0.268896354,0.356715961,0.29948832,0.271518618,0.321643995,0.32121054,0.29711265,0.340240074,0.341627218,0.293154898,26.04713906,172.773213,888.7549277,0.6742587,8364.942758,SGNEBF,93.62986,27.16133,406.1611111,290.5796489
49,Jaldapara National Park,1941,0,0,79,242870841.5,167.7376447,0.078356471,0.210695295,0.218795295,0.462660001,0.771917648,1.026137648,1.76574706,2.927050589,3.050964707,3.699494119,3.796722354,4.133265883,4.231365883,4.698578824,4.803878824,5.21616353,5.446951765,5.61906,5.948671765,6.065661177,3477.971723,3115.15578,2975.944859,3056.347754,2950.237972,3004.085479,2591.639033,3080.242509,2909.730321,3269.819727,3076.589175,2682.64587,3298.8071,2649.755185,2653.862835,2951.751141,3254.814792,2974.808883,2444.709907,2801.244104,3458.039003,2.871398712,3.067180653,3.126151786,3.177916291,3.269136809,3.158391028,3.317172402,3.279212376,3.233263311,3.022878893,3.140762319,2.975064306,2.964298674,3.214536903,2.958005232,3.076974911,3.098391481,3.19808309,3.240208614,3.396538491,3.489769045,2.118406814,163.9722059,125.1197596,8.604475,5107.31641,SGNEBF,89.32288,26.6748,171.1968254,151.5424618
50,Jamwa Ramgarh WLS,1982,0,0,38,230644964.2,0.260551765,0,0,0,0,0,0,0,0,0,0,0,0,0,0,0,0,0,0,0,0,579.0114304,682.160671,297.9787353,681.9032598,550.7320677,595.4955725,468.6784604,572.5596593,756.6090819,418.1548317,852.0855573,686.428626,867.5156124,891.2337879,544.1343559,452.6372278,801.0540827,552.5870689,779.7740954,690.0971242,598.5526174,1.254290562,1.127924776,1.13903857,1.13628172,1.109201358,1.155327378,1.150679833,1.164442688,1.177770495,1.14605455,1.32703054,1.234664672,1.377368143,1.375703514,1.46784586,1.400005045,1.431741187,1.460516218,1.497633699,1.522987516,1.546552043,8.826647229,185.363273,453.8374069,7.014670238,90.00758786,CEEG,76.08868,27.08039,238.1672131,17.29494333
51,Kalakad WLS,1976,1,2007,44,857375728.1,654.1695176,1.327549412,2.159728236,2.22486706,2.317210589,2.481045883,3.133676471,3.810278824,4.319985883,4.363185883,4.363185883,4.381185883,4.72926353,4.854275295,4.920875295,5.036975295,5.104475295,5.118254119,5.243354119,5.268554119,5.277554119,1612.565981,1615.348165,1581.006817,1598.430309,1920.334965,1946.978371,2406.004149,1915.23186,1959.000521,1783.625223,2000.814662,1848.470451,1719.023382,1615.67664,1508.091445,2146.781435,1063.151486,1621.255552,1670.358168,1950.56841,1693.513674,0.934767776,0.98940037,0.993692333,1.073634338,1.139814395,1.095852145,1.139988031,1.071713554,0.963570742,0.909975159,1.178219326,0.955659642,0.702788428,0.844205483,0.805803112,0.84225401,0.943746576,1.03095961,1.029767773,1.033914838,1.205466174,17.22734867,142.6651342,754.0128245,13.32348,41192.61787,WG,77.37279,8.62013,314.3640873,209.5745494
52,Kamlang WLS/Tiger Reserve,1989,1,2016,31,785866077.8,720.4593953,0.107428235,0.118514117,0.147314117,1.036803529,1.118844705,1.201644705,1.310039999,1.408221175,1.437921175,1.520721175,1.552221175,1.637498822,1.667198822,1.94675294,2.03135294,2.14835294,2.18615294,2.19245294,2.240791764,2.306491764,2515.245054,2531.128325,2447.038849,2204.499538,2760.649157,2467.914277,2532.11322,2503.356292,2365.356188,2032.001666,2659.655713,2156.758834,2668.071797,2403.802771,1919.33464,2261.527203,2563.465268,2281.838087,1812.800766,2166.256164,2073.941862,0.018240314,0.014920691,0.014912341,0.014163628,0.018885752,0.014630947,0.014599811,0.017185379,0.013877219,0.013014958,0.012747051,0.013475503,0.013281026,0.015114818,0.013156294,0.016262926,0.01627974,0.017309171,0.017136442,0.016424341,0.019394712,30.86530792,181.4770461,2288.231157,0.2754163,7321.527866,SGNEBF,96.58432,27.75165,1729.080925,320.6340268
53,Kane WLS,1991,0,0,29,31714671.72,31.41789882,0.028849412,0.042349412,0.046849412,0.088489412,0.135635294,0.141935294,0.149135294,0.190478823,0.197678823,0.199478823,0.237508235,0.274408235,0.287008235,0.296008235,0.307708235,0.314114117,0.334814117,0.341869411,0.341911811,0.359911811,2881.650265,2647.194761,2311.461399,2599.734551,2793.209477,2416.322178,2629.145627,2711.880274,2612.965761,2515.317649,2936.782344,2150.123024,2609.391777,2254.856646,2366.97701,2628.699971,2329.374412,2810.969363,2262.088058,2588.503729,2496.71334,0.049126071,0.051584035,0.049065406,0.048700015,0.047701546,0.047156889,0.049289064,0.04692914,0.049965576,0.049137705,0.049127103,0.040279208,0.042100662,0.040728457,0.040070249,0.041292251,0.049012604,0.046737507,0.050649058,0.050164854,0.043224874,21.89973145,192.8536558,461.078244,2.029096,9658.983869,SGNEBF,94.6339,27.67326,246.0930233,286.9668717
54,Kanger Ghati National Park,1982,0,0,38,200965973.2,179.1541694,0.0234,0.0666,0.2601,0.29748,0.404431765,0.462935294,0.554883529,0.618257647,0.685122353,0.746534118,0.872777647,0.926802353,0.939501177,0.961454118,0.969554118,0.985909412,1.022647059,1.035465883,1.059765883,1.091738824,1511.407819,1617.30316,1217.819573,1598.172615,1556.567337,1742.083728,1838.606173,1797.281494,1581.653663,1362.421874,2041.128845,1350.396656,1933.221853,1623.382918,1582.76451,1442.807037,1595.219454,1472.39818,1636.213835,1645.12047,1651.639844,0.495135204,0.540049915,0.550444852,0.551357457,0.538516942,0.581964219,0.579222703,0.563580691,0.58542553,0.595113113,0.589794298,0.600519762,0.649361829,0.627826337,0.65082391,0.612452328,0.673289851,0.695418605,0.700465882,0.734027212,0.761584138,7.849845704,161.9410838,533.9355659,1.651998308,20081.08196,CEEG,82.02041,18.82505,158.5936255,213.9728459
55,Kanha National Park/Tiger Reserve,1955,1,2007,65,933752785.6,788.5259259,0.125121176,0.129621176,0.15689647,0.233961176,0.352034117,0.418972941,0.432472941,0.46716,0.565214118,0.573384706,0.840268235,0.858268235,0.905068235,0.924868235,0.929368235,0.939268235,0.941968235,0.954568235,0.983368235,0.989668235,1085.310919,1615.308459,1244.587865,1807.063589,1455.267276,1896.208421,1298.353974,1576.334632,1371.82851,1466.327154,1621.235555,1562.835577,1678.100067,1969.367517,1449.927488,1264.793001,1570.94925,1252.396263,1338.031522,1626.2336,1683.330011,0.369396054,0.357311395,0.349877954,0.359418519,0.370287328,0.371093897,0.396656454,0.375004913,0.393670799,0.403841679,0.396486087,0.388578824,0.381688527,0.388102946,0.382378392,0.397388143,0.369039493,0.36594915,0.376657142,0.383043135,0.372627017,5.427772158,184.389324,693.3282321,1.714761101,84370.56993,CEEG,80.74719,22.23081,254.2042553,211.0209358
56,Kannyakumari WLS,2002,0,0,18,450216047,359.6390294,0.213592941,0.301284706,0.504684706,0.509354118,0.969977647,1.754036471,2.160035295,2.43864706,2.738834119,2.827905884,3.265305884,3.712224708,4.07203412,4.735083532,5.277458826,6.020205885,7.598802356,10.71829412,12.49588236,13.71064236,1372.762497,1373.642391,1368.710756,1393.07238,1625.129808,1689.79649,2081.204037,1546.206076,1694.726819,1576.351304,1710.739256,1562.743031,1458.110718,1392.020484,1358.78049,1995.592419,994.549199,1420.868026,1481.000883,1825.499756,1508.566739,1.888780649,2.119943367,2.072311451,2.009735716,2.248734598,2.051443452,2.107821376,2.095027576,1.983202893,1.928658832,2.23380419,1.862854356,1.458838314,1.689365167,1.534201206,1.49275911,1.730669428,2.013566686,2.019322976,2.076623425,2.24290995,17.29006636,179.0620754,426.7857799,13.32348,15391.43369,WG,77.39783,8.3988,263.1489758,174.6832926
57,Karlapat WLS,1992,0,0,28,62909758.07,59.44198588,0.131809412,0.209322353,0.315649412,0.383276471,0.398576471,0.614784706,0.738667059,0.878322353,0.878322353,0.885702353,0.940362353,1.015083529,1.107734117,1.280911764,1.414161176,1.508583529,2.01684,2.539065882,2.688772941,2.957110588,1229.695641,1576.345279,1244.482851,1707.568407,1426.646944,1710.026464,1747.981923,1695.956122,1768.950742,1450.405447,1688.445099,1429.51496,1685.534289,1571.353127,1593.843087,1361.370365,1458.56705,1573.367661,1668.619809,1596.638445,1588.139047,0.193268388,0.173521497,0.172128092,0.181556924,0.187226395,0.166598612,0.183666561,0.183621421,0.179746534,0.192522414,0.240809846,0.230093133,0.289218405,0.328660231,0.337783044,0.289399551,0.375873925,0.385022232,0.387196734,0.394382711,0.394413551,15.36889797,192.7522561,632.442866,1.488552,6821.551722,CEEG,83.09977,19.6918,187.5066667,198.1716335
58,Katepurna WLS,1988,0,0,32,43499270.69,0.038467059,0,0,0,0,0,0,0,0,0,0,0,0,0,0,0,0,0,0,0,0,786.2872726,728.3142249,796.6746064,837.3662853,635.8961853,1048.721343,1208.154122,998.6154379,732.4292087,771.9009666,1285.489228,780.3312625,932.5203602,1073.0916,661.3791672,828.561806,949.1222461,799.9188706,916.6949578,960.2596162,1133.790476,0.818728988,0.694321199,0.780092832,0.784322787,0.784534934,0.778001364,0.791404142,0.939930435,0.862706452,0.87661191,0.85647866,0.820656409,0.866321992,0.853516621,0.846913786,0.80978654,0.776976607,0.74891476,0.755132838,0.773406558,0.765159457,2.830351668,156.9370478,387.4678912,7.770851,0,CEEG,77.16844,20.41297,129.8,59.8371926
59,Kawal WLS/Tiger Reserve,1965,1,2012,55,693594041.7,118.7467482,0.252451765,0.265951765,0.300151765,0.498751765,0.52788353,0.741938824,0.906151765,1.186927059,1.321429412,1.329529412,1.683889412,1.807789412,1.81962353,1.849238824,1.849238824,1.849238824,1.849238824,1.849238824,1.849238824,1.849238824,1185.790506,1257.557775,921.0700973,1150.091315,978.0633742,1480.834492,1400.151899,1296.844162,1150.330209,939.0322843,1667.273547,1121.636258,1394.662645,1542.225494,1071.468944,1136.532544,1442.379947,1207.978058,1297.938697,1496.113207,1515.009592,0.38371188,0.36588467,0.359668546,0.346313609,0.349731581,0.370477583,0.363196801,0.37554976,0.393570619,0.37084276,0.360802516,0.343856484,0.288534912,0.349250969,0.360136554,0.421008497,0.396929234,0.407539301,0.407458459,0.412058194,0.432216708,4.655635867,175.6183371,306.1857769,3.508864956,57255.18124,CEEG,78.82965,19.21498,202.6329849,110.1833001
60,Kaziranga National Park/Tiger Reserve,1974,1,2007,46,435810986.6,224.7189741,0.035322353,0.075554118,0.085874118,0.191802353,0.287551765,0.3576,0.685976471,0.721898824,0.81066,0.926872941,0.997457647,2.403377647,2.415949412,2.441241177,2.441241177,2.570841177,2.651548236,2.856748236,2.860965883,2.972530589,2378.920242,1959.689975,1913.943954,2122.864896,2527.646227,2089.120424,1756.095682,2366.552986,2069.398144,1893.978253,2489.019024,1871.915603,2273.037856,2094.715331,1977.831103,2146.482478,2304.041149,2458.112229,2010.625141,2163.692981,2183.638868,1.712791706,1.634591633,1.569280094,1.640532289,1.617090474,1.632677373,1.66589601,1.596900733,1.693665976,1.646354967,1.633705192,1.409515442,1.418270365,1.389517221,1.445879438,1.544331635,1.787375101,1.955712984,1.851499337,1.949639605,2.334934294,2.478183545,165.1062754,95.01551533,2.174298,16852.81856,SGNEBF,93.34771,26.64081,187.7340426,101.6392741
61,Kinnersani WLS,1977,0,0,43,600185478.3,384.2549153,0.0396,1.179225882,1.545525882,2.591191764,3.438091764,4.454361176,6.903254117,10.00849059,13.21073647,13.81114235,20.79541765,23.91280588,24.61974,27.01491529,27.22511294,27.43726588,27.52278353,27.66550941,27.96790941,28.02870353,1421.698001,1185.855114,1012.214695,1420.51986,1186.750835,1403.01049,1525.669886,1567.599768,1511.041583,1067.561713,1870.308286,1020.753659,1681.252908,1439.43173,1172.631307,1205.79495,1387.518955,1297.904073,1384.583617,1437.151418,1792.738435,0.220754911,0.248260896,0.250775063,0.251028338,0.223900012,0.249528767,0.267664406,0.252551914,0.264704484,0.250301741,0.261601432,0.238693059,0.313815731,0.337771423,0.350317603,0.353285197,0.325083373,0.322506671,0.3207409,0.322490372,0.337440142,5.154953404,170.2223441,212.6926019,3.727273341,47233.96925,CEEG,80.60358,17.82133,180.6065574,136.1882544
62,Kodaikanal WLS,2013,0,0,7,1018962339,790.6836706,7.471094118,8.039569412,8.347101177,11.59747412,12.33637412,15.19654941,16.20637059,17.50741765,17.68651765,17.68651765,18.22693059,18.92811529,19.54315059,21.13853647,22.62290471,23.83236,24.33354,25.23756353,26.61989647,27.9318,1683.601285,1664.696186,1256.959395,1361.594489,1624.927425,1898.15543,1834.642514,1813.44458,1657.248289,1495.535733,2241.309369,1830.163168,1619.956941,1181.454381,1410.086946,1749.078132,893.1023075,1522.695966,1571.4232,1514.545036,1594.458202,0.855861043,0.875486031,0.908329488,0.856571512,0.942199236,0.885833932,0.876107018,0.985472326,0.890463188,0.89168351,0.952137228,0.947309437,0.815997967,0.902935553,0.858327797,0.859547242,0.898885164,0.926223277,0.929006119,0.939961559,0.959511493,19.02526693,174.4578663,1304.824611,9.755681,77117.41365,WG,77.52777,10.27562,343.4451772,178.3390967
63,Kothgarh WLS,1981,0,0,39,432280802.1,318.5441259,1.491942353,2.691105882,5.031892941,7.177764706,8.347037647,9.265584706,11.12130706,12.58036235,13.63030588,14.18372471,15.78397765,17.44833529,24.31994824,32.61140118,38.40801882,49.18792235,60.58575529,69.39076235,78.52057059,89.27908588,1189.461606,1673.271361,1311.767129,1747.154084,1413.733787,1775.720858,1737.081822,1657.824226,1792.16342,1457.373161,1551.548908,1484.615471,1641.332157,1680.935335,1606.186129,1449.441317,1464.889356,1630.707305,1691.428551,1587.91806,1640.014159,0.372250855,0.387531761,0.386974071,0.384387067,0.393868392,0.394816352,0.400325263,0.407964935,0.394633356,0.416236471,0.418899119,0.416369081,0.415706482,0.425715109,0.433931166,0.445241832,0.460151584,0.461182818,0.467284726,0.469529267,0.475020858,13.73765868,177.8363679,694.9355502,1.490122501,22860.35693,CEEG,83.75413,19.85927,401.6883117,168.013039
64,Kottiyoor WLS,2011,0,0,9,35207335.3,34.82487176,0.0171,0.0171,0.0342,0.0423,0.0522,0.0522,0.0522,0.0549,0.0585,0.064164706,0.064164706,0.065964706,0.065964706,0.065964706,0.065964706,0.065964706,0.065964706,0.136609412,0.137509412,0.137509412,2784.538532,2599.335113,2480.096949,2518.350805,2926.599677,3278.27898,3207.998648,3488.009531,2757.693801,3179.841387,3366.507903,3325.393849,2766.912295,2767.678363,2537.400782,2234.253329,1745.464819,2498.375352,3181.181522,2816.487793,2687.730936,0.360304595,0.651041733,0.49043932,0.360617948,0.390537645,0.527610424,0.427791468,0.493034975,0.335479477,0.319865087,0.302586098,0.307683204,0.572130857,0.523281095,0.467685311,0.475732688,0.406157798,0.429719339,0.453906006,0.447904795,0.432512556,21.16586273,222.7489547,733.1860412,8.978819,0,WG,75.90409,11.89461,554.2105263,291.4682848
65,Kudremukh National Park,1987,0,0,33,795670346.7,648.8075118,0.054141176,0.287435294,0.309935294,0.380121176,0.454012941,0.499895294,0.573903529,0.655012941,0.726928235,0.816928235,0.848728235,0.908647059,1.04178,1.137578824,1.173815295,1.272381177,1.326349412,1.453824706,1.619872941,1.714584706,3788.728553,3404.331974,3124.265752,2756.463592,3662.28482,4005.081656,3931.419649,4177.520728,3599.57641,4369.881915,4538.195831,3988.584142,3550.816617,3655.946464,4384.30373,3701.326473,2751.358014,3323.768637,3881.136348,4118.37562,4185.883659,0.649675049,0.679305565,0.653491387,0.688354525,0.700405188,0.656268095,0.659495762,0.61923204,0.612753234,0.580152871,0.530746579,0.520975536,0.496243822,0.540757149,0.504375606,0.527042758,0.528375223,0.56442122,0.541251186,0.552166425,0.587653662,14.52157404,185.1403463,752.0472446,5.579058,46501.79921,WG,75.20767,13.24103,279.8509969,215.3395301
66,Kuldiha WLS,1984,0,0,36,250974174,103.4122482,0.1251,0.2115,0.2538,0.411575294,0.416075294,0.653788235,0.678889411,0.736468235,0.773728235,0.833657647,0.841757647,0.996116471,1.009616471,1.024016471,1.028516471,1.052816471,1.056416471,1.056416471,1.061816471,1.062455471,1156.309214,1618.473796,1442.999354,1516.48457,1318.398993,1663.553434,1716.79652,2071.45295,1687.314804,1523.375545,1351.285181,1669.313175,1313.651229,2146.824449,1507.721673,1255.223601,1552.626588,1785.872745,1752.063496,1425.967173,1637.21266,0.789507095,0.829626373,0.824528549,0.846059763,0.809090002,0.834646183,0.888475053,0.891961286,0.892936717,0.879431918,0.880538634,0.844160888,0.847861113,0.872773467,0.902526682,0.951906334,0.982435209,1.00758966,1.039561811,1.085348714,1.169263496,10.62375159,185.9447511,234.8467565,3.980469,0,CEEG,86.61147,21.41544,365.5746032,110.3697954
67,Kuno WLS,1981,0,0,39,395120284.7,2.269704706,0,0,0,0,0,0,0,0,0,0,0,0,0,0,0,0,0,0,0,0,709.5446282,884.1177215,504.2648505,828.1010886,695.5392252,657.6637421,652.8053113,667.7915033,948.217459,521.3521157,828.7615435,859.8791104,882.6926243,1139.135532,700.4236006,565.9298283,1043.20062,622.6759572,1028.253794,1175.64868,770.6353708,0.295291744,0.302800426,0.30084075,0.304390095,0.297941227,0.293088841,0.312846284,0.29771113,0.303673734,0.288263165,0.279461745,0.24441078,0.325899128,0.439485576,0.44386226,0.394493818,0.373180703,0.410766442,0.39340008,0.420239379,0.446231055,5.204269927,174.6423163,311.3231811,1.975026,34704.64557,CEEG,77.20199,25.75552,262.5750487,31.14008616
68,Kurinjimala WLS,2006,0,0,14,9873131.772,9.082651765,0,0.0594,0.113943529,0.151051764,0.165451764,0.266251764,0.375151764,0.382069411,0.382069411,0.382069411,0.396169411,0.44675647,0.665498823,0.679122352,0.714222352,0.714222352,0.724958823,0.724958823,0.735021176,0.737721176,1835.673451,1935.514992,1448.096565,1535.982546,1805.646864,2260.84096,2142.087311,2210.766107,1932.516535,1814.950322,2495.916275,2109.721633,1891.121229,1412.896839,1640.146031,1930.453438,1038.885921,1775.600613,1807.8937,1626.678861,1885.764814,0.479095223,0.585858534,0.576994909,0.639070646,0.50160137,0.575812219,0.552985561,0.537991507,0.504592994,0.51879274,0.459865978,0.490774232,0.445881435,0.527320214,0.46057006,0.621735567,0.41974623,0.472919805,0.458753138,0.46934177,0.473183801,19.24090504,231.7538276,2228.812625,9.755681,0,WG,77.27234,10.19964,260.4166667,245.0092657
69,Lothian Island WLS,1976,0,0,44,34944981.06,1.7388,0,0,0,0,0,0,0,0,0,0,0,0,0,0,0,0,0,0,0,0,1467.155411,1789.454302,1656.33412,1860.478271,1637.011073,1976.21551,1747.878718,2114.341602,1645.787558,1728.545127,1426.832372,1800.354749,1466.582936,2204.742307,1516.685816,1740.273003,1637.909148,2180.095309,1439.051281,1820.317672,1804.110863,4.159519339,3.478739966,3.409555376,4.017812596,4.01847577,3.860394094,4.315716168,4.131682128,3.943851069,4.119845327,3.891330176,3.200994853,3.053755968,2.931363749,2.792870822,2.957687906,2.917737009,2.388697005,2.847169762,2.907424973,2.067133679,0.588922473,149.6212207,4.361844868,2.690949,0,SB,88.3266,21.65897,399.75,11.62503124
70,Madei WLS,1999,0,0,21,266423180.9,206.4212259,9.00E-04,0.0063,0.0099,0.0135,0.079821176,0.087021176,0.101421176,0.118214117,0.121814117,0.121814117,0.151514117,0.189314117,0.198314117,0.221714117,0.225314117,0.233414117,0.277503529,0.353922353,0.506562353,0.804462353,2917.991362,1791.205437,1883.021245,1936.116782,2241.724921,3184.576468,2955.939607,3403.439076,2258.765587,2904.091628,3206.712098,2798.486856,1779.219577,2311.239938,2618.504207,1698.804438,2284.705894,2266.022186,2334.536074,3318.184017,3006.259848,0.381724265,0.388112437,0.360402806,0.406496897,0.396683177,0.379917914,0.389802694,0.378522452,0.38426074,0.32866473,0.358615224,0.335720703,0.349338882,0.336010076,0.341764851,0.337060762,0.357895143,0.354364425,0.367341224,0.369299001,0.357582856,13.87853895,190.8576406,273.6359372,8.161232,15308.60768,WG,74.19022,15.57624,269.5621118,182.1939813
71,Madhav National Park,1959,0,0,61,347266246,2.001162353,9.00E-04,0.0063,0.0171,0.034312941,0.093712941,0.253743529,0.253743529,0.267243529,0.299643529,0.299643529,0.299643529,0.299643529,0.299643529,0.299643529,0.299643529,0.299643529,0.299643529,0.299643529,0.299643529,0.299643529,694.2633091,853.4565301,518.2264455,868.9343586,603.0088833,716.8315812,609.3752581,645.3016561,958.0095885,559.6211603,787.7675084,965.7945508,895.4947602,1208.143128,721.6120875,599.0709637,1014.024197,625.8026331,943.7628715,1197.920216,721.7134279,0.769476269,0.847127091,0.868216047,0.886203636,0.872724925,0.895216633,0.922427421,0.876567858,0.930886369,0.952172613,0.962805332,0.883822922,0.82903291,0.737568453,0.829014711,0.80863667,0.842954399,0.868801414,0.927947024,0.970439535,1.01346582,3.15408531,163.6689801,404.901017,1.975026,30996.8702,CEEG,77.77186,25.50745,132.0565611,24.5456636
72,Mahananda WLS,1976,0,0,44,165717097.8,143.4092188,0.025207059,0.033307059,0.041407059,0.098251765,0.100051765,0.134251765,0.259810589,0.29544353,0.38724353,0.46284353,0.480232942,0.573388236,0.575188236,0.576088236,0.576088236,0.576088236,0.576088236,0.576088236,0.576332236,0.61003106,2785.210275,2533.124916,2310.663491,2412.706841,2539.380223,2230.971992,2305.10691,2548.644363,2625.384983,2724.11274,2491.274577,2403.911144,2471.616687,2473.374181,2414.364407,2619.009044,2745.503884,2618.338232,2178.631409,2431.964103,2817.189027,0.940595805,1.017405851,0.948096396,1.082653884,1.097159161,1.1103459,1.207050454,1.152875791,1.178389418,1.046833155,1.150389677,1.064556342,1.134344031,1.270319631,1.084196872,1.216025906,1.267609767,1.3155329,1.386696269,1.449890828,1.460092397,13.85135543,167.8637369,386.1214024,8.599036,13688.80403,SGNEBF,88.41762,26.85509,140.9723502,205.4141718
73,Mahao WLS,1980,0,0,40,279841043,255.9545753,0.058648235,0.106348235,0.149749411,0.913245882,1.006845882,1.413765882,1.65804,1.866289412,2.061589412,2.099869412,2.322631765,3.204310589,3.275410589,3.349757648,3.514870589,3.744370589,3.858130589,3.882794118,3.966268236,4.132768236,2986.521054,2945.800403,2800.482225,2600.202656,3140.543201,2856.219211,2699.342307,3069.883419,2877.411498,2574.355455,3236.449294,2541.641525,3430.709953,2593.508701,2410.64036,2726.802394,2718.138159,2598.134503,1975.165101,2447.646992,2599.843272,0.051481272,0.059282132,0.059600145,0.057550599,0.055567389,0.055837936,0.055284954,0.055620819,0.058051184,0.058609835,0.054426779,0.052942489,0.05968298,0.058067015,0.055908145,0.052127013,0.055820602,0.056179036,0.059672743,0.05533358,0.049665824,29.7017226,195.4003723,1521.679479,0.230852805,4023.519483,SGNEBF,95.92752,28.17011,1005.238606,272.4202511
74,Mahauadanr WLS,1976,0,0,44,80472003.92,59.17469294,0.0036,0.0036,0.0036,0.0036,0.0054,0.015254118,0.015487118,0.017287118,0.026851824,0.029551824,0.032251824,0.034669471,0.038269471,0.040969471,0.041869471,0.058069471,0.068869471,0.068869471,0.073369471,0.073369471,996.3562325,1155.587519,1023.748226,1304.365163,1168.281932,981.1195141,1299.399168,1379.01237,1370.675772,1046.648438,908.935565,1397.991718,1262.815318,1253.529793,1033.480225,1221.453111,1476.896909,1302.656502,1229.259592,1190.314008,1546.094741,0.333943629,0.358401415,0.371561149,0.383279689,0.412755665,0.384855793,0.400587045,0.40967719,0.411500639,0.432843669,0.4350039,0.451424287,0.48494092,0.525366476,0.513448166,0.572343872,0.636805299,0.650189406,0.65427276,0.676317141,0.678011698,12.20616857,159.2391133,793.2551469,3.632543,2029.315023,CEEG,84.10972,23.48936,285.9519231,177.6783064
75,Malabar WLS,2010,0,0,10,52060298,46.18662353,0,0.0027,0.026604706,0.044572941,0.109623529,0.109623529,0.117547058,0.123201176,0.125901176,0.125901176,0.125901176,0.132201176,0.156501176,0.156501176,0.156501176,0.156501176,0.156501176,0.184192941,0.184192941,0.184192941,2759.503479,2831.707039,2845.117019,2607.992911,3188.566173,3341.314694,3356.368306,3648.580382,2961.427038,3276.438049,3555.300301,3511.145684,2882.360546,2985.610573,2737.931289,2421.24166,1948.224448,2609.774754,3339.622355,2878.268913,2724.467863,0.998719648,1.108388052,1.022414204,0.98476389,0.989364145,1.030123192,1.047753809,0.984813066,0.958396343,0.906171436,1.203262814,0.890363471,1.008932774,1.026124407,1.081100155,1.027640267,1.031758454,1.062465959,1.110256089,1.091166034,1.00422776,16.81978308,157.3762669,1110.471941,9.009559571,0,WG,75.96765,11.59031,635.4307692,230.7672972
76,Malai Mahadeshwara WLS,2013,0,0,7,811403778,345.8717012,0,0,0.0081,0.0198,0.0342,0.109150588,0.120850588,0.123550588,0.125350588,0.125350588,0.168218823,0.179918823,0.181718823,0.186218823,0.186218823,0.186218823,0.186218823,0.200435294,0.200435294,0.244535294,1361.050892,1167.667949,939.7316122,933.1246171,1456.021534,1483.70723,1203.749114,1456.442241,1220.358238,1055.922289,1516.751134,1404.342771,1198.976093,1006.672372,1110.526389,1303.696058,742.5685254,1325.003781,1246.549247,1215.971302,1190.119065,0.498801661,0.501070414,0.509570619,0.50670252,0.527149325,0.507109575,0.508103999,0.525082792,0.522446837,0.501525052,0.531166543,0.513193188,0.471142346,0.459714383,0.485720122,0.461820781,0.485353991,0.487232563,0.499057035,0.505520046,0.448736114,13.33543023,174.5624826,713.0147545,11.42604372,44082.35634,WG,77.44287,11.96129,304.4120708,97.30218316
77,Manas National Park,1990,1,2008,30,1861738569,1528.795648,0.200234118,0.445821177,0.773078824,2.299175295,3.781598824,5.229984706,7.350832941,9.773961176,12.15310941,15.39248471,17.83922118,20.54676706,21.39776823,23.68368706,23.98648941,24.73925294,25.59604588,26.94357176,31.86621882,37.22446235,3111.10474,2583.231066,2901.375696,2674.344057,2845.709865,2772.669653,2289.012977,3004.496907,2467.382981,2676.657675,3168.327631,2134.010446,3317.256961,2472.332267,2437.563701,2605.728406,2516.157167,2784.326633,2372.257769,2488.21569,2889.91459,0.852153856,0.83630862,0.820899405,0.888593005,0.871457751,0.867310769,0.922294136,0.851965609,0.86026751,0.896658223,0.848404629,0.788481132,0.75120794,0.777005162,0.709797705,0.755899225,0.721023862,0.713574143,0.710696897,0.735074695,0.754928517,1.884349457,171.4637464,152.3551694,4.712711512,162381.2645,SGNEBF,90.63174,26.73497,334.2576687,192.5136826
78,Mansinghdeo WLS,2010,0,0,10,222759424.1,35.45256,0.034838824,0.158781177,0.329632942,0.460136471,0.460136471,0.468236471,0.468236471,0.468236471,0.470036471,0.470036471,0.479936471,0.548336471,0.549236471,0.554636471,0.554636471,0.554636471,0.554636471,0.56088,0.56088,0.56088,1087.86373,1403.365333,1201.59306,1517.453657,1152.495983,1648.170727,1590.136306,1611.4236,1388.837243,1560.99139,1926.781421,1486.669867,1615.396662,2107.981397,1262.114294,1426.864013,1472.83124,1331.681067,1478.103588,1644.449462,1697.88985,0.410770696,0.356178452,0.37448965,0.362087791,0.424738192,0.378642556,0.401957142,0.444332133,0.418765148,0.385754121,0.400325099,0.386918841,0.35141136,0.348427971,0.341785824,0.338396239,0.339296045,0.344929639,0.353997278,0.355612577,0.353324354,4.265763628,181.3341913,398.7540594,8.346677729,22506.60467,CEEG,79.16324,21.51646,238.088968,109.5052496
79,Marat Longri WLS,2003,0,0,17,303408502.2,283.3852588,1.784809412,3.850718824,4.756327059,6.293805883,7.940117648,9.280277648,11.11960235,15.34564235,19.25646353,20.95878706,23.70899647,26.22936353,28.44823412,36.36012706,41.08315412,48.95023765,52.33310824,55.57876235,57.20874353,60.02938941,1931.338226,1575.433209,1572.136687,1688.184656,2058.659947,1612.111518,1412.863351,2028.692552,1645.751874,1433.683129,1951.545848,1543.122767,1858.022544,1612.319544,1648.065849,1638.60258,1818.23872,1897.585523,1570.458677,1543.18839,1537.363845,0.346869881,0.328449606,0.320184927,0.337070598,0.343152577,0.321323749,0.332857383,0.329362451,0.316488437,0.321219512,0.336151373,0.316965183,0.284808281,0.289232394,0.283879174,0.348602903,0.335746343,0.338299067,0.345510947,0.344755025,0.355323718,4.96640688,178.5276231,206.291372,1.542222818,0,SGNEBF,93.28509,25.89301,324.7833753,197.0357505
80,Mathikettan Shola National Park,2003,0,0,17,22406900.16,22.40820353,0,0,0.002170588,0.005844706,0.005844706,0.015794118,0.026844706,0.026844706,0.026844706,0.026844706,0.029544706,0.029544706,0.031344706,0.031344706,0.034944706,0.034944706,0.034944706,0.034944706,0.039744706,0.039857706,1923.998819,1951.267899,1531.939936,1689.125067,1875.874729,2156.717916,2232.858176,2261.539881,1956.459499,1888.820026,2557.597921,2251.868404,1927.043596,1471.798308,1615.042964,1950.371863,1064.356085,1780.933684,1905.323599,1703.81499,1924.70251,1.409621756,1.325530791,1.810975292,1.673098132,1.251594956,1.936507542,1.136887136,1.520067353,1.274012439,1.486504936,1.812749466,1.309792596,1.342475041,1.489217375,1.265563369,1.26838975,1.293349717,1.277103257,1.376877393,1.340722317,1.214078737,16.20167397,208.2908569,1476.909647,9.713610859,0,WG,77.24786,9.98089,508.7692308,283.5836406
81,Megamalai WLS,2009,0,0,11,368368134.6,188.1658059,0.0117,0.0135,0.0288,0.0747,0.0846,0.110636471,0.138536471,0.186621177,0.193316471,0.193316471,0.220316471,0.286337647,0.389862353,0.454665882,0.512971764,0.872971764,0.936871764,0.986371764,0.992015293,1.000115293,1939.122659,1729.738224,1428.684491,1662.744428,1846.842599,1937.321904,2072.67549,2104.772846,1915.317252,1705.895112,2437.753672,1998.887565,1857.341388,1564.083984,1549.930057,1832.269199,1038.289055,1734.174377,1873.395809,1780.890687,2001.383577,1.486279732,1.43757528,1.442600421,1.448376556,1.741976894,1.563542776,1.461571303,1.679495965,1.5560293,1.563814717,1.635245662,1.49071299,1.06460808,1.237373215,1.212738799,1.318534863,1.446050631,1.52639306,1.520238644,1.543817694,1.637991045,19.28869451,195.3673319,687.3638079,9.707752,24572.17053,WG,77.50058,9.79046,204.2009238,128.1480181
82,Melghat Tiger Reserve,1985,1,2007,35,1928485051,432.5132541,0.0117,0.0117,0.020438824,0.021338824,0.022256824,0.025856824,0.029456824,0.040256824,0.047456824,0.055556824,0.065456824,0.077156824,0.105956824,0.107756824,0.107756824,0.107756824,0.107756824,0.107756824,0.107756824,0.107756824,898.5911047,861.8428186,1037.546025,998.5992684,866.6876531,1138.922354,1531.944278,1193.182164,953.4588416,1078.490687,1414.735894,1055.542595,1212.131595,1485.423439,886.7602897,1108.978549,1292.447542,1030.455942,1058.29135,1370.694673,1494.527207,0.307611457,0.297085361,0.303886314,0.306660268,0.306887882,0.305901998,0.312010526,0.319141899,0.320082855,0.318257892,0.314403512,0.313589009,0.314045486,0.319279319,0.312462313,0.310700173,0.329855191,0.343463127,0.351122967,0.356241023,0.35459499,9.593870417,188.2602824,623.5205399,4.287937938,195320.9705,CEEG,77.112,21.423,265.1958678,116.4543834
83,Mollem National Park,1992,0,0,28,245880522.5,221.4845788,0,0.0018,0.0018,0.0027,0.018,0.0207,0.0207,0.0342,0.036,0.036,0.041890588,0.045490588,0.047290588,0.080068235,0.080068235,0.230368235,0.317668235,0.334768235,0.343768235,0.348698823,3076.752996,1892.122195,1979.369228,2065.153625,2396.076258,3151.422933,3016.103185,3520.297213,2377.568243,3019.021916,3234.318786,3015.439053,1885.129329,2447.241214,2818.295938,1927.990869,2431.024645,2297.719866,2464.727701,3653.901171,3086.214431,0.195043091,0.223057068,0.196644364,0.224304462,0.240594052,0.211293575,0.218965004,0.197763358,0.210928862,0.17707252,0.173859957,0.188422394,0.180060398,0.169793163,0.178343346,0.186090021,0.19053854,0.184110738,0.199646402,0.200367079,0.178270948,12.25629516,205.3133963,283.1823573,8.161232,11097.02628,WG,74.25662,15.33829,166.2736486,209.5548417
84,Mookambika WLS,1974,0,0,46,555807145.5,425.5044035,0.086555294,0.102741176,0.185664705,0.200964705,0.551191764,0.644791764,0.82793294,0.939289411,1.096044705,1.105944705,1.430728234,1.703241175,2.153664704,2.453354116,2.560577645,2.732477645,3.310323527,3.993201174,4.305218821,4.811915292,3634.50297,3121.585744,3165.288569,2537.653295,3370.989648,4032.338654,3525.654167,4240.810832,3486.6173,4177.740884,4379.977513,3983.500963,3516.451998,3492.630176,4034.423659,3295.570037,2697.120562,3091.501563,3364.046311,4097.076921,4152.14219,0.631634074,0.585473745,0.595619967,0.601935324,0.628405305,0.584604473,0.592804879,0.619254542,0.603831053,0.603461791,0.581598374,0.521099036,0.533966665,0.526325729,0.600280421,0.611304347,0.635418811,0.662194196,0.649643315,0.665226886,0.668220475,11.47190473,185.5097261,311.0863465,3.473220136,51182.51514,WG,74.85117,13.80647,219.8444444,190.2979292
85,Mouling National Park,1986,0,0,34,485918291.7,485.0113094,0.1107,0.1404,0.1404,0.1422,0.1449,0.1449,0.1449,0.162,0.162,0.2124,0.2214,0.232785882,0.257985882,0.290385882,0.296685882,0.296685882,0.331785882,0.341685882,0.347085882,0.353385882,2555.11055,2553.691982,2219.986397,2212.614929,2462.239848,2159.647842,2298.569813,2367.325385,2237.0858,1987.394484,2261.436901,1820.640887,2359.772581,1954.422522,1969.073582,2025.775435,2013.327635,2102.126629,1626.966414,2130.64176,1855.521129,0.013107949,0.015086219,0.0153393,0.014861069,0.016662735,0.016323245,0.017239139,0.01791437,0.018125247,0.017625471,0.018197842,0.018143296,0.017825988,0.019765464,0.019019283,0.019287124,0.021232326,0.01985662,0.021770605,0.021298211,0.017821312,30.62867857,177.6228984,1725.358119,0.238812655,0,SGNEBF,94.85443,28.58844,1207.799065,341.6261745
86,Mudumalai National Park/Tiger Reserve,1942,1,2007,78,331994855.7,262.9150165,0.0027,0.018,0.0207,0.0243,0.0288,0.036,0.044184706,0.046884706,0.049584706,0.049584706,0.059484706,0.077128235,0.085228235,0.097828235,0.097828235,0.097828235,0.152865882,0.181994117,0.197294117,0.211694117,1531.034639,1511.193382,1374.089056,1341.022377,1705.857813,1984.189971,1849.148088,1884.612323,1521.376187,1563.324868,2069.656229,1805.912993,1580.292715,1277.638717,1309.406955,1412.050945,951.6852373,1510.259452,1582.740231,1603.218432,1561.795802,1.016584683,1.043336819,1.112752762,0.929586677,1.163690785,1.120700849,1.003039956,0.954867403,0.943733519,0.914604533,1.154045702,1.013162338,1.173515213,1.129807806,1.127975705,0.987285302,0.901643104,0.85890734,0.93647897,0.92449816,0.71115578,6.498458424,176.9074758,955.0198249,10.18638,18434.95807,WG,76.53249,11.60611,270.6379747,164.3704336
87,Mukundra Tiger Reserve,1955,1,2013,65,283747651.5,0.0918,0.0027,0.0027,0.0027,0.0108,0.0108,0.0117,0.0126,0.0153,0.0171,0.0198,0.0459,0.0459,0.0459,0.0459,0.0459,0.0459,0.0459,0.0459,0.0459,0.0459,700.4658679,757.6021175,399.2043609,671.770459,784.1843064,799.0913545,968.825665,739.8261435,656.4721209,547.5798324,840.2481934,960.0351877,786.3689251,1252.113343,798.8696679,681.20793,1232.848406,645.388984,975.1410835,1311.266763,803.8370092,0.820892797,0.827438554,0.826023755,0.861262369,0.827484345,0.91542768,0.936903329,0.912204089,0.935140914,0.917214867,0.940127824,0.90891287,1.030954545,0.885221591,0.977659734,0.881080756,0.872307114,0.85755191,0.885148438,0.893874417,0.867839652,5.377746681,155.7611734,414.4306387,3.131883442,37120.27599,CEEG,75.776,24.938,81.17260274,11.42437787
88,Mukurthi National Park,1990,0,0,30,91093210.52,40.19218941,0,0,0,0.0243,0.0252,0.0252,0.775217647,0.775217647,0.777917647,0.777917647,0.814817647,0.824717647,0.829217647,0.831017647,0.832817647,0.832817647,0.892927059,1.025452941,3.044968235,3.100965882,1856.036462,1989.109347,1771.095719,1687.627866,2136.182965,2454.443373,2321.027024,2520.877458,1878.971865,1950.569396,2640.47231,2367.165238,1969.61334,1797.615441,1817.534283,1808.438686,1280.706205,1846.624576,2170.056326,1964.580176,1962.086596,0.55983073,0.550592928,0.565867887,0.547364375,0.473212606,0.558799427,0.661127191,0.471060651,0.49378803,0.472493142,0.468028453,0.433802484,0.437687104,0.47469592,0.471502591,0.546158084,0.511455315,0.615983129,0.632026352,0.694155047,0.747849958,17.62475933,187.9297587,2188.991411,10.18638,13199.19036,WG,76.50757,11.28488,218.1495327,134.4861718
89,Nagarahole (Rajiv Gandhi) National Park/Tiger Reserve,1988,1,2007,32,679763472.6,590.26092,0.214312941,0.215212941,0.440212941,0.586852941,0.600352941,0.929664706,1.066161177,1.387461177,1.479247059,1.486447059,1.572847059,1.664647059,1.953617647,2.004017647,2.004017647,2.021117647,2.030117647,2.030117647,2.030117647,2.030117647,1741.278838,1727.91148,1525.94189,1656.496938,1929.213455,2318.441102,1947.845506,2306.941782,1876.131401,1955.554236,2342.626318,1941.781738,1780.920343,1439.845902,1558.820696,1480.814143,1026.42576,1689.01138,1823.632618,1649.992919,1724.072402,0.398641073,0.461466973,0.428869232,0.441303435,0.38209849,0.425597678,0.429317164,0.408514013,0.421180366,0.405868833,0.461208816,0.363935024,0.391618582,0.404624104,0.464871729,0.432413327,0.398997036,0.418846821,0.457296527,0.487760925,0.399839744,3.113068973,160.1459163,812.9783137,11.4390237,77904.64097,WG,76.15371,12.06095,202.4638037,225.9054631
90,Nagarjuna Sagar-Srisailam WLS PLIT,1978,1,2007,42,3339302881,1105.473561,0.1134,0.116216471,0.232316471,0.269216471,0.314216471,0.323216471,0.352016471,0.378098824,0.441808236,0.448108236,0.465208236,0.542964707,0.599664707,0.674364707,0.674364707,0.674364707,0.674364707,0.674364707,0.678864707,0.678864707,1203.816763,960.9642192,912.8261817,731.2374138,810.6833757,1178.960135,909.6274824,1342.270354,922.5103194,863.0534953,1439.46521,793.8306013,960.1951256,1039.451328,773.0365875,790.5109385,820.4006107,953.9086121,771.1212369,969.0888918,1383.359656,0.311013189,0.311506028,0.310688532,0.320764644,0.321770391,0.307839683,0.32117508,0.32244398,0.328347543,0.329044061,0.314223513,0.311350325,0.297457694,0.33246486,0.333139252,0.362205506,0.330428148,0.343778291,0.345342439,0.351287294,0.366943034,8.943370661,179.5633999,485.2233272,3.342474011,159412.6303,CEEG,78.863,15.897,237.2927788,85.74217164
91,Nambor WLS,2000,0,0,20,16626445.86,16.60831765,9.00E-04,0.0018,0.0018,0.0018,0.0063,0.007288,0.007288,0.019160941,0.027260941,0.027260941,0.031093882,0.037549176,0.037549176,0.037549176,0.037549176,0.037549176,0.037549176,0.037549176,0.037549176,0.039402117,2691.604465,2315.624025,2164.826273,2454.098495,2848.476848,2298.99116,1902.73079,2646.109149,2343.949538,2068.074609,2733.725348,2272.879168,2431.863685,2257.695439,2257.395398,2157.193839,2487.119991,2562.712508,2439.126482,2282.662986,2207.499751,0.781893962,0.791456564,0.750163471,0.773887364,0.779380335,0.899255166,0.912807414,0.849858382,0.891012798,0.912592324,0.958932203,0.919380618,0.94197923,0.945858054,0.860053794,0.828273052,0.894567022,0.856764432,0.868583245,0.884276665,0.841409806,1.935049212,161.9249149,133.2607449,2.174298,5899.666653,SGNEBF,93.86419,26.35908,71.54545455,182.0945974
92,Nambor-Doigrung WLS,2003,0,0,17,49382747.63,47.01415765,0.040288235,0.046563529,0.046563529,0.069049411,0.083414117,0.105765882,0.110234117,0.186723529,0.247807058,0.311837646,0.350767058,0.558088234,0.579003528,0.61631294,0.619379999,0.634679999,0.64781294,0.65177294,0.65177294,0.660959999,2715.067823,2283.602962,2147.564109,2464.554462,2799.480479,2297.518641,1914.277385,2635.807005,2315.353474,2042.007246,2724.160486,2206.780414,2421.695972,2217.686368,2205.663565,2185.738919,2506.491348,2532.534033,2484.562975,2311.560548,2238.244087,1.298273676,1.403442116,1.317864118,1.374442032,1.347039586,1.379421201,1.413513122,1.383904691,1.397072956,1.486469762,1.500527106,1.502654764,1.63284786,1.636909032,1.547919388,1.550271591,1.542471133,1.674786212,1.670220448,1.639452599,1.752125048,1.395284855,158.9577924,120.4257977,2.174298,10887.84676,SGNEBF,93.85248,26.42361,102.1285714,155.5309512
93,Namdapha National Park/Tiger Reserve,1983,1,1987,37,1958286074,1849.901096,0.386163529,0.975663529,1.322452941,2.042858823,2.500958823,2.977394117,3.607224705,4.171524705,4.596547058,4.969549411,5.506849411,6.495391764,7.235682352,8.455807058,9.111727058,11.14121294,12.70861412,13.46717294,14.15027294,14.79887294,2928.914269,2970.700097,2873.890797,2660.010273,3175.384855,2892.150249,2951.324348,2897.376192,2643.42565,2397.94774,3159.77348,2506.994764,3002.761764,2921.808577,2368.348556,2805.927257,3062.522589,2846.831771,2370.548619,2595.920008,2516.764677,0.046920506,0.042869704,0.041709342,0.042721941,0.046136136,0.042745659,0.043066297,0.045013027,0.043682831,0.043108116,0.04347828,0.044261649,0.044992283,0.047038535,0.047865456,0.053560433,0.054864544,0.057633748,0.057063162,0.057821273,0.060595876,21.72216819,189.0093174,1496.100558,0.2754163,94605.32285,SGNEBF,96.56915,27.47524,792.2902098,314.6907061
94,Nandhaur WLS,2012,0,0,8,255875917.2,246.8456118,0.012592941,0.014392941,0.034192941,0.414324706,0.657109412,0.715609412,0.741709412,0.919810588,1.0512,1.245056471,1.326582353,1.476335294,1.478135294,1.478135294,1.478135294,1.478135294,1.478135294,1.478135294,1.484435294,1.484435294,1572.222251,977.0580834,1090.882347,1450.808281,1185.8813,1232.395001,1196.161192,1356.357646,1426.257262,1383.716685,1454.380514,2047.948626,1391.09856,2087.312551,1325.291667,1362.59361,1579.254761,1674.39928,1609.314463,1445.005883,1498.028712,0.41404086,0.458617397,0.473972822,0.457007152,0.409462286,0.453250981,0.456046129,0.468165517,0.498974233,0.549292718,0.563078977,0.62049687,0.912531894,0.711163886,0.760132628,0.716478199,0.649436361,0.663179965,0.65758707,0.658040536,0.692162702,16.96403338,179.4571296,627.7298052,3.966976793,17369.63572,CEEG,79.86914,29.11557,240.120944,297.6302187
95,Nawegaon-Nagzira Tiger Reserve,1975,1,2013,45,826536617.8,484.1077129,0.166881176,0.657381176,0.919464705,4.00775294,4.179571764,4.739375293,4.92893294,5.137228234,5.364928234,5.823028234,6.647375293,6.893018822,7.065818822,7.130639998,7.130639998,7.130639998,7.130639998,7.133339998,7.133339998,7.133339998,1038.653155,1453.818078,1111.205249,1560.153687,1142.681009,1541.42489,1300.348422,1511.937237,1352.091077,1255.533048,1786.403474,1488.744912,1523.404879,1850.461047,1209.143053,1265.232306,1384.310484,1215.634684,1297.239402,1492.366357,1621.879896,0.690623647,0.670581695,0.665359053,0.676292317,0.704271233,0.679244326,0.721572537,0.748783768,0.774962841,0.702106394,0.703466348,0.68085137,0.756149397,0.758875461,0.741302727,0.682888441,0.717303395,0.734572267,0.749709782,0.77367672,0.784053758,4.98831057,179.3493252,343.8862109,5.629134879,13757.97117,CEEG,80.06218,21.14271,220.7567829,146.9897695
96,Nellai WLS,2015,0,0,5,339429736.4,224.0949953,0.252416471,0.585931765,0.656756471,0.72336,0.822374118,0.931662353,0.992862353,1.103569412,1.131469412,1.131469412,1.660754118,1.939747059,1.950547059,2.02956,2.04126,2.145977647,2.162177647,2.227877647,2.264064706,2.312996471,2043.038499,2047.712319,1867.753647,1926.502012,2321.548188,2184.508988,2716.430719,2492.099683,2276.25709,2019.162974,2634.229967,2137.853502,2087.387881,2017.778193,1805.245865,2295.627221,1279.173628,1960.810023,2251.642483,2143.792495,2135.434143,1.607504562,1.50972976,1.545922479,1.51415462,1.555057113,1.55313292,1.634312941,1.54489387,1.480194927,1.513861077,1.705727421,1.456316455,1.138092699,1.295206616,1.262717578,1.395864162,1.409394968,1.486568856,1.458892563,1.468562809,1.635923584,22.04571007,141.0684717,673.3074946,10.34830806,1192.367876,WG,77.28286,9.14219,384.1840194,162.8826196
97,Neora Valley National Park,1986,0,0,34,174876547.9,162.8037635,0.0243,0.045,0.0459,0.084649412,0.094549412,0.137548236,0.207112942,0.246712942,0.330384707,0.363684707,0.423984707,0.470735295,0.486935295,0.489635295,0.489635295,0.567935295,0.569735295,0.572435295,0.577835295,0.587735295,2308.414763,2094.083711,1905.331843,2025.892438,2081.766001,1962.251023,1955.777471,2163.926274,2152.999537,2670.787778,2182.817186,2042.319295,2167.102964,1951.626963,2032.789628,2077.619727,2036.356525,2152.363046,1654.560531,1863.201634,2159.562602,0.257074245,0.251675559,0.252700274,0.271746463,0.257226966,0.248559894,0.259014489,0.251101231,0.250665087,0.282253014,0.251142616,0.258331901,0.274358232,0.301383076,0.29182013,0.275230039,0.293263381,0.301298696,0.317030515,0.321001687,0.308327612,24.38078177,171.6721047,1760.806608,2.657252167,4499.662732,SGNEBF,88.75045,27.06585,513.907489,276.7403194
98,Netravali WLS,1999,0,0,21,170972321.8,161.9134941,0.0018,0.0018,0.002008,0.027208,0.065908,0.080308,0.106408,0.173008,0.202708,0.202708,0.217108,0.235108,0.236008,0.237808,0.237808,0.245908,0.263008,0.289478588,0.294878588,0.299378588,3329.921892,2078.460175,2144.023072,2296.379298,2638.009872,3259.693489,3191.001503,3625.735231,2679.780705,3204.416824,3573.283358,3401.566367,2034.163248,2630.676123,3143.035674,2320.879553,2768.163672,2571.741427,2804.520887,3979.642537,3451.418594,0.174273792,0.164915785,0.15666538,0.168542461,0.180801415,0.157640056,0.163928312,0.175581669,0.169262117,0.165393101,0.169045514,0.162521899,0.165448394,0.161676895,0.165577897,0.158087516,0.150703169,0.149675154,0.157025882,0.158279103,0.149649226,13.60811017,200.6652268,343.2031009,8.159821847,6734.38538,WG,74.24871,15.10661,215.6937799,239.1863606
99,Neyyar WLS,1958,0,0,62,104090183.2,97.33609412,0.083022353,0.092022353,0.175076471,0.175076471,0.214944706,0.565831765,0.799196471,0.859528236,0.870370589,0.872170589,0.88368353,0.984755295,1.117055295,1.155021177,1.449395295,1.452617648,1.462245883,1.465845883,1.465845883,1.483736471,1812.070536,1857.400168,1727.872367,1719.843566,2039.466291,2036.431663,2461.134543,2119.597448,2075.230572,1853.803578,2097.836207,2005.346712,1750.014837,1723.447186,1643.040724,2257.739487,1171.559001,1697.676163,1871.213325,2064.428381,1860.993483,0.831163879,1.07146675,0.801768778,1.163872636,1.684446906,1.17982783,1.078972743,1.132297683,0.988873778,0.781474599,1.114543307,0.847557816,0.743779885,0.708270412,0.664478534,0.704049834,0.922059882,0.915944029,0.999716776,1.01791978,1.029419085,16.42829243,195.1945711,462.3475106,13.32348,0,WG,77.22639,8.55523,432.5371901,216.846201
100,Ngengpui WLS,1991,0,0,29,52917539.59,52.5141,0.007475294,0.012052941,0.041752941,0.071209412,0.079909412,0.085327059,0.085327059,0.109627059,0.143827059,0.144727059,0.160027059,0.183349412,0.197710588,0.206954117,0.230798823,0.288585882,0.375430588,0.391365882,0.425230588,0.465748235,2759.874893,2825.892991,2753.061436,2523.260857,2924.320597,2187.635545,2402.281564,3175.616783,1994.958369,2494.34582,3212.525422,2870.132003,2609.484168,2565.393671,2247.120341,3362.496013,2753.268707,3345.135021,2386.32268,2396.140691,2687.520648,0.119668334,0.135836741,0.13339284,0.154908773,0.12187323,0.141704321,0.148907605,0.128320408,0.174265571,0.200529091,0.198226757,0.209245646,0.278436804,0.204191739,0.23899199,0.199599058,0.195167263,0.193221997,0.219595726,0.222470635,0.197139786,15.80881868,155.6575607,272.2028006,3.107736,0,SGNEBF,92.7794,22.4205,314.1818182,266.9824914
101,Noradehi WLS,1984,0,0,36,1359617345,78.74222471,0.0171,0.028612941,0.029512941,0.037150588,0.102010588,0.369310588,0.409810588,0.458410588,0.715803529,0.715803529,0.762603529,0.875901176,0.880401176,0.888501176,0.888501176,0.888501176,0.888501176,0.888501176,0.888501176,0.888501176,1062.924121,1274.709034,1123.610954,1567.075872,1139.053652,1737.475776,1273.402272,1133.38317,1347.382074,1199.954196,1382.395121,1421.575991,1330.313021,2044.273091,1132.311297,988.6179985,1838.099742,1147.647183,1268.512486,1678.402025,1386.857606,0.640032952,0.649619309,0.641056856,0.665711264,0.680514769,0.667657344,0.683134502,0.693591763,0.6818407,0.731154365,0.710794952,0.681168381,0.629982199,0.651882736,0.651024926,0.663063464,0.639701662,0.676945389,0.690454482,0.704573502,0.785634914,2.515590648,166.5303196,449.1412631,3.442919,138934.4636,CEEG,79.24069,23.36077,187.3482298,113.0238432
102,North Karbi Anglong WLS,2000,0,0,20,195710097,195.3049518,0.322609412,0.465247059,0.631747059,0.966017647,1.151336471,1.442322353,2.268204706,2.766081177,3.399924706,3.516924706,3.6585,3.902431765,4.188038824,4.585210589,5.03508706,5.689545884,6.754641178,7.595872943,8.236563531,9.205718825,2281.365322,1890.836079,1917.724081,2061.363221,2512.774385,1929.98196,1707.837227,2312.053996,1935.149337,1825.488006,2447.169126,1825.116181,2202.314566,1964.328203,1814.082816,1935.673334,2210.696287,2215.351048,1950.578651,1981.227693,1983.74966,0.080862893,0.089102928,0.088098772,0.091512365,0.082226517,0.093974821,0.099158194,0.086288173,0.105052288,0.099734315,0.069911228,0.064850469,0.073741382,0.06796124,0.092262489,0.124768167,0.112021674,0.108516529,0.125865274,0.135387006,0.106030775,10.74953441,186.9736952,591.1429705,2.174298,20300.24463,SGNEBF,93.32583,26.45035,205.9367589,254.4002721
103,Nugu WLS,1974,0,0,46,31586166.62,0.865337647,0,0,0,9.00E-04,9.00E-04,0.002576471,0.002576471,0.003476471,0.003476471,0.003476471,0.005276471,0.005276471,0.007976471,0.008876471,0.008876471,0.008876471,0.008876471,0.008876471,0.008876471,0.008876471,1325.033248,1320.626019,1164.897336,1171.749736,1432.378489,1701.238938,1474.921587,1566.591758,1356.507098,1343.232998,1751.242962,1380.481273,1304.420137,910.4492798,1039.86077,1088.245041,707.8332186,1190.510754,1178.923217,1181.030461,1200.732277,0.993897739,0.945781097,0.903998927,1.000839238,1.032884324,1.097188169,0.992849045,0.997582109,1.005977282,0.925925754,1.052742652,0.897829028,0.919977219,0.974643695,0.975087267,1.084992707,1.12066445,1.307209026,1.288522336,1.437998719,1.617473563,3.596953706,172.0790499,744.1262212,10.18638,3661.843742,WG,76.45041,11.93084,118.1315789,31.30555556
104,Orang National Park,1999,1,2016,21,65188913.07,13.32388588,0.0036,0.0036,0.0045,0.093681176,0.097281176,0.113502352,0.164745881,0.245943528,0.258543528,0.325521175,0.357021175,0.401121175,0.401121175,0.401121175,0.407421175,0.41273294,0.41273294,0.41633294,0.41633294,0.41633294,2597.639333,1981.862593,2207.00414,2205.080811,2677.503933,2059.388735,1699.256698,2230.920495,2036.991523,1946.682482,2717.750018,1917.756033,2533.682458,2040.330217,1990.204961,2233.697386,1781.463424,2233.954087,1729.372809,1883.117927,1841.801722,4.706191118,4.353067725,4.216780125,4.435209108,4.56806695,4.75677351,5.007105809,4.703378318,4.971726735,5.019565515,4.979975642,4.479095624,4.379236013,4.713438289,4.30729541,5.796168453,5.300358708,5.64574719,5.459590776,5.686623438,5.667092817,0.94707446,154.9960161,64.66140922,5.017901,0,SGNEBF,92.323,26.555,176.5121951,50.34340498
105,Pachmarhi WLS/Tiger Reserve,1977,0,0,43,375334296.5,160.7589035,0.0036,0.0072,0.0117,0.0117,0.0117,0.0171,0.0171,0.0234,0.0522,0.0531,0.0549,0.0576,0.0855,0.1071,0.1071,0.1071,0.1071,0.1071,0.1071,0.1071,1566.602891,1417.050432,1632.859165,2340.873133,1487.889131,2272.558677,2142.206779,2013.152465,1709.689748,2127.999851,2236.531467,2205.116171,2103.289002,2827.707459,1661.579191,1582.654393,2467.468084,1672.601811,1797.020628,2728.116668,2086.00846,0.565190535,0.550797001,0.569739339,0.567369995,0.595402494,0.578551244,0.602390463,0.616749344,0.564058868,0.636153217,0.606272442,0.581665091,0.574722504,0.557790933,0.582458681,0.627054872,0.599545174,0.601082558,0.642582853,0.67003173,0.64609608,8.542130819,167.9519315,595.467014,2.593576,44922.8716,CEEG,78.40929,22.54374,208.7224576,130.3863929
106,Painganga WLS,1986,0,0,34,452009038.6,12.41936824,0.0018,0.0018,0.0018,0.0018,0.0018,0.0018,0.0018,0.0018,0.0018,0.0018,0.0027,0.0036,0.0063,0.0063,0.0063,0.0063,0.0063,0.0063,0.0063,0.0063,1122.258833,1164.353369,1104.43155,1098.13246,844.4251073,1457.204976,1430.381126,1266.844977,1030.172805,901.7957178,1525.436738,1099.961322,1260.707304,1422.481021,931.0579815,969.6149835,1289.083076,1075.334957,1196.008365,1188.708347,1339.582781,0.921573502,0.919933222,0.950658865,0.949104856,0.943407465,0.99584197,1.026704859,1.06675545,1.064710016,1.042900958,1.050814835,1.037898341,0.984669677,0.985238155,0.973793303,0.961787981,0.946923941,0.950665831,0.963125743,0.980943745,0.978655777,3.894898337,163.2731686,385.9097038,5.009389779,74507.27716,CEEG,78.03845,19.58393,127.2918149,89.81249118
107,Pakke/Pakhui WLS/Tiger Reserve,1977,1,2012,43,821912135.7,808.66626,0.0774,0.1188,0.3807,2.260701176,2.482521176,2.561629411,3.319831764,3.446382352,3.626382352,3.813998823,3.960698823,4.864461176,4.881631764,4.934357646,5.676719999,5.851415293,6.023957646,6.137385881,6.17069294,6.620339999,2259.412523,1750.502001,1782.057388,2013.013968,2314.375859,1781.335835,1595.224449,1872.217445,1710.438575,1742.162398,1978.086033,1576.649896,2017.083691,1859.021371,1796.717393,2093.495971,1734.101977,2049.772206,1678.826652,1819.264458,1814.42988,0.024985611,0.026258663,0.026600285,0.029457753,0.031168242,0.032370225,0.034936288,0.033508542,0.036089674,0.036828085,0.036275308,0.036216894,0.03736129,0.038343928,0.038411201,0.033596865,0.035496313,0.036337307,0.040475913,0.041547225,0.038801946,20.64440459,184.0399965,697.2983158,0.588912549,15351.94616,SGNEBF,92.85047,27.09996,739.107507,296.5332306
108,Palamau WLS/Tiger Reserve,1976,1,2012,44,972975546.2,669.9055518,0.1017,0.1566,0.1872,0.240917647,0.299276471,0.391976471,0.505969412,0.619514118,0.666847059,0.811817647,0.835217647,0.936748235,0.961948235,1.002995294,1.002995294,1.031795294,1.078595294,1.155995294,1.175795294,1.193795294,940.4326781,1135.581101,961.8173491,1192.104757,1050.589439,919.8771367,1214.803139,1250.216083,1326.747383,953.0748932,854.4418568,1309.81844,1226.689834,1178.569593,976.8676485,1172.293383,1466.725507,1194.093384,1148.637576,1127.352592,1533.313163,0.423192866,0.43556013,0.445812711,0.466427694,0.473589489,0.48374475,0.511481284,0.500347904,0.522060391,0.532774255,0.534489169,0.535228818,0.593252507,0.604800669,0.59845316,0.608985463,0.628056088,0.651720615,0.665702052,0.679891786,0.697437021,7.619733873,179.8499453,522.2912998,3.449536327,79948.65129,CEEG,84.13203,23.68086,236.3177041,183.8263667
109,Pambadum Shola National Park,2003,0,0,17,13055867.62,12.75341294,0.002795294,0.002795294,0.022048235,0.031595294,0.047795294,0.075328235,0.108472941,0.126564706,0.126564706,0.126564706,0.167061177,0.220764706,0.399575294,0.419512941,0.469154117,0.476354117,0.484715293,0.484715293,0.484715293,0.485008293,1918.379167,2018.358882,1502.723781,1654.074941,1889.350825,2277.371295,2282.001366,2324.781579,2021.207021,1898.398534,2634.194887,2255.295203,1977.430105,1512.781089,1716.320308,2005.298628,1080.601124,1864.497753,1969.295751,1760.534481,1993.123282,0.41329751,0.595433773,0.478897173,0.531594891,0.340422257,0.367978704,0.386016781,0.326716606,0.379817442,0.426784169,0.327882319,0.3172437,0.367989943,0.34398277,0.382225004,0.389684818,0.387975561,0.337937334,0.370600538,0.368209732,0.306030985,19.07461582,220.8901561,2020.343483,9.755681,1998.826848,WG,77.25938,10.14316,139.1176471,297.1205036
110,Pamed Wild Buffalo WLS,1985,0,0,35,451702141.8,303.1885341,0.021448235,0.075448235,0.220348235,0.34649647,0.37979647,0.43199647,0.510469411,0.711169411,0.88031294,0.88481294,1.325191764,1.386705882,1.412805882,1.460505882,1.466805882,1.488405882,1.504605882,1.512705882,1.522605882,1.554105882,1509.639334,1404.242237,1114.211551,1541.817887,1369.858514,1445.331368,1761.123807,1692.419204,1706.610551,1235.111362,2136.565521,1186.549649,1838.466674,1625.383134,1489.986302,1394.966264,1561.369509,1465.421815,1557.106119,1582.257193,1863.815893,0.149168658,0.140428748,0.138638018,0.153452942,0.155318935,0.17182242,0.171729783,0.167548478,0.170866609,0.167322338,0.165827735,0.170691097,0.17413598,0.173737114,0.177985725,0.175616416,0.184284845,0.1879953,0.186170345,0.187065815,0.193387456,4.81833869,158.9909234,216.9632281,0.994579651,40371.95905,CEEG,80.85978,18.31695,270.1261261,133.6050619
111,Pangolakha WLS,2002,0,0,18,120997012.9,70.31866588,0.0099,0.0117,0.0135,0.0162,0.0216,0.0216,0.0315,0.0333,0.0513,0.1035,0.1161,0.1206,0.1224,0.1224,0.1224,0.1326,0.1506,0.1893,0.5052,0.5169,1496.913311,1408.149043,1296.550834,1314.304919,1348.458085,1328.230084,1301.346521,1473.376096,1303.799827,1735.910125,1497.922854,1344.342229,1418.868455,1299.896711,1398.726027,1356.417363,1337.345509,1390.910257,1101.994893,1149.210131,1388.245825,0.293260663,0.533343025,0.473580635,0.458080705,0.299329788,0.417306814,0.43297498,0.359740426,0.525824124,0.695115114,0.630027371,0.611570549,0.631733121,0.651030981,0.614969116,0.4092657,0.370139054,0.336315566,0.409403755,0.376633793,0.316600679,24.70442487,207.7396661,3352.53253,2.086224,8911.488532,SGNEBF,88.83125,27.26853,401.1419355,196.9580364
112,Panna (Gangau) WLS,1981,1,2007,39,601572290.5,74.40183176,0.0018,0.0045,0.0045,0.0045,0.0216,0.0243,0.0261,0.027,0.027,0.027,0.027,0.0297,0.0297,0.0297,0.0297,0.0297,0.0297,0.0297,0.0297,0.0297,990.9050745,1157.065559,992.0763764,1221.672542,965.8040344,1201.305895,1076.791025,767.2668663,1169.087344,748.0813002,914.4835319,1219.054843,1319.839599,1702.637402,858.7300083,814.5085614,1428.809125,921.3719505,1119.137204,1525.314209,1014.11364,0.620234973,0.676947294,0.701075968,0.725936297,0.655471309,0.723860896,0.719051209,0.694847025,0.733616455,0.737548322,0.744382785,0.776595846,0.780978533,0.747226837,0.774443986,0.720111487,0.64043116,0.687473541,0.67067923,0.70708137,0.773928001,4.905513358,174.5885159,355.9158912,2.565563972,26537.74345,CEEG,79.95041,24.62274,168.4633205,102.4673463
113,Panpatha WLS,1983,0,0,37,177697849.5,55.85904,9.00E-04,9.00E-04,0.0018,0.0027,0.0045,0.007584706,0.007584706,0.010348235,0.011248235,0.011248235,0.014848235,0.015748235,0.016648235,0.016648235,0.016648235,0.016648235,0.016648235,0.016648235,0.016648235,0.016648235,921.3103472,1228.184142,1075.511487,1401.760717,1096.201044,1331.601316,1184.222771,1003.175732,1245.691795,825.9419604,1060.419863,1384.701958,1433.025987,1644.484219,1031.478777,824.7315509,1496.485046,974.9675652,1153.834288,1460.339451,1147.33886,0.627192513,0.631233722,0.619293899,0.628756806,0.613356292,0.619541398,0.629467512,0.613074718,0.634301789,0.680071495,0.723385176,0.730284339,0.693667928,0.711084025,0.70184108,0.738752202,0.727410285,0.737764749,0.764149516,0.771894971,0.794415962,2.287740044,176.7100784,416.3029225,2.402131508,17204.14009,CEEG,81.05305,23.86279,170.2589286,121.3200601
114,Papikonda National Park,2008,0,0,12,960921116.2,903.3328306,0.0531,0.129416471,0.179816471,0.210416471,0.402052942,0.44286706,0.521142354,0.593092942,0.735356471,0.831197647,0.88968,1.063034118,1.184329412,1.365988236,1.528415295,1.64142706,1.727160001,1.902444707,2.109670589,2.307437648,1582.743432,1508.515142,1154.212972,1524.461865,1396.66176,1625.974319,1780.7673,1784.951265,1595.41544,1196.993881,2226.007731,1231.228116,1951.743052,1727.865757,1475.666375,1374.040883,1553.283098,1440.375232,1694.315707,1629.853988,1885.61579,0.157606991,0.168967603,0.172241026,0.173983818,0.161402452,0.164451292,0.172064502,0.156862917,0.170475712,0.166701854,0.167780942,0.161863783,0.165703136,0.168197679,0.184420867,0.187149945,0.178494067,0.17881865,0.180384368,0.186804311,0.187911264,14.69833113,186.8311628,347.9240715,2.706628,42962.75071,CEEG,81.46467,17.47955,348.2681895,198.5246194
115,Parambikulam WLS/Tiger Reserve,1973,1,2009,47,299129611.1,275.8893388,0.0315,0.046344706,0.140191765,0.167191765,0.168991765,0.171691765,0.171691765,0.199591765,0.200491765,0.200491765,0.221191765,0.518735294,0.530435294,0.530435294,0.532235294,0.532235294,0.564635294,0.590735294,0.615935294,0.615935294,2303.542693,2366.419253,1858.933078,1967.609116,2374.548011,2586.987507,2662.584568,3014.654449,2421.461344,2132.869162,2904.321111,2594.03758,2173.03224,2002.497748,2034.612365,2098.928511,1433.740715,2352.266498,2711.402402,2304.646011,2371.954815,0.634302836,0.630015019,0.584020204,0.58005555,0.619050591,0.545521374,0.614492376,0.619382568,0.608403405,0.573756199,0.555494606,0.496891607,0.658845197,0.763929151,0.71738976,0.880521589,0.674602887,0.734420701,0.698702087,0.738950847,0.862036647,10.85774625,172.16885,699.6994921,18.1774,26209.03867,WG,76.74997,10.42162,196.6723164,284.0623315
116,Peechi-Vazhani WLS,1958,0,0,62,149465152.5,139.1229565,0,0.001012941,0.027112941,0.036112941,0.048550588,0.053950588,0.083650588,0.104971764,0.109471764,0.109471764,0.113971764,0.197519999,0.217955293,0.314770587,0.348970587,0.368770587,0.381550587,0.418679999,0.439224705,0.455424705,2678.055129,2759.789832,2282.543282,2305.408198,2907.903654,2955.557502,3269.108709,3675.785945,2670.315572,2676.582904,3459.910223,3393.071853,2595.376985,2850.928674,2625.640131,2453.970956,1759.023684,3011.457994,3533.347802,2907.716862,2739.188834,1.826250173,1.879822324,1.950870693,1.574423543,2.026584284,1.873550896,1.987261413,1.750015429,1.811200441,1.635289196,1.84355879,1.750995435,1.183821063,1.464250144,1.347424472,1.606856693,1.612590676,1.937935258,1.990199298,2.010399187,2.082081668,12.23689461,181.4401874,258.5277176,18.1774,2756.718524,WG,76.38465,10.5514,351.9388889,251.10744
117,Pench (Indira Priyadarsini) National Park/Tiger Reserve,1975,1,2007,45,742084161.8,294.5377659,9.00E-04,0.0063,0.0117,0.0144,0.0189,0.0261,0.027,0.0333,0.0333,0.0333,0.0342,0.0855,0.0882,0.1143,0.1197,0.1197,0.1197,0.1197,0.1197,0.1584,1056.372386,1408.428666,1128.323469,1602.905223,1161.124397,1680.449611,1477.459357,1537.047736,1387.272399,1594.507126,1888.26558,1514.3972,1548.421567,2095.74999,1274.824305,1385.727214,1484.943439,1335.978048,1407.436664,1630.713262,1640.327653,0.494756178,0.51485612,0.514845431,0.520777672,0.510153451,0.517820561,0.551944495,0.531991079,0.539913861,0.537211518,0.517633885,0.529306912,0.511922584,0.525427638,0.50467055,0.478083703,0.463531514,0.471821852,0.487281669,0.491214507,0.524538146,3.397294715,155.0061624,488.4573795,8.369356,61095.45591,CEEG,79.27733,21.71134,159.6631016,130.8776803
118,Peppara WLS,1983,0,0,37,93311935.97,83.76370235,0.074632941,0.121432941,0.303469412,0.379916471,0.414116471,0.592108236,0.836844707,0.888472942,0.903218824,0.903218824,1.022018824,1.105718824,1.250618824,1.344218824,1.431444706,1.442244706,1.477048235,1.609443529,1.620243529,1.621747058,1956.04615,1983.464665,1846.693015,1828.639423,2217.121996,2156.761968,2599.537823,2365.39511,2204.332353,1968.422911,2286.01478,2118.919358,1860.045808,1850.976695,1693.186772,2326.703871,1271.874506,1810.600672,2083.162512,2212.883595,2049.541394,0.668020095,0.964968746,0.724095843,0.730275732,1.198938799,0.851487994,0.931078031,0.678294994,0.542280577,0.570926896,1.032471192,0.657611788,0.482394811,0.451280032,0.517600847,0.521081308,0.708138737,0.695841139,0.728213328,0.733913093,0.715160809,14.28071575,195.2977694,451.7957253,13.32348,2597.003471,WG,77.17781,8.63454,404.2568807,217.2752395
119,Periyar WLS Tiger Reserve,1982,1,2007,38,581491013.5,516.6738141,0.087391765,0.284597647,0.628327059,0.858889412,0.900081177,1.185854118,1.312972942,1.556290589,1.563490589,1.563490589,1.620225883,1.799269412,1.840669412,1.90170353,1.90620353,1.93680353,1.968952942,2.067804707,2.266634119,2.291834119,2603.135941,2402.418679,2178.195574,2274.623906,2735.742716,2601.097388,3052.723325,2999.999597,2716.781332,2443.492703,3236.68873,2780.28484,2430.126513,2100.987857,2068.389011,2361.221866,1453.545609,2250.910994,2768.701919,2363.912774,2488.623603,0.902571743,0.93848737,0.953176659,0.90412798,1.004504171,0.987699902,0.879977717,0.932404359,0.906487969,0.908971298,0.861319902,0.972070648,1.013701556,1.037774242,0.976432092,1.006382221,1.020297801,1.079800251,1.048003199,1.061651215,1.117149364,14.78868607,183.522761,909.4545796,9.928773357,14849.089,WG,77.14818,9.47059,362.4285714,232.9388053
120,Phen WLS,1983,0,0,37,113905958.9,104.6663576,0.0054,0.0054,0.0063,0.008128235,0.044992941,0.044992941,0.046792941,0.047692941,0.049492941,0.049492941,0.146435294,0.146435294,0.146435294,0.147335294,0.147335294,0.147335294,0.147335294,0.147335294,0.147335294,0.147335294,1070.393254,1657.144846,1313.796314,1800.965913,1439.494527,1835.591392,1281.717119,1571.529892,1400.018371,1482.521532,1553.350766,1632.662084,1635.319747,1909.445126,1402.089098,1168.214988,1510.299908,1254.491675,1364.517774,1561.059349,1672.811264,0.210726953,0.207512481,0.206720683,0.204350194,0.221708134,0.20166655,0.210193901,0.220146962,0.205268394,0.252709927,0.240457007,0.237667983,0.260832193,0.274027673,0.266714822,0.281533213,0.271075578,0.285970805,0.286162897,0.293930521,0.294741969,7.074501705,183.2945747,760.2032321,2.212304856,0,CEEG,81.02892,22.36753,438.8424658,227.87742
121,Pilibhit Tiger Reserve,2014,1,2014,6,595958396.5,526.83852,0.018,0.094168235,0.094168235,0.09845647,0.11735647,0.186497646,0.200897646,0.204497646,0.214397646,0.226997646,0.237797646,0.494445881,0.509276469,0.583076469,0.583076469,0.952461175,1.229661175,1.267411763,2.046843528,3.893643528,1659.899592,1017.496577,1065.843593,1545.38071,1176.940158,1276.328108,1247.722939,1453.965204,1756.470605,1333.106671,1389.788562,1851.488059,1360.112299,2050.46827,1182.519799,1140.135371,1440.814862,1549.37058,1574.482509,1246.844553,1269.560533,1.241810814,1.282061005,1.259454281,1.334742069,1.273779166,1.357801282,1.527690329,1.371565336,1.49441591,1.537505949,1.526281753,1.354901242,1.462196292,1.429994991,1.468129552,1.347300808,1.434921034,1.454854327,1.514504066,1.531991658,1.559676164,1.366840292,168.5038117,199.2966595,6.168786662,52522.103,CEEG,80.01975,28.63496,132.5095057,258.8060152
122,Purna WLS,1990,0,0,30,179108394.4,35.02068706,0.0018,0.0018,0.0036,0.0045,0.0045,0.0063,0.0063,0.0135,0.0189,0.0198,0.0207,0.03474,0.05274,0.05814,0.05814,0.05814,0.05814,0.05814,0.05814,0.05814,1142.908734,1057.354757,941.0969486,1115.166236,1492.820428,1566.337723,1780.322438,1754.937084,1129.328583,1086.167409,1586.6085,1551.573815,1328.637298,1619.661985,1173.990806,1008.115895,1232.34855,1256.696594,964.2681805,1582.55701,1818.377922,0.695499982,0.745500349,0.737254553,0.754375582,0.780922761,0.787965794,0.842062142,0.747590196,0.720928677,0.719314241,0.680890876,0.689013668,0.634847646,0.703733475,0.689547967,0.759111975,0.806902215,0.864860326,0.859566823,0.881263815,0.911020612,9.701452118,192.06152,275.1068262,9.415408223,0,WG,73.61759,20.93206,789.2027027,101.1406456
123,Pushpagiri WLS,1987,0,0,33,119399095.1,109.0739082,0.074654118,0.097154118,0.28314353,0.32454353,0.36954353,0.39654353,0.441204706,0.452004706,0.571704706,0.766104706,0.802104706,0.802104706,0.802104706,0.802104706,0.805704706,0.805704706,0.805704706,0.810515294,0.813215294,0.815915294,3293.950983,2969.749467,2613.495995,2571.008221,3275.550195,3799.776119,3596.765215,3850.181638,3301.542458,3855.553174,3633.037192,3428.447806,3203.010531,3043.533086,3429.824216,2815.723511,2228.525749,3077.653086,3540.054283,3134.448928,3533.9385,0.336408949,0.344505483,0.35705196,0.354387655,0.38495003,0.342347727,0.331053119,0.357334915,0.31709536,0.333723918,0.265364347,0.27523,0.303954338,0.30942992,0.298751679,0.317799372,0.332334986,0.344151174,0.343756383,0.335920579,0.352548224,18.58998832,213.3533496,780.17692,8.014142,5986.058707,WG,75.67703,12.58984,374.8601399,248.363942
124,Radhanagari WLS,1958,0,0,62,413385441.3,181.3140424,0.0018,0.009151765,0.011851765,0.021751765,0.049651765,0.064051765,0.070351765,0.084751765,0.099151765,0.113812941,0.405412941,0.416212941,0.429712941,0.438712941,0.440512941,0.440512941,0.440512941,0.493612941,0.535912941,0.577312941,2163.091448,1633.967959,1933.5148,1690.055311,1954.465206,2877.349665,2744.793034,2961.264177,1817.841479,2252.809301,2963.150241,2160.667434,1678.241337,1890.333183,1942.888401,1341.760376,2024.810387,1876.410825,1729.02876,2504.782033,2552.318521,0.912617166,0.84397799,0.843346488,0.827849621,0.88172458,0.837278131,0.827265347,0.865059499,0.814859081,0.805726991,0.85835438,0.861062846,0.858778243,0.887614092,0.926878941,0.942443485,0.925590041,1.028638585,0.983202559,1.022978237,1.150339425,7.994268905,176.9472957,736.7967825,5.491226854,47031.72171,WG,73.94931,16.33732,202.5318725,120.6872626
125,Rajaji National Park/Tiger Reserve,1983,1,2015,37,794361761.3,608.3788871,0.016316471,0.025316471,0.030716471,0.038816471,0.098781177,0.111381177,0.141081177,0.194181177,0.204981177,0.294737648,0.344724707,0.520164707,0.529164707,0.534564707,0.534564707,0.534564707,0.534564707,0.534564707,0.536364707,0.536364707,655.2349167,630.0384977,650.4130346,665.0313304,668.143755,799.9010206,682.7742873,873.8934419,824.7603725,1427.896988,1927.65293,2075.936322,1805.332589,2030.642268,1384.420911,1697.84234,1341.085715,1715.619423,2058.396782,1518.201861,1637.908261,1.587260138,1.50737316,1.508747607,1.541355071,1.681980059,1.60359264,1.745278342,1.835231065,1.648442673,1.577374118,1.640342899,1.619415339,1.577575548,1.569896802,1.619546173,1.550027838,1.633100036,1.676074421,1.710990683,1.696558955,1.782366846,9.493205339,180.7051216,544.5242258,5.482878754,95164.15485,CEEG,78.11247,30.06252,129.2490706,224.7322588
126,Ranipur WLS,1977,0,0,43,212343008.7,72.51991765,0,0,0,0,0,0,0,0,0.0018,0.0018,0.0018,0.0018,0.0045,0.0117,0.0117,0.0117,0.0117,0.0117,0.0117,0.0117,875.6773461,945.0404443,829.4113924,1144.746104,923.4291758,1008.38264,799.3105509,762.1447866,1103.502861,633.4643373,704.9143728,1185.714066,1104.66684,1264.515658,813.1050845,635.9100147,1223.719895,812.5641971,886.5908617,1220.928099,1000.417691,0.380045859,0.379238852,0.369565754,0.374693973,0.316342837,0.379586414,0.41614384,0.47583473,0.545695162,0.541347028,0.574942646,0.561612829,0.647716188,0.643925256,0.631601821,0.579166738,0.738674364,0.776941402,0.776302366,0.825816104,0.771854522,6.204163455,175.0255066,310.5048575,3.792086572,3874.641527,CEEG,81.05537,24.96309,270.3284672,93.33544708
127,Ranthambhore Tiger Reserve,1980,1,2007,40,1363438990,0.9558,9.00E-04,0.0018,0.0027,0.0027,0.0108,0.0108,0.0108,0.0117,0.0117,0.0117,0.0126,0.0207,0.0207,0.0207,0.0207,0.0207,0.0207,0.0207,0.0207,0.0207,712.7626298,825.5793482,428.9889374,720.3501219,666.1219184,617.8662317,570.3023663,595.8706938,861.5778293,456.672048,803.0792499,752.5775731,893.6676362,1035.098613,673.2989476,548.1502417,895.1303048,585.2086664,968.7207314,976.7793427,727.2173619,0.872426755,0.923060794,0.948409752,0.940263142,0.975976025,0.969792595,0.977866322,0.979805238,0.986231239,1.028775492,0.98698045,1.020921977,0.888633613,0.859759939,0.896652055,0.869261257,0.866514164,0.86525232,0.897253768,0.9128777,0.891644445,6.204730907,177.2655506,325.872011,4.329436354,46276.29068,CEEG,76.74099,26.12675,200.4242938,24.65436716
128,Ratapani WLS,1978,0,0,42,1040564609,139.3670471,0.0018,0.0018,0.0018,0.0027,0.0027,0.0072,0.0081,0.0099,0.0126,0.0126,0.0126,0.0225,0.0324,0.063310588,0.063310588,0.063310588,0.063310588,0.063310588,0.063310588,0.063310588,1216.210321,1062.668837,1122.075719,1395.697954,1065.015011,1457.905604,1800.956723,1209.920492,1068.482726,1290.721723,1315.047143,1419.141618,1282.906566,1994.803899,1256.256465,1207.681681,1821.853176,1058.459394,1158.215477,2039.576321,1527.876897,0.552915396,0.553438471,0.542879475,0.54645554,0.615225345,0.569224972,0.602032872,0.654994902,0.598971309,0.583218219,0.576931153,0.565793966,0.533604752,0.540095355,0.552973609,0.54527541,0.563816417,0.577657378,0.602059746,0.61941511,0.642062052,6.624809573,174.0739785,468.806161,2.67592857,11922.41917,CEEG,77.66639,22.91646,286.6965779,85.66144623
129,Sahyadri Tiger Reserve,1985,1,2012,35,821020783.4,241.7495047,0.006952941,0.015875294,0.019475294,0.026675294,0.050075294,0.053675294,0.056375294,0.078875294,0.089675294,0.104975294,0.109475294,0.125675294,0.143675294,0.143675294,0.144575294,0.179463529,0.20406,0.22026,0.23646,0.25266,1985.076221,1747.630771,1674.742743,1537.346812,1928.857074,2641.91931,2609.963739,2811.098736,1712.758772,2172.919364,2837.434805,2170.566293,1535.709834,2123.753722,1904.454075,1297.179775,1994.662473,1855.441432,1654.007751,2303.394761,2470.403634,0.694749189,0.670257174,0.667746494,0.662397801,0.719600996,0.665278202,0.657522913,0.672452163,0.625355106,0.577007755,0.560365013,0.567243031,0.554964564,0.572336481,0.570732923,0.601474987,0.571634841,0.632023255,0.614263999,0.650472536,0.73220634,12.14259395,172.9021615,811.0028525,5.615164,65217.06499,WG,73.7537,17.40347,269.5099206,94.45381451
130,Sanjay Dubri WLS/Tiger Reserve,1975,1,2011,45,728483729,347.9765365,0.045790588,0.045790588,0.045790588,0.046690588,0.07368,0.09438,0.097923529,0.111423529,0.117458823,0.118358823,0.140858823,0.146258823,0.150758823,0.150758823,0.150758823,0.150758823,0.150758823,0.150758823,0.150758823,0.150758823,950.1360026,1219.340639,1115.923955,1407.060879,1080.249519,1202.119019,1178.456311,1059.486636,1213.363841,769.1654396,994.1286861,1343.750488,1386.146086,1429.703083,1060.96991,941.6971273,1545.165839,1062.153533,1166.367582,1326.021681,1293.885154,0.249212087,0.271736239,0.276585254,0.279753476,0.28295016,0.284633788,0.296788215,0.298453685,0.298860905,0.303391683,0.307789252,0.30269521,0.310279452,0.309110502,0.31065155,0.329670723,0.326925733,0.331384051,0.342744852,0.347195406,0.346360351,5.326315819,181.7430049,500.9707107,2.620297389,68081.24048,CEEG,81.83655,23.9336,175.9252137,155.5996426
131,Sariska National Park,1955,1,2007,65,788703488.9,47.51856,0.0063,0.0243,0.0261,0.0306,0.0306,0.036,0.0414,0.0441,0.0495,0.0495,0.0495,0.0495,0.0495,0.0495,0.0495,0.0495,0.0495,0.0495,0.0495,0.0495,654.7232079,726.2525073,378.9040039,732.9387048,632.0355912,728.8815431,532.9715199,669.2370576,901.4697784,501.9012106,1008.119984,796.7472218,992.0262712,914.0667219,584.1694373,484.3837323,890.9937502,582.6737231,895.6160059,690.4802586,659.9671468,0.82999181,0.780461198,0.810515391,0.836526689,0.819476548,0.823190467,0.876072812,0.859493338,0.911117158,0.865289821,0.997052636,0.900572544,1.100035073,0.909327924,1.055422425,0.932758586,0.989198071,0.96557673,1.017597982,1.040564218,1.0041971,12.7905115,173.281739,499.0749472,7.504701,32273.96613,CEEG,76.4183,27.36241,219.7668952,40.16429224
132,Sathyamangalam WLS/Tiger Reserve,2008,1,2013,12,788512121.8,354.1463012,0,0,0.016478824,0.035378824,0.045278824,0.067122353,0.101251765,0.101251765,0.106651765,0.106651765,0.134022353,0.147741177,0.210854118,0.247274118,0.260138824,0.261038824,0.293438824,0.364581177,0.378074118,0.380777647,1190.966237,1127.333394,869.7209168,832.6662577,1296.772134,1430.328272,1202.312666,1237.099166,1048.779957,907.3348313,1426.502424,1382.115915,1045.672591,859.4833497,953.4954243,1136.213569,567.5567092,1070.703372,1011.645728,1079.346092,949.195511,0.588682004,0.583986512,0.580675635,0.565710966,0.604523827,0.578848788,0.580169489,0.609594691,0.565834531,0.560112804,0.644667282,0.601929717,0.515849093,0.596614054,0.568705843,0.578787425,0.558888907,0.576805383,0.568150035,0.585328536,0.529738743,11.49612887,186.1362601,873.2415103,11.85608679,79200.01241,WG,77.10391,11.64535,170.0233298,101.0599334
133,Satkosia Gorge WLS,1976,1,2007,44,927011455.5,748.8783741,0.070125882,0.133584706,0.186684706,0.213081177,0.310655295,0.352955295,0.413255295,0.59226353,0.625457648,0.651557648,0.676757648,0.765550589,0.770541177,0.779407059,0.780307059,0.782107059,0.796447059,0.816247059,0.942247059,1.178047059,966.9877778,1678.062713,1218.617371,1543.288305,1307.028075,1563.813941,1597.983512,1729.785913,1795.337839,1483.685256,1253.109455,1551.804176,1417.811999,1580.130564,1370.236961,1218.927725,1304.247794,1507.558506,1516.078723,1346.958002,1626.508087,0.444363114,0.465006748,0.460803424,0.466146384,0.447535916,0.459836122,0.462881668,0.451574627,0.473933222,0.480685059,0.480865276,0.484269303,0.456303235,0.52383923,0.580573123,0.464093106,0.476962409,0.478447939,0.48533597,0.498774556,0.51332801,12.77457389,173.6838707,308.0153289,1.86337506,61928.214,CEEG,84.82248,20.57699,366.2077922,198.2276584
134,Satpura National Park/Tiger Reserve,1981,1,2007,39,349898187.1,220.14798,0.009,0.009,0.0108,0.017078824,0.018878824,0.023378824,0.024278824,0.028778824,0.035978824,0.038678824,0.038678824,0.038678824,0.048578824,0.055778824,0.055778824,0.066578824,0.066578824,0.066578824,0.066578824,0.068378824,1606.52124,1397.924601,1743.168213,2321.183664,1466.484805,2255.994957,2260.873614,2038.054199,1695.728576,2195.42899,2263.992972,2186.731896,2142.098973,2872.252487,1683.280598,1689.118095,2543.628194,1701.290351,1836.396624,2856.165906,2210.067345,0.435480566,0.379600039,0.382678403,0.391551777,0.377580126,0.365647912,0.376614629,0.414206986,0.365110451,0.378137346,0.371962863,0.329538388,0.322194381,0.310759577,0.316802469,0.332679372,0.300754882,0.309552923,0.322410572,0.33769902,0.343437242,11.25567692,180.6432488,682.1758198,2.593576,11018.42983,CEEG,78.25974,22.51063,242.630137,162.4494693
135,Sessa Orchid WLS,1989,0,0,31,65465456.21,61.36182,0.0018,0.0027,0.0027,0.0045,0.012532941,0.012582341,0.016517635,0.019217635,0.023717635,0.026417635,0.026417635,0.032717635,0.034517635,0.060617635,0.077717635,0.082217635,0.161039988,0.173639988,0.176339988,0.209639988,1312.598412,1127.221338,1121.146281,1235.037067,1424.465183,1130.055385,1034.881114,1172.172276,978.2105312,1112.584795,1247.737963,1000.287138,1299.025991,1108.806693,1090.213077,1288.835143,1018.692067,1244.802705,985.2381378,1043.209782,1102.84455,0.16770021,0.152678746,0.154022715,0.156253353,0.175722311,0.152263957,0.154766459,0.161020742,0.133081952,0.119027101,0.116659143,0.1151635,0.094767887,0.107275536,0.101959758,0.116110252,0.120122824,0.131976117,0.125590835,0.12466147,0.141782896,31.07731644,166.1963054,2171.113223,0.2471169,0,SGNEBF,92.4886,27.11274,950.8390805,281.0625506
136,Sharavati Valley WLS,1974,0,0,46,458463297.7,262.7566482,0.054218824,0.110608236,0.196108236,0.204010589,0.599209413,0.795183531,1.179900002,1.206900002,1.254338826,1.254338826,1.328876473,1.412248238,1.674727062,1.907989415,1.976325886,2.027837651,2.177237651,2.328292945,2.580554121,2.738707062,3497.534246,2532.43599,2685.932731,2235.165702,3001.872896,3912.094236,3189.733868,4198.053799,3184.054372,3840.370832,4125.16314,3384.484615,3079.728109,3125.946131,3474.130781,2724.732883,2444.652246,2626.347913,2954.154807,3963.266597,3758.26715,0.488588838,0.466272077,0.443587173,0.446338393,0.451751712,0.426417118,0.447174641,0.415562646,0.412006834,0.396378862,0.367066555,0.320378428,0.321758189,0.321620593,0.370884307,0.409621018,0.394852318,0.416644205,0.415908879,0.426500001,0.441937578,7.924488001,162.0478838,546.7915318,3.324527048,42955.56508,WG,74.78796,14.09233,192.1793478,201.1310648
137,Shendurney WLS,1984,0,0,36,192726229.1,188.1648459,0.0378,0.131456471,0.153674118,0.177974118,0.192127059,0.340715294,0.574715294,0.615,0.6402,0.6402,0.742369412,0.820478824,1.02624,1.071561176,1.158141176,1.158141176,1.262541176,1.319241176,1.332741176,1.332741176,1992.341198,2142.637408,1964.435246,1997.715822,2441.386895,2212.364921,2759.354249,2616.741247,2329.152296,2144.342541,2498.315036,2310.177267,2078.375795,1985.281364,1783.67389,2386.41002,1279.968049,1983.491269,2229.970548,2257.296463,2126.298722,0.510519739,0.492607021,0.430732064,0.467549951,0.528572329,0.619890957,0.569898098,0.347129683,0.449742984,0.367657668,0.739557465,0.552722529,0.422033228,0.40264306,0.395113512,0.448718353,0.529064811,0.514561666,0.55843924,0.558305593,0.553270339,18.34992083,188.0274103,668.7310478,13.32348,20266.1855,WG,77.18082,8.8762,208.0357143,244.1376995
138,Shettihalli WLS,1974,0,0,46,354364585.1,232.6739859,0.742552941,0.755152941,0.812752941,0.882952941,0.954864706,0.984928235,2.232289411,2.44961294,2.571727058,2.680627058,2.716627058,2.920027058,3.260643529,3.331743529,3.365043529,3.658443529,3.948504705,4.225704705,4.515504705,4.806204705,1958.206726,1348.506032,1348.824037,1042.842957,1594.180981,2335.442635,1732.375725,2410.845931,1733.269261,2358.720162,2634.588255,1434.304313,1629.699106,1663.322634,1756.152532,1576.344228,1251.166986,1402.241626,1415.512123,1870.791547,1922.269987,0.932292337,0.868220371,0.807870792,0.7883142,0.879987846,0.791566966,0.744746089,0.70403536,0.668207487,0.72432759,0.769062887,0.700343042,0.721202878,0.704306336,0.74660476,0.756519705,0.704226443,0.724072344,0.760902039,0.837523037,0.807072022,5.781731523,165.5781058,694.2074156,5.579058,10874.44954,WG,75.45746,13.83533,190.3770492,177.1571803
139,Shoolpaneswar (Dhumkhal) WLS,1982,0,0,38,653927076.3,42.21175412,0.0252,0.0324,0.0468,0.0522,0.0657,0.0918,0.1107,0.1413,0.1809,0.1917,0.2439,0.3501,0.3501,0.3501,0.3501,0.3501,0.3501,0.3501,0.3501,0.3501,965.5980879,930.2329602,946.7946561,1201.287835,1505.908475,1202.646644,1923.835001,1449.560816,1152.403846,978.308541,1246.781978,1279.36539,1107.732325,1511.767597,1022.02013,1003.711882,1119.091151,1167.562626,907.4608782,1479.913334,1521.515132,1.125834386,1.072482992,1.047243152,1.134622123,1.10710679,1.143022266,1.188860381,1.132327505,1.091715646,1.064191468,1.012497468,1.015929901,0.896475787,0.915660157,0.92095878,1.043550909,1.067587561,1.100216685,1.123931267,1.148896106,1.174224867,10.64870186,185.0072766,331.9312832,7.845301,36426.69344,CEEG,73.70011,21.73603,263.9209246,79.97363189
140,Silent Valley National Park,1984,0,0,36,98354985.54,89.68982824,0,0,0,0,0.002230588,0.003130588,0.015402353,0.016302353,0.019902353,0.019902353,0.021702353,0.021702353,0.121912941,0.127312941,0.127376441,0.127376441,0.127376441,0.196104676,0.357511735,0.362011735,2147.191205,2365.027129,1993.939461,2007.010192,2462.233771,2843.403727,2767.115994,3231.715233,2269.810876,2353.523803,3127.523886,2852.776967,2272.056362,2139.865078,2199.991482,1986.221899,1530.787252,2125.407627,2607.1398,2264.29771,2257.664459,0.448627837,0.475399311,0.426274656,0.446106468,0.422552901,0.378468071,0.383952,0.363591079,0.391819935,0.371388762,0.350379914,0.349953313,0.538485714,0.513545766,0.515040047,0.51558957,0.590462898,0.595538448,0.671421961,0.68172285,0.697737123,19.97349765,201.3268479,1258.378557,10.18638,13940.62692,WG,76.4346,11.13452,197.7094017,216.4806752
141,Similipal-Hadagarh WLS/Tiger Reserve,1978,1,2007,42,2361787569,2047.811647,0.421905882,1.228231764,1.264231764,2.035531764,2.154995293,2.596125881,2.889525881,3.00604941,3.271771763,3.985567057,4.11856941,5.013847057,5.317355292,5.53228588,5.55478588,5.67448588,5.79418588,6.491579998,6.654952939,6.72262588,1178.123068,1587.950883,1442.617639,1549.335186,1340.406874,1584.305785,1764.580792,2035.063848,1784.983982,1422.562897,1314.307737,1726.366923,1406.084793,2029.787586,1554.944296,1280.701207,1542.985599,1865.600504,1716.495967,1424.145347,1743.279004,0.273341884,0.270890978,0.269857302,0.285820275,0.298078838,0.284736316,0.307457638,0.297846804,0.291022272,0.297662243,0.293241372,0.284964274,0.307976627,0.356613351,0.337069794,0.295541038,0.369607881,0.387865684,0.388541752,0.395451746,0.419331261,11.67679031,175.948569,675.848557,4.312471862,62625.7706,CEEG,86.3423,21.80839,484.7340067,213.7807143
142,Singhori WLS,1976,0,0,44,247644743.4,40.89430588,0.0144,0.0153,0.0171,0.018,0.018,0.0396,0.0396,0.0414,0.0441,0.0477,0.0477,0.065569412,0.072769412,0.073669412,0.073669412,0.073669412,0.073669412,0.073669412,0.073669412,0.073669412,1239.267125,1232.957336,1024.078067,1487.406276,1139.390126,1623.502429,1672.31492,1114.110135,1218.128698,1354.450237,1362.641453,1473.53199,1320.950859,2098.156418,1257.034142,1139.548375,1830.007515,1170.698721,1241.1491,2038.881715,1441.238293,0.621072198,0.607888822,0.60735858,0.602923914,0.686319035,0.623237625,0.63839792,0.650978783,0.615534449,0.630306529,0.565482228,0.550556243,0.513395272,0.564662527,0.548116913,0.565831145,0.590641152,0.615040793,0.642594445,0.657903787,0.73091596,6.895720028,171.8699275,441.9501561,2.869173,11624.27877,CEEG,78.17295,23.17189,273.9808917,84.02999369
143,Sohagibarwa WLS,1987,0,0,33,243996230.7,207.6759706,0.029996471,0.032696471,0.05688,0.075638824,0.270769412,0.293297647,0.329992941,0.333592941,0.372624706,0.378024706,0.395124706,0.469944706,0.500647059,0.501547059,0.501547059,0.501547059,0.501547059,0.501547059,0.501547059,0.501547059,1906.242948,1712.722924,1286.050912,1554.829953,1638.348967,1343.110146,1298.935432,1657.491096,2107.139496,1535.489656,1732.324876,1576.933974,1512.994194,1774.447867,1570.498317,1131.283582,1806.324362,1530.841006,1447.855307,1389.687354,2029.560916,2.080269278,1.754415737,1.754192155,1.976523944,1.873279211,1.991455145,2.248249394,2.012105856,2.172959625,2.295551579,2.353168272,2.32790549,2.369081468,2.287314417,2.246579971,2.620617681,2.550703029,2.375268437,2.540102811,2.594780169,2.072523849,1.572484479,169.028767,105.2673856,5.340421,38824.2349,CEEG,83.54598,27.28715,144.1784615,230.1924977
144,Sohelwa WLS,1988,0,0,32,620274332.5,538.2214165,0.028362353,0.042861177,0.048420001,0.17196706,0.19536706,0.259362354,0.472104707,0.521604707,0.678056472,0.690656472,1.413674119,1.541985884,1.60453059,1.60993059,1.60993059,1.60993059,1.61893059,1.61893059,1.623614119,1.657814119,1971.23922,1440.087994,1225.419576,1533.155376,1512.905713,1418.279395,1467.377822,1670.075712,2218.627933,1606.273339,1567.618095,1681.394051,1639.148166,2044.037682,1475.876927,1160.765445,1563.165865,1689.089667,1573.762119,1369.389711,1916.767587,0.924076098,1.024304988,1.032289469,1.033272733,0.92103335,1.023839537,1.022796434,0.920293278,1.044642417,1.038391721,1.105969031,0.921616882,1.164157458,1.000251697,1.214148653,1.137402648,1.566010757,1.732589634,1.840343712,1.862355347,1.852176298,1.835435456,182.9944866,174.1016091,5.706589645,5718.291834,CEEG,82.35977,27.73556,320.0542169,229.6196725
145,Someshwara WLS,1974,0,0,46,386070015.2,375.6113153,0.0099,0.033338824,0.044742353,0.050456471,0.208750589,0.281142354,0.363892942,0.401714118,0.443947059,0.458347059,0.652062353,0.774141177,0.889757648,0.971325883,0.991037648,1.02204353,1.104550589,1.204570589,1.242448236,1.265195295,3596.762893,3307.257462,3055.43992,2638.265276,3461.475901,3925.52409,3653.985007,4215.736323,3468.268898,4243.772598,4465.384058,3857.406605,3485.23566,3541.946292,4067.165243,3465.056936,2659.966008,3110.717753,3647.853544,4020.184408,3976.157377,0.349335135,0.358013022,0.362416171,0.375206848,0.378911824,0.343268361,0.344717523,0.351619291,0.367785911,0.338027816,0.323131316,0.323391877,0.330074478,0.32900905,0.343283279,0.374727478,0.36543841,0.371326132,0.376441021,0.382387417,0.371384727,11.71554974,190.6257434,421.4727084,5.241631949,22220.06045,WG,75.05417,13.52664,282.825054,254.8178017
146,Sonai Rupai WLS,1998,0,0,22,202356961.6,152.9544212,2.390915294,8.00771647,11.56289647,22.89670235,26.17806706,28.24511647,32.21156117,36.5628247,40.38250941,42.3526447,42.62942117,47.95085647,47.97155647,48.00666,48.01386,48.03636,48.04896,48.05166,48.05976,48.14877176,2526.781881,1988.891623,2079.708568,2215.277349,2520.284779,2024.204969,1709.481299,2177.084491,1938.30199,1978.557113,2517.535304,1893.208721,2345.350051,2107.93658,1999.984111,2248.541475,1987.578922,2312.744641,1960.396455,1982.751415,2073.532175,0.73341859,0.774000543,0.788450608,0.912776783,1.034449848,0.865502048,0.973129262,0.986049867,0.908402409,0.869622449,0.842587581,0.816003214,0.727603673,0.750424934,0.671397292,0.777414822,1.114593772,1.173721005,1.117746908,1.153443425,1.351406607,2.808983475,158.869228,178.5261424,5.017901,767.4812009,SGNEBF,92.47445,26.912,238.8698885,194.474343
147,Sri Penusila Narasimha WLS,1997,0,0,23,1082233204,165.9588282,0.0927,0.1278,0.1341,0.1422,0.144,0.1674,0.2394,0.2529,0.2889,0.2889,0.2943,0.3123,0.3402,0.3834,0.3834,0.3834,0.3834,0.394489412,0.420589412,0.420589412,917.5173146,995.8507698,1011.565386,733.8994312,827.2584364,1367.29514,814.503786,1081.960721,1031.925546,810.428129,1350.618559,940.3559443,969.2948715,933.3113084,800.816566,1124.559901,619.4874848,858.0458737,624.9529644,912.3755916,1237.054551,0.58191593,0.610945758,0.590029996,0.603896112,0.604014912,0.583690778,0.612610933,0.585046199,0.597764998,0.584037597,0.566072759,0.532791976,0.486427403,0.540740092,0.61714272,0.561495781,0.609670525,0.636632995,0.630286684,0.64215601,0.711578864,10.90470787,146.2496451,248.9519246,3.49245,56399.10762,CEEG,79.30376,14.40599,227.671505,58.24725602
148,Srivilliputhur Grizzled Squirrel WLS,1988,0,0,32,415170030.5,186.6943765,0.1413,0.168974118,0.230332942,0.44058353,0.46488353,0.588529412,0.714254118,0.812354118,0.825854118,0.825854118,0.841690589,1.02618706,1.120394119,1.188924707,1.301177648,1.562724707,1.562724707,1.591524707,1.607954119,1.636454119,1907.401142,1739.357628,1469.271805,1655.534441,1871.297881,1936.959539,2185.933396,2068.661955,1928.533978,1669.728069,2404.972999,1925.222007,1838.632213,1618.744604,1439.221993,1882.39087,1022.919571,1625.04007,1790.000448,1744.717306,1857.056427,0.956798369,0.931206805,0.975679971,0.99647506,1.15600281,1.099821517,1.054292109,1.07292094,0.933629533,0.907589599,1.167099768,0.928228057,0.670043853,0.825212897,0.747257999,0.838139239,0.861469474,0.921038254,0.924679139,0.959196049,1.048713659,20.66441513,170.962697,645.5459977,9.707752,6733.738082,WG,77.53957,9.60119,344.2981744,100.5165417
149,Sunabeda WLS,1988,0,0,32,664080197.4,252.0712694,0.072787059,0.213007059,0.240007059,0.270762353,0.339162353,0.358062353,0.413862353,0.445362353,0.466062353,0.715362353,0.775662353,1.083847059,1.120747059,1.174845883,1.180245883,1.185645883,1.197345883,1.198990589,1.208890589,1.230490589,1141.947107,1648.271414,1163.882665,1771.033203,1520.77846,1566.59271,1536.42129,1540.922683,1708.195768,1439.215779,1490.945343,1484.115994,1686.612902,1635.125155,1479.454105,1385.248563,1416.470777,1388.410664,1478.96161,1659.909117,1659.7485,0.400975798,0.418129957,0.407470379,0.413332108,0.413275322,0.409415026,0.407379557,0.38951176,0.384491089,0.406207883,0.415597498,0.394929303,0.390061814,0.439679214,0.468099818,0.471315498,0.438297105,0.456014384,0.458779071,0.469372392,0.487407522,7.32583075,171.4601438,579.377743,2.078416,3466.926009,CEEG,82.4591,20.57382,502.7971014,134.8101743
150,Sundarbans,1984,1,2007,36,2406903030,309.6359506,0,0.0018,0.0018,0.0081,0.0099,0.0117,0.0135,0.0252,0.0378,0.0378,0.054,0.054,0.0585,0.0639,0.0639,0.0639,0.0639,0.0639,0.072,0.072,1640.941609,1903.468721,1806.78181,1833.50974,1874.952955,1938.495618,1662.113103,2291.122499,1799.209255,1780.231116,1468.57284,1849.617752,1493.001684,2043.886986,1513.62321,2046.902283,1780.026863,2301.743819,1482.701908,1834.555892,1916.390666,0.815243246,0.884265689,0.863287824,0.898117833,0.799438649,0.888964537,0.885787023,0.84067567,0.924398445,0.920013944,0.917073069,0.821227009,0.802728893,0.791468463,0.94610409,0.916973094,0.902459719,0.764774733,0.933944783,0.951158264,0.699299639,0.627510473,143.7655971,4.592110573,9.519040527,0,SB,88.88674,21.84578,376.817574,26.97094085
151,Tadoba Andhari National Park/Tiger Reserve,1955,1,2007,65,793927161.7,210.4392494,0.0036,0.0108,0.034814118,0.036614118,0.042014118,0.051014118,0.055514118,0.060014118,0.088814118,0.088814118,0.091514118,0.109514118,0.111314118,0.111314118,0.111314118,0.111314118,0.111314118,0.111314118,0.111314118,0.111314118,1130.99145,1409.562468,1167.33956,1448.372397,1112.291311,1517.243658,1426.757731,1420.401877,1278.848118,1102.738394,1836.917026,1403.153058,1636.607448,1724.867148,1174.993635,1302.452543,1462.407636,1209.274181,1379.293517,1612.598526,1520.474099,0.238205556,0.234538526,0.224889733,0.240765588,0.246204453,0.248349365,0.271973447,0.262233019,0.260063751,0.255545156,0.245966533,0.231166928,0.287510562,0.293877697,0.300735455,0.270051478,0.279054348,0.282141449,0.28586577,0.291998342,0.307435072,2.107628294,171.0158738,267.7714334,5.316713,69254.7007,CEEG,79.42728,20.24177,226.5206862,114.6330275
152,Talakaveri WLS,1987,0,0,33,117319641.4,108.3565235,0.0135,0.018998824,0.028898824,0.034298824,0.043298824,0.049598824,0.054998824,0.054998824,0.067598824,0.089198824,0.089198824,0.090098824,0.090098824,0.090098824,0.090098824,0.090098824,0.090098824,0.098198824,0.101798824,0.101798824,3457.547092,3229.247532,3123.615175,2951.129412,3665.562458,3902.305099,4133.316647,4078.318996,3540.601029,4242.630784,4240.059823,4058.72575,3602.338524,3963.294261,4450.5839,3671.019406,2554.376506,3672.215258,4562.177894,3784.523116,4446.294297,0.309840659,0.351408758,0.358725302,0.342046034,0.345440556,0.323136126,0.328212739,0.355476387,0.34973089,0.375422058,0.307478359,0.277645113,0.283362665,0.295486551,0.284870673,0.307402421,0.303857299,0.328302605,0.326032668,0.319912804,0.338219345,19.43784492,205.9335113,715.7380767,8.014142,7859.470297,WG,75.48336,12.35848,307.7622378,250.2971805
153,Tale Valley WLS,1995,0,0,25,238687979.9,237.6726847,0.022394118,0.030494118,0.033194118,0.09012353,0.12252353,0.124129412,0.168444706,0.301288235,0.307588235,0.307588235,0.329364706,0.345564706,0.356364706,0.374364706,0.396864706,0.461664706,0.467064706,0.482364706,0.482364706,0.485064706,2247.482054,2042.851225,1867.191224,2190.442839,2198.352441,1820.561885,1997.786594,2249.538728,1945.747237,2129.32001,2222.881261,1787.895983,2120.871856,1790.470409,1890.721739,2116.885514,1812.850128,2070.175797,1869.584919,1955.728641,1817.868901,0.09172036,0.056135103,0.065442511,0.041550696,0.034798184,0.032913709,0.041238462,0.042808623,0.037014308,0.036433807,0.034757219,0.03162511,0.037310484,0.03570514,0.043583266,0.038913963,0.045398348,0.047326832,0.055534407,0.058200573,0.059368445,23.61771708,172.6518869,1866.277741,1.603945211,0,SGNEBF,94.03821,27.57117,1120.012739,343.1978543
154,Tamor Pingla WLS,1978,0,0,42,736943840.2,344.0247847,0.0045,0.0045,0.0045,0.0063,0.0144,0.0153,0.0405,0.0432,0.0477,0.0693,0.0693,0.0774,0.0792,0.0792,0.0792,0.0792,0.0792,0.0792,0.0792,0.0828,1002.560391,1329.727214,1128.747191,1431.773562,1145.322138,1163.375512,1235.624283,1234.060156,1316.270611,948.7839402,957.4212372,1488.768877,1364.792894,1338.564336,1128.763292,1165.111585,1575.425457,1185.250782,1239.809343,1410.918013,1575.603016,0.257283135,0.2791752,0.284920752,0.291429246,0.284385423,0.294363104,0.312479661,0.292754363,0.304027231,0.29644311,0.328031597,0.320815292,0.320939055,0.344857463,0.332855997,0.3181022,0.343908063,0.356455089,0.361977095,0.372282876,0.395609599,6.73370645,180.6247291,496.9751421,2.56894808,67028.61036,CEEG,82.92906,23.67034,207.9062171,155.3379787
155,Tawi WLS,1978,0,0,42,35157873.71,33.85592118,0.092195294,0.19355647,0.325415294,0.349835294,0.483945882,0.563071764,0.762423529,1.01226,1.463834118,1.565428236,1.72872706,2.153248236,2.163988236,2.215002354,2.220402354,2.572817648,3.490037648,3.564437648,3.639536472,4.121340001,2428.747926,2524.305239,2107.062405,2214.327591,2849.226031,1989.31483,2017.846609,2908.690746,1993.647629,2041.243272,2688.34674,2510.011804,2353.39059,1970.717959,1680.479093,2156.459801,2182.728806,2535.444223,1789.656667,1564.795282,1944.425423,0.154468807,0.138195507,0.152097281,0.158331732,0.169054746,0.153588982,0.170685924,0.176749269,0.174206881,0.185833672,0.17967069,0.185663098,0.208169855,0.234224606,0.208488647,0.227032935,0.197883264,0.208468668,0.212543889,0.222684725,0.227128154,22.64335682,213.784891,1350.060322,1.343389,0,SGNEBF,92.94553,23.53588,343.5333333,275.5803377
156,Thattekad Bird WLS,1983,0,0,37,13729406.3,13.20165176,0.0027,0.0027,0.008163529,0.008163529,0.008163529,0.009063529,0.011812941,0.012712941,0.012712941,0.012712941,0.012712941,0.012712941,0.012712941,0.012712941,0.013376941,0.013376941,0.014428706,0.014428706,0.014428706,0.014428706,3080.559679,3059.222584,2543.455143,2650.839157,3155.302578,3360.940067,3478.86404,3988.78266,3278.626223,2835.013118,3775.954603,3640.007636,3003.499235,2560.695538,2812.146019,2565.866264,1724.779908,2993.376164,3740.472287,2918.356324,2851.613474,1.232720934,1.483121148,1.589074609,1.231512623,1.558292279,1.531796087,1.352512845,1.449925692,1.253348428,1.326985623,1.563948382,1.384109671,1.371777264,1.925105723,1.798018922,1.849939013,1.473108321,1.418256154,1.377873764,1.386152902,1.4706517,13.64326215,180.5076035,163.3630041,18.1774,0,WG,76.71706,10.1304,213.9375,237.6230786
157,Tipeshwar WLS,1997,0,0,23,139394615.8,0.611064706,0,0,0,0,0,0,0,0,0,0,0,0,0,0,0,0,0,0,0,0,1072.833551,1214.14157,1102.530339,1159.971826,860.9902056,1436.177521,1408.789739,1281.788596,1043.690821,917.1221475,1643.652796,1072.34044,1348.765923,1434.465416,972.5872605,1088.726756,1312.05892,1153.182214,1266.246411,1299.54077,1374.679639,0.480035348,0.475910014,0.500846393,0.480525777,0.56273063,0.523626609,0.526795566,0.588692635,0.505260178,0.504010317,0.482171061,0.488094553,0.451062781,0.480778641,0.484270653,0.513491811,0.492738758,0.538082504,0.531982248,0.523748497,0.574648334,3.878464814,169.5549188,297.7094528,3.501352,7579.172584,CEEG,78.45381,19.90744,91.71098266,68.449667
158,Tokalo WLS,2007,0,0,13,66907599.07,65.67259412,0.107068235,0.273589411,0.631305882,0.978705882,1.058265882,1.164575294,1.164575294,1.352544706,1.778107059,1.821307059,2.156632941,2.246915294,2.343575294,2.372188235,2.479965882,2.604765882,3.116802353,3.239290588,3.30066,3.440548235,2501.328146,2763.399735,2559.863714,2580.288493,3027.554137,2229.960817,2311.929661,3084.267833,1842.344905,2302.914242,3054.69351,2954.943731,2495.162051,2406.757344,2085.17993,2912.53302,2393.376748,2741.428438,2353.45769,2035.288164,2622.761325,0.235994073,0.213680277,0.207433213,0.215024793,0.25931769,0.268689228,0.283721096,0.284873307,0.272485051,0.265025278,0.269099128,0.276205034,0.279872306,0.248599818,0.254078463,0.247378146,0.242763407,0.244666139,0.251690979,0.2590288,0.266688078,16.32329958,156.7046751,275.3352878,2.865377176,0,SGNEBF,92.89745,22.03623,625.3095238,249.119522
159,Udanti WLS,1983,1,2009,37,1921835077,1115.883099,0.920858824,1.599211765,1.777454118,2.360611765,3.366674118,4.142350589,4.958280001,6.182301177,6.744829412,7.663192941,12.74279294,14.61358235,15.30871412,16.00695529,16.12935529,16.33635529,17.17524706,17.67216,18.25266,18.56046,1182.817634,1725.477242,1135.411419,1791.980444,1462.505193,1649.121817,1606.404075,1546.142402,1630.558029,1396.577627,1580.00558,1374.834568,1589.760447,1659.619231,1509.105233,1272.323125,1434.721935,1371.776,1434.072389,1633.816655,1606.137533,0.342227355,0.354722238,0.353797413,0.358034458,0.359618046,0.363456775,0.364765813,0.373183636,0.389572324,0.394875013,0.403999694,0.419488312,0.424259613,0.439114047,0.439343977,0.456672009,0.458079829,0.478491706,0.487811547,0.502541865,0.514610066,4.794429438,165.6002812,540.7708482,2.495949868,191678.1958,CEEG,82.15342,20.17919,281.0096114,162.4255118
160,Umred Karhandla WLS,2012,0,0,8,178383180.8,36.83148353,0.0171,0.030448235,0.030448235,0.367948235,0.426448235,0.435448235,0.435448235,0.517348235,0.578548235,0.578548235,0.580348235,0.590248235,0.590248235,0.592948235,0.592948235,0.592948235,0.592948235,0.592948235,0.592948235,0.592948235,1025.825322,1258.920731,1032.737255,1318.165144,960.1369137,1403.188324,1273.172136,1371.318966,1134.46272,1088.522544,1659.361259,1351.729097,1338.875126,1677.691001,1067.616608,1221.538008,1181.303612,1112.771946,1219.686214,1387.976394,1417.537169,0.739553652,0.728046605,0.76503566,0.740353095,0.737847784,0.724229407,0.747962224,0.776472841,0.737206029,0.720313436,0.684049624,0.696781528,0.706138063,0.699200754,0.70839232,0.729624733,0.779756277,0.799055177,0.796686691,0.815307732,0.823613481,2.591737408,170.0393098,284.4942147,5.316713,22768.97485,CEEG,79.49201,20.84083,183.6100917,89.04738945
161,Valmiki WLS/Tiger Reserve,1978,1,2012,42,784362530.7,735.3248365,0.258074118,0.296142353,0.458710588,0.486649412,0.719844706,0.864529412,0.930935294,1.09614,1.3023,1.556407059,1.7262,2.004074118,2.105572942,2.181017648,2.181017648,2.198121177,2.657830589,2.700130589,2.704630589,2.744230589,2364.294668,2105.427544,1936.343887,1980.389693,2149.415125,1515.040763,1893.4181,1965.986087,2340.657517,1863.503567,1823.142684,1798.074606,1725.535429,1816.045871,1911.730936,1554.575122,2014.566207,1678.634106,1833.216002,1643.853327,2415.848643,0.419125431,0.460105762,0.477179257,0.49473372,0.422992647,0.492154076,0.500149015,0.460928383,0.544034913,0.546275254,0.565915299,0.618140821,0.887871573,0.927671561,0.776206871,0.658395664,0.919349579,0.999374942,0.973688967,1.004138608,0.993789399,5.456077597,182.4269355,223.8519062,2.917843473,34912.86656,CEEG,84.22,27.36894,225.6562804,262.1616145
162,Wayanad WLS,1973,0,0,47,82395740.8,81.23085176,0,0.0018,0.001948,0.001948,0.006448,0.010048,0.012748,0.012748,0.015448,0.017248,0.023548,0.023548,0.030748,0.039476235,0.039476235,0.039476235,0.039476235,0.039476235,0.039476235,0.044876235,2037.092685,1932.368465,1843.394999,1965.151598,2255.845485,2619.276535,2376.903483,2831.791881,2144.809898,2337.911152,2620.064234,2319.052536,2057.316218,1902.986891,1850.297947,1707.177148,1284.26269,1949.155962,2288.568751,2048.638727,2048.504245,1.007386975,0.996649634,1.043566876,0.887864969,0.868149067,0.965396084,0.964584783,0.865174357,0.90857418,0.874906854,1.076430268,0.96117429,1.357190413,1.27872192,1.337319197,1.244739525,1.219466566,1.225116224,1.333371205,1.367552194,1.057516617,5.356987965,174.1560691,802.5168507,10.18638,17417.04404,WG,76.08414,11.90594,134.31,266.2116207
163,West Sunderban WLS,2013,0,0,7,346627871.3,14.1741,0,0,9.00E-04,9.00E-04,9.00E-04,9.00E-04,9.00E-04,0.0045,0.0063,0.0063,0.009,0.0108,0.0126,0.0126,0.0126,0.0126,0.0126,0.0126,0.0135,0.027,1541.248003,1813.001746,1704.220625,1889.248602,1716.878516,1907.110996,1718.814024,2156.719352,1677.181048,1743.243916,1446.277642,1823.048733,1480.945871,2141.888592,1525.308555,1831.593548,1694.769157,2256.524852,1487.329611,1867.468853,1882.229106,1.922223628,2.074462111,2.004580012,2.101811232,1.85349508,1.995950104,1.989650777,1.843378576,2.020387873,1.931227998,1.896212681,1.616419296,1.560406505,1.499453265,1.754580868,1.532062873,1.189249704,1.060718229,1.528315097,1.597237966,1.178310938,0.558397481,146.4644028,3.981117729,2.690949,0,SB,88.553,21.68223,407.7216117,24.43999331
164,Yangoupokpi Lokchao WLS,1989,0,0,31,166467059.2,148.9272176,0.866061176,1.348789411,2.496045882,2.715645882,3.674590588,4.066005882,4.705305882,4.959148235,6.373327059,6.922549412,7.493032941,9.09954,11.41228941,14.05621059,15.19938706,17.93274706,21.15858706,22.57251882,23.57308235,24.53848235,2025.076911,1641.903015,1690.966431,1638.441266,2006.382721,1783.613326,1441.253232,1855.293909,1871.099769,1637.427915,2401.938309,1979.739833,1814.906831,1898.533109,1614.712534,1773.84172,1848.763631,1989.789239,1782.112619,1311.656711,1746.606821,0.456248042,0.46150659,0.462061802,0.469087671,0.533596942,0.52850189,0.521097455,0.586256086,0.530265947,0.465030708,0.478655148,0.552486128,0.529068729,0.568441139,0.602574049,0.576954682,0.628601378,0.638028849,0.638362161,0.655375067,0.644014445,14.78264182,159.8525006,462.0823697,0.5259108,7666.163413,SGNEBF,94.29616,24.34368,310.9615385,213.5613393
165,Yordi-Rabe Supse WLS,1996,0,0,24,385811755.3,361.0580506,0.105208235,0.135808235,0.136708235,0.139408235,0.144808235,0.146608235,0.152008235,0.165508235,0.166408235,0.172708235,0.174508235,0.188985882,0.3258,0.3717,0.3735,0.474617647,0.481817647,0.523217647,0.539417647,0.546617647,2155.309841,2120.933681,1816.730775,1915.810823,2042.490783,1770.960366,1891.444934,1994.793386,1811.586234,1638.854334,1805.603838,1530.104666,1936.697179,1599.114126,1579.790488,1821.115724,1662.113782,1800.366226,1478.913487,1761.051219,1594.844721,0.036601801,0.033469497,0.030451724,0.030539147,0.036214182,0.030998211,0.032395232,0.036411925,0.032580015,0.031953643,0.032701851,0.033034278,0.031992494,0.036584603,0.036324623,0.048767972,0.047988955,0.050326446,0.050189515,0.048588195,0.051524032,28.82121458,152.5916159,2210.564332,0.2388084,13051.2532,SGNEBF,94.45781,28.29603,1261.429688,255.6778749
