== REFERENCE VALUES ==
m_reps	6.000000
k_cardinality	2.000000
weight	y_r1_u1_t1	61.3181576195
weight	y_r1_u1_t2	70.4188547349
weight	y_r1_u1_t3	65.4095101533
weight	y_r1_u1_t4	54.8148985503
weight	y_r1_u1_t5	60.5101575495
weight	y_r1_u1_t6	47.2635628402
weight	y_r1_u1_t7	51.2266325262
weight	y_r1_u1_t8	60.4301264600
weight	y_r1_u1_t9	68.0480545616
weight	y_r1_u1_t10	70.2943920500
weight	y_r1_u1_t11	49.9247755161
weight	y_r1_u1_t12	66.0085540696
weight	y_r1_u1_t13	61.1490078849
weight	y_r1_u1_t14	52.1837443024
weight	y_r1_u1_t15	59.2894569463
weight	y_r1_u1_t16	49.4173080767
weight	y_r1_u1_t17	68.9864137095
weight	y_r1_u1_t18	82.9472864276
weight	y_r1_u1_t19	81.8527814383
weight	y_r1_u1_t20	84.9194951967
weight	y_r1_u1_t21	62.2710190776
weight	y_r1_u1_t22	56.9932091478
weight	y_r1_u1_t23	75.5387428080
weight	y_r1_u1_t24	56.3878928317
weight	y_r1_u1_t25	74.8107086839
weight	y_r1_u1_t26	70.8859071019
weight	y_r1_u1_t27	78.3236692183
weight	y_r1_u1_t28	72.5903096528
weight	y_r1_u1_t29	65.1889928265
weight	y_r1_u1_t30	70.3155099729
weight	y_r1_u2_t1	51.5958975686
weight	y_r1_u2_t2	47.1374995130
weight	y_r1_u2_t3	57.7207560310
weight	y_r1_u2_t4	44.8300588030
weight	y_r1_u2_t5	49.4679313611
weight	y_r1_u2_t6	34.6274231007
weight	y_r1_u2_t7	35.5362860554
weight	y_r1_u2_t8	46.4076701471
weight	y_r1_u2_t9	52.1190037314
weight	y_r1_u2_t10	57.1356565118
weight	y_r1_u2_t11	42.8090064706
weight	y_r1_u2_t12	51.2884452256
weight	y_r1_u2_t13	52.4480380174
weight	y_r1_u2_t14	48.1001205633
weight	y_r1_u2_t15	54.7379423738
weight	y_r1_u2_t16	47.5242689784
weight	y_r1_u2_t17	57.6249121957
weight	y_r1_u2_t18	69.9853831887
weight	y_r1_u2_t19	72.0405967781
weight	y_r1_u2_t20	69.8360652475
weight	y_r1_u2_t21	53.4580039925
weight	y_r1_u2_t22	48.4083834324
weight	y_r1_u2_t23	72.4118591308
weight	y_r1_u2_t24	48.3695427467
weight	y_r1_u2_t25	60.8952828488
weight	y_r1_u2_t26	62.7273163878
weight	y_r1_u2_t27	65.3162609144
weight	y_r1_u2_t28	64.9503311818
weight	y_r1_u2_t29	55.2613229785
weight	y_r1_u2_t30	57.6758331442
weight	y_r1_u3_t1	46.7015885998
weight	y_r1_u3_t2	63.3612633727
weight	y_r1_u3_t3	59.1950449541
weight	y_r1_u3_t4	43.4643948245
weight	y_r1_u3_t5	56.5972526556
weight	y_r1_u3_t6	43.2670621680
weight	y_r1_u3_t7	43.4708576839
weight	y_r1_u3_t8	58.1960988952
weight	y_r1_u3_t9	53.9097706667
weight	y_r1_u3_t10	51.7634053644
weight	y_r1_u3_t11	31.7804450229
weight	y_r1_u3_t12	59.9982213462
weight	y_r1_u3_t13	49.7330195976
weight	y_r1_u3_t14	46.8764654478
weight	y_r1_u3_t15	51.1502285041
weight	y_r1_u3_t16	50.0625727660
weight	y_r1_u3_t17	64.6845804847
weight	y_r1_u3_t18	69.7445046695
weight	y_r1_u3_t19	70.4189494644
weight	y_r1_u3_t20	66.4443679651
weight	y_r1_u3_t21	63.0581052450
weight	y_r1_u3_t22	54.1250031884
weight	y_r1_u3_t23	66.1539112859
weight	y_r1_u3_t24	59.8735241198
weight	y_r1_u3_t25	58.0997661803
weight	y_r1_u3_t26	61.6920249768
weight	y_r1_u3_t27	64.5655706377
weight	y_r1_u3_t28	68.9180070928
weight	y_r1_u3_t29	64.1625412004
weight	y_r1_u3_t30	65.0832708942
weight	y_r1_u4_t1	54.8054429238
weight	y_r1_u4_t2	55.6836073319
weight	y_r1_u4_t3	56.0178146728
weight	y_r1_u4_t4	45.3164390579
weight	y_r1_u4_t5	59.4547426861
weight	y_r1_u4_t6	30.4205246708
weight	y_r1_u4_t7	46.0789722622
weight	y_r1_u4_t8	46.9722262502
weight	y_r1_u4_t9	55.6120319891
weight	y_r1_u4_t10	64.2933968077
weight	y_r1_u4_t11	47.4593733663
weight	y_r1_u4_t12	57.3017617036
weight	y_r1_u4_t13	52.3091879865
weight	y_r1_u4_t14	47.1980307029
weight	y_r1_u4_t15	53.8874813478
weight	y_r1_u4_t16	46.4340365587
weight	y_r1_u4_t17	59.2953928542
weight	y_r1_u4_t18	75.4920361792
weight	y_r1_u4_t19	69.8564596862
weight	y_r1_u4_t20	73.8954092159
weight	y_r1_u4_t21	56.1732591043
weight	y_r1_u4_t22	51.5802093543
weight	y_r1_u4_t23	73.7087425614
weight	y_r1_u4_t24	54.7820361037
weight	y_r1_u4_t25	65.8457388737
weight	y_r1_u4_t26	63.1209077378
weight	y_r1_u4_t27	72.4368747652
weight	y_r1_u4_t28	68.1577063926
weight	y_r1_u4_t29	54.8168272069
weight	y_r1_u4_t30	56.8778068577
weight	y_r1_u5_t1	48.1557058106
weight	y_r1_u5_t2	51.6541811326
weight	y_r1_u5_t3	50.7103831934
weight	y_r1_u5_t4	45.6209399469
weight	y_r1_u5_t5	54.5020759863
weight	y_r1_u5_t6	29.3381583187
weight	y_r1_u5_t7	40.9119282019
weight	y_r1_u5_t8	53.0091555988
weight	y_r1_u5_t9	47.7779064091
weight	y_r1_u5_t10	54.9259953360
weight	y_r1_u5_t11	40.0150804090
weight	y_r1_u5_t12	60.9438521959
weight	y_r1_u5_t13	45.3582892962
weight	y_r1_u5_t14	47.7064048965
weight	y_r1_u5_t15	48.1599951124
weight	y_r1_u5_t16	37.6672720298
weight	y_r1_u5_t17	61.1486887553
weight	y_r1_u5_t18	70.1482701406
weight	y_r1_u5_t19	67.2213206130
weight	y_r1_u5_t20	68.7210295651
weight	y_r1_u5_t21	52.3775350448
weight	y_r1_u5_t22	45.6217815851
weight	y_r1_u5_t23	62.4864461981
weight	y_r1_u5_t24	52.3579264448
weight	y_r1_u5_t25	52.2556087302
weight	y_r1_u5_t26	62.3834383430
weight	y_r1_u5_t27	62.9492704459
weight	y_r1_u5_t28	68.5062547891
weight	y_r1_u5_t29	51.4764226518
weight	y_r1_u5_t30	64.5318924381
weight	y_r1_u6_t1	59.7438111397
weight	y_r1_u6_t2	61.6334089307
weight	y_r1_u6_t3	65.4759596874
weight	y_r1_u6_t4	40.3805577965
weight	y_r1_u6_t5	52.6833062524
weight	y_r1_u6_t6	44.0977093204
weight	y_r1_u6_t7	45.0393631881
weight	y_r1_u6_t8	56.3482410751
weight	y_r1_u6_t9	54.6870697860
weight	y_r1_u6_t10	59.2970161920
weight	y_r1_u6_t11	42.2729294631
weight	y_r1_u6_t12	56.6634610340
weight	y_r1_u6_t13	53.4405046719
weight	y_r1_u6_t14	45.2091081601
weight	y_r1_u6_t15	44.6357511415
weight	y_r1_u6_t16	51.6559617656
weight	y_r1_u6_t17	58.0952519539
weight	y_r1_u6_t18	73.6715406096
weight	y_r1_u6_t19	76.2743738907
weight	y_r1_u6_t20	72.8911216284
weight	y_r1_u6_t21	64.3540784685
weight	y_r1_u6_t22	53.4374406680
weight	y_r1_u6_t23	70.4047348781
weight	y_r1_u6_t24	49.4847161635
weight	y_r1_u6_t25	69.6459734807
weight	y_r1_u6_t26	60.2891511493
weight	y_r1_u6_t27	65.3341146925
weight	y_r1_u6_t28	68.7562151915
weight	y_r1_u6_t29	52.3320802004
weight	y_r1_u6_t30	65.7347096241
weight	y_r1_u7_t1	51.5214016055
weight	y_r1_u7_t2	45.7144569948
weight	y_r1_u7_t3	56.6867290851
weight	y_r1_u7_t4	35.6211424931
weight	y_r1_u7_t5	44.8027329635
weight	y_r1_u7_t6	32.6866102705
weight	y_r1_u7_t7	34.2841275260
weight	y_r1_u7_t8	51.6510198122
weight	y_r1_u7_t9	47.0045484907
weight	y_r1_u7_t10	56.2179051755
weight	y_r1_u7_t11	40.4565480632
weight	y_r1_u7_t12	51.7354041043
weight	y_r1_u7_t13	48.9411130589
weight	y_r1_u7_t14	47.6785432605
weight	y_r1_u7_t15	43.0740297129
weight	y_r1_u7_t16	49.4997693938
weight	y_r1_u7_t17	58.9808028448
weight	y_r1_u7_t18	66.6226198921
weight	y_r1_u7_t19	68.8249904267
weight	y_r1_u7_t20	63.9093314987
weight	y_r1_u7_t21	55.2149803510
weight	y_r1_u7_t22	51.3091360098
weight	y_r1_u7_t23	66.9969899457
weight	y_r1_u7_t24	45.8870262586
weight	y_r1_u7_t25	60.4761529775
weight	y_r1_u7_t26	50.7728979733
weight	y_r1_u7_t27	55.8464159804
weight	y_r1_u7_t28	65.1015672562
weight	y_r1_u7_t29	53.8292931828
weight	y_r1_u7_t30	64.7865724071
weight	y_r1_u8_t1	48.4672787778
weight	y_r1_u8_t2	58.2366282077
weight	y_r1_u8_t3	56.6559332548
weight	y_r1_u8_t4	42.7953634051
weight	y_r1_u8_t5	63.5869519153
weight	y_r1_u8_t6	34.8361862961
weight	y_r1_u8_t7	41.3120646583
weight	y_r1_u8_t8	55.1946243758
weight	y_r1_u8_t9	49.6493498534
weight	y_r1_u8_t10	56.2820169973
weight	y_r1_u8_t11	40.3153854310
weight	y_r1_u8_t12	57.5021904432
weight	y_r1_u8_t13	51.8908925127
weight	y_r1_u8_t14	40.5118982890
weight	y_r1_u8_t15	50.6255788258
weight	y_r1_u8_t16	49.0485663894
weight	y_r1_u8_t17	60.6044177330
weight	y_r1_u8_t18	74.0567263857
weight	y_r1_u8_t19	65.7571335364
weight	y_r1_u8_t20	67.6456887541
weight	y_r1_u8_t21	56.2664599304
weight	y_r1_u8_t22	53.5878358362
weight	y_r1_u8_t23	68.6244781876
weight	y_r1_u8_t24	59.1212002761
weight	y_r1_u8_t25	55.1993938712
weight	y_r1_u8_t26	62.2125507255
weight	y_r1_u8_t27	64.8465040283
weight	y_r1_u8_t28	71.4981853526
weight	y_r1_u8_t29	52.2901383813
weight	y_r1_u8_t30	65.3497579250
weight	y_r1_u9_t1	37.3129215064
weight	y_r1_u9_t2	44.6567271489
weight	y_r1_u9_t3	43.2838555736
weight	y_r1_u9_t4	41.9390835111
weight	y_r1_u9_t5	47.2061729291
weight	y_r1_u9_t6	29.1212139723
weight	y_r1_u9_t7	34.1584903893
weight	y_r1_u9_t8	45.3688645914
weight	y_r1_u9_t9	51.7039351272
weight	y_r1_u9_t10	48.8599584075
weight	y_r1_u9_t11	37.5986688801
weight	y_r1_u9_t12	45.8176464025
weight	y_r1_u9_t13	47.4819290313
weight	y_r1_u9_t14	45.4598787129
weight	y_r1_u9_t15	49.7030912346
weight	y_r1_u9_t16	38.6706598167
weight	y_r1_u9_t17	55.4474839860
weight	y_r1_u9_t18	58.3240907900
weight	y_r1_u9_t19	63.2414688569
weight	y_r1_u9_t20	58.3454933008
weight	y_r1_u9_t21	43.0769163558
weight	y_r1_u9_t22	48.3902219185
weight	y_r1_u9_t23	60.5019385245
weight	y_r1_u9_t24	44.7358457969
weight	y_r1_u9_t25	53.7975448586
weight	y_r1_u9_t26	48.6760112018
weight	y_r1_u9_t27	58.5472666507
weight	y_r1_u9_t28	58.4995479564
weight	y_r1_u9_t29	55.8626402280
weight	y_r1_u9_t30	55.2780297840
weight	y_r1_u10_t1	34.2530255575
weight	y_r1_u10_t2	46.1048454595
weight	y_r1_u10_t3	40.0275462566
weight	y_r1_u10_t4	39.1952780612
weight	y_r1_u10_t5	45.2599924661
weight	y_r1_u10_t6	26.2727125224
weight	y_r1_u10_t7	39.5756642003
weight	y_r1_u10_t8	34.1715990870
weight	y_r1_u10_t9	41.3105569685
weight	y_r1_u10_t10	40.9488063173
weight	y_r1_u10_t11	30.1710658916
weight	y_r1_u10_t12	42.0661258030
weight	y_r1_u10_t13	38.8106817232
weight	y_r1_u10_t14	36.1680606758
weight	y_r1_u10_t15	44.8107066558
weight	y_r1_u10_t16	35.8043669937
weight	y_r1_u10_t17	54.0722897375
weight	y_r1_u10_t18	57.1023181092
weight	y_r1_u10_t19	49.5576652109
weight	y_r1_u10_t20	50.9954954317
weight	y_r1_u10_t21	49.0366208792
weight	y_r1_u10_t22	45.2194939794
weight	y_r1_u10_t23	54.4895392545
weight	y_r1_u10_t24	47.5903867975
weight	y_r1_u10_t25	45.8465211779
weight	y_r1_u10_t26	55.4754315461
weight	y_r1_u10_t27	54.7152314926
weight	y_r1_u10_t28	53.7314367516
weight	y_r1_u10_t29	49.2257280231
weight	y_r1_u10_t30	52.0561820984
weight	y_r1_u11_t1	59.8667286513
weight	y_r1_u11_t2	58.9234454168
weight	y_r1_u11_t3	59.0906503262
weight	y_r1_u11_t4	49.3926161125
weight	y_r1_u11_t5	58.2198067514
weight	y_r1_u11_t6	39.5849136141
weight	y_r1_u11_t7	48.0215254415
weight	y_r1_u11_t8	50.5002739457
weight	y_r1_u11_t9	53.9435591716
weight	y_r1_u11_t10	62.0152972246
weight	y_r1_u11_t11	44.2453662721
weight	y_r1_u11_t12	57.4760677094
weight	y_r1_u11_t13	51.3795104070
weight	y_r1_u11_t14	44.0224013139
weight	y_r1_u11_t15	56.8037572615
weight	y_r1_u11_t16	53.0334020015
weight	y_r1_u11_t17	63.1175123392
weight	y_r1_u11_t18	80.4553372855
weight	y_r1_u11_t19	70.0093570057
weight	y_r1_u11_t20	77.3397775153
weight	y_r1_u11_t21	62.4911472009
weight	y_r1_u11_t22	55.0626857267
weight	y_r1_u11_t23	74.4011983502
weight	y_r1_u11_t24	58.3539731402
weight	y_r1_u11_t25	56.9471978194
weight	y_r1_u11_t26	66.9001033634
weight	y_r1_u11_t27	71.1170598739
weight	y_r1_u11_t28	69.7978097418
weight	y_r1_u11_t29	52.0806653999
weight	y_r1_u11_t30	69.8335843174
weight	y_r1_u12_t1	46.9654166407
weight	y_r1_u12_t2	46.3328879375
weight	y_r1_u12_t3	49.4479758065
weight	y_r1_u12_t4	43.0625408328
weight	y_r1_u12_t5	50.8696651323
weight	y_r1_u12_t6	32.9283291283
weight	y_r1_u12_t7	32.8807150649
weight	y_r1_u12_t8	45.8156347828
weight	y_r1_u12_t9	55.7731422746
weight	y_r1_u12_t10	52.0298792876
weight	y_r1_u12_t11	38.4185396752
weight	y_r1_u12_t12	53.3238661331
weight	y_r1_u12_t13	49.2485594676
weight	y_r1_u12_t14	37.8645926469
weight	y_r1_u12_t15	44.0624949871
weight	y_r1_u12_t16	39.9100903054
weight	y_r1_u12_t17	53.1817893222
weight	y_r1_u12_t18	63.6650289340
weight	y_r1_u12_t19	68.7502330537
weight	y_r1_u12_t20	61.2172681495
weight	y_r1_u12_t21	51.1300538294
weight	y_r1_u12_t22	43.2003856018
weight	y_r1_u12_t23	59.4403736778
weight	y_r1_u12_t24	50.5133737765
weight	y_r1_u12_t25	51.9033348482
weight	y_r1_u12_t26	52.8686867957
weight	y_r1_u12_t27	63.6372369101
weight	y_r1_u12_t28	62.2576885944
weight	y_r1_u12_t29	48.3955823691
weight	y_r1_u12_t30	54.8471472473
weight	y_r1_u13_t1	68.7210041529
weight	y_r1_u13_t2	67.6169705361
weight	y_r1_u13_t3	69.9270125218
weight	y_r1_u13_t4	49.0798578133
weight	y_r1_u13_t5	70.3795114566
weight	y_r1_u13_t6	42.0845070468
weight	y_r1_u13_t7	46.2193997521
weight	y_r1_u13_t8	62.3457616001
weight	y_r1_u13_t9	63.6502672731
weight	y_r1_u13_t10	74.9867674990
weight	y_r1_u13_t11	55.2122108663
weight	y_r1_u13_t12	65.0045874918
weight	y_r1_u13_t13	60.4583598458
weight	y_r1_u13_t14	53.9129463772
weight	y_r1_u13_t15	63.0137582902
weight	y_r1_u13_t16	65.2711000387
weight	y_r1_u13_t17	59.9130824990
weight	y_r1_u13_t18	88.0397139693
weight	y_r1_u13_t19	78.4962919488
weight	y_r1_u13_t20	80.8198249901
weight	y_r1_u13_t21	63.7421657853
weight	y_r1_u13_t22	57.4109297374
weight	y_r1_u13_t23	83.5569628737
weight	y_r1_u13_t24	63.1839708509
weight	y_r1_u13_t25	63.1449630054
weight	y_r1_u13_t26	70.1632798631
weight	y_r1_u13_t27	79.6676891731
weight	y_r1_u13_t28	81.0479558356
weight	y_r1_u13_t29	60.5391559608
weight	y_r1_u13_t30	75.2065205480
weight	y_r1_u14_t1	45.4269705344
weight	y_r1_u14_t2	55.5858026462
weight	y_r1_u14_t3	50.3565159223
weight	y_r1_u14_t4	49.1486061581
weight	y_r1_u14_t5	52.2749079918
weight	y_r1_u14_t6	32.3724816392
weight	y_r1_u14_t7	41.9181067916
weight	y_r1_u14_t8	57.8421070249
weight	y_r1_u14_t9	55.2102322731
weight	y_r1_u14_t10	59.3921832518
weight	y_r1_u14_t11	44.4186655604
weight	y_r1_u14_t12	58.1049459412
weight	y_r1_u14_t13	50.4479353712
weight	y_r1_u14_t14	51.2971188700
weight	y_r1_u14_t15	53.7891945140
weight	y_r1_u14_t16	40.9647862262
weight	y_r1_u14_t17	57.8719542177
weight	y_r1_u14_t18	68.2377236612
weight	y_r1_u14_t19	69.8549012728
weight	y_r1_u14_t20	67.9464189953
weight	y_r1_u14_t21	48.4080012829
weight	y_r1_u14_t22	47.5750207867
weight	y_r1_u14_t23	61.8954270716
weight	y_r1_u14_t24	50.6683416213
weight	y_r1_u14_t25	55.2869213085
weight	y_r1_u14_t26	57.4705386738
weight	y_r1_u14_t27	68.3869564589
weight	y_r1_u14_t28	67.1629627329
weight	y_r1_u14_t29	62.1811303217
weight	y_r1_u14_t30	61.8151056435
weight	y_r1_u15_t1	43.0921551388
weight	y_r1_u15_t2	51.7534209495
weight	y_r1_u15_t3	46.1042603549
weight	y_r1_u15_t4	38.2737855552
weight	y_r1_u15_t5	55.2081834592
weight	y_r1_u15_t6	34.5128790378
weight	y_r1_u15_t7	35.3133618335
weight	y_r1_u15_t8	47.6256443590
weight	y_r1_u15_t9	37.9001095203
weight	y_r1_u15_t10	47.3794010860
weight	y_r1_u15_t11	34.2292926492
weight	y_r1_u15_t12	51.9445005099
weight	y_r1_u15_t13	43.6314451350
weight	y_r1_u15_t14	37.4257575256
weight	y_r1_u15_t15	45.7797374376
weight	y_r1_u15_t16	43.0574653760
weight	y_r1_u15_t17	49.5855492361
weight	y_r1_u15_t18	66.3493814729
weight	y_r1_u15_t19	58.7039841042
weight	y_r1_u15_t20	61.0656786557
weight	y_r1_u15_t21	48.7417709467
weight	y_r1_u15_t22	42.5057605775
weight	y_r1_u15_t23	60.5799987131
weight	y_r1_u15_t24	52.5683314312
weight	y_r1_u15_t25	46.6447463865
weight	y_r1_u15_t26	57.8271049817
weight	y_r1_u15_t27	55.6665427750
weight	y_r1_u15_t28	60.1979884903
weight	y_r1_u15_t29	46.3573628447
weight	y_r1_u15_t30	61.9164512120
weight	z_r1_k1_u1	0.0802769796
weight	z_r1_k1_u2	0.8955424472
weight	z_r1_k1_u3	0.3620161864
weight	z_r1_k1_u4	0.8344372374
weight	z_r1_k1_u5	0.1816295709
weight	z_r1_k1_u6	0.1944305042
weight	z_r1_k1_u7	0.2184271675
weight	z_r1_k1_u8	0.5679009159
weight	z_r1_k1_u9	0.3595304489
weight	z_r1_k1_u10	0.1128235303
weight	z_r1_k1_u11	0.5167184602
weight	z_r1_k1_u12	0.1406399179
weight	z_r1_k1_u13	0.9647294523
weight	z_r1_k1_u14	0.2013411392
weight	z_r1_k1_u15	0.6121112157
weight	z_r1_k2_u1	0.9523630680
weight	z_r1_k2_u2	0.2944632405
weight	z_r1_k2_u3	0.3345574574
weight	z_r1_k2_u4	0.8370369319
weight	z_r1_k2_u5	0.1477347470
weight	z_r1_k2_u6	0.6486706855
weight	z_r1_k2_u7	0.1322313556
weight	z_r1_k2_u8	0.4016937756
weight	z_r1_k2_u9	0.1670414547
weight	z_r1_k2_u10	0.3959104023
weight	z_r1_k2_u11	0.9279457286
weight	z_r1_k2_u12	0.4013577437
weight	z_r1_k2_u13	0.2581745673
weight	z_r1_k2_u14	0.0255142665
weight	z_r1_k2_u15	0.5092373875
weight	z_r1_k3_u1	0.8716173612
weight	z_r1_k3_u2	0.5153525171
weight	z_r1_k3_u3	0.7488559992
weight	z_r1_k3_u4	0.2674670902
weight	z_r1_k3_u5	0.5909740175
weight	z_r1_k3_u6	0.9406287875
weight	z_r1_k3_u7	0.6214547188
weight	z_r1_k3_u8	0.1850595479
weight	z_r1_k3_u9	0.1934259308
weight	z_r1_k3_u10	0.0385536894
weight	z_r1_k3_u11	0.0583773816
weight	z_r1_k3_u12	0.0680115817
weight	z_r1_k3_u13	0.2098558531
weight	z_r1_k3_u14	0.7258874022
weight	z_r1_k3_u15	0.4278078196
weight	z_r1_k4_u1	0.7121538231
weight	z_r1_k4_u2	0.4346495501
weight	z_r1_k4_u3	0.5066165521
weight	z_r1_k4_u4	0.1759324940
weight	z_r1_k4_u5	0.0029900698
weight	z_r1_k4_u6	0.3463561106
weight	z_r1_k4_u7	0.1420162693
weight	z_r1_k4_u8	0.5475407508
weight	z_r1_k4_u9	0.4547242792
weight	z_r1_k4_u10	0.6594475200
weight	z_r1_k4_u11	0.9378830460
weight	z_r1_k4_u12	0.3215773208
weight	z_r1_k4_u13	0.6228884412
weight	z_r1_k4_u14	0.2824509055
weight	z_r1_k4_u15	0.3139617590
weight	z_r1_k5_u1	0.6054045113
weight	z_r1_k5_u2	0.5751651241
weight	z_r1_k5_u3	0.8622591519
weight	z_r1_k5_u4	0.1960356762
weight	z_r1_k5_u5	0.3610160993
weight	z_r1_k5_u6	0.8449681483
weight	z_r1_k5_u7	0.0013114568
weight	z_r1_k5_u8	0.5628855641
weight	z_r1_k5_u9	0.0394576828
weight	z_r1_k5_u10	0.3114685263
weight	z_r1_k5_u11	0.6193347990
weight	z_r1_k5_u12	0.4002319842
weight	z_r1_k5_u13	0.9701390888
weight	z_r1_k5_u14	0.4028664022
weight	z_r1_k5_u15	0.8898947495
weight	z_r1_k6_u1	0.2254321843
weight	z_r1_k6_u2	0.7409560194
weight	z_r1_k6_u3	0.7595572565
weight	z_r1_k6_u4	0.0195801889
weight	z_r1_k6_u5	0.1292676991
weight	z_r1_k6_u6	0.1293835372
weight	z_r1_k6_u7	0.8334330970
weight	z_r1_k6_u8	0.1609669635
weight	z_r1_k6_u9	0.8612493959
weight	z_r1_k6_u10	0.1895691482
weight	z_r1_k6_u11	0.3670907444
weight	z_r1_k6_u12	0.1954521951
weight	z_r1_k6_u13	0.5488714471
weight	z_r1_k6_u14	0.5961374501
weight	z_r1_k6_u15	0.2302856850
weight	z_r1_k7_u1	0.7395951359
weight	z_r1_k7_u2	0.6781726344
weight	z_r1_k7_u3	0.9643832545
weight	z_r1_k7_u4	0.5277273979
weight	z_r1_k7_u5	0.0145790481
weight	z_r1_k7_u6	0.8517560195
weight	z_r1_k7_u7	0.9454943228
weight	z_r1_k7_u8	0.3078518810
weight	z_r1_k7_u9	0.7681594458
weight	z_r1_k7_u10	0.6260713139
weight	z_r1_k7_u11	0.0581143694
weight	z_r1_k7_u12	0.4514801877
weight	z_r1_k7_u13	0.4669539926
weight	z_r1_k7_u14	0.4267460399
weight	z_r1_k7_u15	0.0604224894
n_treated_rep1	2.000000
loss_rep1	0.0786974363
weight	sel_r1_u8	0.579703
weight	sel_r1_u14	0.420297
weight	y_r2_u1_t1	42.1976264555
weight	y_r2_u1_t2	49.0597397543
weight	y_r2_u1_t3	43.8848571091
weight	y_r2_u1_t4	48.5746290217
weight	y_r2_u1_t5	49.1073412445
weight	y_r2_u1_t6	30.6600613165
weight	y_r2_u1_t7	48.1835723643
weight	y_r2_u1_t8	55.0902761955
weight	y_r2_u1_t9	48.6201285215
weight	y_r2_u1_t10	40.2245424307
weight	y_r2_u1_t11	67.5917264959
weight	y_r2_u1_t12	60.8460376633
weight	y_r2_u1_t13	52.6745418694
weight	y_r2_u1_t14	62.1988695289
weight	y_r2_u1_t15	48.5900847612
weight	y_r2_u1_t16	58.5005993724
weight	y_r2_u1_t17	58.1723210778
weight	y_r2_u1_t18	46.6537759739
weight	y_r2_u1_t19	45.3270918256
weight	y_r2_u1_t20	55.2285831964
weight	y_r2_u1_t21	56.2298794126
weight	y_r2_u1_t22	51.3351564583
weight	y_r2_u1_t23	62.3903140020
weight	y_r2_u1_t24	57.3167769720
weight	y_r2_u1_t25	56.4182311067
weight	y_r2_u1_t26	65.1239337861
weight	y_r2_u1_t27	51.2173932881
weight	y_r2_u1_t28	55.8704412922
weight	y_r2_u1_t29	58.5844173932
weight	y_r2_u1_t30	48.2978846392
weight	y_r2_u2_t1	45.8923734767
weight	y_r2_u2_t2	38.3810490843
weight	y_r2_u2_t3	35.0604519766
weight	y_r2_u2_t4	37.1634852653
weight	y_r2_u2_t5	43.2184307620
weight	y_r2_u2_t6	39.3543440480
weight	y_r2_u2_t7	36.8319481298
weight	y_r2_u2_t8	57.8434000049
weight	y_r2_u2_t9	47.3030044337
weight	y_r2_u2_t10	32.3252444438
weight	y_r2_u2_t11	51.6432994811
weight	y_r2_u2_t12	55.4954558566
weight	y_r2_u2_t13	55.5599758130
weight	y_r2_u2_t14	63.1250834614
weight	y_r2_u2_t15	40.1180222113
weight	y_r2_u2_t16	57.6146096032
weight	y_r2_u2_t17	54.8450517376
weight	y_r2_u2_t18	47.3779419794
weight	y_r2_u2_t19	42.0516190977
weight	y_r2_u2_t20	58.0069184730
weight	y_r2_u2_t21	56.7839340830
weight	y_r2_u2_t22	46.3862022791
weight	y_r2_u2_t23	60.4768085260
weight	y_r2_u2_t24	48.6305956425
weight	y_r2_u2_t25	51.4604453669
weight	y_r2_u2_t26	57.5241659688
weight	y_r2_u2_t27	50.6419904364
weight	y_r2_u2_t28	54.5763293169
weight	y_r2_u2_t29	60.8834900177
weight	y_r2_u2_t30	48.8952336449
weight	y_r2_u3_t1	47.2570832982
weight	y_r2_u3_t2	50.2144846782
weight	y_r2_u3_t3	48.6596751089
weight	y_r2_u3_t4	50.6381846182
weight	y_r2_u3_t5	61.7849771296
weight	y_r2_u3_t6	44.9487573324
weight	y_r2_u3_t7	58.4456809740
weight	y_r2_u3_t8	57.7885500515
weight	y_r2_u3_t9	56.7586451608
weight	y_r2_u3_t10	42.6092976914
weight	y_r2_u3_t11	74.0343458989
weight	y_r2_u3_t12	64.3811340654
weight	y_r2_u3_t13	58.6007676146
weight	y_r2_u3_t14	71.6520690713
weight	y_r2_u3_t15	53.0906089928
weight	y_r2_u3_t16	63.5178455864
weight	y_r2_u3_t17	67.6721960462
weight	y_r2_u3_t18	53.4551543977
weight	y_r2_u3_t19	51.4136059145
weight	y_r2_u3_t20	57.8328052353
weight	y_r2_u3_t21	65.4158146244
weight	y_r2_u3_t22	55.5282019580
weight	y_r2_u3_t23	69.1893759258
weight	y_r2_u3_t24	60.4845819758
weight	y_r2_u3_t25	63.3713063438
weight	y_r2_u3_t26	68.8788592131
weight	y_r2_u3_t27	52.3037784632
weight	y_r2_u3_t28	56.5847715981
weight	y_r2_u3_t29	67.7772257277
weight	y_r2_u3_t30	55.4142946519
weight	y_r2_u4_t1	38.0954985220
weight	y_r2_u4_t2	43.2748230651
weight	y_r2_u4_t3	34.1913723073
weight	y_r2_u4_t4	44.6187441427
weight	y_r2_u4_t5	44.8949635495
weight	y_r2_u4_t6	37.8202032848
weight	y_r2_u4_t7	41.4590409119
weight	y_r2_u4_t8	49.9691316552
weight	y_r2_u4_t9	48.2065271898
weight	y_r2_u4_t10	36.7752192397
weight	y_r2_u4_t11	56.1190934346
weight	y_r2_u4_t12	57.6422282687
weight	y_r2_u4_t13	43.0090668574
weight	y_r2_u4_t14	61.5265468004
weight	y_r2_u4_t15	49.2449318640
weight	y_r2_u4_t16	51.2039382838
weight	y_r2_u4_t17	53.9831942640
weight	y_r2_u4_t18	43.9255429654
weight	y_r2_u4_t19	44.2801219870
weight	y_r2_u4_t20	51.2451809962
weight	y_r2_u4_t21	58.7611301450
weight	y_r2_u4_t22	46.7213417406
weight	y_r2_u4_t23	47.7963113875
weight	y_r2_u4_t24	53.4007685109
weight	y_r2_u4_t25	59.5122364201
weight	y_r2_u4_t26	58.9027420890
weight	y_r2_u4_t27	49.7521882326
weight	y_r2_u4_t28	57.2085231512
weight	y_r2_u4_t29	60.7248095080
weight	y_r2_u4_t30	48.0360231373
weight	y_r2_u5_t1	47.3387023257
weight	y_r2_u5_t2	50.0231768981
weight	y_r2_u5_t3	42.4944082697
weight	y_r2_u5_t4	38.8569317058
weight	y_r2_u5_t5	46.7389919305
weight	y_r2_u5_t6	38.1086365728
weight	y_r2_u5_t7	45.1385957439
weight	y_r2_u5_t8	54.5303256700
weight	y_r2_u5_t9	41.6308273902
weight	y_r2_u5_t10	36.8960632863
weight	y_r2_u5_t11	65.6368606024
weight	y_r2_u5_t12	56.7059080440
weight	y_r2_u5_t13	53.7033336542
weight	y_r2_u5_t14	57.6944397575
weight	y_r2_u5_t15	44.2645534345
weight	y_r2_u5_t16	52.1841412113
weight	y_r2_u5_t17	60.8668147140
weight	y_r2_u5_t18	47.4577966804
weight	y_r2_u5_t19	46.5710397258
weight	y_r2_u5_t20	58.2122633341
weight	y_r2_u5_t21	53.8219838523
weight	y_r2_u5_t22	53.0010153784
weight	y_r2_u5_t23	64.3380993643
weight	y_r2_u5_t24	46.0961549209
weight	y_r2_u5_t25	51.3877275392
weight	y_r2_u5_t26	63.6726318248
weight	y_r2_u5_t27	52.8326880354
weight	y_r2_u5_t28	51.3379444867
weight	y_r2_u5_t29	55.6613909698
weight	y_r2_u5_t30	49.4025229108
weight	y_r2_u6_t1	50.8031055446
weight	y_r2_u6_t2	47.4245067484
weight	y_r2_u6_t3	43.0299238066
weight	y_r2_u6_t4	46.6713636563
weight	y_r2_u6_t5	51.8781434661
weight	y_r2_u6_t6	43.1712260420
weight	y_r2_u6_t7	52.9801150077
weight	y_r2_u6_t8	63.0836087011
weight	y_r2_u6_t9	52.2283482146
weight	y_r2_u6_t10	36.8237120845
weight	y_r2_u6_t11	60.3596574150
weight	y_r2_u6_t12	61.5767531178
weight	y_r2_u6_t13	58.1095593702
weight	y_r2_u6_t14	65.0599071271
weight	y_r2_u6_t15	46.1462312973
weight	y_r2_u6_t16	60.4743183362
weight	y_r2_u6_t17	63.8869374603
weight	y_r2_u6_t18	50.4776700097
weight	y_r2_u6_t19	46.8755002527
weight	y_r2_u6_t20	58.1746535401
weight	y_r2_u6_t21	66.7898978609
weight	y_r2_u6_t22	58.8429740152
weight	y_r2_u6_t23	62.8739599974
weight	y_r2_u6_t24	53.2057284696
weight	y_r2_u6_t25	56.7983659666
weight	y_r2_u6_t26	70.5756778001
weight	y_r2_u6_t27	54.6787015462
weight	y_r2_u6_t28	58.4666477408
weight	y_r2_u6_t29	62.4704439976
weight	y_r2_u6_t30	51.4560229732
weight	y_r2_u7_t1	51.8485298656
weight	y_r2_u7_t2	53.2346126019
weight	y_r2_u7_t3	41.3613943865
weight	y_r2_u7_t4	51.8639443573
weight	y_r2_u7_t5	55.2802482077
weight	y_r2_u7_t6	44.3282402088
weight	y_r2_u7_t7	51.6069937707
weight	y_r2_u7_t8	61.2299299759
weight	y_r2_u7_t9	57.4324781196
weight	y_r2_u7_t10	45.2616241261
weight	y_r2_u7_t11	67.1273057920
weight	y_r2_u7_t12	63.6237603295
weight	y_r2_u7_t13	57.5028256589
weight	y_r2_u7_t14	73.6141147918
weight	y_r2_u7_t15	57.0801280869
weight	y_r2_u7_t16	67.0678797761
weight	y_r2_u7_t17	67.7356684270
weight	y_r2_u7_t18	51.6485670938
weight	y_r2_u7_t19	53.1120000700
weight	y_r2_u7_t20	67.4584027835
weight	y_r2_u7_t21	73.3659768631
weight	y_r2_u7_t22	54.2350382233
weight	y_r2_u7_t23	62.1834472327
weight	y_r2_u7_t24	65.6830608738
weight	y_r2_u7_t25	66.9317384885
weight	y_r2_u7_t26	64.9996633621
weight	y_r2_u7_t27	55.1929845605
weight	y_r2_u7_t28	66.9538041594
weight	y_r2_u7_t29	75.5719479492
weight	y_r2_u7_t30	55.7291841577
weight	y_r2_u8_t1	54.7516491634
weight	y_r2_u8_t2	55.4407091701
weight	y_r2_u8_t3	44.0769457486
weight	y_r2_u8_t4	46.8465313997
weight	y_r2_u8_t5	62.2152594432
weight	y_r2_u8_t6	45.8675680648
weight	y_r2_u8_t7	61.6435579654
weight	y_r2_u8_t8	55.6338319810
weight	y_r2_u8_t9	56.4356248256
weight	y_r2_u8_t10	45.4391234822
weight	y_r2_u8_t11	65.7879875124
weight	y_r2_u8_t12	65.4763345930
weight	y_r2_u8_t13	56.9173171355
weight	y_r2_u8_t14	66.2385533627
weight	y_r2_u8_t15	48.8774556188
weight	y_r2_u8_t16	62.7993709860
weight	y_r2_u8_t17	69.8651033421
weight	y_r2_u8_t18	54.9491539104
weight	y_r2_u8_t19	50.6952004838
weight	y_r2_u8_t20	57.1483643379
weight	y_r2_u8_t21	69.1037362305
weight	y_r2_u8_t22	64.6183966269
weight	y_r2_u8_t23	67.8366152478
weight	y_r2_u8_t24	58.2982926847
weight	y_r2_u8_t25	66.2047646089
weight	y_r2_u8_t26	70.5372445041
weight	y_r2_u8_t27	53.4577904949
weight	y_r2_u8_t28	58.5420074019
weight	y_r2_u8_t29	73.0556667678
weight	y_r2_u8_t30	55.2724930350
weight	y_r2_u9_t1	30.4559065965
weight	y_r2_u9_t2	34.7318944700
weight	y_r2_u9_t3	37.0987527499
weight	y_r2_u9_t4	39.0161941352
weight	y_r2_u9_t5	43.1844337297
weight	y_r2_u9_t6	27.3824687371
weight	y_r2_u9_t7	39.1583840579
weight	y_r2_u9_t8	51.3771758688
weight	y_r2_u9_t9	43.7541832516
weight	y_r2_u9_t10	29.3710013973
weight	y_r2_u9_t11	55.0572209571
weight	y_r2_u9_t12	46.0745118271
weight	y_r2_u9_t13	47.5983363164
weight	y_r2_u9_t14	56.8839925247
weight	y_r2_u9_t15	38.7557881959
weight	y_r2_u9_t16	49.2789549872
weight	y_r2_u9_t17	55.0769196866
weight	y_r2_u9_t18	41.8860109933
weight	y_r2_u9_t19	34.9703328769
weight	y_r2_u9_t20	47.3365936333
weight	y_r2_u9_t21	47.4275067620
weight	y_r2_u9_t22	47.4384733957
weight	y_r2_u9_t23	55.6948220932
weight	y_r2_u9_t24	51.8316366286
weight	y_r2_u9_t25	43.4390589909
weight	y_r2_u9_t26	59.3455717984
weight	y_r2_u9_t27	44.5038772523
weight	y_r2_u9_t28	48.6403979952
weight	y_r2_u9_t29	51.5858528399
weight	y_r2_u9_t30	39.0560802450
weight	y_r2_u10_t1	57.7043524349
weight	y_r2_u10_t2	58.0526369181
weight	y_r2_u10_t3	55.9026549071
weight	y_r2_u10_t4	56.9990625460
weight	y_r2_u10_t5	73.5068164859
weight	y_r2_u10_t6	55.5326541662
weight	y_r2_u10_t7	60.4300842177
weight	y_r2_u10_t8	74.8133582807
weight	y_r2_u10_t9	68.3547470165
weight	y_r2_u10_t10	48.9014331632
weight	y_r2_u10_t11	85.4047952858
weight	y_r2_u10_t12	73.4613961295
weight	y_r2_u10_t13	70.9142332834
weight	y_r2_u10_t14	86.8514105560
weight	y_r2_u10_t15	56.0387930577
weight	y_r2_u10_t16	76.4705869817
weight	y_r2_u10_t17	84.5692846061
weight	y_r2_u10_t18	63.0169592728
weight	y_r2_u10_t19	62.4960810661
weight	y_r2_u10_t20	78.7932065086
weight	y_r2_u10_t21	74.0666849058
weight	y_r2_u10_t22	63.3293515834
weight	y_r2_u10_t23	83.3626507795
weight	y_r2_u10_t24	68.1970667508
weight	y_r2_u10_t25	64.6103016179
weight	y_r2_u10_t26	88.8453259920
weight	y_r2_u10_t27	66.7959676416
weight	y_r2_u10_t28	70.4632146211
weight	y_r2_u10_t29	79.7302849060
weight	y_r2_u10_t30	59.3156992972
weight	y_r2_u11_t1	58.1510127359
weight	y_r2_u11_t2	59.0574818260
weight	y_r2_u11_t3	45.3544874047
weight	y_r2_u11_t4	40.0930936384
weight	y_r2_u11_t5	56.4656264885
weight	y_r2_u11_t6	40.8678385298
weight	y_r2_u11_t7	45.3961296713
weight	y_r2_u11_t8	63.0053278617
weight	y_r2_u11_t9	52.7807467936
weight	y_r2_u11_t10	38.9287589347
weight	y_r2_u11_t11	64.1673800795
weight	y_r2_u11_t12	68.1538165801
weight	y_r2_u11_t13	55.5609345151
weight	y_r2_u11_t14	64.3574052375
weight	y_r2_u11_t15	44.9147904104
weight	y_r2_u11_t16	63.9860077973
weight	y_r2_u11_t17	63.6217405916
weight	y_r2_u11_t18	54.1868239547
weight	y_r2_u11_t19	45.2330610756
weight	y_r2_u11_t20	69.3708182578
weight	y_r2_u11_t21	68.4144253227
weight	y_r2_u11_t22	58.8250626557
weight	y_r2_u11_t23	67.0430502202
weight	y_r2_u11_t24	53.6584840823
weight	y_r2_u11_t25	60.4054702359
weight	y_r2_u11_t26	69.2433576899
weight	y_r2_u11_t27	60.1407047561
weight	y_r2_u11_t28	64.0560091136
weight	y_r2_u11_t29	67.2223602234
weight	y_r2_u11_t30	50.2848423234
weight	y_r2_u12_t1	45.5490449419
weight	y_r2_u12_t2	39.8585011567
weight	y_r2_u12_t3	44.1607911573
weight	y_r2_u12_t4	41.3456601498
weight	y_r2_u12_t5	48.9396327991
weight	y_r2_u12_t6	37.7220277815
weight	y_r2_u12_t7	50.6936612406
weight	y_r2_u12_t8	50.6019631476
weight	y_r2_u12_t9	52.7525332344
weight	y_r2_u12_t10	32.0694485668
weight	y_r2_u12_t11	67.2252403458
weight	y_r2_u12_t12	55.9715989302
weight	y_r2_u12_t13	52.1132015362
weight	y_r2_u12_t14	61.5705351495
weight	y_r2_u12_t15	34.8602161040
weight	y_r2_u12_t16	53.7502015683
weight	y_r2_u12_t17	65.0507513449
weight	y_r2_u12_t18	48.4739622336
weight	y_r2_u12_t19	46.7854862993
weight	y_r2_u12_t20	57.6006538151
weight	y_r2_u12_t21	63.9298880379
weight	y_r2_u12_t22	47.3164204573
weight	y_r2_u12_t23	59.3236280674
weight	y_r2_u12_t24	48.1765651285
weight	y_r2_u12_t25	54.5560400659
weight	y_r2_u12_t26	60.3917855112
weight	y_r2_u12_t27	52.2309633927
weight	y_r2_u12_t28	52.9713021315
weight	y_r2_u12_t29	55.4472042035
weight	y_r2_u12_t30	52.0073559994
weight	y_r2_u13_t1	43.1006935195
weight	y_r2_u13_t2	48.7122851049
weight	y_r2_u13_t3	38.2368496966
weight	y_r2_u13_t4	47.1445830043
weight	y_r2_u13_t5	49.6729322502
weight	y_r2_u13_t6	35.1919377633
weight	y_r2_u13_t7	45.9218694163
weight	y_r2_u13_t8	51.5310447517
weight	y_r2_u13_t9	53.9969053710
weight	y_r2_u13_t10	38.3814937265
weight	y_r2_u13_t11	61.5843576093
weight	y_r2_u13_t12	59.9093746952
weight	y_r2_u13_t13	50.9233064397
weight	y_r2_u13_t14	60.6459596568
weight	y_r2_u13_t15	47.8467756497
weight	y_r2_u13_t16	56.1074121836
weight	y_r2_u13_t17	63.7460098544
weight	y_r2_u13_t18	42.3544342591
weight	y_r2_u13_t19	54.3575584395
weight	y_r2_u13_t20	56.8670599506
weight	y_r2_u13_t21	58.2704000901
weight	y_r2_u13_t22	54.2435691553
weight	y_r2_u13_t23	63.1027769052
weight	y_r2_u13_t24	55.6211362594
weight	y_r2_u13_t25	65.8260457312
weight	y_r2_u13_t26	63.2913502060
weight	y_r2_u13_t27	47.4947445690
weight	y_r2_u13_t28	50.7841714195
weight	y_r2_u13_t29	67.1489223204
weight	y_r2_u13_t30	49.9374518233
weight	y_r2_u14_t1	39.7687833074
weight	y_r2_u14_t2	39.7602857641
weight	y_r2_u14_t3	34.6146735014
weight	y_r2_u14_t4	43.9810923494
weight	y_r2_u14_t5	42.3283175178
weight	y_r2_u14_t6	33.9343471880
weight	y_r2_u14_t7	42.7439492718
weight	y_r2_u14_t8	52.3667000431
weight	y_r2_u14_t9	47.1513093837
weight	y_r2_u14_t10	35.2302115977
weight	y_r2_u14_t11	54.8759298543
weight	y_r2_u14_t12	60.3750727955
weight	y_r2_u14_t13	48.1614491196
weight	y_r2_u14_t14	60.2545663650
weight	y_r2_u14_t15	42.7337977003
weight	y_r2_u14_t16	54.8999034854
weight	y_r2_u14_t17	58.1679391763
weight	y_r2_u14_t18	42.0940514293
weight	y_r2_u14_t19	51.3806218650
weight	y_r2_u14_t20	52.3444983078
weight	y_r2_u14_t21	55.2726393690
weight	y_r2_u14_t22	49.1480839711
weight	y_r2_u14_t23	61.4078997566
weight	y_r2_u14_t24	51.8159675915
weight	y_r2_u14_t25	60.8971196328
weight	y_r2_u14_t26	64.1125779389
weight	y_r2_u14_t27	47.9995418911
weight	y_r2_u14_t28	48.1135987227
weight	y_r2_u14_t29	58.1860846528
weight	y_r2_u14_t30	52.0013313561
weight	y_r2_u15_t1	46.0648246144
weight	y_r2_u15_t2	41.4250273877
weight	y_r2_u15_t3	34.1474795089
weight	y_r2_u15_t4	37.2179544075
weight	y_r2_u15_t5	48.4680724894
weight	y_r2_u15_t6	40.2667283791
weight	y_r2_u15_t7	49.0099792386
weight	y_r2_u15_t8	55.5951642919
weight	y_r2_u15_t9	35.7154638244
weight	y_r2_u15_t10	37.5789644922
weight	y_r2_u15_t11	65.9147921896
weight	y_r2_u15_t12	57.2418408689
weight	y_r2_u15_t13	46.6889452216
weight	y_r2_u15_t14	58.5813781961
weight	y_r2_u15_t15	46.5902202075
weight	y_r2_u15_t16	55.8256270019
weight	y_r2_u15_t17	58.5753719034
weight	y_r2_u15_t18	51.9875927799
weight	y_r2_u15_t19	35.4946420069
weight	y_r2_u15_t20	53.9538508439
weight	y_r2_u15_t21	57.9651993249
weight	y_r2_u15_t22	54.1677419512
weight	y_r2_u15_t23	66.7316303837
weight	y_r2_u15_t24	50.0973584655
weight	y_r2_u15_t25	48.0328096453
weight	y_r2_u15_t26	68.3550984356
weight	y_r2_u15_t27	55.1608412248
weight	y_r2_u15_t28	55.8208069517
weight	y_r2_u15_t29	55.4239712831
weight	y_r2_u15_t30	47.1669717749
weight	z_r2_k1_u1	0.2664067177
weight	z_r2_k1_u2	0.6492888527
weight	z_r2_k1_u3	0.6032721289
weight	z_r2_k1_u4	0.1469019370
weight	z_r2_k1_u5	0.0927941864
weight	z_r2_k1_u6	0.6595095322
weight	z_r2_k1_u7	0.5630554236
weight	z_r2_k1_u8	0.9372690208
weight	z_r2_k1_u9	0.0094624711
weight	z_r2_k1_u10	0.1400458678
weight	z_r2_k1_u11	0.0443561969
weight	z_r2_k1_u12	0.5691136420
weight	z_r2_k1_u13	0.8609081286
weight	z_r2_k1_u14	0.9735735874
weight	z_r2_k1_u15	0.1123770361
weight	z_r2_k2_u1	0.4367434273
weight	z_r2_k2_u2	0.0901115171
weight	z_r2_k2_u3	0.8132883965
weight	z_r2_k2_u4	0.4368710511
weight	z_r2_k2_u5	0.9118291885
weight	z_r2_k2_u6	0.8133533385
weight	z_r2_k2_u7	0.5929572310
weight	z_r2_k2_u8	0.9807548828
weight	z_r2_k2_u9	0.1933658542
weight	z_r2_k2_u10	0.6482805838
weight	z_r2_k2_u11	0.8414558012
weight	z_r2_k2_u12	0.0975783814
weight	z_r2_k2_u13	0.9002001069
weight	z_r2_k2_u14	0.6532883327
weight	z_r2_k2_u15	0.3214160993
weight	z_r2_k3_u1	0.8580804528
weight	z_r2_k3_u2	0.9908382790
weight	z_r2_k3_u3	0.5499057937
weight	z_r2_k3_u4	0.4294368352
weight	z_r2_k3_u5	0.6746025330
weight	z_r2_k3_u6	0.6679955889
weight	z_r2_k3_u7	0.9317449732
weight	z_r2_k3_u8	0.4356658733
weight	z_r2_k3_u9	0.6259565854
weight	z_r2_k3_u10	0.4997963484
weight	z_r2_k3_u11	0.9907204940
weight	z_r2_k3_u12	0.6747458866
weight	z_r2_k3_u13	0.4899254118
weight	z_r2_k3_u14	0.6029352776
weight	z_r2_k3_u15	0.4817100021
weight	z_r2_k4_u1	0.2489475510
weight	z_r2_k4_u2	0.7785024077
weight	z_r2_k4_u3	0.4430738401
weight	z_r2_k4_u4	0.7066365248
weight	z_r2_k4_u5	0.5007271094
weight	z_r2_k4_u6	0.4645613006
weight	z_r2_k4_u7	0.9928555992
weight	z_r2_k4_u8	0.1929364142
weight	z_r2_k4_u9	0.1963745039
weight	z_r2_k4_u10	0.7868077590
weight	z_r2_k4_u11	0.0654948230
weight	z_r2_k4_u12	0.8553200662
weight	z_r2_k4_u13	0.4012205270
weight	z_r2_k4_u14	0.2738443406
weight	z_r2_k4_u15	0.0476697243
weight	z_r2_k5_u1	0.2406430212
weight	z_r2_k5_u2	0.0817532728
weight	z_r2_k5_u3	0.4284661056
weight	z_r2_k5_u4	0.0202192250
weight	z_r2_k5_u5	0.4182688287
weight	z_r2_k5_u6	0.9155390451
weight	z_r2_k5_u7	0.0164751005
weight	z_r2_k5_u8	0.6482646246
weight	z_r2_k5_u9	0.8989876355
weight	z_r2_k5_u10	0.7605827239
weight	z_r2_k5_u11	0.2127076150
weight	z_r2_k5_u12	0.5787523445
weight	z_r2_k5_u13	0.2275358269
weight	z_r2_k5_u14	0.3508120575
weight	z_r2_k5_u15	0.9047495576
weight	z_r2_k6_u1	0.4967297900
weight	z_r2_k6_u2	0.3160985347
weight	z_r2_k6_u3	0.9944440040
weight	z_r2_k6_u4	0.9750739711
weight	z_r2_k6_u5	0.2180277596
weight	z_r2_k6_u6	0.3527691939
weight	z_r2_k6_u7	0.8420389099
weight	z_r2_k6_u8	0.7466118704
weight	z_r2_k6_u9	0.1548120480
weight	z_r2_k6_u10	0.4271098634
weight	z_r2_k6_u11	0.0048511708
weight	z_r2_k6_u12	0.3105478960
weight	z_r2_k6_u13	0.7306625156
weight	z_r2_k6_u14	0.6669563758
weight	z_r2_k6_u15	0.2107749176
weight	z_r2_k7_u1	0.3703686374
weight	z_r2_k7_u2	0.7956048697
weight	z_r2_k7_u3	0.5760631708
weight	z_r2_k7_u4	0.0061066058
weight	z_r2_k7_u5	0.8463870399
weight	z_r2_k7_u6	0.3980443017
weight	z_r2_k7_u7	0.1026888499
weight	z_r2_k7_u8	0.5943499131
weight	z_r2_k7_u9	0.0022176278
weight	z_r2_k7_u10	0.7403605150
weight	z_r2_k7_u11	0.8307953179
weight	z_r2_k7_u12	0.9258743820
weight	z_r2_k7_u13	0.0738285938
weight	z_r2_k7_u14	0.0539420326
weight	z_r2_k7_u15	0.2450724356
n_treated_rep2	2.000000
loss_rep2	0.0627979556
weight	sel_r2_u1	0.481990
weight	sel_r2_u6	0.518010
weight	y_r3_u1_t1	31.9819358009
weight	y_r3_u1_t2	36.5551846457
weight	y_r3_u1_t3	52.2359335169
weight	y_r3_u1_t4	49.1973820586
weight	y_r3_u1_t5	40.7942886985
weight	y_r3_u1_t6	41.7281975025
weight	y_r3_u1_t7	38.8097535519
weight	y_r3_u1_t8	40.4633779908
weight	y_r3_u1_t9	35.5790397337
weight	y_r3_u1_t10	42.7142394062
weight	y_r3_u1_t11	44.0231110130
weight	y_r3_u1_t12	50.8162338643
weight	y_r3_u1_t13	45.6792426398
weight	y_r3_u1_t14	65.3972637633
weight	y_r3_u1_t15	38.3337534402
weight	y_r3_u1_t16	68.4358171354
weight	y_r3_u1_t17	51.8144353418
weight	y_r3_u1_t18	49.3253187694
weight	y_r3_u1_t19	43.1948013314
weight	y_r3_u1_t20	54.2596594137
weight	y_r3_u1_t21	59.8704090919
weight	y_r3_u1_t22	67.7186415940
weight	y_r3_u1_t23	59.8337745857
weight	y_r3_u1_t24	50.4403375950
weight	y_r3_u1_t25	58.2244507454
weight	y_r3_u1_t26	70.8160146407
weight	y_r3_u1_t27	51.8006684642
weight	y_r3_u1_t28	59.5794663689
weight	y_r3_u1_t29	63.9082084221
weight	y_r3_u1_t30	67.8245008581
weight	y_r3_u2_t1	29.8399697153
weight	y_r3_u2_t2	42.8096542324
weight	y_r3_u2_t3	44.9883392546
weight	y_r3_u2_t4	44.5286664617
weight	y_r3_u2_t5	36.7748955347
weight	y_r3_u2_t6	31.7064002429
weight	y_r3_u2_t7	34.8335266337
weight	y_r3_u2_t8	42.1037193270
weight	y_r3_u2_t9	31.6290291741
weight	y_r3_u2_t10	47.4082694639
weight	y_r3_u2_t11	51.5411660106
weight	y_r3_u2_t12	52.8180190636
weight	y_r3_u2_t13	37.5708397152
weight	y_r3_u2_t14	62.7914350997
weight	y_r3_u2_t15	47.5704351734
weight	y_r3_u2_t16	58.4832990397
weight	y_r3_u2_t17	46.9101203698
weight	y_r3_u2_t18	56.1820621086
weight	y_r3_u2_t19	46.4582724097
weight	y_r3_u2_t20	56.1104030833
weight	y_r3_u2_t21	55.9965338855
weight	y_r3_u2_t22	68.4113221220
weight	y_r3_u2_t23	58.9171591759
weight	y_r3_u2_t24	41.4183832822
weight	y_r3_u2_t25	47.5163864037
weight	y_r3_u2_t26	64.0807289797
weight	y_r3_u2_t27	55.2390326868
weight	y_r3_u2_t28	62.6846598361
weight	y_r3_u2_t29	54.9384932074
weight	y_r3_u2_t30	53.1944960087
weight	y_r3_u3_t1	35.4026085880
weight	y_r3_u3_t2	44.8495899223
weight	y_r3_u3_t3	36.5487600748
weight	y_r3_u3_t4	44.7924359558
weight	y_r3_u3_t5	34.1760499574
weight	y_r3_u3_t6	32.9767373284
weight	y_r3_u3_t7	49.4635522157
weight	y_r3_u3_t8	39.3599681354
weight	y_r3_u3_t9	38.5480181099
weight	y_r3_u3_t10	46.4269394912
weight	y_r3_u3_t11	49.8258626662
weight	y_r3_u3_t12	47.4955266429
weight	y_r3_u3_t13	42.0205446354
weight	y_r3_u3_t14	52.4590781454
weight	y_r3_u3_t15	49.7503812516
weight	y_r3_u3_t16	70.6222179276
weight	y_r3_u3_t17	43.4801968859
weight	y_r3_u3_t18	52.6737357743
weight	y_r3_u3_t19	45.8947818839
weight	y_r3_u3_t20	52.7532238000
weight	y_r3_u3_t21	49.9351928721
weight	y_r3_u3_t22	67.2362536955
weight	y_r3_u3_t23	62.3726116772
weight	y_r3_u3_t24	52.1689097862
weight	y_r3_u3_t25	52.5201402103
weight	y_r3_u3_t26	68.8062460761
weight	y_r3_u3_t27	52.9503065926
weight	y_r3_u3_t28	64.8234985414
weight	y_r3_u3_t29	63.9513283281
weight	y_r3_u3_t30	61.9695369795
weight	y_r3_u4_t1	35.9532823262
weight	y_r3_u4_t2	48.2607584956
weight	y_r3_u4_t3	45.2439437761
weight	y_r3_u4_t4	50.2885657139
weight	y_r3_u4_t5	42.6321846888
weight	y_r3_u4_t6	41.3067996704
weight	y_r3_u4_t7	48.1461615572
weight	y_r3_u4_t8	51.3142851504
weight	y_r3_u4_t9	34.7159008922
weight	y_r3_u4_t10	55.0487322478
weight	y_r3_u4_t11	59.9355539715
weight	y_r3_u4_t12	53.4300468276
weight	y_r3_u4_t13	46.7177265523
weight	y_r3_u4_t14	65.7932626745
weight	y_r3_u4_t15	54.0649463564
weight	y_r3_u4_t16	70.2743403821
weight	y_r3_u4_t17	55.2103775250
weight	y_r3_u4_t18	68.6864387644
weight	y_r3_u4_t19	57.2490468746
weight	y_r3_u4_t20	68.9820957656
weight	y_r3_u4_t21	65.0176315220
weight	y_r3_u4_t22	81.3241768998
weight	y_r3_u4_t23	65.4388569384
weight	y_r3_u4_t24	58.4998338288
weight	y_r3_u4_t25	52.5506242686
weight	y_r3_u4_t26	71.2469480570
weight	y_r3_u4_t27	62.7109627750
weight	y_r3_u4_t28	62.1801038337
weight	y_r3_u4_t29	68.4197862073
weight	y_r3_u4_t30	66.9425805960
weight	y_r3_u5_t1	38.4673091610
weight	y_r3_u5_t2	48.0580130082
weight	y_r3_u5_t3	59.5452437428
weight	y_r3_u5_t4	60.7306887331
weight	y_r3_u5_t5	55.5826304486
weight	y_r3_u5_t6	46.2418841362
weight	y_r3_u5_t7	49.2602249275
weight	y_r3_u5_t8	58.3256534455
weight	y_r3_u5_t9	44.6587955722
weight	y_r3_u5_t10	61.3318905780
weight	y_r3_u5_t11	57.0108088023
weight	y_r3_u5_t12	69.6692781600
weight	y_r3_u5_t13	56.8845198124
weight	y_r3_u5_t14	73.0299824952
weight	y_r3_u5_t15	52.9946541816
weight	y_r3_u5_t16	82.1170995552
weight	y_r3_u5_t17	61.6468212254
weight	y_r3_u5_t18	68.5053836133
weight	y_r3_u5_t19	51.3055404084
weight	y_r3_u5_t20	65.3814537918
weight	y_r3_u5_t21	69.3036353814
weight	y_r3_u5_t22	82.7280925702
weight	y_r3_u5_t23	82.4539491411
weight	y_r3_u5_t24	66.3023358910
weight	y_r3_u5_t25	69.2494589590
weight	y_r3_u5_t26	81.4870848720
weight	y_r3_u5_t27	61.6676984343
weight	y_r3_u5_t28	77.9302853673
weight	y_r3_u5_t29	78.9851895754
weight	y_r3_u5_t30	76.1963282793
weight	y_r3_u6_t1	36.7849409494
weight	y_r3_u6_t2	48.5665782020
weight	y_r3_u6_t3	44.7761471445
weight	y_r3_u6_t4	45.3151741652
weight	y_r3_u6_t5	37.1314432189
weight	y_r3_u6_t6	37.0202078912
weight	y_r3_u6_t7	49.2154459363
weight	y_r3_u6_t8	43.6634261954
weight	y_r3_u6_t9	37.1041028939
weight	y_r3_u6_t10	47.0382918475
weight	y_r3_u6_t11	51.0406117874
weight	y_r3_u6_t12	46.7231169667
weight	y_r3_u6_t13	50.1605489984
weight	y_r3_u6_t14	58.5294960342
weight	y_r3_u6_t15	46.4191563995
weight	y_r3_u6_t16	69.7864119145
weight	y_r3_u6_t17	45.6752405032
weight	y_r3_u6_t18	66.3867946435
weight	y_r3_u6_t19	51.2517690204
weight	y_r3_u6_t20	57.9508069572
weight	y_r3_u6_t21	61.6375286867
weight	y_r3_u6_t22	72.7485104345
weight	y_r3_u6_t23	69.0776927778
weight	y_r3_u6_t24	62.9168388154
weight	y_r3_u6_t25	60.8371435374
weight	y_r3_u6_t26	76.8109612026
weight	y_r3_u6_t27	58.0618632641
weight	y_r3_u6_t28	62.0293258782
weight	y_r3_u6_t29	64.5627340471
weight	y_r3_u6_t30	62.6199844054
weight	y_r3_u7_t1	39.7033892980
weight	y_r3_u7_t2	49.7227388760
weight	y_r3_u7_t3	47.9257700756
weight	y_r3_u7_t4	49.0777292597
weight	y_r3_u7_t5	43.9328904001
weight	y_r3_u7_t6	41.9863414386
weight	y_r3_u7_t7	41.1033788438
weight	y_r3_u7_t8	52.6913137566
weight	y_r3_u7_t9	40.6240590004
weight	y_r3_u7_t10	56.0004424924
weight	y_r3_u7_t11	54.3285982485
weight	y_r3_u7_t12	60.1593133881
weight	y_r3_u7_t13	51.9673801922
weight	y_r3_u7_t14	60.8744555608
weight	y_r3_u7_t15	53.7861325943
weight	y_r3_u7_t16	76.4445656085
weight	y_r3_u7_t17	52.8964112371
weight	y_r3_u7_t18	57.9897486570
weight	y_r3_u7_t19	51.1865725324
weight	y_r3_u7_t20	60.1040413558
weight	y_r3_u7_t21	61.4965750806
weight	y_r3_u7_t22	75.7313854539
weight	y_r3_u7_t23	67.3903877914
weight	y_r3_u7_t24	50.3060148536
weight	y_r3_u7_t25	57.2703198247
weight	y_r3_u7_t26	67.0263389323
weight	y_r3_u7_t27	60.1591812383
weight	y_r3_u7_t28	66.7511799002
weight	y_r3_u7_t29	69.9345269066
weight	y_r3_u7_t30	66.3653681661
weight	y_r3_u8_t1	42.3315796439
weight	y_r3_u8_t2	50.2161748665
weight	y_r3_u8_t3	55.9608232625
weight	y_r3_u8_t4	51.6760579487
weight	y_r3_u8_t5	43.1959140024
weight	y_r3_u8_t6	45.2227935728
weight	y_r3_u8_t7	45.4439562238
weight	y_r3_u8_t8	46.9060337387
weight	y_r3_u8_t9	48.8210374631
weight	y_r3_u8_t10	53.8234721474
weight	y_r3_u8_t11	59.0623578550
weight	y_r3_u8_t12	61.2381251849
weight	y_r3_u8_t13	59.4845850105
weight	y_r3_u8_t14	68.6259831809
weight	y_r3_u8_t15	55.3953931223
weight	y_r3_u8_t16	78.1058842120
weight	y_r3_u8_t17	50.7921973295
weight	y_r3_u8_t18	64.9328645836
weight	y_r3_u8_t19	55.8142438699
weight	y_r3_u8_t20	62.3805788748
weight	y_r3_u8_t21	71.9494564696
weight	y_r3_u8_t22	75.3872139859
weight	y_r3_u8_t23	76.5723229609
weight	y_r3_u8_t24	60.7142317023
weight	y_r3_u8_t25	61.3974440755
weight	y_r3_u8_t26	78.3337194097
weight	y_r3_u8_t27	72.7180159382
weight	y_r3_u8_t28	78.1625598373
weight	y_r3_u8_t29	69.0638137935
weight	y_r3_u8_t30	64.8563111045
weight	y_r3_u9_t1	30.6548225629
weight	y_r3_u9_t2	44.7580813822
weight	y_r3_u9_t3	46.4305930354
weight	y_r3_u9_t4	47.3374490196
weight	y_r3_u9_t5	39.7383271812
weight	y_r3_u9_t6	37.1962961874
weight	y_r3_u9_t7	39.3607433897
weight	y_r3_u9_t8	45.3744249326
weight	y_r3_u9_t9	31.4678637181
weight	y_r3_u9_t10	50.6185384326
weight	y_r3_u9_t11	46.7003876604
weight	y_r3_u9_t12	50.6621245526
weight	y_r3_u9_t13	50.5690147308
weight	y_r3_u9_t14	61.6800004998
weight	y_r3_u9_t15	43.2194685474
weight	y_r3_u9_t16	64.5677660463
weight	y_r3_u9_t17	49.1081327847
weight	y_r3_u9_t18	59.5319948125
weight	y_r3_u9_t19	46.4777735068
weight	y_r3_u9_t20	57.0819573609
weight	y_r3_u9_t21	61.8156206555
weight	y_r3_u9_t22	74.1103001820
weight	y_r3_u9_t23	63.5891090004
weight	y_r3_u9_t24	49.0554147189
weight	y_r3_u9_t25	60.7926302173
weight	y_r3_u9_t26	70.8957716272
weight	y_r3_u9_t27	56.2932445635
weight	y_r3_u9_t28	59.8123303116
weight	y_r3_u9_t29	65.0982902221
weight	y_r3_u9_t30	61.7432823538
weight	y_r3_u10_t1	39.9861641476
weight	y_r3_u10_t2	46.7018021425
weight	y_r3_u10_t3	53.1877479838
weight	y_r3_u10_t4	47.5438287562
weight	y_r3_u10_t5	47.1244653306
weight	y_r3_u10_t6	42.5767111004
weight	y_r3_u10_t7	50.9999540821
weight	y_r3_u10_t8	52.4656158141
weight	y_r3_u10_t9	40.3068571958
weight	y_r3_u10_t10	57.4358685258
weight	y_r3_u10_t11	57.6152005884
weight	y_r3_u10_t12	66.0452518251
weight	y_r3_u10_t13	63.8544630045
weight	y_r3_u10_t14	68.0655031419
weight	y_r3_u10_t15	54.4418409946
weight	y_r3_u10_t16	76.0360183383
weight	y_r3_u10_t17	57.4263579601
weight	y_r3_u10_t18	65.3274053870
weight	y_r3_u10_t19	55.6717813587
weight	y_r3_u10_t20	58.1031452671
weight	y_r3_u10_t21	75.3609977586
weight	y_r3_u10_t22	74.4495230944
weight	y_r3_u10_t23	79.7265881584
weight	y_r3_u10_t24	60.1632167121
weight	y_r3_u10_t25	70.2039681590
weight	y_r3_u10_t26	81.7635666629
weight	y_r3_u10_t27	68.4608164691
weight	y_r3_u10_t28	74.1310698069
weight	y_r3_u10_t29	69.6605905957
weight	y_r3_u10_t30	79.7216736685
weight	y_r3_u11_t1	32.9730358582
weight	y_r3_u11_t2	33.6527310168
weight	y_r3_u11_t3	38.2400401745
weight	y_r3_u11_t4	36.8632043387
weight	y_r3_u11_t5	33.6046821179
weight	y_r3_u11_t6	31.0167528999
weight	y_r3_u11_t7	43.3759857174
weight	y_r3_u11_t8	37.0683008521
weight	y_r3_u11_t9	37.1958447103
weight	y_r3_u11_t10	45.5100494139
weight	y_r3_u11_t11	42.6654123536
weight	y_r3_u11_t12	51.9987265099
weight	y_r3_u11_t13	49.8437526012
weight	y_r3_u11_t14	52.8985468021
weight	y_r3_u11_t15	40.9633239303
weight	y_r3_u11_t16	60.8268160747
weight	y_r3_u11_t17	46.0046830337
weight	y_r3_u11_t18	46.8069639957
weight	y_r3_u11_t19	44.4305058709
weight	y_r3_u11_t20	45.7363397353
weight	y_r3_u11_t21	57.6370011690
weight	y_r3_u11_t22	60.0614947322
weight	y_r3_u11_t23	63.3603117107
weight	y_r3_u11_t24	50.7350880172
weight	y_r3_u11_t25	53.2947423030
weight	y_r3_u11_t26	65.6165966448
weight	y_r3_u11_t27	55.5173064311
weight	y_r3_u11_t28	58.8555405670
weight	y_r3_u11_t29	63.2666818126
weight	y_r3_u11_t30	63.7385150548
weight	y_r3_u12_t1	39.4292501551
weight	y_r3_u12_t2	50.4894083443
weight	y_r3_u12_t3	51.5693325009
weight	y_r3_u12_t4	51.9684352404
weight	y_r3_u12_t5	45.2773742578
weight	y_r3_u12_t6	40.7157803061
weight	y_r3_u12_t7	51.3385638473
weight	y_r3_u12_t8	53.0812008577
weight	y_r3_u12_t9	41.0191687723
weight	y_r3_u12_t10	58.6851385577
weight	y_r3_u12_t11	57.6305392811
weight	y_r3_u12_t12	61.1558144784
weight	y_r3_u12_t13	47.8478016084
weight	y_r3_u12_t14	66.7199187563
weight	y_r3_u12_t15	53.2850200049
weight	y_r3_u12_t16	74.2876177234
weight	y_r3_u12_t17	56.8772366996
weight	y_r3_u12_t18	63.8435216632
weight	y_r3_u12_t19	50.9860811907
weight	y_r3_u12_t20	63.6531236632
weight	y_r3_u12_t21	63.2475193747
weight	y_r3_u12_t22	76.8070362186
weight	y_r3_u12_t23	72.6393664331
weight	y_r3_u12_t24	59.4218913441
weight	y_r3_u12_t25	60.2058856486
weight	y_r3_u12_t26	70.5662183257
weight	y_r3_u12_t27	61.2463983206
weight	y_r3_u12_t28	65.7015342020
weight	y_r3_u12_t29	73.0233923175
weight	y_r3_u12_t30	68.2066147002
weight	y_r3_u13_t1	39.3018604393
weight	y_r3_u13_t2	43.6548014858
weight	y_r3_u13_t3	48.7946560813
weight	y_r3_u13_t4	49.8242689631
weight	y_r3_u13_t5	47.6325807067
weight	y_r3_u13_t6	37.9120993986
weight	y_r3_u13_t7	44.1473955365
weight	y_r3_u13_t8	46.9455487750
weight	y_r3_u13_t9	37.3731456443
weight	y_r3_u13_t10	49.6044305219
weight	y_r3_u13_t11	56.5534841819
weight	y_r3_u13_t12	59.9395407486
weight	y_r3_u13_t13	39.0808297460
weight	y_r3_u13_t14	63.2847371791
weight	y_r3_u13_t15	46.0078210555
weight	y_r3_u13_t16	76.1379929214
weight	y_r3_u13_t17	52.6400850431
weight	y_r3_u13_t18	58.4215320960
weight	y_r3_u13_t19	45.2243554442
weight	y_r3_u13_t20	59.0722751031
weight	y_r3_u13_t21	54.9355664683
weight	y_r3_u13_t22	75.0897141792
weight	y_r3_u13_t23	64.7077407309
weight	y_r3_u13_t24	53.0510000333
weight	y_r3_u13_t25	55.5612086769
weight	y_r3_u13_t26	69.2563727061
weight	y_r3_u13_t27	54.3109480637
weight	y_r3_u13_t28	66.3139863126
weight	y_r3_u13_t29	63.6383561135
weight	y_r3_u13_t30	68.4625727657
weight	y_r3_u14_t1	38.7411599433
weight	y_r3_u14_t2	49.5487064466
weight	y_r3_u14_t3	48.0829956907
weight	y_r3_u14_t4	53.5016602456
weight	y_r3_u14_t5	39.0781030950
weight	y_r3_u14_t6	39.7831289992
weight	y_r3_u14_t7	45.9371699829
weight	y_r3_u14_t8	49.1799886484
weight	y_r3_u14_t9	41.6740145816
weight	y_r3_u14_t10	59.8411498454
weight	y_r3_u14_t11	53.8328697912
weight	y_r3_u14_t12	57.3355301202
weight	y_r3_u14_t13	63.7112059672
weight	y_r3_u14_t14	65.0109360433
weight	y_r3_u14_t15	57.5963239197
weight	y_r3_u14_t16	74.4332532784
weight	y_r3_u14_t17	50.6468765998
weight	y_r3_u14_t18	61.6420935343
weight	y_r3_u14_t19	53.8804957865
weight	y_r3_u14_t20	58.4021048971
weight	y_r3_u14_t21	65.3031074045
weight	y_r3_u14_t22	75.1811919212
weight	y_r3_u14_t23	73.9683793090
weight	y_r3_u14_t24	58.3056732648
weight	y_r3_u14_t25	61.9547356055
weight	y_r3_u14_t26	78.7203158858
weight	y_r3_u14_t27	60.9626785937
weight	y_r3_u14_t28	73.0912840076
weight	y_r3_u14_t29	75.2723190106
weight	y_r3_u14_t30	66.7820297072
weight	y_r3_u15_t1	35.6616234028
weight	y_r3_u15_t2	48.6649119844
weight	y_r3_u15_t3	42.8617945568
weight	y_r3_u15_t4	50.4276360569
weight	y_r3_u15_t5	38.8849210600
weight	y_r3_u15_t6	37.1182560166
weight	y_r3_u15_t7	45.4077493625
weight	y_r3_u15_t8	50.9084062454
weight	y_r3_u15_t9	43.0251229403
weight	y_r3_u15_t10	62.0596868125
weight	y_r3_u15_t11	56.3692032550
weight	y_r3_u15_t12	59.5992115030
weight	y_r3_u15_t13	51.8111920751
weight	y_r3_u15_t14	60.8394757122
weight	y_r3_u15_t15	58.7621538678
weight	y_r3_u15_t16	74.5458246510
weight	y_r3_u15_t17	48.1534382635
weight	y_r3_u15_t18	55.3555350583
weight	y_r3_u15_t19	54.0115238468
weight	y_r3_u15_t20	60.4909496637
weight	y_r3_u15_t21	57.7138698205
weight	y_r3_u15_t22	71.4484186404
weight	y_r3_u15_t23	68.9877675900
weight	y_r3_u15_t24	48.9115568091
weight	y_r3_u15_t25	52.9548176077
weight	y_r3_u15_t26	68.6057275361
weight	y_r3_u15_t27	60.4452214057
weight	y_r3_u15_t28	72.4039048541
weight	y_r3_u15_t29	67.4210585495
weight	y_r3_u15_t30	61.8408856913
weight	z_r3_k1_u1	0.5791828213
weight	z_r3_k1_u2	0.9414778561
weight	z_r3_k1_u3	0.4561622802
weight	z_r3_k1_u4	0.6715541121
weight	z_r3_k1_u5	0.3743402907
weight	z_r3_k1_u6	0.0196621243
weight	z_r3_k1_u7	0.9624362204
weight	z_r3_k1_u8	0.1963100892
weight	z_r3_k1_u9	0.7060083081
weight	z_r3_k1_u10	0.0395429651
weight	z_r3_k1_u11	0.1943309731
weight	z_r3_k1_u12	0.6868489766
weight	z_r3_k1_u13	0.5090074588
weight	z_r3_k1_u14	0.8071991336
weight	z_r3_k1_u15	0.9344687050
weight	z_r3_k2_u1	0.2834581528
weight	z_r3_k2_u2	0.1664956950
weight	z_r3_k2_u3	0.7633268097
weight	z_r3_k2_u4	0.7858169414
weight	z_r3_k2_u5	0.2218495917
weight	z_r3_k2_u6	0.9896630114
weight	z_r3_k2_u7	0.7138995992
weight	z_r3_k2_u8	0.7008425659
weight	z_r3_k2_u9	0.6938348440
weight	z_r3_k2_u10	0.8683685744
weight	z_r3_k2_u11	0.1625432856
weight	z_r3_k2_u12	0.1635831597
weight	z_r3_k2_u13	0.7777020677
weight	z_r3_k2_u14	0.4846336870
weight	z_r3_k2_u15	0.1217818880
weight	z_r3_k3_u1	0.1195427785
weight	z_r3_k3_u2	0.9829766084
weight	z_r3_k3_u3	0.0944259628
weight	z_r3_k3_u4	0.9716843111
weight	z_r3_k3_u5	0.6146051432
weight	z_r3_k3_u6	0.3708988193
weight	z_r3_k3_u7	0.5891583038
weight	z_r3_k3_u8	0.6605009057
weight	z_r3_k3_u9	0.3016538539
weight	z_r3_k3_u10	0.7054531823
weight	z_r3_k3_u11	0.2776964100
weight	z_r3_k3_u12	0.8775618691
weight	z_r3_k3_u13	0.6657547783
weight	z_r3_k3_u14	0.1486128715
weight	z_r3_k3_u15	0.5801632830
weight	z_r3_k4_u1	0.1370213835
weight	z_r3_k4_u2	0.0776400114
weight	z_r3_k4_u3	0.8341893454
weight	z_r3_k4_u4	0.6609891821
weight	z_r3_k4_u5	0.2000034696
weight	z_r3_k4_u6	0.2656385780
weight	z_r3_k4_u7	0.4120783890
weight	z_r3_k4_u8	0.6034606760
weight	z_r3_k4_u9	0.1133415313
weight	z_r3_k4_u10	0.8287285096
weight	z_r3_k4_u11	0.8553428897
weight	z_r3_k4_u12	0.7659166581
weight	z_r3_k4_u13	0.3129420183
weight	z_r3_k4_u14	0.8537477483
weight	z_r3_k4_u15	0.9020244882
weight	z_r3_k5_u1	0.3809990713
weight	z_r3_k5_u2	0.5217379527
weight	z_r3_k5_u3	0.3431007010
weight	z_r3_k5_u4	0.1606179376
weight	z_r3_k5_u5	0.3664491342
weight	z_r3_k5_u6	0.9669868406
weight	z_r3_k5_u7	0.1485764934
weight	z_r3_k5_u8	0.9161700942
weight	z_r3_k5_u9	0.8929546913
weight	z_r3_k5_u10	0.7293661863
weight	z_r3_k5_u11	0.3862782631
weight	z_r3_k5_u12	0.1597719681
weight	z_r3_k5_u13	0.2520655319
weight	z_r3_k5_u14	0.3476139288
weight	z_r3_k5_u15	0.0697465995
weight	z_r3_k6_u1	0.5883891326
weight	z_r3_k6_u2	0.7445899586
weight	z_r3_k6_u3	0.7587404870
weight	z_r3_k6_u4	0.1692460175
weight	z_r3_k6_u5	0.5861843806
weight	z_r3_k6_u6	0.0271327854
weight	z_r3_k6_u7	0.5098985021
weight	z_r3_k6_u8	0.1423235438
weight	z_r3_k6_u9	0.0446644470
weight	z_r3_k6_u10	0.7002913519
weight	z_r3_k6_u11	0.5809609771
weight	z_r3_k6_u12	0.8454553306
weight	z_r3_k6_u13	0.9812382890
weight	z_r3_k6_u14	0.4508867709
weight	z_r3_k6_u15	0.9805397918
weight	z_r3_k7_u1	0.3174906794
weight	z_r3_k7_u2	0.1408040468
weight	z_r3_k7_u3	0.3340597977
weight	z_r3_k7_u4	0.7128138882
weight	z_r3_k7_u5	0.9999067641
weight	z_r3_k7_u6	0.9429473155
weight	z_r3_k7_u7	0.5123359200
weight	z_r3_k7_u8	0.0648659836
weight	z_r3_k7_u9	0.6446850095
weight	z_r3_k7_u10	0.5944754179
weight	z_r3_k7_u11	0.6273121668
weight	z_r3_k7_u12	0.9465736954
weight	z_r3_k7_u13	0.2663806099
weight	z_r3_k7_u14	0.8396053934
weight	z_r3_k7_u15	0.6006485547
n_treated_rep3	2.000000
loss_rep3	0.0989412971
weight	sel_r3_u13	0.518644
weight	sel_r3_u14	0.481356
weight	y_r4_u1_t1	42.9423767927
weight	y_r4_u1_t2	60.8313164666
weight	y_r4_u1_t3	65.9566733962
weight	y_r4_u1_t4	58.8056656947
weight	y_r4_u1_t5	58.0579356298
weight	y_r4_u1_t6	51.4915489192
weight	y_r4_u1_t7	55.5690279080
weight	y_r4_u1_t8	52.5169342450
weight	y_r4_u1_t9	60.2212315744
weight	y_r4_u1_t10	56.8842816306
weight	y_r4_u1_t11	59.2259574659
weight	y_r4_u1_t12	56.6619941412
weight	y_r4_u1_t13	57.4604478041
weight	y_r4_u1_t14	57.2437334093
weight	y_r4_u1_t15	51.0043914491
weight	y_r4_u1_t16	58.5731167801
weight	y_r4_u1_t17	63.9866855410
weight	y_r4_u1_t18	67.2526759771
weight	y_r4_u1_t19	51.0337700670
weight	y_r4_u1_t20	69.6079822744
weight	y_r4_u1_t21	60.9951605510
weight	y_r4_u1_t22	77.5801104759
weight	y_r4_u1_t23	69.4667056829
weight	y_r4_u1_t24	82.9803202304
weight	y_r4_u1_t25	80.1753488673
weight	y_r4_u1_t26	74.0509247697
weight	y_r4_u1_t27	74.4840595918
weight	y_r4_u1_t28	73.1873443445
weight	y_r4_u1_t29	68.1961218098
weight	y_r4_u1_t30	70.6238743052
weight	y_r4_u2_t1	29.3160164264
weight	y_r4_u2_t2	39.8871703806
weight	y_r4_u2_t3	41.6264962875
weight	y_r4_u2_t4	31.2161315110
weight	y_r4_u2_t5	40.9879611633
weight	y_r4_u2_t6	35.1887386778
weight	y_r4_u2_t7	37.6352939261
weight	y_r4_u2_t8	38.5884779023
weight	y_r4_u2_t9	43.2696588986
weight	y_r4_u2_t10	36.5404174352
weight	y_r4_u2_t11	42.7379621282
weight	y_r4_u2_t12	39.0646595504
weight	y_r4_u2_t13	44.4177271408
weight	y_r4_u2_t14	36.4541595403
weight	y_r4_u2_t15	39.4954311424
weight	y_r4_u2_t16	35.9646184092
weight	y_r4_u2_t17	40.8263609653
weight	y_r4_u2_t18	48.1466263919
weight	y_r4_u2_t19	38.9004205385
weight	y_r4_u2_t20	54.8770377924
weight	y_r4_u2_t21	36.8557650012
weight	y_r4_u2_t22	53.7937945499
weight	y_r4_u2_t23	49.6049015676
weight	y_r4_u2_t24	59.5462274865
weight	y_r4_u2_t25	48.4845456930
weight	y_r4_u2_t26	58.7018126577
weight	y_r4_u2_t27	52.6994979655
weight	y_r4_u2_t28	55.1347096021
weight	y_r4_u2_t29	55.4879553747
weight	y_r4_u2_t30	50.0557998818
weight	y_r4_u3_t1	37.4196886684
weight	y_r4_u3_t2	51.5153116630
weight	y_r4_u3_t3	45.7079638552
weight	y_r4_u3_t4	45.4641346604
weight	y_r4_u3_t5	52.6742589452
weight	y_r4_u3_t6	49.9654969885
weight	y_r4_u3_t7	51.2505059879
weight	y_r4_u3_t8	48.1516576682
weight	y_r4_u3_t9	44.2255382527
weight	y_r4_u3_t10	39.2333052722
weight	y_r4_u3_t11	51.0377980542
weight	y_r4_u3_t12	47.3079850986
weight	y_r4_u3_t13	53.2810646207
weight	y_r4_u3_t14	46.4207473606
weight	y_r4_u3_t15	50.5091240620
weight	y_r4_u3_t16	44.3219115909
weight	y_r4_u3_t17	59.8623434420
weight	y_r4_u3_t18	48.8773107079
weight	y_r4_u3_t19	48.9523509378
weight	y_r4_u3_t20	58.1647014513
weight	y_r4_u3_t21	51.6381232401
weight	y_r4_u3_t22	75.7970400378
weight	y_r4_u3_t23	60.2101228221
weight	y_r4_u3_t24	70.2094422799
weight	y_r4_u3_t25	70.3909407887
weight	y_r4_u3_t26	64.7107448476
weight	y_r4_u3_t27	65.3357463119
weight	y_r4_u3_t28	67.1945603378
weight	y_r4_u3_t29	58.9931020805
weight	y_r4_u3_t30	58.8415571555
weight	y_r4_u4_t1	37.1344293521
weight	y_r4_u4_t2	47.3303990875
weight	y_r4_u4_t3	50.3155044480
weight	y_r4_u4_t4	49.4989511029
weight	y_r4_u4_t5	44.0732195745
weight	y_r4_u4_t6	48.8335992352
weight	y_r4_u4_t7	47.3112109385
weight	y_r4_u4_t8	45.4356764792
weight	y_r4_u4_t9	47.1467270250
weight	y_r4_u4_t10	39.2266418274
weight	y_r4_u4_t11	50.7429797950
weight	y_r4_u4_t12	44.7283020621
weight	y_r4_u4_t13	47.9015314958
weight	y_r4_u4_t14	49.4107682577
weight	y_r4_u4_t15	39.5629325433
weight	y_r4_u4_t16	53.2305280231
weight	y_r4_u4_t17	56.4094070068
weight	y_r4_u4_t18	56.1368557431
weight	y_r4_u4_t19	45.2333171439
weight	y_r4_u4_t20	52.6296518061
weight	y_r4_u4_t21	50.5412059171
weight	y_r4_u4_t22	65.6190666274
weight	y_r4_u4_t23	61.2366130262
weight	y_r4_u4_t24	66.8174159171
weight	y_r4_u4_t25	67.9415653184
weight	y_r4_u4_t26	56.3317543123
weight	y_r4_u4_t27	65.9227800693
weight	y_r4_u4_t28	56.5021271347
weight	y_r4_u4_t29	58.3464156910
weight	y_r4_u4_t30	55.2783736217
weight	y_r4_u5_t1	40.0006169260
weight	y_r4_u5_t2	54.7048118199
weight	y_r4_u5_t3	46.2786648037
weight	y_r4_u5_t4	47.5685825433
weight	y_r4_u5_t5	50.1374008200
weight	y_r4_u5_t6	48.4936054309
weight	y_r4_u5_t7	48.4138619244
weight	y_r4_u5_t8	52.0799197944
weight	y_r4_u5_t9	46.5483907274
weight	y_r4_u5_t10	35.0413018613
weight	y_r4_u5_t11	51.7135031283
weight	y_r4_u5_t12	42.7408347504
weight	y_r4_u5_t13	53.8651717821
weight	y_r4_u5_t14	49.7051756372
weight	y_r4_u5_t15	41.1508565971
weight	y_r4_u5_t16	49.5341723416
weight	y_r4_u5_t17	59.4667651546
weight	y_r4_u5_t18	51.4730698052
weight	y_r4_u5_t19	45.4064300618
weight	y_r4_u5_t20	52.8696472651
weight	y_r4_u5_t21	53.4855561271
weight	y_r4_u5_t22	67.3505401654
weight	y_r4_u5_t23	56.4807884064
weight	y_r4_u5_t24	70.1762526455
weight	y_r4_u5_t25	70.5738971947
weight	y_r4_u5_t26	60.5337671684
weight	y_r4_u5_t27	68.4001274139
weight	y_r4_u5_t28	54.1536779556
weight	y_r4_u5_t29	62.8887095767
weight	y_r4_u5_t30	58.6839626576
weight	y_r4_u6_t1	50.4334434246
weight	y_r4_u6_t2	69.9139838105
weight	y_r4_u6_t3	69.9756674210
weight	y_r4_u6_t4	55.4133500078
weight	y_r4_u6_t5	63.9002075987
weight	y_r4_u6_t6	62.5135501955
weight	y_r4_u6_t7	57.1920676520
weight	y_r4_u6_t8	58.4768886441
weight	y_r4_u6_t9	69.2882572368
weight	y_r4_u6_t10	51.8290769720
weight	y_r4_u6_t11	64.4607901511
weight	y_r4_u6_t12	61.8963219087
weight	y_r4_u6_t13	70.0199011560
weight	y_r4_u6_t14	54.7359711521
weight	y_r4_u6_t15	59.4301710808
weight	y_r4_u6_t16	56.2805178025
weight	y_r4_u6_t17	64.5892093902
weight	y_r4_u6_t18	69.3036935153
weight	y_r4_u6_t19	56.2643084136
weight	y_r4_u6_t20	75.7233697733
weight	y_r4_u6_t21	61.3280096242
weight	y_r4_u6_t22	75.0223376687
weight	y_r4_u6_t23	78.4917743694
weight	y_r4_u6_t24	84.7916005347
weight	y_r4_u6_t25	83.5396848454
weight	y_r4_u6_t26	86.4536694692
weight	y_r4_u6_t27	81.5288376588
weight	y_r4_u6_t28	79.8118408830
weight	y_r4_u6_t29	67.7282780595
weight	y_r4_u6_t30	67.2731297321
weight	y_r4_u7_t1	36.2909674733
weight	y_r4_u7_t2	50.9470102493
weight	y_r4_u7_t3	56.3986606866
weight	y_r4_u7_t4	48.9718987857
weight	y_r4_u7_t5	52.1279150230
weight	y_r4_u7_t6	45.6166664473
weight	y_r4_u7_t7	41.8385840615
weight	y_r4_u7_t8	46.5030255894
weight	y_r4_u7_t9	48.8286351815
weight	y_r4_u7_t10	47.1517664107
weight	y_r4_u7_t11	52.1923834981
weight	y_r4_u7_t12	50.4110971851
weight	y_r4_u7_t13	52.9668992454
weight	y_r4_u7_t14	48.5431669508
weight	y_r4_u7_t15	41.3311785088
weight	y_r4_u7_t16	52.1733326742
weight	y_r4_u7_t17	50.2077937028
weight	y_r4_u7_t18	63.7271639699
weight	y_r4_u7_t19	48.2864261166
weight	y_r4_u7_t20	58.1309173266
weight	y_r4_u7_t21	57.7225600969
weight	y_r4_u7_t22	65.0074743412
weight	y_r4_u7_t23	60.1610402695
weight	y_r4_u7_t24	71.2854695031
weight	y_r4_u7_t25	68.9369267499
weight	y_r4_u7_t26	61.2639950665
weight	y_r4_u7_t27	70.7062962486
weight	y_r4_u7_t28	63.3828275585
weight	y_r4_u7_t29	57.9404251729
weight	y_r4_u7_t30	63.4854964204
weight	y_r4_u8_t1	39.4153850979
weight	y_r4_u8_t2	50.9006937197
weight	y_r4_u8_t3	54.2607921474
weight	y_r4_u8_t4	49.6345350429
weight	y_r4_u8_t5	48.9876403325
weight	y_r4_u8_t6	50.5112576707
weight	y_r4_u8_t7	41.5693584627
weight	y_r4_u8_t8	47.7523592115
weight	y_r4_u8_t9	51.6049794887
weight	y_r4_u8_t10	41.5025309488
weight	y_r4_u8_t11	52.8334520326
weight	y_r4_u8_t12	50.0380982814
weight	y_r4_u8_t13	50.6238803529
weight	y_r4_u8_t14	41.0407041212
weight	y_r4_u8_t15	46.4314832582
weight	y_r4_u8_t16	47.1131340512
weight	y_r4_u8_t17	54.0117062865
weight	y_r4_u8_t18	58.7353051529
weight	y_r4_u8_t19	44.9102098075
weight	y_r4_u8_t20	56.6243154798
weight	y_r4_u8_t21	50.2307160998
weight	y_r4_u8_t22	56.0529913578
weight	y_r4_u8_t23	63.9962080770
weight	y_r4_u8_t24	70.7133145554
weight	y_r4_u8_t25	72.2230790831
weight	y_r4_u8_t26	65.5062117420
weight	y_r4_u8_t27	68.0933015745
weight	y_r4_u8_t28	60.1240020988
weight	y_r4_u8_t29	54.7046273327
weight	y_r4_u8_t30	55.0547507776
weight	y_r4_u9_t1	31.4692547969
weight	y_r4_u9_t2	47.3739210782
weight	y_r4_u9_t3	38.2475242079
weight	y_r4_u9_t4	39.4757357861
weight	y_r4_u9_t5	41.8327167885
weight	y_r4_u9_t6	37.9298277926
weight	y_r4_u9_t7	37.2949286421
weight	y_r4_u9_t8	41.7014928537
weight	y_r4_u9_t9	46.1058806300
weight	y_r4_u9_t10	33.5198810022
weight	y_r4_u9_t11	43.7717845253
weight	y_r4_u9_t12	38.5691916164
weight	y_r4_u9_t13	46.8507438909
weight	y_r4_u9_t14	39.2630061204
weight	y_r4_u9_t15	36.2457591129
weight	y_r4_u9_t16	41.8630406569
weight	y_r4_u9_t17	49.4431571964
weight	y_r4_u9_t18	42.3796833256
weight	y_r4_u9_t19	33.1849259655
weight	y_r4_u9_t20	44.0913533634
weight	y_r4_u9_t21	46.2726476885
weight	y_r4_u9_t22	50.5388028240
weight	y_r4_u9_t23	54.5729496076
weight	y_r4_u9_t24	58.9876487156
weight	y_r4_u9_t25	50.4379726894
weight	y_r4_u9_t26	48.2169067680
weight	y_r4_u9_t27	53.7249035349
weight	y_r4_u9_t28	45.3410344462
weight	y_r4_u9_t29	51.0993473810
weight	y_r4_u9_t30	51.2750155788
weight	y_r4_u10_t1	47.6613731571
weight	y_r4_u10_t2	59.8567361756
weight	y_r4_u10_t3	56.1250721108
weight	y_r4_u10_t4	46.8127010364
weight	y_r4_u10_t5	52.7479804807
weight	y_r4_u10_t6	45.6134358272
weight	y_r4_u10_t7	48.7995817624
weight	y_r4_u10_t8	51.2544706098
weight	y_r4_u10_t9	56.6504820798
weight	y_r4_u10_t10	47.7432022216
weight	y_r4_u10_t11	56.2629477881
weight	y_r4_u10_t12	48.6006052823
weight	y_r4_u10_t13	59.5314115642
weight	y_r4_u10_t14	48.6313646528
weight	y_r4_u10_t15	51.5762174423
weight	y_r4_u10_t16	49.6755836661
weight	y_r4_u10_t17	58.5163966101
weight	y_r4_u10_t18	57.7057745917
weight	y_r4_u10_t19	46.1637538137
weight	y_r4_u10_t20	62.9537810505
weight	y_r4_u10_t21	57.7797167218
weight	y_r4_u10_t22	66.0356195060
weight	y_r4_u10_t23	61.5904033129
weight	y_r4_u10_t24	75.4254286513
weight	y_r4_u10_t25	62.2599444426
weight	y_r4_u10_t26	67.9608827100
weight	y_r4_u10_t27	66.3247773550
weight	y_r4_u10_t28	65.9687735607
weight	y_r4_u10_t29	61.4826644482
weight	y_r4_u10_t30	64.6409059328
weight	y_r4_u11_t1	39.1116841010
weight	y_r4_u11_t2	51.3891139818
weight	y_r4_u11_t3	44.9603654265
weight	y_r4_u11_t4	46.0617307995
weight	y_r4_u11_t5	52.3221255412
weight	y_r4_u11_t6	48.9691136987
weight	y_r4_u11_t7	45.5303274022
weight	y_r4_u11_t8	45.9872786628
weight	y_r4_u11_t9	49.0135460235
weight	y_r4_u11_t10	40.1456319536
weight	y_r4_u11_t11	52.4307175604
weight	y_r4_u11_t12	43.6417143402
weight	y_r4_u11_t13	51.1831440388
weight	y_r4_u11_t14	50.8364510976
weight	y_r4_u11_t15	43.6969539023
weight	y_r4_u11_t16	47.0012985324
weight	y_r4_u11_t17	60.0800132187
weight	y_r4_u11_t18	44.2501531323
weight	y_r4_u11_t19	46.7241357701
weight	y_r4_u11_t20	58.9013794401
weight	y_r4_u11_t21	49.1413165110
weight	y_r4_u11_t22	68.1701167501
weight	y_r4_u11_t23	62.5712402258
weight	y_r4_u11_t24	69.1483801035
weight	y_r4_u11_t25	68.5867267194
weight	y_r4_u11_t26	62.1462135165
weight	y_r4_u11_t27	66.0250182008
weight	y_r4_u11_t28	56.0364355750
weight	y_r4_u11_t29	61.5864353944
weight	y_r4_u11_t30	54.3092741246
weight	y_r4_u12_t1	51.6296635177
weight	y_r4_u12_t2	69.8645262762
weight	y_r4_u12_t3	65.9751268597
weight	y_r4_u12_t4	59.9466505640
weight	y_r4_u12_t5	65.5130892785
weight	y_r4_u12_t6	56.6575413640
weight	y_r4_u12_t7	60.9755679970
weight	y_r4_u12_t8	61.9967619166
weight	y_r4_u12_t9	66.1922164710
weight	y_r4_u12_t10	56.9203708422
weight	y_r4_u12_t11	66.8983998518
weight	y_r4_u12_t12	59.3503784505
weight	y_r4_u12_t13	62.9408397317
weight	y_r4_u12_t14	60.3768599436
weight	y_r4_u12_t15	60.3654687892
weight	y_r4_u12_t16	60.5567812156
weight	y_r4_u12_t17	70.8063941285
weight	y_r4_u12_t18	65.1931705501
weight	y_r4_u12_t19	54.7772437457
weight	y_r4_u12_t20	72.6901501959
weight	y_r4_u12_t21	62.1958520868
weight	y_r4_u12_t22	79.4072861603
weight	y_r4_u12_t23	78.4187714041
weight	y_r4_u12_t24	88.7503506685
weight	y_r4_u12_t25	81.8156283482
weight	y_r4_u12_t26	79.8310738932
weight	y_r4_u12_t27	81.3906123542
weight	y_r4_u12_t28	73.3002381954
weight	y_r4_u12_t29	74.2505421633
weight	y_r4_u12_t30	69.4588886497
weight	y_r4_u13_t1	40.3066843811
weight	y_r4_u13_t2	54.5716302286
weight	y_r4_u13_t3	59.6899075439
weight	y_r4_u13_t4	42.3197701424
weight	y_r4_u13_t5	45.4590239265
weight	y_r4_u13_t6	32.4205253525
weight	y_r4_u13_t7	44.6146664560
weight	y_r4_u13_t8	41.3318012557
weight	y_r4_u13_t9	53.2768279957
weight	y_r4_u13_t10	53.8021595287
weight	y_r4_u13_t11	46.6203921783
weight	y_r4_u13_t12	45.4944132857
weight	y_r4_u13_t13	47.9165695822
weight	y_r4_u13_t14	43.9925437771
weight	y_r4_u13_t15	46.4154986116
weight	y_r4_u13_t16	44.4743829475
weight	y_r4_u13_t17	47.1672304726
weight	y_r4_u13_t18	58.6817316701
weight	y_r4_u13_t19	45.3860443365
weight	y_r4_u13_t20	64.8179251066
weight	y_r4_u13_t21	53.9881355784
weight	y_r4_u13_t22	57.2030294340
weight	y_r4_u13_t23	59.3895157839
weight	y_r4_u13_t24	72.2656059496
weight	y_r4_u13_t25	61.9497428855
weight	y_r4_u13_t26	65.1055845590
weight	y_r4_u13_t27	65.6481623570
weight	y_r4_u13_t28	61.8496231063
weight	y_r4_u13_t29	60.5946229051
weight	y_r4_u13_t30	62.5197799230
weight	y_r4_u14_t1	38.8284291681
weight	y_r4_u14_t2	53.0464654200
weight	y_r4_u14_t3	49.0751888552
weight	y_r4_u14_t4	50.8920139553
weight	y_r4_u14_t5	55.6936034241
weight	y_r4_u14_t6	50.6452593151
weight	y_r4_u14_t7	48.0180902403
weight	y_r4_u14_t8	54.1543369285
weight	y_r4_u14_t9	54.9663596537
weight	y_r4_u14_t10	41.1707337033
weight	y_r4_u14_t11	52.9638662891
weight	y_r4_u14_t12	50.3929836783
weight	y_r4_u14_t13	54.7162918221
weight	y_r4_u14_t14	50.4041964105
weight	y_r4_u14_t15	49.6456390926
weight	y_r4_u14_t16	45.5099669579
weight	y_r4_u14_t17	59.2476726850
weight	y_r4_u14_t18	55.9975145576
weight	y_r4_u14_t19	43.0984496828
weight	y_r4_u14_t20	61.7113838975
weight	y_r4_u14_t21	50.4126745531
weight	y_r4_u14_t22	71.3338635106
weight	y_r4_u14_t23	62.3754295448
weight	y_r4_u14_t24	77.2911115710
weight	y_r4_u14_t25	68.6371527298
weight	y_r4_u14_t26	67.4512186085
weight	y_r4_u14_t27	63.8823553774
weight	y_r4_u14_t28	60.0116055505
weight	y_r4_u14_t29	61.7988502714
weight	y_r4_u14_t30	63.2706686394
weight	y_r4_u15_t1	42.7596176163
weight	y_r4_u15_t2	57.1360883978
weight	y_r4_u15_t3	59.7889076096
weight	y_r4_u15_t4	50.1292741908
weight	y_r4_u15_t5	57.0547681924
weight	y_r4_u15_t6	54.4585572333
weight	y_r4_u15_t7	55.7215149024
weight	y_r4_u15_t8	50.3977042925
weight	y_r4_u15_t9	56.3427474076
weight	y_r4_u15_t10	43.8539829068
weight	y_r4_u15_t11	57.0734890732
weight	y_r4_u15_t12	56.1806304308
weight	y_r4_u15_t13	61.9364368488
weight	y_r4_u15_t14	48.3138541863
weight	y_r4_u15_t15	53.4757036894
weight	y_r4_u15_t16	49.8922749059
weight	y_r4_u15_t17	59.1230685451
weight	y_r4_u15_t18	58.6674939677
weight	y_r4_u15_t19	48.5063011895
weight	y_r4_u15_t20	61.9778720668
weight	y_r4_u15_t21	53.5046881205
weight	y_r4_u15_t22	71.3124150513
weight	y_r4_u15_t23	64.6015265751
weight	y_r4_u15_t24	75.7085407292
weight	y_r4_u15_t25	71.1262270458
weight	y_r4_u15_t26	72.8350321729
weight	y_r4_u15_t27	68.0614089452
weight	y_r4_u15_t28	71.5229748282
weight	y_r4_u15_t29	64.3222328926
weight	y_r4_u15_t30	62.8705714006
weight	z_r4_k1_u1	0.5932851571
weight	z_r4_k1_u2	0.2437467058
weight	z_r4_k1_u3	0.4394750881
weight	z_r4_k1_u4	0.8042065776
weight	z_r4_k1_u5	0.5846669094
weight	z_r4_k1_u6	0.5833154963
weight	z_r4_k1_u7	0.5055732271
weight	z_r4_k1_u8	0.3079718910
weight	z_r4_k1_u9	0.6965581032
weight	z_r4_k1_u10	0.8317899380
weight	z_r4_k1_u11	0.2552358503
weight	z_r4_k1_u12	0.4826587166
weight	z_r4_k1_u13	0.2018940211
weight	z_r4_k1_u14	0.4684830657
weight	z_r4_k1_u15	0.6658781033
weight	z_r4_k2_u1	0.0655517001
weight	z_r4_k2_u2	0.7452717233
weight	z_r4_k2_u3	0.0770658175
weight	z_r4_k2_u4	0.4354377396
weight	z_r4_k2_u5	0.5236142022
weight	z_r4_k2_u6	0.9382573976
weight	z_r4_k2_u7	0.1464903736
weight	z_r4_k2_u8	0.3658530561
weight	z_r4_k2_u9	0.7382759033
weight	z_r4_k2_u10	0.7671871374
weight	z_r4_k2_u11	0.3682871698
weight	z_r4_k2_u12	0.3872503135
weight	z_r4_k2_u13	0.0236083404
weight	z_r4_k2_u14	0.4089131560
weight	z_r4_k2_u15	0.8623123942
weight	z_r4_k3_u1	0.7933323141
weight	z_r4_k3_u2	0.1431344787
weight	z_r4_k3_u3	0.2948309407
weight	z_r4_k3_u4	0.2532369085
weight	z_r4_k3_u5	0.2216682271
weight	z_r4_k3_u6	0.1115286953
weight	z_r4_k3_u7	0.6358794575
weight	z_r4_k3_u8	0.1654746940
weight	z_r4_k3_u9	0.5146867137
weight	z_r4_k3_u10	0.4215121733
weight	z_r4_k3_u11	0.0113520396
weight	z_r4_k3_u12	0.5107208865
weight	z_r4_k3_u13	0.9981560472
weight	z_r4_k3_u14	0.5256496472
weight	z_r4_k3_u15	0.2723704672
weight	z_r4_k4_u1	0.8677718299
weight	z_r4_k4_u2	0.6586823820
weight	z_r4_k4_u3	0.6205969579
weight	z_r4_k4_u4	0.2636994896
weight	z_r4_k4_u5	0.0395213466
weight	z_r4_k4_u6	0.6036350355
weight	z_r4_k4_u7	0.6220123880
weight	z_r4_k4_u8	0.1227408051
weight	z_r4_k4_u9	0.1697335786
weight	z_r4_k4_u10	0.3742020312
weight	z_r4_k4_u11	0.3924177713
weight	z_r4_k4_u12	0.5111007739
weight	z_r4_k4_u13	0.5635535400
weight	z_r4_k4_u14	0.5976264572
weight	z_r4_k4_u15	0.9682628904
weight	z_r4_k5_u1	0.8574081541
weight	z_r4_k5_u2	0.2473801987
weight	z_r4_k5_u3	0.9674774052
weight	z_r4_k5_u4	0.5552788991
weight	z_r4_k5_u5	0.7501068378
weight	z_r4_k5_u6	0.7751034820
weight	z_r4_k5_u7	0.7307509440
weight	z_r4_k5_u8	0.9017254887
weight	z_r4_k5_u9	0.4279983602
weight	z_r4_k5_u10	0.1541410645
weight	z_r4_k5_u11	0.6169353109
weight	z_r4_k5_u12	0.7479145457
weight	z_r4_k5_u13	0.0852520871
weight	z_r4_k5_u14	0.8371146873
weight	z_r4_k5_u15	0.3497057981
weight	z_r4_k6_u1	0.1857766442
weight	z_r4_k6_u2	0.3765268682
weight	z_r4_k6_u3	0.4080416171
weight	z_r4_k6_u4	0.0032532187
weight	z_r4_k6_u5	0.6241978295
weight	z_r4_k6_u6	0.2343105013
weight	z_r4_k6_u7	0.6970718827
weight	z_r4_k6_u8	0.1746896845
weight	z_r4_k6_u9	0.2186114355
weight	z_r4_k6_u10	0.8439387418
weight	z_r4_k6_u11	0.1760198688
weight	z_r4_k6_u12	0.6168035322
weight	z_r4_k6_u13	0.9668019086
weight	z_r4_k6_u14	0.1020334053
weight	z_r4_k6_u15	0.4271335725
weight	z_r4_k7_u1	0.9869982838
weight	z_r4_k7_u2	0.5458054112
weight	z_r4_k7_u3	0.5687343453
weight	z_r4_k7_u4	0.8250749176
weight	z_r4_k7_u5	0.5061366372
weight	z_r4_k7_u6	0.7588104387
weight	z_r4_k7_u7	0.7530497517
weight	z_r4_k7_u8	0.8837768720
weight	z_r4_k7_u9	0.1725225872
weight	z_r4_k7_u10	0.6203352357
weight	z_r4_k7_u11	0.4996103875
weight	z_r4_k7_u12	0.8027236992
weight	z_r4_k7_u13	0.8558103326
weight	z_r4_k7_u14	0.5995753396
weight	z_r4_k7_u15	0.3699717696
n_treated_rep4	2.000000
loss_rep4	0.0725623579
weight	sel_r4_u2	0.505082
weight	sel_r4_u12	0.494918
weight	y_r5_u1_t1	51.6880523346
weight	y_r5_u1_t2	40.2186399236
weight	y_r5_u1_t3	62.6720353500
weight	y_r5_u1_t4	34.5596627736
weight	y_r5_u1_t5	44.9130816577
weight	y_r5_u1_t6	50.3018609115
weight	y_r5_u1_t7	49.1453535617
weight	y_r5_u1_t8	33.3390153141
weight	y_r5_u1_t9	49.5301848201
weight	y_r5_u1_t10	31.3155703539
weight	y_r5_u1_t11	47.8892447486
weight	y_r5_u1_t12	45.8200028851
weight	y_r5_u1_t13	51.5994838999
weight	y_r5_u1_t14	65.0588323654
weight	y_r5_u1_t15	55.7977589131
weight	y_r5_u1_t16	58.7383059243
weight	y_r5_u1_t17	64.7736270176
weight	y_r5_u1_t18	45.1029709277
weight	y_r5_u1_t19	57.1847286023
weight	y_r5_u1_t20	63.7283048651
weight	y_r5_u1_t21	61.6137443112
weight	y_r5_u1_t22	61.6052886382
weight	y_r5_u1_t23	59.4586489632
weight	y_r5_u1_t24	65.2758282479
weight	y_r5_u1_t25	52.7697509434
weight	y_r5_u1_t26	52.7182267916
weight	y_r5_u1_t27	54.6806021977
weight	y_r5_u1_t28	58.0866794681
weight	y_r5_u1_t29	49.5440710784
weight	y_r5_u1_t30	73.5495654320
weight	y_r5_u2_t1	39.9916309283
weight	y_r5_u2_t2	39.3516513796
weight	y_r5_u2_t3	51.5028286917
weight	y_r5_u2_t4	32.6136432513
weight	y_r5_u2_t5	28.8938044570
weight	y_r5_u2_t6	36.4853108738
weight	y_r5_u2_t7	47.6158131488
weight	y_r5_u2_t8	38.6624559770
weight	y_r5_u2_t9	38.4882086317
weight	y_r5_u2_t10	27.2435680503
weight	y_r5_u2_t11	42.9113154340
weight	y_r5_u2_t12	42.9700204502
weight	y_r5_u2_t13	38.5786678997
weight	y_r5_u2_t14	51.2596137100
weight	y_r5_u2_t15	47.0814519360
weight	y_r5_u2_t16	38.6572511431
weight	y_r5_u2_t17	51.6007581466
weight	y_r5_u2_t18	52.7375389242
weight	y_r5_u2_t19	44.1472654591
weight	y_r5_u2_t20	57.9030859447
weight	y_r5_u2_t21	55.7063007347
weight	y_r5_u2_t22	59.5183285960
weight	y_r5_u2_t23	51.0497851030
weight	y_r5_u2_t24	56.0590607116
weight	y_r5_u2_t25	55.2783982979
weight	y_r5_u2_t26	42.4102132859
weight	y_r5_u2_t27	51.0306738033
weight	y_r5_u2_t28	48.4368566798
weight	y_r5_u2_t29	46.8330343530
weight	y_r5_u2_t30	66.0627947584
weight	y_r5_u3_t1	49.2669160015
weight	y_r5_u3_t2	46.4103406104
weight	y_r5_u3_t3	65.0838216872
weight	y_r5_u3_t4	37.9563614746
weight	y_r5_u3_t5	38.1952824730
weight	y_r5_u3_t6	57.5086158624
weight	y_r5_u3_t7	58.8006808271
weight	y_r5_u3_t8	32.6588381937
weight	y_r5_u3_t9	44.1576744298
weight	y_r5_u3_t10	32.8013736293
weight	y_r5_u3_t11	58.2950910420
weight	y_r5_u3_t12	57.5793260034
weight	y_r5_u3_t13	50.6878434598
weight	y_r5_u3_t14	66.8669885290
weight	y_r5_u3_t15	60.0844550302
weight	y_r5_u3_t16	48.5967425840
weight	y_r5_u3_t17	67.7267220681
weight	y_r5_u3_t18	64.4680992097
weight	y_r5_u3_t19	53.6344800141
weight	y_r5_u3_t20	66.6524411251
weight	y_r5_u3_t21	63.9438574916
weight	y_r5_u3_t22	67.3625436756
weight	y_r5_u3_t23	51.7543809311
weight	y_r5_u3_t24	66.5071847291
weight	y_r5_u3_t25	60.3737780788
weight	y_r5_u3_t26	47.2471626528
weight	y_r5_u3_t27	61.3894920256
weight	y_r5_u3_t28	65.8797086545
weight	y_r5_u3_t29	54.2138462062
weight	y_r5_u3_t30	74.3352997422
weight	y_r5_u4_t1	51.8892187045
weight	y_r5_u4_t2	46.6128763992
weight	y_r5_u4_t3	63.2554283539
weight	y_r5_u4_t4	44.5124387528
weight	y_r5_u4_t5	38.7695323990
weight	y_r5_u4_t6	51.3240054485
weight	y_r5_u4_t7	57.6397200945
weight	y_r5_u4_t8	39.8578205797
weight	y_r5_u4_t9	46.8269398697
weight	y_r5_u4_t10	31.6049560024
weight	y_r5_u4_t11	54.3275618079
weight	y_r5_u4_t12	47.3221608740
weight	y_r5_u4_t13	45.4257411032
weight	y_r5_u4_t14	64.5186963110
weight	y_r5_u4_t15	64.5745381986
weight	y_r5_u4_t16	52.6789746021
weight	y_r5_u4_t17	68.6521167375
weight	y_r5_u4_t18	56.0284024760
weight	y_r5_u4_t19	59.1536495471
weight	y_r5_u4_t20	72.0192407916
weight	y_r5_u4_t21	64.5163554190
weight	y_r5_u4_t22	70.9981847537
weight	y_r5_u4_t23	56.6660681857
weight	y_r5_u4_t24	69.9112975563
weight	y_r5_u4_t25	61.5105188669
weight	y_r5_u4_t26	52.2939708085
weight	y_r5_u4_t27	49.5784047253
weight	y_r5_u4_t28	57.6476187918
weight	y_r5_u4_t29	49.4553292462
weight	y_r5_u4_t30	73.6890472821
weight	y_r5_u5_t1	52.7973626505
weight	y_r5_u5_t2	50.4015238998
weight	y_r5_u5_t3	72.0346314361
weight	y_r5_u5_t4	40.9652319262
weight	y_r5_u5_t5	49.9099405764
weight	y_r5_u5_t6	54.1287872642
weight	y_r5_u5_t7	58.2678656359
weight	y_r5_u5_t8	46.4238638658
weight	y_r5_u5_t9	47.9711146248
weight	y_r5_u5_t10	37.2864739560
weight	y_r5_u5_t11	53.5372970447
weight	y_r5_u5_t12	50.1561880342
weight	y_r5_u5_t13	51.3679092969
weight	y_r5_u5_t14	69.0214191457
weight	y_r5_u5_t15	64.3665078870
weight	y_r5_u5_t16	55.2467278596
weight	y_r5_u5_t17	66.5557835103
weight	y_r5_u5_t18	56.7768341156
weight	y_r5_u5_t19	67.4625344021
weight	y_r5_u5_t20	68.1604226470
weight	y_r5_u5_t21	66.5110646319
weight	y_r5_u5_t22	62.3420158852
weight	y_r5_u5_t23	58.5779405423
weight	y_r5_u5_t24	69.8597977858
weight	y_r5_u5_t25	63.1190038325
weight	y_r5_u5_t26	59.2159502713
weight	y_r5_u5_t27	51.7436520601
weight	y_r5_u5_t28	56.8552986744
weight	y_r5_u5_t29	47.5798784446
weight	y_r5_u5_t30	77.9954841305
weight	y_r5_u6_t1	50.6473592905
weight	y_r5_u6_t2	49.3605367259
weight	y_r5_u6_t3	61.0707302458
weight	y_r5_u6_t4	34.9328853673
weight	y_r5_u6_t5	39.7630774606
weight	y_r5_u6_t6	56.0998462327
weight	y_r5_u6_t7	48.8329815064
weight	y_r5_u6_t8	38.1807241918
weight	y_r5_u6_t9	42.4032825072
weight	y_r5_u6_t10	34.0426220944
weight	y_r5_u6_t11	46.3178495544
weight	y_r5_u6_t12	47.9426735473
weight	y_r5_u6_t13	51.9659197581
weight	y_r5_u6_t14	57.8973779359
weight	y_r5_u6_t15	55.2711576153
weight	y_r5_u6_t16	51.0601667771
weight	y_r5_u6_t17	62.8672876870
weight	y_r5_u6_t18	57.3584437260
weight	y_r5_u6_t19	61.5669856797
weight	y_r5_u6_t20	58.5756976662
weight	y_r5_u6_t21	63.0170996275
weight	y_r5_u6_t22	63.2341205373
weight	y_r5_u6_t23	57.7123607449
weight	y_r5_u6_t24	67.4937707984
weight	y_r5_u6_t25	62.4314960249
weight	y_r5_u6_t26	46.0492032552
weight	y_r5_u6_t27	52.2255700067
weight	y_r5_u6_t28	53.1350764445
weight	y_r5_u6_t29	44.4571948411
weight	y_r5_u6_t30	76.7424056298
weight	y_r5_u7_t1	41.9752976105
weight	y_r5_u7_t2	36.8204052687
weight	y_r5_u7_t3	56.9919266584
weight	y_r5_u7_t4	32.9039547413
weight	y_r5_u7_t5	32.8803041444
weight	y_r5_u7_t6	43.5906865814
weight	y_r5_u7_t7	47.8322527038
weight	y_r5_u7_t8	36.1276667051
weight	y_r5_u7_t9	41.2682189812
weight	y_r5_u7_t10	32.3754466194
weight	y_r5_u7_t11	43.1081517139
weight	y_r5_u7_t12	42.4996696223
weight	y_r5_u7_t13	39.7448865130
weight	y_r5_u7_t14	55.8243497298
weight	y_r5_u7_t15	49.7527301886
weight	y_r5_u7_t16	46.1724990786
weight	y_r5_u7_t17	58.5654349484
weight	y_r5_u7_t18	52.8600935052
weight	y_r5_u7_t19	56.0956218366
weight	y_r5_u7_t20	59.8434766852
weight	y_r5_u7_t21	53.7332327808
weight	y_r5_u7_t22	56.9727664887
weight	y_r5_u7_t23	47.2196944225
weight	y_r5_u7_t24	62.7715223636
weight	y_r5_u7_t25	51.1941485167
weight	y_r5_u7_t26	42.6933597389
weight	y_r5_u7_t27	47.7165599076
weight	y_r5_u7_t28	50.0471316987
weight	y_r5_u7_t29	47.8350250315
weight	y_r5_u7_t30	70.4071221854
weight	y_r5_u8_t1	52.2836797772
weight	y_r5_u8_t2	54.9428692266
weight	y_r5_u8_t3	67.1857619070
weight	y_r5_u8_t4	36.5526805568
weight	y_r5_u8_t5	45.5564558350
weight	y_r5_u8_t6	54.1050313530
weight	y_r5_u8_t7	65.8431788370
weight	y_r5_u8_t8	43.6584576348
weight	y_r5_u8_t9	52.5539839828
weight	y_r5_u8_t10	39.5864297695
weight	y_r5_u8_t11	56.1580871325
weight	y_r5_u8_t12	58.6702714839
weight	y_r5_u8_t13	60.4333958857
weight	y_r5_u8_t14	70.7613323132
weight	y_r5_u8_t15	61.7441347086
weight	y_r5_u8_t16	55.8376577649
weight	y_r5_u8_t17	65.5868611907
weight	y_r5_u8_t18	62.0158268200
weight	y_r5_u8_t19	58.7965150837
weight	y_r5_u8_t20	76.3305494906
weight	y_r5_u8_t21	71.7603481701
weight	y_r5_u8_t22	67.5365851225
weight	y_r5_u8_t23	64.5644704033
weight	y_r5_u8_t24	76.8032919170
weight	y_r5_u8_t25	61.4746365597
weight	y_r5_u8_t26	54.8716266056
weight	y_r5_u8_t27	65.9795374235
weight	y_r5_u8_t28	60.7390219792
weight	y_r5_u8_t29	59.3173880538
weight	y_r5_u8_t30	81.8482561336
weight	y_r5_u9_t1	40.5944507857
weight	y_r5_u9_t2	35.5960029945
weight	y_r5_u9_t3	51.9653941918
weight	y_r5_u9_t4	33.2150848154
weight	y_r5_u9_t5	37.6000034249
weight	y_r5_u9_t6	47.3587325841
weight	y_r5_u9_t7	51.2393150753
weight	y_r5_u9_t8	33.6461958433
weight	y_r5_u9_t9	36.4690660787
weight	y_r5_u9_t10	31.6566649205
weight	y_r5_u9_t11	54.6528816351
weight	y_r5_u9_t12	46.6639357820
weight	y_r5_u9_t13	40.1094342876
weight	y_r5_u9_t14	54.1382995745
weight	y_r5_u9_t15	52.4623365335
weight	y_r5_u9_t16	41.3342030153
weight	y_r5_u9_t17	49.8840703775
weight	y_r5_u9_t18	51.5530123548
weight	y_r5_u9_t19	49.2733678552
weight	y_r5_u9_t20	54.2512997493
weight	y_r5_u9_t21	57.7600094171
weight	y_r5_u9_t22	49.8764577549
weight	y_r5_u9_t23	50.4650388517
weight	y_r5_u9_t24	59.1655750826
weight	y_r5_u9_t25	54.4321564552
weight	y_r5_u9_t26	40.8454165463
weight	y_r5_u9_t27	56.3715097379
weight	y_r5_u9_t28	50.7681135517
weight	y_r5_u9_t29	43.5873953309
weight	y_r5_u9_t30	64.7259100274
weight	y_r5_u10_t1	67.1721596971
weight	y_r5_u10_t2	55.3441717467
weight	y_r5_u10_t3	77.7964882231
weight	y_r5_u10_t4	47.1270726142
weight	y_r5_u10_t5	47.2342178310
weight	y_r5_u10_t6	67.2845992457
weight	y_r5_u10_t7	62.8475457951
weight	y_r5_u10_t8	43.9688050068
weight	y_r5_u10_t9	56.1134762224
weight	y_r5_u10_t10	40.7547871986
weight	y_r5_u10_t11	65.4135536541
weight	y_r5_u10_t12	58.9636940104
weight	y_r5_u10_t13	61.1672549815
weight	y_r5_u10_t14	76.3562688577
weight	y_r5_u10_t15	70.8229747765
weight	y_r5_u10_t16	62.3541024583
weight	y_r5_u10_t17	73.9925721475
weight	y_r5_u10_t18	61.1318554260
weight	y_r5_u10_t19	73.3737153573
weight	y_r5_u10_t20	75.7406113110
weight	y_r5_u10_t21	73.4057923370
weight	y_r5_u10_t22	66.4467064788
weight	y_r5_u10_t23	68.4050968188
weight	y_r5_u10_t24	83.6548189280
weight	y_r5_u10_t25	67.2401096634
weight	y_r5_u10_t26	61.8856714015
weight	y_r5_u10_t27	68.0479005366
weight	y_r5_u10_t28	66.4254310455
weight	y_r5_u10_t29	60.2055007174
weight	y_r5_u10_t30	83.9546627020
weight	y_r5_u11_t1	47.9377174315
weight	y_r5_u11_t2	47.1307298582
weight	y_r5_u11_t3	55.9831791199
weight	y_r5_u11_t4	32.5489879186
weight	y_r5_u11_t5	31.4162523373
weight	y_r5_u11_t6	42.7102710279
weight	y_r5_u11_t7	51.7062177807
weight	y_r5_u11_t8	35.7337871310
weight	y_r5_u11_t9	40.7152172343
weight	y_r5_u11_t10	31.1754071531
weight	y_r5_u11_t11	45.1199881596
weight	y_r5_u11_t12	51.6687978676
weight	y_r5_u11_t13	53.4420058334
weight	y_r5_u11_t14	57.1569199700
weight	y_r5_u11_t15	55.1278068495
weight	y_r5_u11_t16	41.8923254140
weight	y_r5_u11_t17	58.9391879659
weight	y_r5_u11_t18	61.5732803490
weight	y_r5_u11_t19	49.6636237743
weight	y_r5_u11_t20	66.6797239574
weight	y_r5_u11_t21	62.8699740809
weight	y_r5_u11_t22	60.2457080806
weight	y_r5_u11_t23	55.0062027725
weight	y_r5_u11_t24	65.3545110400
weight	y_r5_u11_t25	53.9931128200
weight	y_r5_u11_t26	52.2828903649
weight	y_r5_u11_t27	57.3001387378
weight	y_r5_u11_t28	55.9735112011
weight	y_r5_u11_t29	53.6974959119
weight	y_r5_u11_t30	68.6339503807
weight	y_r5_u12_t1	53.5339224082
weight	y_r5_u12_t2	43.6782615882
weight	y_r5_u12_t3	62.1483520947
weight	y_r5_u12_t4	38.1433445568
weight	y_r5_u12_t5	39.4497324243
weight	y_r5_u12_t6	52.5207898280
weight	y_r5_u12_t7	52.9504617949
weight	y_r5_u12_t8	38.0645377419
weight	y_r5_u12_t9	47.1439447372
weight	y_r5_u12_t10	35.8412493010
weight	y_r5_u12_t11	49.7845181885
weight	y_r5_u12_t12	54.8245640249
weight	y_r5_u12_t13	58.7583607053
weight	y_r5_u12_t14	60.7878493225
weight	y_r5_u12_t15	59.2529669937
weight	y_r5_u12_t16	56.2716430751
weight	y_r5_u12_t17	74.6378904511
weight	y_r5_u12_t18	55.8117413657
weight	y_r5_u12_t19	60.8575117063
weight	y_r5_u12_t20	73.1758890695
weight	y_r5_u12_t21	66.9156052328
weight	y_r5_u12_t22	70.7654158504
weight	y_r5_u12_t23	60.4178581247
weight	y_r5_u12_t24	68.6490123397
weight	y_r5_u12_t25	61.3518445988
weight	y_r5_u12_t26	57.6876284076
weight	y_r5_u12_t27	52.9079263695
weight	y_r5_u12_t28	61.0796002758
weight	y_r5_u12_t29	53.2464128636
weight	y_r5_u12_t30	74.8134435856
weight	y_r5_u13_t1	45.0868245722
weight	y_r5_u13_t2	31.4377393891
weight	y_r5_u13_t3	48.8109239846
weight	y_r5_u13_t4	28.9246898027
weight	y_r5_u13_t5	35.7162423725
weight	y_r5_u13_t6	44.0264671872
weight	y_r5_u13_t7	46.3172969053
weight	y_r5_u13_t8	34.3172445792
weight	y_r5_u13_t9	37.8263295224
weight	y_r5_u13_t10	28.9811382870
weight	y_r5_u13_t11	45.1087120141
weight	y_r5_u13_t12	43.1891693640
weight	y_r5_u13_t13	37.9898228811
weight	y_r5_u13_t14	52.9200294506
weight	y_r5_u13_t15	44.6913574598
weight	y_r5_u13_t16	40.0236027458
weight	y_r5_u13_t17	45.4555414043
weight	y_r5_u13_t18	45.9762594041
weight	y_r5_u13_t19	53.2054629143
weight	y_r5_u13_t20	49.8283631042
weight	y_r5_u13_t21	49.5862065684
weight	y_r5_u13_t22	45.8854102116
weight	y_r5_u13_t23	44.9489198297
weight	y_r5_u13_t24	64.0334293319
weight	y_r5_u13_t25	51.6553185047
weight	y_r5_u13_t26	44.4467096013
weight	y_r5_u13_t27	51.7468682287
weight	y_r5_u13_t28	47.7294190053
weight	y_r5_u13_t29	51.2037352619
weight	y_r5_u13_t30	61.7839229345
weight	y_r5_u14_t1	45.6176411361
weight	y_r5_u14_t2	49.2827412905
weight	y_r5_u14_t3	62.2171794317
weight	y_r5_u14_t4	42.8097568865
weight	y_r5_u14_t5	48.3408086256
weight	y_r5_u14_t6	47.7509463880
weight	y_r5_u14_t7	63.3926587141
weight	y_r5_u14_t8	41.9056343486
weight	y_r5_u14_t9	44.8137679572
weight	y_r5_u14_t10	33.7903125129
weight	y_r5_u14_t11	56.1116318052
weight	y_r5_u14_t12	55.9995732238
weight	y_r5_u14_t13	41.0063184884
weight	y_r5_u14_t14	69.9491219739
weight	y_r5_u14_t15	62.9521343388
weight	y_r5_u14_t16	42.0483251702
weight	y_r5_u14_t17	54.2276967076
weight	y_r5_u14_t18	58.2034479441
weight	y_r5_u14_t19	51.6925721533
weight	y_r5_u14_t20	62.8946182145
weight	y_r5_u14_t21	58.3008731014
weight	y_r5_u14_t22	65.3953398957
weight	y_r5_u14_t23	52.6861470456
weight	y_r5_u14_t24	67.7015240804
weight	y_r5_u14_t25	62.1576500919
weight	y_r5_u14_t26	58.8191048096
weight	y_r5_u14_t27	51.8307080357
weight	y_r5_u14_t28	57.1441568683
weight	y_r5_u14_t29	56.2325027446
weight	y_r5_u14_t30	69.8036140112
weight	y_r5_u15_t1	61.4935473298
weight	y_r5_u15_t2	47.3523820200
weight	y_r5_u15_t3	68.2444604938
weight	y_r5_u15_t4	42.4015581930
weight	y_r5_u15_t5	45.0742611140
weight	y_r5_u15_t6	55.9722847149
weight	y_r5_u15_t7	58.8169786779
weight	y_r5_u15_t8	42.0105995323
weight	y_r5_u15_t9	49.8942012400
weight	y_r5_u15_t10	39.9703430177
weight	y_r5_u15_t11	56.4432637116
weight	y_r5_u15_t12	52.0491758858
weight	y_r5_u15_t13	53.8406313299
weight	y_r5_u15_t14	66.2860761769
weight	y_r5_u15_t15	65.1454383254
weight	y_r5_u15_t16	55.6734880193
weight	y_r5_u15_t17	66.3390815611
weight	y_r5_u15_t18	54.7830047601
weight	y_r5_u15_t19	69.7064284850
weight	y_r5_u15_t20	63.7743927681
weight	y_r5_u15_t21	66.4140343655
weight	y_r5_u15_t22	57.5422683614
weight	y_r5_u15_t23	63.1035470658
weight	y_r5_u15_t24	70.6616384305
weight	y_r5_u15_t25	57.4210165698
weight	y_r5_u15_t26	55.0316743932
weight	y_r5_u15_t27	56.5800092080
weight	y_r5_u15_t28	59.9618817303
weight	y_r5_u15_t29	56.2459728488
weight	y_r5_u15_t30	76.7926069139
weight	z_r5_k1_u1	0.6182180343
weight	z_r5_k1_u2	0.3824784209
weight	z_r5_k1_u3	0.0268645587
weight	z_r5_k1_u4	0.8567163446
weight	z_r5_k1_u5	0.9520174670
weight	z_r5_k1_u6	0.5735937394
weight	z_r5_k1_u7	0.4498742677
weight	z_r5_k1_u8	0.4117967032
weight	z_r5_k1_u9	0.1547529201
weight	z_r5_k1_u10	0.4122173802
weight	z_r5_k1_u11	0.1058546535
weight	z_r5_k1_u12	0.7394573267
weight	z_r5_k1_u13	0.0736525380
weight	z_r5_k1_u14	0.3110198765
weight	z_r5_k1_u15	0.6444898036
weight	z_r5_k2_u1	0.5015268540
weight	z_r5_k2_u2	0.0425168732
weight	z_r5_k2_u3	0.5390250715
weight	z_r5_k2_u4	0.1920876137
weight	z_r5_k2_u5	0.6704069606
weight	z_r5_k2_u6	0.8359955992
weight	z_r5_k2_u7	0.2258851274
weight	z_r5_k2_u8	0.4853276608
weight	z_r5_k2_u9	0.9543089813
weight	z_r5_k2_u10	0.5450030251
weight	z_r5_k2_u11	0.0620400247
weight	z_r5_k2_u12	0.0732543643
weight	z_r5_k2_u13	0.7430788726
weight	z_r5_k2_u14	0.7385350200
weight	z_r5_k2_u15	0.5704292115
weight	z_r5_k3_u1	0.4150906778
weight	z_r5_k3_u2	0.1868269944
weight	z_r5_k3_u3	0.0046661408
weight	z_r5_k3_u4	0.7651498304
weight	z_r5_k3_u5	0.5712031380
weight	z_r5_k3_u6	0.1140211341
weight	z_r5_k3_u7	0.6027297063
weight	z_r5_k3_u8	0.3863862976
weight	z_r5_k3_u9	0.0710004217
weight	z_r5_k3_u10	0.6824303691
weight	z_r5_k3_u11	0.4203795062
weight	z_r5_k3_u12	0.0485403473
weight	z_r5_k3_u13	0.7491345559
weight	z_r5_k3_u14	0.9858965660
weight	z_r5_k3_u15	0.7605556941
weight	z_r5_k4_u1	0.9485928754
weight	z_r5_k4_u2	0.7357040721
weight	z_r5_k4_u3	0.2370228972
weight	z_r5_k4_u4	0.8136391337
weight	z_r5_k4_u5	0.6267839030
weight	z_r5_k4_u6	0.9015385367
weight	z_r5_k4_u7	0.4400975176
weight	z_r5_k4_u8	0.6194068647
weight	z_r5_k4_u9	0.2691736557
weight	z_r5_k4_u10	0.7082305322
weight	z_r5_k4_u11	0.0232953562
weight	z_r5_k4_u12	0.3387557436
weight	z_r5_k4_u13	0.1660238456
weight	z_r5_k4_u14	0.6874921559
weight	z_r5_k4_u15	0.0491841361
weight	z_r5_k5_u1	0.1399184922
weight	z_r5_k5_u2	0.2897641317
weight	z_r5_k5_u3	0.6011773229
weight	z_r5_k5_u4	0.6577568226
weight	z_r5_k5_u5	0.7556468335
weight	z_r5_k5_u6	0.9846487846
weight	z_r5_k5_u7	0.1551845691
weight	z_r5_k5_u8	0.0736390974
weight	z_r5_k5_u9	0.0452527560
weight	z_r5_k5_u10	0.7796950743
weight	z_r5_k5_u11	0.8860127833
weight	z_r5_k5_u12	0.7741847010
weight	z_r5_k5_u13	0.0244620331
weight	z_r5_k5_u14	0.4704053062
weight	z_r5_k5_u15	0.7571660588
weight	z_r5_k6_u1	0.1290204050
weight	z_r5_k6_u2	0.8626302457
weight	z_r5_k6_u3	0.4485730268
weight	z_r5_k6_u4	0.4674399621
weight	z_r5_k6_u5	0.7501124125
weight	z_r5_k6_u6	0.3196825169
weight	z_r5_k6_u7	0.2426635416
weight	z_r5_k6_u8	0.9342756816
weight	z_r5_k6_u9	0.8668375427
weight	z_r5_k6_u10	0.5288678780
weight	z_r5_k6_u11	0.8240047751
weight	z_r5_k6_u12	0.4342234198
weight	z_r5_k6_u13	0.2018515656
weight	z_r5_k6_u14	0.9360113693
weight	z_r5_k6_u15	0.3424226404
weight	z_r5_k7_u1	0.1458268389
weight	z_r5_k7_u2	0.1357292579
weight	z_r5_k7_u3	0.5451909970
weight	z_r5_k7_u4	0.2552032566
weight	z_r5_k7_u5	0.4267172802
weight	z_r5_k7_u6	0.6003925090
weight	z_r5_k7_u7	0.1692277179
weight	z_r5_k7_u8	0.5244902731
weight	z_r5_k7_u9	0.8040456560
weight	z_r5_k7_u10	0.7078873904
weight	z_r5_k7_u11	0.2067112804
weight	z_r5_k7_u12	0.5675636434
weight	z_r5_k7_u13	0.5572256250
weight	z_r5_k7_u14	0.6563598821
weight	z_r5_k7_u15	0.4845990911
n_treated_rep5	2.000000
loss_rep5	0.0850780080
weight	sel_r5_u2	0.398223
weight	sel_r5_u15	0.601777
weight	y_r6_u1_t1	44.9874570288
weight	y_r6_u1_t2	48.2696595093
weight	y_r6_u1_t3	55.6151051260
weight	y_r6_u1_t4	54.3150021010
weight	y_r6_u1_t5	54.0838033773
weight	y_r6_u1_t6	56.8543086507
weight	y_r6_u1_t7	62.2038941085
weight	y_r6_u1_t8	60.3505641296
weight	y_r6_u1_t9	45.2838065208
weight	y_r6_u1_t10	54.6306619082
weight	y_r6_u1_t11	62.1724764000
weight	y_r6_u1_t12	42.6697455206
weight	y_r6_u1_t13	73.4422240232
weight	y_r6_u1_t14	55.3693138893
weight	y_r6_u1_t15	55.4374032080
weight	y_r6_u1_t16	61.2356401670
weight	y_r6_u1_t17	52.9759268382
weight	y_r6_u1_t18	68.3892457336
weight	y_r6_u1_t19	52.8469583872
weight	y_r6_u1_t20	60.2840390392
weight	y_r6_u1_t21	60.2566951579
weight	y_r6_u1_t22	67.6903088569
weight	y_r6_u1_t23	79.5821788181
weight	y_r6_u1_t24	66.5408725891
weight	y_r6_u1_t25	72.9912743997
weight	y_r6_u1_t26	60.4358438119
weight	y_r6_u1_t27	59.0353658759
weight	y_r6_u1_t28	80.4763746443
weight	y_r6_u1_t29	63.8341082744
weight	y_r6_u1_t30	51.7652860577
weight	y_r6_u2_t1	28.6840205622
weight	y_r6_u2_t2	20.8398232447
weight	y_r6_u2_t3	35.1088975327
weight	y_r6_u2_t4	38.8672835417
weight	y_r6_u2_t5	36.1337132449
weight	y_r6_u2_t6	39.2382760744
weight	y_r6_u2_t7	31.9600950729
weight	y_r6_u2_t8	33.1047790072
weight	y_r6_u2_t9	24.6106195323
weight	y_r6_u2_t10	39.2105992712
weight	y_r6_u2_t11	43.2571830665
weight	y_r6_u2_t12	28.6043686656
weight	y_r6_u2_t13	45.3613275091
weight	y_r6_u2_t14	35.7587709300
weight	y_r6_u2_t15	35.7143820660
weight	y_r6_u2_t16	48.5164606663
weight	y_r6_u2_t17	38.8576074117
weight	y_r6_u2_t18	43.9749176209
weight	y_r6_u2_t19	40.8865177876
weight	y_r6_u2_t20	41.5287216616
weight	y_r6_u2_t21	45.8938660714
weight	y_r6_u2_t22	51.8846964028
weight	y_r6_u2_t23	55.1835336085
weight	y_r6_u2_t24	49.4855461532
weight	y_r6_u2_t25	53.3131517200
weight	y_r6_u2_t26	49.9154257297
weight	y_r6_u2_t27	49.4739476240
weight	y_r6_u2_t28	57.6004047157
weight	y_r6_u2_t29	48.5726189302
weight	y_r6_u2_t30	43.6545917638
weight	y_r6_u3_t1	48.0544919687
weight	y_r6_u3_t2	48.8357700250
weight	y_r6_u3_t3	66.4130159609
weight	y_r6_u3_t4	62.0859423407
weight	y_r6_u3_t5	66.6261842653
weight	y_r6_u3_t6	57.5115362530
weight	y_r6_u3_t7	57.8335228460
weight	y_r6_u3_t8	59.0115517738
weight	y_r6_u3_t9	42.7678998422
weight	y_r6_u3_t10	70.8868495816
weight	y_r6_u3_t11	52.6332663144
weight	y_r6_u3_t12	48.3307367664
weight	y_r6_u3_t13	74.4901107194
weight	y_r6_u3_t14	57.4470469234
weight	y_r6_u3_t15	54.2030456672
weight	y_r6_u3_t16	65.1009403731
weight	y_r6_u3_t17	50.6546163571
weight	y_r6_u3_t18	70.7464707928
weight	y_r6_u3_t19	60.2609605120
weight	y_r6_u3_t20	69.7532104425
weight	y_r6_u3_t21	58.6315026742
weight	y_r6_u3_t22	69.7803039068
weight	y_r6_u3_t23	86.6204004815
weight	y_r6_u3_t24	64.1362019215
weight	y_r6_u3_t25	73.2417625234
weight	y_r6_u3_t26	73.1281212606
weight	y_r6_u3_t27	66.6527487724
weight	y_r6_u3_t28	81.6736378619
weight	y_r6_u3_t29	61.6362395093
weight	y_r6_u3_t30	62.0393134147
weight	y_r6_u4_t1	41.8091691369
weight	y_r6_u4_t2	47.6626587232
weight	y_r6_u4_t3	51.1632263705
weight	y_r6_u4_t4	50.3743531029
weight	y_r6_u4_t5	49.2561085144
weight	y_r6_u4_t6	49.3767739327
weight	y_r6_u4_t7	49.5061211911
weight	y_r6_u4_t8	58.0494598268
weight	y_r6_u4_t9	43.5030408125
weight	y_r6_u4_t10	61.3838472023
weight	y_r6_u4_t11	55.6055535695
weight	y_r6_u4_t12	44.1256547234
weight	y_r6_u4_t13	58.5784521895
weight	y_r6_u4_t14	49.5419574659
weight	y_r6_u4_t15	50.6143118834
weight	y_r6_u4_t16	59.9804931351
weight	y_r6_u4_t17	44.7540738147
weight	y_r6_u4_t18	60.1122846607
weight	y_r6_u4_t19	58.6401116070
weight	y_r6_u4_t20	56.6198120628
weight	y_r6_u4_t21	58.0221738469
weight	y_r6_u4_t22	62.2637748832
weight	y_r6_u4_t23	70.5901024055
weight	y_r6_u4_t24	55.0419448422
weight	y_r6_u4_t25	63.8415525258
weight	y_r6_u4_t26	63.6634095976
weight	y_r6_u4_t27	59.3173343439
weight	y_r6_u4_t28	78.4736591453
weight	y_r6_u4_t29	59.7722581933
weight	y_r6_u4_t30	55.3096864124
weight	y_r6_u5_t1	36.0103113410
weight	y_r6_u5_t2	31.4064064391
weight	y_r6_u5_t3	48.1343237036
weight	y_r6_u5_t4	42.8412879608
weight	y_r6_u5_t5	44.2136745846
weight	y_r6_u5_t6	43.2737274501
weight	y_r6_u5_t7	40.0276500046
weight	y_r6_u5_t8	44.0623028046
weight	y_r6_u5_t9	36.8656635530
weight	y_r6_u5_t10	51.8792359209
weight	y_r6_u5_t11	41.0781425369
weight	y_r6_u5_t12	39.5314800050
weight	y_r6_u5_t13	55.8298716800
weight	y_r6_u5_t14	53.5286658148
weight	y_r6_u5_t15	44.4387792127
weight	y_r6_u5_t16	51.1267618411
weight	y_r6_u5_t17	44.6666484730
weight	y_r6_u5_t18	56.5547668392
weight	y_r6_u5_t19	51.5301657699
weight	y_r6_u5_t20	49.7651744158
weight	y_r6_u5_t21	46.0838892098
weight	y_r6_u5_t22	56.6884734664
weight	y_r6_u5_t23	64.4622231319
weight	y_r6_u5_t24	54.8141483302
weight	y_r6_u5_t25	60.7948759168
weight	y_r6_u5_t26	55.8381876419
weight	y_r6_u5_t27	53.0565835303
weight	y_r6_u5_t28	69.9471993650
weight	y_r6_u5_t29	48.3756501857
weight	y_r6_u5_t30	54.0537947316
weight	y_r6_u6_t1	41.8607827298
weight	y_r6_u6_t2	52.6435055324
weight	y_r6_u6_t3	59.7289738402
weight	y_r6_u6_t4	69.6343335178
weight	y_r6_u6_t5	68.7702187705
weight	y_r6_u6_t6	66.0267501092
weight	y_r6_u6_t7	51.9420699126
weight	y_r6_u6_t8	65.8937176568
weight	y_r6_u6_t9	45.9125033483
weight	y_r6_u6_t10	67.2814955683
weight	y_r6_u6_t11	62.1149559375
weight	y_r6_u6_t12	49.2633651914
weight	y_r6_u6_t13	71.0613872356
weight	y_r6_u6_t14	65.3896782165
weight	y_r6_u6_t15	58.1622891856
weight	y_r6_u6_t16	72.3605582337
weight	y_r6_u6_t17	57.9546998369
weight	y_r6_u6_t18	62.5552934140
weight	y_r6_u6_t19	60.7213577689
weight	y_r6_u6_t20	73.4241872638
weight	y_r6_u6_t21	65.7075471532
weight	y_r6_u6_t22	66.9285909474
weight	y_r6_u6_t23	79.3791589913
weight	y_r6_u6_t24	65.7479994591
weight	y_r6_u6_t25	70.6144125467
weight	y_r6_u6_t26	68.5668305812
weight	y_r6_u6_t27	73.8911378307
weight	y_r6_u6_t28	83.1738857444
weight	y_r6_u6_t29	64.4070660362
weight	y_r6_u6_t30	64.5940989957
weight	y_r6_u7_t1	37.5535307600
weight	y_r6_u7_t2	35.9457075128
weight	y_r6_u7_t3	47.2186495249
weight	y_r6_u7_t4	52.0019896541
weight	y_r6_u7_t5	47.7852021355
weight	y_r6_u7_t6	43.4666466077
weight	y_r6_u7_t7	41.0083536614
weight	y_r6_u7_t8	50.1058890780
weight	y_r6_u7_t9	42.1425182309
weight	y_r6_u7_t10	53.1226934171
weight	y_r6_u7_t11	50.5924584355
weight	y_r6_u7_t12	36.5611692101
weight	y_r6_u7_t13	53.5426855394
weight	y_r6_u7_t14	37.7074547729
weight	y_r6_u7_t15	44.5775384535
weight	y_r6_u7_t16	56.6093214549
weight	y_r6_u7_t17	41.6315177678
weight	y_r6_u7_t18	52.9858751640
weight	y_r6_u7_t19	50.2444105267
weight	y_r6_u7_t20	48.6103538564
weight	y_r6_u7_t21	52.5140781186
weight	y_r6_u7_t22	61.3978295343
weight	y_r6_u7_t23	60.3729408309
weight	y_r6_u7_t24	54.6767265155
weight	y_r6_u7_t25	53.5346998742
weight	y_r6_u7_t26	56.0805633649
weight	y_r6_u7_t27	55.6586983712
weight	y_r6_u7_t28	64.7243936094
weight	y_r6_u7_t29	58.0109842189
weight	y_r6_u7_t30	53.1580332026
weight	y_r6_u8_t1	46.0549414246
weight	y_r6_u8_t2	49.0994922203
weight	y_r6_u8_t3	63.2430289530
weight	y_r6_u8_t4	64.5573065129
weight	y_r6_u8_t5	65.8768288135
weight	y_r6_u8_t6	67.2564460421
weight	y_r6_u8_t7	63.0807860074
weight	y_r6_u8_t8	62.9107004010
weight	y_r6_u8_t9	49.4378629026
weight	y_r6_u8_t10	64.8363142469
weight	y_r6_u8_t11	64.4978870024
weight	y_r6_u8_t12	42.5248015202
weight	y_r6_u8_t13	82.3643465330
weight	y_r6_u8_t14	60.6926588829
weight	y_r6_u8_t15	61.6803472437
weight	y_r6_u8_t16	64.0096871325
weight	y_r6_u8_t17	58.0290045439
weight	y_r6_u8_t18	73.2134238350
weight	y_r6_u8_t19	62.8535986628
weight	y_r6_u8_t20	64.8133185997
weight	y_r6_u8_t21	66.4653152581
weight	y_r6_u8_t22	81.3916922409
weight	y_r6_u8_t23	85.6672295551
weight	y_r6_u8_t24	72.4945683539
weight	y_r6_u8_t25	76.6863663679
weight	y_r6_u8_t26	68.7612823569
weight	y_r6_u8_t27	62.1113480803
weight	y_r6_u8_t28	84.3121989512
weight	y_r6_u8_t29	70.5305186188
weight	y_r6_u8_t30	62.7846537530
weight	y_r6_u9_t1	33.8744880268
weight	y_r6_u9_t2	40.1243200934
weight	y_r6_u9_t3	39.4850403629
weight	y_r6_u9_t4	43.1243106301
weight	y_r6_u9_t5	42.4265930866
weight	y_r6_u9_t6	49.2051225776
weight	y_r6_u9_t7	42.6487513864
weight	y_r6_u9_t8	49.2924739416
weight	y_r6_u9_t9	31.3481814838
weight	y_r6_u9_t10	44.3663533922
weight	y_r6_u9_t11	54.7606478662
weight	y_r6_u9_t12	35.2766138230
weight	y_r6_u9_t13	57.6990679644
weight	y_r6_u9_t14	50.9394648352
weight	y_r6_u9_t15	46.9917902908
weight	y_r6_u9_t16	56.1400061221
weight	y_r6_u9_t17	50.1846871865
weight	y_r6_u9_t18	52.1622106452
weight	y_r6_u9_t19	44.6735931371
weight	y_r6_u9_t20	52.6991777964
weight	y_r6_u9_t21	49.0357083828
weight	y_r6_u9_t22	55.7233259774
weight	y_r6_u9_t23	64.7675431013
weight	y_r6_u9_t24	49.3363337235
weight	y_r6_u9_t25	59.7253417864
weight	y_r6_u9_t26	51.4608714543
weight	y_r6_u9_t27	56.2179467887
weight	y_r6_u9_t28	61.3771499996
weight	y_r6_u9_t29	56.4768341240
weight	y_r6_u9_t30	51.5916152951
weight	y_r6_u10_t1	50.4443073004
weight	y_r6_u10_t2	56.3815476344
weight	y_r6_u10_t3	62.3488744466
weight	y_r6_u10_t4	63.0632330997
weight	y_r6_u10_t5	67.1766888460
weight	y_r6_u10_t6	57.6209740831
weight	y_r6_u10_t7	61.6544868065
weight	y_r6_u10_t8	68.4281305807
weight	y_r6_u10_t9	47.8527012494
weight	y_r6_u10_t10	66.1497791183
weight	y_r6_u10_t11	65.4280383714
weight	y_r6_u10_t12	48.0354921725
weight	y_r6_u10_t13	72.4397233173
weight	y_r6_u10_t14	55.6418966379
weight	y_r6_u10_t15	61.7214855597
weight	y_r6_u10_t16	65.0907673887
weight	y_r6_u10_t17	49.1890904741
weight	y_r6_u10_t18	66.2710530002
weight	y_r6_u10_t19	60.3368787047
weight	y_r6_u10_t20	64.7197221733
weight	y_r6_u10_t21	61.3965037055
weight	y_r6_u10_t22	73.0536457399
weight	y_r6_u10_t23	83.6746561253
weight	y_r6_u10_t24	66.0850034668
weight	y_r6_u10_t25	68.9876606339
weight	y_r6_u10_t26	74.9878459789
weight	y_r6_u10_t27	64.2754386885
weight	y_r6_u10_t28	85.2785376885
weight	y_r6_u10_t29	70.4895317551
weight	y_r6_u10_t30	61.7582606292
weight	y_r6_u11_t1	44.9986089094
weight	y_r6_u11_t2	45.9489902197
weight	y_r6_u11_t3	55.9147356711
weight	y_r6_u11_t4	58.0427132371
weight	y_r6_u11_t5	55.1119752643
weight	y_r6_u11_t6	52.3486236988
weight	y_r6_u11_t7	50.8536999170
weight	y_r6_u11_t8	54.1205687441
weight	y_r6_u11_t9	40.2543216099
weight	y_r6_u11_t10	62.3168379479
weight	y_r6_u11_t11	55.1513146137
weight	y_r6_u11_t12	52.2749462265
weight	y_r6_u11_t13	66.5583149213
weight	y_r6_u11_t14	51.1237500972
weight	y_r6_u11_t15	52.9488947691
weight	y_r6_u11_t16	65.7837867955
weight	y_r6_u11_t17	53.7508251891
weight	y_r6_u11_t18	68.5042125124
weight	y_r6_u11_t19	52.0562977253
weight	y_r6_u11_t20	61.4408818196
weight	y_r6_u11_t21	58.7582551898
weight	y_r6_u11_t22	57.8854167071
weight	y_r6_u11_t23	81.8849886352
weight	y_r6_u11_t24	59.5197886633
weight	y_r6_u11_t25	63.9916189014
weight	y_r6_u11_t26	62.4426168572
weight	y_r6_u11_t27	65.6399720219
weight	y_r6_u11_t28	74.5320092800
weight	y_r6_u11_t29	57.9081927714
weight	y_r6_u11_t30	62.8955318072
weight	y_r6_u12_t1	35.1916102738
weight	y_r6_u12_t2	37.9261542703
weight	y_r6_u12_t3	49.8292268326
weight	y_r6_u12_t4	50.4554264183
weight	y_r6_u12_t5	51.3768304036
weight	y_r6_u12_t6	49.8528139395
weight	y_r6_u12_t7	47.7158053166
weight	y_r6_u12_t8	48.6649024013
weight	y_r6_u12_t9	36.7101045313
weight	y_r6_u12_t10	56.6480165680
weight	y_r6_u12_t11	49.9586016571
weight	y_r6_u12_t12	39.8868671219
weight	y_r6_u12_t13	67.6195914722
weight	y_r6_u12_t14	46.4840503550
weight	y_r6_u12_t15	44.8551453435
weight	y_r6_u12_t16	57.3022588115
weight	y_r6_u12_t17	43.7080276742
weight	y_r6_u12_t18	61.9305302659
weight	y_r6_u12_t19	53.0318747596
weight	y_r6_u12_t20	53.2960910831
weight	y_r6_u12_t21	50.1521040035
weight	y_r6_u12_t22	68.3752556012
weight	y_r6_u12_t23	74.3351968620
weight	y_r6_u12_t24	56.9665462689
weight	y_r6_u12_t25	67.9685932541
weight	y_r6_u12_t26	64.9351536882
weight	y_r6_u12_t27	56.1583412015
weight	y_r6_u12_t28	70.7382213443
weight	y_r6_u12_t29	57.2741735511
weight	y_r6_u12_t30	58.3647047160
weight	y_r6_u13_t1	40.6558944936
weight	y_r6_u13_t2	44.4481141712
weight	y_r6_u13_t3	50.8274924062
weight	y_r6_u13_t4	58.1655200681
weight	y_r6_u13_t5	60.6075728889
weight	y_r6_u13_t6	59.4821369782
weight	y_r6_u13_t7	49.8582508091
weight	y_r6_u13_t8	54.2994897731
weight	y_r6_u13_t9	43.2324212344
weight	y_r6_u13_t10	60.8338673064
weight	y_r6_u13_t11	48.6024247579
weight	y_r6_u13_t12	42.5243004922
weight	y_r6_u13_t13	74.1307125815
weight	y_r6_u13_t14	54.3648352550
weight	y_r6_u13_t15	56.4406615691
weight	y_r6_u13_t16	55.1906113669
weight	y_r6_u13_t17	42.2481658413
weight	y_r6_u13_t18	57.7950527602
weight	y_r6_u13_t19	55.1216719472
weight	y_r6_u13_t20	55.8154723166
weight	y_r6_u13_t21	56.8083808678
weight	y_r6_u13_t22	67.9360446786
weight	y_r6_u13_t23	77.9049586064
weight	y_r6_u13_t24	68.3492794883
weight	y_r6_u13_t25	68.2900888492
weight	y_r6_u13_t26	61.8490751288
weight	y_r6_u13_t27	56.5288794965
weight	y_r6_u13_t28	84.4068193465
weight	y_r6_u13_t29	58.5226070576
weight	y_r6_u13_t30	58.9604758570
weight	y_r6_u14_t1	37.5472902114
weight	y_r6_u14_t2	38.4810391449
weight	y_r6_u14_t3	57.1218573529
weight	y_r6_u14_t4	55.2995317981
weight	y_r6_u14_t5	53.5812604772
weight	y_r6_u14_t6	61.8189224577
weight	y_r6_u14_t7	50.3508655268
weight	y_r6_u14_t8	51.6990205339
weight	y_r6_u14_t9	38.5652841152
weight	y_r6_u14_t10	55.7418174285
weight	y_r6_u14_t11	58.5763229041
weight	y_r6_u14_t12	41.6441574079
weight	y_r6_u14_t13	72.1507001467
weight	y_r6_u14_t14	52.0134218875
weight	y_r6_u14_t15	49.9753000392
weight	y_r6_u14_t16	61.0889423950
weight	y_r6_u14_t17	50.9926550676
weight	y_r6_u14_t18	61.9763150876
weight	y_r6_u14_t19	53.9505980921
weight	y_r6_u14_t20	64.0777852771
weight	y_r6_u14_t21	61.4643214928
weight	y_r6_u14_t22	70.2101710546
weight	y_r6_u14_t23	78.7389901734
weight	y_r6_u14_t24	62.3211188356
weight	y_r6_u14_t25	74.6499307105
weight	y_r6_u14_t26	59.4972080866
weight	y_r6_u14_t27	60.8873032557
weight	y_r6_u14_t28	78.0637666387
weight	y_r6_u14_t29	60.3006300754
weight	y_r6_u14_t30	58.0732178762
weight	y_r6_u15_t1	41.2635541479
weight	y_r6_u15_t2	45.9653584406
weight	y_r6_u15_t3	58.3705085151
weight	y_r6_u15_t4	59.5276529092
weight	y_r6_u15_t5	57.7014318457
weight	y_r6_u15_t6	56.7662673285
weight	y_r6_u15_t7	64.8988124824
weight	y_r6_u15_t8	60.5621439410
weight	y_r6_u15_t9	43.8378373119
weight	y_r6_u15_t10	63.1219380165
weight	y_r6_u15_t11	62.9513364257
weight	y_r6_u15_t12	44.2048426116
weight	y_r6_u15_t13	74.3621760597
weight	y_r6_u15_t14	57.7366405759
weight	y_r6_u15_t15	54.4400747660
weight	y_r6_u15_t16	69.5637346153
weight	y_r6_u15_t17	54.8257443491
weight	y_r6_u15_t18	64.3965764432
weight	y_r6_u15_t19	50.1172451660
weight	y_r6_u15_t20	66.8368174788
weight	y_r6_u15_t21	56.5187672093
weight	y_r6_u15_t22	73.1663825890
weight	y_r6_u15_t23	82.7061539772
weight	y_r6_u15_t24	63.0931399536
weight	y_r6_u15_t25	74.7527824065
weight	y_r6_u15_t26	67.0125656355
weight	y_r6_u15_t27	66.4739766251
weight	y_r6_u15_t28	74.4795244326
weight	y_r6_u15_t29	67.4118663675
weight	y_r6_u15_t30	55.7941548269
weight	z_r6_k1_u1	0.3424712245
weight	z_r6_k1_u2	0.5029365725
weight	z_r6_k1_u3	0.2066640554
weight	z_r6_k1_u4	0.2476726593
weight	z_r6_k1_u5	0.3587025343
weight	z_r6_k1_u6	0.9624215895
weight	z_r6_k1_u7	0.0466793131
weight	z_r6_k1_u8	0.1648643045
weight	z_r6_k1_u9	0.9840651611
weight	z_r6_k1_u10	0.0482370695
weight	z_r6_k1_u11	0.6375471081
weight	z_r6_k1_u12	0.2703577876
weight	z_r6_k1_u13	0.5234981487
weight	z_r6_k1_u14	0.7252967118
weight	z_r6_k1_u15	0.9660729689
weight	z_r6_k2_u1	0.1858574555
weight	z_r6_k2_u2	0.2788722157
weight	z_r6_k2_u3	0.1907343490
weight	z_r6_k2_u4	0.3378709073
weight	z_r6_k2_u5	0.2148932384
weight	z_r6_k2_u6	0.3152864308
weight	z_r6_k2_u7	0.7438229038
weight	z_r6_k2_u8	0.5678466726
weight	z_r6_k2_u9	0.6879159068
weight	z_r6_k2_u10	0.2872983443
weight	z_r6_k2_u11	0.1385156722
weight	z_r6_k2_u12	0.9086897266
weight	z_r6_k2_u13	0.1565270128
weight	z_r6_k2_u14	0.6955628081
weight	z_r6_k2_u15	0.6536229346
weight	z_r6_k3_u1	0.2030910666
weight	z_r6_k3_u2	0.3635488860
weight	z_r6_k3_u3	0.5068632609
weight	z_r6_k3_u4	0.6705685356
weight	z_r6_k3_u5	0.9007674728
weight	z_r6_k3_u6	0.8468959576
weight	z_r6_k3_u7	0.5363312110
weight	z_r6_k3_u8	0.3693745898
weight	z_r6_k3_u9	0.1649823866
weight	z_r6_k3_u10	0.2619662790
weight	z_r6_k3_u11	0.8878042966
weight	z_r6_k3_u12	0.2780963937
weight	z_r6_k3_u13	0.1845765344
weight	z_r6_k3_u14	0.3451455405
weight	z_r6_k3_u15	0.0738773178
weight	z_r6_k4_u1	0.4516148558
weight	z_r6_k4_u2	0.3383546008
weight	z_r6_k4_u3	0.0744267153
weight	z_r6_k4_u4	0.8895079310
weight	z_r6_k4_u5	0.0373892130
weight	z_r6_k4_u6	0.1640474780
weight	z_r6_k4_u7	0.5774814193
weight	z_r6_k4_u8	0.2448066468
weight	z_r6_k4_u9	0.3553167917
weight	z_r6_k4_u10	0.9148999527
weight	z_r6_k4_u11	0.4235537015
weight	z_r6_k4_u12	0.5043812639
weight	z_r6_k4_u13	0.2215912670
weight	z_r6_k4_u14	0.2149117684
weight	z_r6_k4_u15	0.2885345987
weight	z_r6_k5_u1	0.0261529686
weight	z_r6_k5_u2	0.5864649345
weight	z_r6_k5_u3	0.6919037004
weight	z_r6_k5_u4	0.2478833445
weight	z_r6_k5_u5	0.4583413324
weight	z_r6_k5_u6	0.4965873896
weight	z_r6_k5_u7	0.5887732801
weight	z_r6_k5_u8	0.6614694474
weight	z_r6_k5_u9	0.2349797443
weight	z_r6_k5_u10	0.4488621815
weight	z_r6_k5_u11	0.7837307504
weight	z_r6_k5_u12	0.8962597738
weight	z_r6_k5_u13	0.7630842456
weight	z_r6_k5_u14	0.8395835401
weight	z_r6_k5_u15	0.1614963883
weight	z_r6_k6_u1	0.9445099796
weight	z_r6_k6_u2	0.1357348643
weight	z_r6_k6_u3	0.9684154529
weight	z_r6_k6_u4	0.7525447318
weight	z_r6_k6_u5	0.3562063945
weight	z_r6_k6_u6	0.3590005464
weight	z_r6_k6_u7	0.5819437634
weight	z_r6_k6_u8	0.4541711041
weight	z_r6_k6_u9	0.4737188425
weight	z_r6_k6_u10	0.9351096069
weight	z_r6_k6_u11	0.9381185707
weight	z_r6_k6_u12	0.4334145982
weight	z_r6_k6_u13	0.6081268091
weight	z_r6_k6_u14	0.4014896234
weight	z_r6_k6_u15	0.5150377846
weight	z_r6_k7_u1	0.5072106605
weight	z_r6_k7_u2	0.6924908129
weight	z_r6_k7_u3	0.3100778824
weight	z_r6_k7_u4	0.0806322680
weight	z_r6_k7_u5	0.0562445540
weight	z_r6_k7_u6	0.1862817798
weight	z_r6_k7_u7	0.5195909820
weight	z_r6_k7_u8	0.7981898428
weight	z_r6_k7_u9	0.1234217121
weight	z_r6_k7_u10	0.3816533221
weight	z_r6_k7_u11	0.2690836350
weight	z_r6_k7_u12	0.1740832916
weight	z_r6_k7_u13	0.6430247785
weight	z_r6_k7_u14	0.6088446951
weight	z_r6_k7_u15	0.4540069234
n_treated_rep6	2.000000
loss_rep6	0.0444092240
weight	sel_r6_u4	0.442567
weight	sel_r6_u14	0.557433
== SESSION INFO ==
R version 4.3.3 (2024-02-29)
Platform: x86_64-pc-linux-gnu (64-bit)
Running under: Ubuntu 24.04.4 LTS

Matrix products: default
BLAS:   /usr/lib/x86_64-linux-gnu/blas/libblas.so.3.12.0 
LAPACK: /usr/lib/x86_64-linux-gnu/lapack/liblapack.so.3.12.0

locale:
 [1] LC_CTYPE=C.UTF-8    LC_NUMERIC=C        LC_TIME=C          
 [4] LC_COLLATE=C        LC_MONETARY=C       LC_MESSAGES=C      
 [7] LC_PAPER=C          LC_NAME=C           LC_ADDRESS=C       
[10] LC_TELEPHONE=C      LC_MEASUREMENT=C    LC_IDENTIFICATION=C

time zone: Etc/UTC
tzcode source: system (glibc)

attached base packages:
[1] stats     graphics  grDevices utils     datasets  methods   base     

other attached packages:
[1] quadprog_1.5-8 Matrix_1.6-5  

loaded via a namespace (and not attached):
[1] compiler_4.3.3 grid_4.3.3     lattice_0.22-5
