{
  "values": {
    "did_att": 0.11595237,
    "did_theta_post1": -0.3419456,
    "did_wsum": 1.0,
    "did_wmax": 0.22354973,
    "uniform_att": 0.11731726,
    "uniform_theta_post1": -0.34071806,
    "uniform_wsum": 1.0,
    "uniform_wmax": 0.21718172,
    "sc_att": 0.11578539,
    "sc_theta_post1": -0.3441759,
    "sc_wsum": 1.0,
    "sc_wmax": 0.22052367,
    "did_w[Ohio]": 0.22354973,
    "did_w[Missouri]": 0.16933487,
    "did_w[Connecticut]": 0.1457406,
    "did_w[Arkansas]": 0.13733702,
    "did_w[Wyoming]": 0.1193876,
    "did_w[Colorado]": 0.0814454,
    "did_w[West Virginia]": 0.08096842,
    "did_w[Oregon]": 0.02272855,
    "did_w[Alaska]": 0.01236877,
    "did_w[District of Columbia]": 0.00713904,
    "sigma2_post1": 6950.01398794,
    "se_post1": 0.34410017,
    "se_post2": 0.25853633,
    "hatV_trace": 9235.0753162,
    "inC_hatw": 1.0,
    "inC_uniform": 1.0,
    "inC_vertex1": 0.0,
    "inC_edge1_5": 0.0
  },
  "weights": {}
}
