{
  "values": {
    "sdid_att": -15.603829,
    "did_att": -27.349111,
    "sc_att": -19.619665,
    "n0": 38,
    "t0": 19
  }
}

