"donor","weight","incl_prob"
"USA",0,0
"UK",0,0
"Austria",0.000754982457291536,0.0135
"Belgium",0.000290435572054765,0.006
"Denmark",4.67419835423095e-05,0.0015
"France",0.000396605225641954,0.0065
"Italy",0.296005187637458,1
"Netherlands",2.58906485921257e-05,0.001
"Norway",0,0
"Switzerland",0.374166423836471,1
"Japan",0.328294266307745,1
"Greece",0,0
"Portugal",0,0
"Spain",4.16443001963161e-06,5e-04
"Australia",1.5301901183932e-05,0.001
"New Zealand",0,0
