"panel","unit","id","data.id","grid.id","filter.width","k","step.pattern"
"Figure_5_1","Cataluna",10,10,100,5,9,"symmetricP2"
"Figure_5_1","Galicia",13,10,100,5,9,"symmetricP2"
"Figure_5_1","Cantabria",7,10,101,7,9,"symmetricP2"
"Figure_5_1","Comunidad Valenciana",11,10,101,7,9,"symmetricP2"
"Figure_5_1","Rioja (La)",18,10,101,7,9,"symmetricP2"
"Figure_5_1","Principado De Asturias",4,10,109,5,4,"asymmetricP1"
"Figure_5_1","Spain (Espana)",1,10,109,5,4,"asymmetricP1"
"Figure_5_1","Castilla Y Leon",8,10,163,5,4,"asymmetricP2"
"Figure_5_1","Aragon",3,10,165,9,4,"asymmetricP2"
"Figure_5_1","Murcia (Region de)",15,10,166,11,4,"asymmetricP2"
"Figure_5_1","Canarias",6,10,169,17,4,"asymmetricP2"
"Figure_5_1","Andalucia",2,10,225,21,4,"typeIc"
"Figure_5_1","Baleares (Islas)",5,10,325,5,4,"mori2006"
"Figure_5_1","Extremadura",12,10,325,5,4,"mori2006"
"Figure_5_1","Navarra (Comunidad Foral De)",16,10,325,5,4,"mori2006"
"Figure_5_1","Madrid (Comunidad De)",14,10,330,15,4,"mori2006"
"Figure_5_1","Comunidad Valenciana",11,11,1,5,4,"symmetricP1"
"Figure_5_1","Navarra (Comunidad Foral De)",16,11,1,5,4,"symmetricP1"
"Figure_5_1","Rioja (La)",18,11,101,7,9,"symmetricP2"
"Figure_5_1","Madrid (Comunidad De)",14,11,104,13,9,"symmetricP2"
"Figure_5_1","Principado De Asturias",4,11,109,5,4,"asymmetricP1"
"Figure_5_1","Spain (Espana)",1,11,109,5,4,"asymmetricP1"
"Figure_5_1","Galicia",13,11,110,7,4,"asymmetricP1"
"Figure_5_1","Andalucia",2,11,117,21,4,"asymmetricP1"
"Figure_5_1","Castilla Y Leon",8,11,163,5,4,"asymmetricP2"
"Figure_5_1","Castilla-La Mancha",9,11,163,5,4,"asymmetricP2"
"Figure_5_1","Cantabria",7,11,164,7,4,"asymmetricP2"
"Figure_5_1","Aragon",3,11,165,9,4,"asymmetricP2"
"Figure_5_1","Murcia (Region de)",15,11,166,11,4,"asymmetricP2"
"Figure_5_1","Canarias",6,11,169,17,4,"asymmetricP2"
"Figure_5_1","Baleares (Islas)",5,11,325,5,4,"mori2006"
"Figure_5_1","Extremadura",12,11,325,5,4,"mori2006"
"Figure_5_1","Baleares (Islas)",5,12,1,5,4,"symmetricP1"
"Figure_5_1","Aragon",3,12,13,11,5,"symmetricP1"
"Figure_5_1","Cataluna",10,12,100,5,9,"symmetricP2"
"Figure_5_1","Spain (Espana)",1,12,109,5,4,"asymmetricP1"
"Figure_5_1","Galicia",13,12,110,7,4,"asymmetricP1"
"Figure_5_1","Castilla-La Mancha",9,12,163,5,4,"asymmetricP2"
"Figure_5_1","Principado De Asturias",4,12,163,5,4,"asymmetricP2"
"Figure_5_1","Cantabria",7,12,164,7,4,"asymmetricP2"
"Figure_5_1","Rioja (La)",18,12,165,9,4,"asymmetricP2"
"Figure_5_1","Murcia (Region de)",15,12,166,11,4,"asymmetricP2"
"Figure_5_1","Canarias",6,12,169,17,4,"asymmetricP2"
"Figure_5_1","Castilla Y Leon",8,12,217,5,4,"typeIc"
"Figure_5_1","Andalucia",2,12,225,21,4,"typeIc"
"Figure_5_1","Extremadura",12,12,325,5,4,"mori2006"
"Figure_5_1","Navarra (Comunidad Foral De)",16,12,325,5,4,"mori2006"
"Figure_5_1","Madrid (Comunidad De)",14,12,330,15,4,"mori2006"
"Figure_5_1","Comunidad Valenciana",11,13,1,5,4,"symmetricP1"
"Figure_5_1","Navarra (Comunidad Foral De)",16,13,1,5,4,"symmetricP1"
"Figure_5_1","Andalucia",2,13,18,21,5,"symmetricP1"
"Figure_5_1","Cataluna",10,13,100,5,9,"symmetricP2"
"Figure_5_1","Cantabria",7,13,101,7,9,"symmetricP2"
"Figure_5_1","Rioja (La)",18,13,101,7,9,"symmetricP2"
"Figure_5_1","Canarias",6,13,106,17,9,"symmetricP2"
"Figure_5_1","Spain (Espana)",1,13,109,5,4,"asymmetricP1"
"Figure_5_1","Galicia",13,13,110,7,4,"asymmetricP1"
"Figure_5_1","Castilla-La Mancha",9,13,163,5,4,"asymmetricP2"
"Figure_5_1","Principado De Asturias",4,13,163,5,4,"asymmetricP2"
"Figure_5_1","Aragon",3,13,164,7,4,"asymmetricP2"
"Figure_5_1","Murcia (Region de)",15,13,166,11,4,"asymmetricP2"
"Figure_5_1","Baleares (Islas)",5,13,326,7,4,"mori2006"
"Figure_5_1","Castilla Y Leon",8,13,328,11,4,"mori2006"
"Figure_5_1","Madrid (Comunidad De)",14,13,330,15,4,"mori2006"
"Figure_5_1","Aragon",3,14,13,11,5,"symmetricP1"
"Figure_5_1","Andalucia",2,14,18,21,5,"symmetricP1"
"Figure_5_1","Castilla Y Leon",8,14,100,5,9,"symmetricP2"
"Figure_5_1","Castilla-La Mancha",9,14,100,5,9,"symmetricP2"
"Figure_5_1","Cataluna",10,14,100,5,9,"symmetricP2"
"Figure_5_1","Comunidad Valenciana",11,14,101,7,9,"symmetricP2"
"Figure_5_1","Rioja (La)",18,14,101,7,9,"symmetricP2"
"Figure_5_1","Extremadura",12,14,104,13,9,"symmetricP2"
"Figure_5_1","Canarias",6,14,106,17,9,"symmetricP2"
"Figure_5_1","Principado De Asturias",4,14,109,5,4,"asymmetricP1"
"Figure_5_1","Cantabria",7,14,164,7,4,"asymmetricP2"
"Figure_5_1","Murcia (Region de)",15,14,166,11,4,"asymmetricP2"
"Figure_5_1","Spain (Espana)",1,14,217,5,4,"typeIc"
"Figure_5_1","Baleares (Islas)",5,14,325,5,4,"mori2006"
"Figure_5_1","Navarra (Comunidad Foral De)",16,14,325,5,4,"mori2006"
"Figure_5_1","Madrid (Comunidad De)",14,14,330,15,4,"mori2006"
"Figure_5_1","Baleares (Islas)",5,15,1,5,4,"symmetricP1"
"Figure_5_1","Cataluna",10,15,1,5,4,"symmetricP1"
"Figure_5_1","Navarra (Comunidad Foral De)",16,15,1,5,4,"symmetricP1"
"Figure_5_1","Cantabria",7,15,101,7,9,"symmetricP2"
"Figure_5_1","Principado De Asturias",4,15,109,5,4,"asymmetricP1"
"Figure_5_1","Aragon",3,15,110,7,4,"asymmetricP1"
"Figure_5_1","Galicia",13,15,110,7,4,"asymmetricP1"
"Figure_5_1","Rioja (La)",18,15,110,7,4,"asymmetricP1"
"Figure_5_1","Castilla Y Leon",8,15,163,5,4,"asymmetricP2"
"Figure_5_1","Murcia (Region de)",15,15,166,11,4,"asymmetricP2"
"Figure_5_1","Canarias",6,15,169,17,4,"asymmetricP2"
"Figure_5_1","Spain (Espana)",1,15,217,5,4,"typeIc"
"Figure_5_1","Andalucia",2,15,225,21,4,"typeIc"
"Figure_5_1","Castilla-La Mancha",9,15,325,5,4,"mori2006"
"Figure_5_1","Comunidad Valenciana",11,15,325,5,4,"mori2006"
"Figure_5_1","Extremadura",12,15,325,5,4,"mori2006"
"Figure_5_1","Navarra (Comunidad Foral De)",16,16,1,5,4,"symmetricP1"
"Figure_5_1","Rioja (La)",18,16,11,7,5,"symmetricP1"
"Figure_5_1","Aragon",3,16,13,11,5,"symmetricP1"
"Figure_5_1","Cataluna",10,16,100,5,9,"symmetricP2"
"Figure_5_1","Canarias",6,16,101,7,9,"symmetricP2"
"Figure_5_1","Cantabria",7,16,101,7,9,"symmetricP2"
"Figure_5_1","Principado De Asturias",4,16,109,5,4,"asymmetricP1"
"Figure_5_1","Galicia",13,16,110,7,4,"asymmetricP1"
"Figure_5_1","Baleares (Islas)",5,16,163,5,4,"asymmetricP2"
"Figure_5_1","Comunidad Valenciana",11,16,163,5,4,"asymmetricP2"
"Figure_5_1","Castilla-La Mancha",9,16,171,21,4,"asymmetricP2"
"Figure_5_1","Spain (Espana)",1,16,217,5,4,"typeIc"
"Figure_5_1","Andalucia",2,16,224,19,4,"typeIc"
"Figure_5_1","Extremadura",12,16,325,5,4,"mori2006"
"Figure_5_1","Castilla Y Leon",8,16,328,11,4,"mori2006"
"Figure_5_1","Madrid (Comunidad De)",14,16,330,15,4,"mori2006"
"Figure_5_1","Baleares (Islas)",5,17,1,5,4,"symmetricP1"
"Figure_5_1","Aragon",3,17,13,11,5,"symmetricP1"
"Figure_5_1","Castilla-La Mancha",9,17,100,5,9,"symmetricP2"
"Figure_5_1","Comunidad Valenciana",11,17,101,7,9,"symmetricP2"
"Figure_5_1","Principado De Asturias",4,17,109,5,4,"asymmetricP1"
"Figure_5_1","Spain (Espana)",1,17,109,5,4,"asymmetricP1"
"Figure_5_1","Cataluna",10,17,110,7,4,"asymmetricP1"
"Figure_5_1","Galicia",13,17,110,7,4,"asymmetricP1"
"Figure_5_1","Castilla Y Leon",8,17,163,5,4,"asymmetricP2"
"Figure_5_1","Cantabria",7,17,164,7,4,"asymmetricP2"
"Figure_5_1","Rioja (La)",18,17,165,9,4,"asymmetricP2"
"Figure_5_1","Murcia (Region de)",15,17,166,11,4,"asymmetricP2"
"Figure_5_1","Canarias",6,17,169,17,4,"asymmetricP2"
"Figure_5_1","Extremadura",12,17,325,5,4,"mori2006"
"Figure_5_1","Madrid (Comunidad De)",14,17,330,15,4,"mori2006"
"Figure_5_1","Andalucia",2,17,333,21,4,"mori2006"
"Figure_5_1","Baleares (Islas)",5,18,1,5,4,"symmetricP1"
"Figure_5_1","Navarra (Comunidad Foral De)",16,18,1,5,4,"symmetricP1"
"Figure_5_1","Andalucia",2,18,16,17,5,"symmetricP1"
"Figure_5_1","Cataluna",10,18,100,5,9,"symmetricP2"
"Figure_5_1","Cantabria",7,18,101,7,9,"symmetricP2"
"Figure_5_1","Rioja (La)",18,18,101,7,9,"symmetricP2"
"Figure_5_1","Canarias",6,18,106,17,9,"symmetricP2"
"Figure_5_1","Spain (Espana)",1,18,109,5,4,"asymmetricP1"
"Figure_5_1","Galicia",13,18,110,7,4,"asymmetricP1"
"Figure_5_1","Castilla Y Leon",8,18,163,5,4,"asymmetricP2"
"Figure_5_1","Castilla-La Mancha",9,18,163,5,4,"asymmetricP2"
"Figure_5_1","Comunidad Valenciana",11,18,163,5,4,"asymmetricP2"
"Figure_5_1","Principado De Asturias",4,18,163,5,4,"asymmetricP2"
"Figure_5_1","Aragon",3,18,165,9,4,"asymmetricP2"
"Figure_5_1","Murcia (Region de)",15,18,166,11,4,"asymmetricP2"
"Figure_5_1","Extremadura",12,18,325,5,4,"mori2006"
"Figure_5_1","Madrid (Comunidad De)",14,18,330,15,4,"mori2006"
"Figure_5_1","Baleares (Islas)",5,19,1,5,4,"symmetricP1"
"Figure_5_1","Navarra (Comunidad Foral De)",16,19,1,5,4,"symmetricP1"
"Figure_5_1","Castilla-La Mancha",9,19,100,5,9,"symmetricP2"
"Figure_5_1","Cataluna",10,19,100,5,9,"symmetricP2"
"Figure_5_1","Galicia",13,19,101,7,9,"symmetricP2"
"Figure_5_1","Canarias",6,19,106,17,9,"symmetricP2"
"Figure_5_1","Principado De Asturias",4,19,109,5,4,"asymmetricP1"
"Figure_5_1","Spain (Espana)",1,19,109,5,4,"asymmetricP1"
"Figure_5_1","Castilla Y Leon",8,19,163,5,4,"asymmetricP2"
"Figure_5_1","Comunidad Valenciana",11,19,163,5,4,"asymmetricP2"
"Figure_5_1","Murcia (Region de)",15,19,163,5,4,"asymmetricP2"
"Figure_5_1","Cantabria",7,19,164,7,4,"asymmetricP2"
"Figure_5_1","Aragon",3,19,165,9,4,"asymmetricP2"
"Figure_5_1","Extremadura",12,19,325,5,4,"mori2006"
"Figure_5_1","Madrid (Comunidad De)",14,19,330,15,4,"mori2006"
"Figure_5_1","Andalucia",2,19,332,19,4,"mori2006"
"Figure_5_1","Cantabria",7,2,100,5,9,"symmetricP2"
"Figure_5_1","Canarias",6,2,106,17,9,"symmetricP2"
"Figure_5_1","Castilla-La Mancha",9,2,109,5,4,"asymmetricP1"
"Figure_5_1","Principado De Asturias",4,2,109,5,4,"asymmetricP1"
"Figure_5_1","Galicia",13,2,110,7,4,"asymmetricP1"
"Figure_5_1","Cataluna",10,2,163,5,4,"asymmetricP2"
"Figure_5_1","Comunidad Valenciana",11,2,163,5,4,"asymmetricP2"
"Figure_5_1","Rioja (La)",18,2,163,5,4,"asymmetricP2"
"Figure_5_1","Aragon",3,2,165,9,4,"asymmetricP2"
"Figure_5_1","Murcia (Region de)",15,2,166,11,4,"asymmetricP2"
"Figure_5_1","Baleares (Islas)",5,2,325,5,4,"mori2006"
"Figure_5_1","Extremadura",12,2,325,5,4,"mori2006"
"Figure_5_1","Navarra (Comunidad Foral De)",16,2,325,5,4,"mori2006"
"Figure_5_1","Castilla Y Leon",8,2,328,11,4,"mori2006"
"Figure_5_1","Madrid (Comunidad De)",14,2,330,15,4,"mori2006"
"Figure_5_1","Andalucia",2,2,331,17,4,"mori2006"
"Figure_5_1","Baleares (Islas)",5,3,1,5,4,"symmetricP1"
"Figure_5_1","Navarra (Comunidad Foral De)",16,3,1,5,4,"symmetricP1"
"Figure_5_1","Aragon",3,3,13,11,5,"symmetricP1"
"Figure_5_1","Castilla-La Mancha",9,3,100,5,9,"symmetricP2"
"Figure_5_1","Cataluna",10,3,100,5,9,"symmetricP2"
"Figure_5_1","Extremadura",12,3,100,5,9,"symmetricP2"
"Figure_5_1","Comunidad Valenciana",11,3,101,7,9,"symmetricP2"
"Figure_5_1","Principado De Asturias",4,3,109,5,4,"asymmetricP1"
"Figure_5_1","Galicia",13,3,110,7,4,"asymmetricP1"
"Figure_5_1","Rioja (La)",18,3,163,5,4,"asymmetricP2"
"Figure_5_1","Cantabria",7,3,164,7,4,"asymmetricP2"
"Figure_5_1","Murcia (Region de)",15,3,166,11,4,"asymmetricP2"
"Figure_5_1","Canarias",6,3,169,17,4,"asymmetricP2"
"Figure_5_1","Castilla Y Leon",8,3,217,5,4,"typeIc"
"Figure_5_1","Spain (Espana)",1,3,325,5,4,"mori2006"
"Figure_5_1","Madrid (Comunidad De)",14,3,330,15,4,"mori2006"
"Figure_5_1","Baleares (Islas)",5,4,1,5,4,"symmetricP1"
"Figure_5_1","Cantabria",7,4,100,5,9,"symmetricP2"
"Figure_5_1","Cataluna",10,4,100,5,9,"symmetricP2"
"Figure_5_1","Spain (Espana)",1,4,109,5,4,"asymmetricP1"
"Figure_5_1","Galicia",13,4,110,7,4,"asymmetricP1"
"Figure_5_1","Castilla-La Mancha",9,4,163,5,4,"asymmetricP2"
"Figure_5_1","Comunidad Valenciana",11,4,164,7,4,"asymmetricP2"
"Figure_5_1","Rioja (La)",18,4,165,9,4,"asymmetricP2"
"Figure_5_1","Murcia (Region de)",15,4,166,11,4,"asymmetricP2"
"Figure_5_1","Principado De Asturias",4,4,168,15,4,"asymmetricP2"
"Figure_5_1","Canarias",6,4,169,17,4,"asymmetricP2"
"Figure_5_1","Castilla Y Leon",8,4,217,5,4,"typeIc"
"Figure_5_1","Extremadura",12,4,325,5,4,"mori2006"
"Figure_5_1","Navarra (Comunidad Foral De)",16,4,325,5,4,"mori2006"
"Figure_5_1","Madrid (Comunidad De)",14,4,330,15,4,"mori2006"
"Figure_5_1","Andalucia",2,4,331,17,4,"mori2006"
"Figure_5_1","Baleares (Islas)",5,5,1,5,4,"symmetricP1"
"Figure_5_1","Cantabria",7,5,100,5,9,"symmetricP2"
"Figure_5_1","Cataluna",10,5,100,5,9,"symmetricP2"
"Figure_5_1","Murcia (Region de)",15,5,100,5,9,"symmetricP2"
"Figure_5_1","Comunidad Valenciana",11,5,101,7,9,"symmetricP2"
"Figure_5_1","Canarias",6,5,106,17,9,"symmetricP2"
"Figure_5_1","Castilla Y Leon",8,5,163,5,4,"asymmetricP2"
"Figure_5_1","Aragon",3,5,164,7,4,"asymmetricP2"
"Figure_5_1","Rioja (La)",18,5,164,7,4,"asymmetricP2"
"Figure_5_1","Extremadura",12,5,217,5,4,"typeIc"
"Figure_5_1","Spain (Espana)",1,5,217,5,4,"typeIc"
"Figure_5_1","Castilla-La Mancha",9,5,325,5,4,"mori2006"
"Figure_5_1","Navarra (Comunidad Foral De)",16,5,325,5,4,"mori2006"
"Figure_5_1","Galicia",13,5,327,9,4,"mori2006"
"Figure_5_1","Madrid (Comunidad De)",14,5,330,15,4,"mori2006"
"Figure_5_1","Andalucia",2,5,331,17,4,"mori2006"
"Figure_5_1","Navarra (Comunidad Foral De)",16,6,1,5,4,"symmetricP1"
"Figure_5_1","Rioja (La)",18,6,11,7,5,"symmetricP1"
"Figure_5_1","Castilla Y Leon",8,6,100,5,9,"symmetricP2"
"Figure_5_1","Cataluna",10,6,100,5,9,"symmetricP2"
"Figure_5_1","Cantabria",7,6,101,7,9,"symmetricP2"
"Figure_5_1","Comunidad Valenciana",11,6,101,7,9,"symmetricP2"
"Figure_5_1","Principado De Asturias",4,6,109,5,4,"asymmetricP1"
"Figure_5_1","Spain (Espana)",1,6,109,5,4,"asymmetricP1"
"Figure_5_1","Galicia",13,6,110,7,4,"asymmetricP1"
"Figure_5_1","Castilla-La Mancha",9,6,163,5,4,"asymmetricP2"
"Figure_5_1","Aragon",3,6,165,9,4,"asymmetricP2"
"Figure_5_1","Murcia (Region de)",15,6,166,11,4,"asymmetricP2"
"Figure_5_1","Canarias",6,6,169,17,4,"asymmetricP2"
"Figure_5_1","Madrid (Comunidad De)",14,6,169,17,4,"asymmetricP2"
"Figure_5_1","Andalucia",2,6,225,21,4,"typeIc"
"Figure_5_1","Extremadura",12,6,325,5,4,"mori2006"
"Figure_5_1","Navarra (Comunidad Foral De)",16,7,1,5,4,"symmetricP1"
"Figure_5_1","Aragon",3,7,13,11,5,"symmetricP1"
"Figure_5_1","Cataluna",10,7,100,5,9,"symmetricP2"
"Figure_5_1","Galicia",13,7,100,5,9,"symmetricP2"
"Figure_5_1","Comunidad Valenciana",11,7,101,7,9,"symmetricP2"
"Figure_5_1","Rioja (La)",18,7,101,7,9,"symmetricP2"
"Figure_5_1","Principado De Asturias",4,7,105,15,9,"symmetricP2"
"Figure_5_1","Castilla-La Mancha",9,7,109,5,4,"asymmetricP1"
"Figure_5_1","Murcia (Region de)",15,7,109,5,4,"asymmetricP1"
"Figure_5_1","Spain (Espana)",1,7,109,5,4,"asymmetricP1"
"Figure_5_1","Cantabria",7,7,164,7,4,"asymmetricP2"
"Figure_5_1","Baleares (Islas)",5,7,169,17,4,"asymmetricP2"
"Figure_5_1","Madrid (Comunidad De)",14,7,169,17,4,"asymmetricP2"
"Figure_5_1","Castilla Y Leon",8,7,217,5,4,"typeIc"
"Figure_5_1","Extremadura",12,7,325,5,4,"mori2006"
"Figure_5_1","Andalucia",2,7,331,17,4,"mori2006"
"Figure_5_1","Baleares (Islas)",5,8,1,5,4,"symmetricP1"
"Figure_5_1","Navarra (Comunidad Foral De)",16,8,1,5,4,"symmetricP1"
"Figure_5_1","Aragon",3,8,13,11,5,"symmetricP1"
"Figure_5_1","Rioja (La)",18,8,101,7,9,"symmetricP2"
"Figure_5_1","Murcia (Region de)",15,8,109,5,4,"asymmetricP1"
"Figure_5_1","Principado De Asturias",4,8,109,5,4,"asymmetricP1"
"Figure_5_1","Spain (Espana)",1,8,109,5,4,"asymmetricP1"
"Figure_5_1","Galicia",13,8,110,7,4,"asymmetricP1"
"Figure_5_1","Castilla Y Leon",8,8,163,5,4,"asymmetricP2"
"Figure_5_1","Castilla-La Mancha",9,8,163,5,4,"asymmetricP2"
"Figure_5_1","Comunidad Valenciana",11,8,163,5,4,"asymmetricP2"
"Figure_5_1","Canarias",6,8,169,17,4,"asymmetricP2"
"Figure_5_1","Andalucia",2,8,225,21,4,"typeIc"
"Figure_5_1","Extremadura",12,8,325,5,4,"mori2006"
"Figure_5_1","Cataluna",10,8,326,7,4,"mori2006"
"Figure_5_1","Madrid (Comunidad De)",14,8,330,15,4,"mori2006"
"Figure_5_1","Baleares (Islas)",5,9,1,5,4,"symmetricP1"
"Figure_5_1","Navarra (Comunidad Foral De)",16,9,1,5,4,"symmetricP1"
"Figure_5_1","Extremadura",12,9,15,15,5,"symmetricP1"
"Figure_5_1","Andalucia",2,9,18,21,5,"symmetricP1"
"Figure_5_1","Cataluna",10,9,100,5,9,"symmetricP2"
"Figure_5_1","Rioja (La)",18,9,100,5,9,"symmetricP2"
"Figure_5_1","Spain (Espana)",1,9,109,5,4,"asymmetricP1"
"Figure_5_1","Galicia",13,9,110,7,4,"asymmetricP1"
"Figure_5_1","Castilla-La Mancha",9,9,163,5,4,"asymmetricP2"
"Figure_5_1","Comunidad Valenciana",11,9,163,5,4,"asymmetricP2"
"Figure_5_1","Principado De Asturias",4,9,163,5,4,"asymmetricP2"
"Figure_5_1","Cantabria",7,9,164,7,4,"asymmetricP2"
"Figure_5_1","Aragon",3,9,165,9,4,"asymmetricP2"
"Figure_5_1","Murcia (Region de)",15,9,166,11,4,"asymmetricP2"
"Figure_5_1","Canarias",6,9,169,17,4,"asymmetricP2"
"Figure_5_1","Madrid (Comunidad De)",14,9,330,15,4,"mori2006"
"Figure_5_1","Navarra (Comunidad Foral De)",16,100,1,5,4,"symmetricP1"
"Figure_5_1","Cataluna",10,100,100,5,9,"symmetricP2"
"Figure_5_1","Galicia",13,100,100,5,9,"symmetricP2"
"Figure_5_1","Cantabria",7,100,101,7,9,"symmetricP2"
"Figure_5_1","Principado De Asturias",4,100,105,15,9,"symmetricP2"
"Figure_5_1","Spain (Espana)",1,100,109,5,4,"asymmetricP1"
"Figure_5_1","Comunidad Valenciana",11,100,163,5,4,"asymmetricP2"
"Figure_5_1","Andalucia",2,100,165,9,4,"asymmetricP2"
"Figure_5_1","Aragon",3,100,165,9,4,"asymmetricP2"
"Figure_5_1","Murcia (Region de)",15,100,166,11,4,"asymmetricP2"
"Figure_5_1","Baleares (Islas)",5,100,169,17,4,"asymmetricP2"
"Figure_5_1","Castilla-La Mancha",9,100,171,21,4,"asymmetricP2"
"Figure_5_1","Extremadura",12,100,325,5,4,"mori2006"
"Figure_5_1","Castilla Y Leon",8,100,328,11,4,"mori2006"
"Figure_5_1","Madrid (Comunidad De)",14,100,330,15,4,"mori2006"
"Figure_5_1","Baleares (Islas)",5,101,1,5,4,"symmetricP1"
"Figure_5_1","Aragon",3,101,13,11,5,"symmetricP1"
"Figure_5_1","Rioja (La)",18,101,100,5,9,"symmetricP2"
"Figure_5_1","Castilla-La Mancha",9,101,109,5,4,"asymmetricP1"
"Figure_5_1","Principado De Asturias",4,101,109,5,4,"asymmetricP1"
"Figure_5_1","Spain (Espana)",1,101,109,5,4,"asymmetricP1"
"Figure_5_1","Cataluna",10,101,110,7,4,"asymmetricP1"
"Figure_5_1","Galicia",13,101,110,7,4,"asymmetricP1"
"Figure_5_1","Extremadura",12,101,114,15,4,"asymmetricP1"
"Figure_5_1","Andalucia",2,101,117,21,4,"asymmetricP1"
"Figure_5_1","Comunidad Valenciana",11,101,163,5,4,"asymmetricP2"
"Figure_5_1","Murcia (Region de)",15,101,166,11,4,"asymmetricP2"
"Figure_5_1","Canarias",6,101,169,17,4,"asymmetricP2"
"Figure_5_1","Navarra (Comunidad Foral De)",16,101,325,5,4,"mori2006"
"Figure_5_1","Madrid (Comunidad De)",14,101,330,15,4,"mori2006"
"Figure_5_1","Baleares (Islas)",5,102,1,5,4,"symmetricP1"
"Figure_5_1","Aragon",3,102,13,11,5,"symmetricP1"
"Figure_5_1","Galicia",13,102,101,7,9,"symmetricP2"
"Figure_5_1","Rioja (La)",18,102,101,7,9,"symmetricP2"
"Figure_5_1","Murcia (Region de)",15,102,102,9,9,"symmetricP2"
"Figure_5_1","Navarra (Comunidad Foral De)",16,102,109,5,4,"asymmetricP1"
"Figure_5_1","Principado De Asturias",4,102,109,5,4,"asymmetricP1"
"Figure_5_1","Spain (Espana)",1,102,109,5,4,"asymmetricP1"
"Figure_5_1","Comunidad Valenciana",11,102,163,5,4,"asymmetricP2"
"Figure_5_1","Canarias",6,102,169,17,4,"asymmetricP2"
"Figure_5_1","Castilla Y Leon",8,102,217,5,4,"typeIc"
"Figure_5_1","Extremadura",12,102,325,5,4,"mori2006"
"Figure_5_1","Cataluna",10,102,326,7,4,"mori2006"
"Figure_5_1","Madrid (Comunidad De)",14,102,330,15,4,"mori2006"
"Figure_5_1","Andalucia",2,102,331,17,4,"mori2006"
"Figure_5_1","Baleares (Islas)",5,103,1,5,4,"symmetricP1"
"Figure_5_1","Comunidad Valenciana",11,103,1,5,4,"symmetricP1"
"Figure_5_1","Spain (Espana)",1,103,1,5,4,"symmetricP1"
"Figure_5_1","Galicia",13,103,101,7,9,"symmetricP2"
"Figure_5_1","Madrid (Comunidad De)",14,103,104,13,9,"symmetricP2"
"Figure_5_1","Canarias",6,103,106,17,9,"symmetricP2"
"Figure_5_1","Principado De Asturias",4,103,109,5,4,"asymmetricP1"
"Figure_5_1","Castilla-La Mancha",9,103,163,5,4,"asymmetricP2"
"Figure_5_1","Murcia (Region de)",15,103,163,5,4,"asymmetricP2"
"Figure_5_1","Rioja (La)",18,103,164,7,4,"asymmetricP2"
"Figure_5_1","Aragon",3,103,165,9,4,"asymmetricP2"
"Figure_5_1","Castilla Y Leon",8,103,217,5,4,"typeIc"
"Figure_5_1","Andalucia",2,103,225,21,4,"typeIc"
"Figure_5_1","Extremadura",12,103,325,5,4,"mori2006"
"Figure_5_1","Navarra (Comunidad Foral De)",16,103,325,5,4,"mori2006"
"Figure_5_1","Navarra (Comunidad Foral De)",16,104,1,5,4,"symmetricP1"
"Figure_5_1","Aragon",3,104,13,11,5,"symmetricP1"
"Figure_5_1","Cataluna",10,104,101,7,9,"symmetricP2"
"Figure_5_1","Rioja (La)",18,104,101,7,9,"symmetricP2"
"Figure_5_1","Baleares (Islas)",5,104,109,5,4,"asymmetricP1"
"Figure_5_1","Murcia (Region de)",15,104,109,5,4,"asymmetricP1"
"Figure_5_1","Spain (Espana)",1,104,109,5,4,"asymmetricP1"
"Figure_5_1","Galicia",13,104,110,7,4,"asymmetricP1"
"Figure_5_1","Principado De Asturias",4,104,163,5,4,"asymmetricP2"
"Figure_5_1","Canarias",6,104,169,17,4,"asymmetricP2"
"Figure_5_1","Castilla Y Leon",8,104,217,5,4,"typeIc"
"Figure_5_1","Andalucia",2,104,225,21,4,"typeIc"
"Figure_5_1","Castilla-La Mancha",9,104,325,5,4,"mori2006"
"Figure_5_1","Extremadura",12,104,325,5,4,"mori2006"
"Figure_5_1","Madrid (Comunidad De)",14,104,330,15,4,"mori2006"
"Figure_5_1","Comunidad Valenciana",11,105,1,5,4,"symmetricP1"
"Figure_5_1","Galicia",13,105,101,7,9,"symmetricP2"
"Figure_5_1","Rioja (La)",18,105,101,7,9,"symmetricP2"
"Figure_5_1","Spain (Espana)",1,105,109,5,4,"asymmetricP1"
"Figure_5_1","Cataluna",10,105,112,11,4,"asymmetricP1"
"Figure_5_1","Aragon",3,105,117,21,4,"asymmetricP1"
"Figure_5_1","Principado De Asturias",4,105,163,5,4,"asymmetricP2"
"Figure_5_1","Murcia (Region de)",15,105,166,11,4,"asymmetricP2"
"Figure_5_1","Canarias",6,105,169,17,4,"asymmetricP2"
"Figure_5_1","Andalucia",2,105,225,21,4,"typeIc"
"Figure_5_1","Baleares (Islas)",5,105,325,5,4,"mori2006"
"Figure_5_1","Castilla-La Mancha",9,105,325,5,4,"mori2006"
"Figure_5_1","Navarra (Comunidad Foral De)",16,105,325,5,4,"mori2006"
"Figure_5_1","Castilla Y Leon",8,105,328,11,4,"mori2006"
"Figure_5_1","Madrid (Comunidad De)",14,105,330,15,4,"mori2006"
"Figure_5_1","Navarra (Comunidad Foral De)",16,106,1,5,4,"symmetricP1"
"Figure_5_1","Andalucia",2,106,18,21,5,"symmetricP1"
"Figure_5_1","Cataluna",10,106,101,7,9,"symmetricP2"
"Figure_5_1","Rioja (La)",18,106,101,7,9,"symmetricP2"
"Figure_5_1","Comunidad Valenciana",11,106,103,11,9,"symmetricP2"
"Figure_5_1","Castilla-La Mancha",9,106,109,5,4,"asymmetricP1"
"Figure_5_1","Principado De Asturias",4,106,109,5,4,"asymmetricP1"
"Figure_5_1","Spain (Espana)",1,106,109,5,4,"asymmetricP1"
"Figure_5_1","Castilla Y Leon",8,106,163,5,4,"asymmetricP2"
"Figure_5_1","Aragon",3,106,165,9,4,"asymmetricP2"
"Figure_5_1","Murcia (Region de)",15,106,166,11,4,"asymmetricP2"
"Figure_5_1","Canarias",6,106,169,17,4,"asymmetricP2"
"Figure_5_1","Baleares (Islas)",5,106,218,7,4,"typeIc"
"Figure_5_1","Extremadura",12,106,330,15,4,"mori2006"
"Figure_5_1","Madrid (Comunidad De)",14,106,330,15,4,"mori2006"
"Figure_5_1","Baleares (Islas)",5,107,1,5,4,"symmetricP1"
"Figure_5_1","Murcia (Region de)",15,107,1,5,4,"symmetricP1"
"Figure_5_1","Rioja (La)",18,107,11,7,5,"symmetricP1"
"Figure_5_1","Castilla Y Leon",8,107,100,5,9,"symmetricP2"
"Figure_5_1","Comunidad Valenciana",11,107,103,11,9,"symmetricP2"
"Figure_5_1","Spain (Espana)",1,107,109,5,4,"asymmetricP1"
"Figure_5_1","Aragon",3,107,110,7,4,"asymmetricP1"
"Figure_5_1","Galicia",13,107,110,7,4,"asymmetricP1"
"Figure_5_1","Principado De Asturias",4,107,163,5,4,"asymmetricP2"
"Figure_5_1","Canarias",6,107,169,17,4,"asymmetricP2"
"Figure_5_1","Castilla-La Mancha",9,107,325,5,4,"mori2006"
"Figure_5_1","Cataluna",10,107,325,5,4,"mori2006"
"Figure_5_1","Extremadura",12,107,325,5,4,"mori2006"
"Figure_5_1","Navarra (Comunidad Foral De)",16,107,325,5,4,"mori2006"
"Figure_5_1","Andalucia",2,107,331,17,4,"mori2006"
"Figure_5_1","Baleares (Islas)",5,108,1,5,4,"symmetricP1"
"Figure_5_1","Navarra (Comunidad Foral De)",16,108,1,5,4,"symmetricP1"
"Figure_5_1","Canarias",6,108,101,7,9,"symmetricP2"
"Figure_5_1","Cataluna",10,108,101,7,9,"symmetricP2"
"Figure_5_1","Rioja (La)",18,108,101,7,9,"symmetricP2"
"Figure_5_1","Castilla Y Leon",8,108,103,11,9,"symmetricP2"
"Figure_5_1","Principado De Asturias",4,108,109,5,4,"asymmetricP1"
"Figure_5_1","Galicia",13,108,110,7,4,"asymmetricP1"
"Figure_5_1","Andalucia",2,108,117,21,4,"asymmetricP1"
"Figure_5_1","Castilla-La Mancha",9,108,163,5,4,"asymmetricP2"
"Figure_5_1","Comunidad Valenciana",11,108,163,5,4,"asymmetricP2"
"Figure_5_1","Aragon",3,108,165,9,4,"asymmetricP2"
"Figure_5_1","Spain (Espana)",1,108,217,5,4,"typeIc"
"Figure_5_1","Extremadura",12,108,325,5,4,"mori2006"
"Figure_5_1","Madrid (Comunidad De)",14,108,330,15,4,"mori2006"
"Figure_5_1","Baleares (Islas)",5,109,1,5,4,"symmetricP1"
"Figure_5_1","Aragon",3,109,13,11,5,"symmetricP1"
"Figure_5_1","Canarias",6,109,106,17,9,"symmetricP2"
"Figure_5_1","Castilla-La Mancha",9,109,109,5,4,"asymmetricP1"
"Figure_5_1","Spain (Espana)",1,109,109,5,4,"asymmetricP1"
"Figure_5_1","Cataluna",10,109,110,7,4,"asymmetricP1"
"Figure_5_1","Galicia",13,109,110,7,4,"asymmetricP1"
"Figure_5_1","Comunidad Valenciana",11,109,163,5,4,"asymmetricP2"
"Figure_5_1","Principado De Asturias",4,109,163,5,4,"asymmetricP2"
"Figure_5_1","Rioja (La)",18,109,165,9,4,"asymmetricP2"
"Figure_5_1","Murcia (Region de)",15,109,166,11,4,"asymmetricP2"
"Figure_5_1","Castilla Y Leon",8,109,217,5,4,"typeIc"
"Figure_5_1","Andalucia",2,109,225,21,4,"typeIc"
"Figure_5_1","Extremadura",12,109,325,5,4,"mori2006"
"Figure_5_1","Madrid (Comunidad De)",14,109,330,15,4,"mori2006"
"Figure_5_1","Baleares (Islas)",5,110,1,5,4,"symmetricP1"
"Figure_5_1","Navarra (Comunidad Foral De)",16,110,1,5,4,"symmetricP1"
"Figure_5_1","Murcia (Region de)",15,110,100,5,9,"symmetricP2"
"Figure_5_1","Cataluna",10,110,101,7,9,"symmetricP2"
"Figure_5_1","Canarias",6,110,106,17,9,"symmetricP2"
"Figure_5_1","Principado De Asturias",4,110,109,5,4,"asymmetricP1"
"Figure_5_1","Spain (Espana)",1,110,109,5,4,"asymmetricP1"
"Figure_5_1","Galicia",13,110,110,7,4,"asymmetricP1"
"Figure_5_1","Comunidad Valenciana",11,110,163,5,4,"asymmetricP2"
"Figure_5_1","Aragon",3,110,165,9,4,"asymmetricP2"
"Figure_5_1","Castilla-La Mancha",9,110,171,21,4,"asymmetricP2"
"Figure_5_1","Castilla Y Leon",8,110,217,5,4,"typeIc"
"Figure_5_1","Extremadura",12,110,325,5,4,"mori2006"
"Figure_5_1","Madrid (Comunidad De)",14,110,330,15,4,"mori2006"
"Figure_5_1","Andalucia",2,110,331,17,4,"mori2006"
"Figure_5_1","Baleares (Islas)",5,111,1,5,4,"symmetricP1"
"Figure_5_1","Navarra (Comunidad Foral De)",16,111,1,5,4,"symmetricP1"
"Figure_5_1","Aragon",3,111,13,11,5,"symmetricP1"
"Figure_5_1","Cataluna",10,111,100,5,9,"symmetricP2"
"Figure_5_1","Cantabria",7,111,101,7,9,"symmetricP2"
"Figure_5_1","Rioja (La)",18,111,101,7,9,"symmetricP2"
"Figure_5_1","Murcia (Region de)",15,111,103,11,9,"symmetricP2"
"Figure_5_1","Canarias",6,111,106,17,9,"symmetricP2"
"Figure_5_1","Spain (Espana)",1,111,109,5,4,"asymmetricP1"
"Figure_5_1","Principado De Asturias",4,111,163,5,4,"asymmetricP2"
"Figure_5_1","Comunidad Valenciana",11,111,164,7,4,"asymmetricP2"
"Figure_5_1","Extremadura",12,111,169,17,4,"asymmetricP2"
"Figure_5_1","Andalucia",2,111,225,21,4,"typeIc"
"Figure_5_1","Galicia",13,111,327,9,4,"mori2006"
"Figure_5_1","Madrid (Comunidad De)",14,111,330,15,4,"mori2006"
"Figure_5_1","Extremadura",12,112,15,15,5,"symmetricP1"
"Figure_5_1","Galicia",13,112,101,7,9,"symmetricP2"
"Figure_5_1","Madrid (Comunidad De)",14,112,104,13,9,"symmetricP2"
"Figure_5_1","Canarias",6,112,106,17,9,"symmetricP2"
"Figure_5_1","Murcia (Region de)",15,112,109,5,4,"asymmetricP1"
"Figure_5_1","Principado De Asturias",4,112,109,5,4,"asymmetricP1"
"Figure_5_1","Spain (Espana)",1,112,109,5,4,"asymmetricP1"
"Figure_5_1","Castilla-La Mancha",9,112,163,5,4,"asymmetricP2"
"Figure_5_1","Comunidad Valenciana",11,112,163,5,4,"asymmetricP2"
"Figure_5_1","Rioja (La)",18,112,163,5,4,"asymmetricP2"
"Figure_5_1","Cantabria",7,112,164,7,4,"asymmetricP2"
"Figure_5_1","Andalucia",2,112,225,21,4,"typeIc"
"Figure_5_1","Baleares (Islas)",5,112,325,5,4,"mori2006"
"Figure_5_1","Navarra (Comunidad Foral De)",16,112,325,5,4,"mori2006"
"Figure_5_1","Aragon",3,112,328,11,4,"mori2006"
"Figure_5_1","Baleares (Islas)",5,113,1,5,4,"symmetricP1"
"Figure_5_1","Navarra (Comunidad Foral De)",16,113,1,5,4,"symmetricP1"
"Figure_5_1","Aragon",3,113,13,11,5,"symmetricP1"
"Figure_5_1","Cataluna",10,113,100,5,9,"symmetricP2"
"Figure_5_1","Rioja (La)",18,113,100,5,9,"symmetricP2"
"Figure_5_1","Galicia",13,113,101,7,9,"symmetricP2"
"Figure_5_1","Canarias",6,113,106,17,9,"symmetricP2"
"Figure_5_1","Principado De Asturias",4,113,109,5,4,"asymmetricP1"
"Figure_5_1","Spain (Espana)",1,113,109,5,4,"asymmetricP1"
"Figure_5_1","Cantabria",7,113,163,5,4,"asymmetricP2"
"Figure_5_1","Castilla-La Mancha",9,113,163,5,4,"asymmetricP2"
"Figure_5_1","Murcia (Region de)",15,113,166,11,4,"asymmetricP2"
"Figure_5_1","Extremadura",12,113,167,13,4,"asymmetricP2"
"Figure_5_1","Andalucia",2,113,225,21,4,"typeIc"
"Figure_5_1","Madrid (Comunidad De)",14,113,330,15,4,"mori2006"
"Figure_5_1","Cantabria",7,114,1,5,4,"symmetricP1"
"Figure_5_1","Aragon",3,114,12,9,5,"symmetricP1"
"Figure_5_1","Andalucia",2,114,18,21,5,"symmetricP1"
"Figure_5_1","Cataluna",10,114,100,5,9,"symmetricP2"
"Figure_5_1","Murcia (Region de)",15,114,100,5,9,"symmetricP2"
"Figure_5_1","Canarias",6,114,106,17,9,"symmetricP2"
"Figure_5_1","Spain (Espana)",1,114,109,5,4,"asymmetricP1"
"Figure_5_1","Castilla-La Mancha",9,114,163,5,4,"asymmetricP2"
"Figure_5_1","Comunidad Valenciana",11,114,163,5,4,"asymmetricP2"
"Figure_5_1","Principado De Asturias",4,114,163,5,4,"asymmetricP2"
"Figure_5_1","Rioja (La)",18,114,218,7,4,"typeIc"
"Figure_5_1","Navarra (Comunidad Foral De)",16,114,325,5,4,"mori2006"
"Figure_5_1","Baleares (Islas)",5,114,326,7,4,"mori2006"
"Figure_5_1","Galicia",13,114,327,9,4,"mori2006"
"Figure_5_1","Madrid (Comunidad De)",14,114,330,15,4,"mori2006"
"Figure_5_1","Navarra (Comunidad Foral De)",16,115,1,5,4,"symmetricP1"
"Figure_5_1","Aragon",3,115,13,11,5,"symmetricP1"
"Figure_5_1","Cataluna",10,115,100,5,9,"symmetricP2"
"Figure_5_1","Comunidad Valenciana",11,115,101,7,9,"symmetricP2"
"Figure_5_1","Rioja (La)",18,115,101,7,9,"symmetricP2"
"Figure_5_1","Extremadura",12,115,105,15,9,"symmetricP2"
"Figure_5_1","Canarias",6,115,106,17,9,"symmetricP2"
"Figure_5_1","Spain (Espana)",1,115,109,5,4,"asymmetricP1"
"Figure_5_1","Castilla-La Mancha",9,115,163,5,4,"asymmetricP2"
"Figure_5_1","Principado De Asturias",4,115,163,5,4,"asymmetricP2"
"Figure_5_1","Cantabria",7,115,164,7,4,"asymmetricP2"
"Figure_5_1","Murcia (Region de)",15,115,166,11,4,"asymmetricP2"
"Figure_5_1","Baleares (Islas)",5,115,218,7,4,"typeIc"
"Figure_5_1","Madrid (Comunidad De)",14,115,330,15,4,"mori2006"
"Figure_5_1","Andalucia",2,115,333,21,4,"mori2006"
"Figure_5_1","Baleares (Islas)",5,116,1,5,4,"symmetricP1"
"Figure_5_1","Cataluna",10,116,1,5,4,"symmetricP1"
"Figure_5_1","Navarra (Comunidad Foral De)",16,116,1,5,4,"symmetricP1"
"Figure_5_1","Extremadura",12,116,15,15,5,"symmetricP1"
"Figure_5_1","Andalucia",2,116,100,5,9,"symmetricP2"
"Figure_5_1","Murcia (Region de)",15,116,100,5,9,"symmetricP2"
"Figure_5_1","Rioja (La)",18,116,101,7,9,"symmetricP2"
"Figure_5_1","Spain (Espana)",1,116,109,5,4,"asymmetricP1"
"Figure_5_1","Galicia",13,116,110,7,4,"asymmetricP1"
"Figure_5_1","Aragon",3,116,117,21,4,"asymmetricP1"
"Figure_5_1","Cantabria",7,116,163,5,4,"asymmetricP2"
"Figure_5_1","Principado De Asturias",4,116,163,5,4,"asymmetricP2"
"Figure_5_1","Canarias",6,116,169,17,4,"asymmetricP2"
"Figure_5_1","Castilla-La Mancha",9,116,325,5,4,"mori2006"
"Figure_5_1","Comunidad Valenciana",11,116,325,5,4,"mori2006"
"Figure_5_1","Aragon",3,117,13,11,5,"symmetricP1"
"Figure_5_1","Cataluna",10,117,100,5,9,"symmetricP2"
"Figure_5_1","Extremadura",12,117,100,5,9,"symmetricP2"
"Figure_5_1","Canarias",6,117,101,7,9,"symmetricP2"
"Figure_5_1","Cantabria",7,117,101,7,9,"symmetricP2"
"Figure_5_1","Navarra (Comunidad Foral De)",16,117,109,5,4,"asymmetricP1"
"Figure_5_1","Principado De Asturias",4,117,109,5,4,"asymmetricP1"
"Figure_5_1","Spain (Espana)",1,117,109,5,4,"asymmetricP1"
"Figure_5_1","Galicia",13,117,110,7,4,"asymmetricP1"
"Figure_5_1","Andalucia",2,117,117,21,4,"asymmetricP1"
"Figure_5_1","Baleares (Islas)",5,117,163,5,4,"asymmetricP2"
"Figure_5_1","Rioja (La)",18,117,163,5,4,"asymmetricP2"
"Figure_5_1","Comunidad Valenciana",11,117,164,7,4,"asymmetricP2"
"Figure_5_1","Castilla-La Mancha",9,117,171,21,4,"asymmetricP2"
"Figure_5_1","Madrid (Comunidad De)",14,117,330,15,4,"mori2006"
"Figure_5_1","Rioja (La)",18,118,1,5,4,"symmetricP1"
"Figure_5_1","Aragon",3,118,13,11,5,"symmetricP1"
"Figure_5_1","Cantabria",7,118,101,7,9,"symmetricP2"
"Figure_5_1","Galicia",13,118,101,7,9,"symmetricP2"
"Figure_5_1","Canarias",6,118,106,17,9,"symmetricP2"
"Figure_5_1","Spain (Espana)",1,118,109,5,4,"asymmetricP1"
"Figure_5_1","Cataluna",10,118,110,7,4,"asymmetricP1"
"Figure_5_1","Baleares (Islas)",5,118,163,5,4,"asymmetricP2"
"Figure_5_1","Principado De Asturias",4,118,163,5,4,"asymmetricP2"
"Figure_5_1","Murcia (Region de)",15,118,166,11,4,"asymmetricP2"
"Figure_5_1","Extremadura",12,118,167,13,4,"asymmetricP2"
"Figure_5_1","Castilla-La Mancha",9,118,325,5,4,"mori2006"
"Figure_5_1","Madrid (Comunidad De)",14,118,330,15,4,"mori2006"
"Figure_5_1","Andalucia",2,118,333,21,4,"mori2006"
"Figure_5_1","Comunidad Valenciana",11,118,333,21,4,"mori2006"
"Figure_5_1","Navarra (Comunidad Foral De)",16,119,1,5,4,"symmetricP1"
"Figure_5_1","Andalucia",2,119,17,19,5,"symmetricP1"
"Figure_5_1","Cataluna",10,119,100,5,9,"symmetricP2"
"Figure_5_1","Canarias",6,119,106,17,9,"symmetricP2"
"Figure_5_1","Castilla-La Mancha",9,119,108,21,9,"symmetricP2"
"Figure_5_1","Principado De Asturias",4,119,109,5,4,"asymmetricP1"
"Figure_5_1","Spain (Espana)",1,119,109,5,4,"asymmetricP1"
"Figure_5_1","Aragon",3,119,110,7,4,"asymmetricP1"
"Figure_5_1","Galicia",13,119,110,7,4,"asymmetricP1"
"Figure_5_1","Comunidad Valenciana",11,119,163,5,4,"asymmetricP2"
"Figure_5_1","Murcia (Region de)",15,119,163,5,4,"asymmetricP2"
"Figure_5_1","Cantabria",7,119,164,7,4,"asymmetricP2"
"Figure_5_1","Baleares (Islas)",5,119,326,7,4,"mori2006"
"Figure_5_1","Extremadura",12,119,330,15,4,"mori2006"
"Figure_5_1","Madrid (Comunidad De)",14,119,330,15,4,"mori2006"
"Figure_5_1","Aragon",3,20,13,11,5,"symmetricP1"
"Figure_5_1","Cataluna",10,20,101,7,9,"symmetricP2"
"Figure_5_1","Castilla Y Leon",8,20,103,11,9,"symmetricP2"
"Figure_5_1","Principado De Asturias",4,20,109,5,4,"asymmetricP1"
"Figure_5_1","Galicia",13,20,110,7,4,"asymmetricP1"
"Figure_5_1","Cantabria",7,20,163,5,4,"asymmetricP2"
"Figure_5_1","Castilla-La Mancha",9,20,163,5,4,"asymmetricP2"
"Figure_5_1","Rioja (La)",18,20,163,5,4,"asymmetricP2"
"Figure_5_1","Murcia (Region de)",15,20,166,11,4,"asymmetricP2"
"Figure_5_1","Canarias",6,20,169,17,4,"asymmetricP2"
"Figure_5_1","Extremadura",12,20,217,5,4,"typeIc"
"Figure_5_1","Baleares (Islas)",5,20,325,5,4,"mori2006"
"Figure_5_1","Navarra (Comunidad Foral De)",16,20,325,5,4,"mori2006"
"Figure_5_1","Madrid (Comunidad De)",14,20,330,15,4,"mori2006"
"Figure_5_1","Comunidad Valenciana",11,20,333,21,4,"mori2006"
"Figure_5_1","Andalucia",2,21,100,5,9,"symmetricP2"
"Figure_5_1","Castilla-La Mancha",9,21,100,5,9,"symmetricP2"
"Figure_5_1","Rioja (La)",18,21,101,7,9,"symmetricP2"
"Figure_5_1","Canarias",6,21,106,17,9,"symmetricP2"
"Figure_5_1","Galicia",13,21,110,7,4,"asymmetricP1"
"Figure_5_1","Extremadura",12,21,114,15,4,"asymmetricP1"
"Figure_5_1","Cantabria",7,21,163,5,4,"asymmetricP2"
"Figure_5_1","Cataluna",10,21,163,5,4,"asymmetricP2"
"Figure_5_1","Comunidad Valenciana",11,21,163,5,4,"asymmetricP2"
"Figure_5_1","Principado De Asturias",4,21,163,5,4,"asymmetricP2"
"Figure_5_1","Murcia (Region de)",15,21,166,11,4,"asymmetricP2"
"Figure_5_1","Castilla Y Leon",8,21,217,5,4,"typeIc"
"Figure_5_1","Baleares (Islas)",5,21,325,5,4,"mori2006"
"Figure_5_1","Navarra (Comunidad Foral De)",16,21,325,5,4,"mori2006"
"Figure_5_1","Madrid (Comunidad De)",14,21,330,15,4,"mori2006"
"Figure_5_1","Cantabria",7,22,1,5,4,"symmetricP1"
"Figure_5_1","Andalucia",2,22,100,5,9,"symmetricP2"
"Figure_5_1","Castilla-La Mancha",9,22,100,5,9,"symmetricP2"
"Figure_5_1","Cataluna",10,22,100,5,9,"symmetricP2"
"Figure_5_1","Rioja (La)",18,22,101,7,9,"symmetricP2"
"Figure_5_1","Canarias",6,22,106,17,9,"symmetricP2"
"Figure_5_1","Galicia",13,22,110,7,4,"asymmetricP1"
"Figure_5_1","Comunidad Valenciana",11,22,163,5,4,"asymmetricP2"
"Figure_5_1","Extremadura",12,22,163,5,4,"asymmetricP2"
"Figure_5_1","Aragon",3,22,164,7,4,"asymmetricP2"
"Figure_5_1","Murcia (Region de)",15,22,168,15,4,"asymmetricP2"
"Figure_5_1","Baleares (Islas)",5,22,325,5,4,"mori2006"
"Figure_5_1","Navarra (Comunidad Foral De)",16,22,325,5,4,"mori2006"
"Figure_5_1","Castilla Y Leon",8,22,328,11,4,"mori2006"
"Figure_5_1","Madrid (Comunidad De)",14,22,330,15,4,"mori2006"
"Figure_5_1","Aragon",3,23,13,11,5,"symmetricP1"
"Figure_5_1","Castilla-La Mancha",9,23,100,5,9,"symmetricP2"
"Figure_5_1","Rioja (La)",18,23,100,5,9,"symmetricP2"
"Figure_5_1","Galicia",13,23,110,7,4,"asymmetricP1"
"Figure_5_1","Cataluna",10,23,163,5,4,"asymmetricP2"
"Figure_5_1","Comunidad Valenciana",11,23,163,5,4,"asymmetricP2"
"Figure_5_1","Principado De Asturias",4,23,163,5,4,"asymmetricP2"
"Figure_5_1","Cantabria",7,23,164,7,4,"asymmetricP2"
"Figure_5_1","Andalucia",2,23,165,9,4,"asymmetricP2"
"Figure_5_1","Murcia (Region de)",15,23,166,11,4,"asymmetricP2"
"Figure_5_1","Canarias",6,23,169,17,4,"asymmetricP2"
"Figure_5_1","Madrid (Comunidad De)",14,23,169,17,4,"asymmetricP2"
"Figure_5_1","Extremadura",12,23,217,5,4,"typeIc"
"Figure_5_1","Navarra (Comunidad Foral De)",16,23,325,5,4,"mori2006"
"Figure_5_1","Castilla Y Leon",8,23,328,11,4,"mori2006"
"Figure_5_1","Navarra (Comunidad Foral De)",16,24,1,5,4,"symmetricP1"
"Figure_5_1","Aragon",3,24,13,11,5,"symmetricP1"
"Figure_5_1","Cantabria",7,24,100,5,9,"symmetricP2"
"Figure_5_1","Castilla-La Mancha",9,24,100,5,9,"symmetricP2"
"Figure_5_1","Cataluna",10,24,100,5,9,"symmetricP2"
"Figure_5_1","Comunidad Valenciana",11,24,101,7,9,"symmetricP2"
"Figure_5_1","Rioja (La)",18,24,101,7,9,"symmetricP2"
"Figure_5_1","Principado De Asturias",4,24,105,15,9,"symmetricP2"
"Figure_5_1","Baleares (Islas)",5,24,106,17,9,"symmetricP2"
"Figure_5_1","Galicia",13,24,110,7,4,"asymmetricP1"
"Figure_5_1","Murcia (Region de)",15,24,112,11,4,"asymmetricP1"
"Figure_5_1","Andalucia",2,24,169,17,4,"asymmetricP2"
"Figure_5_1","Extremadura",12,24,325,5,4,"mori2006"
"Figure_5_1","Castilla Y Leon",8,24,328,11,4,"mori2006"
"Figure_5_1","Madrid (Comunidad De)",14,24,330,15,4,"mori2006"
"Figure_5_1","Navarra (Comunidad Foral De)",16,25,1,5,4,"symmetricP1"
"Figure_5_1","Rioja (La)",18,25,101,7,9,"symmetricP2"
"Figure_5_1","Canarias",6,25,106,17,9,"symmetricP2"
"Figure_5_1","Galicia",13,25,110,7,4,"asymmetricP1"
"Figure_5_1","Andalucia",2,25,115,17,4,"asymmetricP1"
"Figure_5_1","Castilla-La Mancha",9,25,163,5,4,"asymmetricP2"
"Figure_5_1","Comunidad Valenciana",11,25,163,5,4,"asymmetricP2"
"Figure_5_1","Principado De Asturias",4,25,163,5,4,"asymmetricP2"
"Figure_5_1","Aragon",3,25,165,9,4,"asymmetricP2"
"Figure_5_1","Murcia (Region de)",15,25,166,11,4,"asymmetricP2"
"Figure_5_1","Extremadura",12,25,217,5,4,"typeIc"
"Figure_5_1","Baleares (Islas)",5,25,218,7,4,"typeIc"
"Figure_5_1","Cataluna",10,25,326,7,4,"mori2006"
"Figure_5_1","Castilla Y Leon",8,25,328,11,4,"mori2006"
"Figure_5_1","Madrid (Comunidad De)",14,25,330,15,4,"mori2006"
"Figure_5_1","Navarra (Comunidad Foral De)",16,26,1,5,4,"symmetricP1"
"Figure_5_1","Andalucia",2,26,100,5,9,"symmetricP2"
"Figure_5_1","Castilla-La Mancha",9,26,100,5,9,"symmetricP2"
"Figure_5_1","Cataluna",10,26,100,5,9,"symmetricP2"
"Figure_5_1","Galicia",13,26,102,9,9,"symmetricP2"
"Figure_5_1","Canarias",6,26,106,17,9,"symmetricP2"
"Figure_5_1","Cantabria",7,26,163,5,4,"asymmetricP2"
"Figure_5_1","Principado De Asturias",4,26,163,5,4,"asymmetricP2"
"Figure_5_1","Comunidad Valenciana",11,26,164,7,4,"asymmetricP2"
"Figure_5_1","Rioja (La)",18,26,164,7,4,"asymmetricP2"
"Figure_5_1","Aragon",3,26,165,9,4,"asymmetricP2"
"Figure_5_1","Murcia (Region de)",15,26,166,11,4,"asymmetricP2"
"Figure_5_1","Extremadura",12,26,217,5,4,"typeIc"
"Figure_5_1","Baleares (Islas)",5,26,325,5,4,"mori2006"
"Figure_5_1","Madrid (Comunidad De)",14,26,330,15,4,"mori2006"
"Figure_5_1","Navarra (Comunidad Foral De)",16,27,1,5,4,"symmetricP1"
"Figure_5_1","Aragon",3,27,13,11,5,"symmetricP1"
"Figure_5_1","Andalucia",2,27,100,5,9,"symmetricP2"
"Figure_5_1","Cantabria",7,27,100,5,9,"symmetricP2"
"Figure_5_1","Comunidad Valenciana",11,27,101,7,9,"symmetricP2"
"Figure_5_1","Galicia",13,27,101,7,9,"symmetricP2"
"Figure_5_1","Castilla Y Leon",8,27,103,11,9,"symmetricP2"
"Figure_5_1","Murcia (Region de)",15,27,103,11,9,"symmetricP2"
"Figure_5_1","Canarias",6,27,106,17,9,"symmetricP2"
"Figure_5_1","Cataluna",10,27,163,5,4,"asymmetricP2"
"Figure_5_1","Principado De Asturias",4,27,163,5,4,"asymmetricP2"
"Figure_5_1","Rioja (La)",18,27,163,5,4,"asymmetricP2"
"Figure_5_1","Baleares (Islas)",5,27,325,5,4,"mori2006"
"Figure_5_1","Extremadura",12,27,325,5,4,"mori2006"
"Figure_5_1","Madrid (Comunidad De)",14,27,330,15,4,"mori2006"
"Figure_5_1","Madrid (Comunidad De)",14,28,15,15,5,"symmetricP1"
"Figure_5_1","Cantabria",7,28,100,5,9,"symmetricP2"
"Figure_5_1","Galicia",13,28,101,7,9,"symmetricP2"
"Figure_5_1","Andalucia",2,28,106,17,9,"symmetricP2"
"Figure_5_1","Principado De Asturias",4,28,109,5,4,"asymmetricP1"
"Figure_5_1","Extremadura",12,28,114,15,4,"asymmetricP1"
"Figure_5_1","Castilla-La Mancha",9,28,163,5,4,"asymmetricP2"
"Figure_5_1","Comunidad Valenciana",11,28,163,5,4,"asymmetricP2"
"Figure_5_1","Rioja (La)",18,28,165,9,4,"asymmetricP2"
"Figure_5_1","Murcia (Region de)",15,28,166,11,4,"asymmetricP2"
"Figure_5_1","Canarias",6,28,169,17,4,"asymmetricP2"
"Figure_5_1","Baleares (Islas)",5,28,325,5,4,"mori2006"
"Figure_5_1","Navarra (Comunidad Foral De)",16,28,325,5,4,"mori2006"
"Figure_5_1","Aragon",3,28,328,11,4,"mori2006"
"Figure_5_1","Castilla Y Leon",8,28,328,11,4,"mori2006"
"Figure_5_1","Navarra (Comunidad Foral De)",16,29,1,5,4,"symmetricP1"
"Figure_5_1","Cataluna",10,29,14,13,5,"symmetricP1"
"Figure_5_1","Cantabria",7,29,100,5,9,"symmetricP2"
"Figure_5_1","Castilla-La Mancha",9,29,100,5,9,"symmetricP2"
"Figure_5_1","Rioja (La)",18,29,100,5,9,"symmetricP2"
"Figure_5_1","Andalucia",2,29,106,17,9,"symmetricP2"
"Figure_5_1","Principado De Asturias",4,29,109,5,4,"asymmetricP1"
"Figure_5_1","Galicia",13,29,110,7,4,"asymmetricP1"
"Figure_5_1","Murcia (Region de)",15,29,166,11,4,"asymmetricP2"
"Figure_5_1","Canarias",6,29,169,17,4,"asymmetricP2"
"Figure_5_1","Extremadura",12,29,217,5,4,"typeIc"
"Figure_5_1","Baleares (Islas)",5,29,325,5,4,"mori2006"
"Figure_5_1","Aragon",3,29,328,11,4,"mori2006"
"Figure_5_1","Castilla Y Leon",8,29,328,11,4,"mori2006"
"Figure_5_1","Madrid (Comunidad De)",14,29,330,15,4,"mori2006"
"Figure_5_1","Baleares (Islas)",5,30,1,5,4,"symmetricP1"
"Figure_5_1","Navarra (Comunidad Foral De)",16,30,1,5,4,"symmetricP1"
"Figure_5_1","Cantabria",7,30,100,5,9,"symmetricP2"
"Figure_5_1","Castilla-La Mancha",9,30,100,5,9,"symmetricP2"
"Figure_5_1","Rioja (La)",18,30,100,5,9,"symmetricP2"
"Figure_5_1","Galicia",13,30,101,7,9,"symmetricP2"
"Figure_5_1","Canarias",6,30,106,17,9,"symmetricP2"
"Figure_5_1","Cataluna",10,30,163,5,4,"asymmetricP2"
"Figure_5_1","Comunidad Valenciana",11,30,163,5,4,"asymmetricP2"
"Figure_5_1","Principado De Asturias",4,30,163,5,4,"asymmetricP2"
"Figure_5_1","Andalucia",2,30,164,7,4,"asymmetricP2"
"Figure_5_1","Aragon",3,30,164,7,4,"asymmetricP2"
"Figure_5_1","Murcia (Region de)",15,30,166,11,4,"asymmetricP2"
"Figure_5_1","Castilla Y Leon",8,30,328,11,4,"mori2006"
"Figure_5_1","Madrid (Comunidad De)",14,30,330,15,4,"mori2006"
"Figure_5_1","Andalucia",2,31,18,21,5,"symmetricP1"
"Figure_5_1","Cantabria",7,31,100,5,9,"symmetricP2"
"Figure_5_1","Cataluna",10,31,101,7,9,"symmetricP2"
"Figure_5_1","Canarias",6,31,106,17,9,"symmetricP2"
"Figure_5_1","Castilla-La Mancha",9,31,109,5,4,"asymmetricP1"
"Figure_5_1","Castilla Y Leon",8,31,163,5,4,"asymmetricP2"
"Figure_5_1","Comunidad Valenciana",11,31,163,5,4,"asymmetricP2"
"Figure_5_1","Principado De Asturias",4,31,163,5,4,"asymmetricP2"
"Figure_5_1","Aragon",3,31,165,9,4,"asymmetricP2"
"Figure_5_1","Rioja (La)",18,31,165,9,4,"asymmetricP2"
"Figure_5_1","Murcia (Region de)",15,31,166,11,4,"asymmetricP2"
"Figure_5_1","Extremadura",12,31,217,5,4,"typeIc"
"Figure_5_1","Baleares (Islas)",5,31,325,5,4,"mori2006"
"Figure_5_1","Navarra (Comunidad Foral De)",16,31,325,5,4,"mori2006"
"Figure_5_1","Madrid (Comunidad De)",14,31,330,15,4,"mori2006"
"Figure_5_1","Aragon",3,32,18,21,5,"symmetricP1"
"Figure_5_1","Cantabria",7,32,100,5,9,"symmetricP2"
"Figure_5_1","Comunidad Valenciana",11,32,101,7,9,"symmetricP2"
"Figure_5_1","Castilla-La Mancha",9,32,109,5,4,"asymmetricP1"
"Figure_5_1","Galicia",13,32,110,7,4,"asymmetricP1"
"Figure_5_1","Cataluna",10,32,163,5,4,"asymmetricP2"
"Figure_5_1","Principado De Asturias",4,32,163,5,4,"asymmetricP2"
"Figure_5_1","Rioja (La)",18,32,165,9,4,"asymmetricP2"
"Figure_5_1","Murcia (Region de)",15,32,166,11,4,"asymmetricP2"
"Figure_5_1","Canarias",6,32,169,17,4,"asymmetricP2"
"Figure_5_1","Extremadura",12,32,217,5,4,"typeIc"
"Figure_5_1","Baleares (Islas)",5,32,325,5,4,"mori2006"
"Figure_5_1","Navarra (Comunidad Foral De)",16,32,325,5,4,"mori2006"
"Figure_5_1","Castilla Y Leon",8,32,328,11,4,"mori2006"
"Figure_5_1","Andalucia",2,32,332,19,4,"mori2006"
"Figure_5_1","Navarra (Comunidad Foral De)",16,33,1,5,4,"symmetricP1"
"Figure_5_1","Aragon",3,33,13,11,5,"symmetricP1"
"Figure_5_1","Andalucia",2,33,100,5,9,"symmetricP2"
"Figure_5_1","Cantabria",7,33,100,5,9,"symmetricP2"
"Figure_5_1","Castilla Y Leon",8,33,100,5,9,"symmetricP2"
"Figure_5_1","Rioja (La)",18,33,101,7,9,"symmetricP2"
"Figure_5_1","Castilla-La Mancha",9,33,109,5,4,"asymmetricP1"
"Figure_5_1","Principado De Asturias",4,33,109,5,4,"asymmetricP1"
"Figure_5_1","Galicia",13,33,110,7,4,"asymmetricP1"
"Figure_5_1","Comunidad Valenciana",11,33,164,7,4,"asymmetricP2"
"Figure_5_1","Extremadura",12,33,217,5,4,"typeIc"
"Figure_5_1","Canarias",6,33,222,15,4,"typeIc"
"Figure_5_1","Baleares (Islas)",5,33,325,5,4,"mori2006"
"Figure_5_1","Cataluna",10,33,326,7,4,"mori2006"
"Figure_5_1","Madrid (Comunidad De)",14,33,330,15,4,"mori2006"
"Figure_5_1","Andalucia",2,34,100,5,9,"symmetricP2"
"Figure_5_1","Cantabria",7,34,100,5,9,"symmetricP2"
"Figure_5_1","Castilla-La Mancha",9,34,100,5,9,"symmetricP2"
"Figure_5_1","Canarias",6,34,106,17,9,"symmetricP2"
"Figure_5_1","Principado De Asturias",4,34,109,5,4,"asymmetricP1"
"Figure_5_1","Galicia",13,34,110,7,4,"asymmetricP1"
"Figure_5_1","Cataluna",10,34,163,5,4,"asymmetricP2"
"Figure_5_1","Rioja (La)",18,34,163,5,4,"asymmetricP2"
"Figure_5_1","Aragon",3,34,165,9,4,"asymmetricP2"
"Figure_5_1","Murcia (Region de)",15,34,166,11,4,"asymmetricP2"
"Figure_5_1","Extremadura",12,34,217,5,4,"typeIc"
"Figure_5_1","Baleares (Islas)",5,34,325,5,4,"mori2006"
"Figure_5_1","Castilla Y Leon",8,34,328,11,4,"mori2006"
"Figure_5_1","Madrid (Comunidad De)",14,34,330,15,4,"mori2006"
"Figure_5_1","Comunidad Valenciana",11,34,333,21,4,"mori2006"
"Figure_5_1","Cantabria",7,35,100,5,9,"symmetricP2"
"Figure_5_1","Cataluna",10,35,101,7,9,"symmetricP2"
"Figure_5_1","Galicia",13,35,101,7,9,"symmetricP2"
"Figure_5_1","Navarra (Comunidad Foral De)",16,35,109,5,4,"asymmetricP1"
"Figure_5_1","Murcia (Region de)",15,35,112,11,4,"asymmetricP1"
"Figure_5_1","Comunidad Valenciana",11,35,163,5,4,"asymmetricP2"
"Figure_5_1","Principado De Asturias",4,35,163,5,4,"asymmetricP2"
"Figure_5_1","Aragon",3,35,165,9,4,"asymmetricP2"
"Figure_5_1","Canarias",6,35,169,17,4,"asymmetricP2"
"Figure_5_1","Castilla-La Mancha",9,35,171,21,4,"asymmetricP2"
"Figure_5_1","Extremadura",12,35,217,5,4,"typeIc"
"Figure_5_1","Baleares (Islas)",5,35,325,5,4,"mori2006"
"Figure_5_1","Castilla Y Leon",8,35,328,11,4,"mori2006"
"Figure_5_1","Madrid (Comunidad De)",14,35,330,15,4,"mori2006"
"Figure_5_1","Andalucia",2,35,332,19,4,"mori2006"
"Figure_5_1","Cataluna",10,36,100,5,9,"symmetricP2"
"Figure_5_1","Cantabria",7,36,101,7,9,"symmetricP2"
"Figure_5_1","Comunidad Valenciana",11,36,101,7,9,"symmetricP2"
"Figure_5_1","Principado De Asturias",4,36,105,15,9,"symmetricP2"
"Figure_5_1","Canarias",6,36,106,17,9,"symmetricP2"
"Figure_5_1","Castilla-La Mancha",9,36,108,21,9,"symmetricP2"
"Figure_5_1","Galicia",13,36,110,7,4,"asymmetricP1"
"Figure_5_1","Rioja (La)",18,36,163,5,4,"asymmetricP2"
"Figure_5_1","Murcia (Region de)",15,36,166,11,4,"asymmetricP2"
"Figure_5_1","Castilla Y Leon",8,36,217,5,4,"typeIc"
"Figure_5_1","Baleares (Islas)",5,36,218,7,4,"typeIc"
"Figure_5_1","Extremadura",12,36,325,5,4,"mori2006"
"Figure_5_1","Navarra (Comunidad Foral De)",16,36,325,5,4,"mori2006"
"Figure_5_1","Spain (Espana)",1,36,325,5,4,"mori2006"
"Figure_5_1","Madrid (Comunidad De)",14,36,330,15,4,"mori2006"
"Figure_5_1","Baleares (Islas)",5,37,1,5,4,"symmetricP1"
"Figure_5_1","Cataluna",10,37,100,5,9,"symmetricP2"
"Figure_5_1","Comunidad Valenciana",11,37,101,7,9,"symmetricP2"
"Figure_5_1","Canarias",6,37,106,17,9,"symmetricP2"
"Figure_5_1","Navarra (Comunidad Foral De)",16,37,109,5,4,"asymmetricP1"
"Figure_5_1","Aragon",3,37,110,7,4,"asymmetricP1"
"Figure_5_1","Galicia",13,37,110,7,4,"asymmetricP1"
"Figure_5_1","Cantabria",7,37,163,5,4,"asymmetricP2"
"Figure_5_1","Castilla Y Leon",8,37,163,5,4,"asymmetricP2"
"Figure_5_1","Rioja (La)",18,37,164,7,4,"asymmetricP2"
"Figure_5_1","Murcia (Region de)",15,37,168,15,4,"asymmetricP2"
"Figure_5_1","Spain (Espana)",1,37,217,5,4,"typeIc"
"Figure_5_1","Castilla-La Mancha",9,37,325,5,4,"mori2006"
"Figure_5_1","Extremadura",12,37,325,5,4,"mori2006"
"Figure_5_1","Madrid (Comunidad De)",14,37,330,15,4,"mori2006"
"Figure_5_1","Navarra (Comunidad Foral De)",16,38,1,5,4,"symmetricP1"
"Figure_5_1","Castilla-La Mancha",9,38,100,5,9,"symmetricP2"
"Figure_5_1","Cataluna",10,38,100,5,9,"symmetricP2"
"Figure_5_1","Cantabria",7,38,101,7,9,"symmetricP2"
"Figure_5_1","Principado De Asturias",4,38,109,5,4,"asymmetricP1"
"Figure_5_1","Galicia",13,38,110,7,4,"asymmetricP1"
"Figure_5_1","Castilla Y Leon",8,38,163,5,4,"asymmetricP2"
"Figure_5_1","Comunidad Valenciana",11,38,164,7,4,"asymmetricP2"
"Figure_5_1","Rioja (La)",18,38,164,7,4,"asymmetricP2"
"Figure_5_1","Aragon",3,38,165,9,4,"asymmetricP2"
"Figure_5_1","Murcia (Region de)",15,38,166,11,4,"asymmetricP2"
"Figure_5_1","Canarias",6,38,169,17,4,"asymmetricP2"
"Figure_5_1","Extremadura",12,38,325,5,4,"mori2006"
"Figure_5_1","Spain (Espana)",1,38,325,5,4,"mori2006"
"Figure_5_1","Madrid (Comunidad De)",14,38,330,15,4,"mori2006"
"Figure_5_1","Navarra (Comunidad Foral De)",16,39,1,5,4,"symmetricP1"
"Figure_5_1","Rioja (La)",18,39,11,7,5,"symmetricP1"
"Figure_5_1","Aragon",3,39,13,11,5,"symmetricP1"
"Figure_5_1","Cataluna",10,39,100,5,9,"symmetricP2"
"Figure_5_1","Galicia",13,39,100,5,9,"symmetricP2"
"Figure_5_1","Comunidad Valenciana",11,39,101,7,9,"symmetricP2"
"Figure_5_1","Principado De Asturias",4,39,105,15,9,"symmetricP2"
"Figure_5_1","Castilla-La Mancha",9,39,109,5,4,"asymmetricP1"
"Figure_5_1","Cantabria",7,39,164,7,4,"asymmetricP2"
"Figure_5_1","Murcia (Region de)",15,39,166,11,4,"asymmetricP2"
"Figure_5_1","Baleares (Islas)",5,39,169,17,4,"asymmetricP2"
"Figure_5_1","Castilla Y Leon",8,39,217,5,4,"typeIc"
"Figure_5_1","Extremadura",12,39,325,5,4,"mori2006"
"Figure_5_1","Spain (Espana)",1,39,325,5,4,"mori2006"
"Figure_5_1","Madrid (Comunidad De)",14,39,330,15,4,"mori2006"
"Figure_5_1","Baleares (Islas)",5,40,1,5,4,"symmetricP1"
"Figure_5_1","Navarra (Comunidad Foral De)",16,40,1,5,4,"symmetricP1"
"Figure_5_1","Rioja (La)",18,40,11,7,5,"symmetricP1"
"Figure_5_1","Aragon",3,40,13,11,5,"symmetricP1"
"Figure_5_1","Castilla Y Leon",8,40,100,5,9,"symmetricP2"
"Figure_5_1","Canarias",6,40,106,17,9,"symmetricP2"
"Figure_5_1","Cataluna",10,40,110,7,4,"asymmetricP1"
"Figure_5_1","Galicia",13,40,110,7,4,"asymmetricP1"
"Figure_5_1","Comunidad Valenciana",11,40,163,5,4,"asymmetricP2"
"Figure_5_1","Principado De Asturias",4,40,163,5,4,"asymmetricP2"
"Figure_5_1","Murcia (Region de)",15,40,166,11,4,"asymmetricP2"
"Figure_5_1","Spain (Espana)",1,40,217,5,4,"typeIc"
"Figure_5_1","Castilla-La Mancha",9,40,325,5,4,"mori2006"
"Figure_5_1","Extremadura",12,40,325,5,4,"mori2006"
"Figure_5_1","Madrid (Comunidad De)",14,40,330,15,4,"mori2006"
"Figure_5_1","Aragon",3,41,13,11,5,"symmetricP1"
"Figure_5_1","Cataluna",10,41,100,5,9,"symmetricP2"
"Figure_5_1","Comunidad Valenciana",11,41,101,7,9,"symmetricP2"
"Figure_5_1","Rioja (La)",18,41,101,7,9,"symmetricP2"
"Figure_5_1","Canarias",6,41,106,17,9,"symmetricP2"
"Figure_5_1","Principado De Asturias",4,41,109,5,4,"asymmetricP1"
"Figure_5_1","Galicia",13,41,110,7,4,"asymmetricP1"
"Figure_5_1","Extremadura",12,41,114,15,4,"asymmetricP1"
"Figure_5_1","Castilla-La Mancha",9,41,163,5,4,"asymmetricP2"
"Figure_5_1","Spain (Espana)",1,41,163,5,4,"asymmetricP2"
"Figure_5_1","Cantabria",7,41,164,7,4,"asymmetricP2"
"Figure_5_1","Murcia (Region de)",15,41,166,11,4,"asymmetricP2"
"Figure_5_1","Baleares (Islas)",5,41,224,19,4,"typeIc"
"Figure_5_1","Navarra (Comunidad Foral De)",16,41,325,5,4,"mori2006"
"Figure_5_1","Madrid (Comunidad De)",14,41,330,15,4,"mori2006"
"Figure_5_1","Cataluna",10,42,100,5,9,"symmetricP2"
"Figure_5_1","Galicia",13,42,100,5,9,"symmetricP2"
"Figure_5_1","Cantabria",7,42,101,7,9,"symmetricP2"
"Figure_5_1","Comunidad Valenciana",11,42,101,7,9,"symmetricP2"
"Figure_5_1","Rioja (La)",18,42,101,7,9,"symmetricP2"
"Figure_5_1","Canarias",6,42,106,17,9,"symmetricP2"
"Figure_5_1","Principado De Asturias",4,42,109,5,4,"asymmetricP1"
"Figure_5_1","Castilla Y Leon",8,42,163,5,4,"asymmetricP2"
"Figure_5_1","Aragon",3,42,165,9,4,"asymmetricP2"
"Figure_5_1","Murcia (Region de)",15,42,166,11,4,"asymmetricP2"
"Figure_5_1","Baleares (Islas)",5,42,325,5,4,"mori2006"
"Figure_5_1","Extremadura",12,42,325,5,4,"mori2006"
"Figure_5_1","Navarra (Comunidad Foral De)",16,42,325,5,4,"mori2006"
"Figure_5_1","Spain (Espana)",1,42,325,5,4,"mori2006"
"Figure_5_1","Madrid (Comunidad De)",14,42,330,15,4,"mori2006"
"Figure_5_1","Baleares (Islas)",5,43,1,5,4,"symmetricP1"
"Figure_5_1","Cantabria",7,43,100,5,9,"symmetricP2"
"Figure_5_1","Rioja (La)",18,43,100,5,9,"symmetricP2"
"Figure_5_1","Madrid (Comunidad De)",14,43,104,13,9,"symmetricP2"
"Figure_5_1","Canarias",6,43,106,17,9,"symmetricP2"
"Figure_5_1","Principado De Asturias",4,43,109,5,4,"asymmetricP1"
"Figure_5_1","Galicia",13,43,110,7,4,"asymmetricP1"
"Figure_5_1","Castilla Y Leon",8,43,163,5,4,"asymmetricP2"
"Figure_5_1","Comunidad Valenciana",11,43,163,5,4,"asymmetricP2"
"Figure_5_1","Spain (Espana)",1,43,163,5,4,"asymmetricP2"
"Figure_5_1","Aragon",3,43,165,9,4,"asymmetricP2"
"Figure_5_1","Murcia (Region de)",15,43,166,11,4,"asymmetricP2"
"Figure_5_1","Castilla-La Mancha",9,43,325,5,4,"mori2006"
"Figure_5_1","Extremadura",12,43,325,5,4,"mori2006"
"Figure_5_1","Navarra (Comunidad Foral De)",16,43,325,5,4,"mori2006"
"Figure_5_1","Navarra (Comunidad Foral De)",16,44,1,5,4,"symmetricP1"
"Figure_5_1","Spain (Espana)",1,44,1,5,4,"symmetricP1"
"Figure_5_1","Aragon",3,44,13,11,5,"symmetricP1"
"Figure_5_1","Cataluna",10,44,100,5,9,"symmetricP2"
"Figure_5_1","Canarias",6,44,106,17,9,"symmetricP2"
"Figure_5_1","Galicia",13,44,110,7,4,"asymmetricP1"
"Figure_5_1","Principado De Asturias",4,44,163,5,4,"asymmetricP2"
"Figure_5_1","Rioja (La)",18,44,163,5,4,"asymmetricP2"
"Figure_5_1","Cantabria",7,44,164,7,4,"asymmetricP2"
"Figure_5_1","Murcia (Region de)",15,44,166,11,4,"asymmetricP2"
"Figure_5_1","Castilla Y Leon",8,44,217,5,4,"typeIc"
"Figure_5_1","Baleares (Islas)",5,44,325,5,4,"mori2006"
"Figure_5_1","Castilla-La Mancha",9,44,325,5,4,"mori2006"
"Figure_5_1","Extremadura",12,44,325,5,4,"mori2006"
"Figure_5_1","Madrid (Comunidad De)",14,44,330,15,4,"mori2006"
"Figure_5_1","Cantabria",7,45,1,5,4,"symmetricP1"
"Figure_5_1","Navarra (Comunidad Foral De)",16,45,1,5,4,"symmetricP1"
"Figure_5_1","Cataluna",10,45,100,5,9,"symmetricP2"
"Figure_5_1","Comunidad Valenciana",11,45,101,7,9,"symmetricP2"
"Figure_5_1","Galicia",13,45,101,7,9,"symmetricP2"
"Figure_5_1","Canarias",6,45,106,17,9,"symmetricP2"
"Figure_5_1","Principado De Asturias",4,45,109,5,4,"asymmetricP1"
"Figure_5_1","Castilla-La Mancha",9,45,163,5,4,"asymmetricP2"
"Figure_5_1","Rioja (La)",18,45,163,5,4,"asymmetricP2"
"Figure_5_1","Murcia (Region de)",15,45,166,11,4,"asymmetricP2"
"Figure_5_1","Baleares (Islas)",5,45,325,5,4,"mori2006"
"Figure_5_1","Spain (Espana)",1,45,325,5,4,"mori2006"
"Figure_5_1","Aragon",3,45,326,7,4,"mori2006"
"Figure_5_1","Castilla Y Leon",8,45,328,11,4,"mori2006"
"Figure_5_1","Madrid (Comunidad De)",14,45,330,15,4,"mori2006"
"Figure_5_1","Navarra (Comunidad Foral De)",16,46,1,5,4,"symmetricP1"
"Figure_5_1","Cataluna",10,46,100,5,9,"symmetricP2"
"Figure_5_1","Rioja (La)",18,46,101,7,9,"symmetricP2"
"Figure_5_1","Canarias",6,46,106,17,9,"symmetricP2"
"Figure_5_1","Castilla-La Mancha",9,46,109,5,4,"asymmetricP1"
"Figure_5_1","Principado De Asturias",4,46,163,5,4,"asymmetricP2"
"Figure_5_1","Spain (Espana)",1,46,163,5,4,"asymmetricP2"
"Figure_5_1","Cantabria",7,46,164,7,4,"asymmetricP2"
"Figure_5_1","Comunidad Valenciana",11,46,164,7,4,"asymmetricP2"
"Figure_5_1","Aragon",3,46,165,9,4,"asymmetricP2"
"Figure_5_1","Murcia (Region de)",15,46,166,11,4,"asymmetricP2"
"Figure_5_1","Extremadura",12,46,167,13,4,"asymmetricP2"
"Figure_5_1","Castilla Y Leon",8,46,217,5,4,"typeIc"
"Figure_5_1","Baleares (Islas)",5,46,326,7,4,"mori2006"
"Figure_5_1","Madrid (Comunidad De)",14,46,330,15,4,"mori2006"
"Figure_5_1","Baleares (Islas)",5,47,1,5,4,"symmetricP1"
"Figure_5_1","Cataluna",10,47,1,5,4,"symmetricP1"
"Figure_5_1","Navarra (Comunidad Foral De)",16,47,1,5,4,"symmetricP1"
"Figure_5_1","Canarias",6,47,106,17,9,"symmetricP2"
"Figure_5_1","Principado De Asturias",4,47,109,5,4,"asymmetricP1"
"Figure_5_1","Aragon",3,47,110,7,4,"asymmetricP1"
"Figure_5_1","Galicia",13,47,110,7,4,"asymmetricP1"
"Figure_5_1","Rioja (La)",18,47,163,5,4,"asymmetricP2"
"Figure_5_1","Cantabria",7,47,164,7,4,"asymmetricP2"
"Figure_5_1","Murcia (Region de)",15,47,166,11,4,"asymmetricP2"
"Figure_5_1","Castilla Y Leon",8,47,325,5,4,"mori2006"
"Figure_5_1","Castilla-La Mancha",9,47,325,5,4,"mori2006"
"Figure_5_1","Comunidad Valenciana",11,47,325,5,4,"mori2006"
"Figure_5_1","Extremadura",12,47,325,5,4,"mori2006"
"Figure_5_1","Spain (Espana)",1,47,325,5,4,"mori2006"
"Figure_5_1","Baleares (Islas)",5,48,1,5,4,"symmetricP1"
"Figure_5_1","Aragon",3,48,13,11,5,"symmetricP1"
"Figure_5_1","Cataluna",10,48,100,5,9,"symmetricP2"
"Figure_5_1","Rioja (La)",18,48,100,5,9,"symmetricP2"
"Figure_5_1","Canarias",6,48,101,7,9,"symmetricP2"
"Figure_5_1","Cantabria",7,48,101,7,9,"symmetricP2"
"Figure_5_1","Comunidad Valenciana",11,48,101,7,9,"symmetricP2"
"Figure_5_1","Castilla Y Leon",8,48,103,11,9,"symmetricP2"
"Figure_5_1","Castilla-La Mancha",9,48,108,21,9,"symmetricP2"
"Figure_5_1","Principado De Asturias",4,48,109,5,4,"asymmetricP1"
"Figure_5_1","Galicia",13,48,164,7,4,"asymmetricP2"
"Figure_5_1","Extremadura",12,48,325,5,4,"mori2006"
"Figure_5_1","Navarra (Comunidad Foral De)",16,48,325,5,4,"mori2006"
"Figure_5_1","Spain (Espana)",1,48,325,5,4,"mori2006"
"Figure_5_1","Madrid (Comunidad De)",14,48,330,15,4,"mori2006"
"Figure_5_1","Baleares (Islas)",5,49,1,5,4,"symmetricP1"
"Figure_5_1","Aragon",3,49,13,11,5,"symmetricP1"
"Figure_5_1","Extremadura",12,49,100,5,9,"symmetricP2"
"Figure_5_1","Cantabria",7,49,101,7,9,"symmetricP2"
"Figure_5_1","Comunidad Valenciana",11,49,101,7,9,"symmetricP2"
"Figure_5_1","Principado De Asturias",4,49,109,5,4,"asymmetricP1"
"Figure_5_1","Cataluna",10,49,110,7,4,"asymmetricP1"
"Figure_5_1","Galicia",13,49,110,7,4,"asymmetricP1"
"Figure_5_1","Rioja (La)",18,49,165,9,4,"asymmetricP2"
"Figure_5_1","Murcia (Region de)",15,49,166,11,4,"asymmetricP2"
"Figure_5_1","Canarias",6,49,169,17,4,"asymmetricP2"
"Figure_5_1","Castilla Y Leon",8,49,217,5,4,"typeIc"
"Figure_5_1","Spain (Espana)",1,49,217,5,4,"typeIc"
"Figure_5_1","Castilla-La Mancha",9,49,325,5,4,"mori2006"
"Figure_5_1","Madrid (Comunidad De)",14,49,330,15,4,"mori2006"
"Figure_5_1","Baleares (Islas)",5,50,1,5,4,"symmetricP1"
"Figure_5_1","Cantabria",7,50,1,5,4,"symmetricP1"
"Figure_5_1","Navarra (Comunidad Foral De)",16,50,1,5,4,"symmetricP1"
"Figure_5_1","Castilla-La Mancha",9,50,100,5,9,"symmetricP2"
"Figure_5_1","Cataluna",10,50,100,5,9,"symmetricP2"
"Figure_5_1","Galicia",13,50,110,7,4,"asymmetricP1"
"Figure_5_1","Comunidad Valenciana",11,50,163,5,4,"asymmetricP2"
"Figure_5_1","Principado De Asturias",4,50,163,5,4,"asymmetricP2"
"Figure_5_1","Aragon",3,50,165,9,4,"asymmetricP2"
"Figure_5_1","Murcia (Region de)",15,50,166,11,4,"asymmetricP2"
"Figure_5_1","Canarias",6,50,169,17,4,"asymmetricP2"
"Figure_5_1","Castilla Y Leon",8,50,217,5,4,"typeIc"
"Figure_5_1","Extremadura",12,50,325,5,4,"mori2006"
"Figure_5_1","Spain (Espana)",1,50,325,5,4,"mori2006"
"Figure_5_1","Madrid (Comunidad De)",14,50,330,15,4,"mori2006"
"Figure_5_1","Baleares (Islas)",5,51,1,5,4,"symmetricP1"
"Figure_5_1","Castilla Y Leon",8,51,1,5,4,"symmetricP1"
"Figure_5_1","Rioja (La)",18,51,11,7,5,"symmetricP1"
"Figure_5_1","Andalucia",2,51,17,19,5,"symmetricP1"
"Figure_5_1","Cantabria",7,51,100,5,9,"symmetricP2"
"Figure_5_1","Cataluna",10,51,100,5,9,"symmetricP2"
"Figure_5_1","Murcia (Region de)",15,51,100,5,9,"symmetricP2"
"Figure_5_1","Comunidad Valenciana",11,51,101,7,9,"symmetricP2"
"Figure_5_1","Galicia",13,51,110,7,4,"asymmetricP1"
"Figure_5_1","Navarra (Comunidad Foral De)",16,51,164,7,4,"asymmetricP2"
"Figure_5_1","Extremadura",12,51,167,13,4,"asymmetricP2"
"Figure_5_1","Canarias",6,51,169,17,4,"asymmetricP2"
"Figure_5_1","Spain (Espana)",1,51,217,5,4,"typeIc"
"Figure_5_1","Castilla-La Mancha",9,51,325,5,4,"mori2006"
"Figure_5_1","Madrid (Comunidad De)",14,51,330,15,4,"mori2006"
"Figure_5_1","Navarra (Comunidad Foral De)",16,52,1,5,4,"symmetricP1"
"Figure_5_1","Cataluna",10,52,100,5,9,"symmetricP2"
"Figure_5_1","Rioja (La)",18,52,101,7,9,"symmetricP2"
"Figure_5_1","Principado De Asturias",4,52,105,15,9,"symmetricP2"
"Figure_5_1","Spain (Espana)",1,52,109,5,4,"asymmetricP1"
"Figure_5_1","Galicia",13,52,110,7,4,"asymmetricP1"
"Figure_5_1","Castilla-La Mancha",9,52,163,5,4,"asymmetricP2"
"Figure_5_1","Comunidad Valenciana",11,52,163,5,4,"asymmetricP2"
"Figure_5_1","Cantabria",7,52,164,7,4,"asymmetricP2"
"Figure_5_1","Murcia (Region de)",15,52,166,11,4,"asymmetricP2"
"Figure_5_1","Canarias",6,52,169,17,4,"asymmetricP2"
"Figure_5_1","Castilla Y Leon",8,52,217,5,4,"typeIc"
"Figure_5_1","Andalucia",2,52,225,21,4,"typeIc"
"Figure_5_1","Extremadura",12,52,325,5,4,"mori2006"
"Figure_5_1","Madrid (Comunidad De)",14,52,330,15,4,"mori2006"
"Figure_5_1","Cataluna",10,53,100,5,9,"symmetricP2"
"Figure_5_1","Galicia",13,53,100,5,9,"symmetricP2"
"Figure_5_1","Cantabria",7,53,101,7,9,"symmetricP2"
"Figure_5_1","Principado De Asturias",4,53,105,15,9,"symmetricP2"
"Figure_5_1","Castilla-La Mancha",9,53,109,5,4,"asymmetricP1"
"Figure_5_1","Murcia (Region de)",15,53,109,5,4,"asymmetricP1"
"Figure_5_1","Spain (Espana)",1,53,109,5,4,"asymmetricP1"
"Figure_5_1","Andalucia",2,53,112,11,4,"asymmetricP1"
"Figure_5_1","Comunidad Valenciana",11,53,163,5,4,"asymmetricP2"
"Figure_5_1","Rioja (La)",18,53,164,7,4,"asymmetricP2"
"Figure_5_1","Baleares (Islas)",5,53,169,17,4,"asymmetricP2"
"Figure_5_1","Castilla Y Leon",8,53,217,5,4,"typeIc"
"Figure_5_1","Extremadura",12,53,325,5,4,"mori2006"
"Figure_5_1","Navarra (Comunidad Foral De)",16,53,325,5,4,"mori2006"
"Figure_5_1","Madrid (Comunidad De)",14,53,330,15,4,"mori2006"
"Figure_5_1","Baleares (Islas)",5,54,1,5,4,"symmetricP1"
"Figure_5_1","Navarra (Comunidad Foral De)",16,54,1,5,4,"symmetricP1"
"Figure_5_1","Murcia (Region de)",15,54,100,5,9,"symmetricP2"
"Figure_5_1","Cataluna",10,54,101,7,9,"symmetricP2"
"Figure_5_1","Rioja (La)",18,54,101,7,9,"symmetricP2"
"Figure_5_1","Principado De Asturias",4,54,105,15,9,"symmetricP2"
"Figure_5_1","Spain (Espana)",1,54,109,5,4,"asymmetricP1"
"Figure_5_1","Canarias",6,54,169,17,4,"asymmetricP2"
"Figure_5_1","Castilla Y Leon",8,54,217,5,4,"typeIc"
"Figure_5_1","Galicia",13,54,217,5,4,"typeIc"
"Figure_5_1","Castilla-La Mancha",9,54,325,5,4,"mori2006"
"Figure_5_1","Extremadura",12,54,325,5,4,"mori2006"
"Figure_5_1","Madrid (Comunidad De)",14,54,330,15,4,"mori2006"
"Figure_5_1","Andalucia",2,54,331,17,4,"mori2006"
"Figure_5_1","Comunidad Valenciana",11,54,333,21,4,"mori2006"
"Figure_5_1","Cataluna",10,55,100,5,9,"symmetricP2"
"Figure_5_1","Rioja (La)",18,55,100,5,9,"symmetricP2"
"Figure_5_1","Spain (Espana)",1,55,109,5,4,"asymmetricP1"
"Figure_5_1","Galicia",13,55,110,7,4,"asymmetricP1"
"Figure_5_1","Principado De Asturias",4,55,111,9,4,"asymmetricP1"
"Figure_5_1","Castilla-La Mancha",9,55,163,5,4,"asymmetricP2"
"Figure_5_1","Murcia (Region de)",15,55,163,5,4,"asymmetricP2"
"Figure_5_1","Cantabria",7,55,164,7,4,"asymmetricP2"
"Figure_5_1","Extremadura",12,55,167,13,4,"asymmetricP2"
"Figure_5_1","Canarias",6,55,169,17,4,"asymmetricP2"
"Figure_5_1","Baleares (Islas)",5,55,325,5,4,"mori2006"
"Figure_5_1","Navarra (Comunidad Foral De)",16,55,325,5,4,"mori2006"
"Figure_5_1","Madrid (Comunidad De)",14,55,330,15,4,"mori2006"
"Figure_5_1","Andalucia",2,55,331,17,4,"mori2006"
"Figure_5_1","Comunidad Valenciana",11,55,333,21,4,"mori2006"
"Figure_5_1","Baleares (Islas)",5,56,1,5,4,"symmetricP1"
"Figure_5_1","Cataluna",10,56,100,5,9,"symmetricP2"
"Figure_5_1","Galicia",13,56,100,5,9,"symmetricP2"
"Figure_5_1","Cantabria",7,56,101,7,9,"symmetricP2"
"Figure_5_1","Rioja (La)",18,56,101,7,9,"symmetricP2"
"Figure_5_1","Murcia (Region de)",15,56,103,11,9,"symmetricP2"
"Figure_5_1","Principado De Asturias",4,56,105,15,9,"symmetricP2"
"Figure_5_1","Canarias",6,56,106,17,9,"symmetricP2"
"Figure_5_1","Spain (Espana)",1,56,109,5,4,"asymmetricP1"
"Figure_5_1","Comunidad Valenciana",11,56,164,7,4,"asymmetricP2"
"Figure_5_1","Castilla Y Leon",8,56,217,5,4,"typeIc"
"Figure_5_1","Andalucia",2,56,225,21,4,"typeIc"
"Figure_5_1","Extremadura",12,56,325,5,4,"mori2006"
"Figure_5_1","Navarra (Comunidad Foral De)",16,56,325,5,4,"mori2006"
"Figure_5_1","Madrid (Comunidad De)",14,56,330,15,4,"mori2006"
"Figure_5_1","Cantabria",7,57,100,5,9,"symmetricP2"
"Figure_5_1","Spain (Espana)",1,57,109,5,4,"asymmetricP1"
"Figure_5_1","Galicia",13,57,110,7,4,"asymmetricP1"
"Figure_5_1","Principado De Asturias",4,57,111,9,4,"asymmetricP1"
"Figure_5_1","Comunidad Valenciana",11,57,163,5,4,"asymmetricP2"
"Figure_5_1","Rioja (La)",18,57,163,5,4,"asymmetricP2"
"Figure_5_1","Murcia (Region de)",15,57,166,11,4,"asymmetricP2"
"Figure_5_1","Madrid (Comunidad De)",14,57,167,13,4,"asymmetricP2"
"Figure_5_1","Canarias",6,57,169,17,4,"asymmetricP2"
"Figure_5_1","Castilla Y Leon",8,57,217,5,4,"typeIc"
"Figure_5_1","Baleares (Islas)",5,57,325,5,4,"mori2006"
"Figure_5_1","Castilla-La Mancha",9,57,325,5,4,"mori2006"
"Figure_5_1","Extremadura",12,57,325,5,4,"mori2006"
"Figure_5_1","Navarra (Comunidad Foral De)",16,57,325,5,4,"mori2006"
"Figure_5_1","Andalucia",2,57,331,17,4,"mori2006"
"Figure_5_1","Navarra (Comunidad Foral De)",16,58,1,5,4,"symmetricP1"
"Figure_5_1","Cataluna",10,58,100,5,9,"symmetricP2"
"Figure_5_1","Principado De Asturias",4,58,105,15,9,"symmetricP2"
"Figure_5_1","Canarias",6,58,106,17,9,"symmetricP2"
"Figure_5_1","Spain (Espana)",1,58,109,5,4,"asymmetricP1"
"Figure_5_1","Galicia",13,58,110,7,4,"asymmetricP1"
"Figure_5_1","Cantabria",7,58,164,7,4,"asymmetricP2"
"Figure_5_1","Rioja (La)",18,58,164,7,4,"asymmetricP2"
"Figure_5_1","Murcia (Region de)",15,58,166,11,4,"asymmetricP2"
"Figure_5_1","Castilla Y Leon",8,58,217,5,4,"typeIc"
"Figure_5_1","Castilla-La Mancha",9,58,325,5,4,"mori2006"
"Figure_5_1","Extremadura",12,58,325,5,4,"mori2006"
"Figure_5_1","Baleares (Islas)",5,58,326,7,4,"mori2006"
"Figure_5_1","Madrid (Comunidad De)",14,58,330,15,4,"mori2006"
"Figure_5_1","Andalucia",2,58,331,17,4,"mori2006"
"Figure_5_1","Navarra (Comunidad Foral De)",16,59,1,5,4,"symmetricP1"
"Figure_5_1","Andalucia",2,59,18,21,5,"symmetricP1"
"Figure_5_1","Cantabria",7,59,100,5,9,"symmetricP2"
"Figure_5_1","Cataluna",10,59,100,5,9,"symmetricP2"
"Figure_5_1","Murcia (Region de)",15,59,100,5,9,"symmetricP2"
"Figure_5_1","Castilla Y Leon",8,59,103,11,9,"symmetricP2"
"Figure_5_1","Principado De Asturias",4,59,105,15,9,"symmetricP2"
"Figure_5_1","Castilla-La Mancha",9,59,109,5,4,"asymmetricP1"
"Figure_5_1","Spain (Espana)",1,59,109,5,4,"asymmetricP1"
"Figure_5_1","Galicia",13,59,110,7,4,"asymmetricP1"
"Figure_5_1","Comunidad Valenciana",11,59,163,5,4,"asymmetricP2"
"Figure_5_1","Rioja (La)",18,59,164,7,4,"asymmetricP2"
"Figure_5_1","Canarias",6,59,169,17,4,"asymmetricP2"
"Figure_5_1","Baleares (Islas)",5,59,325,5,4,"mori2006"
"Figure_5_1","Madrid (Comunidad De)",14,59,330,15,4,"mori2006"
"Figure_5_1","Baleares (Islas)",5,60,1,5,4,"symmetricP1"
"Figure_5_1","Cataluna",10,60,100,5,9,"symmetricP2"
"Figure_5_1","Extremadura",12,60,104,13,9,"symmetricP2"
"Figure_5_1","Principado De Asturias",4,60,105,15,9,"symmetricP2"
"Figure_5_1","Canarias",6,60,106,17,9,"symmetricP2"
"Figure_5_1","Spain (Espana)",1,60,109,5,4,"asymmetricP1"
"Figure_5_1","Castilla-La Mancha",9,60,163,5,4,"asymmetricP2"
"Figure_5_1","Cantabria",7,60,164,7,4,"asymmetricP2"
"Figure_5_1","Comunidad Valenciana",11,60,164,7,4,"asymmetricP2"
"Figure_5_1","Rioja (La)",18,60,164,7,4,"asymmetricP2"
"Figure_5_1","Murcia (Region de)",15,60,166,11,4,"asymmetricP2"
"Figure_5_1","Castilla Y Leon",8,60,217,5,4,"typeIc"
"Figure_5_1","Navarra (Comunidad Foral De)",16,60,325,5,4,"mori2006"
"Figure_5_1","Madrid (Comunidad De)",14,60,330,15,4,"mori2006"
"Figure_5_1","Andalucia",2,60,333,21,4,"mori2006"
"Figure_5_1","Rioja (La)",18,61,11,7,5,"symmetricP1"
"Figure_5_1","Cantabria",7,61,101,7,9,"symmetricP2"
"Figure_5_1","Principado De Asturias",4,61,105,15,9,"symmetricP2"
"Figure_5_1","Canarias",6,61,106,17,9,"symmetricP2"
"Figure_5_1","Galicia",13,61,110,7,4,"asymmetricP1"
"Figure_5_1","Castilla-La Mancha",9,61,163,5,4,"asymmetricP2"
"Figure_5_1","Navarra (Comunidad Foral De)",16,61,164,7,4,"asymmetricP2"
"Figure_5_1","Murcia (Region de)",15,61,166,11,4,"asymmetricP2"
"Figure_5_1","Castilla Y Leon",8,61,217,5,4,"typeIc"
"Figure_5_1","Spain (Espana)",1,61,217,5,4,"typeIc"
"Figure_5_1","Andalucia",2,61,225,21,4,"typeIc"
"Figure_5_1","Baleares (Islas)",5,61,325,5,4,"mori2006"
"Figure_5_1","Cataluna",10,61,325,5,4,"mori2006"
"Figure_5_1","Extremadura",12,61,325,5,4,"mori2006"
"Figure_5_1","Comunidad Valenciana",11,61,327,9,4,"mori2006"
"Figure_5_1","Baleares (Islas)",5,62,1,5,4,"symmetricP1"
"Figure_5_1","Rioja (La)",18,62,11,7,5,"symmetricP1"
"Figure_5_1","Cataluna",10,62,100,5,9,"symmetricP2"
"Figure_5_1","Canarias",6,62,101,7,9,"symmetricP2"
"Figure_5_1","Cantabria",7,62,101,7,9,"symmetricP2"
"Figure_5_1","Castilla Y Leon",8,62,103,11,9,"symmetricP2"
"Figure_5_1","Spain (Espana)",1,62,109,5,4,"asymmetricP1"
"Figure_5_1","Galicia",13,62,110,7,4,"asymmetricP1"
"Figure_5_1","Comunidad Valenciana",11,62,164,7,4,"asymmetricP2"
"Figure_5_1","Andalucia",2,62,224,19,4,"typeIc"
"Figure_5_1","Castilla-La Mancha",9,62,325,5,4,"mori2006"
"Figure_5_1","Extremadura",12,62,325,5,4,"mori2006"
"Figure_5_1","Navarra (Comunidad Foral De)",16,62,325,5,4,"mori2006"
"Figure_5_1","Principado De Asturias",4,62,326,7,4,"mori2006"
"Figure_5_1","Madrid (Comunidad De)",14,62,330,15,4,"mori2006"
"Figure_5_1","Principado De Asturias",4,63,105,15,9,"symmetricP2"
"Figure_5_1","Spain (Espana)",1,63,109,5,4,"asymmetricP1"
"Figure_5_1","Galicia",13,63,110,7,4,"asymmetricP1"
"Figure_5_1","Castilla-La Mancha",9,63,163,5,4,"asymmetricP2"
"Figure_5_1","Murcia (Region de)",15,63,163,5,4,"asymmetricP2"
"Figure_5_1","Cantabria",7,63,164,7,4,"asymmetricP2"
"Figure_5_1","Canarias",6,63,169,17,4,"asymmetricP2"
"Figure_5_1","Castilla Y Leon",8,63,217,5,4,"typeIc"
"Figure_5_1","Baleares (Islas)",5,63,224,19,4,"typeIc"
"Figure_5_1","Extremadura",12,63,325,5,4,"mori2006"
"Figure_5_1","Rioja (La)",18,63,325,5,4,"mori2006"
"Figure_5_1","Cataluna",10,63,326,7,4,"mori2006"
"Figure_5_1","Madrid (Comunidad De)",14,63,330,15,4,"mori2006"
"Figure_5_1","Andalucia",2,63,331,17,4,"mori2006"
"Figure_5_1","Comunidad Valenciana",11,63,333,21,4,"mori2006"
"Figure_5_1","Andalucia",2,64,18,21,5,"symmetricP1"
"Figure_5_1","Castilla-La Mancha",9,64,100,5,9,"symmetricP2"
"Figure_5_1","Cataluna",10,64,100,5,9,"symmetricP2"
"Figure_5_1","Principado De Asturias",4,64,105,15,9,"symmetricP2"
"Figure_5_1","Canarias",6,64,106,17,9,"symmetricP2"
"Figure_5_1","Navarra (Comunidad Foral De)",16,64,109,5,4,"asymmetricP1"
"Figure_5_1","Spain (Espana)",1,64,109,5,4,"asymmetricP1"
"Figure_5_1","Galicia",13,64,110,7,4,"asymmetricP1"
"Figure_5_1","Comunidad Valenciana",11,64,163,5,4,"asymmetricP2"
"Figure_5_1","Cantabria",7,64,164,7,4,"asymmetricP2"
"Figure_5_1","Murcia (Region de)",15,64,166,11,4,"asymmetricP2"
"Figure_5_1","Castilla Y Leon",8,64,217,5,4,"typeIc"
"Figure_5_1","Extremadura",12,64,325,5,4,"mori2006"
"Figure_5_1","Baleares (Islas)",5,64,326,7,4,"mori2006"
"Figure_5_1","Madrid (Comunidad De)",14,64,330,15,4,"mori2006"
"Figure_5_1","Comunidad Valenciana",11,65,101,7,9,"symmetricP2"
"Figure_5_1","Rioja (La)",18,65,101,7,9,"symmetricP2"
"Figure_5_1","Canarias",6,65,106,17,9,"symmetricP2"
"Figure_5_1","Spain (Espana)",1,65,109,5,4,"asymmetricP1"
"Figure_5_1","Galicia",13,65,110,7,4,"asymmetricP1"
"Figure_5_1","Castilla Y Leon",8,65,163,5,4,"asymmetricP2"
"Figure_5_1","Murcia (Region de)",15,65,163,5,4,"asymmetricP2"
"Figure_5_1","Navarra (Comunidad Foral De)",16,65,163,5,4,"asymmetricP2"
"Figure_5_1","Aragon",3,65,164,7,4,"asymmetricP2"
"Figure_5_1","Cantabria",7,65,164,7,4,"asymmetricP2"
"Figure_5_1","Cataluna",10,65,164,7,4,"asymmetricP2"
"Figure_5_1","Madrid (Comunidad De)",14,65,169,17,4,"asymmetricP2"
"Figure_5_1","Andalucia",2,65,225,21,4,"typeIc"
"Figure_5_1","Castilla-La Mancha",9,65,325,5,4,"mori2006"
"Figure_5_1","Extremadura",12,65,325,5,4,"mori2006"
"Figure_5_1","Castilla-La Mancha",9,66,1,5,4,"symmetricP1"
"Figure_5_1","Cataluna",10,66,100,5,9,"symmetricP2"
"Figure_5_1","Comunidad Valenciana",11,66,101,7,9,"symmetricP2"
"Figure_5_1","Rioja (La)",18,66,101,7,9,"symmetricP2"
"Figure_5_1","Murcia (Region de)",15,66,109,5,4,"asymmetricP1"
"Figure_5_1","Spain (Espana)",1,66,109,5,4,"asymmetricP1"
"Figure_5_1","Galicia",13,66,110,7,4,"asymmetricP1"
"Figure_5_1","Andalucia",2,66,115,17,4,"asymmetricP1"
"Figure_5_1","Castilla Y Leon",8,66,163,5,4,"asymmetricP2"
"Figure_5_1","Aragon",3,66,164,7,4,"asymmetricP2"
"Figure_5_1","Cantabria",7,66,164,7,4,"asymmetricP2"
"Figure_5_1","Baleares (Islas)",5,66,169,17,4,"asymmetricP2"
"Figure_5_1","Extremadura",12,66,325,5,4,"mori2006"
"Figure_5_1","Navarra (Comunidad Foral De)",16,66,325,5,4,"mori2006"
"Figure_5_1","Madrid (Comunidad De)",14,66,330,15,4,"mori2006"
"Figure_5_1","Baleares (Islas)",5,67,1,5,4,"symmetricP1"
"Figure_5_1","Rioja (La)",18,67,11,7,5,"symmetricP1"
"Figure_5_1","Castilla-La Mancha",9,67,109,5,4,"asymmetricP1"
"Figure_5_1","Murcia (Region de)",15,67,109,5,4,"asymmetricP1"
"Figure_5_1","Navarra (Comunidad Foral De)",16,67,109,5,4,"asymmetricP1"
"Figure_5_1","Spain (Espana)",1,67,109,5,4,"asymmetricP1"
"Figure_5_1","Galicia",13,67,110,7,4,"asymmetricP1"
"Figure_5_1","Castilla Y Leon",8,67,163,5,4,"asymmetricP2"
"Figure_5_1","Comunidad Valenciana",11,67,163,5,4,"asymmetricP2"
"Figure_5_1","Aragon",3,67,164,7,4,"asymmetricP2"
"Figure_5_1","Cataluna",10,67,164,7,4,"asymmetricP2"
"Figure_5_1","Canarias",6,67,169,17,4,"asymmetricP2"
"Figure_5_1","Extremadura",12,67,330,15,4,"mori2006"
"Figure_5_1","Madrid (Comunidad De)",14,67,330,15,4,"mori2006"
"Figure_5_1","Andalucia",2,67,331,17,4,"mori2006"
"Figure_5_1","Baleares (Islas)",5,68,1,5,4,"symmetricP1"
"Figure_5_1","Rioja (La)",18,68,11,7,5,"symmetricP1"
"Figure_5_1","Andalucia",2,68,18,21,5,"symmetricP1"
"Figure_5_1","Cataluna",10,68,100,5,9,"symmetricP2"
"Figure_5_1","Canarias",6,68,106,17,9,"symmetricP2"
"Figure_5_1","Murcia (Region de)",15,68,109,5,4,"asymmetricP1"
"Figure_5_1","Spain (Espana)",1,68,109,5,4,"asymmetricP1"
"Figure_5_1","Aragon",3,68,110,7,4,"asymmetricP1"
"Figure_5_1","Galicia",13,68,110,7,4,"asymmetricP1"
"Figure_5_1","Cantabria",7,68,163,5,4,"asymmetricP2"
"Figure_5_1","Castilla-La Mancha",9,68,163,5,4,"asymmetricP2"
"Figure_5_1","Comunidad Valenciana",11,68,164,7,4,"asymmetricP2"
"Figure_5_1","Extremadura",12,68,165,9,4,"asymmetricP2"
"Figure_5_1","Navarra (Comunidad Foral De)",16,68,325,5,4,"mori2006"
"Figure_5_1","Madrid (Comunidad De)",14,68,330,15,4,"mori2006"
"Figure_5_1","Baleares (Islas)",5,69,1,5,4,"symmetricP1"
"Figure_5_1","Cataluna",10,69,100,5,9,"symmetricP2"
"Figure_5_1","Comunidad Valenciana",11,69,101,7,9,"symmetricP2"
"Figure_5_1","Rioja (La)",18,69,101,7,9,"symmetricP2"
"Figure_5_1","Spain (Espana)",1,69,109,5,4,"asymmetricP1"
"Figure_5_1","Castilla Y Leon",8,69,163,5,4,"asymmetricP2"
"Figure_5_1","Murcia (Region de)",15,69,163,5,4,"asymmetricP2"
"Figure_5_1","Aragon",3,69,164,7,4,"asymmetricP2"
"Figure_5_1","Cantabria",7,69,164,7,4,"asymmetricP2"
"Figure_5_1","Canarias",6,69,169,17,4,"asymmetricP2"
"Figure_5_1","Galicia",13,69,217,5,4,"typeIc"
"Figure_5_1","Extremadura",12,69,325,5,4,"mori2006"
"Figure_5_1","Navarra (Comunidad Foral De)",16,69,325,5,4,"mori2006"
"Figure_5_1","Madrid (Comunidad De)",14,69,330,15,4,"mori2006"
"Figure_5_1","Andalucia",2,69,331,17,4,"mori2006"
"Figure_5_1","Castilla Y Leon",8,70,1,5,4,"symmetricP1"
"Figure_5_1","Andalucia",2,70,18,21,5,"symmetricP1"
"Figure_5_1","Madrid (Comunidad De)",14,70,104,13,9,"symmetricP2"
"Figure_5_1","Canarias",6,70,106,17,9,"symmetricP2"
"Figure_5_1","Castilla-La Mancha",9,70,109,5,4,"asymmetricP1"
"Figure_5_1","Galicia",13,70,110,7,4,"asymmetricP1"
"Figure_5_1","Cantabria",7,70,116,19,4,"asymmetricP1"
"Figure_5_1","Comunidad Valenciana",11,70,163,5,4,"asymmetricP2"
"Figure_5_1","Murcia (Region de)",15,70,163,5,4,"asymmetricP2"
"Figure_5_1","Rioja (La)",18,70,163,5,4,"asymmetricP2"
"Figure_5_1","Spain (Espana)",1,70,163,5,4,"asymmetricP2"
"Figure_5_1","Aragon",3,70,164,7,4,"asymmetricP2"
"Figure_5_1","Baleares (Islas)",5,70,325,5,4,"mori2006"
"Figure_5_1","Extremadura",12,70,325,5,4,"mori2006"
"Figure_5_1","Navarra (Comunidad Foral De)",16,70,325,5,4,"mori2006"
"Figure_5_1","Rioja (La)",18,71,11,7,5,"symmetricP1"
"Figure_5_1","Cataluna",10,71,100,5,9,"symmetricP2"
"Figure_5_1","Canarias",6,71,106,17,9,"symmetricP2"
"Figure_5_1","Castilla-La Mancha",9,71,109,5,4,"asymmetricP1"
"Figure_5_1","Spain (Espana)",1,71,109,5,4,"asymmetricP1"
"Figure_5_1","Galicia",13,71,110,7,4,"asymmetricP1"
"Figure_5_1","Castilla Y Leon",8,71,163,5,4,"asymmetricP2"
"Figure_5_1","Murcia (Region de)",15,71,163,5,4,"asymmetricP2"
"Figure_5_1","Aragon",3,71,164,7,4,"asymmetricP2"
"Figure_5_1","Cantabria",7,71,164,7,4,"asymmetricP2"
"Figure_5_1","Extremadura",12,71,167,13,4,"asymmetricP2"
"Figure_5_1","Baleares (Islas)",5,71,169,17,4,"asymmetricP2"
"Figure_5_1","Andalucia",2,71,225,21,4,"typeIc"
"Figure_5_1","Navarra (Comunidad Foral De)",16,71,325,5,4,"mori2006"
"Figure_5_1","Madrid (Comunidad De)",14,71,330,15,4,"mori2006"
"Figure_5_1","Navarra (Comunidad Foral De)",16,72,1,5,4,"symmetricP1"
"Figure_5_1","Cataluna",10,72,100,5,9,"symmetricP2"
"Figure_5_1","Murcia (Region de)",15,72,109,5,4,"asymmetricP1"
"Figure_5_1","Spain (Espana)",1,72,109,5,4,"asymmetricP1"
"Figure_5_1","Galicia",13,72,110,7,4,"asymmetricP1"
"Figure_5_1","Andalucia",2,72,117,21,4,"asymmetricP1"
"Figure_5_1","Castilla-La Mancha",9,72,163,5,4,"asymmetricP2"
"Figure_5_1","Comunidad Valenciana",11,72,163,5,4,"asymmetricP2"
"Figure_5_1","Aragon",3,72,164,7,4,"asymmetricP2"
"Figure_5_1","Cantabria",7,72,164,7,4,"asymmetricP2"
"Figure_5_1","Rioja (La)",18,72,164,7,4,"asymmetricP2"
"Figure_5_1","Canarias",6,72,169,17,4,"asymmetricP2"
"Figure_5_1","Baleares (Islas)",5,72,325,5,4,"mori2006"
"Figure_5_1","Castilla Y Leon",8,72,328,11,4,"mori2006"
"Figure_5_1","Madrid (Comunidad De)",14,72,330,15,4,"mori2006"
"Figure_5_1","Baleares (Islas)",5,73,1,5,4,"symmetricP1"
"Figure_5_1","Cataluna",10,73,100,5,9,"symmetricP2"
"Figure_5_1","Murcia (Region de)",15,73,100,5,9,"symmetricP2"
"Figure_5_1","Canarias",6,73,106,17,9,"symmetricP2"
"Figure_5_1","Cantabria",7,73,163,5,4,"asymmetricP2"
"Figure_5_1","Castilla Y Leon",8,73,163,5,4,"asymmetricP2"
"Figure_5_1","Castilla-La Mancha",9,73,163,5,4,"asymmetricP2"
"Figure_5_1","Comunidad Valenciana",11,73,163,5,4,"asymmetricP2"
"Figure_5_1","Aragon",3,73,164,7,4,"asymmetricP2"
"Figure_5_1","Rioja (La)",18,73,164,7,4,"asymmetricP2"
"Figure_5_1","Extremadura",12,73,217,5,4,"typeIc"
"Figure_5_1","Spain (Espana)",1,73,217,5,4,"typeIc"
"Figure_5_1","Navarra (Comunidad Foral De)",16,73,325,5,4,"mori2006"
"Figure_5_1","Madrid (Comunidad De)",14,73,330,15,4,"mori2006"
"Figure_5_1","Andalucia",2,73,333,21,4,"mori2006"
"Figure_5_1","Baleares (Islas)",5,74,1,5,4,"symmetricP1"
"Figure_5_1","Cataluna",10,74,1,5,4,"symmetricP1"
"Figure_5_1","Comunidad Valenciana",11,74,11,7,5,"symmetricP1"
"Figure_5_1","Murcia (Region de)",15,74,100,5,9,"symmetricP2"
"Figure_5_1","Canarias",6,74,106,17,9,"symmetricP2"
"Figure_5_1","Castilla-La Mancha",9,74,109,5,4,"asymmetricP1"
"Figure_5_1","Navarra (Comunidad Foral De)",16,74,109,5,4,"asymmetricP1"
"Figure_5_1","Aragon",3,74,110,7,4,"asymmetricP1"
"Figure_5_1","Rioja (La)",18,74,110,7,4,"asymmetricP1"
"Figure_5_1","Castilla Y Leon",8,74,163,5,4,"asymmetricP2"
"Figure_5_1","Cantabria",7,74,164,7,4,"asymmetricP2"
"Figure_5_1","Galicia",13,74,217,5,4,"typeIc"
"Figure_5_1","Spain (Espana)",1,74,217,5,4,"typeIc"
"Figure_5_1","Andalucia",2,74,225,21,4,"typeIc"
"Figure_5_1","Extremadura",12,74,325,5,4,"mori2006"
"Figure_5_1","Extremadura",12,75,1,5,4,"symmetricP1"
"Figure_5_1","Rioja (La)",18,75,11,7,5,"symmetricP1"
"Figure_5_1","Andalucia",2,75,16,17,5,"symmetricP1"
"Figure_5_1","Cantabria",7,75,100,5,9,"symmetricP2"
"Figure_5_1","Cataluna",10,75,100,5,9,"symmetricP2"
"Figure_5_1","Canarias",6,75,101,7,9,"symmetricP2"
"Figure_5_1","Comunidad Valenciana",11,75,101,7,9,"symmetricP2"
"Figure_5_1","Castilla-La Mancha",9,75,109,5,4,"asymmetricP1"
"Figure_5_1","Navarra (Comunidad Foral De)",16,75,109,5,4,"asymmetricP1"
"Figure_5_1","Galicia",13,75,110,7,4,"asymmetricP1"
"Figure_5_1","Aragon",3,75,117,21,4,"asymmetricP1"
"Figure_5_1","Spain (Espana)",1,75,217,5,4,"typeIc"
"Figure_5_1","Baleares (Islas)",5,75,325,5,4,"mori2006"
"Figure_5_1","Castilla Y Leon",8,75,328,11,4,"mori2006"
"Figure_5_1","Madrid (Comunidad De)",14,75,330,15,4,"mori2006"
"Figure_5_1","Cantabria",7,76,1,5,4,"symmetricP1"
"Figure_5_1","Castilla-La Mancha",9,76,100,5,9,"symmetricP2"
"Figure_5_1","Murcia (Region de)",15,76,109,5,4,"asymmetricP1"
"Figure_5_1","Spain (Espana)",1,76,109,5,4,"asymmetricP1"
"Figure_5_1","Galicia",13,76,110,7,4,"asymmetricP1"
"Figure_5_1","Castilla Y Leon",8,76,163,5,4,"asymmetricP2"
"Figure_5_1","Aragon",3,76,164,7,4,"asymmetricP2"
"Figure_5_1","Canarias",6,76,169,17,4,"asymmetricP2"
"Figure_5_1","Cataluna",10,76,217,5,4,"typeIc"
"Figure_5_1","Extremadura",12,76,217,5,4,"typeIc"
"Figure_5_1","Baleares (Islas)",5,76,325,5,4,"mori2006"
"Figure_5_1","Rioja (La)",18,76,325,5,4,"mori2006"
"Figure_5_1","Madrid (Comunidad De)",14,76,330,15,4,"mori2006"
"Figure_5_1","Andalucia",2,76,331,17,4,"mori2006"
"Figure_5_1","Comunidad Valenciana",11,76,333,21,4,"mori2006"
"Figure_5_1","Baleares (Islas)",5,77,1,5,4,"symmetricP1"
"Figure_5_1","Navarra (Comunidad Foral De)",16,77,1,5,4,"symmetricP1"
"Figure_5_1","Andalucia",2,77,18,21,5,"symmetricP1"
"Figure_5_1","Castilla-La Mancha",9,77,18,21,5,"symmetricP1"
"Figure_5_1","Cataluna",10,77,100,5,9,"symmetricP2"
"Figure_5_1","Murcia (Region de)",15,77,100,5,9,"symmetricP2"
"Figure_5_1","Canarias",6,77,106,17,9,"symmetricP2"
"Figure_5_1","Spain (Espana)",1,77,109,5,4,"asymmetricP1"
"Figure_5_1","Galicia",13,77,110,7,4,"asymmetricP1"
"Figure_5_1","Comunidad Valenciana",11,77,163,5,4,"asymmetricP2"
"Figure_5_1","Aragon",3,77,164,7,4,"asymmetricP2"
"Figure_5_1","Cantabria",7,77,164,7,4,"asymmetricP2"
"Figure_5_1","Extremadura",12,77,325,5,4,"mori2006"
"Figure_5_1","Castilla Y Leon",8,77,328,11,4,"mori2006"
"Figure_5_1","Madrid (Comunidad De)",14,77,330,15,4,"mori2006"
"Figure_5_1","Navarra (Comunidad Foral De)",16,78,1,5,4,"symmetricP1"
"Figure_5_1","Rioja (La)",18,78,11,7,5,"symmetricP1"
"Figure_5_1","Castilla Y Leon",8,78,100,5,9,"symmetricP2"
"Figure_5_1","Cataluna",10,78,100,5,9,"symmetricP2"
"Figure_5_1","Principado De Asturias",4,78,105,15,9,"symmetricP2"
"Figure_5_1","Spain (Espana)",1,78,109,5,4,"asymmetricP1"
"Figure_5_1","Galicia",13,78,110,7,4,"asymmetricP1"
"Figure_5_1","Murcia (Region de)",15,78,163,5,4,"asymmetricP2"
"Figure_5_1","Cantabria",7,78,164,7,4,"asymmetricP2"
"Figure_5_1","Comunidad Valenciana",11,78,164,7,4,"asymmetricP2"
"Figure_5_1","Aragon",3,78,165,9,4,"asymmetricP2"
"Figure_5_1","Andalucia",2,78,169,17,4,"asymmetricP2"
"Figure_5_1","Castilla-La Mancha",9,78,225,21,4,"typeIc"
"Figure_5_1","Extremadura",12,78,325,5,4,"mori2006"
"Figure_5_1","Madrid (Comunidad De)",14,78,330,15,4,"mori2006"
"Figure_5_1","Navarra (Comunidad Foral De)",16,79,1,5,4,"symmetricP1"
"Figure_5_1","Canarias",6,79,106,17,9,"symmetricP2"
"Figure_5_1","Cataluna",10,79,110,7,4,"asymmetricP1"
"Figure_5_1","Galicia",13,79,110,7,4,"asymmetricP1"
"Figure_5_1","Castilla-La Mancha",9,79,163,5,4,"asymmetricP2"
"Figure_5_1","Comunidad Valenciana",11,79,163,5,4,"asymmetricP2"
"Figure_5_1","Principado De Asturias",4,79,163,5,4,"asymmetricP2"
"Figure_5_1","Rioja (La)",18,79,164,7,4,"asymmetricP2"
"Figure_5_1","Aragon",3,79,165,9,4,"asymmetricP2"
"Figure_5_1","Murcia (Region de)",15,79,166,11,4,"asymmetricP2"
"Figure_5_1","Castilla Y Leon",8,79,217,5,4,"typeIc"
"Figure_5_1","Spain (Espana)",1,79,217,5,4,"typeIc"
"Figure_5_1","Andalucia",2,79,225,21,4,"typeIc"
"Figure_5_1","Extremadura",12,79,325,5,4,"mori2006"
"Figure_5_1","Madrid (Comunidad De)",14,79,330,15,4,"mori2006"
"Figure_5_1","Navarra (Comunidad Foral De)",16,80,1,5,4,"symmetricP1"
"Figure_5_1","Castilla-La Mancha",9,80,100,5,9,"symmetricP2"
"Figure_5_1","Cantabria",7,80,101,7,9,"symmetricP2"
"Figure_5_1","Rioja (La)",18,80,101,7,9,"symmetricP2"
"Figure_5_1","Canarias",6,80,106,17,9,"symmetricP2"
"Figure_5_1","Andalucia",2,80,117,21,4,"asymmetricP1"
"Figure_5_1","Comunidad Valenciana",11,80,163,5,4,"asymmetricP2"
"Figure_5_1","Principado De Asturias",4,80,163,5,4,"asymmetricP2"
"Figure_5_1","Aragon",3,80,165,9,4,"asymmetricP2"
"Figure_5_1","Murcia (Region de)",15,80,166,11,4,"asymmetricP2"
"Figure_5_1","Madrid (Comunidad De)",14,80,169,17,4,"asymmetricP2"
"Figure_5_1","Galicia",13,80,217,5,4,"typeIc"
"Figure_5_1","Spain (Espana)",1,80,217,5,4,"typeIc"
"Figure_5_1","Cataluna",10,80,325,5,4,"mori2006"
"Figure_5_1","Extremadura",12,80,330,15,4,"mori2006"
"Figure_5_1","Navarra (Comunidad Foral De)",16,81,1,5,4,"symmetricP1"
"Figure_5_1","Andalucia",2,81,16,17,5,"symmetricP1"
"Figure_5_1","Cataluna",10,81,100,5,9,"symmetricP2"
"Figure_5_1","Cantabria",7,81,101,7,9,"symmetricP2"
"Figure_5_1","Rioja (La)",18,81,101,7,9,"symmetricP2"
"Figure_5_1","Spain (Espana)",1,81,109,5,4,"asymmetricP1"
"Figure_5_1","Comunidad Valenciana",11,81,163,5,4,"asymmetricP2"
"Figure_5_1","Principado De Asturias",4,81,163,5,4,"asymmetricP2"
"Figure_5_1","Aragon",3,81,165,9,4,"asymmetricP2"
"Figure_5_1","Murcia (Region de)",15,81,166,11,4,"asymmetricP2"
"Figure_5_1","Canarias",6,81,169,17,4,"asymmetricP2"
"Figure_5_1","Madrid (Comunidad De)",14,81,169,17,4,"asymmetricP2"
"Figure_5_1","Castilla Y Leon",8,81,217,5,4,"typeIc"
"Figure_5_1","Extremadura",12,81,325,5,4,"mori2006"
"Figure_5_1","Galicia",13,81,327,9,4,"mori2006"
"Figure_5_1","Navarra (Comunidad Foral De)",16,82,1,5,4,"symmetricP1"
"Figure_5_1","Castilla-La Mancha",9,82,100,5,9,"symmetricP2"
"Figure_5_1","Madrid (Comunidad De)",14,82,104,13,9,"symmetricP2"
"Figure_5_1","Canarias",6,82,106,17,9,"symmetricP2"
"Figure_5_1","Spain (Espana)",1,82,109,5,4,"asymmetricP1"
"Figure_5_1","Galicia",13,82,110,7,4,"asymmetricP1"
"Figure_5_1","Comunidad Valenciana",11,82,163,5,4,"asymmetricP2"
"Figure_5_1","Principado De Asturias",4,82,163,5,4,"asymmetricP2"
"Figure_5_1","Rioja (La)",18,82,164,7,4,"asymmetricP2"
"Figure_5_1","Andalucia",2,82,165,9,4,"asymmetricP2"
"Figure_5_1","Aragon",3,82,165,9,4,"asymmetricP2"
"Figure_5_1","Murcia (Region de)",15,82,166,11,4,"asymmetricP2"
"Figure_5_1","Castilla Y Leon",8,82,217,5,4,"typeIc"
"Figure_5_1","Cantabria",7,82,325,5,4,"mori2006"
"Figure_5_1","Extremadura",12,82,325,5,4,"mori2006"
"Figure_5_1","Navarra (Comunidad Foral De)",16,83,1,5,4,"symmetricP1"
"Figure_5_1","Aragon",3,83,13,11,5,"symmetricP1"
"Figure_5_1","Cataluna",10,83,100,5,9,"symmetricP2"
"Figure_5_1","Spain (Espana)",1,83,109,5,4,"asymmetricP1"
"Figure_5_1","Galicia",13,83,110,7,4,"asymmetricP1"
"Figure_5_1","Castilla Y Leon",8,83,163,5,4,"asymmetricP2"
"Figure_5_1","Castilla-La Mancha",9,83,163,5,4,"asymmetricP2"
"Figure_5_1","Principado De Asturias",4,83,163,5,4,"asymmetricP2"
"Figure_5_1","Cantabria",7,83,164,7,4,"asymmetricP2"
"Figure_5_1","Rioja (La)",18,83,164,7,4,"asymmetricP2"
"Figure_5_1","Andalucia",2,83,165,9,4,"asymmetricP2"
"Figure_5_1","Murcia (Region de)",15,83,166,11,4,"asymmetricP2"
"Figure_5_1","Canarias",6,83,169,17,4,"asymmetricP2"
"Figure_5_1","Madrid (Comunidad De)",14,83,169,17,4,"asymmetricP2"
"Figure_5_1","Extremadura",12,83,325,5,4,"mori2006"
"Figure_5_1","Cataluna",10,84,100,5,9,"symmetricP2"
"Figure_5_1","Rioja (La)",18,84,100,5,9,"symmetricP2"
"Figure_5_1","Canarias",6,84,106,17,9,"symmetricP2"
"Figure_5_1","Spain (Espana)",1,84,109,5,4,"asymmetricP1"
"Figure_5_1","Galicia",13,84,110,7,4,"asymmetricP1"
"Figure_5_1","Castilla-La Mancha",9,84,163,5,4,"asymmetricP2"
"Figure_5_1","Comunidad Valenciana",11,84,163,5,4,"asymmetricP2"
"Figure_5_1","Principado De Asturias",4,84,163,5,4,"asymmetricP2"
"Figure_5_1","Cantabria",7,84,164,7,4,"asymmetricP2"
"Figure_5_1","Aragon",3,84,165,9,4,"asymmetricP2"
"Figure_5_1","Murcia (Region de)",15,84,166,11,4,"asymmetricP2"
"Figure_5_1","Madrid (Comunidad De)",14,84,169,17,4,"asymmetricP2"
"Figure_5_1","Andalucia",2,84,225,21,4,"typeIc"
"Figure_5_1","Navarra (Comunidad Foral De)",16,84,325,5,4,"mori2006"
"Figure_5_1","Castilla Y Leon",8,84,328,11,4,"mori2006"
"Figure_5_1","Navarra (Comunidad Foral De)",16,85,1,5,4,"symmetricP1"
"Figure_5_1","Aragon",3,85,13,11,5,"symmetricP1"
"Figure_5_1","Andalucia",2,85,18,21,5,"symmetricP1"
"Figure_5_1","Castilla-La Mancha",9,85,100,5,9,"symmetricP2"
"Figure_5_1","Cataluna",10,85,100,5,9,"symmetricP2"
"Figure_5_1","Cantabria",7,85,101,7,9,"symmetricP2"
"Figure_5_1","Extremadura",12,85,104,13,9,"symmetricP2"
"Figure_5_1","Spain (Espana)",1,85,109,5,4,"asymmetricP1"
"Figure_5_1","Castilla Y Leon",8,85,163,5,4,"asymmetricP2"
"Figure_5_1","Principado De Asturias",4,85,163,5,4,"asymmetricP2"
"Figure_5_1","Rioja (La)",18,85,163,5,4,"asymmetricP2"
"Figure_5_1","Comunidad Valenciana",11,85,164,7,4,"asymmetricP2"
"Figure_5_1","Murcia (Region de)",15,85,166,11,4,"asymmetricP2"
"Figure_5_1","Canarias",6,85,169,17,4,"asymmetricP2"
"Figure_5_1","Madrid (Comunidad De)",14,85,330,15,4,"mori2006"
"Figure_5_1","Navarra (Comunidad Foral De)",16,86,1,5,4,"symmetricP1"
"Figure_5_1","Andalucia",2,86,18,21,5,"symmetricP1"
"Figure_5_1","Spain (Espana)",1,86,100,5,9,"symmetricP2"
"Figure_5_1","Cantabria",7,86,101,7,9,"symmetricP2"
"Figure_5_1","Principado De Asturias",4,86,109,5,4,"asymmetricP1"
"Figure_5_1","Aragon",3,86,110,7,4,"asymmetricP1"
"Figure_5_1","Galicia",13,86,110,7,4,"asymmetricP1"
"Figure_5_1","Castilla Y Leon",8,86,163,5,4,"asymmetricP2"
"Figure_5_1","Castilla-La Mancha",9,86,163,5,4,"asymmetricP2"
"Figure_5_1","Rioja (La)",18,86,164,7,4,"asymmetricP2"
"Figure_5_1","Murcia (Region de)",15,86,166,11,4,"asymmetricP2"
"Figure_5_1","Canarias",6,86,169,17,4,"asymmetricP2"
"Figure_5_1","Cataluna",10,86,325,5,4,"mori2006"
"Figure_5_1","Comunidad Valenciana",11,86,325,5,4,"mori2006"
"Figure_5_1","Extremadura",12,86,325,5,4,"mori2006"
"Figure_5_1","Navarra (Comunidad Foral De)",16,87,1,5,4,"symmetricP1"
"Figure_5_1","Cataluna",10,87,100,5,9,"symmetricP2"
"Figure_5_1","Canarias",6,87,101,7,9,"symmetricP2"
"Figure_5_1","Comunidad Valenciana",11,87,101,7,9,"symmetricP2"
"Figure_5_1","Castilla Y Leon",8,87,103,11,9,"symmetricP2"
"Figure_5_1","Principado De Asturias",4,87,109,5,4,"asymmetricP1"
"Figure_5_1","Spain (Espana)",1,87,109,5,4,"asymmetricP1"
"Figure_5_1","Galicia",13,87,110,7,4,"asymmetricP1"
"Figure_5_1","Castilla-La Mancha",9,87,163,5,4,"asymmetricP2"
"Figure_5_1","Cantabria",7,87,164,7,4,"asymmetricP2"
"Figure_5_1","Rioja (La)",18,87,164,7,4,"asymmetricP2"
"Figure_5_1","Aragon",3,87,165,9,4,"asymmetricP2"
"Figure_5_1","Madrid (Comunidad De)",14,87,169,17,4,"asymmetricP2"
"Figure_5_1","Andalucia",2,87,224,19,4,"typeIc"
"Figure_5_1","Extremadura",12,87,325,5,4,"mori2006"
"Figure_5_1","Aragon",3,88,13,11,5,"symmetricP1"
"Figure_5_1","Cantabria",7,88,101,7,9,"symmetricP2"
"Figure_5_1","Canarias",6,88,106,17,9,"symmetricP2"
"Figure_5_1","Principado De Asturias",4,88,109,5,4,"asymmetricP1"
"Figure_5_1","Spain (Espana)",1,88,109,5,4,"asymmetricP1"
"Figure_5_1","Cataluna",10,88,110,7,4,"asymmetricP1"
"Figure_5_1","Galicia",13,88,110,7,4,"asymmetricP1"
"Figure_5_1","Castilla Y Leon",8,88,163,5,4,"asymmetricP2"
"Figure_5_1","Castilla-La Mancha",9,88,163,5,4,"asymmetricP2"
"Figure_5_1","Comunidad Valenciana",11,88,164,7,4,"asymmetricP2"
"Figure_5_1","Andalucia",2,88,165,9,4,"asymmetricP2"
"Figure_5_1","Murcia (Region de)",15,88,166,11,4,"asymmetricP2"
"Figure_5_1","Madrid (Comunidad De)",14,88,169,17,4,"asymmetricP2"
"Figure_5_1","Rioja (La)",18,88,218,7,4,"typeIc"
"Figure_5_1","Extremadura",12,88,325,5,4,"mori2006"
"Figure_5_1","Navarra (Comunidad Foral De)",16,89,1,5,4,"symmetricP1"
"Figure_5_1","Castilla-La Mancha",9,89,100,5,9,"symmetricP2"
"Figure_5_1","Cataluna",10,89,100,5,9,"symmetricP2"
"Figure_5_1","Comunidad Valenciana",11,89,101,7,9,"symmetricP2"
"Figure_5_1","Principado De Asturias",4,89,109,5,4,"asymmetricP1"
"Figure_5_1","Spain (Espana)",1,89,109,5,4,"asymmetricP1"
"Figure_5_1","Galicia",13,89,110,7,4,"asymmetricP1"
"Figure_5_1","Murcia (Region de)",15,89,163,5,4,"asymmetricP2"
"Figure_5_1","Cantabria",7,89,164,7,4,"asymmetricP2"
"Figure_5_1","Aragon",3,89,165,9,4,"asymmetricP2"
"Figure_5_1","Canarias",6,89,169,17,4,"asymmetricP2"
"Figure_5_1","Andalucia",2,89,225,21,4,"typeIc"
"Figure_5_1","Extremadura",12,89,325,5,4,"mori2006"
"Figure_5_1","Castilla Y Leon",8,89,328,11,4,"mori2006"
"Figure_5_1","Madrid (Comunidad De)",14,89,330,15,4,"mori2006"
"Figure_5_1","Navarra (Comunidad Foral De)",16,90,1,5,4,"symmetricP1"
"Figure_5_1","Aragon",3,90,13,11,5,"symmetricP1"
"Figure_5_1","Rioja (La)",18,90,101,7,9,"symmetricP2"
"Figure_5_1","Principado De Asturias",4,90,105,15,9,"symmetricP2"
"Figure_5_1","Murcia (Region de)",15,90,109,5,4,"asymmetricP1"
"Figure_5_1","Spain (Espana)",1,90,109,5,4,"asymmetricP1"
"Figure_5_1","Cataluna",10,90,110,7,4,"asymmetricP1"
"Figure_5_1","Andalucia",2,90,115,17,4,"asymmetricP1"
"Figure_5_1","Comunidad Valenciana",11,90,163,5,4,"asymmetricP2"
"Figure_5_1","Baleares (Islas)",5,90,169,17,4,"asymmetricP2"
"Figure_5_1","Castilla-La Mancha",9,90,171,21,4,"asymmetricP2"
"Figure_5_1","Castilla Y Leon",8,90,217,5,4,"typeIc"
"Figure_5_1","Extremadura",12,90,325,5,4,"mori2006"
"Figure_5_1","Madrid (Comunidad De)",14,90,330,15,4,"mori2006"
"Figure_5_1","Galicia",13,90,331,17,4,"mori2006"
"Figure_5_1","Navarra (Comunidad Foral De)",16,91,1,5,4,"symmetricP1"
"Figure_5_1","Aragon",3,91,13,11,5,"symmetricP1"
"Figure_5_1","Extremadura",12,91,15,15,5,"symmetricP1"
"Figure_5_1","Cataluna",10,91,100,5,9,"symmetricP2"
"Figure_5_1","Galicia",13,91,100,5,9,"symmetricP2"
"Figure_5_1","Cantabria",7,91,101,7,9,"symmetricP2"
"Figure_5_1","Andalucia",2,91,106,17,9,"symmetricP2"
"Figure_5_1","Baleares (Islas)",5,91,106,17,9,"symmetricP2"
"Figure_5_1","Spain (Espana)",1,91,109,5,4,"asymmetricP1"
"Figure_5_1","Rioja (La)",18,91,110,7,4,"asymmetricP1"
"Figure_5_1","Comunidad Valenciana",11,91,163,5,4,"asymmetricP2"
"Figure_5_1","Murcia (Region de)",15,91,163,5,4,"asymmetricP2"
"Figure_5_1","Principado De Asturias",4,91,168,15,4,"asymmetricP2"
"Figure_5_1","Castilla-La Mancha",9,91,325,5,4,"mori2006"
"Figure_5_1","Madrid (Comunidad De)",14,91,330,15,4,"mori2006"
"Figure_5_1","Navarra (Comunidad Foral De)",16,92,1,5,4,"symmetricP1"
"Figure_5_1","Cataluna",10,92,100,5,9,"symmetricP2"
"Figure_5_1","Galicia",13,92,100,5,9,"symmetricP2"
"Figure_5_1","Comunidad Valenciana",11,92,101,7,9,"symmetricP2"
"Figure_5_1","Rioja (La)",18,92,101,7,9,"symmetricP2"
"Figure_5_1","Principado De Asturias",4,92,105,15,9,"symmetricP2"
"Figure_5_1","Spain (Espana)",1,92,109,5,4,"asymmetricP1"
"Figure_5_1","Murcia (Region de)",15,92,112,11,4,"asymmetricP1"
"Figure_5_1","Castilla Y Leon",8,92,163,5,4,"asymmetricP2"
"Figure_5_1","Cantabria",7,92,164,7,4,"asymmetricP2"
"Figure_5_1","Aragon",3,92,165,9,4,"asymmetricP2"
"Figure_5_1","Andalucia",2,92,169,17,4,"asymmetricP2"
"Figure_5_1","Baleares (Islas)",5,92,169,17,4,"asymmetricP2"
"Figure_5_1","Extremadura",12,92,325,5,4,"mori2006"
"Figure_5_1","Madrid (Comunidad De)",14,92,330,15,4,"mori2006"
"Figure_5_1","Comunidad Valenciana",11,93,1,5,4,"symmetricP1"
"Figure_5_1","Navarra (Comunidad Foral De)",16,93,1,5,4,"symmetricP1"
"Figure_5_1","Galicia",13,93,100,5,9,"symmetricP2"
"Figure_5_1","Rioja (La)",18,93,101,7,9,"symmetricP2"
"Figure_5_1","Madrid (Comunidad De)",14,93,104,13,9,"symmetricP2"
"Figure_5_1","Murcia (Region de)",15,93,109,5,4,"asymmetricP1"
"Figure_5_1","Spain (Espana)",1,93,109,5,4,"asymmetricP1"
"Figure_5_1","Aragon",3,93,165,9,4,"asymmetricP2"
"Figure_5_1","Baleares (Islas)",5,93,169,17,4,"asymmetricP2"
"Figure_5_1","Castilla-La Mancha",9,93,171,21,4,"asymmetricP2"
"Figure_5_1","Castilla Y Leon",8,93,217,5,4,"typeIc"
"Figure_5_1","Principado De Asturias",4,93,217,5,4,"typeIc"
"Figure_5_1","Cantabria",7,93,325,5,4,"mori2006"
"Figure_5_1","Extremadura",12,93,325,5,4,"mori2006"
"Figure_5_1","Andalucia",2,93,331,17,4,"mori2006"
"Figure_5_1","Navarra (Comunidad Foral De)",16,94,1,5,4,"symmetricP1"
"Figure_5_1","Aragon",3,94,13,11,5,"symmetricP1"
"Figure_5_1","Cataluna",10,94,100,5,9,"symmetricP2"
"Figure_5_1","Galicia",13,94,100,5,9,"symmetricP2"
"Figure_5_1","Castilla-La Mancha",9,94,109,5,4,"asymmetricP1"
"Figure_5_1","Castilla Y Leon",8,94,163,5,4,"asymmetricP2"
"Figure_5_1","Murcia (Region de)",15,94,163,5,4,"asymmetricP2"
"Figure_5_1","Rioja (La)",18,94,163,5,4,"asymmetricP2"
"Figure_5_1","Cantabria",7,94,164,7,4,"asymmetricP2"
"Figure_5_1","Andalucia",2,94,165,9,4,"asymmetricP2"
"Figure_5_1","Principado De Asturias",4,94,168,15,4,"asymmetricP2"
"Figure_5_1","Baleares (Islas)",5,94,169,17,4,"asymmetricP2"
"Figure_5_1","Spain (Espana)",1,94,217,5,4,"typeIc"
"Figure_5_1","Extremadura",12,94,325,5,4,"mori2006"
"Figure_5_1","Madrid (Comunidad De)",14,94,330,15,4,"mori2006"
"Figure_5_1","Navarra (Comunidad Foral De)",16,95,1,5,4,"symmetricP1"
"Figure_5_1","Cataluna",10,95,100,5,9,"symmetricP2"
"Figure_5_1","Rioja (La)",18,95,100,5,9,"symmetricP2"
"Figure_5_1","Comunidad Valenciana",11,95,101,7,9,"symmetricP2"
"Figure_5_1","Principado De Asturias",4,95,105,15,9,"symmetricP2"
"Figure_5_1","Spain (Espana)",1,95,109,5,4,"asymmetricP1"
"Figure_5_1","Galicia",13,95,110,7,4,"asymmetricP1"
"Figure_5_1","Andalucia",2,95,117,21,4,"asymmetricP1"
"Figure_5_1","Castilla-La Mancha",9,95,163,5,4,"asymmetricP2"
"Figure_5_1","Aragon",3,95,164,7,4,"asymmetricP2"
"Figure_5_1","Cantabria",7,95,164,7,4,"asymmetricP2"
"Figure_5_1","Murcia (Region de)",15,95,166,11,4,"asymmetricP2"
"Figure_5_1","Baleares (Islas)",5,95,169,17,4,"asymmetricP2"
"Figure_5_1","Castilla Y Leon",8,95,328,11,4,"mori2006"
"Figure_5_1","Madrid (Comunidad De)",14,95,330,15,4,"mori2006"
"Figure_5_1","Navarra (Comunidad Foral De)",16,96,1,5,4,"symmetricP1"
"Figure_5_1","Aragon",3,96,13,11,5,"symmetricP1"
"Figure_5_1","Andalucia",2,96,18,21,5,"symmetricP1"
"Figure_5_1","Castilla Y Leon",8,96,100,5,9,"symmetricP2"
"Figure_5_1","Cataluna",10,96,100,5,9,"symmetricP2"
"Figure_5_1","Cantabria",7,96,101,7,9,"symmetricP2"
"Figure_5_1","Extremadura",12,96,104,13,9,"symmetricP2"
"Figure_5_1","Principado De Asturias",4,96,105,15,9,"symmetricP2"
"Figure_5_1","Spain (Espana)",1,96,109,5,4,"asymmetricP1"
"Figure_5_1","Castilla-La Mancha",9,96,163,5,4,"asymmetricP2"
"Figure_5_1","Murcia (Region de)",15,96,163,5,4,"asymmetricP2"
"Figure_5_1","Comunidad Valenciana",11,96,164,7,4,"asymmetricP2"
"Figure_5_1","Rioja (La)",18,96,165,9,4,"asymmetricP2"
"Figure_5_1","Baleares (Islas)",5,96,169,17,4,"asymmetricP2"
"Figure_5_1","Madrid (Comunidad De)",14,96,169,17,4,"asymmetricP2"
"Figure_5_1","Cataluna",10,97,1,5,4,"symmetricP1"
"Figure_5_1","Navarra (Comunidad Foral De)",16,97,1,5,4,"symmetricP1"
"Figure_5_1","Rioja (La)",18,97,11,7,5,"symmetricP1"
"Figure_5_1","Galicia",13,97,100,5,9,"symmetricP2"
"Figure_5_1","Principado De Asturias",4,97,100,5,9,"symmetricP2"
"Figure_5_1","Murcia (Region de)",15,97,109,5,4,"asymmetricP1"
"Figure_5_1","Spain (Espana)",1,97,109,5,4,"asymmetricP1"
"Figure_5_1","Castilla Y Leon",8,97,163,5,4,"asymmetricP2"
"Figure_5_1","Cantabria",7,97,164,7,4,"asymmetricP2"
"Figure_5_1","Andalucia",2,97,169,17,4,"asymmetricP2"
"Figure_5_1","Baleares (Islas)",5,97,169,17,4,"asymmetricP2"
"Figure_5_1","Aragon",3,97,225,21,4,"typeIc"
"Figure_5_1","Castilla-La Mancha",9,97,325,5,4,"mori2006"
"Figure_5_1","Comunidad Valenciana",11,97,325,5,4,"mori2006"
"Figure_5_1","Extremadura",12,97,325,5,4,"mori2006"
"Figure_5_1","Cantabria",7,98,1,5,4,"symmetricP1"
"Figure_5_1","Navarra (Comunidad Foral De)",16,98,1,5,4,"symmetricP1"
"Figure_5_1","Rioja (La)",18,98,11,7,5,"symmetricP1"
"Figure_5_1","Aragon",3,98,13,11,5,"symmetricP1"
"Figure_5_1","Cataluna",10,98,100,5,9,"symmetricP2"
"Figure_5_1","Galicia",13,98,100,5,9,"symmetricP2"
"Figure_5_1","Spain (Espana)",1,98,109,5,4,"asymmetricP1"
"Figure_5_1","Comunidad Valenciana",11,98,164,7,4,"asymmetricP2"
"Figure_5_1","Principado De Asturias",4,98,168,15,4,"asymmetricP2"
"Figure_5_1","Andalucia",2,98,169,17,4,"asymmetricP2"
"Figure_5_1","Baleares (Islas)",5,98,169,17,4,"asymmetricP2"
"Figure_5_1","Castilla-La Mancha",9,98,171,21,4,"asymmetricP2"
"Figure_5_1","Extremadura",12,98,325,5,4,"mori2006"
"Figure_5_1","Castilla Y Leon",8,98,328,11,4,"mori2006"
"Figure_5_1","Madrid (Comunidad De)",14,98,330,15,4,"mori2006"
"Figure_5_1","Cantabria",7,99,1,5,4,"symmetricP1"
"Figure_5_1","Aragon",3,99,13,11,5,"symmetricP1"
"Figure_5_1","Galicia",13,99,100,5,9,"symmetricP2"
"Figure_5_1","Rioja (La)",18,99,100,5,9,"symmetricP2"
"Figure_5_1","Principado De Asturias",4,99,105,15,9,"symmetricP2"
"Figure_5_1","Castilla-La Mancha",9,99,109,5,4,"asymmetricP1"
"Figure_5_1","Murcia (Region de)",15,99,109,5,4,"asymmetricP1"
"Figure_5_1","Spain (Espana)",1,99,109,5,4,"asymmetricP1"
"Figure_5_1","Cataluna",10,99,110,7,4,"asymmetricP1"
"Figure_5_1","Castilla Y Leon",8,99,163,5,4,"asymmetricP2"
"Figure_5_1","Comunidad Valenciana",11,99,163,5,4,"asymmetricP2"
"Figure_5_1","Andalucia",2,99,169,17,4,"asymmetricP2"
"Figure_5_1","Baleares (Islas)",5,99,169,17,4,"asymmetricP2"
"Figure_5_1","Extremadura",12,99,325,5,4,"mori2006"
"Figure_5_1","Madrid (Comunidad De)",14,99,330,15,4,"mori2006"
"Figure_5_2","Idaho",8,10,1,5,4,"symmetricP1"
"Figure_5_2","Colorado",4,10,11,7,5,"symmetricP1"
"Figure_5_2","West Virginia",37,10,11,7,5,"symmetricP1"
"Figure_5_2","Mississippi",17,10,12,9,5,"symmetricP1"
"Figure_5_2","North Carolina",24,10,12,9,5,"symmetricP1"
"Figure_5_2","Tennessee",32,10,13,11,5,"symmetricP1"
"Figure_5_2","Delaware",6,10,100,5,9,"symmetricP2"
"Figure_5_2","Montana",19,10,100,5,9,"symmetricP2"
"Figure_5_2","Vermont",35,10,100,5,9,"symmetricP2"
"Figure_5_2","Kentucky",13,10,101,7,9,"symmetricP2"
"Figure_5_2","South Carolina",30,10,101,7,9,"symmetricP2"
"Figure_5_2","South Dakota",31,10,101,7,9,"symmetricP2"
"Figure_5_2","North Dakota",25,10,102,9,9,"symmetricP2"
"Figure_5_2","Iowa",11,10,109,5,4,"asymmetricP1"
"Figure_5_2","Kansas",12,10,109,5,4,"asymmetricP1"
"Figure_5_2","Nebraska",20,10,109,5,4,"asymmetricP1"
"Figure_5_2","Utah",34,10,109,5,4,"asymmetricP1"
"Figure_5_2","Wyoming",39,10,109,5,4,"asymmetricP1"
"Figure_5_2","Missouri",18,10,110,7,4,"asymmetricP1"
"Figure_5_2","Oklahoma",27,10,110,7,4,"asymmetricP1"
"Figure_5_2","Minnesota",16,10,114,15,4,"asymmetricP1"
"Figure_5_2","Maine",15,10,163,5,4,"asymmetricP2"
"Figure_5_2","Wisconsin",38,10,163,5,4,"asymmetricP2"
"Figure_5_2","Alabama",1,10,165,9,4,"asymmetricP2"
"Figure_5_2","Arkansas",2,10,165,9,4,"asymmetricP2"
"Figure_5_2","Louisiana",14,10,165,9,4,"asymmetricP2"
"Figure_5_2","Indiana",10,10,217,5,4,"typeIc"
"Figure_5_2","Rhode Island",29,10,218,7,4,"typeIc"
"Figure_5_2","Georgia",7,10,219,9,4,"typeIc"
"Figure_5_2","Pennsylvania",28,10,220,11,4,"typeIc"
"Figure_5_2","Ohio",26,10,221,13,4,"typeIc"
"Figure_5_2","Texas",33,10,225,21,4,"typeIc"
"Figure_5_2","New Mexico",23,10,326,7,4,"mori2006"
"Figure_5_2","New Hampshire",22,10,327,9,4,"mori2006"
"Figure_5_2","Connecticut",5,10,330,15,4,"mori2006"
"Figure_5_2","Nevada",21,10,331,17,4,"mori2006"
"Figure_5_2","Virginia",36,10,333,21,4,"mori2006"
"Figure_5_2","Delaware",6,11,1,5,4,"symmetricP1"
"Figure_5_2","Idaho",8,11,1,5,4,"symmetricP1"
"Figure_5_2","South Carolina",30,11,11,7,5,"symmetricP1"
"Figure_5_2","Mississippi",17,11,12,9,5,"symmetricP1"
"Figure_5_2","Tennessee",32,11,13,11,5,"symmetricP1"
"Figure_5_2","Vermont",35,11,100,5,9,"symmetricP2"
"Figure_5_2","Virginia",36,11,100,5,9,"symmetricP2"
"Figure_5_2","Kentucky",13,11,101,7,9,"symmetricP2"
"Figure_5_2","South Dakota",31,11,101,7,9,"symmetricP2"
"Figure_5_2","Louisiana",14,11,102,9,9,"symmetricP2"
"Figure_5_2","Colorado",4,11,109,5,4,"asymmetricP1"
"Figure_5_2","Kansas",12,11,109,5,4,"asymmetricP1"
"Figure_5_2","Nebraska",20,11,109,5,4,"asymmetricP1"
"Figure_5_2","Utah",34,11,109,5,4,"asymmetricP1"
"Figure_5_2","Missouri",18,11,110,7,4,"asymmetricP1"
"Figure_5_2","New Mexico",23,11,110,7,4,"asymmetricP1"
"Figure_5_2","Oklahoma",27,11,110,7,4,"asymmetricP1"
"Figure_5_2","Pennsylvania",28,11,112,11,4,"asymmetricP1"
"Figure_5_2","Minnesota",16,11,114,15,4,"asymmetricP1"
"Figure_5_2","Texas",33,11,115,17,4,"asymmetricP1"
"Figure_5_2","Maine",15,11,163,5,4,"asymmetricP2"
"Figure_5_2","Wisconsin",38,11,163,5,4,"asymmetricP2"
"Figure_5_2","Wyoming",39,11,163,5,4,"asymmetricP2"
"Figure_5_2","Alabama",1,11,165,9,4,"asymmetricP2"
"Figure_5_2","Arkansas",2,11,165,9,4,"asymmetricP2"
"Figure_5_2","North Dakota",25,11,165,9,4,"asymmetricP2"
"Figure_5_2","West Virginia",37,11,166,11,4,"asymmetricP2"
"Figure_5_2","North Carolina",24,11,217,5,4,"typeIc"
"Figure_5_2","Iowa",11,11,218,7,4,"typeIc"
"Figure_5_2","Rhode Island",29,11,218,7,4,"typeIc"
"Figure_5_2","Georgia",7,11,219,9,4,"typeIc"
"Figure_5_2","Montana",19,11,220,11,4,"typeIc"
"Figure_5_2","Ohio",26,11,221,13,4,"typeIc"
"Figure_5_2","Illinois",9,11,223,17,4,"typeIc"
"Figure_5_2","New Hampshire",22,11,325,5,4,"mori2006"
"Figure_5_2","Connecticut",5,11,330,15,4,"mori2006"
"Figure_5_2","Nevada",21,11,331,17,4,"mori2006"
"Figure_5_2","Idaho",8,12,1,5,4,"symmetricP1"
"Figure_5_2","South Carolina",30,12,11,7,5,"symmetricP1"
"Figure_5_2","Mississippi",17,12,12,9,5,"symmetricP1"
"Figure_5_2","North Carolina",24,12,12,9,5,"symmetricP1"
"Figure_5_2","North Dakota",25,12,12,9,5,"symmetricP1"
"Figure_5_2","Tennessee",32,12,13,11,5,"symmetricP1"
"Figure_5_2","Delaware",6,12,100,5,9,"symmetricP2"
"Figure_5_2","Vermont",35,12,100,5,9,"symmetricP2"
"Figure_5_2","Wisconsin",38,12,100,5,9,"symmetricP2"
"Figure_5_2","South Dakota",31,12,101,7,9,"symmetricP2"
"Figure_5_2","Louisiana",14,12,102,9,9,"symmetricP2"
"Figure_5_2","Colorado",4,12,109,5,4,"asymmetricP1"
"Figure_5_2","Connecticut",5,12,109,5,4,"asymmetricP1"
"Figure_5_2","Kansas",12,12,109,5,4,"asymmetricP1"
"Figure_5_2","Missouri",18,12,110,7,4,"asymmetricP1"
"Figure_5_2","Oklahoma",27,12,110,7,4,"asymmetricP1"
"Figure_5_2","Pennsylvania",28,12,112,11,4,"asymmetricP1"
"Figure_5_2","Illinois",9,12,113,13,4,"asymmetricP1"
"Figure_5_2","Minnesota",16,12,114,15,4,"asymmetricP1"
"Figure_5_2","Maine",15,12,163,5,4,"asymmetricP2"
"Figure_5_2","Alabama",1,12,165,9,4,"asymmetricP2"
"Figure_5_2","Arkansas",2,12,165,9,4,"asymmetricP2"
"Figure_5_2","Indiana",10,12,217,5,4,"typeIc"
"Figure_5_2","Utah",34,12,217,5,4,"typeIc"
"Figure_5_2","Wyoming",39,12,217,5,4,"typeIc"
"Figure_5_2","Rhode Island",29,12,218,7,4,"typeIc"
"Figure_5_2","Georgia",7,12,219,9,4,"typeIc"
"Figure_5_2","Montana",19,12,220,11,4,"typeIc"
"Figure_5_2","Ohio",26,12,221,13,4,"typeIc"
"Figure_5_2","Kentucky",13,12,222,15,4,"typeIc"
"Figure_5_2","Texas",33,12,223,17,4,"typeIc"
"Figure_5_2","Nebraska",20,12,325,5,4,"mori2006"
"Figure_5_2","New Mexico",23,12,326,7,4,"mori2006"
"Figure_5_2","West Virginia",37,12,326,7,4,"mori2006"
"Figure_5_2","New Hampshire",22,12,327,9,4,"mori2006"
"Figure_5_2","Nevada",21,12,331,17,4,"mori2006"
"Figure_5_2","Virginia",36,12,333,21,4,"mori2006"
"Figure_5_2","Idaho",8,13,1,5,4,"symmetricP1"
"Figure_5_2","Ohio",26,13,1,5,4,"symmetricP1"
"Figure_5_2","Delaware",6,13,11,7,5,"symmetricP1"
"Figure_5_2","Mississippi",17,13,12,9,5,"symmetricP1"
"Figure_5_2","North Carolina",24,13,12,9,5,"symmetricP1"
"Figure_5_2","North Dakota",25,13,12,9,5,"symmetricP1"
"Figure_5_2","Tennessee",32,13,13,11,5,"symmetricP1"
"Figure_5_2","Vermont",35,13,100,5,9,"symmetricP2"
"Figure_5_2","Wisconsin",38,13,100,5,9,"symmetricP2"
"Figure_5_2","Kentucky",13,13,101,7,9,"symmetricP2"
"Figure_5_2","South Carolina",30,13,101,7,9,"symmetricP2"
"Figure_5_2","Colorado",4,13,109,5,4,"asymmetricP1"
"Figure_5_2","Iowa",11,13,109,5,4,"asymmetricP1"
"Figure_5_2","Nebraska",20,13,109,5,4,"asymmetricP1"
"Figure_5_2","Oklahoma",27,13,109,5,4,"asymmetricP1"
"Figure_5_2","Utah",34,13,109,5,4,"asymmetricP1"
"Figure_5_2","Illinois",9,13,112,11,4,"asymmetricP1"
"Figure_5_2","Pennsylvania",28,13,112,11,4,"asymmetricP1"
"Figure_5_2","Minnesota",16,13,114,15,4,"asymmetricP1"
"Figure_5_2","Maine",15,13,163,5,4,"asymmetricP2"
"Figure_5_2","West Virginia",37,13,164,7,4,"asymmetricP2"
"Figure_5_2","Alabama",1,13,165,9,4,"asymmetricP2"
"Figure_5_2","Arkansas",2,13,165,9,4,"asymmetricP2"
"Figure_5_2","Louisiana",14,13,165,9,4,"asymmetricP2"
"Figure_5_2","Nevada",21,13,165,9,4,"asymmetricP2"
"Figure_5_2","Indiana",10,13,217,5,4,"typeIc"
"Figure_5_2","Wyoming",39,13,217,5,4,"typeIc"
"Figure_5_2","Missouri",18,13,218,7,4,"typeIc"
"Figure_5_2","Rhode Island",29,13,218,7,4,"typeIc"
"Figure_5_2","Montana",19,13,219,9,4,"typeIc"
"Figure_5_2","Texas",33,13,225,21,4,"typeIc"
"Figure_5_2","Georgia",7,13,325,5,4,"mori2006"
"Figure_5_2","New Mexico",23,13,326,7,4,"mori2006"
"Figure_5_2","South Dakota",31,13,326,7,4,"mori2006"
"Figure_5_2","New Hampshire",22,13,327,9,4,"mori2006"
"Figure_5_2","Connecticut",5,13,330,15,4,"mori2006"
"Figure_5_2","Virginia",36,13,333,21,4,"mori2006"
"Figure_5_2","Georgia",7,14,1,5,4,"symmetricP1"
"Figure_5_2","Idaho",8,14,1,5,4,"symmetricP1"
"Figure_5_2","Nebraska",20,14,1,5,4,"symmetricP1"
"Figure_5_2","Ohio",26,14,1,5,4,"symmetricP1"
"Figure_5_2","New Mexico",23,14,11,7,5,"symmetricP1"
"Figure_5_2","Mississippi",17,14,12,9,5,"symmetricP1"
"Figure_5_2","North Carolina",24,14,12,9,5,"symmetricP1"
"Figure_5_2","North Dakota",25,14,100,5,9,"symmetricP2"
"Figure_5_2","Vermont",35,14,100,5,9,"symmetricP2"
"Figure_5_2","South Carolina",30,14,101,7,9,"symmetricP2"
"Figure_5_2","South Dakota",31,14,101,7,9,"symmetricP2"
"Figure_5_2","Louisiana",14,14,102,9,9,"symmetricP2"
"Figure_5_2","Colorado",4,14,109,5,4,"asymmetricP1"
"Figure_5_2","Iowa",11,14,109,5,4,"asymmetricP1"
"Figure_5_2","Kansas",12,14,109,5,4,"asymmetricP1"
"Figure_5_2","Utah",34,14,109,5,4,"asymmetricP1"
"Figure_5_2","Missouri",18,14,110,7,4,"asymmetricP1"
"Figure_5_2","Oklahoma",27,14,110,7,4,"asymmetricP1"
"Figure_5_2","Pennsylvania",28,14,112,11,4,"asymmetricP1"
"Figure_5_2","Texas",33,14,115,17,4,"asymmetricP1"
"Figure_5_2","Maine",15,14,163,5,4,"asymmetricP2"
"Figure_5_2","Wisconsin",38,14,163,5,4,"asymmetricP2"
"Figure_5_2","Wyoming",39,14,163,5,4,"asymmetricP2"
"Figure_5_2","Delaware",6,14,164,7,4,"asymmetricP2"
"Figure_5_2","Alabama",1,14,165,9,4,"asymmetricP2"
"Figure_5_2","Arkansas",2,14,165,9,4,"asymmetricP2"
"Figure_5_2","West Virginia",37,14,166,11,4,"asymmetricP2"
"Figure_5_2","Indiana",10,14,217,5,4,"typeIc"
"Figure_5_2","Montana",19,14,220,11,4,"typeIc"
"Figure_5_2","Illinois",9,14,223,17,4,"typeIc"
"Figure_5_2","Virginia",36,14,325,5,4,"mori2006"
"Figure_5_2","Rhode Island",29,14,326,7,4,"mori2006"
"Figure_5_2","New Hampshire",22,14,327,9,4,"mori2006"
"Figure_5_2","Tennessee",32,14,328,11,4,"mori2006"
"Figure_5_2","Connecticut",5,14,330,15,4,"mori2006"
"Figure_5_2","Minnesota",16,14,330,15,4,"mori2006"
"Figure_5_2","Nevada",21,14,331,17,4,"mori2006"
"Figure_5_2","Idaho",8,15,1,5,4,"symmetricP1"
"Figure_5_2","North Dakota",25,15,11,7,5,"symmetricP1"
"Figure_5_2","Mississippi",17,15,12,9,5,"symmetricP1"
"Figure_5_2","North Carolina",24,15,12,9,5,"symmetricP1"
"Figure_5_2","Tennessee",32,15,13,11,5,"symmetricP1"
"Figure_5_2","Delaware",6,15,100,5,9,"symmetricP2"
"Figure_5_2","Vermont",35,15,100,5,9,"symmetricP2"
"Figure_5_2","Wisconsin",38,15,100,5,9,"symmetricP2"
"Figure_5_2","Kentucky",13,15,101,7,9,"symmetricP2"
"Figure_5_2","South Carolina",30,15,101,7,9,"symmetricP2"
"Figure_5_2","Colorado",4,15,109,5,4,"asymmetricP1"
"Figure_5_2","Iowa",11,15,109,5,4,"asymmetricP1"
"Figure_5_2","Kansas",12,15,109,5,4,"asymmetricP1"
"Figure_5_2","Nebraska",20,15,109,5,4,"asymmetricP1"
"Figure_5_2","Utah",34,15,109,5,4,"asymmetricP1"
"Figure_5_2","Missouri",18,15,110,7,4,"asymmetricP1"
"Figure_5_2","Oklahoma",27,15,110,7,4,"asymmetricP1"
"Figure_5_2","Georgia",7,15,111,9,4,"asymmetricP1"
"Figure_5_2","Illinois",9,15,112,11,4,"asymmetricP1"
"Figure_5_2","Pennsylvania",28,15,112,11,4,"asymmetricP1"
"Figure_5_2","Minnesota",16,15,114,15,4,"asymmetricP1"
"Figure_5_2","Texas",33,15,115,17,4,"asymmetricP1"
"Figure_5_2","Maine",15,15,163,5,4,"asymmetricP2"
"Figure_5_2","Alabama",1,15,165,9,4,"asymmetricP2"
"Figure_5_2","Arkansas",2,15,165,9,4,"asymmetricP2"
"Figure_5_2","South Dakota",31,15,165,9,4,"asymmetricP2"
"Figure_5_2","Indiana",10,15,217,5,4,"typeIc"
"Figure_5_2","Wyoming",39,15,217,5,4,"typeIc"
"Figure_5_2","Rhode Island",29,15,218,7,4,"typeIc"
"Figure_5_2","Montana",19,15,220,11,4,"typeIc"
"Figure_5_2","Ohio",26,15,221,13,4,"typeIc"
"Figure_5_2","New Mexico",23,15,326,7,4,"mori2006"
"Figure_5_2","West Virginia",37,15,326,7,4,"mori2006"
"Figure_5_2","New Hampshire",22,15,327,9,4,"mori2006"
"Figure_5_2","Connecticut",5,15,330,15,4,"mori2006"
"Figure_5_2","Nevada",21,15,331,17,4,"mori2006"
"Figure_5_2","Virginia",36,15,333,21,4,"mori2006"
"Figure_5_2","Idaho",8,16,1,5,4,"symmetricP1"
"Figure_5_2","North Carolina",24,16,1,5,4,"symmetricP1"
"Figure_5_2","South Carolina",30,16,11,7,5,"symmetricP1"
"Figure_5_2","Mississippi",17,16,12,9,5,"symmetricP1"
"Figure_5_2","Tennessee",32,16,13,11,5,"symmetricP1"
"Figure_5_2","Vermont",35,16,100,5,9,"symmetricP2"
"Figure_5_2","Kentucky",13,16,101,7,9,"symmetricP2"
"Figure_5_2","Louisiana",14,16,102,9,9,"symmetricP2"
"Figure_5_2","Colorado",4,16,109,5,4,"asymmetricP1"
"Figure_5_2","Iowa",11,16,109,5,4,"asymmetricP1"
"Figure_5_2","Kansas",12,16,109,5,4,"asymmetricP1"
"Figure_5_2","Utah",34,16,109,5,4,"asymmetricP1"
"Figure_5_2","Missouri",18,16,110,7,4,"asymmetricP1"
"Figure_5_2","New Mexico",23,16,110,7,4,"asymmetricP1"
"Figure_5_2","Oklahoma",27,16,110,7,4,"asymmetricP1"
"Figure_5_2","Ohio",26,16,112,11,4,"asymmetricP1"
"Figure_5_2","Pennsylvania",28,16,112,11,4,"asymmetricP1"
"Figure_5_2","Illinois",9,16,113,13,4,"asymmetricP1"
"Figure_5_2","Georgia",7,16,163,5,4,"asymmetricP2"
"Figure_5_2","Wisconsin",38,16,163,5,4,"asymmetricP2"
"Figure_5_2","Delaware",6,16,164,7,4,"asymmetricP2"
"Figure_5_2","Alabama",1,16,165,9,4,"asymmetricP2"
"Figure_5_2","Arkansas",2,16,165,9,4,"asymmetricP2"
"Figure_5_2","West Virginia",37,16,166,11,4,"asymmetricP2"
"Figure_5_2","Indiana",10,16,217,5,4,"typeIc"
"Figure_5_2","Wyoming",39,16,217,5,4,"typeIc"
"Figure_5_2","Nevada",21,16,218,7,4,"typeIc"
"Figure_5_2","Rhode Island",29,16,218,7,4,"typeIc"
"Figure_5_2","North Dakota",25,16,219,9,4,"typeIc"
"Figure_5_2","Montana",19,16,220,11,4,"typeIc"
"Figure_5_2","Texas",33,16,225,21,4,"typeIc"
"Figure_5_2","Nebraska",20,16,325,5,4,"mori2006"
"Figure_5_2","South Dakota",31,16,326,7,4,"mori2006"
"Figure_5_2","New Hampshire",22,16,327,9,4,"mori2006"
"Figure_5_2","Connecticut",5,16,330,15,4,"mori2006"
"Figure_5_2","Minnesota",16,16,330,15,4,"mori2006"
"Figure_5_2","Virginia",36,16,333,21,4,"mori2006"
"Figure_5_2","Idaho",8,17,1,5,4,"symmetricP1"
"Figure_5_2","North Carolina",24,17,1,5,4,"symmetricP1"
"Figure_5_2","North Dakota",25,17,1,5,4,"symmetricP1"
"Figure_5_2","Oklahoma",27,17,11,7,5,"symmetricP1"
"Figure_5_2","Mississippi",17,17,12,9,5,"symmetricP1"
"Figure_5_2","Tennessee",32,17,13,11,5,"symmetricP1"
"Figure_5_2","Ohio",26,17,14,13,5,"symmetricP1"
"Figure_5_2","Illinois",9,17,18,21,5,"symmetricP1"
"Figure_5_2","Delaware",6,17,100,5,9,"symmetricP2"
"Figure_5_2","Vermont",35,17,100,5,9,"symmetricP2"
"Figure_5_2","Kentucky",13,17,101,7,9,"symmetricP2"
"Figure_5_2","South Dakota",31,17,101,7,9,"symmetricP2"
"Figure_5_2","Louisiana",14,17,102,9,9,"symmetricP2"
"Figure_5_2","West Virginia",37,17,103,11,9,"symmetricP2"
"Figure_5_2","Colorado",4,17,109,5,4,"asymmetricP1"
"Figure_5_2","Kansas",12,17,109,5,4,"asymmetricP1"
"Figure_5_2","Missouri",18,17,110,7,4,"asymmetricP1"
"Figure_5_2","Connecticut",5,17,112,11,4,"asymmetricP1"
"Figure_5_2","Pennsylvania",28,17,112,11,4,"asymmetricP1"
"Figure_5_2","Iowa",11,17,163,5,4,"asymmetricP2"
"Figure_5_2","Maine",15,17,163,5,4,"asymmetricP2"
"Figure_5_2","Nebraska",20,17,163,5,4,"asymmetricP2"
"Figure_5_2","Utah",34,17,163,5,4,"asymmetricP2"
"Figure_5_2","Wisconsin",38,17,164,7,4,"asymmetricP2"
"Figure_5_2","Alabama",1,17,165,9,4,"asymmetricP2"
"Figure_5_2","Arkansas",2,17,165,9,4,"asymmetricP2"
"Figure_5_2","Indiana",10,17,217,5,4,"typeIc"
"Figure_5_2","Wyoming",39,17,217,5,4,"typeIc"
"Figure_5_2","South Carolina",30,17,218,7,4,"typeIc"
"Figure_5_2","Georgia",7,17,219,9,4,"typeIc"
"Figure_5_2","Montana",19,17,220,11,4,"typeIc"
"Figure_5_2","Texas",33,17,223,17,4,"typeIc"
"Figure_5_2","Rhode Island",29,17,325,5,4,"mori2006"
"Figure_5_2","New Mexico",23,17,326,7,4,"mori2006"
"Figure_5_2","New Hampshire",22,17,327,9,4,"mori2006"
"Figure_5_2","Nevada",21,17,331,17,4,"mori2006"
"Figure_5_2","Virginia",36,17,333,21,4,"mori2006"
"Figure_5_2","Idaho",8,18,1,5,4,"symmetricP1"
"Figure_5_2","North Dakota",25,18,1,5,4,"symmetricP1"
"Figure_5_2","Ohio",26,18,1,5,4,"symmetricP1"
"Figure_5_2","Oklahoma",27,18,11,7,5,"symmetricP1"
"Figure_5_2","South Carolina",30,18,11,7,5,"symmetricP1"
"Figure_5_2","West Virginia",37,18,11,7,5,"symmetricP1"
"Figure_5_2","Tennessee",32,18,13,11,5,"symmetricP1"
"Figure_5_2","Delaware",6,18,100,5,9,"symmetricP2"
"Figure_5_2","Montana",19,18,100,5,9,"symmetricP2"
"Figure_5_2","Vermont",35,18,100,5,9,"symmetricP2"
"Figure_5_2","Wisconsin",38,18,100,5,9,"symmetricP2"
"Figure_5_2","Kentucky",13,18,101,7,9,"symmetricP2"
"Figure_5_2","Colorado",4,18,109,5,4,"asymmetricP1"
"Figure_5_2","Iowa",11,18,109,5,4,"asymmetricP1"
"Figure_5_2","Kansas",12,18,109,5,4,"asymmetricP1"
"Figure_5_2","Utah",34,18,109,5,4,"asymmetricP1"
"Figure_5_2","New Mexico",23,18,110,7,4,"asymmetricP1"
"Figure_5_2","Pennsylvania",28,18,112,11,4,"asymmetricP1"
"Figure_5_2","Texas",33,18,115,17,4,"asymmetricP1"
"Figure_5_2","Maine",15,18,163,5,4,"asymmetricP2"
"Figure_5_2","South Dakota",31,18,164,7,4,"asymmetricP2"
"Figure_5_2","Alabama",1,18,165,9,4,"asymmetricP2"
"Figure_5_2","Arkansas",2,18,165,9,4,"asymmetricP2"
"Figure_5_2","Louisiana",14,18,165,9,4,"asymmetricP2"
"Figure_5_2","Indiana",10,18,217,5,4,"typeIc"
"Figure_5_2","Wyoming",39,18,217,5,4,"typeIc"
"Figure_5_2","Missouri",18,18,218,7,4,"typeIc"
"Figure_5_2","Rhode Island",29,18,218,7,4,"typeIc"
"Figure_5_2","Illinois",9,18,220,11,4,"typeIc"
"Figure_5_2","Georgia",7,18,325,5,4,"mori2006"
"Figure_5_2","Nebraska",20,18,325,5,4,"mori2006"
"Figure_5_2","North Carolina",24,18,325,5,4,"mori2006"
"Figure_5_2","New Hampshire",22,18,327,9,4,"mori2006"
"Figure_5_2","Connecticut",5,18,330,15,4,"mori2006"
"Figure_5_2","Minnesota",16,18,330,15,4,"mori2006"
"Figure_5_2","Nevada",21,18,331,17,4,"mori2006"
"Figure_5_2","Virginia",36,18,333,21,4,"mori2006"
"Figure_5_2","Idaho",8,19,1,5,4,"symmetricP1"
"Figure_5_2","Oklahoma",27,19,1,5,4,"symmetricP1"
"Figure_5_2","Virginia",36,19,1,5,4,"symmetricP1"
"Figure_5_2","Mississippi",17,19,12,9,5,"symmetricP1"
"Figure_5_2","North Dakota",25,19,13,11,5,"symmetricP1"
"Figure_5_2","Tennessee",32,19,13,11,5,"symmetricP1"
"Figure_5_2","Delaware",6,19,100,5,9,"symmetricP2"
"Figure_5_2","Vermont",35,19,100,5,9,"symmetricP2"
"Figure_5_2","Kentucky",13,19,101,7,9,"symmetricP2"
"Figure_5_2","South Dakota",31,19,101,7,9,"symmetricP2"
"Figure_5_2","West Virginia",37,19,103,11,9,"symmetricP2"
"Figure_5_2","Colorado",4,19,109,5,4,"asymmetricP1"
"Figure_5_2","Iowa",11,19,109,5,4,"asymmetricP1"
"Figure_5_2","Kansas",12,19,109,5,4,"asymmetricP1"
"Figure_5_2","Nebraska",20,19,109,5,4,"asymmetricP1"
"Figure_5_2","Utah",34,19,109,5,4,"asymmetricP1"
"Figure_5_2","Pennsylvania",28,19,112,11,4,"asymmetricP1"
"Figure_5_2","Illinois",9,19,113,13,4,"asymmetricP1"
"Figure_5_2","Minnesota",16,19,114,15,4,"asymmetricP1"
"Figure_5_2","Maine",15,19,163,5,4,"asymmetricP2"
"Figure_5_2","Wisconsin",38,19,164,7,4,"asymmetricP2"
"Figure_5_2","Alabama",1,19,165,9,4,"asymmetricP2"
"Figure_5_2","Arkansas",2,19,165,9,4,"asymmetricP2"
"Figure_5_2","Louisiana",14,19,165,9,4,"asymmetricP2"
"Figure_5_2","South Carolina",30,19,165,9,4,"asymmetricP2"
"Figure_5_2","Indiana",10,19,217,5,4,"typeIc"
"Figure_5_2","North Carolina",24,19,217,5,4,"typeIc"
"Figure_5_2","Wyoming",39,19,217,5,4,"typeIc"
"Figure_5_2","Rhode Island",29,19,218,7,4,"typeIc"
"Figure_5_2","Georgia",7,19,219,9,4,"typeIc"
"Figure_5_2","Montana",19,19,220,11,4,"typeIc"
"Figure_5_2","Ohio",26,19,221,13,4,"typeIc"
"Figure_5_2","Texas",33,19,225,21,4,"typeIc"
"Figure_5_2","New Mexico",23,19,326,7,4,"mori2006"
"Figure_5_2","New Hampshire",22,19,327,9,4,"mori2006"
"Figure_5_2","Connecticut",5,19,330,15,4,"mori2006"
"Figure_5_2","Nevada",21,19,331,17,4,"mori2006"
"Figure_5_2","Georgia",7,2,1,5,4,"symmetricP1"
"Figure_5_2","Idaho",8,2,1,5,4,"symmetricP1"
"Figure_5_2","Oklahoma",27,2,11,7,5,"symmetricP1"
"Figure_5_2","West Virginia",37,2,11,7,5,"symmetricP1"
"Figure_5_2","Mississippi",17,2,12,9,5,"symmetricP1"
"Figure_5_2","Tennessee",32,2,13,11,5,"symmetricP1"
"Figure_5_2","Ohio",26,2,14,13,5,"symmetricP1"
"Figure_5_2","Delaware",6,2,100,5,9,"symmetricP2"
"Figure_5_2","North Dakota",25,2,100,5,9,"symmetricP2"
"Figure_5_2","Kentucky",13,2,101,7,9,"symmetricP2"
"Figure_5_2","South Dakota",31,2,101,7,9,"symmetricP2"
"Figure_5_2","Colorado",4,2,109,5,4,"asymmetricP1"
"Figure_5_2","Iowa",11,2,109,5,4,"asymmetricP1"
"Figure_5_2","Kansas",12,2,109,5,4,"asymmetricP1"
"Figure_5_2","Missouri",18,2,110,7,4,"asymmetricP1"
"Figure_5_2","Illinois",9,2,112,11,4,"asymmetricP1"
"Figure_5_2","Maine",15,2,163,5,4,"asymmetricP2"
"Figure_5_2","Wisconsin",38,2,164,7,4,"asymmetricP2"
"Figure_5_2","Louisiana",14,2,165,9,4,"asymmetricP2"
"Figure_5_2","Nevada",21,2,165,9,4,"asymmetricP2"
"Figure_5_2","Arkansas",2,2,167,13,4,"asymmetricP2"
"Figure_5_2","Indiana",10,2,217,5,4,"typeIc"
"Figure_5_2","Utah",34,2,217,5,4,"typeIc"
"Figure_5_2","Wyoming",39,2,217,5,4,"typeIc"
"Figure_5_2","Rhode Island",29,2,218,7,4,"typeIc"
"Figure_5_2","South Carolina",30,2,218,7,4,"typeIc"
"Figure_5_2","Montana",19,2,220,11,4,"typeIc"
"Figure_5_2","Pennsylvania",28,2,220,11,4,"typeIc"
"Figure_5_2","Texas",33,2,225,21,4,"typeIc"
"Figure_5_2","Nebraska",20,2,325,5,4,"mori2006"
"Figure_5_2","North Carolina",24,2,325,5,4,"mori2006"
"Figure_5_2","New Mexico",23,2,326,7,4,"mori2006"
"Figure_5_2","Vermont",35,2,326,7,4,"mori2006"
"Figure_5_2","New Hampshire",22,2,327,9,4,"mori2006"
"Figure_5_2","Connecticut",5,2,330,15,4,"mori2006"
"Figure_5_2","Minnesota",16,2,330,15,4,"mori2006"
"Figure_5_2","Virginia",36,2,333,21,4,"mori2006"
"Figure_5_2","Delaware",6,20,1,5,4,"symmetricP1"
"Figure_5_2","Ohio",26,20,1,5,4,"symmetricP1"
"Figure_5_2","Utah",34,20,1,5,4,"symmetricP1"
"Figure_5_2","Maine",15,20,11,7,5,"symmetricP1"
"Figure_5_2","New Mexico",23,20,11,7,5,"symmetricP1"
"Figure_5_2","Mississippi",17,20,12,9,5,"symmetricP1"
"Figure_5_2","Wyoming",39,20,12,9,5,"symmetricP1"
"Figure_5_2","North Dakota",25,20,13,11,5,"symmetricP1"
"Figure_5_2","Tennessee",32,20,13,11,5,"symmetricP1"
"Figure_5_2","Vermont",35,20,100,5,9,"symmetricP2"
"Figure_5_2","Kentucky",13,20,101,7,9,"symmetricP2"
"Figure_5_2","South Carolina",30,20,101,7,9,"symmetricP2"
"Figure_5_2","Colorado",4,20,109,5,4,"asymmetricP1"
"Figure_5_2","Idaho",8,20,109,5,4,"asymmetricP1"
"Figure_5_2","Iowa",11,20,109,5,4,"asymmetricP1"
"Figure_5_2","Kansas",12,20,109,5,4,"asymmetricP1"
"Figure_5_2","Oklahoma",27,20,110,7,4,"asymmetricP1"
"Figure_5_2","Illinois",9,20,112,11,4,"asymmetricP1"
"Figure_5_2","Pennsylvania",28,20,112,11,4,"asymmetricP1"
"Figure_5_2","Minnesota",16,20,114,15,4,"asymmetricP1"
"Figure_5_2","Texas",33,20,115,17,4,"asymmetricP1"
"Figure_5_2","South Dakota",31,20,116,19,4,"asymmetricP1"
"Figure_5_2","Nebraska",20,20,163,5,4,"asymmetricP2"
"Figure_5_2","Wisconsin",38,20,163,5,4,"asymmetricP2"
"Figure_5_2","Alabama",1,20,165,9,4,"asymmetricP2"
"Figure_5_2","Arkansas",2,20,165,9,4,"asymmetricP2"
"Figure_5_2","Louisiana",14,20,165,9,4,"asymmetricP2"
"Figure_5_2","West Virginia",37,20,166,11,4,"asymmetricP2"
"Figure_5_2","Indiana",10,20,217,5,4,"typeIc"
"Figure_5_2","North Carolina",24,20,217,5,4,"typeIc"
"Figure_5_2","Missouri",18,20,218,7,4,"typeIc"
"Figure_5_2","Rhode Island",29,20,218,7,4,"typeIc"
"Figure_5_2","Georgia",7,20,219,9,4,"typeIc"
"Figure_5_2","New Hampshire",22,20,325,5,4,"mori2006"
"Figure_5_2","Connecticut",5,20,330,15,4,"mori2006"
"Figure_5_2","Nevada",21,20,331,17,4,"mori2006"
"Figure_5_2","Virginia",36,20,333,21,4,"mori2006"
"Figure_5_2","Idaho",8,21,1,5,4,"symmetricP1"
"Figure_5_2","South Carolina",30,21,11,7,5,"symmetricP1"
"Figure_5_2","Mississippi",17,21,12,9,5,"symmetricP1"
"Figure_5_2","North Dakota",25,21,13,11,5,"symmetricP1"
"Figure_5_2","Tennessee",32,21,13,11,5,"symmetricP1"
"Figure_5_2","Ohio",26,21,14,13,5,"symmetricP1"
"Figure_5_2","New Mexico",23,21,100,5,9,"symmetricP2"
"Figure_5_2","Vermont",35,21,100,5,9,"symmetricP2"
"Figure_5_2","Kentucky",13,21,101,7,9,"symmetricP2"
"Figure_5_2","South Dakota",31,21,101,7,9,"symmetricP2"
"Figure_5_2","Louisiana",14,21,102,9,9,"symmetricP2"
"Figure_5_2","Colorado",4,21,109,5,4,"asymmetricP1"
"Figure_5_2","Iowa",11,21,109,5,4,"asymmetricP1"
"Figure_5_2","Kansas",12,21,109,5,4,"asymmetricP1"
"Figure_5_2","Oklahoma",27,21,109,5,4,"asymmetricP1"
"Figure_5_2","Utah",34,21,109,5,4,"asymmetricP1"
"Figure_5_2","Pennsylvania",28,21,112,11,4,"asymmetricP1"
"Figure_5_2","Texas",33,21,115,17,4,"asymmetricP1"
"Figure_5_2","Maine",15,21,163,5,4,"asymmetricP2"
"Figure_5_2","Montana",19,21,163,5,4,"asymmetricP2"
"Figure_5_2","Wisconsin",38,21,163,5,4,"asymmetricP2"
"Figure_5_2","Delaware",6,21,164,7,4,"asymmetricP2"
"Figure_5_2","West Virginia",37,21,164,7,4,"asymmetricP2"
"Figure_5_2","Alabama",1,21,165,9,4,"asymmetricP2"
"Figure_5_2","Arkansas",2,21,165,9,4,"asymmetricP2"
"Figure_5_2","Indiana",10,21,217,5,4,"typeIc"
"Figure_5_2","Wyoming",39,21,217,5,4,"typeIc"
"Figure_5_2","Missouri",18,21,218,7,4,"typeIc"
"Figure_5_2","Rhode Island",29,21,218,7,4,"typeIc"
"Figure_5_2","Georgia",7,21,219,9,4,"typeIc"
"Figure_5_2","Illinois",9,21,220,11,4,"typeIc"
"Figure_5_2","Minnesota",16,21,222,15,4,"typeIc"
"Figure_5_2","North Carolina",24,21,325,5,4,"mori2006"
"Figure_5_2","New Hampshire",22,21,327,9,4,"mori2006"
"Figure_5_2","Connecticut",5,21,330,15,4,"mori2006"
"Figure_5_2","Nevada",21,21,331,17,4,"mori2006"
"Figure_5_2","Virginia",36,21,333,21,4,"mori2006"
"Figure_5_2","Idaho",8,22,1,5,4,"symmetricP1"
"Figure_5_2","North Dakota",25,22,1,5,4,"symmetricP1"
"Figure_5_2","Oklahoma",27,22,1,5,4,"symmetricP1"
"Figure_5_2","New Hampshire",22,22,11,7,5,"symmetricP1"
"Figure_5_2","West Virginia",37,22,11,7,5,"symmetricP1"
"Figure_5_2","Mississippi",17,22,12,9,5,"symmetricP1"
"Figure_5_2","North Carolina",24,22,12,9,5,"symmetricP1"
"Figure_5_2","Delaware",6,22,100,5,9,"symmetricP2"
"Figure_5_2","Iowa",11,22,100,5,9,"symmetricP2"
"Figure_5_2","Vermont",35,22,100,5,9,"symmetricP2"
"Figure_5_2","Wisconsin",38,22,100,5,9,"symmetricP2"
"Figure_5_2","Kentucky",13,22,101,7,9,"symmetricP2"
"Figure_5_2","South Carolina",30,22,101,7,9,"symmetricP2"
"Figure_5_2","South Dakota",31,22,101,7,9,"symmetricP2"
"Figure_5_2","Louisiana",14,22,102,9,9,"symmetricP2"
"Figure_5_2","Colorado",4,22,109,5,4,"asymmetricP1"
"Figure_5_2","Kansas",12,22,109,5,4,"asymmetricP1"
"Figure_5_2","Missouri",18,22,110,7,4,"asymmetricP1"
"Figure_5_2","Illinois",9,22,114,15,4,"asymmetricP1"
"Figure_5_2","Minnesota",16,22,114,15,4,"asymmetricP1"
"Figure_5_2","Texas",33,22,115,17,4,"asymmetricP1"
"Figure_5_2","Nebraska",20,22,163,5,4,"asymmetricP2"
"Figure_5_2","Utah",34,22,163,5,4,"asymmetricP2"
"Figure_5_2","Alabama",1,22,165,9,4,"asymmetricP2"
"Figure_5_2","Arkansas",2,22,165,9,4,"asymmetricP2"
"Figure_5_2","Connecticut",5,22,217,5,4,"typeIc"
"Figure_5_2","Indiana",10,22,217,5,4,"typeIc"
"Figure_5_2","Wyoming",39,22,217,5,4,"typeIc"
"Figure_5_2","Rhode Island",29,22,218,7,4,"typeIc"
"Figure_5_2","Montana",19,22,220,11,4,"typeIc"
"Figure_5_2","Pennsylvania",28,22,220,11,4,"typeIc"
"Figure_5_2","Ohio",26,22,221,13,4,"typeIc"
"Figure_5_2","Georgia",7,22,325,5,4,"mori2006"
"Figure_5_2","Maine",15,22,326,7,4,"mori2006"
"Figure_5_2","New Mexico",23,22,326,7,4,"mori2006"
"Figure_5_2","Tennessee",32,22,328,11,4,"mori2006"
"Figure_5_2","Virginia",36,22,333,21,4,"mori2006"
"Figure_5_2","Idaho",8,23,1,5,4,"symmetricP1"
"Figure_5_2","Delaware",6,23,11,7,5,"symmetricP1"
"Figure_5_2","West Virginia",37,23,11,7,5,"symmetricP1"
"Figure_5_2","Mississippi",17,23,12,9,5,"symmetricP1"
"Figure_5_2","North Dakota",25,23,12,9,5,"symmetricP1"
"Figure_5_2","Tennessee",32,23,13,11,5,"symmetricP1"
"Figure_5_2","Montana",19,23,100,5,9,"symmetricP2"
"Figure_5_2","Vermont",35,23,100,5,9,"symmetricP2"
"Figure_5_2","Wisconsin",38,23,100,5,9,"symmetricP2"
"Figure_5_2","Kentucky",13,23,101,7,9,"symmetricP2"
"Figure_5_2","South Carolina",30,23,101,7,9,"symmetricP2"
"Figure_5_2","Louisiana",14,23,102,9,9,"symmetricP2"
"Figure_5_2","Colorado",4,23,109,5,4,"asymmetricP1"
"Figure_5_2","Iowa",11,23,109,5,4,"asymmetricP1"
"Figure_5_2","Kansas",12,23,109,5,4,"asymmetricP1"
"Figure_5_2","Nebraska",20,23,109,5,4,"asymmetricP1"
"Figure_5_2","Utah",34,23,109,5,4,"asymmetricP1"
"Figure_5_2","Wyoming",39,23,109,5,4,"asymmetricP1"
"Figure_5_2","Missouri",18,23,110,7,4,"asymmetricP1"
"Figure_5_2","Illinois",9,23,112,11,4,"asymmetricP1"
"Figure_5_2","Minnesota",16,23,114,15,4,"asymmetricP1"
"Figure_5_2","Texas",33,23,115,17,4,"asymmetricP1"
"Figure_5_2","South Dakota",31,23,116,19,4,"asymmetricP1"
"Figure_5_2","Virginia",36,23,117,21,4,"asymmetricP1"
"Figure_5_2","Maine",15,23,163,5,4,"asymmetricP2"
"Figure_5_2","Oklahoma",27,23,164,7,4,"asymmetricP2"
"Figure_5_2","Alabama",1,23,165,9,4,"asymmetricP2"
"Figure_5_2","Arkansas",2,23,165,9,4,"asymmetricP2"
"Figure_5_2","Indiana",10,23,217,5,4,"typeIc"
"Figure_5_2","Rhode Island",29,23,218,7,4,"typeIc"
"Figure_5_2","Pennsylvania",28,23,220,11,4,"typeIc"
"Figure_5_2","Ohio",26,23,221,13,4,"typeIc"
"Figure_5_2","Georgia",7,23,325,5,4,"mori2006"
"Figure_5_2","New Mexico",23,23,326,7,4,"mori2006"
"Figure_5_2","North Carolina",24,23,327,9,4,"mori2006"
"Figure_5_2","Connecticut",5,23,330,15,4,"mori2006"
"Figure_5_2","Nevada",21,23,331,17,4,"mori2006"
"Figure_5_2","Idaho",8,24,1,5,4,"symmetricP1"
"Figure_5_2","West Virginia",37,24,11,7,5,"symmetricP1"
"Figure_5_2","Mississippi",17,24,12,9,5,"symmetricP1"
"Figure_5_2","North Carolina",24,24,12,9,5,"symmetricP1"
"Figure_5_2","Tennessee",32,24,13,11,5,"symmetricP1"
"Figure_5_2","Ohio",26,24,14,13,5,"symmetricP1"
"Figure_5_2","Louisiana",14,24,16,17,5,"symmetricP1"
"Figure_5_2","Delaware",6,24,100,5,9,"symmetricP2"
"Figure_5_2","Vermont",35,24,100,5,9,"symmetricP2"
"Figure_5_2","Wisconsin",38,24,100,5,9,"symmetricP2"
"Figure_5_2","South Carolina",30,24,101,7,9,"symmetricP2"
"Figure_5_2","South Dakota",31,24,101,7,9,"symmetricP2"
"Figure_5_2","Colorado",4,24,109,5,4,"asymmetricP1"
"Figure_5_2","Iowa",11,24,109,5,4,"asymmetricP1"
"Figure_5_2","Kansas",12,24,109,5,4,"asymmetricP1"
"Figure_5_2","Montana",19,24,109,5,4,"asymmetricP1"
"Figure_5_2","Nebraska",20,24,109,5,4,"asymmetricP1"
"Figure_5_2","Missouri",18,24,110,7,4,"asymmetricP1"
"Figure_5_2","Oklahoma",27,24,110,7,4,"asymmetricP1"
"Figure_5_2","Illinois",9,24,113,13,4,"asymmetricP1"
"Figure_5_2","Minnesota",16,24,114,15,4,"asymmetricP1"
"Figure_5_2","Texas",33,24,115,17,4,"asymmetricP1"
"Figure_5_2","Maine",15,24,163,5,4,"asymmetricP2"
"Figure_5_2","Utah",34,24,163,5,4,"asymmetricP2"
"Figure_5_2","Alabama",1,24,165,9,4,"asymmetricP2"
"Figure_5_2","Arkansas",2,24,165,9,4,"asymmetricP2"
"Figure_5_2","Kentucky",13,24,171,21,4,"asymmetricP2"
"Figure_5_2","Indiana",10,24,217,5,4,"typeIc"
"Figure_5_2","Wyoming",39,24,217,5,4,"typeIc"
"Figure_5_2","Rhode Island",29,24,218,7,4,"typeIc"
"Figure_5_2","Pennsylvania",28,24,220,11,4,"typeIc"
"Figure_5_2","Georgia",7,24,325,5,4,"mori2006"
"Figure_5_2","North Dakota",25,24,326,7,4,"mori2006"
"Figure_5_2","New Hampshire",22,24,327,9,4,"mori2006"
"Figure_5_2","Connecticut",5,24,330,15,4,"mori2006"
"Figure_5_2","Nevada",21,24,331,17,4,"mori2006"
"Figure_5_2","Virginia",36,24,333,21,4,"mori2006"
"Figure_5_2","Indiana",10,25,1,5,4,"symmetricP1"
"Figure_5_2","Utah",34,25,1,5,4,"symmetricP1"
"Figure_5_2","Oklahoma",27,25,11,7,5,"symmetricP1"
"Figure_5_2","Mississippi",17,25,12,9,5,"symmetricP1"
"Figure_5_2","Wyoming",39,25,12,9,5,"symmetricP1"
"Figure_5_2","North Dakota",25,25,13,11,5,"symmetricP1"
"Figure_5_2","Tennessee",32,25,13,11,5,"symmetricP1"
"Figure_5_2","Ohio",26,25,14,13,5,"symmetricP1"
"Figure_5_2","Illinois",9,25,15,15,5,"symmetricP1"
"Figure_5_2","Texas",33,25,16,17,5,"symmetricP1"
"Figure_5_2","Vermont",35,25,100,5,9,"symmetricP2"
"Figure_5_2","Virginia",36,25,100,5,9,"symmetricP2"
"Figure_5_2","South Dakota",31,25,101,7,9,"symmetricP2"
"Figure_5_2","Louisiana",14,25,102,9,9,"symmetricP2"
"Figure_5_2","Colorado",4,25,109,5,4,"asymmetricP1"
"Figure_5_2","Iowa",11,25,109,5,4,"asymmetricP1"
"Figure_5_2","Kansas",12,25,109,5,4,"asymmetricP1"
"Figure_5_2","Missouri",18,25,110,7,4,"asymmetricP1"
"Figure_5_2","Pennsylvania",28,25,112,11,4,"asymmetricP1"
"Figure_5_2","Delaware",6,25,114,15,4,"asymmetricP1"
"Figure_5_2","Minnesota",16,25,114,15,4,"asymmetricP1"
"Figure_5_2","Maine",15,25,163,5,4,"asymmetricP2"
"Figure_5_2","Wisconsin",38,25,163,5,4,"asymmetricP2"
"Figure_5_2","Alabama",1,25,165,9,4,"asymmetricP2"
"Figure_5_2","Arkansas",2,25,165,9,4,"asymmetricP2"
"Figure_5_2","West Virginia",37,25,166,11,4,"asymmetricP2"
"Figure_5_2","Kentucky",13,25,171,21,4,"asymmetricP2"
"Figure_5_2","Rhode Island",29,25,218,7,4,"typeIc"
"Figure_5_2","South Carolina",30,25,218,7,4,"typeIc"
"Figure_5_2","Georgia",7,25,219,9,4,"typeIc"
"Figure_5_2","Montana",19,25,220,11,4,"typeIc"
"Figure_5_2","Nebraska",20,25,325,5,4,"mori2006"
"Figure_5_2","Idaho",8,25,326,7,4,"mori2006"
"Figure_5_2","New Mexico",23,25,326,7,4,"mori2006"
"Figure_5_2","New Hampshire",22,25,327,9,4,"mori2006"
"Figure_5_2","Connecticut",5,25,330,15,4,"mori2006"
"Figure_5_2","Nevada",21,25,331,17,4,"mori2006"
"Figure_5_2","Virginia",36,26,1,5,4,"symmetricP1"
"Figure_5_2","Mississippi",17,26,12,9,5,"symmetricP1"
"Figure_5_2","Tennessee",32,26,13,11,5,"symmetricP1"
"Figure_5_2","Delaware",6,26,100,5,9,"symmetricP2"
"Figure_5_2","Montana",19,26,100,5,9,"symmetricP2"
"Figure_5_2","Wisconsin",38,26,100,5,9,"symmetricP2"
"Figure_5_2","Kentucky",13,26,101,7,9,"symmetricP2"
"Figure_5_2","South Carolina",30,26,101,7,9,"symmetricP2"
"Figure_5_2","South Dakota",31,26,101,7,9,"symmetricP2"
"Figure_5_2","Vermont",35,26,102,9,9,"symmetricP2"
"Figure_5_2","Georgia",7,26,103,11,9,"symmetricP2"
"Figure_5_2","Colorado",4,26,109,5,4,"asymmetricP1"
"Figure_5_2","Idaho",8,26,109,5,4,"asymmetricP1"
"Figure_5_2","Iowa",11,26,109,5,4,"asymmetricP1"
"Figure_5_2","Kansas",12,26,109,5,4,"asymmetricP1"
"Figure_5_2","Utah",34,26,109,5,4,"asymmetricP1"
"Figure_5_2","Missouri",18,26,110,7,4,"asymmetricP1"
"Figure_5_2","New Mexico",23,26,110,7,4,"asymmetricP1"
"Figure_5_2","Oklahoma",27,26,110,7,4,"asymmetricP1"
"Figure_5_2","Pennsylvania",28,26,112,11,4,"asymmetricP1"
"Figure_5_2","Illinois",9,26,113,13,4,"asymmetricP1"
"Figure_5_2","Minnesota",16,26,114,15,4,"asymmetricP1"
"Figure_5_2","Texas",33,26,115,17,4,"asymmetricP1"
"Figure_5_2","Maine",15,26,163,5,4,"asymmetricP2"
"Figure_5_2","Alabama",1,26,165,9,4,"asymmetricP2"
"Figure_5_2","Arkansas",2,26,165,9,4,"asymmetricP2"
"Figure_5_2","Louisiana",14,26,165,9,4,"asymmetricP2"
"Figure_5_2","Indiana",10,26,217,5,4,"typeIc"
"Figure_5_2","North Carolina",24,26,217,5,4,"typeIc"
"Figure_5_2","Wyoming",39,26,217,5,4,"typeIc"
"Figure_5_2","Rhode Island",29,26,218,7,4,"typeIc"
"Figure_5_2","Ohio",26,26,221,13,4,"typeIc"
"Figure_5_2","Nebraska",20,26,325,5,4,"mori2006"
"Figure_5_2","West Virginia",37,26,326,7,4,"mori2006"
"Figure_5_2","New Hampshire",22,26,327,9,4,"mori2006"
"Figure_5_2","Connecticut",5,26,330,15,4,"mori2006"
"Figure_5_2","Nevada",21,26,331,17,4,"mori2006"
"Figure_5_2","Delaware",6,27,1,5,4,"symmetricP1"
"Figure_5_2","Idaho",8,27,1,5,4,"symmetricP1"
"Figure_5_2","Oklahoma",27,27,11,7,5,"symmetricP1"
"Figure_5_2","West Virginia",37,27,11,7,5,"symmetricP1"
"Figure_5_2","Mississippi",17,27,12,9,5,"symmetricP1"
"Figure_5_2","North Carolina",24,27,12,9,5,"symmetricP1"
"Figure_5_2","North Dakota",25,27,12,9,5,"symmetricP1"
"Figure_5_2","Tennessee",32,27,13,11,5,"symmetricP1"
"Figure_5_2","Vermont",35,27,100,5,9,"symmetricP2"
"Figure_5_2","Wisconsin",38,27,100,5,9,"symmetricP2"
"Figure_5_2","Kentucky",13,27,101,7,9,"symmetricP2"
"Figure_5_2","South Dakota",31,27,101,7,9,"symmetricP2"
"Figure_5_2","Louisiana",14,27,102,9,9,"symmetricP2"
"Figure_5_2","Colorado",4,27,109,5,4,"asymmetricP1"
"Figure_5_2","Iowa",11,27,109,5,4,"asymmetricP1"
"Figure_5_2","Kansas",12,27,109,5,4,"asymmetricP1"
"Figure_5_2","Pennsylvania",28,27,109,5,4,"asymmetricP1"
"Figure_5_2","Utah",34,27,109,5,4,"asymmetricP1"
"Figure_5_2","Missouri",18,27,110,7,4,"asymmetricP1"
"Figure_5_2","Illinois",9,27,112,11,4,"asymmetricP1"
"Figure_5_2","Minnesota",16,27,114,15,4,"asymmetricP1"
"Figure_5_2","Maine",15,27,163,5,4,"asymmetricP2"
"Figure_5_2","Alabama",1,27,165,9,4,"asymmetricP2"
"Figure_5_2","Arkansas",2,27,165,9,4,"asymmetricP2"
"Figure_5_2","Indiana",10,27,217,5,4,"typeIc"
"Figure_5_2","Wyoming",39,27,217,5,4,"typeIc"
"Figure_5_2","Rhode Island",29,27,218,7,4,"typeIc"
"Figure_5_2","Georgia",7,27,219,9,4,"typeIc"
"Figure_5_2","Montana",19,27,220,11,4,"typeIc"
"Figure_5_2","Texas",33,27,225,21,4,"typeIc"
"Figure_5_2","Nebraska",20,27,325,5,4,"mori2006"
"Figure_5_2","New Mexico",23,27,326,7,4,"mori2006"
"Figure_5_2","South Carolina",30,27,326,7,4,"mori2006"
"Figure_5_2","New Hampshire",22,27,327,9,4,"mori2006"
"Figure_5_2","Connecticut",5,27,330,15,4,"mori2006"
"Figure_5_2","Nevada",21,27,331,17,4,"mori2006"
"Figure_5_2","Virginia",36,27,333,21,4,"mori2006"
"Figure_5_2","Idaho",8,28,1,5,4,"symmetricP1"
"Figure_5_2","West Virginia",37,28,11,7,5,"symmetricP1"
"Figure_5_2","Mississippi",17,28,12,9,5,"symmetricP1"
"Figure_5_2","North Carolina",24,28,12,9,5,"symmetricP1"
"Figure_5_2","Tennessee",32,28,13,11,5,"symmetricP1"
"Figure_5_2","Wisconsin",38,28,100,5,9,"symmetricP2"
"Figure_5_2","Kentucky",13,28,101,7,9,"symmetricP2"
"Figure_5_2","Louisiana",14,28,102,9,9,"symmetricP2"
"Figure_5_2","Colorado",4,28,109,5,4,"asymmetricP1"
"Figure_5_2","Iowa",11,28,109,5,4,"asymmetricP1"
"Figure_5_2","Kansas",12,28,109,5,4,"asymmetricP1"
"Figure_5_2","Missouri",18,28,110,7,4,"asymmetricP1"
"Figure_5_2","New Mexico",23,28,110,7,4,"asymmetricP1"
"Figure_5_2","Vermont",35,28,111,9,4,"asymmetricP1"
"Figure_5_2","Pennsylvania",28,28,112,11,4,"asymmetricP1"
"Figure_5_2","Texas",33,28,115,17,4,"asymmetricP1"
"Figure_5_2","Maine",15,28,163,5,4,"asymmetricP2"
"Figure_5_2","South Carolina",30,28,163,5,4,"asymmetricP2"
"Figure_5_2","Utah",34,28,163,5,4,"asymmetricP2"
"Figure_5_2","Delaware",6,28,164,7,4,"asymmetricP2"
"Figure_5_2","South Dakota",31,28,164,7,4,"asymmetricP2"
"Figure_5_2","Alabama",1,28,165,9,4,"asymmetricP2"
"Figure_5_2","Arkansas",2,28,165,9,4,"asymmetricP2"
"Figure_5_2","Indiana",10,28,217,5,4,"typeIc"
"Figure_5_2","Wyoming",39,28,217,5,4,"typeIc"
"Figure_5_2","Rhode Island",29,28,218,7,4,"typeIc"
"Figure_5_2","Georgia",7,28,219,9,4,"typeIc"
"Figure_5_2","Illinois",9,28,220,11,4,"typeIc"
"Figure_5_2","Montana",19,28,220,11,4,"typeIc"
"Figure_5_2","Ohio",26,28,221,13,4,"typeIc"
"Figure_5_2","Nebraska",20,28,325,5,4,"mori2006"
"Figure_5_2","North Dakota",25,28,326,7,4,"mori2006"
"Figure_5_2","New Hampshire",22,28,327,9,4,"mori2006"
"Figure_5_2","Connecticut",5,28,330,15,4,"mori2006"
"Figure_5_2","Minnesota",16,28,330,15,4,"mori2006"
"Figure_5_2","Nevada",21,28,331,17,4,"mori2006"
"Figure_5_2","Virginia",36,28,333,21,4,"mori2006"
"Figure_5_2","Idaho",8,29,1,5,4,"symmetricP1"
"Figure_5_2","Nebraska",20,29,1,5,4,"symmetricP1"
"Figure_5_2","New Mexico",23,29,11,7,5,"symmetricP1"
"Figure_5_2","South Carolina",30,29,11,7,5,"symmetricP1"
"Figure_5_2","Mississippi",17,29,12,9,5,"symmetricP1"
"Figure_5_2","North Carolina",24,29,12,9,5,"symmetricP1"
"Figure_5_2","North Dakota",25,29,12,9,5,"symmetricP1"
"Figure_5_2","Connecticut",5,29,13,11,5,"symmetricP1"
"Figure_5_2","Tennessee",32,29,13,11,5,"symmetricP1"
"Figure_5_2","Delaware",6,29,100,5,9,"symmetricP2"
"Figure_5_2","Montana",19,29,100,5,9,"symmetricP2"
"Figure_5_2","Vermont",35,29,100,5,9,"symmetricP2"
"Figure_5_2","Kentucky",13,29,101,7,9,"symmetricP2"
"Figure_5_2","South Dakota",31,29,101,7,9,"symmetricP2"
"Figure_5_2","Louisiana",14,29,102,9,9,"symmetricP2"
"Figure_5_2","West Virginia",37,29,103,11,9,"symmetricP2"
"Figure_5_2","Colorado",4,29,109,5,4,"asymmetricP1"
"Figure_5_2","Iowa",11,29,109,5,4,"asymmetricP1"
"Figure_5_2","Utah",34,29,109,5,4,"asymmetricP1"
"Figure_5_2","Missouri",18,29,110,7,4,"asymmetricP1"
"Figure_5_2","Oklahoma",27,29,110,7,4,"asymmetricP1"
"Figure_5_2","Illinois",9,29,112,11,4,"asymmetricP1"
"Figure_5_2","Kansas",12,29,112,11,4,"asymmetricP1"
"Figure_5_2","Minnesota",16,29,114,15,4,"asymmetricP1"
"Figure_5_2","Ohio",26,29,114,15,4,"asymmetricP1"
"Figure_5_2","Maine",15,29,163,5,4,"asymmetricP2"
"Figure_5_2","Wisconsin",38,29,164,7,4,"asymmetricP2"
"Figure_5_2","Alabama",1,29,165,9,4,"asymmetricP2"
"Figure_5_2","Arkansas",2,29,165,9,4,"asymmetricP2"
"Figure_5_2","Indiana",10,29,217,5,4,"typeIc"
"Figure_5_2","Wyoming",39,29,217,5,4,"typeIc"
"Figure_5_2","Rhode Island",29,29,218,7,4,"typeIc"
"Figure_5_2","Georgia",7,29,219,9,4,"typeIc"
"Figure_5_2","Texas",33,29,225,21,4,"typeIc"
"Figure_5_2","New Hampshire",22,29,325,5,4,"mori2006"
"Figure_5_2","Nevada",21,29,331,17,4,"mori2006"
"Figure_5_2","Virginia",36,29,333,21,4,"mori2006"
"Figure_5_2","Idaho",8,3,1,5,4,"symmetricP1"
"Figure_5_2","Tennessee",32,3,1,5,4,"symmetricP1"
"Figure_5_2","New Mexico",23,3,11,7,5,"symmetricP1"
"Figure_5_2","Mississippi",17,3,12,9,5,"symmetricP1"
"Figure_5_2","North Dakota",25,3,100,5,9,"symmetricP2"
"Figure_5_2","Vermont",35,3,100,5,9,"symmetricP2"
"Figure_5_2","Kentucky",13,3,101,7,9,"symmetricP2"
"Figure_5_2","Louisiana",14,3,102,9,9,"symmetricP2"
"Figure_5_2","Colorado",4,3,109,5,4,"asymmetricP1"
"Figure_5_2","Iowa",11,3,109,5,4,"asymmetricP1"
"Figure_5_2","Kansas",12,3,109,5,4,"asymmetricP1"
"Figure_5_2","Missouri",18,3,110,7,4,"asymmetricP1"
"Figure_5_2","Nebraska",20,3,110,7,4,"asymmetricP1"
"Figure_5_2","Oklahoma",27,3,110,7,4,"asymmetricP1"
"Figure_5_2","Illinois",9,3,112,11,4,"asymmetricP1"
"Figure_5_2","Minnesota",16,3,114,15,4,"asymmetricP1"
"Figure_5_2","Texas",33,3,115,17,4,"asymmetricP1"
"Figure_5_2","Maine",15,3,163,5,4,"asymmetricP2"
"Figure_5_2","Ohio",26,3,163,5,4,"asymmetricP2"
"Figure_5_2","Utah",34,3,163,5,4,"asymmetricP2"
"Figure_5_2","Wisconsin",38,3,163,5,4,"asymmetricP2"
"Figure_5_2","Delaware",6,3,164,7,4,"asymmetricP2"
"Figure_5_2","Alabama",1,3,166,11,4,"asymmetricP2"
"Figure_5_2","Indiana",10,3,217,5,4,"typeIc"
"Figure_5_2","North Carolina",24,3,217,5,4,"typeIc"
"Figure_5_2","Wyoming",39,3,217,5,4,"typeIc"
"Figure_5_2","Rhode Island",29,3,218,7,4,"typeIc"
"Figure_5_2","South Carolina",30,3,218,7,4,"typeIc"
"Figure_5_2","South Dakota",31,3,218,7,4,"typeIc"
"Figure_5_2","Montana",19,3,220,11,4,"typeIc"
"Figure_5_2","Pennsylvania",28,3,220,11,4,"typeIc"
"Figure_5_2","Georgia",7,3,325,5,4,"mori2006"
"Figure_5_2","West Virginia",37,3,326,7,4,"mori2006"
"Figure_5_2","New Hampshire",22,3,327,9,4,"mori2006"
"Figure_5_2","Connecticut",5,3,330,15,4,"mori2006"
"Figure_5_2","Nevada",21,3,331,17,4,"mori2006"
"Figure_5_2","Virginia",36,3,333,21,4,"mori2006"
"Figure_5_2","Idaho",8,30,1,5,4,"symmetricP1"
"Figure_5_2","North Dakota",25,30,1,5,4,"symmetricP1"
"Figure_5_2","Oklahoma",27,30,1,5,4,"symmetricP1"
"Figure_5_2","South Carolina",30,30,11,7,5,"symmetricP1"
"Figure_5_2","Mississippi",17,30,12,9,5,"symmetricP1"
"Figure_5_2","Tennessee",32,30,13,11,5,"symmetricP1"
"Figure_5_2","Ohio",26,30,14,13,5,"symmetricP1"
"Figure_5_2","Minnesota",16,30,15,15,5,"symmetricP1"
"Figure_5_2","Wisconsin",38,30,100,5,9,"symmetricP2"
"Figure_5_2","Kentucky",13,30,101,7,9,"symmetricP2"
"Figure_5_2","South Dakota",31,30,101,7,9,"symmetricP2"
"Figure_5_2","Louisiana",14,30,102,9,9,"symmetricP2"
"Figure_5_2","Colorado",4,30,109,5,4,"asymmetricP1"
"Figure_5_2","Iowa",11,30,109,5,4,"asymmetricP1"
"Figure_5_2","Kansas",12,30,109,5,4,"asymmetricP1"
"Figure_5_2","Utah",34,30,109,5,4,"asymmetricP1"
"Figure_5_2","Missouri",18,30,110,7,4,"asymmetricP1"
"Figure_5_2","Delaware",6,30,111,9,4,"asymmetricP1"
"Figure_5_2","Illinois",9,30,112,11,4,"asymmetricP1"
"Figure_5_2","Pennsylvania",28,30,112,11,4,"asymmetricP1"
"Figure_5_2","Maine",15,30,163,5,4,"asymmetricP2"
"Figure_5_2","West Virginia",37,30,164,7,4,"asymmetricP2"
"Figure_5_2","Alabama",1,30,165,9,4,"asymmetricP2"
"Figure_5_2","Arkansas",2,30,165,9,4,"asymmetricP2"
"Figure_5_2","Nevada",21,30,165,9,4,"asymmetricP2"
"Figure_5_2","Indiana",10,30,217,5,4,"typeIc"
"Figure_5_2","North Carolina",24,30,217,5,4,"typeIc"
"Figure_5_2","Wyoming",39,30,217,5,4,"typeIc"
"Figure_5_2","Georgia",7,30,219,9,4,"typeIc"
"Figure_5_2","Montana",19,30,220,11,4,"typeIc"
"Figure_5_2","Texas",33,30,225,21,4,"typeIc"
"Figure_5_2","Nebraska",20,30,325,5,4,"mori2006"
"Figure_5_2","New Mexico",23,30,326,7,4,"mori2006"
"Figure_5_2","Vermont",35,30,326,7,4,"mori2006"
"Figure_5_2","New Hampshire",22,30,327,9,4,"mori2006"
"Figure_5_2","Connecticut",5,30,330,15,4,"mori2006"
"Figure_5_2","Virginia",36,30,333,21,4,"mori2006"
"Figure_5_2","Idaho",8,31,1,5,4,"symmetricP1"
"Figure_5_2","Oklahoma",27,31,1,5,4,"symmetricP1"
"Figure_5_2","West Virginia",37,31,11,7,5,"symmetricP1"
"Figure_5_2","North Dakota",25,31,13,11,5,"symmetricP1"
"Figure_5_2","Tennessee",32,31,13,11,5,"symmetricP1"
"Figure_5_2","Ohio",26,31,14,13,5,"symmetricP1"
"Figure_5_2","Colorado",4,31,100,5,9,"symmetricP2"
"Figure_5_2","Vermont",35,31,100,5,9,"symmetricP2"
"Figure_5_2","South Dakota",31,31,101,7,9,"symmetricP2"
"Figure_5_2","Louisiana",14,31,102,9,9,"symmetricP2"
"Figure_5_2","Iowa",11,31,109,5,4,"asymmetricP1"
"Figure_5_2","Kansas",12,31,109,5,4,"asymmetricP1"
"Figure_5_2","New Mexico",23,31,109,5,4,"asymmetricP1"
"Figure_5_2","Missouri",18,31,110,7,4,"asymmetricP1"
"Figure_5_2","Mississippi",17,31,112,11,4,"asymmetricP1"
"Figure_5_2","Pennsylvania",28,31,112,11,4,"asymmetricP1"
"Figure_5_2","Illinois",9,31,113,13,4,"asymmetricP1"
"Figure_5_2","Minnesota",16,31,114,15,4,"asymmetricP1"
"Figure_5_2","Maine",15,31,163,5,4,"asymmetricP2"
"Figure_5_2","Wisconsin",38,31,163,5,4,"asymmetricP2"
"Figure_5_2","Delaware",6,31,164,7,4,"asymmetricP2"
"Figure_5_2","Alabama",1,31,165,9,4,"asymmetricP2"
"Figure_5_2","Arkansas",2,31,165,9,4,"asymmetricP2"
"Figure_5_2","Kentucky",13,31,169,17,4,"asymmetricP2"
"Figure_5_2","Georgia",7,31,217,5,4,"typeIc"
"Figure_5_2","Indiana",10,31,217,5,4,"typeIc"
"Figure_5_2","North Carolina",24,31,217,5,4,"typeIc"
"Figure_5_2","Utah",34,31,217,5,4,"typeIc"
"Figure_5_2","Wyoming",39,31,217,5,4,"typeIc"
"Figure_5_2","Rhode Island",29,31,218,7,4,"typeIc"
"Figure_5_2","Montana",19,31,220,11,4,"typeIc"
"Figure_5_2","Texas",33,31,225,21,4,"typeIc"
"Figure_5_2","Nebraska",20,31,325,5,4,"mori2006"
"Figure_5_2","New Hampshire",22,31,327,9,4,"mori2006"
"Figure_5_2","Connecticut",5,31,330,15,4,"mori2006"
"Figure_5_2","Nevada",21,31,331,17,4,"mori2006"
"Figure_5_2","Virginia",36,31,333,21,4,"mori2006"
"Figure_5_2","Delaware",6,32,1,5,4,"symmetricP1"
"Figure_5_2","North Dakota",25,32,1,5,4,"symmetricP1"
"Figure_5_2","West Virginia",37,32,11,7,5,"symmetricP1"
"Figure_5_2","Mississippi",17,32,12,9,5,"symmetricP1"
"Figure_5_2","North Carolina",24,32,12,9,5,"symmetricP1"
"Figure_5_2","Tennessee",32,32,13,11,5,"symmetricP1"
"Figure_5_2","Montana",19,32,100,5,9,"symmetricP2"
"Figure_5_2","Vermont",35,32,100,5,9,"symmetricP2"
"Figure_5_2","Wisconsin",38,32,100,5,9,"symmetricP2"
"Figure_5_2","Kentucky",13,32,101,7,9,"symmetricP2"
"Figure_5_2","South Carolina",30,32,101,7,9,"symmetricP2"
"Figure_5_2","Georgia",7,32,103,11,9,"symmetricP2"
"Figure_5_2","Colorado",4,32,109,5,4,"asymmetricP1"
"Figure_5_2","Idaho",8,32,109,5,4,"asymmetricP1"
"Figure_5_2","Iowa",11,32,109,5,4,"asymmetricP1"
"Figure_5_2","Kansas",12,32,109,5,4,"asymmetricP1"
"Figure_5_2","Utah",34,32,109,5,4,"asymmetricP1"
"Figure_5_2","Missouri",18,32,110,7,4,"asymmetricP1"
"Figure_5_2","Oklahoma",27,32,110,7,4,"asymmetricP1"
"Figure_5_2","Illinois",9,32,112,11,4,"asymmetricP1"
"Figure_5_2","Ohio",26,32,112,11,4,"asymmetricP1"
"Figure_5_2","Pennsylvania",28,32,112,11,4,"asymmetricP1"
"Figure_5_2","Minnesota",16,32,114,15,4,"asymmetricP1"
"Figure_5_2","Texas",33,32,115,17,4,"asymmetricP1"
"Figure_5_2","Wyoming",39,32,163,5,4,"asymmetricP2"
"Figure_5_2","Alabama",1,32,165,9,4,"asymmetricP2"
"Figure_5_2","Arkansas",2,32,165,9,4,"asymmetricP2"
"Figure_5_2","Louisiana",14,32,165,9,4,"asymmetricP2"
"Figure_5_2","Indiana",10,32,217,5,4,"typeIc"
"Figure_5_2","Rhode Island",29,32,218,7,4,"typeIc"
"Figure_5_2","Nebraska",20,32,325,5,4,"mori2006"
"Figure_5_2","New Mexico",23,32,326,7,4,"mori2006"
"Figure_5_2","New Hampshire",22,32,327,9,4,"mori2006"
"Figure_5_2","Maine",15,32,328,11,4,"mori2006"
"Figure_5_2","Connecticut",5,32,330,15,4,"mori2006"
"Figure_5_2","Nevada",21,32,331,17,4,"mori2006"
"Figure_5_2","Virginia",36,32,333,21,4,"mori2006"
"Figure_5_2","Idaho",8,33,1,5,4,"symmetricP1"
"Figure_5_2","Nebraska",20,33,1,5,4,"symmetricP1"
"Figure_5_2","Ohio",26,33,1,5,4,"symmetricP1"
"Figure_5_2","Mississippi",17,33,12,9,5,"symmetricP1"
"Figure_5_2","North Carolina",24,33,12,9,5,"symmetricP1"
"Figure_5_2","North Dakota",25,33,12,9,5,"symmetricP1"
"Figure_5_2","Delaware",6,33,100,5,9,"symmetricP2"
"Figure_5_2","Montana",19,33,100,5,9,"symmetricP2"
"Figure_5_2","Vermont",35,33,100,5,9,"symmetricP2"
"Figure_5_2","Kentucky",13,33,101,7,9,"symmetricP2"
"Figure_5_2","South Dakota",31,33,101,7,9,"symmetricP2"
"Figure_5_2","Louisiana",14,33,102,9,9,"symmetricP2"
"Figure_5_2","West Virginia",37,33,103,11,9,"symmetricP2"
"Figure_5_2","Colorado",4,33,109,5,4,"asymmetricP1"
"Figure_5_2","Iowa",11,33,109,5,4,"asymmetricP1"
"Figure_5_2","Kansas",12,33,109,5,4,"asymmetricP1"
"Figure_5_2","Utah",34,33,109,5,4,"asymmetricP1"
"Figure_5_2","Missouri",18,33,110,7,4,"asymmetricP1"
"Figure_5_2","South Carolina",30,33,111,9,4,"asymmetricP1"
"Figure_5_2","Illinois",9,33,112,11,4,"asymmetricP1"
"Figure_5_2","Pennsylvania",28,33,112,11,4,"asymmetricP1"
"Figure_5_2","Minnesota",16,33,114,15,4,"asymmetricP1"
"Figure_5_2","Maine",15,33,163,5,4,"asymmetricP2"
"Figure_5_2","Oklahoma",27,33,163,5,4,"asymmetricP2"
"Figure_5_2","Wisconsin",38,33,164,7,4,"asymmetricP2"
"Figure_5_2","Alabama",1,33,165,9,4,"asymmetricP2"
"Figure_5_2","Indiana",10,33,217,5,4,"typeIc"
"Figure_5_2","Wyoming",39,33,217,5,4,"typeIc"
"Figure_5_2","Rhode Island",29,33,218,7,4,"typeIc"
"Figure_5_2","Georgia",7,33,219,9,4,"typeIc"
"Figure_5_2","Texas",33,33,223,17,4,"typeIc"
"Figure_5_2","New Mexico",23,33,326,7,4,"mori2006"
"Figure_5_2","Arkansas",2,33,327,9,4,"mori2006"
"Figure_5_2","New Hampshire",22,33,327,9,4,"mori2006"
"Figure_5_2","Connecticut",5,33,330,15,4,"mori2006"
"Figure_5_2","Nevada",21,33,331,17,4,"mori2006"
"Figure_5_2","Virginia",36,33,333,21,4,"mori2006"
"Figure_5_2","Ohio",26,34,1,5,4,"symmetricP1"
"Figure_5_2","Mississippi",17,34,12,9,5,"symmetricP1"
"Figure_5_2","North Carolina",24,34,12,9,5,"symmetricP1"
"Figure_5_2","North Dakota",25,34,13,11,5,"symmetricP1"
"Figure_5_2","Tennessee",32,34,13,11,5,"symmetricP1"
"Figure_5_2","Delaware",6,34,100,5,9,"symmetricP2"
"Figure_5_2","Montana",19,34,100,5,9,"symmetricP2"
"Figure_5_2","Kentucky",13,34,101,7,9,"symmetricP2"
"Figure_5_2","South Carolina",30,34,101,7,9,"symmetricP2"
"Figure_5_2","South Dakota",31,34,101,7,9,"symmetricP2"
"Figure_5_2","Colorado",4,34,109,5,4,"asymmetricP1"
"Figure_5_2","Idaho",8,34,109,5,4,"asymmetricP1"
"Figure_5_2","Iowa",11,34,109,5,4,"asymmetricP1"
"Figure_5_2","Kansas",12,34,109,5,4,"asymmetricP1"
"Figure_5_2","Nebraska",20,34,109,5,4,"asymmetricP1"
"Figure_5_2","Utah",34,34,109,5,4,"asymmetricP1"
"Figure_5_2","Wyoming",39,34,109,5,4,"asymmetricP1"
"Figure_5_2","Missouri",18,34,110,7,4,"asymmetricP1"
"Figure_5_2","Oklahoma",27,34,110,7,4,"asymmetricP1"
"Figure_5_2","Pennsylvania",28,34,112,11,4,"asymmetricP1"
"Figure_5_2","Minnesota",16,34,114,15,4,"asymmetricP1"
"Figure_5_2","Illinois",9,34,116,19,4,"asymmetricP1"
"Figure_5_2","Louisiana",14,34,116,19,4,"asymmetricP1"
"Figure_5_2","Maine",15,34,163,5,4,"asymmetricP2"
"Figure_5_2","Wisconsin",38,34,163,5,4,"asymmetricP2"
"Figure_5_2","West Virginia",37,34,164,7,4,"asymmetricP2"
"Figure_5_2","Alabama",1,34,165,9,4,"asymmetricP2"
"Figure_5_2","Arkansas",2,34,165,9,4,"asymmetricP2"
"Figure_5_2","Indiana",10,34,217,5,4,"typeIc"
"Figure_5_2","Rhode Island",29,34,218,7,4,"typeIc"
"Figure_5_2","Georgia",7,34,219,9,4,"typeIc"
"Figure_5_2","Vermont",35,34,325,5,4,"mori2006"
"Figure_5_2","New Mexico",23,34,326,7,4,"mori2006"
"Figure_5_2","New Hampshire",22,34,327,9,4,"mori2006"
"Figure_5_2","Connecticut",5,34,330,15,4,"mori2006"
"Figure_5_2","Nevada",21,34,331,17,4,"mori2006"
"Figure_5_2","Virginia",36,34,333,21,4,"mori2006"
"Figure_5_2","Idaho",8,35,1,5,4,"symmetricP1"
"Figure_5_2","South Carolina",30,35,11,7,5,"symmetricP1"
"Figure_5_2","West Virginia",37,35,11,7,5,"symmetricP1"
"Figure_5_2","Tennessee",32,35,13,11,5,"symmetricP1"
"Figure_5_2","Ohio",26,35,14,13,5,"symmetricP1"
"Figure_5_2","Texas",33,35,16,17,5,"symmetricP1"
"Figure_5_2","Oklahoma",27,35,100,5,9,"symmetricP2"
"Figure_5_2","Vermont",35,35,100,5,9,"symmetricP2"
"Figure_5_2","Wisconsin",38,35,100,5,9,"symmetricP2"
"Figure_5_2","Kentucky",13,35,101,7,9,"symmetricP2"
"Figure_5_2","Mississippi",17,35,101,7,9,"symmetricP2"
"Figure_5_2","South Dakota",31,35,101,7,9,"symmetricP2"
"Figure_5_2","Louisiana",14,35,102,9,9,"symmetricP2"
"Figure_5_2","North Dakota",25,35,103,11,9,"symmetricP2"
"Figure_5_2","North Carolina",24,35,105,15,9,"symmetricP2"
"Figure_5_2","Colorado",4,35,109,5,4,"asymmetricP1"
"Figure_5_2","Iowa",11,35,109,5,4,"asymmetricP1"
"Figure_5_2","Kansas",12,35,109,5,4,"asymmetricP1"
"Figure_5_2","Nebraska",20,35,109,5,4,"asymmetricP1"
"Figure_5_2","Delaware",6,35,110,7,4,"asymmetricP1"
"Figure_5_2","Missouri",18,35,110,7,4,"asymmetricP1"
"Figure_5_2","Pennsylvania",28,35,112,11,4,"asymmetricP1"
"Figure_5_2","Illinois",9,35,113,13,4,"asymmetricP1"
"Figure_5_2","Georgia",7,35,163,5,4,"asymmetricP2"
"Figure_5_2","Alabama",1,35,165,9,4,"asymmetricP2"
"Figure_5_2","Arkansas",2,35,165,9,4,"asymmetricP2"
"Figure_5_2","Indiana",10,35,217,5,4,"typeIc"
"Figure_5_2","Wyoming",39,35,217,5,4,"typeIc"
"Figure_5_2","Rhode Island",29,35,218,7,4,"typeIc"
"Figure_5_2","Montana",19,35,220,11,4,"typeIc"
"Figure_5_2","Maine",15,35,326,7,4,"mori2006"
"Figure_5_2","New Mexico",23,35,326,7,4,"mori2006"
"Figure_5_2","New Hampshire",22,35,327,9,4,"mori2006"
"Figure_5_2","Connecticut",5,35,330,15,4,"mori2006"
"Figure_5_2","Minnesota",16,35,330,15,4,"mori2006"
"Figure_5_2","Nevada",21,35,331,17,4,"mori2006"
"Figure_5_2","Virginia",36,35,333,21,4,"mori2006"
"Figure_5_2","Delaware",6,36,1,5,4,"symmetricP1"
"Figure_5_2","Idaho",8,36,1,5,4,"symmetricP1"
"Figure_5_2","Virginia",36,36,1,5,4,"symmetricP1"
"Figure_5_2","South Carolina",30,36,11,7,5,"symmetricP1"
"Figure_5_2","Mississippi",17,36,12,9,5,"symmetricP1"
"Figure_5_2","Tennessee",32,36,13,11,5,"symmetricP1"
"Figure_5_2","Ohio",26,36,14,13,5,"symmetricP1"
"Figure_5_2","Texas",33,36,16,17,5,"symmetricP1"
"Figure_5_2","Illinois",9,36,17,19,5,"symmetricP1"
"Figure_5_2","Wisconsin",38,36,100,5,9,"symmetricP2"
"Figure_5_2","Kentucky",13,36,101,7,9,"symmetricP2"
"Figure_5_2","South Dakota",31,36,101,7,9,"symmetricP2"
"Figure_5_2","North Dakota",25,36,102,9,9,"symmetricP2"
"Figure_5_2","West Virginia",37,36,103,11,9,"symmetricP2"
"Figure_5_2","Colorado",4,36,109,5,4,"asymmetricP1"
"Figure_5_2","Iowa",11,36,109,5,4,"asymmetricP1"
"Figure_5_2","Kansas",12,36,109,5,4,"asymmetricP1"
"Figure_5_2","Nebraska",20,36,109,5,4,"asymmetricP1"
"Figure_5_2","Oklahoma",27,36,109,5,4,"asymmetricP1"
"Figure_5_2","Missouri",18,36,110,7,4,"asymmetricP1"
"Figure_5_2","Minnesota",16,36,114,15,4,"asymmetricP1"
"Figure_5_2","Maine",15,36,163,5,4,"asymmetricP2"
"Figure_5_2","Alabama",1,36,165,9,4,"asymmetricP2"
"Figure_5_2","Arkansas",2,36,165,9,4,"asymmetricP2"
"Figure_5_2","Louisiana",14,36,165,9,4,"asymmetricP2"
"Figure_5_2","Indiana",10,36,217,5,4,"typeIc"
"Figure_5_2","North Carolina",24,36,217,5,4,"typeIc"
"Figure_5_2","Utah",34,36,217,5,4,"typeIc"
"Figure_5_2","Wyoming",39,36,217,5,4,"typeIc"
"Figure_5_2","Montana",19,36,220,11,4,"typeIc"
"Figure_5_2","Pennsylvania",28,36,220,11,4,"typeIc"
"Figure_5_2","Georgia",7,36,325,5,4,"mori2006"
"Figure_5_2","Rhode Island",29,36,325,5,4,"mori2006"
"Figure_5_2","New Mexico",23,36,326,7,4,"mori2006"
"Figure_5_2","New Hampshire",22,36,327,9,4,"mori2006"
"Figure_5_2","Connecticut",5,36,330,15,4,"mori2006"
"Figure_5_2","Nevada",21,36,331,17,4,"mori2006"
"Figure_5_2","North Dakota",25,37,1,5,4,"symmetricP1"
"Figure_5_2","Ohio",26,37,1,5,4,"symmetricP1"
"Figure_5_2","Wyoming",39,37,1,5,4,"symmetricP1"
"Figure_5_2","New Mexico",23,37,11,7,5,"symmetricP1"
"Figure_5_2","South Carolina",30,37,11,7,5,"symmetricP1"
"Figure_5_2","West Virginia",37,37,11,7,5,"symmetricP1"
"Figure_5_2","Mississippi",17,37,12,9,5,"symmetricP1"
"Figure_5_2","North Carolina",24,37,12,9,5,"symmetricP1"
"Figure_5_2","Tennessee",32,37,13,11,5,"symmetricP1"
"Figure_5_2","Colorado",4,37,100,5,9,"symmetricP2"
"Figure_5_2","Montana",19,37,100,5,9,"symmetricP2"
"Figure_5_2","Vermont",35,37,100,5,9,"symmetricP2"
"Figure_5_2","Wisconsin",38,37,100,5,9,"symmetricP2"
"Figure_5_2","Kentucky",13,37,101,7,9,"symmetricP2"
"Figure_5_2","South Dakota",31,37,101,7,9,"symmetricP2"
"Figure_5_2","Louisiana",14,37,102,9,9,"symmetricP2"
"Figure_5_2","Idaho",8,37,109,5,4,"asymmetricP1"
"Figure_5_2","Iowa",11,37,109,5,4,"asymmetricP1"
"Figure_5_2","Kansas",12,37,109,5,4,"asymmetricP1"
"Figure_5_2","Utah",34,37,109,5,4,"asymmetricP1"
"Figure_5_2","Missouri",18,37,110,7,4,"asymmetricP1"
"Figure_5_2","Oklahoma",27,37,110,7,4,"asymmetricP1"
"Figure_5_2","Delaware",6,37,111,9,4,"asymmetricP1"
"Figure_5_2","Illinois",9,37,112,11,4,"asymmetricP1"
"Figure_5_2","Pennsylvania",28,37,112,11,4,"asymmetricP1"
"Figure_5_2","Maine",15,37,163,5,4,"asymmetricP2"
"Figure_5_2","Rhode Island",29,37,164,7,4,"asymmetricP2"
"Figure_5_2","Alabama",1,37,165,9,4,"asymmetricP2"
"Figure_5_2","Arkansas",2,37,165,9,4,"asymmetricP2"
"Figure_5_2","Indiana",10,37,217,5,4,"typeIc"
"Figure_5_2","Georgia",7,37,219,9,4,"typeIc"
"Figure_5_2","Texas",33,37,225,21,4,"typeIc"
"Figure_5_2","Nebraska",20,37,325,5,4,"mori2006"
"Figure_5_2","New Hampshire",22,37,327,9,4,"mori2006"
"Figure_5_2","Connecticut",5,37,330,15,4,"mori2006"
"Figure_5_2","Minnesota",16,37,330,15,4,"mori2006"
"Figure_5_2","Nevada",21,37,331,17,4,"mori2006"
"Figure_5_2","Idaho",8,38,1,5,4,"symmetricP1"
"Figure_5_2","North Dakota",25,38,1,5,4,"symmetricP1"
"Figure_5_2","Ohio",26,38,1,5,4,"symmetricP1"
"Figure_5_2","Delaware",6,38,11,7,5,"symmetricP1"
"Figure_5_2","New Mexico",23,38,11,7,5,"symmetricP1"
"Figure_5_2","Arkansas",2,38,12,9,5,"symmetricP1"
"Figure_5_2","Mississippi",17,38,12,9,5,"symmetricP1"
"Figure_5_2","North Carolina",24,38,12,9,5,"symmetricP1"
"Figure_5_2","Tennessee",32,38,13,11,5,"symmetricP1"
"Figure_5_2","Vermont",35,38,100,5,9,"symmetricP2"
"Figure_5_2","South Carolina",30,38,101,7,9,"symmetricP2"
"Figure_5_2","Louisiana",14,38,102,9,9,"symmetricP2"
"Figure_5_2","Colorado",4,38,109,5,4,"asymmetricP1"
"Figure_5_2","Iowa",11,38,109,5,4,"asymmetricP1"
"Figure_5_2","Kansas",12,38,109,5,4,"asymmetricP1"
"Figure_5_2","Utah",34,38,109,5,4,"asymmetricP1"
"Figure_5_2","Missouri",18,38,110,7,4,"asymmetricP1"
"Figure_5_2","Illinois",9,38,112,11,4,"asymmetricP1"
"Figure_5_2","Minnesota",16,38,114,15,4,"asymmetricP1"
"Figure_5_2","Maine",15,38,163,5,4,"asymmetricP2"
"Figure_5_2","Wyoming",39,38,163,5,4,"asymmetricP2"
"Figure_5_2","Wisconsin",38,38,164,7,4,"asymmetricP2"
"Figure_5_2","Alabama",1,38,165,9,4,"asymmetricP2"
"Figure_5_2","Oklahoma",27,38,168,15,4,"asymmetricP2"
"Figure_5_2","Kentucky",13,38,169,17,4,"asymmetricP2"
"Figure_5_2","Indiana",10,38,217,5,4,"typeIc"
"Figure_5_2","Rhode Island",29,38,218,7,4,"typeIc"
"Figure_5_2","Georgia",7,38,219,9,4,"typeIc"
"Figure_5_2","Montana",19,38,220,11,4,"typeIc"
"Figure_5_2","Pennsylvania",28,38,220,11,4,"typeIc"
"Figure_5_2","Texas",33,38,225,21,4,"typeIc"
"Figure_5_2","Nebraska",20,38,325,5,4,"mori2006"
"Figure_5_2","South Dakota",31,38,326,7,4,"mori2006"
"Figure_5_2","New Hampshire",22,38,327,9,4,"mori2006"
"Figure_5_2","Connecticut",5,38,330,15,4,"mori2006"
"Figure_5_2","Nevada",21,38,331,17,4,"mori2006"
"Figure_5_2","Virginia",36,38,333,21,4,"mori2006"
"Figure_5_2","Delaware",6,39,1,5,4,"symmetricP1"
"Figure_5_2","Idaho",8,39,1,5,4,"symmetricP1"
"Figure_5_2","North Dakota",25,39,1,5,4,"symmetricP1"
"Figure_5_2","Oklahoma",27,39,1,5,4,"symmetricP1"
"Figure_5_2","Utah",34,39,1,5,4,"symmetricP1"
"Figure_5_2","Mississippi",17,39,12,9,5,"symmetricP1"
"Figure_5_2","North Carolina",24,39,12,9,5,"symmetricP1"
"Figure_5_2","Tennessee",32,39,13,11,5,"symmetricP1"
"Figure_5_2","Montana",19,39,100,5,9,"symmetricP2"
"Figure_5_2","Kentucky",13,39,101,7,9,"symmetricP2"
"Figure_5_2","South Carolina",30,39,101,7,9,"symmetricP2"
"Figure_5_2","Louisiana",14,39,102,9,9,"symmetricP2"
"Figure_5_2","West Virginia",37,39,103,11,9,"symmetricP2"
"Figure_5_2","Colorado",4,39,109,5,4,"asymmetricP1"
"Figure_5_2","Iowa",11,39,109,5,4,"asymmetricP1"
"Figure_5_2","Kansas",12,39,109,5,4,"asymmetricP1"
"Figure_5_2","Missouri",18,39,110,7,4,"asymmetricP1"
"Figure_5_2","Illinois",9,39,112,11,4,"asymmetricP1"
"Figure_5_2","Pennsylvania",28,39,112,11,4,"asymmetricP1"
"Figure_5_2","Maine",15,39,163,5,4,"asymmetricP2"
"Figure_5_2","Vermont",35,39,163,5,4,"asymmetricP2"
"Figure_5_2","South Dakota",31,39,164,7,4,"asymmetricP2"
"Figure_5_2","Alabama",1,39,165,9,4,"asymmetricP2"
"Figure_5_2","Arkansas",2,39,165,9,4,"asymmetricP2"
"Figure_5_2","Texas",33,39,171,21,4,"asymmetricP2"
"Figure_5_2","Indiana",10,39,217,5,4,"typeIc"
"Figure_5_2","Wyoming",39,39,217,5,4,"typeIc"
"Figure_5_2","Rhode Island",29,39,218,7,4,"typeIc"
"Figure_5_2","Georgia",7,39,219,9,4,"typeIc"
"Figure_5_2","Ohio",26,39,221,13,4,"typeIc"
"Figure_5_2","Nebraska",20,39,325,5,4,"mori2006"
"Figure_5_2","New Mexico",23,39,326,7,4,"mori2006"
"Figure_5_2","New Hampshire",22,39,327,9,4,"mori2006"
"Figure_5_2","Connecticut",5,39,330,15,4,"mori2006"
"Figure_5_2","Minnesota",16,39,330,15,4,"mori2006"
"Figure_5_2","Nevada",21,39,331,17,4,"mori2006"
"Figure_5_2","Virginia",36,39,333,21,4,"mori2006"
"Figure_5_2","North Carolina",24,4,1,5,4,"symmetricP1"
"Figure_5_2","South Carolina",30,4,11,7,5,"symmetricP1"
"Figure_5_2","Mississippi",17,4,12,9,5,"symmetricP1"
"Figure_5_2","North Dakota",25,4,12,9,5,"symmetricP1"
"Figure_5_2","Tennessee",32,4,13,11,5,"symmetricP1"
"Figure_5_2","Ohio",26,4,14,13,5,"symmetricP1"
"Figure_5_2","South Dakota",31,4,17,19,5,"symmetricP1"
"Figure_5_2","Delaware",6,4,100,5,9,"symmetricP2"
"Figure_5_2","Vermont",35,4,100,5,9,"symmetricP2"
"Figure_5_2","Kentucky",13,4,101,7,9,"symmetricP2"
"Figure_5_2","Colorado",4,4,109,5,4,"asymmetricP1"
"Figure_5_2","Idaho",8,4,109,5,4,"asymmetricP1"
"Figure_5_2","Iowa",11,4,109,5,4,"asymmetricP1"
"Figure_5_2","Kansas",12,4,109,5,4,"asymmetricP1"
"Figure_5_2","Nebraska",20,4,109,5,4,"asymmetricP1"
"Figure_5_2","Utah",34,4,109,5,4,"asymmetricP1"
"Figure_5_2","Oklahoma",27,4,110,7,4,"asymmetricP1"
"Figure_5_2","Illinois",9,4,112,11,4,"asymmetricP1"
"Figure_5_2","Pennsylvania",28,4,112,11,4,"asymmetricP1"
"Figure_5_2","Minnesota",16,4,114,15,4,"asymmetricP1"
"Figure_5_2","Maine",15,4,163,5,4,"asymmetricP2"
"Figure_5_2","Montana",19,4,163,5,4,"asymmetricP2"
"Figure_5_2","West Virginia",37,4,164,7,4,"asymmetricP2"
"Figure_5_2","Wisconsin",38,4,164,7,4,"asymmetricP2"
"Figure_5_2","Alabama",1,4,165,9,4,"asymmetricP2"
"Figure_5_2","Arkansas",2,4,165,9,4,"asymmetricP2"
"Figure_5_2","Louisiana",14,4,165,9,4,"asymmetricP2"
"Figure_5_2","Indiana",10,4,217,5,4,"typeIc"
"Figure_5_2","Wyoming",39,4,217,5,4,"typeIc"
"Figure_5_2","Missouri",18,4,218,7,4,"typeIc"
"Figure_5_2","Rhode Island",29,4,218,7,4,"typeIc"
"Figure_5_2","Georgia",7,4,219,9,4,"typeIc"
"Figure_5_2","Texas",33,4,225,21,4,"typeIc"
"Figure_5_2","New Mexico",23,4,326,7,4,"mori2006"
"Figure_5_2","New Hampshire",22,4,327,9,4,"mori2006"
"Figure_5_2","Connecticut",5,4,330,15,4,"mori2006"
"Figure_5_2","Nevada",21,4,331,17,4,"mori2006"
"Figure_5_2","Virginia",36,4,333,21,4,"mori2006"
"Figure_5_2","Idaho",8,40,1,5,4,"symmetricP1"
"Figure_5_2","Ohio",26,40,1,5,4,"symmetricP1"
"Figure_5_2","Oklahoma",27,40,11,7,5,"symmetricP1"
"Figure_5_2","South Carolina",30,40,11,7,5,"symmetricP1"
"Figure_5_2","Mississippi",17,40,12,9,5,"symmetricP1"
"Figure_5_2","North Carolina",24,40,12,9,5,"symmetricP1"
"Figure_5_2","North Dakota",25,40,13,11,5,"symmetricP1"
"Figure_5_2","Tennessee",32,40,13,11,5,"symmetricP1"
"Figure_5_2","Vermont",35,40,100,5,9,"symmetricP2"
"Figure_5_2","Virginia",36,40,100,5,9,"symmetricP2"
"Figure_5_2","Wisconsin",38,40,100,5,9,"symmetricP2"
"Figure_5_2","South Dakota",31,40,101,7,9,"symmetricP2"
"Figure_5_2","Colorado",4,40,109,5,4,"asymmetricP1"
"Figure_5_2","Delaware",6,40,109,5,4,"asymmetricP1"
"Figure_5_2","Iowa",11,40,109,5,4,"asymmetricP1"
"Figure_5_2","Kansas",12,40,109,5,4,"asymmetricP1"
"Figure_5_2","Utah",34,40,109,5,4,"asymmetricP1"
"Figure_5_2","Missouri",18,40,110,7,4,"asymmetricP1"
"Figure_5_2","Nebraska",20,40,110,7,4,"asymmetricP1"
"Figure_5_2","Illinois",9,40,112,11,4,"asymmetricP1"
"Figure_5_2","Pennsylvania",28,40,112,11,4,"asymmetricP1"
"Figure_5_2","Minnesota",16,40,114,15,4,"asymmetricP1"
"Figure_5_2","Texas",33,40,115,17,4,"asymmetricP1"
"Figure_5_2","Maine",15,40,163,5,4,"asymmetricP2"
"Figure_5_2","Montana",19,40,163,5,4,"asymmetricP2"
"Figure_5_2","Alabama",1,40,165,9,4,"asymmetricP2"
"Figure_5_2","Arkansas",2,40,165,9,4,"asymmetricP2"
"Figure_5_2","Louisiana",14,40,165,9,4,"asymmetricP2"
"Figure_5_2","Kentucky",13,40,169,17,4,"asymmetricP2"
"Figure_5_2","Rhode Island",29,40,218,7,4,"typeIc"
"Figure_5_2","Georgia",7,40,219,9,4,"typeIc"
"Figure_5_2","New Mexico",23,40,326,7,4,"mori2006"
"Figure_5_2","West Virginia",37,40,326,7,4,"mori2006"
"Figure_5_2","New Hampshire",22,40,327,9,4,"mori2006"
"Figure_5_2","Indiana",10,40,329,13,4,"mori2006"
"Figure_5_2","Connecticut",5,40,330,15,4,"mori2006"
"Figure_5_2","Nevada",21,40,331,17,4,"mori2006"
"Figure_5_2","Idaho",8,5,1,5,4,"symmetricP1"
"Figure_5_2","Nebraska",20,5,1,5,4,"symmetricP1"
"Figure_5_2","Ohio",26,5,1,5,4,"symmetricP1"
"Figure_5_2","Mississippi",17,5,12,9,5,"symmetricP1"
"Figure_5_2","Tennessee",32,5,13,11,5,"symmetricP1"
"Figure_5_2","Delaware",6,5,100,5,9,"symmetricP2"
"Figure_5_2","Vermont",35,5,100,5,9,"symmetricP2"
"Figure_5_2","Kentucky",13,5,101,7,9,"symmetricP2"
"Figure_5_2","South Carolina",30,5,101,7,9,"symmetricP2"
"Figure_5_2","Louisiana",14,5,102,9,9,"symmetricP2"
"Figure_5_2","Iowa",11,5,109,5,4,"asymmetricP1"
"Figure_5_2","Kansas",12,5,109,5,4,"asymmetricP1"
"Figure_5_2","Utah",34,5,109,5,4,"asymmetricP1"
"Figure_5_2","Missouri",18,5,110,7,4,"asymmetricP1"
"Figure_5_2","Oklahoma",27,5,110,7,4,"asymmetricP1"
"Figure_5_2","Illinois",9,5,113,13,4,"asymmetricP1"
"Figure_5_2","Minnesota",16,5,114,15,4,"asymmetricP1"
"Figure_5_2","Texas",33,5,115,17,4,"asymmetricP1"
"Figure_5_2","Maine",15,5,163,5,4,"asymmetricP2"
"Figure_5_2","South Dakota",31,5,164,7,4,"asymmetricP2"
"Figure_5_2","Wisconsin",38,5,164,7,4,"asymmetricP2"
"Figure_5_2","Alabama",1,5,165,9,4,"asymmetricP2"
"Figure_5_2","Arkansas",2,5,165,9,4,"asymmetricP2"
"Figure_5_2","Indiana",10,5,217,5,4,"typeIc"
"Figure_5_2","North Carolina",24,5,217,5,4,"typeIc"
"Figure_5_2","Wyoming",39,5,217,5,4,"typeIc"
"Figure_5_2","Rhode Island",29,5,218,7,4,"typeIc"
"Figure_5_2","North Dakota",25,5,219,9,4,"typeIc"
"Figure_5_2","Montana",19,5,220,11,4,"typeIc"
"Figure_5_2","Pennsylvania",28,5,220,11,4,"typeIc"
"Figure_5_2","Georgia",7,5,325,5,4,"mori2006"
"Figure_5_2","New Mexico",23,5,326,7,4,"mori2006"
"Figure_5_2","West Virginia",37,5,326,7,4,"mori2006"
"Figure_5_2","New Hampshire",22,5,327,9,4,"mori2006"
"Figure_5_2","Connecticut",5,5,330,15,4,"mori2006"
"Figure_5_2","Nevada",21,5,331,17,4,"mori2006"
"Figure_5_2","Virginia",36,5,333,21,4,"mori2006"
"Figure_5_2","Idaho",8,6,1,5,4,"symmetricP1"
"Figure_5_2","North Dakota",25,6,1,5,4,"symmetricP1"
"Figure_5_2","Mississippi",17,6,12,9,5,"symmetricP1"
"Figure_5_2","Tennessee",32,6,13,11,5,"symmetricP1"
"Figure_5_2","Vermont",35,6,100,5,9,"symmetricP2"
"Figure_5_2","Wisconsin",38,6,100,5,9,"symmetricP2"
"Figure_5_2","South Dakota",31,6,101,7,9,"symmetricP2"
"Figure_5_2","Nevada",21,6,102,9,9,"symmetricP2"
"Figure_5_2","Georgia",7,6,103,11,9,"symmetricP2"
"Figure_5_2","Minnesota",16,6,103,11,9,"symmetricP2"
"Figure_5_2","Colorado",4,6,109,5,4,"asymmetricP1"
"Figure_5_2","Iowa",11,6,109,5,4,"asymmetricP1"
"Figure_5_2","Utah",34,6,109,5,4,"asymmetricP1"
"Figure_5_2","Missouri",18,6,110,7,4,"asymmetricP1"
"Figure_5_2","New Mexico",23,6,110,7,4,"asymmetricP1"
"Figure_5_2","Illinois",9,6,112,11,4,"asymmetricP1"
"Figure_5_2","Oklahoma",27,6,114,15,4,"asymmetricP1"
"Figure_5_2","Texas",33,6,115,17,4,"asymmetricP1"
"Figure_5_2","Maine",15,6,163,5,4,"asymmetricP2"
"Figure_5_2","Wyoming",39,6,163,5,4,"asymmetricP2"
"Figure_5_2","Alabama",1,6,165,9,4,"asymmetricP2"
"Figure_5_2","Arkansas",2,6,165,9,4,"asymmetricP2"
"Figure_5_2","Louisiana",14,6,165,9,4,"asymmetricP2"
"Figure_5_2","West Virginia",37,6,166,11,4,"asymmetricP2"
"Figure_5_2","Kentucky",13,6,169,17,4,"asymmetricP2"
"Figure_5_2","Indiana",10,6,217,5,4,"typeIc"
"Figure_5_2","North Carolina",24,6,217,5,4,"typeIc"
"Figure_5_2","Rhode Island",29,6,218,7,4,"typeIc"
"Figure_5_2","South Carolina",30,6,218,7,4,"typeIc"
"Figure_5_2","Montana",19,6,220,11,4,"typeIc"
"Figure_5_2","Pennsylvania",28,6,220,11,4,"typeIc"
"Figure_5_2","Ohio",26,6,221,13,4,"typeIc"
"Figure_5_2","Nebraska",20,6,325,5,4,"mori2006"
"Figure_5_2","Delaware",6,6,326,7,4,"mori2006"
"Figure_5_2","New Hampshire",22,6,327,9,4,"mori2006"
"Figure_5_2","Kansas",12,6,328,11,4,"mori2006"
"Figure_5_2","Virginia",36,6,328,11,4,"mori2006"
"Figure_5_2","Idaho",8,7,1,5,4,"symmetricP1"
"Figure_5_2","North Dakota",25,7,1,5,4,"symmetricP1"
"Figure_5_2","South Carolina",30,7,11,7,5,"symmetricP1"
"Figure_5_2","Mississippi",17,7,12,9,5,"symmetricP1"
"Figure_5_2","Wyoming",39,7,12,9,5,"symmetricP1"
"Figure_5_2","Tennessee",32,7,13,11,5,"symmetricP1"
"Figure_5_2","Ohio",26,7,14,13,5,"symmetricP1"
"Figure_5_2","Vermont",35,7,100,5,9,"symmetricP2"
"Figure_5_2","Wisconsin",38,7,100,5,9,"symmetricP2"
"Figure_5_2","Kentucky",13,7,101,7,9,"symmetricP2"
"Figure_5_2","Louisiana",14,7,102,9,9,"symmetricP2"
"Figure_5_2","Georgia",7,7,103,11,9,"symmetricP2"
"Figure_5_2","West Virginia",37,7,103,11,9,"symmetricP2"
"Figure_5_2","New Hampshire",22,7,107,19,9,"symmetricP2"
"Figure_5_2","Colorado",4,7,109,5,4,"asymmetricP1"
"Figure_5_2","Kansas",12,7,109,5,4,"asymmetricP1"
"Figure_5_2","Nebraska",20,7,109,5,4,"asymmetricP1"
"Figure_5_2","Oklahoma",27,7,110,7,4,"asymmetricP1"
"Figure_5_2","Illinois",9,7,113,13,4,"asymmetricP1"
"Figure_5_2","Minnesota",16,7,114,15,4,"asymmetricP1"
"Figure_5_2","Texas",33,7,115,17,4,"asymmetricP1"
"Figure_5_2","Maine",15,7,163,5,4,"asymmetricP2"
"Figure_5_2","Utah",34,7,163,5,4,"asymmetricP2"
"Figure_5_2","Alabama",1,7,165,9,4,"asymmetricP2"
"Figure_5_2","Arkansas",2,7,165,9,4,"asymmetricP2"
"Figure_5_2","Indiana",10,7,217,5,4,"typeIc"
"Figure_5_2","North Carolina",24,7,217,5,4,"typeIc"
"Figure_5_2","Missouri",18,7,218,7,4,"typeIc"
"Figure_5_2","Rhode Island",29,7,218,7,4,"typeIc"
"Figure_5_2","Montana",19,7,220,11,4,"typeIc"
"Figure_5_2","Pennsylvania",28,7,220,11,4,"typeIc"
"Figure_5_2","Virginia",36,7,225,21,4,"typeIc"
"Figure_5_2","New Mexico",23,7,326,7,4,"mori2006"
"Figure_5_2","South Dakota",31,7,326,7,4,"mori2006"
"Figure_5_2","Iowa",11,7,327,9,4,"mori2006"
"Figure_5_2","Connecticut",5,7,330,15,4,"mori2006"
"Figure_5_2","Nevada",21,7,331,17,4,"mori2006"
"Figure_5_2","Idaho",8,8,1,5,4,"symmetricP1"
"Figure_5_2","Ohio",26,8,1,5,4,"symmetricP1"
"Figure_5_2","Mississippi",17,8,12,9,5,"symmetricP1"
"Figure_5_2","Delaware",6,8,100,5,9,"symmetricP2"
"Figure_5_2","Vermont",35,8,100,5,9,"symmetricP2"
"Figure_5_2","Kentucky",13,8,101,7,9,"symmetricP2"
"Figure_5_2","South Dakota",31,8,101,7,9,"symmetricP2"
"Figure_5_2","Louisiana",14,8,102,9,9,"symmetricP2"
"Figure_5_2","North Dakota",25,8,102,9,9,"symmetricP2"
"Figure_5_2","South Carolina",30,8,102,9,9,"symmetricP2"
"Figure_5_2","Colorado",4,8,109,5,4,"asymmetricP1"
"Figure_5_2","Iowa",11,8,109,5,4,"asymmetricP1"
"Figure_5_2","Kansas",12,8,109,5,4,"asymmetricP1"
"Figure_5_2","Nebraska",20,8,109,5,4,"asymmetricP1"
"Figure_5_2","Oklahoma",27,8,109,5,4,"asymmetricP1"
"Figure_5_2","Utah",34,8,109,5,4,"asymmetricP1"
"Figure_5_2","Missouri",18,8,110,7,4,"asymmetricP1"
"Figure_5_2","New Mexico",23,8,110,7,4,"asymmetricP1"
"Figure_5_2","Alabama",1,8,111,9,4,"asymmetricP1"
"Figure_5_2","Tennessee",32,8,111,9,4,"asymmetricP1"
"Figure_5_2","Pennsylvania",28,8,112,11,4,"asymmetricP1"
"Figure_5_2","Illinois",9,8,113,13,4,"asymmetricP1"
"Figure_5_2","Minnesota",16,8,114,15,4,"asymmetricP1"
"Figure_5_2","Texas",33,8,115,17,4,"asymmetricP1"
"Figure_5_2","Maine",15,8,163,5,4,"asymmetricP2"
"Figure_5_2","Wisconsin",38,8,163,5,4,"asymmetricP2"
"Figure_5_2","West Virginia",37,8,164,7,4,"asymmetricP2"
"Figure_5_2","Arkansas",2,8,165,9,4,"asymmetricP2"
"Figure_5_2","Indiana",10,8,217,5,4,"typeIc"
"Figure_5_2","North Carolina",24,8,217,5,4,"typeIc"
"Figure_5_2","Wyoming",39,8,217,5,4,"typeIc"
"Figure_5_2","Rhode Island",29,8,218,7,4,"typeIc"
"Figure_5_2","Montana",19,8,220,11,4,"typeIc"
"Figure_5_2","New Hampshire",22,8,325,5,4,"mori2006"
"Figure_5_2","Virginia",36,8,328,11,4,"mori2006"
"Figure_5_2","Connecticut",5,8,330,15,4,"mori2006"
"Figure_5_2","Nevada",21,8,331,17,4,"mori2006"
"Figure_5_2","North Dakota",25,9,1,5,4,"symmetricP1"
"Figure_5_2","Ohio",26,9,1,5,4,"symmetricP1"
"Figure_5_2","New Mexico",23,9,11,7,5,"symmetricP1"
"Figure_5_2","West Virginia",37,9,11,7,5,"symmetricP1"
"Figure_5_2","Mississippi",17,9,12,9,5,"symmetricP1"
"Figure_5_2","North Carolina",24,9,12,9,5,"symmetricP1"
"Figure_5_2","Delaware",6,9,100,5,9,"symmetricP2"
"Figure_5_2","Montana",19,9,100,5,9,"symmetricP2"
"Figure_5_2","Louisiana",14,9,102,9,9,"symmetricP2"
"Figure_5_2","Colorado",4,9,109,5,4,"asymmetricP1"
"Figure_5_2","Iowa",11,9,109,5,4,"asymmetricP1"
"Figure_5_2","Kansas",12,9,109,5,4,"asymmetricP1"
"Figure_5_2","Nebraska",20,9,109,5,4,"asymmetricP1"
"Figure_5_2","Utah",34,9,109,5,4,"asymmetricP1"
"Figure_5_2","Illinois",9,9,112,11,4,"asymmetricP1"
"Figure_5_2","Pennsylvania",28,9,112,11,4,"asymmetricP1"
"Figure_5_2","Minnesota",16,9,114,15,4,"asymmetricP1"
"Figure_5_2","Texas",33,9,115,17,4,"asymmetricP1"
"Figure_5_2","Missouri",18,9,163,5,4,"asymmetricP2"
"Figure_5_2","Wisconsin",38,9,163,5,4,"asymmetricP2"
"Figure_5_2","Oklahoma",27,9,164,7,4,"asymmetricP2"
"Figure_5_2","Alabama",1,9,165,9,4,"asymmetricP2"
"Figure_5_2","Arkansas",2,9,165,9,4,"asymmetricP2"
"Figure_5_2","Kentucky",13,9,171,21,4,"asymmetricP2"
"Figure_5_2","Indiana",10,9,217,5,4,"typeIc"
"Figure_5_2","Wyoming",39,9,217,5,4,"typeIc"
"Figure_5_2","Rhode Island",29,9,218,7,4,"typeIc"
"Figure_5_2","South Carolina",30,9,218,7,4,"typeIc"
"Figure_5_2","Georgia",7,9,325,5,4,"mori2006"
"Figure_5_2","Maine",15,9,326,7,4,"mori2006"
"Figure_5_2","South Dakota",31,9,326,7,4,"mori2006"
"Figure_5_2","Vermont",35,9,326,7,4,"mori2006"
"Figure_5_2","New Hampshire",22,9,327,9,4,"mori2006"
"Figure_5_2","Tennessee",32,9,328,11,4,"mori2006"
"Figure_5_2","Virginia",36,9,328,11,4,"mori2006"
"Figure_5_2","Connecticut",5,9,330,15,4,"mori2006"
"Figure_5_2","Nevada",21,9,331,17,4,"mori2006"
"Figure_5_2","Idaho",8,100,1,5,4,"symmetricP1"
"Figure_5_2","Oklahoma",27,100,1,5,4,"symmetricP1"
"Figure_5_2","Tennessee",32,100,1,5,4,"symmetricP1"
"Figure_5_2","Mississippi",17,100,12,9,5,"symmetricP1"
"Figure_5_2","North Carolina",24,100,12,9,5,"symmetricP1"
"Figure_5_2","Delaware",6,100,100,5,9,"symmetricP2"
"Figure_5_2","Montana",19,100,100,5,9,"symmetricP2"
"Figure_5_2","Vermont",35,100,100,5,9,"symmetricP2"
"Figure_5_2","Wisconsin",38,100,100,5,9,"symmetricP2"
"Figure_5_2","Kentucky",13,100,101,7,9,"symmetricP2"
"Figure_5_2","Colorado",4,100,109,5,4,"asymmetricP1"
"Figure_5_2","Kansas",12,100,109,5,4,"asymmetricP1"
"Figure_5_2","North Dakota",25,100,109,5,4,"asymmetricP1"
"Figure_5_2","Pennsylvania",28,100,109,5,4,"asymmetricP1"
"Figure_5_2","Missouri",18,100,110,7,4,"asymmetricP1"
"Figure_5_2","Illinois",9,100,113,13,4,"asymmetricP1"
"Figure_5_2","Maine",15,100,163,5,4,"asymmetricP2"
"Figure_5_2","Louisiana",14,100,165,9,4,"asymmetricP2"
"Figure_5_2","Alabama",1,100,166,11,4,"asymmetricP2"
"Figure_5_2","Indiana",10,100,217,5,4,"typeIc"
"Figure_5_2","Iowa",11,100,217,5,4,"typeIc"
"Figure_5_2","Utah",34,100,217,5,4,"typeIc"
"Figure_5_2","Wyoming",39,100,217,5,4,"typeIc"
"Figure_5_2","Rhode Island",29,100,218,7,4,"typeIc"
"Figure_5_2","South Carolina",30,100,218,7,4,"typeIc"
"Figure_5_2","West Virginia",37,100,218,7,4,"typeIc"
"Figure_5_2","Georgia",7,100,219,9,4,"typeIc"
"Figure_5_2","Texas",33,100,225,21,4,"typeIc"
"Figure_5_2","Nebraska",20,100,325,5,4,"mori2006"
"Figure_5_2","New Mexico",23,100,326,7,4,"mori2006"
"Figure_5_2","South Dakota",31,100,326,7,4,"mori2006"
"Figure_5_2","New Hampshire",22,100,327,9,4,"mori2006"
"Figure_5_2","Connecticut",5,100,330,15,4,"mori2006"
"Figure_5_2","Minnesota",16,100,330,15,4,"mori2006"
"Figure_5_2","Nevada",21,100,331,17,4,"mori2006"
"Figure_5_2","Virginia",36,100,333,21,4,"mori2006"
"Figure_5_2","Idaho",8,101,1,5,4,"symmetricP1"
"Figure_5_2","Indiana",10,101,1,5,4,"symmetricP1"
"Figure_5_2","Tennessee",32,101,1,5,4,"symmetricP1"
"Figure_5_2","South Carolina",30,101,11,7,5,"symmetricP1"
"Figure_5_2","Mississippi",17,101,12,9,5,"symmetricP1"
"Figure_5_2","North Carolina",24,101,12,9,5,"symmetricP1"
"Figure_5_2","Montana",19,101,100,5,9,"symmetricP2"
"Figure_5_2","Wisconsin",38,101,100,5,9,"symmetricP2"
"Figure_5_2","Delaware",6,101,101,7,9,"symmetricP2"
"Figure_5_2","Kentucky",13,101,101,7,9,"symmetricP2"
"Figure_5_2","North Dakota",25,101,102,9,9,"symmetricP2"
"Figure_5_2","Georgia",7,101,103,11,9,"symmetricP2"
"Figure_5_2","Colorado",4,101,109,5,4,"asymmetricP1"
"Figure_5_2","Iowa",11,101,109,5,4,"asymmetricP1"
"Figure_5_2","Kansas",12,101,109,5,4,"asymmetricP1"
"Figure_5_2","Utah",34,101,109,5,4,"asymmetricP1"
"Figure_5_2","New Mexico",23,101,110,7,4,"asymmetricP1"
"Figure_5_2","West Virginia",37,101,110,7,4,"asymmetricP1"
"Figure_5_2","Vermont",35,101,111,9,4,"asymmetricP1"
"Figure_5_2","Illinois",9,101,112,11,4,"asymmetricP1"
"Figure_5_2","Minnesota",16,101,114,15,4,"asymmetricP1"
"Figure_5_2","Maine",15,101,163,5,4,"asymmetricP2"
"Figure_5_2","Ohio",26,101,163,5,4,"asymmetricP2"
"Figure_5_2","South Dakota",31,101,164,7,4,"asymmetricP2"
"Figure_5_2","Alabama",1,101,165,9,4,"asymmetricP2"
"Figure_5_2","Louisiana",14,101,165,9,4,"asymmetricP2"
"Figure_5_2","Wyoming",39,101,217,5,4,"typeIc"
"Figure_5_2","Missouri",18,101,218,7,4,"typeIc"
"Figure_5_2","Rhode Island",29,101,218,7,4,"typeIc"
"Figure_5_2","Pennsylvania",28,101,220,11,4,"typeIc"
"Figure_5_2","Texas",33,101,225,21,4,"typeIc"
"Figure_5_2","Nebraska",20,101,325,5,4,"mori2006"
"Figure_5_2","New Hampshire",22,101,327,9,4,"mori2006"
"Figure_5_2","Connecticut",5,101,330,15,4,"mori2006"
"Figure_5_2","Nevada",21,101,331,17,4,"mori2006"
"Figure_5_2","Virginia",36,101,333,21,4,"mori2006"
"Figure_5_2","North Carolina",24,102,1,5,4,"symmetricP1"
"Figure_5_2","Tennessee",32,102,1,5,4,"symmetricP1"
"Figure_5_2","South Carolina",30,102,11,7,5,"symmetricP1"
"Figure_5_2","North Dakota",25,102,12,9,5,"symmetricP1"
"Figure_5_2","Connecticut",5,102,13,11,5,"symmetricP1"
"Figure_5_2","Montana",19,102,100,5,9,"symmetricP2"
"Figure_5_2","Vermont",35,102,100,5,9,"symmetricP2"
"Figure_5_2","Kentucky",13,102,101,7,9,"symmetricP2"
"Figure_5_2","Colorado",4,102,109,5,4,"asymmetricP1"
"Figure_5_2","Georgia",7,102,109,5,4,"asymmetricP1"
"Figure_5_2","Idaho",8,102,109,5,4,"asymmetricP1"
"Figure_5_2","Iowa",11,102,109,5,4,"asymmetricP1"
"Figure_5_2","Utah",34,102,109,5,4,"asymmetricP1"
"Figure_5_2","Missouri",18,102,110,7,4,"asymmetricP1"
"Figure_5_2","Illinois",9,102,112,11,4,"asymmetricP1"
"Figure_5_2","Kansas",12,102,112,11,4,"asymmetricP1"
"Figure_5_2","Minnesota",16,102,114,15,4,"asymmetricP1"
"Figure_5_2","Ohio",26,102,114,15,4,"asymmetricP1"
"Figure_5_2","Texas",33,102,115,17,4,"asymmetricP1"
"Figure_5_2","Maine",15,102,163,5,4,"asymmetricP2"
"Figure_5_2","Delaware",6,102,164,7,4,"asymmetricP2"
"Figure_5_2","Oklahoma",27,102,164,7,4,"asymmetricP2"
"Figure_5_2","Wisconsin",38,102,164,7,4,"asymmetricP2"
"Figure_5_2","Louisiana",14,102,165,9,4,"asymmetricP2"
"Figure_5_2","Mississippi",17,102,165,9,4,"asymmetricP2"
"Figure_5_2","Alabama",1,102,166,11,4,"asymmetricP2"
"Figure_5_2","Indiana",10,102,217,5,4,"typeIc"
"Figure_5_2","Wyoming",39,102,217,5,4,"typeIc"
"Figure_5_2","Rhode Island",29,102,218,7,4,"typeIc"
"Figure_5_2","South Dakota",31,102,218,7,4,"typeIc"
"Figure_5_2","West Virginia",37,102,218,7,4,"typeIc"
"Figure_5_2","Nebraska",20,102,325,5,4,"mori2006"
"Figure_5_2","New Mexico",23,102,326,7,4,"mori2006"
"Figure_5_2","New Hampshire",22,102,327,9,4,"mori2006"
"Figure_5_2","Nevada",21,102,331,17,4,"mori2006"
"Figure_5_2","Virginia",36,102,333,21,4,"mori2006"
"Figure_5_2","Tennessee",32,103,1,5,4,"symmetricP1"
"Figure_5_2","New Mexico",23,103,11,7,5,"symmetricP1"
"Figure_5_2","South Carolina",30,103,11,7,5,"symmetricP1"
"Figure_5_2","Mississippi",17,103,12,9,5,"symmetricP1"
"Figure_5_2","Minnesota",16,103,15,15,5,"symmetricP1"
"Figure_5_2","Montana",19,103,100,5,9,"symmetricP2"
"Figure_5_2","Vermont",35,103,100,5,9,"symmetricP2"
"Figure_5_2","Wisconsin",38,103,100,5,9,"symmetricP2"
"Figure_5_2","South Dakota",31,103,101,7,9,"symmetricP2"
"Figure_5_2","Louisiana",14,103,102,9,9,"symmetricP2"
"Figure_5_2","Nevada",21,103,102,9,9,"symmetricP2"
"Figure_5_2","North Dakota",25,103,102,9,9,"symmetricP2"
"Figure_5_2","Colorado",4,103,109,5,4,"asymmetricP1"
"Figure_5_2","Idaho",8,103,109,5,4,"asymmetricP1"
"Figure_5_2","Iowa",11,103,109,5,4,"asymmetricP1"
"Figure_5_2","Kansas",12,103,109,5,4,"asymmetricP1"
"Figure_5_2","Nebraska",20,103,109,5,4,"asymmetricP1"
"Figure_5_2","Missouri",18,103,110,7,4,"asymmetricP1"
"Figure_5_2","Oklahoma",27,103,110,7,4,"asymmetricP1"
"Figure_5_2","Illinois",9,103,112,11,4,"asymmetricP1"
"Figure_5_2","Texas",33,103,115,17,4,"asymmetricP1"
"Figure_5_2","Ohio",26,103,163,5,4,"asymmetricP2"
"Figure_5_2","Utah",34,103,163,5,4,"asymmetricP2"
"Figure_5_2","Delaware",6,103,164,7,4,"asymmetricP2"
"Figure_5_2","Alabama",1,103,166,11,4,"asymmetricP2"
"Figure_5_2","Indiana",10,103,217,5,4,"typeIc"
"Figure_5_2","Wyoming",39,103,217,5,4,"typeIc"
"Figure_5_2","West Virginia",37,103,218,7,4,"typeIc"
"Figure_5_2","Georgia",7,103,219,9,4,"typeIc"
"Figure_5_2","Pennsylvania",28,103,220,11,4,"typeIc"
"Figure_5_2","Kentucky",13,103,222,15,4,"typeIc"
"Figure_5_2","North Carolina",24,103,325,5,4,"mori2006"
"Figure_5_2","Maine",15,103,327,9,4,"mori2006"
"Figure_5_2","New Hampshire",22,103,327,9,4,"mori2006"
"Figure_5_2","Connecticut",5,103,330,15,4,"mori2006"
"Figure_5_2","Virginia",36,103,333,21,4,"mori2006"
"Figure_5_2","Idaho",8,104,1,5,4,"symmetricP1"
"Figure_5_2","Tennessee",32,104,1,5,4,"symmetricP1"
"Figure_5_2","Ohio",26,104,14,13,5,"symmetricP1"
"Figure_5_2","Texas",33,104,16,17,5,"symmetricP1"
"Figure_5_2","Colorado",4,104,100,5,9,"symmetricP2"
"Figure_5_2","Louisiana",14,104,102,9,9,"symmetricP2"
"Figure_5_2","North Dakota",25,104,102,9,9,"symmetricP2"
"Figure_5_2","Georgia",7,104,103,11,9,"symmetricP2"
"Figure_5_2","Kentucky",13,104,106,17,9,"symmetricP2"
"Figure_5_2","Iowa",11,104,109,5,4,"asymmetricP1"
"Figure_5_2","Kansas",12,104,109,5,4,"asymmetricP1"
"Figure_5_2","Nebraska",20,104,109,5,4,"asymmetricP1"
"Figure_5_2","New Mexico",23,104,109,5,4,"asymmetricP1"
"Figure_5_2","Utah",34,104,109,5,4,"asymmetricP1"
"Figure_5_2","Missouri",18,104,110,7,4,"asymmetricP1"
"Figure_5_2","Oklahoma",27,104,110,7,4,"asymmetricP1"
"Figure_5_2","Illinois",9,104,113,13,4,"asymmetricP1"
"Figure_5_2","Maine",15,104,163,5,4,"asymmetricP2"
"Figure_5_2","Wisconsin",38,104,163,5,4,"asymmetricP2"
"Figure_5_2","Delaware",6,104,164,7,4,"asymmetricP2"
"Figure_5_2","Alabama",1,104,165,9,4,"asymmetricP2"
"Figure_5_2","Mississippi",17,104,165,9,4,"asymmetricP2"
"Figure_5_2","Indiana",10,104,217,5,4,"typeIc"
"Figure_5_2","North Carolina",24,104,217,5,4,"typeIc"
"Figure_5_2","Wyoming",39,104,217,5,4,"typeIc"
"Figure_5_2","Rhode Island",29,104,218,7,4,"typeIc"
"Figure_5_2","South Dakota",31,104,218,7,4,"typeIc"
"Figure_5_2","Montana",19,104,219,9,4,"typeIc"
"Figure_5_2","Pennsylvania",28,104,220,11,4,"typeIc"
"Figure_5_2","Vermont",35,104,325,5,4,"mori2006"
"Figure_5_2","Virginia",36,104,325,5,4,"mori2006"
"Figure_5_2","West Virginia",37,104,326,7,4,"mori2006"
"Figure_5_2","New Hampshire",22,104,327,9,4,"mori2006"
"Figure_5_2","Connecticut",5,104,330,15,4,"mori2006"
"Figure_5_2","Minnesota",16,104,330,15,4,"mori2006"
"Figure_5_2","Nevada",21,104,331,17,4,"mori2006"
"Figure_5_2","Delaware",6,106,1,5,4,"symmetricP1"
"Figure_5_2","Idaho",8,106,1,5,4,"symmetricP1"
"Figure_5_2","Mississippi",17,106,12,9,5,"symmetricP1"
"Figure_5_2","North Carolina",24,106,12,9,5,"symmetricP1"
"Figure_5_2","Connecticut",5,106,13,11,5,"symmetricP1"
"Figure_5_2","Montana",19,106,100,5,9,"symmetricP2"
"Figure_5_2","Vermont",35,106,100,5,9,"symmetricP2"
"Figure_5_2","Kentucky",13,106,101,7,9,"symmetricP2"
"Figure_5_2","Louisiana",14,106,102,9,9,"symmetricP2"
"Figure_5_2","North Dakota",25,106,102,9,9,"symmetricP2"
"Figure_5_2","Ohio",26,106,103,11,9,"symmetricP2"
"Figure_5_2","Colorado",4,106,109,5,4,"asymmetricP1"
"Figure_5_2","Iowa",11,106,109,5,4,"asymmetricP1"
"Figure_5_2","Kansas",12,106,109,5,4,"asymmetricP1"
"Figure_5_2","Oklahoma",27,106,109,5,4,"asymmetricP1"
"Figure_5_2","Utah",34,106,109,5,4,"asymmetricP1"
"Figure_5_2","Missouri",18,106,110,7,4,"asymmetricP1"
"Figure_5_2","Illinois",9,106,112,11,4,"asymmetricP1"
"Figure_5_2","Pennsylvania",28,106,112,11,4,"asymmetricP1"
"Figure_5_2","Minnesota",16,106,114,15,4,"asymmetricP1"
"Figure_5_2","Texas",33,106,115,17,4,"asymmetricP1"
"Figure_5_2","Maine",15,106,163,5,4,"asymmetricP2"
"Figure_5_2","South Carolina",30,106,163,5,4,"asymmetricP2"
"Figure_5_2","Wisconsin",38,106,163,5,4,"asymmetricP2"
"Figure_5_2","Alabama",1,106,166,11,4,"asymmetricP2"
"Figure_5_2","Indiana",10,106,217,5,4,"typeIc"
"Figure_5_2","Wyoming",39,106,217,5,4,"typeIc"
"Figure_5_2","Rhode Island",29,106,218,7,4,"typeIc"
"Figure_5_2","South Dakota",31,106,218,7,4,"typeIc"
"Figure_5_2","West Virginia",37,106,218,7,4,"typeIc"
"Figure_5_2","Georgia",7,106,219,9,4,"typeIc"
"Figure_5_2","Nebraska",20,106,325,5,4,"mori2006"
"Figure_5_2","New Mexico",23,106,326,7,4,"mori2006"
"Figure_5_2","New Hampshire",22,106,327,9,4,"mori2006"
"Figure_5_2","Nevada",21,106,331,17,4,"mori2006"
"Figure_5_2","Virginia",36,106,333,21,4,"mori2006"
"Figure_5_2","Idaho",8,107,1,5,4,"symmetricP1"
"Figure_5_2","North Dakota",25,107,1,5,4,"symmetricP1"
"Figure_5_2","Tennessee",32,107,1,5,4,"symmetricP1"
"Figure_5_2","Delaware",6,107,11,7,5,"symmetricP1"
"Figure_5_2","Mississippi",17,107,12,9,5,"symmetricP1"
"Figure_5_2","Montana",19,107,100,5,9,"symmetricP2"
"Figure_5_2","South Carolina",30,107,101,7,9,"symmetricP2"
"Figure_5_2","South Dakota",31,107,101,7,9,"symmetricP2"
"Figure_5_2","Colorado",4,107,109,5,4,"asymmetricP1"
"Figure_5_2","Georgia",7,107,109,5,4,"asymmetricP1"
"Figure_5_2","Iowa",11,107,109,5,4,"asymmetricP1"
"Figure_5_2","Kansas",12,107,109,5,4,"asymmetricP1"
"Figure_5_2","Nebraska",20,107,109,5,4,"asymmetricP1"
"Figure_5_2","Utah",34,107,109,5,4,"asymmetricP1"
"Figure_5_2","Wyoming",39,107,109,5,4,"asymmetricP1"
"Figure_5_2","Oklahoma",27,107,110,7,4,"asymmetricP1"
"Figure_5_2","West Virginia",37,107,110,7,4,"asymmetricP1"
"Figure_5_2","Minnesota",16,107,114,15,4,"asymmetricP1"
"Figure_5_2","Louisiana",14,107,116,19,4,"asymmetricP1"
"Figure_5_2","Maine",15,107,163,5,4,"asymmetricP2"
"Figure_5_2","Vermont",35,107,163,5,4,"asymmetricP2"
"Figure_5_2","Wisconsin",38,107,163,5,4,"asymmetricP2"
"Figure_5_2","Alabama",1,107,166,11,4,"asymmetricP2"
"Figure_5_2","Ohio",26,107,166,11,4,"asymmetricP2"
"Figure_5_2","Indiana",10,107,217,5,4,"typeIc"
"Figure_5_2","North Carolina",24,107,217,5,4,"typeIc"
"Figure_5_2","Missouri",18,107,218,7,4,"typeIc"
"Figure_5_2","Rhode Island",29,107,218,7,4,"typeIc"
"Figure_5_2","Pennsylvania",28,107,220,11,4,"typeIc"
"Figure_5_2","Kentucky",13,107,222,15,4,"typeIc"
"Figure_5_2","Illinois",9,107,223,17,4,"typeIc"
"Figure_5_2","New Mexico",23,107,326,7,4,"mori2006"
"Figure_5_2","New Hampshire",22,107,327,9,4,"mori2006"
"Figure_5_2","Connecticut",5,107,330,15,4,"mori2006"
"Figure_5_2","Nevada",21,107,331,17,4,"mori2006"
"Figure_5_2","Virginia",36,107,333,21,4,"mori2006"
"Figure_5_2","Idaho",8,108,1,5,4,"symmetricP1"
"Figure_5_2","Tennessee",32,108,1,5,4,"symmetricP1"
"Figure_5_2","South Carolina",30,108,11,7,5,"symmetricP1"
"Figure_5_2","North Carolina",24,108,12,9,5,"symmetricP1"
"Figure_5_2","Ohio",26,108,14,13,5,"symmetricP1"
"Figure_5_2","Texas",33,108,16,17,5,"symmetricP1"
"Figure_5_2","Montana",19,108,100,5,9,"symmetricP2"
"Figure_5_2","Vermont",35,108,100,5,9,"symmetricP2"
"Figure_5_2","Wisconsin",38,108,100,5,9,"symmetricP2"
"Figure_5_2","Delaware",6,108,101,7,9,"symmetricP2"
"Figure_5_2","Louisiana",14,108,102,9,9,"symmetricP2"
"Figure_5_2","North Dakota",25,108,102,9,9,"symmetricP2"
"Figure_5_2","Colorado",4,108,109,5,4,"asymmetricP1"
"Figure_5_2","Iowa",11,108,109,5,4,"asymmetricP1"
"Figure_5_2","Kansas",12,108,109,5,4,"asymmetricP1"
"Figure_5_2","Missouri",18,108,110,7,4,"asymmetricP1"
"Figure_5_2","New Mexico",23,108,110,7,4,"asymmetricP1"
"Figure_5_2","Illinois",9,108,112,11,4,"asymmetricP1"
"Figure_5_2","Pennsylvania",28,108,112,11,4,"asymmetricP1"
"Figure_5_2","Georgia",7,108,163,5,4,"asymmetricP2"
"Figure_5_2","Oklahoma",27,108,164,7,4,"asymmetricP2"
"Figure_5_2","Alabama",1,108,165,9,4,"asymmetricP2"
"Figure_5_2","Mississippi",17,108,165,9,4,"asymmetricP2"
"Figure_5_2","Kentucky",13,108,169,17,4,"asymmetricP2"
"Figure_5_2","Indiana",10,108,217,5,4,"typeIc"
"Figure_5_2","Wyoming",39,108,217,5,4,"typeIc"
"Figure_5_2","Rhode Island",29,108,218,7,4,"typeIc"
"Figure_5_2","South Dakota",31,108,218,7,4,"typeIc"
"Figure_5_2","West Virginia",37,108,218,7,4,"typeIc"
"Figure_5_2","Nebraska",20,108,325,5,4,"mori2006"
"Figure_5_2","New Hampshire",22,108,325,5,4,"mori2006"
"Figure_5_2","Maine",15,108,327,9,4,"mori2006"
"Figure_5_2","Connecticut",5,108,330,15,4,"mori2006"
"Figure_5_2","Minnesota",16,108,330,15,4,"mori2006"
"Figure_5_2","Nevada",21,108,331,17,4,"mori2006"
"Figure_5_2","Virginia",36,108,333,21,4,"mori2006"
"Figure_5_2","Idaho",8,109,1,5,4,"symmetricP1"
"Figure_5_2","North Carolina",24,109,1,5,4,"symmetricP1"
"Figure_5_2","Tennessee",32,109,1,5,4,"symmetricP1"
"Figure_5_2","Virginia",36,109,1,5,4,"symmetricP1"
"Figure_5_2","Mississippi",17,109,12,9,5,"symmetricP1"
"Figure_5_2","Delaware",6,109,100,5,9,"symmetricP2"
"Figure_5_2","Montana",19,109,100,5,9,"symmetricP2"
"Figure_5_2","Wisconsin",38,109,100,5,9,"symmetricP2"
"Figure_5_2","Kentucky",13,109,101,7,9,"symmetricP2"
"Figure_5_2","South Carolina",30,109,101,7,9,"symmetricP2"
"Figure_5_2","North Dakota",25,109,102,9,9,"symmetricP2"
"Figure_5_2","Colorado",4,109,109,5,4,"asymmetricP1"
"Figure_5_2","Iowa",11,109,109,5,4,"asymmetricP1"
"Figure_5_2","Kansas",12,109,109,5,4,"asymmetricP1"
"Figure_5_2","Nebraska",20,109,109,5,4,"asymmetricP1"
"Figure_5_2","Missouri",18,109,110,7,4,"asymmetricP1"
"Figure_5_2","Oklahoma",27,109,110,7,4,"asymmetricP1"
"Figure_5_2","West Virginia",37,109,110,7,4,"asymmetricP1"
"Figure_5_2","Texas",33,109,115,17,4,"asymmetricP1"
"Figure_5_2","Maine",15,109,163,5,4,"asymmetricP2"
"Figure_5_2","Ohio",26,109,163,5,4,"asymmetricP2"
"Figure_5_2","Louisiana",14,109,165,9,4,"asymmetricP2"
"Figure_5_2","Alabama",1,109,166,11,4,"asymmetricP2"
"Figure_5_2","Indiana",10,109,217,5,4,"typeIc"
"Figure_5_2","Utah",34,109,217,5,4,"typeIc"
"Figure_5_2","Wyoming",39,109,217,5,4,"typeIc"
"Figure_5_2","South Dakota",31,109,218,7,4,"typeIc"
"Figure_5_2","Pennsylvania",28,109,220,11,4,"typeIc"
"Figure_5_2","Illinois",9,109,224,19,4,"typeIc"
"Figure_5_2","Georgia",7,109,325,5,4,"mori2006"
"Figure_5_2","Rhode Island",29,109,325,5,4,"mori2006"
"Figure_5_2","New Mexico",23,109,326,7,4,"mori2006"
"Figure_5_2","New Hampshire",22,109,327,9,4,"mori2006"
"Figure_5_2","Connecticut",5,109,330,15,4,"mori2006"
"Figure_5_2","Minnesota",16,109,330,15,4,"mori2006"
"Figure_5_2","Nevada",21,109,331,17,4,"mori2006"
"Figure_5_2","Idaho",8,110,1,5,4,"symmetricP1"
"Figure_5_2","Tennessee",32,110,1,5,4,"symmetricP1"
"Figure_5_2","Wyoming",39,110,1,5,4,"symmetricP1"
"Figure_5_2","South Carolina",30,110,11,7,5,"symmetricP1"
"Figure_5_2","Georgia",7,110,12,9,5,"symmetricP1"
"Figure_5_2","Mississippi",17,110,12,9,5,"symmetricP1"
"Figure_5_2","Colorado",4,110,100,5,9,"symmetricP2"
"Figure_5_2","Vermont",35,110,100,5,9,"symmetricP2"
"Figure_5_2","Kentucky",13,110,101,7,9,"symmetricP2"
"Figure_5_2","South Dakota",31,110,101,7,9,"symmetricP2"
"Figure_5_2","Louisiana",14,110,102,9,9,"symmetricP2"
"Figure_5_2","North Dakota",25,110,102,9,9,"symmetricP2"
"Figure_5_2","Iowa",11,110,109,5,4,"asymmetricP1"
"Figure_5_2","Kansas",12,110,109,5,4,"asymmetricP1"
"Figure_5_2","Nebraska",20,110,109,5,4,"asymmetricP1"
"Figure_5_2","Utah",34,110,109,5,4,"asymmetricP1"
"Figure_5_2","Missouri",18,110,110,7,4,"asymmetricP1"
"Figure_5_2","New Mexico",23,110,110,7,4,"asymmetricP1"
"Figure_5_2","Oklahoma",27,110,110,7,4,"asymmetricP1"
"Figure_5_2","West Virginia",37,110,110,7,4,"asymmetricP1"
"Figure_5_2","Delaware",6,110,111,9,4,"asymmetricP1"
"Figure_5_2","Pennsylvania",28,110,112,11,4,"asymmetricP1"
"Figure_5_2","Minnesota",16,110,114,15,4,"asymmetricP1"
"Figure_5_2","Texas",33,110,115,17,4,"asymmetricP1"
"Figure_5_2","Maine",15,110,163,5,4,"asymmetricP2"
"Figure_5_2","Wisconsin",38,110,163,5,4,"asymmetricP2"
"Figure_5_2","Alabama",1,110,166,11,4,"asymmetricP2"
"Figure_5_2","Ohio",26,110,166,11,4,"asymmetricP2"
"Figure_5_2","Indiana",10,110,217,5,4,"typeIc"
"Figure_5_2","Rhode Island",29,110,218,7,4,"typeIc"
"Figure_5_2","Illinois",9,110,220,11,4,"typeIc"
"Figure_5_2","Montana",19,110,220,11,4,"typeIc"
"Figure_5_2","North Carolina",24,110,327,9,4,"mori2006"
"Figure_5_2","Connecticut",5,110,330,15,4,"mori2006"
"Figure_5_2","Nevada",21,110,331,17,4,"mori2006"
"Figure_5_2","New Hampshire",22,110,333,21,4,"mori2006"
"Figure_5_2","Delaware",6,111,1,5,4,"symmetricP1"
"Figure_5_2","Idaho",8,111,1,5,4,"symmetricP1"
"Figure_5_2","North Dakota",25,111,1,5,4,"symmetricP1"
"Figure_5_2","Tennessee",32,111,1,5,4,"symmetricP1"
"Figure_5_2","South Carolina",30,111,11,7,5,"symmetricP1"
"Figure_5_2","Mississippi",17,111,12,9,5,"symmetricP1"
"Figure_5_2","Ohio",26,111,14,13,5,"symmetricP1"
"Figure_5_2","Vermont",35,111,100,5,9,"symmetricP2"
"Figure_5_2","Kentucky",13,111,101,7,9,"symmetricP2"
"Figure_5_2","South Dakota",31,111,101,7,9,"symmetricP2"
"Figure_5_2","Louisiana",14,111,102,9,9,"symmetricP2"
"Figure_5_2","Colorado",4,111,109,5,4,"asymmetricP1"
"Figure_5_2","Kansas",12,111,109,5,4,"asymmetricP1"
"Figure_5_2","Utah",34,111,109,5,4,"asymmetricP1"
"Figure_5_2","Missouri",18,111,110,7,4,"asymmetricP1"
"Figure_5_2","Nebraska",20,111,110,7,4,"asymmetricP1"
"Figure_5_2","Pennsylvania",28,111,112,11,4,"asymmetricP1"
"Figure_5_2","Illinois",9,111,113,13,4,"asymmetricP1"
"Figure_5_2","Minnesota",16,111,114,15,4,"asymmetricP1"
"Figure_5_2","Texas",33,111,115,17,4,"asymmetricP1"
"Figure_5_2","Maine",15,111,163,5,4,"asymmetricP2"
"Figure_5_2","Wisconsin",38,111,164,7,4,"asymmetricP2"
"Figure_5_2","Alabama",1,111,166,11,4,"asymmetricP2"
"Figure_5_2","Oklahoma",27,111,168,15,4,"asymmetricP2"
"Figure_5_2","Indiana",10,111,217,5,4,"typeIc"
"Figure_5_2","North Carolina",24,111,217,5,4,"typeIc"
"Figure_5_2","Wyoming",39,111,217,5,4,"typeIc"
"Figure_5_2","Rhode Island",29,111,218,7,4,"typeIc"
"Figure_5_2","Iowa",11,111,219,9,4,"typeIc"
"Figure_5_2","Montana",19,111,220,11,4,"typeIc"
"Figure_5_2","Georgia",7,111,325,5,4,"mori2006"
"Figure_5_2","New Mexico",23,111,326,7,4,"mori2006"
"Figure_5_2","New Hampshire",22,111,327,9,4,"mori2006"
"Figure_5_2","Connecticut",5,111,330,15,4,"mori2006"
"Figure_5_2","Nevada",21,111,331,17,4,"mori2006"
"Figure_5_2","Virginia",36,111,333,21,4,"mori2006"
"Figure_5_2","Idaho",8,112,1,5,4,"symmetricP1"
"Figure_5_2","Tennessee",32,112,1,5,4,"symmetricP1"
"Figure_5_2","Utah",34,112,1,5,4,"symmetricP1"
"Figure_5_2","New Mexico",23,112,11,7,5,"symmetricP1"
"Figure_5_2","South Carolina",30,112,11,7,5,"symmetricP1"
"Figure_5_2","Mississippi",17,112,12,9,5,"symmetricP1"
"Figure_5_2","North Dakota",25,112,12,9,5,"symmetricP1"
"Figure_5_2","Ohio",26,112,14,13,5,"symmetricP1"
"Figure_5_2","Montana",19,112,100,5,9,"symmetricP2"
"Figure_5_2","Louisiana",14,112,102,9,9,"symmetricP2"
"Figure_5_2","Colorado",4,112,109,5,4,"asymmetricP1"
"Figure_5_2","Kansas",12,112,109,5,4,"asymmetricP1"
"Figure_5_2","Nebraska",20,112,109,5,4,"asymmetricP1"
"Figure_5_2","Oklahoma",27,112,109,5,4,"asymmetricP1"
"Figure_5_2","Delaware",6,112,110,7,4,"asymmetricP1"
"Figure_5_2","Missouri",18,112,110,7,4,"asymmetricP1"
"Figure_5_2","Illinois",9,112,112,11,4,"asymmetricP1"
"Figure_5_2","Kentucky",13,112,114,15,4,"asymmetricP1"
"Figure_5_2","Iowa",11,112,163,5,4,"asymmetricP2"
"Figure_5_2","Maine",15,112,163,5,4,"asymmetricP2"
"Figure_5_2","Pennsylvania",28,112,163,5,4,"asymmetricP2"
"Figure_5_2","Vermont",35,112,163,5,4,"asymmetricP2"
"Figure_5_2","Alabama",1,112,166,11,4,"asymmetricP2"
"Figure_5_2","Texas",33,112,171,21,4,"asymmetricP2"
"Figure_5_2","Indiana",10,112,217,5,4,"typeIc"
"Figure_5_2","North Carolina",24,112,217,5,4,"typeIc"
"Figure_5_2","Wyoming",39,112,217,5,4,"typeIc"
"Figure_5_2","Rhode Island",29,112,218,7,4,"typeIc"
"Figure_5_2","South Dakota",31,112,218,7,4,"typeIc"
"Figure_5_2","Georgia",7,112,219,9,4,"typeIc"
"Figure_5_2","West Virginia",37,112,326,7,4,"mori2006"
"Figure_5_2","New Hampshire",22,112,327,9,4,"mori2006"
"Figure_5_2","Connecticut",5,112,330,15,4,"mori2006"
"Figure_5_2","Minnesota",16,112,330,15,4,"mori2006"
"Figure_5_2","Nevada",21,112,331,17,4,"mori2006"
"Figure_5_2","Virginia",36,112,333,21,4,"mori2006"
"Figure_5_2","Idaho",8,113,1,5,4,"symmetricP1"
"Figure_5_2","Tennessee",32,113,1,5,4,"symmetricP1"
"Figure_5_2","Colorado",4,113,11,7,5,"symmetricP1"
"Figure_5_2","South Carolina",30,113,11,7,5,"symmetricP1"
"Figure_5_2","Mississippi",17,113,12,9,5,"symmetricP1"
"Figure_5_2","North Carolina",24,113,12,9,5,"symmetricP1"
"Figure_5_2","Illinois",9,113,17,19,5,"symmetricP1"
"Figure_5_2","Montana",19,113,100,5,9,"symmetricP2"
"Figure_5_2","Vermont",35,113,100,5,9,"symmetricP2"
"Figure_5_2","Wisconsin",38,113,100,5,9,"symmetricP2"
"Figure_5_2","South Dakota",31,113,101,7,9,"symmetricP2"
"Figure_5_2","Louisiana",14,113,102,9,9,"symmetricP2"
"Figure_5_2","Georgia",7,113,103,11,9,"symmetricP2"
"Figure_5_2","Ohio",26,113,103,11,9,"symmetricP2"
"Figure_5_2","Iowa",11,113,109,5,4,"asymmetricP1"
"Figure_5_2","Kansas",12,113,109,5,4,"asymmetricP1"
"Figure_5_2","Nebraska",20,113,109,5,4,"asymmetricP1"
"Figure_5_2","Utah",34,113,109,5,4,"asymmetricP1"
"Figure_5_2","Oklahoma",27,113,110,7,4,"asymmetricP1"
"Figure_5_2","Pennsylvania",28,113,112,11,4,"asymmetricP1"
"Figure_5_2","Minnesota",16,113,114,15,4,"asymmetricP1"
"Figure_5_2","Texas",33,113,115,17,4,"asymmetricP1"
"Figure_5_2","Maine",15,113,163,5,4,"asymmetricP2"
"Figure_5_2","Delaware",6,113,164,7,4,"asymmetricP2"
"Figure_5_2","Missouri",18,113,164,7,4,"asymmetricP2"
"Figure_5_2","West Virginia",37,113,164,7,4,"asymmetricP2"
"Figure_5_2","Alabama",1,113,165,9,4,"asymmetricP2"
"Figure_5_2","Rhode Island",29,113,218,7,4,"typeIc"
"Figure_5_2","North Dakota",25,113,219,9,4,"typeIc"
"Figure_5_2","Indiana",10,113,221,13,4,"typeIc"
"Figure_5_2","Kentucky",13,113,222,15,4,"typeIc"
"Figure_5_2","New Mexico",23,113,326,7,4,"mori2006"
"Figure_5_2","New Hampshire",22,113,327,9,4,"mori2006"
"Figure_5_2","Connecticut",5,113,330,15,4,"mori2006"
"Figure_5_2","Nevada",21,113,331,17,4,"mori2006"
"Figure_5_2","Virginia",36,113,333,21,4,"mori2006"
"Figure_5_2","Idaho",8,114,1,5,4,"symmetricP1"
"Figure_5_2","New Mexico",23,114,11,7,5,"symmetricP1"
"Figure_5_2","Mississippi",17,114,12,9,5,"symmetricP1"
"Figure_5_2","North Carolina",24,114,12,9,5,"symmetricP1"
"Figure_5_2","Tennessee",32,114,13,11,5,"symmetricP1"
"Figure_5_2","Delaware",6,114,100,5,9,"symmetricP2"
"Figure_5_2","Wisconsin",38,114,100,5,9,"symmetricP2"
"Figure_5_2","Nevada",21,114,102,9,9,"symmetricP2"
"Figure_5_2","North Dakota",25,114,102,9,9,"symmetricP2"
"Figure_5_2","Minnesota",16,114,103,11,9,"symmetricP2"
"Figure_5_2","Kentucky",13,114,106,17,9,"symmetricP2"
"Figure_5_2","Iowa",11,114,109,5,4,"asymmetricP1"
"Figure_5_2","Utah",34,114,109,5,4,"asymmetricP1"
"Figure_5_2","Texas",33,114,110,7,4,"asymmetricP1"
"Figure_5_2","Illinois",9,114,111,9,4,"asymmetricP1"
"Figure_5_2","Oklahoma",27,114,114,15,4,"asymmetricP1"
"Figure_5_2","Maine",15,114,163,5,4,"asymmetricP2"
"Figure_5_2","Wyoming",39,114,163,5,4,"asymmetricP2"
"Figure_5_2","South Dakota",31,114,164,7,4,"asymmetricP2"
"Figure_5_2","Alabama",1,114,165,9,4,"asymmetricP2"
"Figure_5_2","Arkansas",2,114,165,9,4,"asymmetricP2"
"Figure_5_2","Louisiana",14,114,165,9,4,"asymmetricP2"
"Figure_5_2","West Virginia",37,114,166,11,4,"asymmetricP2"
"Figure_5_2","Indiana",10,114,217,5,4,"typeIc"
"Figure_5_2","Missouri",18,114,218,7,4,"typeIc"
"Figure_5_2","Rhode Island",29,114,218,7,4,"typeIc"
"Figure_5_2","South Carolina",30,114,218,7,4,"typeIc"
"Figure_5_2","Georgia",7,114,219,9,4,"typeIc"
"Figure_5_2","Kansas",12,114,219,9,4,"typeIc"
"Figure_5_2","Montana",19,114,220,11,4,"typeIc"
"Figure_5_2","Pennsylvania",28,114,220,11,4,"typeIc"
"Figure_5_2","Ohio",26,114,221,13,4,"typeIc"
"Figure_5_2","Nebraska",20,114,325,5,4,"mori2006"
"Figure_5_2","Vermont",35,114,326,7,4,"mori2006"
"Figure_5_2","New Hampshire",22,114,327,9,4,"mori2006"
"Figure_5_2","Virginia",36,114,328,11,4,"mori2006"
"Figure_5_2","Ohio",26,115,1,5,4,"symmetricP1"
"Figure_5_2","West Virginia",37,115,11,7,5,"symmetricP1"
"Figure_5_2","Mississippi",17,115,12,9,5,"symmetricP1"
"Figure_5_2","North Carolina",24,115,12,9,5,"symmetricP1"
"Figure_5_2","North Dakota",25,115,13,11,5,"symmetricP1"
"Figure_5_2","Tennessee",32,115,13,11,5,"symmetricP1"
"Figure_5_2","Vermont",35,115,100,5,9,"symmetricP2"
"Figure_5_2","Wisconsin",38,115,100,5,9,"symmetricP2"
"Figure_5_2","Kentucky",13,115,101,7,9,"symmetricP2"
"Figure_5_2","South Carolina",30,115,101,7,9,"symmetricP2"
"Figure_5_2","Virginia",36,115,102,9,9,"symmetricP2"
"Figure_5_2","New Hampshire",22,115,107,19,9,"symmetricP2"
"Figure_5_2","Idaho",8,115,109,5,4,"asymmetricP1"
"Figure_5_2","Kansas",12,115,109,5,4,"asymmetricP1"
"Figure_5_2","Utah",34,115,109,5,4,"asymmetricP1"
"Figure_5_2","Missouri",18,115,110,7,4,"asymmetricP1"
"Figure_5_2","New Mexico",23,115,110,7,4,"asymmetricP1"
"Figure_5_2","Oklahoma",27,115,110,7,4,"asymmetricP1"
"Figure_5_2","Illinois",9,115,113,13,4,"asymmetricP1"
"Figure_5_2","Maine",15,115,163,5,4,"asymmetricP2"
"Figure_5_2","South Dakota",31,115,164,7,4,"asymmetricP2"
"Figure_5_2","Alabama",1,115,165,9,4,"asymmetricP2"
"Figure_5_2","Arkansas",2,115,165,9,4,"asymmetricP2"
"Figure_5_2","Louisiana",14,115,165,9,4,"asymmetricP2"
"Figure_5_2","Indiana",10,115,217,5,4,"typeIc"
"Figure_5_2","Rhode Island",29,115,218,7,4,"typeIc"
"Figure_5_2","Georgia",7,115,219,9,4,"typeIc"
"Figure_5_2","Montana",19,115,220,11,4,"typeIc"
"Figure_5_2","Pennsylvania",28,115,220,11,4,"typeIc"
"Figure_5_2","Texas",33,115,223,17,4,"typeIc"
"Figure_5_2","Nebraska",20,115,325,5,4,"mori2006"
"Figure_5_2","Iowa",11,115,327,9,4,"mori2006"
"Figure_5_2","Wyoming",39,115,327,9,4,"mori2006"
"Figure_5_2","Connecticut",5,115,330,15,4,"mori2006"
"Figure_5_2","Minnesota",16,115,330,15,4,"mori2006"
"Figure_5_2","Nevada",21,115,331,17,4,"mori2006"
"Figure_5_2","Idaho",8,116,1,5,4,"symmetricP1"
"Figure_5_2","Mississippi",17,116,12,9,5,"symmetricP1"
"Figure_5_2","North Carolina",24,116,12,9,5,"symmetricP1"
"Figure_5_2","North Dakota",25,116,13,11,5,"symmetricP1"
"Figure_5_2","Delaware",6,116,100,5,9,"symmetricP2"
"Figure_5_2","Vermont",35,116,100,5,9,"symmetricP2"
"Figure_5_2","Kentucky",13,116,101,7,9,"symmetricP2"
"Figure_5_2","Louisiana",14,116,102,9,9,"symmetricP2"
"Figure_5_2","South Carolina",30,116,102,9,9,"symmetricP2"
"Figure_5_2","Iowa",11,116,109,5,4,"asymmetricP1"
"Figure_5_2","Kansas",12,116,109,5,4,"asymmetricP1"
"Figure_5_2","Nebraska",20,116,109,5,4,"asymmetricP1"
"Figure_5_2","Utah",34,116,109,5,4,"asymmetricP1"
"Figure_5_2","Oklahoma",27,116,110,7,4,"asymmetricP1"
"Figure_5_2","Alabama",1,116,111,9,4,"asymmetricP1"
"Figure_5_2","Tennessee",32,116,111,9,4,"asymmetricP1"
"Figure_5_2","Pennsylvania",28,116,112,11,4,"asymmetricP1"
"Figure_5_2","Illinois",9,116,113,13,4,"asymmetricP1"
"Figure_5_2","Minnesota",16,116,114,15,4,"asymmetricP1"
"Figure_5_2","Texas",33,116,115,17,4,"asymmetricP1"
"Figure_5_2","Maine",15,116,163,5,4,"asymmetricP2"
"Figure_5_2","Wisconsin",38,116,163,5,4,"asymmetricP2"
"Figure_5_2","Missouri",18,116,164,7,4,"asymmetricP2"
"Figure_5_2","Arkansas",2,116,165,9,4,"asymmetricP2"
"Figure_5_2","Nevada",21,116,165,9,4,"asymmetricP2"
"Figure_5_2","Indiana",10,116,217,5,4,"typeIc"
"Figure_5_2","Wyoming",39,116,217,5,4,"typeIc"
"Figure_5_2","Rhode Island",29,116,218,7,4,"typeIc"
"Figure_5_2","South Dakota",31,116,218,7,4,"typeIc"
"Figure_5_2","Montana",19,116,220,11,4,"typeIc"
"Figure_5_2","Ohio",26,116,221,13,4,"typeIc"
"Figure_5_2","New Mexico",23,116,326,7,4,"mori2006"
"Figure_5_2","West Virginia",37,116,326,7,4,"mori2006"
"Figure_5_2","New Hampshire",22,116,327,9,4,"mori2006"
"Figure_5_2","Connecticut",5,116,330,15,4,"mori2006"
"Figure_5_2","Virginia",36,116,333,21,4,"mori2006"
"Figure_5_2","Missouri",18,117,1,5,4,"symmetricP1"
"Figure_5_2","New Mexico",23,117,11,7,5,"symmetricP1"
"Figure_5_2","Mississippi",17,117,12,9,5,"symmetricP1"
"Figure_5_2","North Dakota",25,117,13,11,5,"symmetricP1"
"Figure_5_2","Delaware",6,117,100,5,9,"symmetricP2"
"Figure_5_2","Vermont",35,117,100,5,9,"symmetricP2"
"Figure_5_2","Wisconsin",38,117,100,5,9,"symmetricP2"
"Figure_5_2","Louisiana",14,117,102,9,9,"symmetricP2"
"Figure_5_2","Iowa",11,117,109,5,4,"asymmetricP1"
"Figure_5_2","Kansas",12,117,109,5,4,"asymmetricP1"
"Figure_5_2","Pennsylvania",28,117,112,11,4,"asymmetricP1"
"Figure_5_2","Illinois",9,117,113,13,4,"asymmetricP1"
"Figure_5_2","North Carolina",24,117,113,13,4,"asymmetricP1"
"Figure_5_2","Minnesota",16,117,114,15,4,"asymmetricP1"
"Figure_5_2","Texas",33,117,115,17,4,"asymmetricP1"
"Figure_5_2","Oklahoma",27,117,163,5,4,"asymmetricP2"
"Figure_5_2","West Virginia",37,117,164,7,4,"asymmetricP2"
"Figure_5_2","Alabama",1,117,165,9,4,"asymmetricP2"
"Figure_5_2","Arkansas",2,117,165,9,4,"asymmetricP2"
"Figure_5_2","Nevada",21,117,165,9,4,"asymmetricP2"
"Figure_5_2","Kentucky",13,117,169,17,4,"asymmetricP2"
"Figure_5_2","Indiana",10,117,217,5,4,"typeIc"
"Figure_5_2","Utah",34,117,217,5,4,"typeIc"
"Figure_5_2","Wyoming",39,117,217,5,4,"typeIc"
"Figure_5_2","Rhode Island",29,117,218,7,4,"typeIc"
"Figure_5_2","South Carolina",30,117,218,7,4,"typeIc"
"Figure_5_2","Georgia",7,117,219,9,4,"typeIc"
"Figure_5_2","Montana",19,117,219,9,4,"typeIc"
"Figure_5_2","Ohio",26,117,221,13,4,"typeIc"
"Figure_5_2","Maine",15,117,325,5,4,"mori2006"
"Figure_5_2","Nebraska",20,117,325,5,4,"mori2006"
"Figure_5_2","South Dakota",31,117,326,7,4,"mori2006"
"Figure_5_2","New Hampshire",22,117,327,9,4,"mori2006"
"Figure_5_2","Tennessee",32,117,328,11,4,"mori2006"
"Figure_5_2","Virginia",36,117,328,11,4,"mori2006"
"Figure_5_2","Connecticut",5,117,330,15,4,"mori2006"
"Figure_5_2","Ohio",26,118,1,5,4,"symmetricP1"
"Figure_5_2","Mississippi",17,118,12,9,5,"symmetricP1"
"Figure_5_2","North Carolina",24,118,12,9,5,"symmetricP1"
"Figure_5_2","North Dakota",25,118,12,9,5,"symmetricP1"
"Figure_5_2","Tennessee",32,118,13,11,5,"symmetricP1"
"Figure_5_2","Montana",19,118,100,5,9,"symmetricP2"
"Figure_5_2","Vermont",35,118,100,5,9,"symmetricP2"
"Figure_5_2","Kentucky",13,118,101,7,9,"symmetricP2"
"Figure_5_2","South Carolina",30,118,101,7,9,"symmetricP2"
"Figure_5_2","South Dakota",31,118,101,7,9,"symmetricP2"
"Figure_5_2","West Virginia",37,118,103,11,9,"symmetricP2"
"Figure_5_2","Idaho",8,118,109,5,4,"asymmetricP1"
"Figure_5_2","Kansas",12,118,109,5,4,"asymmetricP1"
"Figure_5_2","Oklahoma",27,118,109,5,4,"asymmetricP1"
"Figure_5_2","Wyoming",39,118,109,5,4,"asymmetricP1"
"Figure_5_2","Missouri",18,118,110,7,4,"asymmetricP1"
"Figure_5_2","Minnesota",16,118,114,15,4,"asymmetricP1"
"Figure_5_2","Texas",33,118,115,17,4,"asymmetricP1"
"Figure_5_2","Iowa",11,118,163,5,4,"asymmetricP2"
"Figure_5_2","Maine",15,118,163,5,4,"asymmetricP2"
"Figure_5_2","Utah",34,118,163,5,4,"asymmetricP2"
"Figure_5_2","Delaware",6,118,164,7,4,"asymmetricP2"
"Figure_5_2","Wisconsin",38,118,164,7,4,"asymmetricP2"
"Figure_5_2","Alabama",1,118,165,9,4,"asymmetricP2"
"Figure_5_2","Arkansas",2,118,165,9,4,"asymmetricP2"
"Figure_5_2","Louisiana",14,118,165,9,4,"asymmetricP2"
"Figure_5_2","Indiana",10,118,217,5,4,"typeIc"
"Figure_5_2","Rhode Island",29,118,218,7,4,"typeIc"
"Figure_5_2","Georgia",7,118,219,9,4,"typeIc"
"Figure_5_2","Pennsylvania",28,118,220,11,4,"typeIc"
"Figure_5_2","Nebraska",20,118,325,5,4,"mori2006"
"Figure_5_2","New Mexico",23,118,326,7,4,"mori2006"
"Figure_5_2","New Hampshire",22,118,327,9,4,"mori2006"
"Figure_5_2","Connecticut",5,118,330,15,4,"mori2006"
"Figure_5_2","Nevada",21,118,331,17,4,"mori2006"
"Figure_5_2","Virginia",36,118,333,21,4,"mori2006"
"Figure_5_2","Idaho",8,119,1,5,4,"symmetricP1"
"Figure_5_2","New Mexico",23,119,11,7,5,"symmetricP1"
"Figure_5_2","South Carolina",30,119,11,7,5,"symmetricP1"
"Figure_5_2","Mississippi",17,119,12,9,5,"symmetricP1"
"Figure_5_2","North Carolina",24,119,12,9,5,"symmetricP1"
"Figure_5_2","Tennessee",32,119,13,11,5,"symmetricP1"
"Figure_5_2","Iowa",11,119,100,5,9,"symmetricP2"
"Figure_5_2","Wisconsin",38,119,100,5,9,"symmetricP2"
"Figure_5_2","South Dakota",31,119,101,7,9,"symmetricP2"
"Figure_5_2","Louisiana",14,119,102,9,9,"symmetricP2"
"Figure_5_2","North Dakota",25,119,102,9,9,"symmetricP2"
"Figure_5_2","Kansas",12,119,109,5,4,"asymmetricP1"
"Figure_5_2","Oklahoma",27,119,109,5,4,"asymmetricP1"
"Figure_5_2","Utah",34,119,109,5,4,"asymmetricP1"
"Figure_5_2","Missouri",18,119,110,7,4,"asymmetricP1"
"Figure_5_2","Illinois",9,119,113,13,4,"asymmetricP1"
"Figure_5_2","Ohio",26,119,113,13,4,"asymmetricP1"
"Figure_5_2","Minnesota",16,119,114,15,4,"asymmetricP1"
"Figure_5_2","Maine",15,119,163,5,4,"asymmetricP2"
"Figure_5_2","Wyoming",39,119,163,5,4,"asymmetricP2"
"Figure_5_2","Alabama",1,119,165,9,4,"asymmetricP2"
"Figure_5_2","Arkansas",2,119,165,9,4,"asymmetricP2"
"Figure_5_2","Nevada",21,119,165,9,4,"asymmetricP2"
"Figure_5_2","West Virginia",37,119,166,11,4,"asymmetricP2"
"Figure_5_2","Kentucky",13,119,171,21,4,"asymmetricP2"
"Figure_5_2","Texas",33,119,171,21,4,"asymmetricP2"
"Figure_5_2","Rhode Island",29,119,218,7,4,"typeIc"
"Figure_5_2","Georgia",7,119,219,9,4,"typeIc"
"Figure_5_2","Vermont",35,119,219,9,4,"typeIc"
"Figure_5_2","Montana",19,119,220,11,4,"typeIc"
"Figure_5_2","Pennsylvania",28,119,220,11,4,"typeIc"
"Figure_5_2","Virginia",36,119,225,21,4,"typeIc"
"Figure_5_2","Delaware",6,119,325,5,4,"mori2006"
"Figure_5_2","Nebraska",20,119,325,5,4,"mori2006"
"Figure_5_2","New Hampshire",22,119,325,5,4,"mori2006"
"Figure_5_2","Connecticut",5,119,330,15,4,"mori2006"
"Figure_5_2","Idaho",8,120,1,5,4,"symmetricP1"
"Figure_5_2","Mississippi",17,120,12,9,5,"symmetricP1"
"Figure_5_2","North Dakota",25,120,13,11,5,"symmetricP1"
"Figure_5_2","Tennessee",32,120,13,11,5,"symmetricP1"
"Figure_5_2","Ohio",26,120,14,13,5,"symmetricP1"
"Figure_5_2","Montana",19,120,100,5,9,"symmetricP2"
"Figure_5_2","Vermont",35,120,100,5,9,"symmetricP2"
"Figure_5_2","Kentucky",13,120,101,7,9,"symmetricP2"
"Figure_5_2","South Carolina",30,120,101,7,9,"symmetricP2"
"Figure_5_2","South Dakota",31,120,101,7,9,"symmetricP2"
"Figure_5_2","Louisiana",14,120,102,9,9,"symmetricP2"
"Figure_5_2","Kansas",12,120,109,5,4,"asymmetricP1"
"Figure_5_2","Utah",34,120,109,5,4,"asymmetricP1"
"Figure_5_2","Missouri",18,120,110,7,4,"asymmetricP1"
"Figure_5_2","Minnesota",16,120,114,15,4,"asymmetricP1"
"Figure_5_2","Texas",33,120,115,17,4,"asymmetricP1"
"Figure_5_2","Virginia",36,120,163,5,4,"asymmetricP2"
"Figure_5_2","Delaware",6,120,164,7,4,"asymmetricP2"
"Figure_5_2","Oklahoma",27,120,164,7,4,"asymmetricP2"
"Figure_5_2","West Virginia",37,120,164,7,4,"asymmetricP2"
"Figure_5_2","Wisconsin",38,120,164,7,4,"asymmetricP2"
"Figure_5_2","Alabama",1,120,165,9,4,"asymmetricP2"
"Figure_5_2","Arkansas",2,120,165,9,4,"asymmetricP2"
"Figure_5_2","Indiana",10,120,217,5,4,"typeIc"
"Figure_5_2","North Carolina",24,120,217,5,4,"typeIc"
"Figure_5_2","Wyoming",39,120,217,5,4,"typeIc"
"Figure_5_2","Rhode Island",29,120,218,7,4,"typeIc"
"Figure_5_2","Pennsylvania",28,120,220,11,4,"typeIc"
"Figure_5_2","Illinois",9,120,224,19,4,"typeIc"
"Figure_5_2","Georgia",7,120,325,5,4,"mori2006"
"Figure_5_2","Nebraska",20,120,325,5,4,"mori2006"
"Figure_5_2","New Mexico",23,120,326,7,4,"mori2006"
"Figure_5_2","New Hampshire",22,120,327,9,4,"mori2006"
"Figure_5_2","Maine",15,120,328,11,4,"mori2006"
"Figure_5_2","Connecticut",5,120,330,15,4,"mori2006"
"Figure_5_2","Nevada",21,120,331,17,4,"mori2006"
"Figure_5_2","Delaware",6,121,1,5,4,"symmetricP1"
"Figure_5_2","Idaho",8,121,1,5,4,"symmetricP1"
"Figure_5_2","Nebraska",20,121,1,5,4,"symmetricP1"
"Figure_5_2","Utah",34,121,1,5,4,"symmetricP1"
"Figure_5_2","West Virginia",37,121,11,7,5,"symmetricP1"
"Figure_5_2","Mississippi",17,121,12,9,5,"symmetricP1"
"Figure_5_2","Tennessee",32,121,13,11,5,"symmetricP1"
"Figure_5_2","North Dakota",25,121,100,5,9,"symmetricP2"
"Figure_5_2","Vermont",35,121,100,5,9,"symmetricP2"
"Figure_5_2","Wisconsin",38,121,100,5,9,"symmetricP2"
"Figure_5_2","Kentucky",13,121,101,7,9,"symmetricP2"
"Figure_5_2","South Carolina",30,121,101,7,9,"symmetricP2"
"Figure_5_2","South Dakota",31,121,101,7,9,"symmetricP2"
"Figure_5_2","Georgia",7,121,109,5,4,"asymmetricP1"
"Figure_5_2","Iowa",11,121,109,5,4,"asymmetricP1"
"Figure_5_2","Oklahoma",27,121,109,5,4,"asymmetricP1"
"Figure_5_2","Pennsylvania",28,121,112,11,4,"asymmetricP1"
"Figure_5_2","Minnesota",16,121,114,15,4,"asymmetricP1"
"Figure_5_2","Texas",33,121,115,17,4,"asymmetricP1"
"Figure_5_2","Maine",15,121,163,5,4,"asymmetricP2"
"Figure_5_2","Alabama",1,121,165,9,4,"asymmetricP2"
"Figure_5_2","Arkansas",2,121,165,9,4,"asymmetricP2"
"Figure_5_2","Louisiana",14,121,165,9,4,"asymmetricP2"
"Figure_5_2","Nevada",21,121,165,9,4,"asymmetricP2"
"Figure_5_2","Indiana",10,121,217,5,4,"typeIc"
"Figure_5_2","North Carolina",24,121,217,5,4,"typeIc"
"Figure_5_2","Wyoming",39,121,217,5,4,"typeIc"
"Figure_5_2","Missouri",18,121,218,7,4,"typeIc"
"Figure_5_2","Rhode Island",29,121,218,7,4,"typeIc"
"Figure_5_2","Illinois",9,121,220,11,4,"typeIc"
"Figure_5_2","Montana",19,121,220,11,4,"typeIc"
"Figure_5_2","Ohio",26,121,221,13,4,"typeIc"
"Figure_5_2","New Mexico",23,121,326,7,4,"mori2006"
"Figure_5_2","New Hampshire",22,121,327,9,4,"mori2006"
"Figure_5_2","Connecticut",5,121,330,15,4,"mori2006"
"Figure_5_2","Virginia",36,121,333,21,4,"mori2006"
"Figure_5_2","Delaware",6,122,1,5,4,"symmetricP1"
"Figure_5_2","Idaho",8,122,1,5,4,"symmetricP1"
"Figure_5_2","Ohio",26,122,1,5,4,"symmetricP1"
"Figure_5_2","Oklahoma",27,122,11,7,5,"symmetricP1"
"Figure_5_2","Mississippi",17,122,12,9,5,"symmetricP1"
"Figure_5_2","North Carolina",24,122,12,9,5,"symmetricP1"
"Figure_5_2","Tennessee",32,122,13,11,5,"symmetricP1"
"Figure_5_2","North Dakota",25,122,100,5,9,"symmetricP2"
"Figure_5_2","Wisconsin",38,122,100,5,9,"symmetricP2"
"Figure_5_2","South Carolina",30,122,101,7,9,"symmetricP2"
"Figure_5_2","Louisiana",14,122,102,9,9,"symmetricP2"
"Figure_5_2","Iowa",11,122,109,5,4,"asymmetricP1"
"Figure_5_2","Kansas",12,122,109,5,4,"asymmetricP1"
"Figure_5_2","Missouri",18,122,110,7,4,"asymmetricP1"
"Figure_5_2","Minnesota",16,122,114,15,4,"asymmetricP1"
"Figure_5_2","Texas",33,122,115,17,4,"asymmetricP1"
"Figure_5_2","Maine",15,122,163,5,4,"asymmetricP2"
"Figure_5_2","Montana",19,122,163,5,4,"asymmetricP2"
"Figure_5_2","Utah",34,122,163,5,4,"asymmetricP2"
"Figure_5_2","Virginia",36,122,163,5,4,"asymmetricP2"
"Figure_5_2","Alabama",1,122,165,9,4,"asymmetricP2"
"Figure_5_2","Arkansas",2,122,165,9,4,"asymmetricP2"
"Figure_5_2","West Virginia",37,122,166,11,4,"asymmetricP2"
"Figure_5_2","Indiana",10,122,217,5,4,"typeIc"
"Figure_5_2","Wyoming",39,122,217,5,4,"typeIc"
"Figure_5_2","Rhode Island",29,122,218,7,4,"typeIc"
"Figure_5_2","South Dakota",31,122,218,7,4,"typeIc"
"Figure_5_2","Pennsylvania",28,122,220,11,4,"typeIc"
"Figure_5_2","Illinois",9,122,224,19,4,"typeIc"
"Figure_5_2","Georgia",7,122,325,5,4,"mori2006"
"Figure_5_2","Nebraska",20,122,325,5,4,"mori2006"
"Figure_5_2","New Mexico",23,122,326,7,4,"mori2006"
"Figure_5_2","Vermont",35,122,326,7,4,"mori2006"
"Figure_5_2","New Hampshire",22,122,327,9,4,"mori2006"
"Figure_5_2","Connecticut",5,122,330,15,4,"mori2006"
"Figure_5_2","Nevada",21,122,331,17,4,"mori2006"
"Figure_5_2","Idaho",8,123,1,5,4,"symmetricP1"
"Figure_5_2","Ohio",26,123,1,5,4,"symmetricP1"
"Figure_5_2","North Dakota",25,123,11,7,5,"symmetricP1"
"Figure_5_2","Wyoming",39,123,12,9,5,"symmetricP1"
"Figure_5_2","Tennessee",32,123,13,11,5,"symmetricP1"
"Figure_5_2","Vermont",35,123,100,5,9,"symmetricP2"
"Figure_5_2","Kentucky",13,123,101,7,9,"symmetricP2"
"Figure_5_2","West Virginia",37,123,103,11,9,"symmetricP2"
"Figure_5_2","Iowa",11,123,109,5,4,"asymmetricP1"
"Figure_5_2","Kansas",12,123,109,5,4,"asymmetricP1"
"Figure_5_2","Utah",34,123,109,5,4,"asymmetricP1"
"Figure_5_2","Missouri",18,123,110,7,4,"asymmetricP1"
"Figure_5_2","Oklahoma",27,123,110,7,4,"asymmetricP1"
"Figure_5_2","Georgia",7,123,111,9,4,"asymmetricP1"
"Figure_5_2","Illinois",9,123,113,13,4,"asymmetricP1"
"Figure_5_2","Texas",33,123,115,17,4,"asymmetricP1"
"Figure_5_2","Maine",15,123,163,5,4,"asymmetricP2"
"Figure_5_2","Wisconsin",38,123,163,5,4,"asymmetricP2"
"Figure_5_2","Delaware",6,123,164,7,4,"asymmetricP2"
"Figure_5_2","Alabama",1,123,165,9,4,"asymmetricP2"
"Figure_5_2","Arkansas",2,123,165,9,4,"asymmetricP2"
"Figure_5_2","Mississippi",17,123,165,9,4,"asymmetricP2"
"Figure_5_2","Indiana",10,123,217,5,4,"typeIc"
"Figure_5_2","North Carolina",24,123,217,5,4,"typeIc"
"Figure_5_2","Rhode Island",29,123,218,7,4,"typeIc"
"Figure_5_2","South Carolina",30,123,218,7,4,"typeIc"
"Figure_5_2","Montana",19,123,220,11,4,"typeIc"
"Figure_5_2","Pennsylvania",28,123,220,11,4,"typeIc"
"Figure_5_2","Nebraska",20,123,325,5,4,"mori2006"
"Figure_5_2","New Mexico",23,123,326,7,4,"mori2006"
"Figure_5_2","South Dakota",31,123,326,7,4,"mori2006"
"Figure_5_2","New Hampshire",22,123,327,9,4,"mori2006"
"Figure_5_2","Connecticut",5,123,330,15,4,"mori2006"
"Figure_5_2","Minnesota",16,123,330,15,4,"mori2006"
"Figure_5_2","Nevada",21,123,331,17,4,"mori2006"
"Figure_5_2","Virginia",36,123,333,21,4,"mori2006"
"Figure_5_2","Idaho",8,124,1,5,4,"symmetricP1"
"Figure_5_2","Mississippi",17,124,12,9,5,"symmetricP1"
"Figure_5_2","North Carolina",24,124,12,9,5,"symmetricP1"
"Figure_5_2","North Dakota",25,124,12,9,5,"symmetricP1"
"Figure_5_2","Tennessee",32,124,13,11,5,"symmetricP1"
"Figure_5_2","Ohio",26,124,14,13,5,"symmetricP1"
"Figure_5_2","Delaware",6,124,100,5,9,"symmetricP2"
"Figure_5_2","Montana",19,124,100,5,9,"symmetricP2"
"Figure_5_2","Kentucky",13,124,101,7,9,"symmetricP2"
"Figure_5_2","South Carolina",30,124,101,7,9,"symmetricP2"
"Figure_5_2","Louisiana",14,124,102,9,9,"symmetricP2"
"Figure_5_2","Iowa",11,124,109,5,4,"asymmetricP1"
"Figure_5_2","Kansas",12,124,109,5,4,"asymmetricP1"
"Figure_5_2","Illinois",9,124,113,13,4,"asymmetricP1"
"Figure_5_2","Minnesota",16,124,114,15,4,"asymmetricP1"
"Figure_5_2","Texas",33,124,115,17,4,"asymmetricP1"
"Figure_5_2","Nevada",21,124,116,19,4,"asymmetricP1"
"Figure_5_2","Georgia",7,124,163,5,4,"asymmetricP2"
"Figure_5_2","Utah",34,124,163,5,4,"asymmetricP2"
"Figure_5_2","Wisconsin",38,124,163,5,4,"asymmetricP2"
"Figure_5_2","Missouri",18,124,164,7,4,"asymmetricP2"
"Figure_5_2","Oklahoma",27,124,164,7,4,"asymmetricP2"
"Figure_5_2","Alabama",1,124,165,9,4,"asymmetricP2"
"Figure_5_2","Arkansas",2,124,165,9,4,"asymmetricP2"
"Figure_5_2","West Virginia",37,124,166,11,4,"asymmetricP2"
"Figure_5_2","Indiana",10,124,217,5,4,"typeIc"
"Figure_5_2","Wyoming",39,124,217,5,4,"typeIc"
"Figure_5_2","Rhode Island",29,124,218,7,4,"typeIc"
"Figure_5_2","Pennsylvania",28,124,220,11,4,"typeIc"
"Figure_5_2","Nebraska",20,124,325,5,4,"mori2006"
"Figure_5_2","New Mexico",23,124,326,7,4,"mori2006"
"Figure_5_2","South Dakota",31,124,326,7,4,"mori2006"
"Figure_5_2","Vermont",35,124,326,7,4,"mori2006"
"Figure_5_2","New Hampshire",22,124,327,9,4,"mori2006"
"Figure_5_2","Connecticut",5,124,330,15,4,"mori2006"
"Figure_5_2","Virginia",36,124,333,21,4,"mori2006"
"Figure_5_2","North Dakota",25,125,1,5,4,"symmetricP1"
"Figure_5_2","Mississippi",17,125,12,9,5,"symmetricP1"
"Figure_5_2","Tennessee",32,125,13,11,5,"symmetricP1"
"Figure_5_2","Ohio",26,125,14,13,5,"symmetricP1"
"Figure_5_2","Illinois",9,125,18,21,5,"symmetricP1"
"Figure_5_2","Delaware",6,125,100,5,9,"symmetricP2"
"Figure_5_2","Maine",15,125,100,5,9,"symmetricP2"
"Figure_5_2","Vermont",35,125,100,5,9,"symmetricP2"
"Figure_5_2","Wisconsin",38,125,100,5,9,"symmetricP2"
"Figure_5_2","Kentucky",13,125,101,7,9,"symmetricP2"
"Figure_5_2","South Carolina",30,125,101,7,9,"symmetricP2"
"Figure_5_2","South Dakota",31,125,101,7,9,"symmetricP2"
"Figure_5_2","Idaho",8,125,109,5,4,"asymmetricP1"
"Figure_5_2","Kansas",12,125,109,5,4,"asymmetricP1"
"Figure_5_2","Missouri",18,125,110,7,4,"asymmetricP1"
"Figure_5_2","Oklahoma",27,125,110,7,4,"asymmetricP1"
"Figure_5_2","Connecticut",5,125,112,11,4,"asymmetricP1"
"Figure_5_2","Pennsylvania",28,125,112,11,4,"asymmetricP1"
"Figure_5_2","Iowa",11,125,163,5,4,"asymmetricP2"
"Figure_5_2","Nebraska",20,125,163,5,4,"asymmetricP2"
"Figure_5_2","Utah",34,125,163,5,4,"asymmetricP2"
"Figure_5_2","Alabama",1,125,165,9,4,"asymmetricP2"
"Figure_5_2","Arkansas",2,125,165,9,4,"asymmetricP2"
"Figure_5_2","Louisiana",14,125,165,9,4,"asymmetricP2"
"Figure_5_2","Indiana",10,125,217,5,4,"typeIc"
"Figure_5_2","North Carolina",24,125,217,5,4,"typeIc"
"Figure_5_2","Wyoming",39,125,217,5,4,"typeIc"
"Figure_5_2","Montana",19,125,220,11,4,"typeIc"
"Figure_5_2","Georgia",7,125,325,5,4,"mori2006"
"Figure_5_2","Rhode Island",29,125,325,5,4,"mori2006"
"Figure_5_2","Virginia",36,125,325,5,4,"mori2006"
"Figure_5_2","New Mexico",23,125,326,7,4,"mori2006"
"Figure_5_2","Texas",33,125,326,7,4,"mori2006"
"Figure_5_2","West Virginia",37,125,326,7,4,"mori2006"
"Figure_5_2","New Hampshire",22,125,327,9,4,"mori2006"
"Figure_5_2","Nevada",21,125,331,17,4,"mori2006"
"Figure_5_2","Idaho",8,126,1,5,4,"symmetricP1"
"Figure_5_2","Nebraska",20,126,1,5,4,"symmetricP1"
"Figure_5_2","New Mexico",23,126,11,7,5,"symmetricP1"
"Figure_5_2","North Dakota",25,126,12,9,5,"symmetricP1"
"Figure_5_2","Wyoming",39,126,12,9,5,"symmetricP1"
"Figure_5_2","Tennessee",32,126,13,11,5,"symmetricP1"
"Figure_5_2","Delaware",6,126,100,5,9,"symmetricP2"
"Figure_5_2","Wisconsin",38,126,100,5,9,"symmetricP2"
"Figure_5_2","Kentucky",13,126,101,7,9,"symmetricP2"
"Figure_5_2","South Dakota",31,126,101,7,9,"symmetricP2"
"Figure_5_2","Louisiana",14,126,102,9,9,"symmetricP2"
"Figure_5_2","Iowa",11,126,109,5,4,"asymmetricP1"
"Figure_5_2","Kansas",12,126,109,5,4,"asymmetricP1"
"Figure_5_2","Oklahoma",27,126,109,5,4,"asymmetricP1"
"Figure_5_2","Utah",34,126,109,5,4,"asymmetricP1"
"Figure_5_2","Missouri",18,126,110,7,4,"asymmetricP1"
"Figure_5_2","Minnesota",16,126,114,15,4,"asymmetricP1"
"Figure_5_2","Texas",33,126,115,17,4,"asymmetricP1"
"Figure_5_2","Maine",15,126,163,5,4,"asymmetricP2"
"Figure_5_2","Alabama",1,126,165,9,4,"asymmetricP2"
"Figure_5_2","Arkansas",2,126,165,9,4,"asymmetricP2"
"Figure_5_2","Indiana",10,126,217,5,4,"typeIc"
"Figure_5_2","Rhode Island",29,126,218,7,4,"typeIc"
"Figure_5_2","South Carolina",30,126,218,7,4,"typeIc"
"Figure_5_2","Illinois",9,126,220,11,4,"typeIc"
"Figure_5_2","Montana",19,126,220,11,4,"typeIc"
"Figure_5_2","Pennsylvania",28,126,220,11,4,"typeIc"
"Figure_5_2","Ohio",26,126,221,13,4,"typeIc"
"Figure_5_2","Georgia",7,126,325,5,4,"mori2006"
"Figure_5_2","New Hampshire",22,126,325,5,4,"mori2006"
"Figure_5_2","Vermont",35,126,325,5,4,"mori2006"
"Figure_5_2","West Virginia",37,126,326,7,4,"mori2006"
"Figure_5_2","North Carolina",24,126,327,9,4,"mori2006"
"Figure_5_2","Connecticut",5,126,330,15,4,"mori2006"
"Figure_5_2","Nevada",21,126,331,17,4,"mori2006"
"Figure_5_2","Virginia",36,126,333,21,4,"mori2006"
"Figure_5_2","Idaho",8,127,1,5,4,"symmetricP1"
"Figure_5_2","Ohio",26,127,1,5,4,"symmetricP1"
"Figure_5_2","South Carolina",30,127,11,7,5,"symmetricP1"
"Figure_5_2","West Virginia",37,127,11,7,5,"symmetricP1"
"Figure_5_2","Mississippi",17,127,12,9,5,"symmetricP1"
"Figure_5_2","North Carolina",24,127,12,9,5,"symmetricP1"
"Figure_5_2","North Dakota",25,127,13,11,5,"symmetricP1"
"Figure_5_2","Tennessee",32,127,13,11,5,"symmetricP1"
"Figure_5_2","Vermont",35,127,100,5,9,"symmetricP2"
"Figure_5_2","Wisconsin",38,127,100,5,9,"symmetricP2"
"Figure_5_2","Kentucky",13,127,101,7,9,"symmetricP2"
"Figure_5_2","Louisiana",14,127,102,9,9,"symmetricP2"
"Figure_5_2","Iowa",11,127,109,5,4,"asymmetricP1"
"Figure_5_2","Kansas",12,127,109,5,4,"asymmetricP1"
"Figure_5_2","Nebraska",20,127,109,5,4,"asymmetricP1"
"Figure_5_2","Oklahoma",27,127,110,7,4,"asymmetricP1"
"Figure_5_2","Illinois",9,127,113,13,4,"asymmetricP1"
"Figure_5_2","Minnesota",16,127,114,15,4,"asymmetricP1"
"Figure_5_2","Texas",33,127,115,17,4,"asymmetricP1"
"Figure_5_2","Maine",15,127,163,5,4,"asymmetricP2"
"Figure_5_2","Virginia",36,127,163,5,4,"asymmetricP2"
"Figure_5_2","Delaware",6,127,164,7,4,"asymmetricP2"
"Figure_5_2","Alabama",1,127,165,9,4,"asymmetricP2"
"Figure_5_2","Arkansas",2,127,165,9,4,"asymmetricP2"
"Figure_5_2","Indiana",10,127,217,5,4,"typeIc"
"Figure_5_2","Utah",34,127,217,5,4,"typeIc"
"Figure_5_2","Wyoming",39,127,217,5,4,"typeIc"
"Figure_5_2","Rhode Island",29,127,218,7,4,"typeIc"
"Figure_5_2","Montana",19,127,220,11,4,"typeIc"
"Figure_5_2","Pennsylvania",28,127,220,11,4,"typeIc"
"Figure_5_2","Georgia",7,127,325,5,4,"mori2006"
"Figure_5_2","New Mexico",23,127,326,7,4,"mori2006"
"Figure_5_2","South Dakota",31,127,326,7,4,"mori2006"
"Figure_5_2","New Hampshire",22,127,327,9,4,"mori2006"
"Figure_5_2","Connecticut",5,127,330,15,4,"mori2006"
"Figure_5_2","Nevada",21,127,331,17,4,"mori2006"
"Figure_5_2","New Mexico",23,128,11,7,5,"symmetricP1"
"Figure_5_2","South Carolina",30,128,11,7,5,"symmetricP1"
"Figure_5_2","Mississippi",17,128,12,9,5,"symmetricP1"
"Figure_5_2","North Dakota",25,128,12,9,5,"symmetricP1"
"Figure_5_2","Wyoming",39,128,12,9,5,"symmetricP1"
"Figure_5_2","Tennessee",32,128,13,11,5,"symmetricP1"
"Figure_5_2","Vermont",35,128,100,5,9,"symmetricP2"
"Figure_5_2","Kentucky",13,128,101,7,9,"symmetricP2"
"Figure_5_2","South Dakota",31,128,101,7,9,"symmetricP2"
"Figure_5_2","Louisiana",14,128,102,9,9,"symmetricP2"
"Figure_5_2","Idaho",8,128,109,5,4,"asymmetricP1"
"Figure_5_2","Iowa",11,128,109,5,4,"asymmetricP1"
"Figure_5_2","Kansas",12,128,109,5,4,"asymmetricP1"
"Figure_5_2","Oklahoma",27,128,110,7,4,"asymmetricP1"
"Figure_5_2","Pennsylvania",28,128,112,11,4,"asymmetricP1"
"Figure_5_2","Minnesota",16,128,114,15,4,"asymmetricP1"
"Figure_5_2","Texas",33,128,115,17,4,"asymmetricP1"
"Figure_5_2","Nebraska",20,128,163,5,4,"asymmetricP2"
"Figure_5_2","Utah",34,128,163,5,4,"asymmetricP2"
"Figure_5_2","Wisconsin",38,128,163,5,4,"asymmetricP2"
"Figure_5_2","Delaware",6,128,164,7,4,"asymmetricP2"
"Figure_5_2","Missouri",18,128,164,7,4,"asymmetricP2"
"Figure_5_2","Alabama",1,128,165,9,4,"asymmetricP2"
"Figure_5_2","Arkansas",2,128,165,9,4,"asymmetricP2"
"Figure_5_2","West Virginia",37,128,166,11,4,"asymmetricP2"
"Figure_5_2","Indiana",10,128,217,5,4,"typeIc"
"Figure_5_2","North Carolina",24,128,217,5,4,"typeIc"
"Figure_5_2","Rhode Island",29,128,218,7,4,"typeIc"
"Figure_5_2","Illinois",9,128,220,11,4,"typeIc"
"Figure_5_2","Ohio",26,128,221,13,4,"typeIc"
"Figure_5_2","Georgia",7,128,325,5,4,"mori2006"
"Figure_5_2","Maine",15,128,326,7,4,"mori2006"
"Figure_5_2","New Hampshire",22,128,327,9,4,"mori2006"
"Figure_5_2","Connecticut",5,128,330,15,4,"mori2006"
"Figure_5_2","Nevada",21,128,331,17,4,"mori2006"
"Figure_5_2","Virginia",36,128,333,21,4,"mori2006"
"Figure_5_2","Idaho",8,129,1,5,4,"symmetricP1"
"Figure_5_2","South Dakota",31,129,11,7,5,"symmetricP1"
"Figure_5_2","Mississippi",17,129,12,9,5,"symmetricP1"
"Figure_5_2","North Carolina",24,129,12,9,5,"symmetricP1"
"Figure_5_2","Wyoming",39,129,12,9,5,"symmetricP1"
"Figure_5_2","Tennessee",32,129,13,11,5,"symmetricP1"
"Figure_5_2","Oklahoma",27,129,100,5,9,"symmetricP2"
"Figure_5_2","Vermont",35,129,100,5,9,"symmetricP2"
"Figure_5_2","Kentucky",13,129,101,7,9,"symmetricP2"
"Figure_5_2","South Carolina",30,129,101,7,9,"symmetricP2"
"Figure_5_2","Louisiana",14,129,102,9,9,"symmetricP2"
"Figure_5_2","West Virginia",37,129,103,11,9,"symmetricP2"
"Figure_5_2","Delaware",6,129,109,5,4,"asymmetricP1"
"Figure_5_2","Iowa",11,129,109,5,4,"asymmetricP1"
"Figure_5_2","Kansas",12,129,109,5,4,"asymmetricP1"
"Figure_5_2","Utah",34,129,109,5,4,"asymmetricP1"
"Figure_5_2","Missouri",18,129,110,7,4,"asymmetricP1"
"Figure_5_2","Texas",33,129,115,17,4,"asymmetricP1"
"Figure_5_2","Maine",15,129,163,5,4,"asymmetricP2"
"Figure_5_2","Wisconsin",38,129,163,5,4,"asymmetricP2"
"Figure_5_2","Alabama",1,129,165,9,4,"asymmetricP2"
"Figure_5_2","Arkansas",2,129,165,9,4,"asymmetricP2"
"Figure_5_2","Indiana",10,129,217,5,4,"typeIc"
"Figure_5_2","New Mexico",23,129,218,7,4,"typeIc"
"Figure_5_2","Rhode Island",29,129,218,7,4,"typeIc"
"Figure_5_2","Georgia",7,129,219,9,4,"typeIc"
"Figure_5_2","North Dakota",25,129,219,9,4,"typeIc"
"Figure_5_2","Illinois",9,129,220,11,4,"typeIc"
"Figure_5_2","Montana",19,129,220,11,4,"typeIc"
"Figure_5_2","Pennsylvania",28,129,220,11,4,"typeIc"
"Figure_5_2","Ohio",26,129,221,13,4,"typeIc"
"Figure_5_2","Minnesota",16,129,222,15,4,"typeIc"
"Figure_5_2","New Hampshire",22,129,327,9,4,"mori2006"
"Figure_5_2","Connecticut",5,129,330,15,4,"mori2006"
"Figure_5_2","Nevada",21,129,331,17,4,"mori2006"
"Figure_5_2","Virginia",36,129,333,21,4,"mori2006"
"Figure_5_2","Idaho",8,130,1,5,4,"symmetricP1"
"Figure_5_2","North Dakota",25,130,1,5,4,"symmetricP1"
"Figure_5_2","South Carolina",30,130,11,7,5,"symmetricP1"
"Figure_5_2","Mississippi",17,130,12,9,5,"symmetricP1"
"Figure_5_2","Tennessee",32,130,13,11,5,"symmetricP1"
"Figure_5_2","Illinois",9,130,15,15,5,"symmetricP1"
"Figure_5_2","Vermont",35,130,100,5,9,"symmetricP2"
"Figure_5_2","Wisconsin",38,130,100,5,9,"symmetricP2"
"Figure_5_2","South Dakota",31,130,101,7,9,"symmetricP2"
"Figure_5_2","Connecticut",5,130,102,9,9,"symmetricP2"
"Figure_5_2","Louisiana",14,130,102,9,9,"symmetricP2"
"Figure_5_2","Georgia",7,130,103,11,9,"symmetricP2"
"Figure_5_2","Kentucky",13,130,106,17,9,"symmetricP2"
"Figure_5_2","Iowa",11,130,109,5,4,"asymmetricP1"
"Figure_5_2","Kansas",12,130,109,5,4,"asymmetricP1"
"Figure_5_2","Nebraska",20,130,109,5,4,"asymmetricP1"
"Figure_5_2","Utah",34,130,109,5,4,"asymmetricP1"
"Figure_5_2","Missouri",18,130,110,7,4,"asymmetricP1"
"Figure_5_2","Oklahoma",27,130,110,7,4,"asymmetricP1"
"Figure_5_2","Ohio",26,130,112,11,4,"asymmetricP1"
"Figure_5_2","Minnesota",16,130,114,15,4,"asymmetricP1"
"Figure_5_2","Texas",33,130,115,17,4,"asymmetricP1"
"Figure_5_2","Wyoming",39,130,163,5,4,"asymmetricP2"
"Figure_5_2","Delaware",6,130,164,7,4,"asymmetricP2"
"Figure_5_2","Alabama",1,130,165,9,4,"asymmetricP2"
"Figure_5_2","Arkansas",2,130,165,9,4,"asymmetricP2"
"Figure_5_2","Indiana",10,130,217,5,4,"typeIc"
"Figure_5_2","North Carolina",24,130,217,5,4,"typeIc"
"Figure_5_2","Rhode Island",29,130,218,7,4,"typeIc"
"Figure_5_2","Montana",19,130,220,11,4,"typeIc"
"Figure_5_2","Pennsylvania",28,130,220,11,4,"typeIc"
"Figure_5_2","Maine",15,130,326,7,4,"mori2006"
"Figure_5_2","New Mexico",23,130,326,7,4,"mori2006"
"Figure_5_2","West Virginia",37,130,326,7,4,"mori2006"
"Figure_5_2","New Hampshire",22,130,332,19,4,"mori2006"
"Figure_5_2","Virginia",36,130,333,21,4,"mori2006"
"Figure_5_2","Idaho",8,131,1,5,4,"symmetricP1"
"Figure_5_2","North Dakota",25,131,1,5,4,"symmetricP1"
"Figure_5_2","Ohio",26,131,1,5,4,"symmetricP1"
"Figure_5_2","Virginia",36,131,1,5,4,"symmetricP1"
"Figure_5_2","Delaware",6,131,11,7,5,"symmetricP1"
"Figure_5_2","New Mexico",23,131,11,7,5,"symmetricP1"
"Figure_5_2","Mississippi",17,131,12,9,5,"symmetricP1"
"Figure_5_2","Tennessee",32,131,13,11,5,"symmetricP1"
"Figure_5_2","Montana",19,131,100,5,9,"symmetricP2"
"Figure_5_2","Vermont",35,131,100,5,9,"symmetricP2"
"Figure_5_2","Kentucky",13,131,101,7,9,"symmetricP2"
"Figure_5_2","South Carolina",30,131,101,7,9,"symmetricP2"
"Figure_5_2","South Dakota",31,131,101,7,9,"symmetricP2"
"Figure_5_2","Louisiana",14,131,102,9,9,"symmetricP2"
"Figure_5_2","Iowa",11,131,109,5,4,"asymmetricP1"
"Figure_5_2","Kansas",12,131,109,5,4,"asymmetricP1"
"Figure_5_2","Missouri",18,131,110,7,4,"asymmetricP1"
"Figure_5_2","Oklahoma",27,131,110,7,4,"asymmetricP1"
"Figure_5_2","Minnesota",16,131,114,15,4,"asymmetricP1"
"Figure_5_2","Texas",33,131,115,17,4,"asymmetricP1"
"Figure_5_2","Maine",15,131,163,5,4,"asymmetricP2"
"Figure_5_2","Utah",34,131,163,5,4,"asymmetricP2"
"Figure_5_2","Wisconsin",38,131,163,5,4,"asymmetricP2"
"Figure_5_2","Alabama",1,131,165,9,4,"asymmetricP2"
"Figure_5_2","Arkansas",2,131,165,9,4,"asymmetricP2"
"Figure_5_2","West Virginia",37,131,166,11,4,"asymmetricP2"
"Figure_5_2","Indiana",10,131,217,5,4,"typeIc"
"Figure_5_2","North Carolina",24,131,217,5,4,"typeIc"
"Figure_5_2","Wyoming",39,131,217,5,4,"typeIc"
"Figure_5_2","Rhode Island",29,131,218,7,4,"typeIc"
"Figure_5_2","Illinois",9,131,220,11,4,"typeIc"
"Figure_5_2","Pennsylvania",28,131,220,11,4,"typeIc"
"Figure_5_2","Georgia",7,131,325,5,4,"mori2006"
"Figure_5_2","Nebraska",20,131,325,5,4,"mori2006"
"Figure_5_2","Connecticut",5,131,330,15,4,"mori2006"
"Figure_5_2","Nevada",21,131,331,17,4,"mori2006"
"Figure_5_2","Idaho",8,132,1,5,4,"symmetricP1"
"Figure_5_2","Oklahoma",27,132,11,7,5,"symmetricP1"
"Figure_5_2","West Virginia",37,132,11,7,5,"symmetricP1"
"Figure_5_2","Mississippi",17,132,12,9,5,"symmetricP1"
"Figure_5_2","North Carolina",24,132,12,9,5,"symmetricP1"
"Figure_5_2","North Dakota",25,132,12,9,5,"symmetricP1"
"Figure_5_2","Wyoming",39,132,12,9,5,"symmetricP1"
"Figure_5_2","Tennessee",32,132,13,11,5,"symmetricP1"
"Figure_5_2","Ohio",26,132,14,13,5,"symmetricP1"
"Figure_5_2","Vermont",35,132,100,5,9,"symmetricP2"
"Figure_5_2","Kentucky",13,132,101,7,9,"symmetricP2"
"Figure_5_2","South Carolina",30,132,101,7,9,"symmetricP2"
"Figure_5_2","South Dakota",31,132,101,7,9,"symmetricP2"
"Figure_5_2","Iowa",11,132,109,5,4,"asymmetricP1"
"Figure_5_2","Kansas",12,132,109,5,4,"asymmetricP1"
"Figure_5_2","Nebraska",20,132,109,5,4,"asymmetricP1"
"Figure_5_2","Missouri",18,132,110,7,4,"asymmetricP1"
"Figure_5_2","Louisiana",14,132,111,9,4,"asymmetricP1"
"Figure_5_2","Pennsylvania",28,132,112,11,4,"asymmetricP1"
"Figure_5_2","Minnesota",16,132,114,15,4,"asymmetricP1"
"Figure_5_2","Texas",33,132,115,17,4,"asymmetricP1"
"Figure_5_2","Maine",15,132,163,5,4,"asymmetricP2"
"Figure_5_2","Utah",34,132,163,5,4,"asymmetricP2"
"Figure_5_2","Wisconsin",38,132,163,5,4,"asymmetricP2"
"Figure_5_2","Delaware",6,132,164,7,4,"asymmetricP2"
"Figure_5_2","Alabama",1,132,165,9,4,"asymmetricP2"
"Figure_5_2","Arkansas",2,132,165,9,4,"asymmetricP2"
"Figure_5_2","Indiana",10,132,217,5,4,"typeIc"
"Figure_5_2","Rhode Island",29,132,218,7,4,"typeIc"
"Figure_5_2","Georgia",7,132,219,9,4,"typeIc"
"Figure_5_2","Illinois",9,132,224,19,4,"typeIc"
"Figure_5_2","Virginia",36,132,325,5,4,"mori2006"
"Figure_5_2","New Hampshire",22,132,327,9,4,"mori2006"
"Figure_5_2","Montana",19,132,329,13,4,"mori2006"
"Figure_5_2","Connecticut",5,132,330,15,4,"mori2006"
"Figure_5_2","Nevada",21,132,331,17,4,"mori2006"
"Figure_5_2","Oklahoma",27,133,1,5,4,"symmetricP1"
"Figure_5_2","Utah",34,133,1,5,4,"symmetricP1"
"Figure_5_2","Mississippi",17,133,12,9,5,"symmetricP1"
"Figure_5_2","Wyoming",39,133,12,9,5,"symmetricP1"
"Figure_5_2","Delaware",6,133,100,5,9,"symmetricP2"
"Figure_5_2","Vermont",35,133,100,5,9,"symmetricP2"
"Figure_5_2","South Dakota",31,133,101,7,9,"symmetricP2"
"Figure_5_2","Louisiana",14,133,102,9,9,"symmetricP2"
"Figure_5_2","West Virginia",37,133,103,11,9,"symmetricP2"
"Figure_5_2","Indiana",10,133,109,5,4,"asymmetricP1"
"Figure_5_2","Iowa",11,133,109,5,4,"asymmetricP1"
"Figure_5_2","Kansas",12,133,109,5,4,"asymmetricP1"
"Figure_5_2","Virginia",36,133,109,5,4,"asymmetricP1"
"Figure_5_2","Pennsylvania",28,133,112,11,4,"asymmetricP1"
"Figure_5_2","Minnesota",16,133,114,15,4,"asymmetricP1"
"Figure_5_2","Maine",15,133,163,5,4,"asymmetricP2"
"Figure_5_2","Montana",19,133,163,5,4,"asymmetricP2"
"Figure_5_2","Wisconsin",38,133,163,5,4,"asymmetricP2"
"Figure_5_2","Alabama",1,133,165,9,4,"asymmetricP2"
"Figure_5_2","Arkansas",2,133,165,9,4,"asymmetricP2"
"Figure_5_2","Kentucky",13,133,171,21,4,"asymmetricP2"
"Figure_5_2","Missouri",18,133,218,7,4,"typeIc"
"Figure_5_2","Rhode Island",29,133,218,7,4,"typeIc"
"Figure_5_2","South Carolina",30,133,218,7,4,"typeIc"
"Figure_5_2","Georgia",7,133,219,9,4,"typeIc"
"Figure_5_2","North Dakota",25,133,219,9,4,"typeIc"
"Figure_5_2","Ohio",26,133,221,13,4,"typeIc"
"Figure_5_2","Texas",33,133,225,21,4,"typeIc"
"Figure_5_2","Nebraska",20,133,325,5,4,"mori2006"
"Figure_5_2","Idaho",8,133,326,7,4,"mori2006"
"Figure_5_2","New Mexico",23,133,326,7,4,"mori2006"
"Figure_5_2","New Hampshire",22,133,327,9,4,"mori2006"
"Figure_5_2","Tennessee",32,133,328,11,4,"mori2006"
"Figure_5_2","Connecticut",5,133,330,15,4,"mori2006"
"Figure_5_2","Nevada",21,133,331,17,4,"mori2006"
"Figure_5_2","Illinois",9,133,332,19,4,"mori2006"
"Figure_5_2","Idaho",8,134,1,5,4,"symmetricP1"
"Figure_5_2","North Carolina",24,134,1,5,4,"symmetricP1"
"Figure_5_2","Mississippi",17,134,12,9,5,"symmetricP1"
"Figure_5_2","Wyoming",39,134,12,9,5,"symmetricP1"
"Figure_5_2","Tennessee",32,134,13,11,5,"symmetricP1"
"Figure_5_2","Ohio",26,134,14,13,5,"symmetricP1"
"Figure_5_2","Montana",19,134,100,5,9,"symmetricP2"
"Figure_5_2","Wisconsin",38,134,100,5,9,"symmetricP2"
"Figure_5_2","South Dakota",31,134,101,7,9,"symmetricP2"
"Figure_5_2","Iowa",11,134,109,5,4,"asymmetricP1"
"Figure_5_2","Kansas",12,134,109,5,4,"asymmetricP1"
"Figure_5_2","Utah",34,134,109,5,4,"asymmetricP1"
"Figure_5_2","Vermont",35,134,109,5,4,"asymmetricP1"
"Figure_5_2","Missouri",18,134,110,7,4,"asymmetricP1"
"Figure_5_2","New Mexico",23,134,110,7,4,"asymmetricP1"
"Figure_5_2","Oklahoma",27,134,110,7,4,"asymmetricP1"
"Figure_5_2","Minnesota",16,134,114,15,4,"asymmetricP1"
"Figure_5_2","Texas",33,134,115,17,4,"asymmetricP1"
"Figure_5_2","Maine",15,134,163,5,4,"asymmetricP2"
"Figure_5_2","Delaware",6,134,164,7,4,"asymmetricP2"
"Figure_5_2","Alabama",1,134,165,9,4,"asymmetricP2"
"Figure_5_2","Arkansas",2,134,165,9,4,"asymmetricP2"
"Figure_5_2","Indiana",10,134,217,5,4,"typeIc"
"Figure_5_2","Rhode Island",29,134,218,7,4,"typeIc"
"Figure_5_2","South Carolina",30,134,218,7,4,"typeIc"
"Figure_5_2","Illinois",9,134,220,11,4,"typeIc"
"Figure_5_2","Pennsylvania",28,134,220,11,4,"typeIc"
"Figure_5_2","Kentucky",13,134,222,15,4,"typeIc"
"Figure_5_2","Georgia",7,134,325,5,4,"mori2006"
"Figure_5_2","Nebraska",20,134,325,5,4,"mori2006"
"Figure_5_2","West Virginia",37,134,326,7,4,"mori2006"
"Figure_5_2","New Hampshire",22,134,327,9,4,"mori2006"
"Figure_5_2","Connecticut",5,134,330,15,4,"mori2006"
"Figure_5_2","Nevada",21,134,331,17,4,"mori2006"
"Figure_5_2","Louisiana",14,134,332,19,4,"mori2006"
"Figure_5_2","Virginia",36,134,333,21,4,"mori2006"
"Figure_5_2","Oklahoma",27,135,1,5,4,"symmetricP1"
"Figure_5_2","South Carolina",30,135,11,7,5,"symmetricP1"
"Figure_5_2","West Virginia",37,135,11,7,5,"symmetricP1"
"Figure_5_2","Mississippi",17,135,12,9,5,"symmetricP1"
"Figure_5_2","North Carolina",24,135,12,9,5,"symmetricP1"
"Figure_5_2","North Dakota",25,135,13,11,5,"symmetricP1"
"Figure_5_2","Delaware",6,135,100,5,9,"symmetricP2"
"Figure_5_2","Montana",19,135,100,5,9,"symmetricP2"
"Figure_5_2","Vermont",35,135,100,5,9,"symmetricP2"
"Figure_5_2","Kentucky",13,135,101,7,9,"symmetricP2"
"Figure_5_2","Idaho",8,135,109,5,4,"asymmetricP1"
"Figure_5_2","Iowa",11,135,109,5,4,"asymmetricP1"
"Figure_5_2","Kansas",12,135,109,5,4,"asymmetricP1"
"Figure_5_2","Pennsylvania",28,135,109,5,4,"asymmetricP1"
"Figure_5_2","Wyoming",39,135,109,5,4,"asymmetricP1"
"Figure_5_2","Missouri",18,135,110,7,4,"asymmetricP1"
"Figure_5_2","Illinois",9,135,113,13,4,"asymmetricP1"
"Figure_5_2","Minnesota",16,135,114,15,4,"asymmetricP1"
"Figure_5_2","South Dakota",31,135,116,19,4,"asymmetricP1"
"Figure_5_2","Maine",15,135,163,5,4,"asymmetricP2"
"Figure_5_2","Wisconsin",38,135,163,5,4,"asymmetricP2"
"Figure_5_2","Alabama",1,135,165,9,4,"asymmetricP2"
"Figure_5_2","Arkansas",2,135,165,9,4,"asymmetricP2"
"Figure_5_2","Louisiana",14,135,165,9,4,"asymmetricP2"
"Figure_5_2","Indiana",10,135,217,5,4,"typeIc"
"Figure_5_2","Utah",34,135,217,5,4,"typeIc"
"Figure_5_2","Rhode Island",29,135,218,7,4,"typeIc"
"Figure_5_2","Georgia",7,135,219,9,4,"typeIc"
"Figure_5_2","Texas",33,135,225,21,4,"typeIc"
"Figure_5_2","Nebraska",20,135,325,5,4,"mori2006"
"Figure_5_2","New Mexico",23,135,326,7,4,"mori2006"
"Figure_5_2","New Hampshire",22,135,327,9,4,"mori2006"
"Figure_5_2","Tennessee",32,135,328,11,4,"mori2006"
"Figure_5_2","Connecticut",5,135,330,15,4,"mori2006"
"Figure_5_2","Nevada",21,135,331,17,4,"mori2006"
"Figure_5_2","Virginia",36,135,333,21,4,"mori2006"
"Figure_5_2","Idaho",8,136,1,5,4,"symmetricP1"
"Figure_5_2","Kansas",12,136,1,5,4,"symmetricP1"
"Figure_5_2","North Dakota",25,136,1,5,4,"symmetricP1"
"Figure_5_2","Mississippi",17,136,12,9,5,"symmetricP1"
"Figure_5_2","Tennessee",32,136,13,11,5,"symmetricP1"
"Figure_5_2","Ohio",26,136,14,13,5,"symmetricP1"
"Figure_5_2","Montana",19,136,100,5,9,"symmetricP2"
"Figure_5_2","Vermont",35,136,100,5,9,"symmetricP2"
"Figure_5_2","Wisconsin",38,136,100,5,9,"symmetricP2"
"Figure_5_2","Kentucky",13,136,101,7,9,"symmetricP2"
"Figure_5_2","South Dakota",31,136,101,7,9,"symmetricP2"
"Figure_5_2","Louisiana",14,136,102,9,9,"symmetricP2"
"Figure_5_2","West Virginia",37,136,103,11,9,"symmetricP2"
"Figure_5_2","Iowa",11,136,109,5,4,"asymmetricP1"
"Figure_5_2","Utah",34,136,109,5,4,"asymmetricP1"
"Figure_5_2","Missouri",18,136,110,7,4,"asymmetricP1"
"Figure_5_2","Pennsylvania",28,136,112,11,4,"asymmetricP1"
"Figure_5_2","Illinois",9,136,113,13,4,"asymmetricP1"
"Figure_5_2","Texas",33,136,115,17,4,"asymmetricP1"
"Figure_5_2","Maine",15,136,163,5,4,"asymmetricP2"
"Figure_5_2","Delaware",6,136,164,7,4,"asymmetricP2"
"Figure_5_2","Alabama",1,136,165,9,4,"asymmetricP2"
"Figure_5_2","Arkansas",2,136,165,9,4,"asymmetricP2"
"Figure_5_2","Indiana",10,136,217,5,4,"typeIc"
"Figure_5_2","North Carolina",24,136,217,5,4,"typeIc"
"Figure_5_2","Wyoming",39,136,217,5,4,"typeIc"
"Figure_5_2","Rhode Island",29,136,218,7,4,"typeIc"
"Figure_5_2","Georgia",7,136,219,9,4,"typeIc"
"Figure_5_2","Nebraska",20,136,325,5,4,"mori2006"
"Figure_5_2","New Mexico",23,136,326,7,4,"mori2006"
"Figure_5_2","South Carolina",30,136,326,7,4,"mori2006"
"Figure_5_2","New Hampshire",22,136,327,9,4,"mori2006"
"Figure_5_2","Connecticut",5,136,330,15,4,"mori2006"
"Figure_5_2","Minnesota",16,136,330,15,4,"mori2006"
"Figure_5_2","Nevada",21,136,331,17,4,"mori2006"
"Figure_5_2","Virginia",36,136,333,21,4,"mori2006"
"Figure_5_2","Georgia",7,137,1,5,4,"symmetricP1"
"Figure_5_2","Nebraska",20,137,1,5,4,"symmetricP1"
"Figure_5_2","South Carolina",30,137,11,7,5,"symmetricP1"
"Figure_5_2","Mississippi",17,137,12,9,5,"symmetricP1"
"Figure_5_2","Connecticut",5,137,13,11,5,"symmetricP1"
"Figure_5_2","Tennessee",32,137,13,11,5,"symmetricP1"
"Figure_5_2","Vermont",35,137,100,5,9,"symmetricP2"
"Figure_5_2","Louisiana",14,137,102,9,9,"symmetricP2"
"Figure_5_2","North Dakota",25,137,102,9,9,"symmetricP2"
"Figure_5_2","Kentucky",13,137,108,21,9,"symmetricP2"
"Figure_5_2","Idaho",8,137,109,5,4,"asymmetricP1"
"Figure_5_2","Iowa",11,137,109,5,4,"asymmetricP1"
"Figure_5_2","Utah",34,137,109,5,4,"asymmetricP1"
"Figure_5_2","Missouri",18,137,110,7,4,"asymmetricP1"
"Figure_5_2","Oklahoma",27,137,110,7,4,"asymmetricP1"
"Figure_5_2","Kansas",12,137,112,11,4,"asymmetricP1"
"Figure_5_2","Illinois",9,137,113,13,4,"asymmetricP1"
"Figure_5_2","Minnesota",16,137,114,15,4,"asymmetricP1"
"Figure_5_2","Ohio",26,137,114,15,4,"asymmetricP1"
"Figure_5_2","Texas",33,137,115,17,4,"asymmetricP1"
"Figure_5_2","South Dakota",31,137,116,19,4,"asymmetricP1"
"Figure_5_2","Maine",15,137,163,5,4,"asymmetricP2"
"Figure_5_2","Delaware",6,137,164,7,4,"asymmetricP2"
"Figure_5_2","Wisconsin",38,137,164,7,4,"asymmetricP2"
"Figure_5_2","Alabama",1,137,165,9,4,"asymmetricP2"
"Figure_5_2","Arkansas",2,137,165,9,4,"asymmetricP2"
"Figure_5_2","Indiana",10,137,217,5,4,"typeIc"
"Figure_5_2","Wyoming",39,137,217,5,4,"typeIc"
"Figure_5_2","Rhode Island",29,137,218,7,4,"typeIc"
"Figure_5_2","Montana",19,137,220,11,4,"typeIc"
"Figure_5_2","North Carolina",24,137,325,5,4,"mori2006"
"Figure_5_2","New Mexico",23,137,326,7,4,"mori2006"
"Figure_5_2","West Virginia",37,137,326,7,4,"mori2006"
"Figure_5_2","New Hampshire",22,137,327,9,4,"mori2006"
"Figure_5_2","Nevada",21,137,331,17,4,"mori2006"
"Figure_5_2","Virginia",36,137,333,21,4,"mori2006"
"Figure_5_2","Idaho",8,138,1,5,4,"symmetricP1"
"Figure_5_2","Ohio",26,138,1,5,4,"symmetricP1"
"Figure_5_2","Utah",34,138,1,5,4,"symmetricP1"
"Figure_5_2","Mississippi",17,138,12,9,5,"symmetricP1"
"Figure_5_2","North Dakota",25,138,13,11,5,"symmetricP1"
"Figure_5_2","Minnesota",16,138,15,15,5,"symmetricP1"
"Figure_5_2","Wisconsin",38,138,100,5,9,"symmetricP2"
"Figure_5_2","Kentucky",13,138,101,7,9,"symmetricP2"
"Figure_5_2","South Carolina",30,138,101,7,9,"symmetricP2"
"Figure_5_2","South Dakota",31,138,101,7,9,"symmetricP2"
"Figure_5_2","Louisiana",14,138,102,9,9,"symmetricP2"
"Figure_5_2","Iowa",11,138,109,5,4,"asymmetricP1"
"Figure_5_2","Kansas",12,138,109,5,4,"asymmetricP1"
"Figure_5_2","Nebraska",20,138,109,5,4,"asymmetricP1"
"Figure_5_2","Missouri",18,138,110,7,4,"asymmetricP1"
"Figure_5_2","Oklahoma",27,138,110,7,4,"asymmetricP1"
"Figure_5_2","Illinois",9,138,113,13,4,"asymmetricP1"
"Figure_5_2","Texas",33,138,115,17,4,"asymmetricP1"
"Figure_5_2","Maine",15,138,163,5,4,"asymmetricP2"
"Figure_5_2","Montana",19,138,163,5,4,"asymmetricP2"
"Figure_5_2","Delaware",6,138,164,7,4,"asymmetricP2"
"Figure_5_2","Alabama",1,138,165,9,4,"asymmetricP2"
"Figure_5_2","Arkansas",2,138,165,9,4,"asymmetricP2"
"Figure_5_2","Nevada",21,138,165,9,4,"asymmetricP2"
"Figure_5_2","Indiana",10,138,217,5,4,"typeIc"
"Figure_5_2","Wyoming",39,138,217,5,4,"typeIc"
"Figure_5_2","Pennsylvania",28,138,220,11,4,"typeIc"
"Figure_5_2","Georgia",7,138,325,5,4,"mori2006"
"Figure_5_2","New Mexico",23,138,326,7,4,"mori2006"
"Figure_5_2","Vermont",35,138,326,7,4,"mori2006"
"Figure_5_2","West Virginia",37,138,326,7,4,"mori2006"
"Figure_5_2","New Hampshire",22,138,327,9,4,"mori2006"
"Figure_5_2","North Carolina",24,138,327,9,4,"mori2006"
"Figure_5_2","Tennessee",32,138,328,11,4,"mori2006"
"Figure_5_2","Connecticut",5,138,330,15,4,"mori2006"
"Figure_5_2","Virginia",36,138,333,21,4,"mori2006"
"Figure_5_2","Idaho",8,139,1,5,4,"symmetricP1"
"Figure_5_2","Oklahoma",27,139,1,5,4,"symmetricP1"
"Figure_5_2","North Dakota",25,139,12,9,5,"symmetricP1"
"Figure_5_2","Tennessee",32,139,13,11,5,"symmetricP1"
"Figure_5_2","Ohio",26,139,14,13,5,"symmetricP1"
"Figure_5_2","Illinois",9,139,17,19,5,"symmetricP1"
"Figure_5_2","Delaware",6,139,100,5,9,"symmetricP2"
"Figure_5_2","Montana",19,139,100,5,9,"symmetricP2"
"Figure_5_2","South Dakota",31,139,101,7,9,"symmetricP2"
"Figure_5_2","West Virginia",37,139,103,11,9,"symmetricP2"
"Figure_5_2","Kentucky",13,139,106,17,9,"symmetricP2"
"Figure_5_2","Iowa",11,139,109,5,4,"asymmetricP1"
"Figure_5_2","Kansas",12,139,109,5,4,"asymmetricP1"
"Figure_5_2","Utah",34,139,109,5,4,"asymmetricP1"
"Figure_5_2","Pennsylvania",28,139,112,11,4,"asymmetricP1"
"Figure_5_2","Minnesota",16,139,114,15,4,"asymmetricP1"
"Figure_5_2","Texas",33,139,115,17,4,"asymmetricP1"
"Figure_5_2","Maine",15,139,163,5,4,"asymmetricP2"
"Figure_5_2","Wisconsin",38,139,164,7,4,"asymmetricP2"
"Figure_5_2","Alabama",1,139,165,9,4,"asymmetricP2"
"Figure_5_2","Arkansas",2,139,165,9,4,"asymmetricP2"
"Figure_5_2","Louisiana",14,139,165,9,4,"asymmetricP2"
"Figure_5_2","Connecticut",5,139,217,5,4,"typeIc"
"Figure_5_2","Georgia",7,139,217,5,4,"typeIc"
"Figure_5_2","Indiana",10,139,217,5,4,"typeIc"
"Figure_5_2","Wyoming",39,139,217,5,4,"typeIc"
"Figure_5_2","Missouri",18,139,218,7,4,"typeIc"
"Figure_5_2","Rhode Island",29,139,218,7,4,"typeIc"
"Figure_5_2","Mississippi",17,139,220,11,4,"typeIc"
"Figure_5_2","Nebraska",20,139,325,5,4,"mori2006"
"Figure_5_2","Vermont",35,139,325,5,4,"mori2006"
"Figure_5_2","Virginia",36,139,325,5,4,"mori2006"
"Figure_5_2","New Mexico",23,139,326,7,4,"mori2006"
"Figure_5_2","New Hampshire",22,139,327,9,4,"mori2006"
"Figure_5_2","North Carolina",24,139,327,9,4,"mori2006"
"Figure_5_2","Nevada",21,139,331,17,4,"mori2006"
"Figure_5_2","Virginia",36,140,1,5,4,"symmetricP1"
"Figure_5_2","Mississippi",17,140,12,9,5,"symmetricP1"
"Figure_5_2","North Carolina",24,140,12,9,5,"symmetricP1"
"Figure_5_2","North Dakota",25,140,12,9,5,"symmetricP1"
"Figure_5_2","Wyoming",39,140,12,9,5,"symmetricP1"
"Figure_5_2","Tennessee",32,140,13,11,5,"symmetricP1"
"Figure_5_2","Ohio",26,140,14,13,5,"symmetricP1"
"Figure_5_2","Delaware",6,140,100,5,9,"symmetricP2"
"Figure_5_2","Vermont",35,140,100,5,9,"symmetricP2"
"Figure_5_2","South Carolina",30,140,101,7,9,"symmetricP2"
"Figure_5_2","Kentucky",13,140,106,17,9,"symmetricP2"
"Figure_5_2","Idaho",8,140,109,5,4,"asymmetricP1"
"Figure_5_2","Iowa",11,140,109,5,4,"asymmetricP1"
"Figure_5_2","Kansas",12,140,109,5,4,"asymmetricP1"
"Figure_5_2","Oklahoma",27,140,109,5,4,"asymmetricP1"
"Figure_5_2","Utah",34,140,109,5,4,"asymmetricP1"
"Figure_5_2","Missouri",18,140,110,7,4,"asymmetricP1"
"Figure_5_2","Illinois",9,140,113,13,4,"asymmetricP1"
"Figure_5_2","Minnesota",16,140,114,15,4,"asymmetricP1"
"Figure_5_2","Texas",33,140,115,17,4,"asymmetricP1"
"Figure_5_2","Wisconsin",38,140,164,7,4,"asymmetricP2"
"Figure_5_2","Alabama",1,140,165,9,4,"asymmetricP2"
"Figure_5_2","Arkansas",2,140,165,9,4,"asymmetricP2"
"Figure_5_2","Louisiana",14,140,165,9,4,"asymmetricP2"
"Figure_5_2","West Virginia",37,140,166,11,4,"asymmetricP2"
"Figure_5_2","Indiana",10,140,217,5,4,"typeIc"
"Figure_5_2","Rhode Island",29,140,218,7,4,"typeIc"
"Figure_5_2","Montana",19,140,220,11,4,"typeIc"
"Figure_5_2","Pennsylvania",28,140,220,11,4,"typeIc"
"Figure_5_2","Georgia",7,140,325,5,4,"mori2006"
"Figure_5_2","Nebraska",20,140,325,5,4,"mori2006"
"Figure_5_2","New Mexico",23,140,326,7,4,"mori2006"
"Figure_5_2","New Hampshire",22,140,327,9,4,"mori2006"
"Figure_5_2","Maine",15,140,328,11,4,"mori2006"
"Figure_5_2","Connecticut",5,140,330,15,4,"mori2006"
"Figure_5_2","Nevada",21,140,331,17,4,"mori2006"
"Figure_5_2","Idaho",8,41,1,5,4,"symmetricP1"
"Figure_5_2","Oklahoma",27,41,1,5,4,"symmetricP1"
"Figure_5_2","Iowa",11,41,11,7,5,"symmetricP1"
"Figure_5_2","South Carolina",30,41,11,7,5,"symmetricP1"
"Figure_5_2","Mississippi",17,41,12,9,5,"symmetricP1"
"Figure_5_2","North Dakota",25,41,12,9,5,"symmetricP1"
"Figure_5_2","Ohio",26,41,14,13,5,"symmetricP1"
"Figure_5_2","Montana",19,41,100,5,9,"symmetricP2"
"Figure_5_2","Vermont",35,41,100,5,9,"symmetricP2"
"Figure_5_2","Wisconsin",38,41,100,5,9,"symmetricP2"
"Figure_5_2","Louisiana",14,41,102,9,9,"symmetricP2"
"Figure_5_2","Tennessee",32,41,105,15,9,"symmetricP2"
"Figure_5_2","Colorado",4,41,109,5,4,"asymmetricP1"
"Figure_5_2","Georgia",7,41,109,5,4,"asymmetricP1"
"Figure_5_2","Kansas",12,41,109,5,4,"asymmetricP1"
"Figure_5_2","Nebraska",20,41,109,5,4,"asymmetricP1"
"Figure_5_2","Utah",34,41,109,5,4,"asymmetricP1"
"Figure_5_2","Missouri",18,41,110,7,4,"asymmetricP1"
"Figure_5_2","Illinois",9,41,113,13,4,"asymmetricP1"
"Figure_5_2","Minnesota",16,41,114,15,4,"asymmetricP1"
"Figure_5_2","Texas",33,41,115,17,4,"asymmetricP1"
"Figure_5_2","Maine",15,41,163,5,4,"asymmetricP2"
"Figure_5_2","Delaware",6,41,164,7,4,"asymmetricP2"
"Figure_5_2","West Virginia",37,41,164,7,4,"asymmetricP2"
"Figure_5_2","Indiana",10,41,217,5,4,"typeIc"
"Figure_5_2","North Carolina",24,41,217,5,4,"typeIc"
"Figure_5_2","Wyoming",39,41,217,5,4,"typeIc"
"Figure_5_2","Rhode Island",29,41,218,7,4,"typeIc"
"Figure_5_2","Pennsylvania",28,41,220,11,4,"typeIc"
"Figure_5_2","New Mexico",23,41,326,7,4,"mori2006"
"Figure_5_2","South Dakota",31,41,326,7,4,"mori2006"
"Figure_5_2","New Hampshire",22,41,327,9,4,"mori2006"
"Figure_5_2","Connecticut",5,41,330,15,4,"mori2006"
"Figure_5_2","Kentucky",13,41,330,15,4,"mori2006"
"Figure_5_2","Nevada",21,41,331,17,4,"mori2006"
"Figure_5_2","Virginia",36,41,333,21,4,"mori2006"
"Figure_5_2","North Carolina",24,42,1,5,4,"symmetricP1"
"Figure_5_2","South Carolina",30,42,11,7,5,"symmetricP1"
"Figure_5_2","Mississippi",17,42,12,9,5,"symmetricP1"
"Figure_5_2","Wyoming",39,42,12,9,5,"symmetricP1"
"Figure_5_2","Tennessee",32,42,13,11,5,"symmetricP1"
"Figure_5_2","Vermont",35,42,100,5,9,"symmetricP2"
"Figure_5_2","Kentucky",13,42,101,7,9,"symmetricP2"
"Figure_5_2","Georgia",7,42,103,11,9,"symmetricP2"
"Figure_5_2","West Virginia",37,42,103,11,9,"symmetricP2"
"Figure_5_2","Idaho",8,42,109,5,4,"asymmetricP1"
"Figure_5_2","Iowa",11,42,109,5,4,"asymmetricP1"
"Figure_5_2","Kansas",12,42,109,5,4,"asymmetricP1"
"Figure_5_2","Oklahoma",27,42,109,5,4,"asymmetricP1"
"Figure_5_2","Utah",34,42,109,5,4,"asymmetricP1"
"Figure_5_2","Missouri",18,42,110,7,4,"asymmetricP1"
"Figure_5_2","Ohio",26,42,113,13,4,"asymmetricP1"
"Figure_5_2","Texas",33,42,115,17,4,"asymmetricP1"
"Figure_5_2","Maine",15,42,163,5,4,"asymmetricP2"
"Figure_5_2","Montana",19,42,163,5,4,"asymmetricP2"
"Figure_5_2","Wisconsin",38,42,163,5,4,"asymmetricP2"
"Figure_5_2","Delaware",6,42,164,7,4,"asymmetricP2"
"Figure_5_2","Louisiana",14,42,165,9,4,"asymmetricP2"
"Figure_5_2","Arkansas",2,42,167,13,4,"asymmetricP2"
"Figure_5_2","Indiana",10,42,217,5,4,"typeIc"
"Figure_5_2","Rhode Island",29,42,218,7,4,"typeIc"
"Figure_5_2","Illinois",9,42,220,11,4,"typeIc"
"Figure_5_2","Pennsylvania",28,42,220,11,4,"typeIc"
"Figure_5_2","Nebraska",20,42,325,5,4,"mori2006"
"Figure_5_2","Virginia",36,42,325,5,4,"mori2006"
"Figure_5_2","New Mexico",23,42,326,7,4,"mori2006"
"Figure_5_2","North Dakota",25,42,326,7,4,"mori2006"
"Figure_5_2","South Dakota",31,42,326,7,4,"mori2006"
"Figure_5_2","New Hampshire",22,42,327,9,4,"mori2006"
"Figure_5_2","Connecticut",5,42,330,15,4,"mori2006"
"Figure_5_2","Minnesota",16,42,330,15,4,"mori2006"
"Figure_5_2","Nevada",21,42,331,17,4,"mori2006"
"Figure_5_2","Georgia",7,43,1,5,4,"symmetricP1"
"Figure_5_2","Idaho",8,43,1,5,4,"symmetricP1"
"Figure_5_2","Mississippi",17,43,12,9,5,"symmetricP1"
"Figure_5_2","Tennessee",32,43,13,11,5,"symmetricP1"
"Figure_5_2","Vermont",35,43,100,5,9,"symmetricP2"
"Figure_5_2","Wisconsin",38,43,100,5,9,"symmetricP2"
"Figure_5_2","South Dakota",31,43,101,7,9,"symmetricP2"
"Figure_5_2","Minnesota",16,43,103,11,9,"symmetricP2"
"Figure_5_2","Colorado",4,43,109,5,4,"asymmetricP1"
"Figure_5_2","Iowa",11,43,109,5,4,"asymmetricP1"
"Figure_5_2","Missouri",18,43,110,7,4,"asymmetricP1"
"Figure_5_2","Texas",33,43,110,7,4,"asymmetricP1"
"Figure_5_2","Illinois",9,43,112,11,4,"asymmetricP1"
"Figure_5_2","Pennsylvania",28,43,112,11,4,"asymmetricP1"
"Figure_5_2","Ohio",26,43,113,13,4,"asymmetricP1"
"Figure_5_2","Oklahoma",27,43,114,15,4,"asymmetricP1"
"Figure_5_2","Utah",34,43,163,5,4,"asymmetricP2"
"Figure_5_2","Louisiana",14,43,165,9,4,"asymmetricP2"
"Figure_5_2","Nevada",21,43,165,9,4,"asymmetricP2"
"Figure_5_2","West Virginia",37,43,166,11,4,"asymmetricP2"
"Figure_5_2","Arkansas",2,43,167,13,4,"asymmetricP2"
"Figure_5_2","Kentucky",13,43,169,17,4,"asymmetricP2"
"Figure_5_2","Indiana",10,43,217,5,4,"typeIc"
"Figure_5_2","North Carolina",24,43,217,5,4,"typeIc"
"Figure_5_2","Wyoming",39,43,217,5,4,"typeIc"
"Figure_5_2","Rhode Island",29,43,218,7,4,"typeIc"
"Figure_5_2","South Carolina",30,43,218,7,4,"typeIc"
"Figure_5_2","Montana",19,43,220,11,4,"typeIc"
"Figure_5_2","Maine",15,43,325,5,4,"mori2006"
"Figure_5_2","Nebraska",20,43,325,5,4,"mori2006"
"Figure_5_2","Delaware",6,43,326,7,4,"mori2006"
"Figure_5_2","New Mexico",23,43,326,7,4,"mori2006"
"Figure_5_2","North Dakota",25,43,326,7,4,"mori2006"
"Figure_5_2","New Hampshire",22,43,327,9,4,"mori2006"
"Figure_5_2","Kansas",12,43,328,11,4,"mori2006"
"Figure_5_2","Virginia",36,43,328,11,4,"mori2006"
"Figure_5_2","Georgia",7,44,1,5,4,"symmetricP1"
"Figure_5_2","Idaho",8,44,1,5,4,"symmetricP1"
"Figure_5_2","Oklahoma",27,44,11,7,5,"symmetricP1"
"Figure_5_2","South Carolina",30,44,11,7,5,"symmetricP1"
"Figure_5_2","West Virginia",37,44,11,7,5,"symmetricP1"
"Figure_5_2","Mississippi",17,44,12,9,5,"symmetricP1"
"Figure_5_2","Wyoming",39,44,12,9,5,"symmetricP1"
"Figure_5_2","North Dakota",25,44,13,11,5,"symmetricP1"
"Figure_5_2","Tennessee",32,44,13,11,5,"symmetricP1"
"Figure_5_2","Vermont",35,44,100,5,9,"symmetricP2"
"Figure_5_2","Kentucky",13,44,101,7,9,"symmetricP2"
"Figure_5_2","South Dakota",31,44,101,7,9,"symmetricP2"
"Figure_5_2","New Hampshire",22,44,107,19,9,"symmetricP2"
"Figure_5_2","Colorado",4,44,109,5,4,"asymmetricP1"
"Figure_5_2","Kansas",12,44,109,5,4,"asymmetricP1"
"Figure_5_2","Nebraska",20,44,109,5,4,"asymmetricP1"
"Figure_5_2","Utah",34,44,109,5,4,"asymmetricP1"
"Figure_5_2","Missouri",18,44,110,7,4,"asymmetricP1"
"Figure_5_2","Connecticut",5,44,112,11,4,"asymmetricP1"
"Figure_5_2","Illinois",9,44,112,11,4,"asymmetricP1"
"Figure_5_2","Ohio",26,44,113,13,4,"asymmetricP1"
"Figure_5_2","Minnesota",16,44,114,15,4,"asymmetricP1"
"Figure_5_2","Texas",33,44,115,17,4,"asymmetricP1"
"Figure_5_2","Maine",15,44,163,5,4,"asymmetricP2"
"Figure_5_2","Wisconsin",38,44,164,7,4,"asymmetricP2"
"Figure_5_2","Louisiana",14,44,165,9,4,"asymmetricP2"
"Figure_5_2","Arkansas",2,44,167,13,4,"asymmetricP2"
"Figure_5_2","Indiana",10,44,217,5,4,"typeIc"
"Figure_5_2","North Carolina",24,44,217,5,4,"typeIc"
"Figure_5_2","Rhode Island",29,44,218,7,4,"typeIc"
"Figure_5_2","Montana",19,44,220,11,4,"typeIc"
"Figure_5_2","Pennsylvania",28,44,220,11,4,"typeIc"
"Figure_5_2","New Mexico",23,44,326,7,4,"mori2006"
"Figure_5_2","Iowa",11,44,327,9,4,"mori2006"
"Figure_5_2","Nevada",21,44,331,17,4,"mori2006"
"Figure_5_2","Virginia",36,44,333,21,4,"mori2006"
"Figure_5_2","Idaho",8,45,1,5,4,"symmetricP1"
"Figure_5_2","Mississippi",17,45,12,9,5,"symmetricP1"
"Figure_5_2","North Dakota",25,45,12,9,5,"symmetricP1"
"Figure_5_2","Ohio",26,45,14,13,5,"symmetricP1"
"Figure_5_2","Delaware",6,45,100,5,9,"symmetricP2"
"Figure_5_2","Montana",19,45,100,5,9,"symmetricP2"
"Figure_5_2","Kentucky",13,45,101,7,9,"symmetricP2"
"Figure_5_2","South Carolina",30,45,102,9,9,"symmetricP2"
"Figure_5_2","Colorado",4,45,109,5,4,"asymmetricP1"
"Figure_5_2","Iowa",11,45,109,5,4,"asymmetricP1"
"Figure_5_2","Kansas",12,45,109,5,4,"asymmetricP1"
"Figure_5_2","Utah",34,45,109,5,4,"asymmetricP1"
"Figure_5_2","Missouri",18,45,110,7,4,"asymmetricP1"
"Figure_5_2","New Mexico",23,45,110,7,4,"asymmetricP1"
"Figure_5_2","Oklahoma",27,45,110,7,4,"asymmetricP1"
"Figure_5_2","Tennessee",32,45,111,9,4,"asymmetricP1"
"Figure_5_2","Pennsylvania",28,45,112,11,4,"asymmetricP1"
"Figure_5_2","Texas",33,45,115,17,4,"asymmetricP1"
"Figure_5_2","Maine",15,45,163,5,4,"asymmetricP2"
"Figure_5_2","Wisconsin",38,45,163,5,4,"asymmetricP2"
"Figure_5_2","West Virginia",37,45,164,7,4,"asymmetricP2"
"Figure_5_2","Louisiana",14,45,165,9,4,"asymmetricP2"
"Figure_5_2","Arkansas",2,45,167,13,4,"asymmetricP2"
"Figure_5_2","Indiana",10,45,217,5,4,"typeIc"
"Figure_5_2","North Carolina",24,45,217,5,4,"typeIc"
"Figure_5_2","Wyoming",39,45,217,5,4,"typeIc"
"Figure_5_2","Rhode Island",29,45,218,7,4,"typeIc"
"Figure_5_2","Illinois",9,45,220,11,4,"typeIc"
"Figure_5_2","Nebraska",20,45,325,5,4,"mori2006"
"Figure_5_2","Vermont",35,45,325,5,4,"mori2006"
"Figure_5_2","South Dakota",31,45,326,7,4,"mori2006"
"Figure_5_2","New Hampshire",22,45,327,9,4,"mori2006"
"Figure_5_2","Connecticut",5,45,330,15,4,"mori2006"
"Figure_5_2","Minnesota",16,45,330,15,4,"mori2006"
"Figure_5_2","Nevada",21,45,331,17,4,"mori2006"
"Figure_5_2","Virginia",36,45,333,21,4,"mori2006"
"Figure_5_2","Missouri",18,46,1,5,4,"symmetricP1"
"Figure_5_2","Delaware",6,46,11,7,5,"symmetricP1"
"Figure_5_2","Mississippi",17,46,12,9,5,"symmetricP1"
"Figure_5_2","North Dakota",25,46,13,11,5,"symmetricP1"
"Figure_5_2","Minnesota",16,46,15,15,5,"symmetricP1"
"Figure_5_2","Montana",19,46,100,5,9,"symmetricP2"
"Figure_5_2","Vermont",35,46,100,5,9,"symmetricP2"
"Figure_5_2","Wisconsin",38,46,100,5,9,"symmetricP2"
"Figure_5_2","West Virginia",37,46,103,11,9,"symmetricP2"
"Figure_5_2","Colorado",4,46,109,5,4,"asymmetricP1"
"Figure_5_2","Connecticut",5,46,109,5,4,"asymmetricP1"
"Figure_5_2","Georgia",7,46,109,5,4,"asymmetricP1"
"Figure_5_2","Iowa",11,46,109,5,4,"asymmetricP1"
"Figure_5_2","Kansas",12,46,109,5,4,"asymmetricP1"
"Figure_5_2","Utah",34,46,109,5,4,"asymmetricP1"
"Figure_5_2","Oklahoma",27,46,110,7,4,"asymmetricP1"
"Figure_5_2","Pennsylvania",28,46,112,11,4,"asymmetricP1"
"Figure_5_2","Texas",33,46,115,17,4,"asymmetricP1"
"Figure_5_2","Louisiana",14,46,165,9,4,"asymmetricP2"
"Figure_5_2","South Carolina",30,46,165,9,4,"asymmetricP2"
"Figure_5_2","Arkansas",2,46,167,13,4,"asymmetricP2"
"Figure_5_2","Indiana",10,46,217,5,4,"typeIc"
"Figure_5_2","North Carolina",24,46,217,5,4,"typeIc"
"Figure_5_2","Wyoming",39,46,217,5,4,"typeIc"
"Figure_5_2","Rhode Island",29,46,218,7,4,"typeIc"
"Figure_5_2","Ohio",26,46,221,13,4,"typeIc"
"Figure_5_2","Illinois",9,46,223,17,4,"typeIc"
"Figure_5_2","Maine",15,46,325,5,4,"mori2006"
"Figure_5_2","Nebraska",20,46,325,5,4,"mori2006"
"Figure_5_2","New Mexico",23,46,326,7,4,"mori2006"
"Figure_5_2","South Dakota",31,46,326,7,4,"mori2006"
"Figure_5_2","New Hampshire",22,46,327,9,4,"mori2006"
"Figure_5_2","Tennessee",32,46,328,11,4,"mori2006"
"Figure_5_2","Kentucky",13,46,330,15,4,"mori2006"
"Figure_5_2","Nevada",21,46,331,17,4,"mori2006"
"Figure_5_2","Virginia",36,46,333,21,4,"mori2006"
"Figure_5_2","Idaho",8,47,1,5,4,"symmetricP1"
"Figure_5_2","North Dakota",25,47,1,5,4,"symmetricP1"
"Figure_5_2","Colorado",4,47,11,7,5,"symmetricP1"
"Figure_5_2","Delaware",6,47,11,7,5,"symmetricP1"
"Figure_5_2","South Carolina",30,47,11,7,5,"symmetricP1"
"Figure_5_2","West Virginia",37,47,11,7,5,"symmetricP1"
"Figure_5_2","Mississippi",17,47,12,9,5,"symmetricP1"
"Figure_5_2","North Carolina",24,47,12,9,5,"symmetricP1"
"Figure_5_2","Tennessee",32,47,13,11,5,"symmetricP1"
"Figure_5_2","Texas",33,47,16,17,5,"symmetricP1"
"Figure_5_2","Vermont",35,47,100,5,9,"symmetricP2"
"Figure_5_2","Georgia",7,47,109,5,4,"asymmetricP1"
"Figure_5_2","Iowa",11,47,109,5,4,"asymmetricP1"
"Figure_5_2","Kansas",12,47,109,5,4,"asymmetricP1"
"Figure_5_2","Utah",34,47,109,5,4,"asymmetricP1"
"Figure_5_2","Wyoming",39,47,109,5,4,"asymmetricP1"
"Figure_5_2","New Mexico",23,47,110,7,4,"asymmetricP1"
"Figure_5_2","Minnesota",16,47,114,15,4,"asymmetricP1"
"Figure_5_2","Maine",15,47,163,5,4,"asymmetricP2"
"Figure_5_2","Wisconsin",38,47,163,5,4,"asymmetricP2"
"Figure_5_2","Missouri",18,47,164,7,4,"asymmetricP2"
"Figure_5_2","Oklahoma",27,47,164,7,4,"asymmetricP2"
"Figure_5_2","Louisiana",14,47,165,9,4,"asymmetricP2"
"Figure_5_2","Arkansas",2,47,167,13,4,"asymmetricP2"
"Figure_5_2","Kentucky",13,47,169,17,4,"asymmetricP2"
"Figure_5_2","Indiana",10,47,217,5,4,"typeIc"
"Figure_5_2","Rhode Island",29,47,218,7,4,"typeIc"
"Figure_5_2","Montana",19,47,220,11,4,"typeIc"
"Figure_5_2","Pennsylvania",28,47,220,11,4,"typeIc"
"Figure_5_2","Ohio",26,47,221,13,4,"typeIc"
"Figure_5_2","Nebraska",20,47,325,5,4,"mori2006"
"Figure_5_2","South Dakota",31,47,326,7,4,"mori2006"
"Figure_5_2","New Hampshire",22,47,327,9,4,"mori2006"
"Figure_5_2","Connecticut",5,47,330,15,4,"mori2006"
"Figure_5_2","Nevada",21,47,331,17,4,"mori2006"
"Figure_5_2","Virginia",36,47,333,21,4,"mori2006"
"Figure_5_2","Oklahoma",27,48,11,7,5,"symmetricP1"
"Figure_5_2","South Carolina",30,48,11,7,5,"symmetricP1"
"Figure_5_2","Mississippi",17,48,12,9,5,"symmetricP1"
"Figure_5_2","North Dakota",25,48,12,9,5,"symmetricP1"
"Figure_5_2","Tennessee",32,48,13,11,5,"symmetricP1"
"Figure_5_2","Colorado",4,48,109,5,4,"asymmetricP1"
"Figure_5_2","Georgia",7,48,109,5,4,"asymmetricP1"
"Figure_5_2","Idaho",8,48,109,5,4,"asymmetricP1"
"Figure_5_2","Kansas",12,48,109,5,4,"asymmetricP1"
"Figure_5_2","Nebraska",20,48,109,5,4,"asymmetricP1"
"Figure_5_2","Utah",34,48,109,5,4,"asymmetricP1"
"Figure_5_2","Vermont",35,48,109,5,4,"asymmetricP1"
"Figure_5_2","Wyoming",39,48,109,5,4,"asymmetricP1"
"Figure_5_2","Illinois",9,48,112,11,4,"asymmetricP1"
"Figure_5_2","Pennsylvania",28,48,112,11,4,"asymmetricP1"
"Figure_5_2","Minnesota",16,48,114,15,4,"asymmetricP1"
"Figure_5_2","Texas",33,48,115,17,4,"asymmetricP1"
"Figure_5_2","Iowa",11,48,163,5,4,"asymmetricP2"
"Figure_5_2","Maine",15,48,163,5,4,"asymmetricP2"
"Figure_5_2","Wisconsin",38,48,163,5,4,"asymmetricP2"
"Figure_5_2","Louisiana",14,48,165,9,4,"asymmetricP2"
"Figure_5_2","West Virginia",37,48,166,11,4,"asymmetricP2"
"Figure_5_2","Arkansas",2,48,167,13,4,"asymmetricP2"
"Figure_5_2","Delaware",6,48,167,13,4,"asymmetricP2"
"Figure_5_2","Kentucky",13,48,171,21,4,"asymmetricP2"
"Figure_5_2","Missouri",18,48,218,7,4,"typeIc"
"Figure_5_2","Rhode Island",29,48,218,7,4,"typeIc"
"Figure_5_2","Montana",19,48,220,11,4,"typeIc"
"Figure_5_2","Ohio",26,48,221,13,4,"typeIc"
"Figure_5_2","New Hampshire",22,48,325,5,4,"mori2006"
"Figure_5_2","North Carolina",24,48,325,5,4,"mori2006"
"Figure_5_2","New Mexico",23,48,326,7,4,"mori2006"
"Figure_5_2","South Dakota",31,48,326,7,4,"mori2006"
"Figure_5_2","Connecticut",5,48,330,15,4,"mori2006"
"Figure_5_2","Nevada",21,48,331,17,4,"mori2006"
"Figure_5_2","Virginia",36,48,333,21,4,"mori2006"
"Figure_5_2","North Dakota",25,49,1,5,4,"symmetricP1"
"Figure_5_2","New Mexico",23,49,11,7,5,"symmetricP1"
"Figure_5_2","South Carolina",30,49,11,7,5,"symmetricP1"
"Figure_5_2","West Virginia",37,49,11,7,5,"symmetricP1"
"Figure_5_2","Mississippi",17,49,12,9,5,"symmetricP1"
"Figure_5_2","North Carolina",24,49,12,9,5,"symmetricP1"
"Figure_5_2","Tennessee",32,49,13,11,5,"symmetricP1"
"Figure_5_2","Ohio",26,49,14,13,5,"symmetricP1"
"Figure_5_2","Delaware",6,49,100,5,9,"symmetricP2"
"Figure_5_2","Vermont",35,49,100,5,9,"symmetricP2"
"Figure_5_2","Kentucky",13,49,101,7,9,"symmetricP2"
"Figure_5_2","Louisiana",14,49,102,9,9,"symmetricP2"
"Figure_5_2","Colorado",4,49,109,5,4,"asymmetricP1"
"Figure_5_2","Georgia",7,49,109,5,4,"asymmetricP1"
"Figure_5_2","Idaho",8,49,109,5,4,"asymmetricP1"
"Figure_5_2","Kansas",12,49,109,5,4,"asymmetricP1"
"Figure_5_2","Nebraska",20,49,110,7,4,"asymmetricP1"
"Figure_5_2","Minnesota",16,49,114,15,4,"asymmetricP1"
"Figure_5_2","Maine",15,49,163,5,4,"asymmetricP2"
"Figure_5_2","Wisconsin",38,49,163,5,4,"asymmetricP2"
"Figure_5_2","Oklahoma",27,49,164,7,4,"asymmetricP2"
"Figure_5_2","Arkansas",2,49,167,13,4,"asymmetricP2"
"Figure_5_2","Indiana",10,49,217,5,4,"typeIc"
"Figure_5_2","Utah",34,49,217,5,4,"typeIc"
"Figure_5_2","Wyoming",39,49,217,5,4,"typeIc"
"Figure_5_2","Missouri",18,49,218,7,4,"typeIc"
"Figure_5_2","Rhode Island",29,49,218,7,4,"typeIc"
"Figure_5_2","Montana",19,49,220,11,4,"typeIc"
"Figure_5_2","Pennsylvania",28,49,220,11,4,"typeIc"
"Figure_5_2","Illinois",9,49,223,17,4,"typeIc"
"Figure_5_2","Texas",33,49,225,21,4,"typeIc"
"Figure_5_2","South Dakota",31,49,326,7,4,"mori2006"
"Figure_5_2","New Hampshire",22,49,327,9,4,"mori2006"
"Figure_5_2","Connecticut",5,49,330,15,4,"mori2006"
"Figure_5_2","Nevada",21,49,331,17,4,"mori2006"
"Figure_5_2","Virginia",36,49,333,21,4,"mori2006"
"Figure_5_2","New Mexico",23,50,11,7,5,"symmetricP1"
"Figure_5_2","South Carolina",30,50,11,7,5,"symmetricP1"
"Figure_5_2","Mississippi",17,50,12,9,5,"symmetricP1"
"Figure_5_2","North Dakota",25,50,12,9,5,"symmetricP1"
"Figure_5_2","Tennessee",32,50,13,11,5,"symmetricP1"
"Figure_5_2","Ohio",26,50,14,13,5,"symmetricP1"
"Figure_5_2","Delaware",6,50,100,5,9,"symmetricP2"
"Figure_5_2","Vermont",35,50,100,5,9,"symmetricP2"
"Figure_5_2","Kentucky",13,50,101,7,9,"symmetricP2"
"Figure_5_2","Colorado",4,50,109,5,4,"asymmetricP1"
"Figure_5_2","Georgia",7,50,109,5,4,"asymmetricP1"
"Figure_5_2","Idaho",8,50,109,5,4,"asymmetricP1"
"Figure_5_2","Iowa",11,50,109,5,4,"asymmetricP1"
"Figure_5_2","Nebraska",20,50,109,5,4,"asymmetricP1"
"Figure_5_2","Utah",34,50,109,5,4,"asymmetricP1"
"Figure_5_2","Oklahoma",27,50,110,7,4,"asymmetricP1"
"Figure_5_2","Maine",15,50,163,5,4,"asymmetricP2"
"Figure_5_2","Wisconsin",38,50,163,5,4,"asymmetricP2"
"Figure_5_2","Louisiana",14,50,165,9,4,"asymmetricP2"
"Figure_5_2","Arkansas",2,50,167,13,4,"asymmetricP2"
"Figure_5_2","Indiana",10,50,217,5,4,"typeIc"
"Figure_5_2","North Carolina",24,50,217,5,4,"typeIc"
"Figure_5_2","Wyoming",39,50,217,5,4,"typeIc"
"Figure_5_2","Missouri",18,50,218,7,4,"typeIc"
"Figure_5_2","Rhode Island",29,50,218,7,4,"typeIc"
"Figure_5_2","Illinois",9,50,220,11,4,"typeIc"
"Figure_5_2","Montana",19,50,220,11,4,"typeIc"
"Figure_5_2","Pennsylvania",28,50,220,11,4,"typeIc"
"Figure_5_2","Texas",33,50,223,17,4,"typeIc"
"Figure_5_2","South Dakota",31,50,326,7,4,"mori2006"
"Figure_5_2","West Virginia",37,50,326,7,4,"mori2006"
"Figure_5_2","New Hampshire",22,50,327,9,4,"mori2006"
"Figure_5_2","Connecticut",5,50,330,15,4,"mori2006"
"Figure_5_2","Minnesota",16,50,330,15,4,"mori2006"
"Figure_5_2","Nevada",21,50,331,17,4,"mori2006"
"Figure_5_2","Virginia",36,50,333,21,4,"mori2006"
"Figure_5_2","Idaho",8,51,1,5,4,"symmetricP1"
"Figure_5_2","Oklahoma",27,51,11,7,5,"symmetricP1"
"Figure_5_2","South Carolina",30,51,11,7,5,"symmetricP1"
"Figure_5_2","Mississippi",17,51,12,9,5,"symmetricP1"
"Figure_5_2","North Carolina",24,51,12,9,5,"symmetricP1"
"Figure_5_2","Tennessee",32,51,13,11,5,"symmetricP1"
"Figure_5_2","Virginia",36,51,18,21,5,"symmetricP1"
"Figure_5_2","Delaware",6,51,100,5,9,"symmetricP2"
"Figure_5_2","North Dakota",25,51,100,5,9,"symmetricP2"
"Figure_5_2","Vermont",35,51,100,5,9,"symmetricP2"
"Figure_5_2","Louisiana",14,51,102,9,9,"symmetricP2"
"Figure_5_2","Colorado",4,51,109,5,4,"asymmetricP1"
"Figure_5_2","Georgia",7,51,109,5,4,"asymmetricP1"
"Figure_5_2","Iowa",11,51,109,5,4,"asymmetricP1"
"Figure_5_2","Kansas",12,51,109,5,4,"asymmetricP1"
"Figure_5_2","Montana",19,51,109,5,4,"asymmetricP1"
"Figure_5_2","Utah",34,51,109,5,4,"asymmetricP1"
"Figure_5_2","Missouri",18,51,110,7,4,"asymmetricP1"
"Figure_5_2","Illinois",9,51,112,11,4,"asymmetricP1"
"Figure_5_2","Pennsylvania",28,51,112,11,4,"asymmetricP1"
"Figure_5_2","Ohio",26,51,113,13,4,"asymmetricP1"
"Figure_5_2","Texas",33,51,115,17,4,"asymmetricP1"
"Figure_5_2","Maine",15,51,163,5,4,"asymmetricP2"
"Figure_5_2","Wisconsin",38,51,163,5,4,"asymmetricP2"
"Figure_5_2","Arkansas",2,51,167,13,4,"asymmetricP2"
"Figure_5_2","Indiana",10,51,217,5,4,"typeIc"
"Figure_5_2","Wyoming",39,51,217,5,4,"typeIc"
"Figure_5_2","Rhode Island",29,51,218,7,4,"typeIc"
"Figure_5_2","Nebraska",20,51,325,5,4,"mori2006"
"Figure_5_2","New Mexico",23,51,326,7,4,"mori2006"
"Figure_5_2","South Dakota",31,51,326,7,4,"mori2006"
"Figure_5_2","West Virginia",37,51,326,7,4,"mori2006"
"Figure_5_2","New Hampshire",22,51,327,9,4,"mori2006"
"Figure_5_2","Connecticut",5,51,330,15,4,"mori2006"
"Figure_5_2","Minnesota",16,51,330,15,4,"mori2006"
"Figure_5_2","Nevada",21,51,331,17,4,"mori2006"
"Figure_5_2","Idaho",8,52,1,5,4,"symmetricP1"
"Figure_5_2","New Mexico",23,52,11,7,5,"symmetricP1"
"Figure_5_2","North Dakota",25,52,11,7,5,"symmetricP1"
"Figure_5_2","Oklahoma",27,52,11,7,5,"symmetricP1"
"Figure_5_2","South Carolina",30,52,11,7,5,"symmetricP1"
"Figure_5_2","West Virginia",37,52,11,7,5,"symmetricP1"
"Figure_5_2","North Carolina",24,52,12,9,5,"symmetricP1"
"Figure_5_2","Tennessee",32,52,13,11,5,"symmetricP1"
"Figure_5_2","Colorado",4,52,100,5,9,"symmetricP2"
"Figure_5_2","Delaware",6,52,100,5,9,"symmetricP2"
"Figure_5_2","Mississippi",17,52,100,5,9,"symmetricP2"
"Figure_5_2","Vermont",35,52,100,5,9,"symmetricP2"
"Figure_5_2","Kentucky",13,52,101,7,9,"symmetricP2"
"Figure_5_2","Georgia",7,52,103,11,9,"symmetricP2"
"Figure_5_2","Kansas",12,52,109,5,4,"asymmetricP1"
"Figure_5_2","Nebraska",20,52,109,5,4,"asymmetricP1"
"Figure_5_2","Utah",34,52,109,5,4,"asymmetricP1"
"Figure_5_2","Missouri",18,52,110,7,4,"asymmetricP1"
"Figure_5_2","Illinois",9,52,112,11,4,"asymmetricP1"
"Figure_5_2","Ohio",26,52,113,13,4,"asymmetricP1"
"Figure_5_2","Minnesota",16,52,114,15,4,"asymmetricP1"
"Figure_5_2","Texas",33,52,115,17,4,"asymmetricP1"
"Figure_5_2","Iowa",11,52,163,5,4,"asymmetricP2"
"Figure_5_2","Wisconsin",38,52,163,5,4,"asymmetricP2"
"Figure_5_2","Nevada",21,52,165,9,4,"asymmetricP2"
"Figure_5_2","South Dakota",31,52,165,9,4,"asymmetricP2"
"Figure_5_2","Arkansas",2,52,167,13,4,"asymmetricP2"
"Figure_5_2","Indiana",10,52,217,5,4,"typeIc"
"Figure_5_2","Wyoming",39,52,217,5,4,"typeIc"
"Figure_5_2","Rhode Island",29,52,218,7,4,"typeIc"
"Figure_5_2","Montana",19,52,220,11,4,"typeIc"
"Figure_5_2","Pennsylvania",28,52,220,11,4,"typeIc"
"Figure_5_2","Maine",15,52,325,5,4,"mori2006"
"Figure_5_2","New Hampshire",22,52,327,9,4,"mori2006"
"Figure_5_2","Connecticut",5,52,330,15,4,"mori2006"
"Figure_5_2","Virginia",36,52,333,21,4,"mori2006"
"Figure_5_2","Georgia",7,53,1,5,4,"symmetricP1"
"Figure_5_2","Idaho",8,53,1,5,4,"symmetricP1"
"Figure_5_2","Ohio",26,53,1,5,4,"symmetricP1"
"Figure_5_2","Delaware",6,53,11,7,5,"symmetricP1"
"Figure_5_2","Oklahoma",27,53,11,7,5,"symmetricP1"
"Figure_5_2","South Carolina",30,53,11,7,5,"symmetricP1"
"Figure_5_2","Mississippi",17,53,12,9,5,"symmetricP1"
"Figure_5_2","North Carolina",24,53,12,9,5,"symmetricP1"
"Figure_5_2","Tennessee",32,53,13,11,5,"symmetricP1"
"Figure_5_2","Vermont",35,53,100,5,9,"symmetricP2"
"Figure_5_2","Kentucky",13,53,101,7,9,"symmetricP2"
"Figure_5_2","Louisiana",14,53,102,9,9,"symmetricP2"
"Figure_5_2","North Dakota",25,53,102,9,9,"symmetricP2"
"Figure_5_2","West Virginia",37,53,103,11,9,"symmetricP2"
"Figure_5_2","Colorado",4,53,109,5,4,"asymmetricP1"
"Figure_5_2","Iowa",11,53,109,5,4,"asymmetricP1"
"Figure_5_2","Kansas",12,53,109,5,4,"asymmetricP1"
"Figure_5_2","Utah",34,53,109,5,4,"asymmetricP1"
"Figure_5_2","Nebraska",20,53,110,7,4,"asymmetricP1"
"Figure_5_2","Minnesota",16,53,114,15,4,"asymmetricP1"
"Figure_5_2","Texas",33,53,115,17,4,"asymmetricP1"
"Figure_5_2","Wisconsin",38,53,163,5,4,"asymmetricP2"
"Figure_5_2","Arkansas",2,53,167,13,4,"asymmetricP2"
"Figure_5_2","Indiana",10,53,217,5,4,"typeIc"
"Figure_5_2","Wyoming",39,53,217,5,4,"typeIc"
"Figure_5_2","Missouri",18,53,218,7,4,"typeIc"
"Figure_5_2","Nevada",21,53,218,7,4,"typeIc"
"Figure_5_2","Rhode Island",29,53,218,7,4,"typeIc"
"Figure_5_2","Montana",19,53,220,11,4,"typeIc"
"Figure_5_2","Pennsylvania",28,53,220,11,4,"typeIc"
"Figure_5_2","Illinois",9,53,223,17,4,"typeIc"
"Figure_5_2","New Mexico",23,53,326,7,4,"mori2006"
"Figure_5_2","South Dakota",31,53,326,7,4,"mori2006"
"Figure_5_2","New Hampshire",22,53,327,9,4,"mori2006"
"Figure_5_2","Connecticut",5,53,330,15,4,"mori2006"
"Figure_5_2","Virginia",36,53,333,21,4,"mori2006"
"Figure_5_2","Idaho",8,54,1,5,4,"symmetricP1"
"Figure_5_2","Oklahoma",27,54,1,5,4,"symmetricP1"
"Figure_5_2","Delaware",6,54,11,7,5,"symmetricP1"
"Figure_5_2","South Carolina",30,54,11,7,5,"symmetricP1"
"Figure_5_2","Mississippi",17,54,12,9,5,"symmetricP1"
"Figure_5_2","Connecticut",5,54,13,11,5,"symmetricP1"
"Figure_5_2","Tennessee",32,54,13,11,5,"symmetricP1"
"Figure_5_2","Ohio",26,54,14,13,5,"symmetricP1"
"Figure_5_2","Illinois",9,54,18,21,5,"symmetricP1"
"Figure_5_2","Montana",19,54,100,5,9,"symmetricP2"
"Figure_5_2","Vermont",35,54,100,5,9,"symmetricP2"
"Figure_5_2","Louisiana",14,54,102,9,9,"symmetricP2"
"Figure_5_2","North Dakota",25,54,102,9,9,"symmetricP2"
"Figure_5_2","Georgia",7,54,103,11,9,"symmetricP2"
"Figure_5_2","West Virginia",37,54,103,11,9,"symmetricP2"
"Figure_5_2","Colorado",4,54,109,5,4,"asymmetricP1"
"Figure_5_2","Kansas",12,54,109,5,4,"asymmetricP1"
"Figure_5_2","Missouri",18,54,110,7,4,"asymmetricP1"
"Figure_5_2","Iowa",11,54,163,5,4,"asymmetricP2"
"Figure_5_2","Maine",15,54,163,5,4,"asymmetricP2"
"Figure_5_2","Nebraska",20,54,163,5,4,"asymmetricP2"
"Figure_5_2","Utah",34,54,163,5,4,"asymmetricP2"
"Figure_5_2","Wisconsin",38,54,163,5,4,"asymmetricP2"
"Figure_5_2","Arkansas",2,54,167,13,4,"asymmetricP2"
"Figure_5_2","Kentucky",13,54,169,17,4,"asymmetricP2"
"Figure_5_2","Texas",33,54,171,21,4,"asymmetricP2"
"Figure_5_2","Indiana",10,54,217,5,4,"typeIc"
"Figure_5_2","North Carolina",24,54,217,5,4,"typeIc"
"Figure_5_2","Wyoming",39,54,217,5,4,"typeIc"
"Figure_5_2","Pennsylvania",28,54,220,11,4,"typeIc"
"Figure_5_2","Rhode Island",29,54,325,5,4,"mori2006"
"Figure_5_2","New Mexico",23,54,326,7,4,"mori2006"
"Figure_5_2","South Dakota",31,54,326,7,4,"mori2006"
"Figure_5_2","New Hampshire",22,54,327,9,4,"mori2006"
"Figure_5_2","Nevada",21,54,331,17,4,"mori2006"
"Figure_5_2","Virginia",36,54,333,21,4,"mori2006"
"Figure_5_2","Idaho",8,55,1,5,4,"symmetricP1"
"Figure_5_2","Utah",34,55,1,5,4,"symmetricP1"
"Figure_5_2","South Carolina",30,55,11,7,5,"symmetricP1"
"Figure_5_2","North Dakota",25,55,13,11,5,"symmetricP1"
"Figure_5_2","Tennessee",32,55,13,11,5,"symmetricP1"
"Figure_5_2","Ohio",26,55,14,13,5,"symmetricP1"
"Figure_5_2","Delaware",6,55,100,5,9,"symmetricP2"
"Figure_5_2","Vermont",35,55,100,5,9,"symmetricP2"
"Figure_5_2","Wisconsin",38,55,100,5,9,"symmetricP2"
"Figure_5_2","Kentucky",13,55,101,7,9,"symmetricP2"
"Figure_5_2","Louisiana",14,55,102,9,9,"symmetricP2"
"Figure_5_2","West Virginia",37,55,103,11,9,"symmetricP2"
"Figure_5_2","Colorado",4,55,109,5,4,"asymmetricP1"
"Figure_5_2","Georgia",7,55,109,5,4,"asymmetricP1"
"Figure_5_2","Kansas",12,55,109,5,4,"asymmetricP1"
"Figure_5_2","Nebraska",20,55,110,7,4,"asymmetricP1"
"Figure_5_2","New Mexico",23,55,110,7,4,"asymmetricP1"
"Figure_5_2","Oklahoma",27,55,110,7,4,"asymmetricP1"
"Figure_5_2","Illinois",9,55,113,13,4,"asymmetricP1"
"Figure_5_2","Minnesota",16,55,114,15,4,"asymmetricP1"
"Figure_5_2","Texas",33,55,115,17,4,"asymmetricP1"
"Figure_5_2","Virginia",36,55,117,21,4,"asymmetricP1"
"Figure_5_2","Iowa",11,55,163,5,4,"asymmetricP2"
"Figure_5_2","Maine",15,55,163,5,4,"asymmetricP2"
"Figure_5_2","Arkansas",2,55,167,13,4,"asymmetricP2"
"Figure_5_2","Indiana",10,55,217,5,4,"typeIc"
"Figure_5_2","North Carolina",24,55,217,5,4,"typeIc"
"Figure_5_2","Wyoming",39,55,217,5,4,"typeIc"
"Figure_5_2","Missouri",18,55,218,7,4,"typeIc"
"Figure_5_2","Rhode Island",29,55,218,7,4,"typeIc"
"Figure_5_2","Montana",19,55,220,11,4,"typeIc"
"Figure_5_2","Pennsylvania",28,55,220,11,4,"typeIc"
"Figure_5_2","South Dakota",31,55,326,7,4,"mori2006"
"Figure_5_2","New Hampshire",22,55,327,9,4,"mori2006"
"Figure_5_2","Connecticut",5,55,330,15,4,"mori2006"
"Figure_5_2","Nevada",21,55,331,17,4,"mori2006"
"Figure_5_2","Idaho",8,56,1,5,4,"symmetricP1"
"Figure_5_2","North Dakota",25,56,1,5,4,"symmetricP1"
"Figure_5_2","South Carolina",30,56,11,7,5,"symmetricP1"
"Figure_5_2","West Virginia",37,56,11,7,5,"symmetricP1"
"Figure_5_2","Mississippi",17,56,12,9,5,"symmetricP1"
"Figure_5_2","Tennessee",32,56,13,11,5,"symmetricP1"
"Figure_5_2","Virginia",36,56,100,5,9,"symmetricP2"
"Figure_5_2","Wisconsin",38,56,100,5,9,"symmetricP2"
"Figure_5_2","Kentucky",13,56,101,7,9,"symmetricP2"
"Figure_5_2","Colorado",4,56,109,5,4,"asymmetricP1"
"Figure_5_2","Delaware",6,56,109,5,4,"asymmetricP1"
"Figure_5_2","Georgia",7,56,109,5,4,"asymmetricP1"
"Figure_5_2","Iowa",11,56,109,5,4,"asymmetricP1"
"Figure_5_2","Kansas",12,56,109,5,4,"asymmetricP1"
"Figure_5_2","Nebraska",20,56,109,5,4,"asymmetricP1"
"Figure_5_2","Utah",34,56,109,5,4,"asymmetricP1"
"Figure_5_2","New Mexico",23,56,110,7,4,"asymmetricP1"
"Figure_5_2","Pennsylvania",28,56,112,11,4,"asymmetricP1"
"Figure_5_2","Minnesota",16,56,114,15,4,"asymmetricP1"
"Figure_5_2","Texas",33,56,115,17,4,"asymmetricP1"
"Figure_5_2","Maine",15,56,163,5,4,"asymmetricP2"
"Figure_5_2","Wyoming",39,56,163,5,4,"asymmetricP2"
"Figure_5_2","Oklahoma",27,56,164,7,4,"asymmetricP2"
"Figure_5_2","Louisiana",14,56,165,9,4,"asymmetricP2"
"Figure_5_2","Arkansas",2,56,167,13,4,"asymmetricP2"
"Figure_5_2","Indiana",10,56,217,5,4,"typeIc"
"Figure_5_2","North Carolina",24,56,217,5,4,"typeIc"
"Figure_5_2","Rhode Island",29,56,218,7,4,"typeIc"
"Figure_5_2","Illinois",9,56,220,11,4,"typeIc"
"Figure_5_2","Montana",19,56,220,11,4,"typeIc"
"Figure_5_2","Ohio",26,56,221,13,4,"typeIc"
"Figure_5_2","South Dakota",31,56,326,7,4,"mori2006"
"Figure_5_2","Vermont",35,56,326,7,4,"mori2006"
"Figure_5_2","New Hampshire",22,56,327,9,4,"mori2006"
"Figure_5_2","Connecticut",5,56,330,15,4,"mori2006"
"Figure_5_2","Nevada",21,56,331,17,4,"mori2006"
"Figure_5_2","North Carolina",24,57,1,5,4,"symmetricP1"
"Figure_5_2","Delaware",6,57,11,7,5,"symmetricP1"
"Figure_5_2","New Mexico",23,57,11,7,5,"symmetricP1"
"Figure_5_2","West Virginia",37,57,11,7,5,"symmetricP1"
"Figure_5_2","Mississippi",17,57,12,9,5,"symmetricP1"
"Figure_5_2","North Dakota",25,57,12,9,5,"symmetricP1"
"Figure_5_2","Wyoming",39,57,12,9,5,"symmetricP1"
"Figure_5_2","Tennessee",32,57,13,11,5,"symmetricP1"
"Figure_5_2","Ohio",26,57,14,13,5,"symmetricP1"
"Figure_5_2","Vermont",35,57,100,5,9,"symmetricP2"
"Figure_5_2","Kentucky",13,57,101,7,9,"symmetricP2"
"Figure_5_2","South Dakota",31,57,101,7,9,"symmetricP2"
"Figure_5_2","Georgia",7,57,103,11,9,"symmetricP2"
"Figure_5_2","Colorado",4,57,109,5,4,"asymmetricP1"
"Figure_5_2","Idaho",8,57,109,5,4,"asymmetricP1"
"Figure_5_2","Iowa",11,57,109,5,4,"asymmetricP1"
"Figure_5_2","Kansas",12,57,109,5,4,"asymmetricP1"
"Figure_5_2","Oklahoma",27,57,109,5,4,"asymmetricP1"
"Figure_5_2","Utah",34,57,109,5,4,"asymmetricP1"
"Figure_5_2","Illinois",9,57,112,11,4,"asymmetricP1"
"Figure_5_2","Pennsylvania",28,57,112,11,4,"asymmetricP1"
"Figure_5_2","Texas",33,57,115,17,4,"asymmetricP1"
"Figure_5_2","Nebraska",20,57,163,5,4,"asymmetricP2"
"Figure_5_2","Wisconsin",38,57,163,5,4,"asymmetricP2"
"Figure_5_2","Louisiana",14,57,165,9,4,"asymmetricP2"
"Figure_5_2","South Carolina",30,57,165,9,4,"asymmetricP2"
"Figure_5_2","Arkansas",2,57,167,13,4,"asymmetricP2"
"Figure_5_2","Indiana",10,57,217,5,4,"typeIc"
"Figure_5_2","Missouri",18,57,218,7,4,"typeIc"
"Figure_5_2","Rhode Island",29,57,218,7,4,"typeIc"
"Figure_5_2","New Hampshire",22,57,327,9,4,"mori2006"
"Figure_5_2","Maine",15,57,328,11,4,"mori2006"
"Figure_5_2","Connecticut",5,57,330,15,4,"mori2006"
"Figure_5_2","Minnesota",16,57,330,15,4,"mori2006"
"Figure_5_2","Nevada",21,57,331,17,4,"mori2006"
"Figure_5_2","Virginia",36,57,333,21,4,"mori2006"
"Figure_5_2","Idaho",8,58,1,5,4,"symmetricP1"
"Figure_5_2","South Carolina",30,58,11,7,5,"symmetricP1"
"Figure_5_2","Mississippi",17,58,12,9,5,"symmetricP1"
"Figure_5_2","North Carolina",24,58,12,9,5,"symmetricP1"
"Figure_5_2","Wyoming",39,58,12,9,5,"symmetricP1"
"Figure_5_2","Tennessee",32,58,13,11,5,"symmetricP1"
"Figure_5_2","Ohio",26,58,14,13,5,"symmetricP1"
"Figure_5_2","Vermont",35,58,100,5,9,"symmetricP2"
"Figure_5_2","Kentucky",13,58,101,7,9,"symmetricP2"
"Figure_5_2","Louisiana",14,58,102,9,9,"symmetricP2"
"Figure_5_2","Georgia",7,58,103,11,9,"symmetricP2"
"Figure_5_2","Colorado",4,58,109,5,4,"asymmetricP1"
"Figure_5_2","Iowa",11,58,109,5,4,"asymmetricP1"
"Figure_5_2","Kansas",12,58,109,5,4,"asymmetricP1"
"Figure_5_2","New Mexico",23,58,109,5,4,"asymmetricP1"
"Figure_5_2","Oklahoma",27,58,109,5,4,"asymmetricP1"
"Figure_5_2","Illinois",9,58,112,11,4,"asymmetricP1"
"Figure_5_2","Texas",33,58,115,17,4,"asymmetricP1"
"Figure_5_2","Maine",15,58,163,5,4,"asymmetricP2"
"Figure_5_2","Wisconsin",38,58,163,5,4,"asymmetricP2"
"Figure_5_2","Delaware",6,58,164,7,4,"asymmetricP2"
"Figure_5_2","Missouri",18,58,164,7,4,"asymmetricP2"
"Figure_5_2","Nevada",21,58,165,9,4,"asymmetricP2"
"Figure_5_2","Arkansas",2,58,167,13,4,"asymmetricP2"
"Figure_5_2","Indiana",10,58,217,5,4,"typeIc"
"Figure_5_2","Utah",34,58,217,5,4,"typeIc"
"Figure_5_2","Rhode Island",29,58,218,7,4,"typeIc"
"Figure_5_2","North Dakota",25,58,219,9,4,"typeIc"
"Figure_5_2","Montana",19,58,220,11,4,"typeIc"
"Figure_5_2","Pennsylvania",28,58,220,11,4,"typeIc"
"Figure_5_2","Minnesota",16,58,222,15,4,"typeIc"
"Figure_5_2","Virginia",36,58,225,21,4,"typeIc"
"Figure_5_2","South Dakota",31,58,326,7,4,"mori2006"
"Figure_5_2","West Virginia",37,58,326,7,4,"mori2006"
"Figure_5_2","New Hampshire",22,58,327,9,4,"mori2006"
"Figure_5_2","Connecticut",5,58,330,15,4,"mori2006"
"Figure_5_2","Idaho",8,59,1,5,4,"symmetricP1"
"Figure_5_2","New Hampshire",22,59,11,7,5,"symmetricP1"
"Figure_5_2","South Carolina",30,59,11,7,5,"symmetricP1"
"Figure_5_2","West Virginia",37,59,11,7,5,"symmetricP1"
"Figure_5_2","Mississippi",17,59,12,9,5,"symmetricP1"
"Figure_5_2","North Dakota",25,59,12,9,5,"symmetricP1"
"Figure_5_2","Connecticut",5,59,13,11,5,"symmetricP1"
"Figure_5_2","Tennessee",32,59,13,11,5,"symmetricP1"
"Figure_5_2","Ohio",26,59,14,13,5,"symmetricP1"
"Figure_5_2","Delaware",6,59,100,5,9,"symmetricP2"
"Figure_5_2","Vermont",35,59,100,5,9,"symmetricP2"
"Figure_5_2","Kentucky",13,59,101,7,9,"symmetricP2"
"Figure_5_2","Colorado",4,59,109,5,4,"asymmetricP1"
"Figure_5_2","Georgia",7,59,109,5,4,"asymmetricP1"
"Figure_5_2","Kansas",12,59,109,5,4,"asymmetricP1"
"Figure_5_2","Oklahoma",27,59,109,5,4,"asymmetricP1"
"Figure_5_2","Missouri",18,59,110,7,4,"asymmetricP1"
"Figure_5_2","Illinois",9,59,114,15,4,"asymmetricP1"
"Figure_5_2","Minnesota",16,59,114,15,4,"asymmetricP1"
"Figure_5_2","Texas",33,59,115,17,4,"asymmetricP1"
"Figure_5_2","Iowa",11,59,163,5,4,"asymmetricP2"
"Figure_5_2","Nebraska",20,59,163,5,4,"asymmetricP2"
"Figure_5_2","Utah",34,59,163,5,4,"asymmetricP2"
"Figure_5_2","Wisconsin",38,59,164,7,4,"asymmetricP2"
"Figure_5_2","Louisiana",14,59,165,9,4,"asymmetricP2"
"Figure_5_2","Arkansas",2,59,167,13,4,"asymmetricP2"
"Figure_5_2","Indiana",10,59,217,5,4,"typeIc"
"Figure_5_2","North Carolina",24,59,217,5,4,"typeIc"
"Figure_5_2","Wyoming",39,59,217,5,4,"typeIc"
"Figure_5_2","Rhode Island",29,59,218,7,4,"typeIc"
"Figure_5_2","Montana",19,59,220,11,4,"typeIc"
"Figure_5_2","Pennsylvania",28,59,220,11,4,"typeIc"
"Figure_5_2","Maine",15,59,326,7,4,"mori2006"
"Figure_5_2","New Mexico",23,59,326,7,4,"mori2006"
"Figure_5_2","South Dakota",31,59,326,7,4,"mori2006"
"Figure_5_2","Virginia",36,59,333,21,4,"mori2006"
"Figure_5_2","Idaho",8,60,1,5,4,"symmetricP1"
"Figure_5_2","Nebraska",20,60,1,5,4,"symmetricP1"
"Figure_5_2","North Dakota",25,60,1,5,4,"symmetricP1"
"Figure_5_2","Delaware",6,60,11,7,5,"symmetricP1"
"Figure_5_2","South Carolina",30,60,11,7,5,"symmetricP1"
"Figure_5_2","Mississippi",17,60,12,9,5,"symmetricP1"
"Figure_5_2","North Carolina",24,60,12,9,5,"symmetricP1"
"Figure_5_2","Ohio",26,60,14,13,5,"symmetricP1"
"Figure_5_2","Nevada",21,60,15,15,5,"symmetricP1"
"Figure_5_2","Colorado",4,60,100,5,9,"symmetricP2"
"Figure_5_2","Montana",19,60,100,5,9,"symmetricP2"
"Figure_5_2","Vermont",35,60,100,5,9,"symmetricP2"
"Figure_5_2","Kentucky",13,60,101,7,9,"symmetricP2"
"Figure_5_2","West Virginia",37,60,103,11,9,"symmetricP2"
"Figure_5_2","Georgia",7,60,109,5,4,"asymmetricP1"
"Figure_5_2","Iowa",11,60,109,5,4,"asymmetricP1"
"Figure_5_2","Kansas",12,60,109,5,4,"asymmetricP1"
"Figure_5_2","Illinois",9,60,112,11,4,"asymmetricP1"
"Figure_5_2","Texas",33,60,115,17,4,"asymmetricP1"
"Figure_5_2","Utah",34,60,163,5,4,"asymmetricP2"
"Figure_5_2","Oklahoma",27,60,164,7,4,"asymmetricP2"
"Figure_5_2","Louisiana",14,60,165,9,4,"asymmetricP2"
"Figure_5_2","Arkansas",2,60,167,13,4,"asymmetricP2"
"Figure_5_2","Indiana",10,60,217,5,4,"typeIc"
"Figure_5_2","Wyoming",39,60,217,5,4,"typeIc"
"Figure_5_2","Missouri",18,60,218,7,4,"typeIc"
"Figure_5_2","Rhode Island",29,60,218,7,4,"typeIc"
"Figure_5_2","Pennsylvania",28,60,220,11,4,"typeIc"
"Figure_5_2","Maine",15,60,326,7,4,"mori2006"
"Figure_5_2","New Mexico",23,60,326,7,4,"mori2006"
"Figure_5_2","South Dakota",31,60,326,7,4,"mori2006"
"Figure_5_2","Wisconsin",38,60,327,9,4,"mori2006"
"Figure_5_2","Tennessee",32,60,328,11,4,"mori2006"
"Figure_5_2","Virginia",36,60,328,11,4,"mori2006"
"Figure_5_2","Connecticut",5,60,330,15,4,"mori2006"
"Figure_5_2","Minnesota",16,60,330,15,4,"mori2006"
"Figure_5_2","Idaho",8,61,1,5,4,"symmetricP1"
"Figure_5_2","North Carolina",24,61,1,5,4,"symmetricP1"
"Figure_5_2","Delaware",6,61,11,7,5,"symmetricP1"
"Figure_5_2","South Carolina",30,61,11,7,5,"symmetricP1"
"Figure_5_2","West Virginia",37,61,11,7,5,"symmetricP1"
"Figure_5_2","Mississippi",17,61,12,9,5,"symmetricP1"
"Figure_5_2","Tennessee",32,61,13,11,5,"symmetricP1"
"Figure_5_2","Ohio",26,61,14,13,5,"symmetricP1"
"Figure_5_2","North Dakota",25,61,100,5,9,"symmetricP2"
"Figure_5_2","Vermont",35,61,100,5,9,"symmetricP2"
"Figure_5_2","Wisconsin",38,61,100,5,9,"symmetricP2"
"Figure_5_2","Kentucky",13,61,101,7,9,"symmetricP2"
"Figure_5_2","South Dakota",31,61,101,7,9,"symmetricP2"
"Figure_5_2","Colorado",4,61,109,5,4,"asymmetricP1"
"Figure_5_2","Iowa",11,61,109,5,4,"asymmetricP1"
"Figure_5_2","Kansas",12,61,109,5,4,"asymmetricP1"
"Figure_5_2","Montana",19,61,109,5,4,"asymmetricP1"
"Figure_5_2","Nebraska",20,61,109,5,4,"asymmetricP1"
"Figure_5_2","Oklahoma",27,61,109,5,4,"asymmetricP1"
"Figure_5_2","Louisiana",14,61,111,9,4,"asymmetricP1"
"Figure_5_2","Illinois",9,61,112,11,4,"asymmetricP1"
"Figure_5_2","Pennsylvania",28,61,112,11,4,"asymmetricP1"
"Figure_5_2","Minnesota",16,61,114,15,4,"asymmetricP1"
"Figure_5_2","Maine",15,61,163,5,4,"asymmetricP2"
"Figure_5_2","Virginia",36,61,163,5,4,"asymmetricP2"
"Figure_5_2","Missouri",18,61,164,7,4,"asymmetricP2"
"Figure_5_2","Arkansas",2,61,167,13,4,"asymmetricP2"
"Figure_5_2","Indiana",10,61,217,5,4,"typeIc"
"Figure_5_2","Utah",34,61,217,5,4,"typeIc"
"Figure_5_2","Wyoming",39,61,217,5,4,"typeIc"
"Figure_5_2","Rhode Island",29,61,218,7,4,"typeIc"
"Figure_5_2","Georgia",7,61,220,11,4,"typeIc"
"Figure_5_2","Texas",33,61,225,21,4,"typeIc"
"Figure_5_2","New Hampshire",22,61,327,9,4,"mori2006"
"Figure_5_2","Connecticut",5,61,330,15,4,"mori2006"
"Figure_5_2","Nevada",21,61,331,17,4,"mori2006"
"Figure_5_2","Indiana",10,62,1,5,4,"symmetricP1"
"Figure_5_2","West Virginia",37,62,11,7,5,"symmetricP1"
"Figure_5_2","Mississippi",17,62,12,9,5,"symmetricP1"
"Figure_5_2","North Dakota",25,62,13,11,5,"symmetricP1"
"Figure_5_2","Tennessee",32,62,13,11,5,"symmetricP1"
"Figure_5_2","Ohio",26,62,14,13,5,"symmetricP1"
"Figure_5_2","Illinois",9,62,15,15,5,"symmetricP1"
"Figure_5_2","Colorado",4,62,100,5,9,"symmetricP2"
"Figure_5_2","Delaware",6,62,100,5,9,"symmetricP2"
"Figure_5_2","Vermont",35,62,100,5,9,"symmetricP2"
"Figure_5_2","Virginia",36,62,100,5,9,"symmetricP2"
"Figure_5_2","Wisconsin",38,62,100,5,9,"symmetricP2"
"Figure_5_2","Louisiana",14,62,102,9,9,"symmetricP2"
"Figure_5_2","Georgia",7,62,109,5,4,"asymmetricP1"
"Figure_5_2","Iowa",11,62,109,5,4,"asymmetricP1"
"Figure_5_2","Kansas",12,62,109,5,4,"asymmetricP1"
"Figure_5_2","Utah",34,62,109,5,4,"asymmetricP1"
"Figure_5_2","Maine",15,62,163,5,4,"asymmetricP2"
"Figure_5_2","Wyoming",39,62,163,5,4,"asymmetricP2"
"Figure_5_2","Oklahoma",27,62,164,7,4,"asymmetricP2"
"Figure_5_2","Nevada",21,62,165,9,4,"asymmetricP2"
"Figure_5_2","Arkansas",2,62,167,13,4,"asymmetricP2"
"Figure_5_2","Kentucky",13,62,171,21,4,"asymmetricP2"
"Figure_5_2","Missouri",18,62,218,7,4,"typeIc"
"Figure_5_2","Rhode Island",29,62,218,7,4,"typeIc"
"Figure_5_2","South Carolina",30,62,218,7,4,"typeIc"
"Figure_5_2","Montana",19,62,220,11,4,"typeIc"
"Figure_5_2","Pennsylvania",28,62,220,11,4,"typeIc"
"Figure_5_2","Texas",33,62,225,21,4,"typeIc"
"Figure_5_2","Nebraska",20,62,325,5,4,"mori2006"
"Figure_5_2","Idaho",8,62,326,7,4,"mori2006"
"Figure_5_2","New Mexico",23,62,326,7,4,"mori2006"
"Figure_5_2","South Dakota",31,62,326,7,4,"mori2006"
"Figure_5_2","New Hampshire",22,62,327,9,4,"mori2006"
"Figure_5_2","Connecticut",5,62,330,15,4,"mori2006"
"Figure_5_2","Minnesota",16,62,330,15,4,"mori2006"
"Figure_5_2","Delaware",6,63,1,5,4,"symmetricP1"
"Figure_5_2","Ohio",26,63,1,5,4,"symmetricP1"
"Figure_5_2","Mississippi",17,63,12,9,5,"symmetricP1"
"Figure_5_2","North Carolina",24,63,12,9,5,"symmetricP1"
"Figure_5_2","Tennessee",32,63,13,11,5,"symmetricP1"
"Figure_5_2","Wisconsin",38,63,100,5,9,"symmetricP2"
"Figure_5_2","Kentucky",13,63,101,7,9,"symmetricP2"
"Figure_5_2","Louisiana",14,63,102,9,9,"symmetricP2"
"Figure_5_2","Colorado",4,63,109,5,4,"asymmetricP1"
"Figure_5_2","Georgia",7,63,109,5,4,"asymmetricP1"
"Figure_5_2","Idaho",8,63,109,5,4,"asymmetricP1"
"Figure_5_2","Kansas",12,63,109,5,4,"asymmetricP1"
"Figure_5_2","Nebraska",20,63,109,5,4,"asymmetricP1"
"Figure_5_2","Utah",34,63,109,5,4,"asymmetricP1"
"Figure_5_2","Vermont",35,63,109,5,4,"asymmetricP1"
"Figure_5_2","Missouri",18,63,110,7,4,"asymmetricP1"
"Figure_5_2","Oklahoma",27,63,110,7,4,"asymmetricP1"
"Figure_5_2","Minnesota",16,63,114,15,4,"asymmetricP1"
"Figure_5_2","Texas",33,63,115,17,4,"asymmetricP1"
"Figure_5_2","Maine",15,63,163,5,4,"asymmetricP2"
"Figure_5_2","Arkansas",2,63,167,13,4,"asymmetricP2"
"Figure_5_2","Indiana",10,63,217,5,4,"typeIc"
"Figure_5_2","Wyoming",39,63,217,5,4,"typeIc"
"Figure_5_2","Rhode Island",29,63,218,7,4,"typeIc"
"Figure_5_2","Illinois",9,63,220,11,4,"typeIc"
"Figure_5_2","Montana",19,63,220,11,4,"typeIc"
"Figure_5_2","Pennsylvania",28,63,220,11,4,"typeIc"
"Figure_5_2","Iowa",11,63,325,5,4,"mori2006"
"Figure_5_2","New Mexico",23,63,326,7,4,"mori2006"
"Figure_5_2","South Carolina",30,63,326,7,4,"mori2006"
"Figure_5_2","South Dakota",31,63,326,7,4,"mori2006"
"Figure_5_2","West Virginia",37,63,326,7,4,"mori2006"
"Figure_5_2","New Hampshire",22,63,327,9,4,"mori2006"
"Figure_5_2","Connecticut",5,63,330,15,4,"mori2006"
"Figure_5_2","Nevada",21,63,331,17,4,"mori2006"
"Figure_5_2","Virginia",36,63,333,21,4,"mori2006"
"Figure_5_2","Idaho",8,64,1,5,4,"symmetricP1"
"Figure_5_2","Delaware",6,64,11,7,5,"symmetricP1"
"Figure_5_2","Oklahoma",27,64,11,7,5,"symmetricP1"
"Figure_5_2","South Carolina",30,64,11,7,5,"symmetricP1"
"Figure_5_2","West Virginia",37,64,11,7,5,"symmetricP1"
"Figure_5_2","Mississippi",17,64,12,9,5,"symmetricP1"
"Figure_5_2","Tennessee",32,64,13,11,5,"symmetricP1"
"Figure_5_2","Vermont",35,64,100,5,9,"symmetricP2"
"Figure_5_2","Kentucky",13,64,101,7,9,"symmetricP2"
"Figure_5_2","Louisiana",14,64,102,9,9,"symmetricP2"
"Figure_5_2","North Dakota",25,64,102,9,9,"symmetricP2"
"Figure_5_2","Colorado",4,64,109,5,4,"asymmetricP1"
"Figure_5_2","Iowa",11,64,109,5,4,"asymmetricP1"
"Figure_5_2","Kansas",12,64,109,5,4,"asymmetricP1"
"Figure_5_2","Nebraska",20,64,109,5,4,"asymmetricP1"
"Figure_5_2","Pennsylvania",28,64,109,5,4,"asymmetricP1"
"Figure_5_2","New Mexico",23,64,110,7,4,"asymmetricP1"
"Figure_5_2","Illinois",9,64,113,13,4,"asymmetricP1"
"Figure_5_2","Georgia",7,64,163,5,4,"asymmetricP2"
"Figure_5_2","Maine",15,64,163,5,4,"asymmetricP2"
"Figure_5_2","Utah",34,64,163,5,4,"asymmetricP2"
"Figure_5_2","Wisconsin",38,64,163,5,4,"asymmetricP2"
"Figure_5_2","Arkansas",2,64,166,11,4,"asymmetricP2"
"Figure_5_2","Indiana",10,64,217,5,4,"typeIc"
"Figure_5_2","North Carolina",24,64,217,5,4,"typeIc"
"Figure_5_2","Wyoming",39,64,217,5,4,"typeIc"
"Figure_5_2","Missouri",18,64,218,7,4,"typeIc"
"Figure_5_2","Rhode Island",29,64,218,7,4,"typeIc"
"Figure_5_2","Montana",19,64,220,11,4,"typeIc"
"Figure_5_2","Texas",33,64,225,21,4,"typeIc"
"Figure_5_2","South Dakota",31,64,326,7,4,"mori2006"
"Figure_5_2","New Hampshire",22,64,327,9,4,"mori2006"
"Figure_5_2","Connecticut",5,64,330,15,4,"mori2006"
"Figure_5_2","Minnesota",16,64,330,15,4,"mori2006"
"Figure_5_2","Nevada",21,64,331,17,4,"mori2006"
"Figure_5_2","Virginia",36,64,333,21,4,"mori2006"
"Figure_5_2","Idaho",8,65,1,5,4,"symmetricP1"
"Figure_5_2","Kansas",12,65,1,5,4,"symmetricP1"
"Figure_5_2","South Carolina",30,65,11,7,5,"symmetricP1"
"Figure_5_2","Mississippi",17,65,12,9,5,"symmetricP1"
"Figure_5_2","Tennessee",32,65,13,11,5,"symmetricP1"
"Figure_5_2","Ohio",26,65,14,13,5,"symmetricP1"
"Figure_5_2","Delaware",6,65,100,5,9,"symmetricP2"
"Figure_5_2","Vermont",35,65,100,5,9,"symmetricP2"
"Figure_5_2","Wisconsin",38,65,100,5,9,"symmetricP2"
"Figure_5_2","Kentucky",13,65,101,7,9,"symmetricP2"
"Figure_5_2","North Dakota",25,65,102,9,9,"symmetricP2"
"Figure_5_2","Colorado",4,65,109,5,4,"asymmetricP1"
"Figure_5_2","Georgia",7,65,109,5,4,"asymmetricP1"
"Figure_5_2","Iowa",11,65,109,5,4,"asymmetricP1"
"Figure_5_2","Utah",34,65,109,5,4,"asymmetricP1"
"Figure_5_2","Illinois",9,65,112,11,4,"asymmetricP1"
"Figure_5_2","Texas",33,65,115,17,4,"asymmetricP1"
"Figure_5_2","Maine",15,65,163,5,4,"asymmetricP2"
"Figure_5_2","Louisiana",14,65,165,9,4,"asymmetricP2"
"Figure_5_2","Arkansas",2,65,167,13,4,"asymmetricP2"
"Figure_5_2","Indiana",10,65,217,5,4,"typeIc"
"Figure_5_2","Wyoming",39,65,217,5,4,"typeIc"
"Figure_5_2","Missouri",18,65,218,7,4,"typeIc"
"Figure_5_2","Rhode Island",29,65,218,7,4,"typeIc"
"Figure_5_2","Montana",19,65,220,11,4,"typeIc"
"Figure_5_2","Pennsylvania",28,65,220,11,4,"typeIc"
"Figure_5_2","Nebraska",20,65,325,5,4,"mori2006"
"Figure_5_2","New Mexico",23,65,326,7,4,"mori2006"
"Figure_5_2","South Dakota",31,65,326,7,4,"mori2006"
"Figure_5_2","West Virginia",37,65,326,7,4,"mori2006"
"Figure_5_2","New Hampshire",22,65,327,9,4,"mori2006"
"Figure_5_2","North Carolina",24,65,327,9,4,"mori2006"
"Figure_5_2","Connecticut",5,65,330,15,4,"mori2006"
"Figure_5_2","Minnesota",16,65,330,15,4,"mori2006"
"Figure_5_2","Nevada",21,65,331,17,4,"mori2006"
"Figure_5_2","Virginia",36,65,333,21,4,"mori2006"
"Figure_5_2","Georgia",7,66,1,5,4,"symmetricP1"
"Figure_5_2","Idaho",8,66,1,5,4,"symmetricP1"
"Figure_5_2","Nebraska",20,66,1,5,4,"symmetricP1"
"Figure_5_2","North Dakota",25,66,1,5,4,"symmetricP1"
"Figure_5_2","Iowa",11,66,11,7,5,"symmetricP1"
"Figure_5_2","Missouri",18,66,11,7,5,"symmetricP1"
"Figure_5_2","New Mexico",23,66,11,7,5,"symmetricP1"
"Figure_5_2","South Carolina",30,66,11,7,5,"symmetricP1"
"Figure_5_2","Mississippi",17,66,12,9,5,"symmetricP1"
"Figure_5_2","Tennessee",32,66,13,11,5,"symmetricP1"
"Figure_5_2","Delaware",6,66,100,5,9,"symmetricP2"
"Figure_5_2","Vermont",35,66,100,5,9,"symmetricP2"
"Figure_5_2","Kentucky",13,66,101,7,9,"symmetricP2"
"Figure_5_2","Louisiana",14,66,102,9,9,"symmetricP2"
"Figure_5_2","West Virginia",37,66,103,11,9,"symmetricP2"
"Figure_5_2","Colorado",4,66,109,5,4,"asymmetricP1"
"Figure_5_2","Utah",34,66,109,5,4,"asymmetricP1"
"Figure_5_2","Oklahoma",27,66,110,7,4,"asymmetricP1"
"Figure_5_2","Connecticut",5,66,112,11,4,"asymmetricP1"
"Figure_5_2","Kansas",12,66,112,11,4,"asymmetricP1"
"Figure_5_2","Minnesota",16,66,114,15,4,"asymmetricP1"
"Figure_5_2","Ohio",26,66,114,15,4,"asymmetricP1"
"Figure_5_2","Texas",33,66,115,17,4,"asymmetricP1"
"Figure_5_2","Maine",15,66,163,5,4,"asymmetricP2"
"Figure_5_2","Montana",19,66,163,5,4,"asymmetricP2"
"Figure_5_2","Wisconsin",38,66,164,7,4,"asymmetricP2"
"Figure_5_2","Arkansas",2,66,167,13,4,"asymmetricP2"
"Figure_5_2","Indiana",10,66,217,5,4,"typeIc"
"Figure_5_2","Wyoming",39,66,217,5,4,"typeIc"
"Figure_5_2","Rhode Island",29,66,218,7,4,"typeIc"
"Figure_5_2","Illinois",9,66,223,17,4,"typeIc"
"Figure_5_2","North Carolina",24,66,325,5,4,"mori2006"
"Figure_5_2","South Dakota",31,66,326,7,4,"mori2006"
"Figure_5_2","New Hampshire",22,66,327,9,4,"mori2006"
"Figure_5_2","Nevada",21,66,331,17,4,"mori2006"
"Figure_5_2","Virginia",36,66,333,21,4,"mori2006"
"Figure_5_2","Idaho",8,67,1,5,4,"symmetricP1"
"Figure_5_2","Oklahoma",27,67,11,7,5,"symmetricP1"
"Figure_5_2","West Virginia",37,67,11,7,5,"symmetricP1"
"Figure_5_2","Mississippi",17,67,12,9,5,"symmetricP1"
"Figure_5_2","Tennessee",32,67,13,11,5,"symmetricP1"
"Figure_5_2","Ohio",26,67,14,13,5,"symmetricP1"
"Figure_5_2","Minnesota",16,67,15,15,5,"symmetricP1"
"Figure_5_2","Delaware",6,67,100,5,9,"symmetricP2"
"Figure_5_2","Kentucky",13,67,101,7,9,"symmetricP2"
"Figure_5_2","Louisiana",14,67,102,9,9,"symmetricP2"
"Figure_5_2","North Dakota",25,67,102,9,9,"symmetricP2"
"Figure_5_2","Colorado",4,67,109,5,4,"asymmetricP1"
"Figure_5_2","Georgia",7,67,109,5,4,"asymmetricP1"
"Figure_5_2","Iowa",11,67,109,5,4,"asymmetricP1"
"Figure_5_2","Kansas",12,67,109,5,4,"asymmetricP1"
"Figure_5_2","Nebraska",20,67,109,5,4,"asymmetricP1"
"Figure_5_2","Utah",34,67,109,5,4,"asymmetricP1"
"Figure_5_2","New Mexico",23,67,110,7,4,"asymmetricP1"
"Figure_5_2","Illinois",9,67,112,11,4,"asymmetricP1"
"Figure_5_2","Texas",33,67,115,17,4,"asymmetricP1"
"Figure_5_2","Maine",15,67,163,5,4,"asymmetricP2"
"Figure_5_2","Wisconsin",38,67,164,7,4,"asymmetricP2"
"Figure_5_2","Nevada",21,67,165,9,4,"asymmetricP2"
"Figure_5_2","Arkansas",2,67,167,13,4,"asymmetricP2"
"Figure_5_2","Indiana",10,67,217,5,4,"typeIc"
"Figure_5_2","North Carolina",24,67,217,5,4,"typeIc"
"Figure_5_2","Wyoming",39,67,217,5,4,"typeIc"
"Figure_5_2","Missouri",18,67,218,7,4,"typeIc"
"Figure_5_2","Montana",19,67,220,11,4,"typeIc"
"Figure_5_2","Pennsylvania",28,67,220,11,4,"typeIc"
"Figure_5_2","South Carolina",30,67,326,7,4,"mori2006"
"Figure_5_2","South Dakota",31,67,326,7,4,"mori2006"
"Figure_5_2","Vermont",35,67,326,7,4,"mori2006"
"Figure_5_2","New Hampshire",22,67,327,9,4,"mori2006"
"Figure_5_2","Connecticut",5,67,330,15,4,"mori2006"
"Figure_5_2","Virginia",36,67,333,21,4,"mori2006"
"Figure_5_2","Idaho",8,68,1,5,4,"symmetricP1"
"Figure_5_2","North Carolina",24,68,1,5,4,"symmetricP1"
"Figure_5_2","Ohio",26,68,1,5,4,"symmetricP1"
"Figure_5_2","West Virginia",37,68,11,7,5,"symmetricP1"
"Figure_5_2","Tennessee",32,68,13,11,5,"symmetricP1"
"Figure_5_2","Colorado",4,68,100,5,9,"symmetricP2"
"Figure_5_2","Louisiana",14,68,102,9,9,"symmetricP2"
"Figure_5_2","North Dakota",25,68,102,9,9,"symmetricP2"
"Figure_5_2","Kentucky",13,68,106,17,9,"symmetricP2"
"Figure_5_2","Georgia",7,68,109,5,4,"asymmetricP1"
"Figure_5_2","Iowa",11,68,109,5,4,"asymmetricP1"
"Figure_5_2","Kansas",12,68,109,5,4,"asymmetricP1"
"Figure_5_2","New Mexico",23,68,109,5,4,"asymmetricP1"
"Figure_5_2","Oklahoma",27,68,109,5,4,"asymmetricP1"
"Figure_5_2","Missouri",18,68,110,7,4,"asymmetricP1"
"Figure_5_2","Nebraska",20,68,110,7,4,"asymmetricP1"
"Figure_5_2","Mississippi",17,68,111,9,4,"asymmetricP1"
"Figure_5_2","Illinois",9,68,112,11,4,"asymmetricP1"
"Figure_5_2","Minnesota",16,68,114,15,4,"asymmetricP1"
"Figure_5_2","Maine",15,68,163,5,4,"asymmetricP2"
"Figure_5_2","Utah",34,68,163,5,4,"asymmetricP2"
"Figure_5_2","Wisconsin",38,68,163,5,4,"asymmetricP2"
"Figure_5_2","Delaware",6,68,164,7,4,"asymmetricP2"
"Figure_5_2","Arkansas",2,68,167,13,4,"asymmetricP2"
"Figure_5_2","Indiana",10,68,217,5,4,"typeIc"
"Figure_5_2","Wyoming",39,68,217,5,4,"typeIc"
"Figure_5_2","Rhode Island",29,68,218,7,4,"typeIc"
"Figure_5_2","Montana",19,68,220,11,4,"typeIc"
"Figure_5_2","Pennsylvania",28,68,220,11,4,"typeIc"
"Figure_5_2","Texas",33,68,223,17,4,"typeIc"
"Figure_5_2","Vermont",35,68,325,5,4,"mori2006"
"Figure_5_2","South Dakota",31,68,326,7,4,"mori2006"
"Figure_5_2","New Hampshire",22,68,327,9,4,"mori2006"
"Figure_5_2","Connecticut",5,68,330,15,4,"mori2006"
"Figure_5_2","Nevada",21,68,331,17,4,"mori2006"
"Figure_5_2","Virginia",36,68,333,21,4,"mori2006"
"Figure_5_2","Ohio",26,69,1,5,4,"symmetricP1"
"Figure_5_2","Delaware",6,69,11,7,5,"symmetricP1"
"Figure_5_2","Iowa",11,69,11,7,5,"symmetricP1"
"Figure_5_2","South Carolina",30,69,11,7,5,"symmetricP1"
"Figure_5_2","Mississippi",17,69,12,9,5,"symmetricP1"
"Figure_5_2","North Carolina",24,69,12,9,5,"symmetricP1"
"Figure_5_2","Tennessee",32,69,13,11,5,"symmetricP1"
"Figure_5_2","Montana",19,69,100,5,9,"symmetricP2"
"Figure_5_2","Vermont",35,69,100,5,9,"symmetricP2"
"Figure_5_2","Colorado",4,69,109,5,4,"asymmetricP1"
"Figure_5_2","Idaho",8,69,109,5,4,"asymmetricP1"
"Figure_5_2","Kansas",12,69,109,5,4,"asymmetricP1"
"Figure_5_2","Nebraska",20,69,109,5,4,"asymmetricP1"
"Figure_5_2","Oklahoma",27,69,109,5,4,"asymmetricP1"
"Figure_5_2","Utah",34,69,109,5,4,"asymmetricP1"
"Figure_5_2","Missouri",18,69,110,7,4,"asymmetricP1"
"Figure_5_2","Minnesota",16,69,114,15,4,"asymmetricP1"
"Figure_5_2","Texas",33,69,115,17,4,"asymmetricP1"
"Figure_5_2","Maine",15,69,163,5,4,"asymmetricP2"
"Figure_5_2","Wisconsin",38,69,163,5,4,"asymmetricP2"
"Figure_5_2","West Virginia",37,69,164,7,4,"asymmetricP2"
"Figure_5_2","Louisiana",14,69,165,9,4,"asymmetricP2"
"Figure_5_2","North Dakota",25,69,165,9,4,"asymmetricP2"
"Figure_5_2","Arkansas",2,69,167,13,4,"asymmetricP2"
"Figure_5_2","Kentucky",13,69,171,21,4,"asymmetricP2"
"Figure_5_2","Indiana",10,69,217,5,4,"typeIc"
"Figure_5_2","Wyoming",39,69,217,5,4,"typeIc"
"Figure_5_2","Rhode Island",29,69,218,7,4,"typeIc"
"Figure_5_2","Georgia",7,69,220,11,4,"typeIc"
"Figure_5_2","Illinois",9,69,220,11,4,"typeIc"
"Figure_5_2","Pennsylvania",28,69,220,11,4,"typeIc"
"Figure_5_2","New Mexico",23,69,326,7,4,"mori2006"
"Figure_5_2","New Hampshire",22,69,327,9,4,"mori2006"
"Figure_5_2","Connecticut",5,69,330,15,4,"mori2006"
"Figure_5_2","Nevada",21,69,331,17,4,"mori2006"
"Figure_5_2","Virginia",36,69,333,21,4,"mori2006"
"Figure_5_2","Idaho",8,70,1,5,4,"symmetricP1"
"Figure_5_2","Oklahoma",27,70,11,7,5,"symmetricP1"
"Figure_5_2","Mississippi",17,70,12,9,5,"symmetricP1"
"Figure_5_2","Arkansas",2,70,13,11,5,"symmetricP1"
"Figure_5_2","North Dakota",25,70,100,5,9,"symmetricP2"
"Figure_5_2","Vermont",35,70,100,5,9,"symmetricP2"
"Figure_5_2","Wisconsin",38,70,100,5,9,"symmetricP2"
"Figure_5_2","Kentucky",13,70,101,7,9,"symmetricP2"
"Figure_5_2","Ohio",26,70,103,11,9,"symmetricP2"
"Figure_5_2","Colorado",4,70,109,5,4,"asymmetricP1"
"Figure_5_2","Kansas",12,70,109,5,4,"asymmetricP1"
"Figure_5_2","Nebraska",20,70,109,5,4,"asymmetricP1"
"Figure_5_2","Utah",34,70,109,5,4,"asymmetricP1"
"Figure_5_2","Missouri",18,70,110,7,4,"asymmetricP1"
"Figure_5_2","New Mexico",23,70,110,7,4,"asymmetricP1"
"Figure_5_2","Delaware",6,70,111,9,4,"asymmetricP1"
"Figure_5_2","South Carolina",30,70,111,9,4,"asymmetricP1"
"Figure_5_2","Illinois",9,70,112,11,4,"asymmetricP1"
"Figure_5_2","Pennsylvania",28,70,112,11,4,"asymmetricP1"
"Figure_5_2","Minnesota",16,70,114,15,4,"asymmetricP1"
"Figure_5_2","Texas",33,70,115,17,4,"asymmetricP1"
"Figure_5_2","Maine",15,70,163,5,4,"asymmetricP2"
"Figure_5_2","Louisiana",14,70,165,9,4,"asymmetricP2"
"Figure_5_2","Georgia",7,70,217,5,4,"typeIc"
"Figure_5_2","Indiana",10,70,217,5,4,"typeIc"
"Figure_5_2","North Carolina",24,70,217,5,4,"typeIc"
"Figure_5_2","Wyoming",39,70,217,5,4,"typeIc"
"Figure_5_2","Rhode Island",29,70,218,7,4,"typeIc"
"Figure_5_2","Montana",19,70,220,11,4,"typeIc"
"Figure_5_2","Iowa",11,70,225,21,4,"typeIc"
"Figure_5_2","South Dakota",31,70,326,7,4,"mori2006"
"Figure_5_2","West Virginia",37,70,326,7,4,"mori2006"
"Figure_5_2","New Hampshire",22,70,327,9,4,"mori2006"
"Figure_5_2","Connecticut",5,70,330,15,4,"mori2006"
"Figure_5_2","Nevada",21,70,331,17,4,"mori2006"
"Figure_5_2","Virginia",36,70,333,21,4,"mori2006"
"Figure_5_2","Idaho",8,71,1,5,4,"symmetricP1"
"Figure_5_2","Nebraska",20,71,1,5,4,"symmetricP1"
"Figure_5_2","Ohio",26,71,1,5,4,"symmetricP1"
"Figure_5_2","Wisconsin",38,71,1,5,4,"symmetricP1"
"Figure_5_2","Delaware",6,71,11,7,5,"symmetricP1"
"Figure_5_2","South Carolina",30,71,11,7,5,"symmetricP1"
"Figure_5_2","Mississippi",17,71,12,9,5,"symmetricP1"
"Figure_5_2","North Dakota",25,71,13,11,5,"symmetricP1"
"Figure_5_2","Tennessee",32,71,13,11,5,"symmetricP1"
"Figure_5_2","Kentucky",13,71,101,7,9,"symmetricP2"
"Figure_5_2","South Dakota",31,71,101,7,9,"symmetricP2"
"Figure_5_2","West Virginia",37,71,103,11,9,"symmetricP2"
"Figure_5_2","Colorado",4,71,109,5,4,"asymmetricP1"
"Figure_5_2","Georgia",7,71,109,5,4,"asymmetricP1"
"Figure_5_2","Iowa",11,71,109,5,4,"asymmetricP1"
"Figure_5_2","Kansas",12,71,109,5,4,"asymmetricP1"
"Figure_5_2","Oklahoma",27,71,109,5,4,"asymmetricP1"
"Figure_5_2","Utah",34,71,109,5,4,"asymmetricP1"
"Figure_5_2","Illinois",9,71,112,11,4,"asymmetricP1"
"Figure_5_2","Louisiana",14,71,116,19,4,"asymmetricP1"
"Figure_5_2","Wyoming",39,71,163,5,4,"asymmetricP2"
"Figure_5_2","Arkansas",2,71,167,13,4,"asymmetricP2"
"Figure_5_2","Indiana",10,71,217,5,4,"typeIc"
"Figure_5_2","Missouri",18,71,218,7,4,"typeIc"
"Figure_5_2","Rhode Island",29,71,218,7,4,"typeIc"
"Figure_5_2","Montana",19,71,220,11,4,"typeIc"
"Figure_5_2","Pennsylvania",28,71,220,11,4,"typeIc"
"Figure_5_2","Minnesota",16,71,223,17,4,"typeIc"
"Figure_5_2","Maine",15,71,325,5,4,"mori2006"
"Figure_5_2","North Carolina",24,71,325,5,4,"mori2006"
"Figure_5_2","New Mexico",23,71,326,7,4,"mori2006"
"Figure_5_2","Vermont",35,71,326,7,4,"mori2006"
"Figure_5_2","New Hampshire",22,71,327,9,4,"mori2006"
"Figure_5_2","Connecticut",5,71,330,15,4,"mori2006"
"Figure_5_2","Nevada",21,71,331,17,4,"mori2006"
"Figure_5_2","Virginia",36,71,333,21,4,"mori2006"
"Figure_5_2","Idaho",8,72,1,5,4,"symmetricP1"
"Figure_5_2","Iowa",11,72,11,7,5,"symmetricP1"
"Figure_5_2","New Hampshire",22,72,11,7,5,"symmetricP1"
"Figure_5_2","South Carolina",30,72,11,7,5,"symmetricP1"
"Figure_5_2","Tennessee",32,72,13,11,5,"symmetricP1"
"Figure_5_2","Delaware",6,72,100,5,9,"symmetricP2"
"Figure_5_2","Montana",19,72,100,5,9,"symmetricP2"
"Figure_5_2","North Dakota",25,72,100,5,9,"symmetricP2"
"Figure_5_2","Vermont",35,72,100,5,9,"symmetricP2"
"Figure_5_2","Wisconsin",38,72,100,5,9,"symmetricP2"
"Figure_5_2","Kentucky",13,72,101,7,9,"symmetricP2"
"Figure_5_2","Mississippi",17,72,101,7,9,"symmetricP2"
"Figure_5_2","Georgia",7,72,103,11,9,"symmetricP2"
"Figure_5_2","Colorado",4,72,109,5,4,"asymmetricP1"
"Figure_5_2","Kansas",12,72,109,5,4,"asymmetricP1"
"Figure_5_2","Missouri",18,72,110,7,4,"asymmetricP1"
"Figure_5_2","South Dakota",31,72,110,7,4,"asymmetricP1"
"Figure_5_2","Pennsylvania",28,72,112,11,4,"asymmetricP1"
"Figure_5_2","Ohio",26,72,113,13,4,"asymmetricP1"
"Figure_5_2","Texas",33,72,115,17,4,"asymmetricP1"
"Figure_5_2","Virginia",36,72,117,21,4,"asymmetricP1"
"Figure_5_2","Nebraska",20,72,163,5,4,"asymmetricP2"
"Figure_5_2","Oklahoma",27,72,163,5,4,"asymmetricP2"
"Figure_5_2","Louisiana",14,72,165,9,4,"asymmetricP2"
"Figure_5_2","North Carolina",24,72,165,9,4,"asymmetricP2"
"Figure_5_2","Arkansas",2,72,167,13,4,"asymmetricP2"
"Figure_5_2","Indiana",10,72,217,5,4,"typeIc"
"Figure_5_2","Wyoming",39,72,217,5,4,"typeIc"
"Figure_5_2","Rhode Island",29,72,218,7,4,"typeIc"
"Figure_5_2","Illinois",9,72,220,11,4,"typeIc"
"Figure_5_2","Maine",15,72,325,5,4,"mori2006"
"Figure_5_2","New Mexico",23,72,326,7,4,"mori2006"
"Figure_5_2","West Virginia",37,72,326,7,4,"mori2006"
"Figure_5_2","Connecticut",5,72,330,15,4,"mori2006"
"Figure_5_2","Minnesota",16,72,330,15,4,"mori2006"
"Figure_5_2","Nevada",21,72,331,17,4,"mori2006"
"Figure_5_2","Idaho",8,73,1,5,4,"symmetricP1"
"Figure_5_2","Mississippi",17,73,12,9,5,"symmetricP1"
"Figure_5_2","North Carolina",24,73,12,9,5,"symmetricP1"
"Figure_5_2","Tennessee",32,73,13,11,5,"symmetricP1"
"Figure_5_2","Ohio",26,73,14,13,5,"symmetricP1"
"Figure_5_2","Texas",33,73,16,17,5,"symmetricP1"
"Figure_5_2","Delaware",6,73,100,5,9,"symmetricP2"
"Figure_5_2","Wisconsin",38,73,100,5,9,"symmetricP2"
"Figure_5_2","Louisiana",14,73,102,9,9,"symmetricP2"
"Figure_5_2","North Dakota",25,73,102,9,9,"symmetricP2"
"Figure_5_2","Colorado",4,73,109,5,4,"asymmetricP1"
"Figure_5_2","Georgia",7,73,109,5,4,"asymmetricP1"
"Figure_5_2","Iowa",11,73,109,5,4,"asymmetricP1"
"Figure_5_2","Kansas",12,73,109,5,4,"asymmetricP1"
"Figure_5_2","Missouri",18,73,110,7,4,"asymmetricP1"
"Figure_5_2","New Mexico",23,73,110,7,4,"asymmetricP1"
"Figure_5_2","Oklahoma",27,73,110,7,4,"asymmetricP1"
"Figure_5_2","Illinois",9,73,113,13,4,"asymmetricP1"
"Figure_5_2","Maine",15,73,163,5,4,"asymmetricP2"
"Figure_5_2","Wyoming",39,73,163,5,4,"asymmetricP2"
"Figure_5_2","West Virginia",37,73,164,7,4,"asymmetricP2"
"Figure_5_2","Arkansas",2,73,167,13,4,"asymmetricP2"
"Figure_5_2","Kentucky",13,73,169,17,4,"asymmetricP2"
"Figure_5_2","Indiana",10,73,217,5,4,"typeIc"
"Figure_5_2","Utah",34,73,217,5,4,"typeIc"
"Figure_5_2","South Carolina",30,73,218,7,4,"typeIc"
"Figure_5_2","Montana",19,73,220,11,4,"typeIc"
"Figure_5_2","Pennsylvania",28,73,220,11,4,"typeIc"
"Figure_5_2","Nebraska",20,73,325,5,4,"mori2006"
"Figure_5_2","Rhode Island",29,73,325,5,4,"mori2006"
"Figure_5_2","South Dakota",31,73,326,7,4,"mori2006"
"Figure_5_2","New Hampshire",22,73,327,9,4,"mori2006"
"Figure_5_2","Connecticut",5,73,330,15,4,"mori2006"
"Figure_5_2","Minnesota",16,73,330,15,4,"mori2006"
"Figure_5_2","Nevada",21,73,331,17,4,"mori2006"
"Figure_5_2","Virginia",36,73,333,21,4,"mori2006"
"Figure_5_2","Idaho",8,74,1,5,4,"symmetricP1"
"Figure_5_2","Wyoming",39,74,1,5,4,"symmetricP1"
"Figure_5_2","South Carolina",30,74,11,7,5,"symmetricP1"
"Figure_5_2","Mississippi",17,74,12,9,5,"symmetricP1"
"Figure_5_2","North Dakota",25,74,13,11,5,"symmetricP1"
"Figure_5_2","Tennessee",32,74,13,11,5,"symmetricP1"
"Figure_5_2","Ohio",26,74,14,13,5,"symmetricP1"
"Figure_5_2","Texas",33,74,16,17,5,"symmetricP1"
"Figure_5_2","Vermont",35,74,100,5,9,"symmetricP2"
"Figure_5_2","Wisconsin",38,74,100,5,9,"symmetricP2"
"Figure_5_2","South Dakota",31,74,101,7,9,"symmetricP2"
"Figure_5_2","Louisiana",14,74,102,9,9,"symmetricP2"
"Figure_5_2","Nevada",21,74,102,9,9,"symmetricP2"
"Figure_5_2","Colorado",4,74,109,5,4,"asymmetricP1"
"Figure_5_2","Georgia",7,74,109,5,4,"asymmetricP1"
"Figure_5_2","Iowa",11,74,109,5,4,"asymmetricP1"
"Figure_5_2","Kansas",12,74,109,5,4,"asymmetricP1"
"Figure_5_2","Nebraska",20,74,109,5,4,"asymmetricP1"
"Figure_5_2","Utah",34,74,109,5,4,"asymmetricP1"
"Figure_5_2","Missouri",18,74,110,7,4,"asymmetricP1"
"Figure_5_2","New Mexico",23,74,110,7,4,"asymmetricP1"
"Figure_5_2","Oklahoma",27,74,110,7,4,"asymmetricP1"
"Figure_5_2","Delaware",6,74,111,9,4,"asymmetricP1"
"Figure_5_2","Illinois",9,74,111,9,4,"asymmetricP1"
"Figure_5_2","Pennsylvania",28,74,112,11,4,"asymmetricP1"
"Figure_5_2","Minnesota",16,74,114,15,4,"asymmetricP1"
"Figure_5_2","Kentucky",13,74,163,5,4,"asymmetricP2"
"Figure_5_2","Maine",15,74,163,5,4,"asymmetricP2"
"Figure_5_2","Arkansas",2,74,167,13,4,"asymmetricP2"
"Figure_5_2","Indiana",10,74,217,5,4,"typeIc"
"Figure_5_2","Rhode Island",29,74,218,7,4,"typeIc"
"Figure_5_2","Montana",19,74,220,11,4,"typeIc"
"Figure_5_2","West Virginia",37,74,326,7,4,"mori2006"
"Figure_5_2","New Hampshire",22,74,327,9,4,"mori2006"
"Figure_5_2","North Carolina",24,74,327,9,4,"mori2006"
"Figure_5_2","Connecticut",5,74,330,15,4,"mori2006"
"Figure_5_2","Idaho",8,75,1,5,4,"symmetricP1"
"Figure_5_2","New Mexico",23,75,11,7,5,"symmetricP1"
"Figure_5_2","South Carolina",30,75,11,7,5,"symmetricP1"
"Figure_5_2","Mississippi",17,75,12,9,5,"symmetricP1"
"Figure_5_2","North Carolina",24,75,12,9,5,"symmetricP1"
"Figure_5_2","Tennessee",32,75,13,11,5,"symmetricP1"
"Figure_5_2","Ohio",26,75,14,13,5,"symmetricP1"
"Figure_5_2","Colorado",4,75,100,5,9,"symmetricP2"
"Figure_5_2","North Dakota",25,75,100,5,9,"symmetricP2"
"Figure_5_2","Vermont",35,75,100,5,9,"symmetricP2"
"Figure_5_2","Wisconsin",38,75,100,5,9,"symmetricP2"
"Figure_5_2","Kentucky",13,75,101,7,9,"symmetricP2"
"Figure_5_2","Georgia",7,75,103,11,9,"symmetricP2"
"Figure_5_2","Iowa",11,75,109,5,4,"asymmetricP1"
"Figure_5_2","Kansas",12,75,109,5,4,"asymmetricP1"
"Figure_5_2","Utah",34,75,109,5,4,"asymmetricP1"
"Figure_5_2","Missouri",18,75,110,7,4,"asymmetricP1"
"Figure_5_2","Nebraska",20,75,110,7,4,"asymmetricP1"
"Figure_5_2","Illinois",9,75,112,11,4,"asymmetricP1"
"Figure_5_2","Pennsylvania",28,75,112,11,4,"asymmetricP1"
"Figure_5_2","Minnesota",16,75,114,15,4,"asymmetricP1"
"Figure_5_2","Maine",15,75,163,5,4,"asymmetricP2"
"Figure_5_2","Delaware",6,75,164,7,4,"asymmetricP2"
"Figure_5_2","Louisiana",14,75,165,9,4,"asymmetricP2"
"Figure_5_2","Arkansas",2,75,166,11,4,"asymmetricP2"
"Figure_5_2","Oklahoma",27,75,168,15,4,"asymmetricP2"
"Figure_5_2","Indiana",10,75,217,5,4,"typeIc"
"Figure_5_2","Wyoming",39,75,217,5,4,"typeIc"
"Figure_5_2","Rhode Island",29,75,218,7,4,"typeIc"
"Figure_5_2","Montana",19,75,220,11,4,"typeIc"
"Figure_5_2","Texas",33,75,225,21,4,"typeIc"
"Figure_5_2","South Dakota",31,75,326,7,4,"mori2006"
"Figure_5_2","New Hampshire",22,75,327,9,4,"mori2006"
"Figure_5_2","Connecticut",5,75,330,15,4,"mori2006"
"Figure_5_2","Nevada",21,75,331,17,4,"mori2006"
"Figure_5_2","Virginia",36,75,333,21,4,"mori2006"
"Figure_5_2","Idaho",8,76,1,5,4,"symmetricP1"
"Figure_5_2","South Carolina",30,76,11,7,5,"symmetricP1"
"Figure_5_2","Mississippi",17,76,12,9,5,"symmetricP1"
"Figure_5_2","North Dakota",25,76,13,11,5,"symmetricP1"
"Figure_5_2","Tennessee",32,76,13,11,5,"symmetricP1"
"Figure_5_2","Ohio",26,76,14,13,5,"symmetricP1"
"Figure_5_2","Montana",19,76,100,5,9,"symmetricP2"
"Figure_5_2","Vermont",35,76,100,5,9,"symmetricP2"
"Figure_5_2","Kentucky",13,76,101,7,9,"symmetricP2"
"Figure_5_2","South Dakota",31,76,101,7,9,"symmetricP2"
"Figure_5_2","Colorado",4,76,109,5,4,"asymmetricP1"
"Figure_5_2","Delaware",6,76,109,5,4,"asymmetricP1"
"Figure_5_2","Georgia",7,76,109,5,4,"asymmetricP1"
"Figure_5_2","Iowa",11,76,109,5,4,"asymmetricP1"
"Figure_5_2","Kansas",12,76,109,5,4,"asymmetricP1"
"Figure_5_2","Nebraska",20,76,109,5,4,"asymmetricP1"
"Figure_5_2","Utah",34,76,109,5,4,"asymmetricP1"
"Figure_5_2","Missouri",18,76,110,7,4,"asymmetricP1"
"Figure_5_2","Illinois",9,76,112,11,4,"asymmetricP1"
"Figure_5_2","Pennsylvania",28,76,112,11,4,"asymmetricP1"
"Figure_5_2","Minnesota",16,76,114,15,4,"asymmetricP1"
"Figure_5_2","Maine",15,76,163,5,4,"asymmetricP2"
"Figure_5_2","Oklahoma",27,76,164,7,4,"asymmetricP2"
"Figure_5_2","Louisiana",14,76,165,9,4,"asymmetricP2"
"Figure_5_2","Arkansas",2,76,167,13,4,"asymmetricP2"
"Figure_5_2","Texas",33,76,171,21,4,"asymmetricP2"
"Figure_5_2","Indiana",10,76,217,5,4,"typeIc"
"Figure_5_2","North Carolina",24,76,217,5,4,"typeIc"
"Figure_5_2","Wyoming",39,76,217,5,4,"typeIc"
"Figure_5_2","Rhode Island",29,76,218,7,4,"typeIc"
"Figure_5_2","New Mexico",23,76,326,7,4,"mori2006"
"Figure_5_2","West Virginia",37,76,326,7,4,"mori2006"
"Figure_5_2","New Hampshire",22,76,327,9,4,"mori2006"
"Figure_5_2","Connecticut",5,76,330,15,4,"mori2006"
"Figure_5_2","Nevada",21,76,331,17,4,"mori2006"
"Figure_5_2","Virginia",36,76,333,21,4,"mori2006"
"Figure_5_2","North Dakota",25,77,1,5,4,"symmetricP1"
"Figure_5_2","South Carolina",30,77,11,7,5,"symmetricP1"
"Figure_5_2","Mississippi",17,77,12,9,5,"symmetricP1"
"Figure_5_2","North Carolina",24,77,12,9,5,"symmetricP1"
"Figure_5_2","Tennessee",32,77,13,11,5,"symmetricP1"
"Figure_5_2","Ohio",26,77,14,13,5,"symmetricP1"
"Figure_5_2","Delaware",6,77,100,5,9,"symmetricP2"
"Figure_5_2","Montana",19,77,100,5,9,"symmetricP2"
"Figure_5_2","Vermont",35,77,100,5,9,"symmetricP2"
"Figure_5_2","Wisconsin",38,77,100,5,9,"symmetricP2"
"Figure_5_2","Louisiana",14,77,102,9,9,"symmetricP2"
"Figure_5_2","Colorado",4,77,109,5,4,"asymmetricP1"
"Figure_5_2","Georgia",7,77,109,5,4,"asymmetricP1"
"Figure_5_2","Idaho",8,77,109,5,4,"asymmetricP1"
"Figure_5_2","Iowa",11,77,109,5,4,"asymmetricP1"
"Figure_5_2","Kansas",12,77,109,5,4,"asymmetricP1"
"Figure_5_2","Nebraska",20,77,109,5,4,"asymmetricP1"
"Figure_5_2","Missouri",18,77,110,7,4,"asymmetricP1"
"Figure_5_2","Oklahoma",27,77,110,7,4,"asymmetricP1"
"Figure_5_2","Illinois",9,77,112,11,4,"asymmetricP1"
"Figure_5_2","Pennsylvania",28,77,112,11,4,"asymmetricP1"
"Figure_5_2","Texas",33,77,115,17,4,"asymmetricP1"
"Figure_5_2","Maine",15,77,163,5,4,"asymmetricP2"
"Figure_5_2","Utah",34,77,163,5,4,"asymmetricP2"
"Figure_5_2","Kentucky",13,77,164,7,4,"asymmetricP2"
"Figure_5_2","Arkansas",2,77,167,13,4,"asymmetricP2"
"Figure_5_2","Rhode Island",29,77,218,7,4,"typeIc"
"Figure_5_2","New Mexico",23,77,326,7,4,"mori2006"
"Figure_5_2","South Dakota",31,77,326,7,4,"mori2006"
"Figure_5_2","West Virginia",37,77,326,7,4,"mori2006"
"Figure_5_2","New Hampshire",22,77,327,9,4,"mori2006"
"Figure_5_2","Virginia",36,77,328,11,4,"mori2006"
"Figure_5_2","Indiana",10,77,329,13,4,"mori2006"
"Figure_5_2","Connecticut",5,77,330,15,4,"mori2006"
"Figure_5_2","Minnesota",16,77,330,15,4,"mori2006"
"Figure_5_2","Nevada",21,77,331,17,4,"mori2006"
"Figure_5_2","Nebraska",20,78,1,5,4,"symmetricP1"
"Figure_5_2","North Dakota",25,78,1,5,4,"symmetricP1"
"Figure_5_2","Tennessee",32,78,1,5,4,"symmetricP1"
"Figure_5_2","Mississippi",17,78,12,9,5,"symmetricP1"
"Figure_5_2","North Carolina",24,78,12,9,5,"symmetricP1"
"Figure_5_2","Illinois",9,78,17,19,5,"symmetricP1"
"Figure_5_2","Vermont",35,78,100,5,9,"symmetricP2"
"Figure_5_2","Wisconsin",38,78,100,5,9,"symmetricP2"
"Figure_5_2","South Carolina",30,78,101,7,9,"symmetricP2"
"Figure_5_2","South Dakota",31,78,101,7,9,"symmetricP2"
"Figure_5_2","Louisiana",14,78,102,9,9,"symmetricP2"
"Figure_5_2","Idaho",8,78,109,5,4,"asymmetricP1"
"Figure_5_2","Kansas",12,78,109,5,4,"asymmetricP1"
"Figure_5_2","Utah",34,78,109,5,4,"asymmetricP1"
"Figure_5_2","Missouri",18,78,110,7,4,"asymmetricP1"
"Figure_5_2","New Mexico",23,78,110,7,4,"asymmetricP1"
"Figure_5_2","Oklahoma",27,78,110,7,4,"asymmetricP1"
"Figure_5_2","Pennsylvania",28,78,112,11,4,"asymmetricP1"
"Figure_5_2","Minnesota",16,78,114,15,4,"asymmetricP1"
"Figure_5_2","Texas",33,78,115,17,4,"asymmetricP1"
"Figure_5_2","Maine",15,78,163,5,4,"asymmetricP2"
"Figure_5_2","Delaware",6,78,164,7,4,"asymmetricP2"
"Figure_5_2","Alabama",1,78,166,11,4,"asymmetricP2"
"Figure_5_2","Ohio",26,78,166,11,4,"asymmetricP2"
"Figure_5_2","Indiana",10,78,217,5,4,"typeIc"
"Figure_5_2","Wyoming",39,78,217,5,4,"typeIc"
"Figure_5_2","Rhode Island",29,78,218,7,4,"typeIc"
"Figure_5_2","West Virginia",37,78,218,7,4,"typeIc"
"Figure_5_2","Montana",19,78,220,11,4,"typeIc"
"Figure_5_2","Kentucky",13,78,222,15,4,"typeIc"
"Figure_5_2","Georgia",7,78,325,5,4,"mori2006"
"Figure_5_2","Iowa",11,78,325,5,4,"mori2006"
"Figure_5_2","New Hampshire",22,78,327,9,4,"mori2006"
"Figure_5_2","Connecticut",5,78,330,15,4,"mori2006"
"Figure_5_2","Nevada",21,78,331,17,4,"mori2006"
"Figure_5_2","Virginia",36,78,333,21,4,"mori2006"
"Figure_5_2","Idaho",8,79,1,5,4,"symmetricP1"
"Figure_5_2","Indiana",10,79,1,5,4,"symmetricP1"
"Figure_5_2","Tennessee",32,79,1,5,4,"symmetricP1"
"Figure_5_2","Delaware",6,79,11,7,5,"symmetricP1"
"Figure_5_2","Mississippi",17,79,12,9,5,"symmetricP1"
"Figure_5_2","North Dakota",25,79,12,9,5,"symmetricP1"
"Figure_5_2","Vermont",35,79,100,5,9,"symmetricP2"
"Figure_5_2","Wisconsin",38,79,100,5,9,"symmetricP2"
"Figure_5_2","Kentucky",13,79,101,7,9,"symmetricP2"
"Figure_5_2","South Carolina",30,79,101,7,9,"symmetricP2"
"Figure_5_2","South Dakota",31,79,101,7,9,"symmetricP2"
"Figure_5_2","Nevada",21,79,102,9,9,"symmetricP2"
"Figure_5_2","Georgia",7,79,103,11,9,"symmetricP2"
"Figure_5_2","Minnesota",16,79,103,11,9,"symmetricP2"
"Figure_5_2","Colorado",4,79,109,5,4,"asymmetricP1"
"Figure_5_2","Iowa",11,79,109,5,4,"asymmetricP1"
"Figure_5_2","Utah",34,79,109,5,4,"asymmetricP1"
"Figure_5_2","Missouri",18,79,110,7,4,"asymmetricP1"
"Figure_5_2","New Mexico",23,79,110,7,4,"asymmetricP1"
"Figure_5_2","Illinois",9,79,112,11,4,"asymmetricP1"
"Figure_5_2","Pennsylvania",28,79,112,11,4,"asymmetricP1"
"Figure_5_2","Oklahoma",27,79,114,15,4,"asymmetricP1"
"Figure_5_2","Texas",33,79,115,17,4,"asymmetricP1"
"Figure_5_2","Montana",19,79,163,5,4,"asymmetricP2"
"Figure_5_2","West Virginia",37,79,164,7,4,"asymmetricP2"
"Figure_5_2","Louisiana",14,79,165,9,4,"asymmetricP2"
"Figure_5_2","Alabama",1,79,166,11,4,"asymmetricP2"
"Figure_5_2","Ohio",26,79,166,11,4,"asymmetricP2"
"Figure_5_2","North Carolina",24,79,217,5,4,"typeIc"
"Figure_5_2","Wyoming",39,79,217,5,4,"typeIc"
"Figure_5_2","Rhode Island",29,79,218,7,4,"typeIc"
"Figure_5_2","Maine",15,79,325,5,4,"mori2006"
"Figure_5_2","Nebraska",20,79,325,5,4,"mori2006"
"Figure_5_2","New Hampshire",22,79,327,9,4,"mori2006"
"Figure_5_2","Kansas",12,79,328,11,4,"mori2006"
"Figure_5_2","Virginia",36,79,328,11,4,"mori2006"
"Figure_5_2","Idaho",8,80,1,5,4,"symmetricP1"
"Figure_5_2","Tennessee",32,80,1,5,4,"symmetricP1"
"Figure_5_2","South Carolina",30,80,11,7,5,"symmetricP1"
"Figure_5_2","Iowa",11,80,12,9,5,"symmetricP1"
"Figure_5_2","Mississippi",17,80,12,9,5,"symmetricP1"
"Figure_5_2","North Carolina",24,80,12,9,5,"symmetricP1"
"Figure_5_2","Vermont",35,80,100,5,9,"symmetricP2"
"Figure_5_2","Wisconsin",38,80,100,5,9,"symmetricP2"
"Figure_5_2","Kentucky",13,80,101,7,9,"symmetricP2"
"Figure_5_2","Louisiana",14,80,102,9,9,"symmetricP2"
"Figure_5_2","Colorado",4,80,109,5,4,"asymmetricP1"
"Figure_5_2","Kansas",12,80,109,5,4,"asymmetricP1"
"Figure_5_2","Nebraska",20,80,109,5,4,"asymmetricP1"
"Figure_5_2","Utah",34,80,109,5,4,"asymmetricP1"
"Figure_5_2","Missouri",18,80,110,7,4,"asymmetricP1"
"Figure_5_2","Oklahoma",27,80,110,7,4,"asymmetricP1"
"Figure_5_2","West Virginia",37,80,110,7,4,"asymmetricP1"
"Figure_5_2","Pennsylvania",28,80,112,11,4,"asymmetricP1"
"Figure_5_2","Minnesota",16,80,114,15,4,"asymmetricP1"
"Figure_5_2","Maine",15,80,163,5,4,"asymmetricP2"
"Figure_5_2","Ohio",26,80,163,5,4,"asymmetricP2"
"Figure_5_2","Alabama",1,80,165,9,4,"asymmetricP2"
"Figure_5_2","Indiana",10,80,217,5,4,"typeIc"
"Figure_5_2","Rhode Island",29,80,218,7,4,"typeIc"
"Figure_5_2","South Dakota",31,80,218,7,4,"typeIc"
"Figure_5_2","Georgia",7,80,219,9,4,"typeIc"
"Figure_5_2","North Dakota",25,80,219,9,4,"typeIc"
"Figure_5_2","Montana",19,80,220,11,4,"typeIc"
"Figure_5_2","Illinois",9,80,224,19,4,"typeIc"
"Figure_5_2","Texas",33,80,225,21,4,"typeIc"
"Figure_5_2","New Hampshire",22,80,326,7,4,"mori2006"
"Figure_5_2","New Mexico",23,80,326,7,4,"mori2006"
"Figure_5_2","Wyoming",39,80,327,9,4,"mori2006"
"Figure_5_2","Virginia",36,80,328,11,4,"mori2006"
"Figure_5_2","Connecticut",5,80,330,15,4,"mori2006"
"Figure_5_2","Nevada",21,80,331,17,4,"mori2006"
"Figure_5_2","Idaho",8,81,1,5,4,"symmetricP1"
"Figure_5_2","Tennessee",32,81,1,5,4,"symmetricP1"
"Figure_5_2","Mississippi",17,81,12,9,5,"symmetricP1"
"Figure_5_2","North Carolina",24,81,12,9,5,"symmetricP1"
"Figure_5_2","Delaware",6,81,100,5,9,"symmetricP2"
"Figure_5_2","Vermont",35,81,100,5,9,"symmetricP2"
"Figure_5_2","Wisconsin",38,81,100,5,9,"symmetricP2"
"Figure_5_2","South Dakota",31,81,101,7,9,"symmetricP2"
"Figure_5_2","Louisiana",14,81,102,9,9,"symmetricP2"
"Figure_5_2","North Dakota",25,81,102,9,9,"symmetricP2"
"Figure_5_2","South Carolina",30,81,102,9,9,"symmetricP2"
"Figure_5_2","Colorado",4,81,109,5,4,"asymmetricP1"
"Figure_5_2","Iowa",11,81,109,5,4,"asymmetricP1"
"Figure_5_2","Kansas",12,81,109,5,4,"asymmetricP1"
"Figure_5_2","Utah",34,81,109,5,4,"asymmetricP1"
"Figure_5_2","Missouri",18,81,110,7,4,"asymmetricP1"
"Figure_5_2","Oklahoma",27,81,110,7,4,"asymmetricP1"
"Figure_5_2","West Virginia",37,81,110,7,4,"asymmetricP1"
"Figure_5_2","Illinois",9,81,112,11,4,"asymmetricP1"
"Figure_5_2","Minnesota",16,81,114,15,4,"asymmetricP1"
"Figure_5_2","Texas",33,81,115,17,4,"asymmetricP1"
"Figure_5_2","Ohio",26,81,166,11,4,"asymmetricP2"
"Figure_5_2","Indiana",10,81,217,5,4,"typeIc"
"Figure_5_2","Wyoming",39,81,217,5,4,"typeIc"
"Figure_5_2","Rhode Island",29,81,218,7,4,"typeIc"
"Figure_5_2","Montana",19,81,220,11,4,"typeIc"
"Figure_5_2","Pennsylvania",28,81,220,11,4,"typeIc"
"Figure_5_2","Kentucky",13,81,222,15,4,"typeIc"
"Figure_5_2","Alabama",1,81,325,5,4,"mori2006"
"Figure_5_2","Nebraska",20,81,325,5,4,"mori2006"
"Figure_5_2","New Mexico",23,81,326,7,4,"mori2006"
"Figure_5_2","Maine",15,81,327,9,4,"mori2006"
"Figure_5_2","New Hampshire",22,81,327,9,4,"mori2006"
"Figure_5_2","Connecticut",5,81,330,15,4,"mori2006"
"Figure_5_2","Nevada",21,81,331,17,4,"mori2006"
"Figure_5_2","Virginia",36,81,333,21,4,"mori2006"
"Figure_5_2","Missouri",18,82,1,5,4,"symmetricP1"
"Figure_5_2","Tennessee",32,82,1,5,4,"symmetricP1"
"Figure_5_2","Mississippi",17,82,12,9,5,"symmetricP1"
"Figure_5_2","Delaware",6,82,100,5,9,"symmetricP2"
"Figure_5_2","Montana",19,82,100,5,9,"symmetricP2"
"Figure_5_2","North Dakota",25,82,100,5,9,"symmetricP2"
"Figure_5_2","Vermont",35,82,100,5,9,"symmetricP2"
"Figure_5_2","Rhode Island",29,82,101,7,9,"symmetricP2"
"Figure_5_2","Louisiana",14,82,102,9,9,"symmetricP2"
"Figure_5_2","Kentucky",13,82,106,17,9,"symmetricP2"
"Figure_5_2","Colorado",4,82,109,5,4,"asymmetricP1"
"Figure_5_2","Iowa",11,82,109,5,4,"asymmetricP1"
"Figure_5_2","Kansas",12,82,109,5,4,"asymmetricP1"
"Figure_5_2","Utah",34,82,109,5,4,"asymmetricP1"
"Figure_5_2","Illinois",9,82,112,11,4,"asymmetricP1"
"Figure_5_2","Pennsylvania",28,82,112,11,4,"asymmetricP1"
"Figure_5_2","Minnesota",16,82,114,15,4,"asymmetricP1"
"Figure_5_2","Texas",33,82,115,17,4,"asymmetricP1"
"Figure_5_2","Wisconsin",38,82,163,5,4,"asymmetricP2"
"Figure_5_2","West Virginia",37,82,164,7,4,"asymmetricP2"
"Figure_5_2","Alabama",1,82,165,9,4,"asymmetricP2"
"Figure_5_2","Nevada",21,82,165,9,4,"asymmetricP2"
"Figure_5_2","Ohio",26,82,166,11,4,"asymmetricP2"
"Figure_5_2","Indiana",10,82,217,5,4,"typeIc"
"Figure_5_2","North Carolina",24,82,217,5,4,"typeIc"
"Figure_5_2","Oklahoma",27,82,217,5,4,"typeIc"
"Figure_5_2","Wyoming",39,82,217,5,4,"typeIc"
"Figure_5_2","South Carolina",30,82,218,7,4,"typeIc"
"Figure_5_2","Georgia",7,82,325,5,4,"mori2006"
"Figure_5_2","Maine",15,82,325,5,4,"mori2006"
"Figure_5_2","Nebraska",20,82,325,5,4,"mori2006"
"Figure_5_2","New Mexico",23,82,326,7,4,"mori2006"
"Figure_5_2","South Dakota",31,82,326,7,4,"mori2006"
"Figure_5_2","New Hampshire",22,82,327,9,4,"mori2006"
"Figure_5_2","Connecticut",5,82,330,15,4,"mori2006"
"Figure_5_2","Virginia",36,82,333,21,4,"mori2006"
"Figure_5_2","Idaho",8,83,1,5,4,"symmetricP1"
"Figure_5_2","Tennessee",32,83,1,5,4,"symmetricP1"
"Figure_5_2","Colorado",4,83,11,7,5,"symmetricP1"
"Figure_5_2","South Carolina",30,83,11,7,5,"symmetricP1"
"Figure_5_2","Mississippi",17,83,12,9,5,"symmetricP1"
"Figure_5_2","North Carolina",24,83,12,9,5,"symmetricP1"
"Figure_5_2","North Dakota",25,83,12,9,5,"symmetricP1"
"Figure_5_2","Vermont",35,83,100,5,9,"symmetricP2"
"Figure_5_2","Louisiana",14,83,102,9,9,"symmetricP2"
"Figure_5_2","Kentucky",13,83,106,17,9,"symmetricP2"
"Figure_5_2","Iowa",11,83,109,5,4,"asymmetricP1"
"Figure_5_2","Kansas",12,83,109,5,4,"asymmetricP1"
"Figure_5_2","Utah",34,83,109,5,4,"asymmetricP1"
"Figure_5_2","Wyoming",39,83,109,5,4,"asymmetricP1"
"Figure_5_2","Missouri",18,83,110,7,4,"asymmetricP1"
"Figure_5_2","Oklahoma",27,83,110,7,4,"asymmetricP1"
"Figure_5_2","Minnesota",16,83,114,15,4,"asymmetricP1"
"Figure_5_2","Texas",33,83,115,17,4,"asymmetricP1"
"Figure_5_2","Maine",15,83,163,5,4,"asymmetricP2"
"Figure_5_2","Nebraska",20,83,163,5,4,"asymmetricP2"
"Figure_5_2","Ohio",26,83,163,5,4,"asymmetricP2"
"Figure_5_2","Wisconsin",38,83,163,5,4,"asymmetricP2"
"Figure_5_2","Delaware",6,83,164,7,4,"asymmetricP2"
"Figure_5_2","Alabama",1,83,166,11,4,"asymmetricP2"
"Figure_5_2","Indiana",10,83,217,5,4,"typeIc"
"Figure_5_2","Rhode Island",29,83,218,7,4,"typeIc"
"Figure_5_2","South Dakota",31,83,218,7,4,"typeIc"
"Figure_5_2","Georgia",7,83,219,9,4,"typeIc"
"Figure_5_2","Montana",19,83,220,11,4,"typeIc"
"Figure_5_2","Pennsylvania",28,83,220,11,4,"typeIc"
"Figure_5_2","New Mexico",23,83,326,7,4,"mori2006"
"Figure_5_2","West Virginia",37,83,326,7,4,"mori2006"
"Figure_5_2","New Hampshire",22,83,327,9,4,"mori2006"
"Figure_5_2","Connecticut",5,83,330,15,4,"mori2006"
"Figure_5_2","Nevada",21,83,331,17,4,"mori2006"
"Figure_5_2","Virginia",36,83,333,21,4,"mori2006"
"Figure_5_2","Idaho",8,84,1,5,4,"symmetricP1"
"Figure_5_2","North Carolina",24,84,1,5,4,"symmetricP1"
"Figure_5_2","North Dakota",25,84,1,5,4,"symmetricP1"
"Figure_5_2","Tennessee",32,84,1,5,4,"symmetricP1"
"Figure_5_2","Delaware",6,84,12,9,5,"symmetricP1"
"Figure_5_2","Mississippi",17,84,12,9,5,"symmetricP1"
"Figure_5_2","Iowa",11,84,100,5,9,"symmetricP2"
"Figure_5_2","Montana",19,84,100,5,9,"symmetricP2"
"Figure_5_2","Kentucky",13,84,101,7,9,"symmetricP2"
"Figure_5_2","Colorado",4,84,109,5,4,"asymmetricP1"
"Figure_5_2","Kansas",12,84,109,5,4,"asymmetricP1"
"Figure_5_2","Nebraska",20,84,109,5,4,"asymmetricP1"
"Figure_5_2","Utah",34,84,109,5,4,"asymmetricP1"
"Figure_5_2","Vermont",35,84,109,5,4,"asymmetricP1"
"Figure_5_2","Missouri",18,84,110,7,4,"asymmetricP1"
"Figure_5_2","Oklahoma",27,84,110,7,4,"asymmetricP1"
"Figure_5_2","Pennsylvania",28,84,112,11,4,"asymmetricP1"
"Figure_5_2","Illinois",9,84,113,13,4,"asymmetricP1"
"Figure_5_2","Minnesota",16,84,114,15,4,"asymmetricP1"
"Figure_5_2","Texas",33,84,115,17,4,"asymmetricP1"
"Figure_5_2","Maine",15,84,163,5,4,"asymmetricP2"
"Figure_5_2","Ohio",26,84,163,5,4,"asymmetricP2"
"Figure_5_2","Wyoming",39,84,163,5,4,"asymmetricP2"
"Figure_5_2","Wisconsin",38,84,164,7,4,"asymmetricP2"
"Figure_5_2","Alabama",1,84,165,9,4,"asymmetricP2"
"Figure_5_2","Louisiana",14,84,165,9,4,"asymmetricP2"
"Figure_5_2","South Carolina",30,84,165,9,4,"asymmetricP2"
"Figure_5_2","Connecticut",5,84,217,5,4,"typeIc"
"Figure_5_2","Rhode Island",29,84,218,7,4,"typeIc"
"Figure_5_2","South Dakota",31,84,218,7,4,"typeIc"
"Figure_5_2","Georgia",7,84,219,9,4,"typeIc"
"Figure_5_2","New Hampshire",22,84,325,5,4,"mori2006"
"Figure_5_2","New Mexico",23,84,326,7,4,"mori2006"
"Figure_5_2","West Virginia",37,84,328,11,4,"mori2006"
"Figure_5_2","Nevada",21,84,331,17,4,"mori2006"
"Figure_5_2","Virginia",36,84,333,21,4,"mori2006"
"Figure_5_2","Idaho",8,85,1,5,4,"symmetricP1"
"Figure_5_2","Tennessee",32,85,1,5,4,"symmetricP1"
"Figure_5_2","Mississippi",17,85,12,9,5,"symmetricP1"
"Figure_5_2","Texas",33,85,16,17,5,"symmetricP1"
"Figure_5_2","Delaware",6,85,100,5,9,"symmetricP2"
"Figure_5_2","Vermont",35,85,100,5,9,"symmetricP2"
"Figure_5_2","Wisconsin",38,85,100,5,9,"symmetricP2"
"Figure_5_2","Kentucky",13,85,101,7,9,"symmetricP2"
"Figure_5_2","South Carolina",30,85,101,7,9,"symmetricP2"
"Figure_5_2","Louisiana",14,85,102,9,9,"symmetricP2"
"Figure_5_2","Georgia",7,85,103,11,9,"symmetricP2"
"Figure_5_2","Colorado",4,85,109,5,4,"asymmetricP1"
"Figure_5_2","Kansas",12,85,109,5,4,"asymmetricP1"
"Figure_5_2","Nebraska",20,85,109,5,4,"asymmetricP1"
"Figure_5_2","Utah",34,85,109,5,4,"asymmetricP1"
"Figure_5_2","Missouri",18,85,110,7,4,"asymmetricP1"
"Figure_5_2","West Virginia",37,85,110,7,4,"asymmetricP1"
"Figure_5_2","Pennsylvania",28,85,112,11,4,"asymmetricP1"
"Figure_5_2","Illinois",9,85,113,13,4,"asymmetricP1"
"Figure_5_2","Minnesota",16,85,114,15,4,"asymmetricP1"
"Figure_5_2","Maine",15,85,163,5,4,"asymmetricP2"
"Figure_5_2","Oklahoma",27,85,164,7,4,"asymmetricP2"
"Figure_5_2","Alabama",1,85,165,9,4,"asymmetricP2"
"Figure_5_2","Ohio",26,85,166,11,4,"asymmetricP2"
"Figure_5_2","Indiana",10,85,217,5,4,"typeIc"
"Figure_5_2","North Carolina",24,85,217,5,4,"typeIc"
"Figure_5_2","Wyoming",39,85,217,5,4,"typeIc"
"Figure_5_2","Rhode Island",29,85,218,7,4,"typeIc"
"Figure_5_2","South Dakota",31,85,218,7,4,"typeIc"
"Figure_5_2","North Dakota",25,85,219,9,4,"typeIc"
"Figure_5_2","Montana",19,85,220,11,4,"typeIc"
"Figure_5_2","Virginia",36,85,225,21,4,"typeIc"
"Figure_5_2","New Mexico",23,85,326,7,4,"mori2006"
"Figure_5_2","New Hampshire",22,85,327,9,4,"mori2006"
"Figure_5_2","Connecticut",5,85,330,15,4,"mori2006"
"Figure_5_2","Nevada",21,85,331,17,4,"mori2006"
"Figure_5_2","Idaho",8,86,1,5,4,"symmetricP1"
"Figure_5_2","North Dakota",25,86,1,5,4,"symmetricP1"
"Figure_5_2","Oklahoma",27,86,1,5,4,"symmetricP1"
"Figure_5_2","Tennessee",32,86,1,5,4,"symmetricP1"
"Figure_5_2","Mississippi",17,86,12,9,5,"symmetricP1"
"Figure_5_2","North Carolina",24,86,12,9,5,"symmetricP1"
"Figure_5_2","Delaware",6,86,100,5,9,"symmetricP2"
"Figure_5_2","Montana",19,86,100,5,9,"symmetricP2"
"Figure_5_2","Vermont",35,86,100,5,9,"symmetricP2"
"Figure_5_2","Kentucky",13,86,101,7,9,"symmetricP2"
"Figure_5_2","Louisiana",14,86,102,9,9,"symmetricP2"
"Figure_5_2","Georgia",7,86,103,11,9,"symmetricP2"
"Figure_5_2","Colorado",4,86,109,5,4,"asymmetricP1"
"Figure_5_2","Iowa",11,86,109,5,4,"asymmetricP1"
"Figure_5_2","Nebraska",20,86,109,5,4,"asymmetricP1"
"Figure_5_2","Utah",34,86,109,5,4,"asymmetricP1"
"Figure_5_2","New Mexico",23,86,110,7,4,"asymmetricP1"
"Figure_5_2","Illinois",9,86,112,11,4,"asymmetricP1"
"Figure_5_2","Minnesota",16,86,114,15,4,"asymmetricP1"
"Figure_5_2","Texas",33,86,115,17,4,"asymmetricP1"
"Figure_5_2","Maine",15,86,163,5,4,"asymmetricP2"
"Figure_5_2","Ohio",26,86,163,5,4,"asymmetricP2"
"Figure_5_2","Wisconsin",38,86,163,5,4,"asymmetricP2"
"Figure_5_2","South Carolina",30,86,165,9,4,"asymmetricP2"
"Figure_5_2","Alabama",1,86,166,11,4,"asymmetricP2"
"Figure_5_2","Indiana",10,86,217,5,4,"typeIc"
"Figure_5_2","Wyoming",39,86,217,5,4,"typeIc"
"Figure_5_2","Missouri",18,86,218,7,4,"typeIc"
"Figure_5_2","Rhode Island",29,86,218,7,4,"typeIc"
"Figure_5_2","South Dakota",31,86,218,7,4,"typeIc"
"Figure_5_2","West Virginia",37,86,218,7,4,"typeIc"
"Figure_5_2","Pennsylvania",28,86,220,11,4,"typeIc"
"Figure_5_2","New Hampshire",22,86,327,9,4,"mori2006"
"Figure_5_2","Connecticut",5,86,330,15,4,"mori2006"
"Figure_5_2","Nevada",21,86,331,17,4,"mori2006"
"Figure_5_2","Virginia",36,86,333,21,4,"mori2006"
"Figure_5_2","Tennessee",32,87,1,5,4,"symmetricP1"
"Figure_5_2","Mississippi",17,87,12,9,5,"symmetricP1"
"Figure_5_2","North Carolina",24,87,12,9,5,"symmetricP1"
"Figure_5_2","Connecticut",5,87,13,11,5,"symmetricP1"
"Figure_5_2","Ohio",26,87,14,13,5,"symmetricP1"
"Figure_5_2","Delaware",6,87,100,5,9,"symmetricP2"
"Figure_5_2","North Dakota",25,87,100,5,9,"symmetricP2"
"Figure_5_2","Vermont",35,87,100,5,9,"symmetricP2"
"Figure_5_2","Wisconsin",38,87,100,5,9,"symmetricP2"
"Figure_5_2","South Carolina",30,87,101,7,9,"symmetricP2"
"Figure_5_2","Louisiana",14,87,102,9,9,"symmetricP2"
"Figure_5_2","Colorado",4,87,109,5,4,"asymmetricP1"
"Figure_5_2","Iowa",11,87,109,5,4,"asymmetricP1"
"Figure_5_2","Kansas",12,87,109,5,4,"asymmetricP1"
"Figure_5_2","Nebraska",20,87,109,5,4,"asymmetricP1"
"Figure_5_2","Missouri",18,87,110,7,4,"asymmetricP1"
"Figure_5_2","Oklahoma",27,87,110,7,4,"asymmetricP1"
"Figure_5_2","West Virginia",37,87,110,7,4,"asymmetricP1"
"Figure_5_2","Illinois",9,87,112,11,4,"asymmetricP1"
"Figure_5_2","Pennsylvania",28,87,112,11,4,"asymmetricP1"
"Figure_5_2","Minnesota",16,87,114,15,4,"asymmetricP1"
"Figure_5_2","Texas",33,87,115,17,4,"asymmetricP1"
"Figure_5_2","Maine",15,87,163,5,4,"asymmetricP2"
"Figure_5_2","Utah",34,87,163,5,4,"asymmetricP2"
"Figure_5_2","Alabama",1,87,165,9,4,"asymmetricP2"
"Figure_5_2","Indiana",10,87,217,5,4,"typeIc"
"Figure_5_2","Wyoming",39,87,217,5,4,"typeIc"
"Figure_5_2","Rhode Island",29,87,218,7,4,"typeIc"
"Figure_5_2","South Dakota",31,87,218,7,4,"typeIc"
"Figure_5_2","Montana",19,87,220,11,4,"typeIc"
"Figure_5_2","Georgia",7,87,325,5,4,"mori2006"
"Figure_5_2","Idaho",8,87,326,7,4,"mori2006"
"Figure_5_2","New Mexico",23,87,326,7,4,"mori2006"
"Figure_5_2","New Hampshire",22,87,327,9,4,"mori2006"
"Figure_5_2","Virginia",36,87,328,11,4,"mori2006"
"Figure_5_2","Nevada",21,87,331,17,4,"mori2006"
"Figure_5_2","Idaho",8,88,1,5,4,"symmetricP1"
"Figure_5_2","Tennessee",32,88,1,5,4,"symmetricP1"
"Figure_5_2","New Mexico",23,88,11,7,5,"symmetricP1"
"Figure_5_2","North Dakota",25,88,11,7,5,"symmetricP1"
"Figure_5_2","Mississippi",17,88,12,9,5,"symmetricP1"
"Figure_5_2","Ohio",26,88,14,13,5,"symmetricP1"
"Figure_5_2","Colorado",4,88,100,5,9,"symmetricP2"
"Figure_5_2","Delaware",6,88,100,5,9,"symmetricP2"
"Figure_5_2","Vermont",35,88,100,5,9,"symmetricP2"
"Figure_5_2","Wisconsin",38,88,100,5,9,"symmetricP2"
"Figure_5_2","Iowa",11,88,109,5,4,"asymmetricP1"
"Figure_5_2","Kansas",12,88,109,5,4,"asymmetricP1"
"Figure_5_2","Nebraska",20,88,109,5,4,"asymmetricP1"
"Figure_5_2","Utah",34,88,109,5,4,"asymmetricP1"
"Figure_5_2","Missouri",18,88,110,7,4,"asymmetricP1"
"Figure_5_2","Oklahoma",27,88,110,7,4,"asymmetricP1"
"Figure_5_2","North Carolina",24,88,111,9,4,"asymmetricP1"
"Figure_5_2","Minnesota",16,88,114,15,4,"asymmetricP1"
"Figure_5_2","Texas",33,88,115,17,4,"asymmetricP1"
"Figure_5_2","Maine",15,88,163,5,4,"asymmetricP2"
"Figure_5_2","Alabama",1,88,165,9,4,"asymmetricP2"
"Figure_5_2","South Dakota",31,88,165,9,4,"asymmetricP2"
"Figure_5_2","Indiana",10,88,217,5,4,"typeIc"
"Figure_5_2","Wyoming",39,88,217,5,4,"typeIc"
"Figure_5_2","Rhode Island",29,88,218,7,4,"typeIc"
"Figure_5_2","South Carolina",30,88,218,7,4,"typeIc"
"Figure_5_2","Georgia",7,88,219,9,4,"typeIc"
"Figure_5_2","Montana",19,88,220,11,4,"typeIc"
"Figure_5_2","Pennsylvania",28,88,220,11,4,"typeIc"
"Figure_5_2","Kentucky",13,88,222,15,4,"typeIc"
"Figure_5_2","Illinois",9,88,223,17,4,"typeIc"
"Figure_5_2","West Virginia",37,88,326,7,4,"mori2006"
"Figure_5_2","New Hampshire",22,88,327,9,4,"mori2006"
"Figure_5_2","Connecticut",5,88,330,15,4,"mori2006"
"Figure_5_2","Nevada",21,88,331,17,4,"mori2006"
"Figure_5_2","Virginia",36,88,333,21,4,"mori2006"
"Figure_5_2","Idaho",8,89,1,5,4,"symmetricP1"
"Figure_5_2","North Dakota",25,89,1,5,4,"symmetricP1"
"Figure_5_2","Tennessee",32,89,1,5,4,"symmetricP1"
"Figure_5_2","Mississippi",17,89,12,9,5,"symmetricP1"
"Figure_5_2","Vermont",35,89,100,5,9,"symmetricP2"
"Figure_5_2","Louisiana",14,89,102,9,9,"symmetricP2"
"Figure_5_2","Colorado",4,89,109,5,4,"asymmetricP1"
"Figure_5_2","Iowa",11,89,109,5,4,"asymmetricP1"
"Figure_5_2","Kansas",12,89,109,5,4,"asymmetricP1"
"Figure_5_2","Nebraska",20,89,110,7,4,"asymmetricP1"
"Figure_5_2","Oklahoma",27,89,110,7,4,"asymmetricP1"
"Figure_5_2","Ohio",26,89,112,11,4,"asymmetricP1"
"Figure_5_2","Pennsylvania",28,89,112,11,4,"asymmetricP1"
"Figure_5_2","Illinois",9,89,113,13,4,"asymmetricP1"
"Figure_5_2","Kentucky",13,89,114,15,4,"asymmetricP1"
"Figure_5_2","Minnesota",16,89,114,15,4,"asymmetricP1"
"Figure_5_2","Texas",33,89,115,17,4,"asymmetricP1"
"Figure_5_2","Utah",34,89,163,5,4,"asymmetricP2"
"Figure_5_2","Delaware",6,89,164,7,4,"asymmetricP2"
"Figure_5_2","Wisconsin",38,89,164,7,4,"asymmetricP2"
"Figure_5_2","Alabama",1,89,165,9,4,"asymmetricP2"
"Figure_5_2","South Carolina",30,89,165,9,4,"asymmetricP2"
"Figure_5_2","Indiana",10,89,217,5,4,"typeIc"
"Figure_5_2","North Carolina",24,89,217,5,4,"typeIc"
"Figure_5_2","Wyoming",39,89,217,5,4,"typeIc"
"Figure_5_2","Missouri",18,89,218,7,4,"typeIc"
"Figure_5_2","Rhode Island",29,89,218,7,4,"typeIc"
"Figure_5_2","Georgia",7,89,219,9,4,"typeIc"
"Figure_5_2","Montana",19,89,220,11,4,"typeIc"
"Figure_5_2","Nevada",21,89,224,19,4,"typeIc"
"Figure_5_2","New Hampshire",22,89,325,5,4,"mori2006"
"Figure_5_2","New Mexico",23,89,326,7,4,"mori2006"
"Figure_5_2","South Dakota",31,89,326,7,4,"mori2006"
"Figure_5_2","West Virginia",37,89,327,9,4,"mori2006"
"Figure_5_2","Connecticut",5,89,330,15,4,"mori2006"
"Figure_5_2","Virginia",36,89,333,21,4,"mori2006"
"Figure_5_2","Idaho",8,90,1,5,4,"symmetricP1"
"Figure_5_2","Tennessee",32,90,1,5,4,"symmetricP1"
"Figure_5_2","South Carolina",30,90,11,7,5,"symmetricP1"
"Figure_5_2","Mississippi",17,90,12,9,5,"symmetricP1"
"Figure_5_2","North Dakota",25,90,12,9,5,"symmetricP1"
"Figure_5_2","Connecticut",5,90,13,11,5,"symmetricP1"
"Figure_5_2","Illinois",9,90,18,21,5,"symmetricP1"
"Figure_5_2","Colorado",4,90,100,5,9,"symmetricP2"
"Figure_5_2","Delaware",6,90,100,5,9,"symmetricP2"
"Figure_5_2","Montana",19,90,100,5,9,"symmetricP2"
"Figure_5_2","Louisiana",14,90,102,9,9,"symmetricP2"
"Figure_5_2","Kansas",12,90,109,5,4,"asymmetricP1"
"Figure_5_2","Oklahoma",27,90,109,5,4,"asymmetricP1"
"Figure_5_2","Missouri",18,90,110,7,4,"asymmetricP1"
"Figure_5_2","New Mexico",23,90,110,7,4,"asymmetricP1"
"Figure_5_2","Pennsylvania",28,90,112,11,4,"asymmetricP1"
"Figure_5_2","Kentucky",13,90,114,15,4,"asymmetricP1"
"Figure_5_2","Texas",33,90,115,17,4,"asymmetricP1"
"Figure_5_2","Georgia",7,90,163,5,4,"asymmetricP2"
"Figure_5_2","Iowa",11,90,163,5,4,"asymmetricP2"
"Figure_5_2","Maine",15,90,163,5,4,"asymmetricP2"
"Figure_5_2","Nebraska",20,90,163,5,4,"asymmetricP2"
"Figure_5_2","Ohio",26,90,163,5,4,"asymmetricP2"
"Figure_5_2","Utah",34,90,163,5,4,"asymmetricP2"
"Figure_5_2","Wisconsin",38,90,163,5,4,"asymmetricP2"
"Figure_5_2","Alabama",1,90,165,9,4,"asymmetricP2"
"Figure_5_2","Indiana",10,90,217,5,4,"typeIc"
"Figure_5_2","North Carolina",24,90,217,5,4,"typeIc"
"Figure_5_2","Wyoming",39,90,217,5,4,"typeIc"
"Figure_5_2","West Virginia",37,90,218,7,4,"typeIc"
"Figure_5_2","Rhode Island",29,90,325,5,4,"mori2006"
"Figure_5_2","South Dakota",31,90,326,7,4,"mori2006"
"Figure_5_2","Vermont",35,90,326,7,4,"mori2006"
"Figure_5_2","New Hampshire",22,90,327,9,4,"mori2006"
"Figure_5_2","Nevada",21,90,331,17,4,"mori2006"
"Figure_5_2","Virginia",36,90,333,21,4,"mori2006"
"Figure_5_2","Idaho",8,91,1,5,4,"symmetricP1"
"Figure_5_2","North Dakota",25,91,1,5,4,"symmetricP1"
"Figure_5_2","Tennessee",32,91,1,5,4,"symmetricP1"
"Figure_5_2","New Mexico",23,91,11,7,5,"symmetricP1"
"Figure_5_2","North Carolina",24,91,12,9,5,"symmetricP1"
"Figure_5_2","Iowa",11,91,100,5,9,"symmetricP2"
"Figure_5_2","Wisconsin",38,91,100,5,9,"symmetricP2"
"Figure_5_2","Kentucky",13,91,101,7,9,"symmetricP2"
"Figure_5_2","Colorado",4,91,109,5,4,"asymmetricP1"
"Figure_5_2","Kansas",12,91,109,5,4,"asymmetricP1"
"Figure_5_2","Nebraska",20,91,109,5,4,"asymmetricP1"
"Figure_5_2","Utah",34,91,109,5,4,"asymmetricP1"
"Figure_5_2","Oklahoma",27,91,110,7,4,"asymmetricP1"
"Figure_5_2","West Virginia",37,91,110,7,4,"asymmetricP1"
"Figure_5_2","Illinois",9,91,112,11,4,"asymmetricP1"
"Figure_5_2","Pennsylvania",28,91,112,11,4,"asymmetricP1"
"Figure_5_2","Minnesota",16,91,114,15,4,"asymmetricP1"
"Figure_5_2","Texas",33,91,115,17,4,"asymmetricP1"
"Figure_5_2","Maine",15,91,163,5,4,"asymmetricP2"
"Figure_5_2","Ohio",26,91,163,5,4,"asymmetricP2"
"Figure_5_2","Vermont",35,91,163,5,4,"asymmetricP2"
"Figure_5_2","Delaware",6,91,164,7,4,"asymmetricP2"
"Figure_5_2","Louisiana",14,91,165,9,4,"asymmetricP2"
"Figure_5_2","Alabama",1,91,166,11,4,"asymmetricP2"
"Figure_5_2","Indiana",10,91,217,5,4,"typeIc"
"Figure_5_2","Wyoming",39,91,217,5,4,"typeIc"
"Figure_5_2","Missouri",18,91,218,7,4,"typeIc"
"Figure_5_2","Rhode Island",29,91,218,7,4,"typeIc"
"Figure_5_2","South Carolina",30,91,218,7,4,"typeIc"
"Figure_5_2","South Dakota",31,91,218,7,4,"typeIc"
"Figure_5_2","Montana",19,91,220,11,4,"typeIc"
"Figure_5_2","Georgia",7,91,325,5,4,"mori2006"
"Figure_5_2","New Hampshire",22,91,327,9,4,"mori2006"
"Figure_5_2","Connecticut",5,91,330,15,4,"mori2006"
"Figure_5_2","Nevada",21,91,331,17,4,"mori2006"
"Figure_5_2","Virginia",36,91,333,21,4,"mori2006"
"Figure_5_2","Idaho",8,92,1,5,4,"symmetricP1"
"Figure_5_2","North Dakota",25,92,1,5,4,"symmetricP1"
"Figure_5_2","Tennessee",32,92,1,5,4,"symmetricP1"
"Figure_5_2","Mississippi",17,92,12,9,5,"symmetricP1"
"Figure_5_2","Delaware",6,92,100,5,9,"symmetricP2"
"Figure_5_2","Montana",19,92,100,5,9,"symmetricP2"
"Figure_5_2","Vermont",35,92,100,5,9,"symmetricP2"
"Figure_5_2","Wisconsin",38,92,100,5,9,"symmetricP2"
"Figure_5_2","Louisiana",14,92,102,9,9,"symmetricP2"
"Figure_5_2","Colorado",4,92,109,5,4,"asymmetricP1"
"Figure_5_2","Iowa",11,92,109,5,4,"asymmetricP1"
"Figure_5_2","Kansas",12,92,109,5,4,"asymmetricP1"
"Figure_5_2","Nebraska",20,92,109,5,4,"asymmetricP1"
"Figure_5_2","Utah",34,92,109,5,4,"asymmetricP1"
"Figure_5_2","New Mexico",23,92,110,7,4,"asymmetricP1"
"Figure_5_2","Illinois",9,92,112,11,4,"asymmetricP1"
"Figure_5_2","Kentucky",13,92,114,15,4,"asymmetricP1"
"Figure_5_2","Minnesota",16,92,114,15,4,"asymmetricP1"
"Figure_5_2","Maine",15,92,163,5,4,"asymmetricP2"
"Figure_5_2","Ohio",26,92,163,5,4,"asymmetricP2"
"Figure_5_2","Virginia",36,92,163,5,4,"asymmetricP2"
"Figure_5_2","Oklahoma",27,92,164,7,4,"asymmetricP2"
"Figure_5_2","Alabama",1,92,166,11,4,"asymmetricP2"
"Figure_5_2","Indiana",10,92,217,5,4,"typeIc"
"Figure_5_2","North Carolina",24,92,217,5,4,"typeIc"
"Figure_5_2","Wyoming",39,92,217,5,4,"typeIc"
"Figure_5_2","Rhode Island",29,92,218,7,4,"typeIc"
"Figure_5_2","South Carolina",30,92,218,7,4,"typeIc"
"Figure_5_2","Pennsylvania",28,92,220,11,4,"typeIc"
"Figure_5_2","Texas",33,92,225,21,4,"typeIc"
"Figure_5_2","Georgia",7,92,325,5,4,"mori2006"
"Figure_5_2","South Dakota",31,92,326,7,4,"mori2006"
"Figure_5_2","West Virginia",37,92,326,7,4,"mori2006"
"Figure_5_2","New Hampshire",22,92,327,9,4,"mori2006"
"Figure_5_2","Connecticut",5,92,330,15,4,"mori2006"
"Figure_5_2","Nevada",21,92,331,17,4,"mori2006"
"Figure_5_2","Idaho",8,93,1,5,4,"symmetricP1"
"Figure_5_2","Tennessee",32,93,1,5,4,"symmetricP1"
"Figure_5_2","New Mexico",23,93,11,7,5,"symmetricP1"
"Figure_5_2","Mississippi",17,93,12,9,5,"symmetricP1"
"Figure_5_2","Wyoming",39,93,12,9,5,"symmetricP1"
"Figure_5_2","Colorado",4,93,100,5,9,"symmetricP2"
"Figure_5_2","Delaware",6,93,100,5,9,"symmetricP2"
"Figure_5_2","Vermont",35,93,100,5,9,"symmetricP2"
"Figure_5_2","Kentucky",13,93,101,7,9,"symmetricP2"
"Figure_5_2","South Dakota",31,93,101,7,9,"symmetricP2"
"Figure_5_2","Louisiana",14,93,102,9,9,"symmetricP2"
"Figure_5_2","North Dakota",25,93,102,9,9,"symmetricP2"
"Figure_5_2","Kansas",12,93,109,5,4,"asymmetricP1"
"Figure_5_2","Oklahoma",27,93,110,7,4,"asymmetricP1"
"Figure_5_2","Illinois",9,93,112,11,4,"asymmetricP1"
"Figure_5_2","Iowa",11,93,163,5,4,"asymmetricP2"
"Figure_5_2","Nebraska",20,93,163,5,4,"asymmetricP2"
"Figure_5_2","Ohio",26,93,163,5,4,"asymmetricP2"
"Figure_5_2","Utah",34,93,163,5,4,"asymmetricP2"
"Figure_5_2","Wisconsin",38,93,163,5,4,"asymmetricP2"
"Figure_5_2","Alabama",1,93,165,9,4,"asymmetricP2"
"Figure_5_2","South Carolina",30,93,166,11,4,"asymmetricP2"
"Figure_5_2","Indiana",10,93,217,5,4,"typeIc"
"Figure_5_2","North Carolina",24,93,217,5,4,"typeIc"
"Figure_5_2","Missouri",18,93,218,7,4,"typeIc"
"Figure_5_2","Rhode Island",29,93,218,7,4,"typeIc"
"Figure_5_2","West Virginia",37,93,218,7,4,"typeIc"
"Figure_5_2","Georgia",7,93,219,9,4,"typeIc"
"Figure_5_2","Pennsylvania",28,93,220,11,4,"typeIc"
"Figure_5_2","Texas",33,93,225,21,4,"typeIc"
"Figure_5_2","Maine",15,93,327,9,4,"mori2006"
"Figure_5_2","New Hampshire",22,93,327,9,4,"mori2006"
"Figure_5_2","Connecticut",5,93,330,15,4,"mori2006"
"Figure_5_2","Minnesota",16,93,330,15,4,"mori2006"
"Figure_5_2","Nevada",21,93,331,17,4,"mori2006"
"Figure_5_2","Virginia",36,93,333,21,4,"mori2006"
"Figure_5_2","Idaho",8,94,1,5,4,"symmetricP1"
"Figure_5_2","Tennessee",32,94,1,5,4,"symmetricP1"
"Figure_5_2","South Carolina",30,94,11,7,5,"symmetricP1"
"Figure_5_2","Mississippi",17,94,12,9,5,"symmetricP1"
"Figure_5_2","North Dakota",25,94,12,9,5,"symmetricP1"
"Figure_5_2","Delaware",6,94,100,5,9,"symmetricP2"
"Figure_5_2","Vermont",35,94,100,5,9,"symmetricP2"
"Figure_5_2","Wisconsin",38,94,100,5,9,"symmetricP2"
"Figure_5_2","Kentucky",13,94,101,7,9,"symmetricP2"
"Figure_5_2","South Dakota",31,94,101,7,9,"symmetricP2"
"Figure_5_2","Louisiana",14,94,102,9,9,"symmetricP2"
"Figure_5_2","Colorado",4,94,109,5,4,"asymmetricP1"
"Figure_5_2","Iowa",11,94,109,5,4,"asymmetricP1"
"Figure_5_2","Kansas",12,94,109,5,4,"asymmetricP1"
"Figure_5_2","Oklahoma",27,94,109,5,4,"asymmetricP1"
"Figure_5_2","Utah",34,94,109,5,4,"asymmetricP1"
"Figure_5_2","Illinois",9,94,113,13,4,"asymmetricP1"
"Figure_5_2","Texas",33,94,115,17,4,"asymmetricP1"
"Figure_5_2","Maine",15,94,163,5,4,"asymmetricP2"
"Figure_5_2","Ohio",26,94,163,5,4,"asymmetricP2"
"Figure_5_2","Missouri",18,94,164,7,4,"asymmetricP2"
"Figure_5_2","Alabama",1,94,165,9,4,"asymmetricP2"
"Figure_5_2","Indiana",10,94,217,5,4,"typeIc"
"Figure_5_2","North Carolina",24,94,217,5,4,"typeIc"
"Figure_5_2","Wyoming",39,94,217,5,4,"typeIc"
"Figure_5_2","New Mexico",23,94,218,7,4,"typeIc"
"Figure_5_2","Rhode Island",29,94,218,7,4,"typeIc"
"Figure_5_2","Montana",19,94,220,11,4,"typeIc"
"Figure_5_2","Pennsylvania",28,94,220,11,4,"typeIc"
"Figure_5_2","Minnesota",16,94,222,15,4,"typeIc"
"Figure_5_2","Georgia",7,94,325,5,4,"mori2006"
"Figure_5_2","West Virginia",37,94,326,7,4,"mori2006"
"Figure_5_2","New Hampshire",22,94,327,9,4,"mori2006"
"Figure_5_2","Connecticut",5,94,330,15,4,"mori2006"
"Figure_5_2","Nevada",21,94,331,17,4,"mori2006"
"Figure_5_2","Virginia",36,94,333,21,4,"mori2006"
"Figure_5_2","Idaho",8,95,1,5,4,"symmetricP1"
"Figure_5_2","Tennessee",32,95,1,5,4,"symmetricP1"
"Figure_5_2","New Hampshire",22,95,11,7,5,"symmetricP1"
"Figure_5_2","Connecticut",5,95,12,9,5,"symmetricP1"
"Figure_5_2","Mississippi",17,95,12,9,5,"symmetricP1"
"Figure_5_2","Ohio",26,95,14,13,5,"symmetricP1"
"Figure_5_2","Vermont",35,95,100,5,9,"symmetricP2"
"Figure_5_2","South Dakota",31,95,101,7,9,"symmetricP2"
"Figure_5_2","Louisiana",14,95,102,9,9,"symmetricP2"
"Figure_5_2","Colorado",4,95,109,5,4,"asymmetricP1"
"Figure_5_2","Iowa",11,95,109,5,4,"asymmetricP1"
"Figure_5_2","Kansas",12,95,109,5,4,"asymmetricP1"
"Figure_5_2","Utah",34,95,109,5,4,"asymmetricP1"
"Figure_5_2","Missouri",18,95,110,7,4,"asymmetricP1"
"Figure_5_2","Oklahoma",27,95,110,7,4,"asymmetricP1"
"Figure_5_2","Pennsylvania",28,95,112,11,4,"asymmetricP1"
"Figure_5_2","Illinois",9,95,114,15,4,"asymmetricP1"
"Figure_5_2","Nebraska",20,95,163,5,4,"asymmetricP2"
"Figure_5_2","Delaware",6,95,164,7,4,"asymmetricP2"
"Figure_5_2","Wisconsin",38,95,164,7,4,"asymmetricP2"
"Figure_5_2","Alabama",1,95,166,11,4,"asymmetricP2"
"Figure_5_2","Indiana",10,95,217,5,4,"typeIc"
"Figure_5_2","North Carolina",24,95,217,5,4,"typeIc"
"Figure_5_2","Wyoming",39,95,217,5,4,"typeIc"
"Figure_5_2","Rhode Island",29,95,218,7,4,"typeIc"
"Figure_5_2","South Carolina",30,95,218,7,4,"typeIc"
"Figure_5_2","West Virginia",37,95,218,7,4,"typeIc"
"Figure_5_2","North Dakota",25,95,219,9,4,"typeIc"
"Figure_5_2","Montana",19,95,220,11,4,"typeIc"
"Figure_5_2","Kentucky",13,95,222,15,4,"typeIc"
"Figure_5_2","Texas",33,95,225,21,4,"typeIc"
"Figure_5_2","Georgia",7,95,325,5,4,"mori2006"
"Figure_5_2","New Mexico",23,95,326,7,4,"mori2006"
"Figure_5_2","Maine",15,95,327,9,4,"mori2006"
"Figure_5_2","Minnesota",16,95,330,15,4,"mori2006"
"Figure_5_2","Virginia",36,95,333,21,4,"mori2006"
"Figure_5_2","Idaho",8,96,1,5,4,"symmetricP1"
"Figure_5_2","Oklahoma",27,96,1,5,4,"symmetricP1"
"Figure_5_2","Tennessee",32,96,1,5,4,"symmetricP1"
"Figure_5_2","Colorado",4,96,11,7,5,"symmetricP1"
"Figure_5_2","Delaware",6,96,11,7,5,"symmetricP1"
"Figure_5_2","South Carolina",30,96,11,7,5,"symmetricP1"
"Figure_5_2","Mississippi",17,96,12,9,5,"symmetricP1"
"Figure_5_2","Montana",19,96,100,5,9,"symmetricP2"
"Figure_5_2","Vermont",35,96,100,5,9,"symmetricP2"
"Figure_5_2","Kentucky",13,96,101,7,9,"symmetricP2"
"Figure_5_2","Louisiana",14,96,102,9,9,"symmetricP2"
"Figure_5_2","North Dakota",25,96,102,9,9,"symmetricP2"
"Figure_5_2","Iowa",11,96,109,5,4,"asymmetricP1"
"Figure_5_2","Kansas",12,96,109,5,4,"asymmetricP1"
"Figure_5_2","Nebraska",20,96,109,5,4,"asymmetricP1"
"Figure_5_2","Wyoming",39,96,109,5,4,"asymmetricP1"
"Figure_5_2","Missouri",18,96,110,7,4,"asymmetricP1"
"Figure_5_2","Illinois",9,96,112,11,4,"asymmetricP1"
"Figure_5_2","Minnesota",16,96,114,15,4,"asymmetricP1"
"Figure_5_2","Texas",33,96,115,17,4,"asymmetricP1"
"Figure_5_2","Maine",15,96,163,5,4,"asymmetricP2"
"Figure_5_2","Utah",34,96,163,5,4,"asymmetricP2"
"Figure_5_2","Wisconsin",38,96,163,5,4,"asymmetricP2"
"Figure_5_2","Alabama",1,96,166,11,4,"asymmetricP2"
"Figure_5_2","Ohio",26,96,166,11,4,"asymmetricP2"
"Figure_5_2","Indiana",10,96,217,5,4,"typeIc"
"Figure_5_2","Rhode Island",29,96,218,7,4,"typeIc"
"Figure_5_2","South Dakota",31,96,218,7,4,"typeIc"
"Figure_5_2","West Virginia",37,96,218,7,4,"typeIc"
"Figure_5_2","Pennsylvania",28,96,220,11,4,"typeIc"
"Figure_5_2","Georgia",7,96,325,5,4,"mori2006"
"Figure_5_2","New Mexico",23,96,326,7,4,"mori2006"
"Figure_5_2","North Carolina",24,96,327,9,4,"mori2006"
"Figure_5_2","Virginia",36,96,328,11,4,"mori2006"
"Figure_5_2","Connecticut",5,96,330,15,4,"mori2006"
"Figure_5_2","Nevada",21,96,331,17,4,"mori2006"
"Figure_5_2","Idaho",8,97,1,5,4,"symmetricP1"
"Figure_5_2","Tennessee",32,97,1,5,4,"symmetricP1"
"Figure_5_2","Mississippi",17,97,12,9,5,"symmetricP1"
"Figure_5_2","Louisiana",14,97,16,17,5,"symmetricP1"
"Figure_5_2","Vermont",35,97,100,5,9,"symmetricP2"
"Figure_5_2","Wisconsin",38,97,100,5,9,"symmetricP2"
"Figure_5_2","Georgia",7,97,103,11,9,"symmetricP2"
"Figure_5_2","North Dakota",25,97,103,11,9,"symmetricP2"
"Figure_5_2","Colorado",4,97,109,5,4,"asymmetricP1"
"Figure_5_2","Iowa",11,97,109,5,4,"asymmetricP1"
"Figure_5_2","Kansas",12,97,109,5,4,"asymmetricP1"
"Figure_5_2","Montana",19,97,109,5,4,"asymmetricP1"
"Figure_5_2","Nebraska",20,97,109,5,4,"asymmetricP1"
"Figure_5_2","Missouri",18,97,110,7,4,"asymmetricP1"
"Figure_5_2","Oklahoma",27,97,110,7,4,"asymmetricP1"
"Figure_5_2","Illinois",9,97,112,11,4,"asymmetricP1"
"Figure_5_2","Pennsylvania",28,97,112,11,4,"asymmetricP1"
"Figure_5_2","Kentucky",13,97,114,15,4,"asymmetricP1"
"Figure_5_2","Minnesota",16,97,114,15,4,"asymmetricP1"
"Figure_5_2","Texas",33,97,115,17,4,"asymmetricP1"
"Figure_5_2","Maine",15,97,163,5,4,"asymmetricP2"
"Figure_5_2","Ohio",26,97,163,5,4,"asymmetricP2"
"Figure_5_2","Delaware",6,97,164,7,4,"asymmetricP2"
"Figure_5_2","Alabama",1,97,165,9,4,"asymmetricP2"
"Figure_5_2","South Carolina",30,97,165,9,4,"asymmetricP2"
"Figure_5_2","Indiana",10,97,217,5,4,"typeIc"
"Figure_5_2","North Carolina",24,97,217,5,4,"typeIc"
"Figure_5_2","Utah",34,97,217,5,4,"typeIc"
"Figure_5_2","Wyoming",39,97,217,5,4,"typeIc"
"Figure_5_2","Rhode Island",29,97,218,7,4,"typeIc"
"Figure_5_2","West Virginia",37,97,218,7,4,"typeIc"
"Figure_5_2","South Dakota",31,97,326,7,4,"mori2006"
"Figure_5_2","New Hampshire",22,97,327,9,4,"mori2006"
"Figure_5_2","Connecticut",5,97,330,15,4,"mori2006"
"Figure_5_2","Nevada",21,97,331,17,4,"mori2006"
"Figure_5_2","Virginia",36,97,333,21,4,"mori2006"
"Figure_5_2","Indiana",10,98,1,5,4,"symmetricP1"
"Figure_5_2","Tennessee",32,98,1,5,4,"symmetricP1"
"Figure_5_2","Utah",34,98,1,5,4,"symmetricP1"
"Figure_5_2","Virginia",36,98,1,5,4,"symmetricP1"
"Figure_5_2","Mississippi",17,98,12,9,5,"symmetricP1"
"Figure_5_2","Wyoming",39,98,12,9,5,"symmetricP1"
"Figure_5_2","North Dakota",25,98,13,11,5,"symmetricP1"
"Figure_5_2","Illinois",9,98,15,15,5,"symmetricP1"
"Figure_5_2","Delaware",6,98,100,5,9,"symmetricP2"
"Figure_5_2","Vermont",35,98,100,5,9,"symmetricP2"
"Figure_5_2","Wisconsin",38,98,100,5,9,"symmetricP2"
"Figure_5_2","South Dakota",31,98,101,7,9,"symmetricP2"
"Figure_5_2","Louisiana",14,98,102,9,9,"symmetricP2"
"Figure_5_2","Colorado",4,98,109,5,4,"asymmetricP1"
"Figure_5_2","Iowa",11,98,109,5,4,"asymmetricP1"
"Figure_5_2","Kansas",12,98,109,5,4,"asymmetricP1"
"Figure_5_2","Missouri",18,98,110,7,4,"asymmetricP1"
"Figure_5_2","West Virginia",37,98,110,7,4,"asymmetricP1"
"Figure_5_2","Pennsylvania",28,98,112,11,4,"asymmetricP1"
"Figure_5_2","Minnesota",16,98,114,15,4,"asymmetricP1"
"Figure_5_2","Maine",15,98,163,5,4,"asymmetricP2"
"Figure_5_2","Oklahoma",27,98,164,7,4,"asymmetricP2"
"Figure_5_2","Alabama",1,98,165,9,4,"asymmetricP2"
"Figure_5_2","Ohio",26,98,166,11,4,"asymmetricP2"
"Figure_5_2","Kentucky",13,98,171,21,4,"asymmetricP2"
"Figure_5_2","Rhode Island",29,98,218,7,4,"typeIc"
"Figure_5_2","South Carolina",30,98,218,7,4,"typeIc"
"Figure_5_2","Georgia",7,98,219,9,4,"typeIc"
"Figure_5_2","Montana",19,98,219,9,4,"typeIc"
"Figure_5_2","Texas",33,98,225,21,4,"typeIc"
"Figure_5_2","Nebraska",20,98,325,5,4,"mori2006"
"Figure_5_2","Idaho",8,98,326,7,4,"mori2006"
"Figure_5_2","New Mexico",23,98,326,7,4,"mori2006"
"Figure_5_2","New Hampshire",22,98,327,9,4,"mori2006"
"Figure_5_2","Connecticut",5,98,330,15,4,"mori2006"
"Figure_5_2","Nevada",21,98,331,17,4,"mori2006"
"Figure_5_2","Idaho",8,99,1,5,4,"symmetricP1"
"Figure_5_2","Tennessee",32,99,1,5,4,"symmetricP1"
"Figure_5_2","South Carolina",30,99,11,7,5,"symmetricP1"
"Figure_5_2","Mississippi",17,99,12,9,5,"symmetricP1"
"Figure_5_2","North Carolina",24,99,12,9,5,"symmetricP1"
"Figure_5_2","Wisconsin",38,99,100,5,9,"symmetricP2"
"Figure_5_2","South Dakota",31,99,101,7,9,"symmetricP2"
"Figure_5_2","Vermont",35,99,102,9,9,"symmetricP2"
"Figure_5_2","Colorado",4,99,109,5,4,"asymmetricP1"
"Figure_5_2","Iowa",11,99,109,5,4,"asymmetricP1"
"Figure_5_2","Kansas",12,99,109,5,4,"asymmetricP1"
"Figure_5_2","Utah",34,99,109,5,4,"asymmetricP1"
"Figure_5_2","Oklahoma",27,99,110,7,4,"asymmetricP1"
"Figure_5_2","Illinois",9,99,112,11,4,"asymmetricP1"
"Figure_5_2","Minnesota",16,99,114,15,4,"asymmetricP1"
"Figure_5_2","Texas",33,99,115,17,4,"asymmetricP1"
"Figure_5_2","Georgia",7,99,163,5,4,"asymmetricP2"
"Figure_5_2","Maine",15,99,163,5,4,"asymmetricP2"
"Figure_5_2","Ohio",26,99,163,5,4,"asymmetricP2"
"Figure_5_2","Delaware",6,99,164,7,4,"asymmetricP2"
"Figure_5_2","Alabama",1,99,166,11,4,"asymmetricP2"
"Figure_5_2","Indiana",10,99,217,5,4,"typeIc"
"Figure_5_2","Wyoming",39,99,217,5,4,"typeIc"
"Figure_5_2","Missouri",18,99,218,7,4,"typeIc"
"Figure_5_2","Rhode Island",29,99,218,7,4,"typeIc"
"Figure_5_2","West Virginia",37,99,218,7,4,"typeIc"
"Figure_5_2","Montana",19,99,220,11,4,"typeIc"
"Figure_5_2","Pennsylvania",28,99,220,11,4,"typeIc"
"Figure_5_2","Nebraska",20,99,325,5,4,"mori2006"
"Figure_5_2","New Mexico",23,99,326,7,4,"mori2006"
"Figure_5_2","New Hampshire",22,99,327,9,4,"mori2006"
"Figure_5_2","Connecticut",5,99,330,15,4,"mori2006"
"Figure_5_2","Kentucky",13,99,330,15,4,"mori2006"
"Figure_5_2","Nevada",21,99,331,17,4,"mori2006"
"Figure_5_2","Louisiana",14,99,332,19,4,"mori2006"
"Figure_5_2","Virginia",36,99,333,21,4,"mori2006"
"Figure_5_3","Australia",20,10,1,5,4,"symmetricP1"
"Figure_5_3","France",6,10,1,5,4,"symmetricP1"
"Figure_5_3","Austria",3,10,100,5,9,"symmetricP2"
"Figure_5_3","UK",2,10,102,9,9,"symmetricP2"
"Figure_5_3","Japan",14,10,104,13,9,"symmetricP2"
"Figure_5_3","Norway",10,10,107,19,9,"symmetricP2"
"Figure_5_3","Switzerland",12,10,110,7,4,"asymmetricP1"
"Figure_5_3","USA",1,10,163,5,4,"asymmetricP2"
"Figure_5_3","Belgium",4,10,165,9,4,"asymmetricP2"
"Figure_5_3","Portugal",18,10,165,9,4,"asymmetricP2"
"Figure_5_3","Denmark",5,10,166,11,4,"asymmetricP2"
"Figure_5_3","Spain",19,10,166,11,4,"asymmetricP2"
"Figure_5_3","Italy",8,10,219,9,4,"typeIc"
"Figure_5_3","New Zealand",21,10,219,9,4,"typeIc"
"Figure_5_3","Greece",16,10,325,5,4,"mori2006"
"Figure_5_3","Austria",3,11,100,5,9,"symmetricP2"
"Figure_5_3","Netherlands",9,11,100,5,9,"symmetricP2"
"Figure_5_3","Japan",14,11,104,13,9,"symmetricP2"
"Figure_5_3","UK",2,11,108,21,9,"symmetricP2"
"Figure_5_3","Switzerland",12,11,110,7,4,"asymmetricP1"
"Figure_5_3","New Zealand",21,11,111,9,4,"asymmetricP1"
"Figure_5_3","USA",1,11,163,5,4,"asymmetricP2"
"Figure_5_3","Portugal",18,11,165,9,4,"asymmetricP2"
"Figure_5_3","Belgium",4,11,166,11,4,"asymmetricP2"
"Figure_5_3","Denmark",5,11,166,11,4,"asymmetricP2"
"Figure_5_3","France",6,11,166,11,4,"asymmetricP2"
"Figure_5_3","Spain",19,11,166,11,4,"asymmetricP2"
"Figure_5_3","Australia",20,11,325,5,4,"mori2006"
"Figure_5_3","Greece",16,11,325,5,4,"mori2006"
"Figure_5_3","Italy",8,11,325,5,4,"mori2006"
"Figure_5_3","Australia",20,12,100,5,9,"symmetricP2"
"Figure_5_3","Austria",3,12,100,5,9,"symmetricP2"
"Figure_5_3","Denmark",5,12,100,5,9,"symmetricP2"
"Figure_5_3","UK",2,12,102,9,9,"symmetricP2"
"Figure_5_3","Norway",10,12,107,19,9,"symmetricP2"
"Figure_5_3","Belgium",4,12,109,5,4,"asymmetricP1"
"Figure_5_3","USA",1,12,163,5,4,"asymmetricP2"
"Figure_5_3","Netherlands",9,12,165,9,4,"asymmetricP2"
"Figure_5_3","Portugal",18,12,165,9,4,"asymmetricP2"
"Figure_5_3","France",6,12,166,11,4,"asymmetricP2"
"Figure_5_3","Spain",19,12,166,11,4,"asymmetricP2"
"Figure_5_3","Japan",14,12,167,13,4,"asymmetricP2"
"Figure_5_3","Italy",8,12,219,9,4,"typeIc"
"Figure_5_3","New Zealand",21,12,219,9,4,"typeIc"
"Figure_5_3","Greece",16,12,325,5,4,"mori2006"
"Figure_5_3","Australia",20,13,1,5,4,"symmetricP1"
"Figure_5_3","Denmark",5,13,100,5,9,"symmetricP2"
"Figure_5_3","France",6,13,100,5,9,"symmetricP2"
"Figure_5_3","UK",2,13,102,9,9,"symmetricP2"
"Figure_5_3","USA",1,13,104,13,9,"symmetricP2"
"Figure_5_3","Norway",10,13,107,19,9,"symmetricP2"
"Figure_5_3","Belgium",4,13,109,5,4,"asymmetricP1"
"Figure_5_3","Switzerland",12,13,163,5,4,"asymmetricP2"
"Figure_5_3","Netherlands",9,13,165,9,4,"asymmetricP2"
"Figure_5_3","Spain",19,13,166,11,4,"asymmetricP2"
"Figure_5_3","Italy",8,13,167,13,4,"asymmetricP2"
"Figure_5_3","Austria",3,13,168,15,4,"asymmetricP2"
"Figure_5_3","Portugal",18,13,168,15,4,"asymmetricP2"
"Figure_5_3","New Zealand",21,13,219,9,4,"typeIc"
"Figure_5_3","Greece",16,13,325,5,4,"mori2006"
"Figure_5_3","Belgium",4,14,101,7,9,"symmetricP2"
"Figure_5_3","Japan",14,14,102,9,9,"symmetricP2"
"Figure_5_3","UK",2,14,102,9,9,"symmetricP2"
"Figure_5_3","Norway",10,14,107,19,9,"symmetricP2"
"Figure_5_3","Spain",19,14,163,5,4,"asymmetricP2"
"Figure_5_3","USA",1,14,163,5,4,"asymmetricP2"
"Figure_5_3","Italy",8,14,164,7,4,"asymmetricP2"
"Figure_5_3","France",6,14,165,9,4,"asymmetricP2"
"Figure_5_3","Portugal",18,14,165,9,4,"asymmetricP2"
"Figure_5_3","Denmark",5,14,166,11,4,"asymmetricP2"
"Figure_5_3","Austria",3,14,168,15,4,"asymmetricP2"
"Figure_5_3","Netherlands",9,14,168,15,4,"asymmetricP2"
"Figure_5_3","New Zealand",21,14,219,9,4,"typeIc"
"Figure_5_3","Australia",20,14,325,5,4,"mori2006"
"Figure_5_3","Switzerland",12,14,326,7,4,"mori2006"
"Figure_5_3","Austria",3,15,100,5,9,"symmetricP2"
"Figure_5_3","Italy",8,15,101,7,9,"symmetricP2"
"Figure_5_3","Norway",10,15,102,9,9,"symmetricP2"
"Figure_5_3","UK",2,15,102,9,9,"symmetricP2"
"Figure_5_3","Belgium",4,15,109,5,4,"asymmetricP1"
"Figure_5_3","Switzerland",12,15,163,5,4,"asymmetricP2"
"Figure_5_3","USA",1,15,163,5,4,"asymmetricP2"
"Figure_5_3","France",6,15,165,9,4,"asymmetricP2"
"Figure_5_3","Netherlands",9,15,165,9,4,"asymmetricP2"
"Figure_5_3","Denmark",5,15,166,11,4,"asymmetricP2"
"Figure_5_3","Japan",14,15,167,13,4,"asymmetricP2"
"Figure_5_3","New Zealand",21,15,219,9,4,"typeIc"
"Figure_5_3","Spain",19,15,220,11,4,"typeIc"
"Figure_5_3","Australia",20,15,325,5,4,"mori2006"
"Figure_5_3","Greece",16,15,325,5,4,"mori2006"
"Figure_5_3","Australia",20,16,1,5,4,"symmetricP1"
"Figure_5_3","Italy",8,16,13,11,5,"symmetricP1"
"Figure_5_3","Japan",14,16,100,5,9,"symmetricP2"
"Figure_5_3","Greece",16,16,101,7,9,"symmetricP2"
"Figure_5_3","UK",2,16,102,9,9,"symmetricP2"
"Figure_5_3","Norway",10,16,107,19,9,"symmetricP2"
"Figure_5_3","Belgium",4,16,110,7,4,"asymmetricP1"
"Figure_5_3","Switzerland",12,16,110,7,4,"asymmetricP1"
"Figure_5_3","USA",1,16,163,5,4,"asymmetricP2"
"Figure_5_3","Netherlands",9,16,164,7,4,"asymmetricP2"
"Figure_5_3","Denmark",5,16,166,11,4,"asymmetricP2"
"Figure_5_3","France",6,16,167,13,4,"asymmetricP2"
"Figure_5_3","Austria",3,16,168,15,4,"asymmetricP2"
"Figure_5_3","Portugal",18,16,168,15,4,"asymmetricP2"
"Figure_5_3","New Zealand",21,16,219,9,4,"typeIc"
"Figure_5_3","France",6,17,1,5,4,"symmetricP1"
"Figure_5_3","New Zealand",21,17,12,9,5,"symmetricP1"
"Figure_5_3","UK",2,17,102,9,9,"symmetricP2"
"Figure_5_3","Japan",14,17,104,13,9,"symmetricP2"
"Figure_5_3","Norway",10,17,107,19,9,"symmetricP2"
"Figure_5_3","Spain",19,17,108,21,9,"symmetricP2"
"Figure_5_3","Switzerland",12,17,109,5,4,"asymmetricP1"
"Figure_5_3","USA",1,17,163,5,4,"asymmetricP2"
"Figure_5_3","Denmark",5,17,165,9,4,"asymmetricP2"
"Figure_5_3","Portugal",18,17,165,9,4,"asymmetricP2"
"Figure_5_3","Belgium",4,17,166,11,4,"asymmetricP2"
"Figure_5_3","Austria",3,17,168,15,4,"asymmetricP2"
"Figure_5_3","Netherlands",9,17,168,15,4,"asymmetricP2"
"Figure_5_3","Italy",8,17,219,9,4,"typeIc"
"Figure_5_3","Greece",16,17,325,5,4,"mori2006"
"Figure_5_3","France",6,18,1,5,4,"symmetricP1"
"Figure_5_3","Austria",3,18,100,5,9,"symmetricP2"
"Figure_5_3","Denmark",5,18,100,5,9,"symmetricP2"
"Figure_5_3","Japan",14,18,100,5,9,"symmetricP2"
"Figure_5_3","UK",2,18,102,9,9,"symmetricP2"
"Figure_5_3","Norway",10,18,107,19,9,"symmetricP2"
"Figure_5_3","Switzerland",12,18,163,5,4,"asymmetricP2"
"Figure_5_3","USA",1,18,163,5,4,"asymmetricP2"
"Figure_5_3","Netherlands",9,18,164,7,4,"asymmetricP2"
"Figure_5_3","Portugal",18,18,165,9,4,"asymmetricP2"
"Figure_5_3","Belgium",4,18,166,11,4,"asymmetricP2"
"Figure_5_3","Greece",16,18,166,11,4,"asymmetricP2"
"Figure_5_3","Spain",19,18,166,11,4,"asymmetricP2"
"Figure_5_3","Italy",8,18,167,13,4,"asymmetricP2"
"Figure_5_3","Australia",20,18,325,5,4,"mori2006"
"Figure_5_3","Austria",3,2,100,5,9,"symmetricP2"
"Figure_5_3","France",6,2,100,5,9,"symmetricP2"
"Figure_5_3","Japan",14,2,104,13,9,"symmetricP2"
"Figure_5_3","Norway",10,2,107,19,9,"symmetricP2"
"Figure_5_3","New Zealand",21,2,111,9,4,"asymmetricP1"
"Figure_5_3","Switzerland",12,2,163,5,4,"asymmetricP2"
"Figure_5_3","UK",2,2,163,5,4,"asymmetricP2"
"Figure_5_3","Belgium",4,2,166,11,4,"asymmetricP2"
"Figure_5_3","Denmark",5,2,166,11,4,"asymmetricP2"
"Figure_5_3","Italy",8,2,167,13,4,"asymmetricP2"
"Figure_5_3","Netherlands",9,2,168,15,4,"asymmetricP2"
"Figure_5_3","Portugal",18,2,168,15,4,"asymmetricP2"
"Figure_5_3","Spain",19,2,171,21,4,"asymmetricP2"
"Figure_5_3","Australia",20,2,325,5,4,"mori2006"
"Figure_5_3","Greece",16,2,325,5,4,"mori2006"
"Figure_5_3","Australia",20,3,1,5,4,"symmetricP1"
"Figure_5_3","Japan",14,3,15,15,5,"symmetricP1"
"Figure_5_3","Austria",3,3,100,5,9,"symmetricP2"
"Figure_5_3","Denmark",5,3,100,5,9,"symmetricP2"
"Figure_5_3","France",6,3,100,5,9,"symmetricP2"
"Figure_5_3","Norway",10,3,104,13,9,"symmetricP2"
"Figure_5_3","Belgium",4,3,109,5,4,"asymmetricP1"
"Figure_5_3","Switzerland",12,3,163,5,4,"asymmetricP2"
"Figure_5_3","USA",1,3,163,5,4,"asymmetricP2"
"Figure_5_3","Portugal",18,3,165,9,4,"asymmetricP2"
"Figure_5_3","Spain",19,3,166,11,4,"asymmetricP2"
"Figure_5_3","Italy",8,3,167,13,4,"asymmetricP2"
"Figure_5_3","Netherlands",9,3,168,15,4,"asymmetricP2"
"Figure_5_3","New Zealand",21,3,219,9,4,"typeIc"
"Figure_5_3","Greece",16,3,325,5,4,"mori2006"
"Figure_5_3","Australia",20,4,1,5,4,"symmetricP1"
"Figure_5_3","New Zealand",21,4,12,9,5,"symmetricP1"
"Figure_5_3","UK",2,4,102,9,9,"symmetricP2"
"Figure_5_3","Japan",14,4,104,13,9,"symmetricP2"
"Figure_5_3","Norway",10,4,107,19,9,"symmetricP2"
"Figure_5_3","Switzerland",12,4,110,7,4,"asymmetricP1"
"Figure_5_3","USA",1,4,163,5,4,"asymmetricP2"
"Figure_5_3","France",6,4,165,9,4,"asymmetricP2"
"Figure_5_3","Portugal",18,4,165,9,4,"asymmetricP2"
"Figure_5_3","Belgium",4,4,166,11,4,"asymmetricP2"
"Figure_5_3","Denmark",5,4,166,11,4,"asymmetricP2"
"Figure_5_3","Spain",19,4,166,11,4,"asymmetricP2"
"Figure_5_3","Italy",8,4,167,13,4,"asymmetricP2"
"Figure_5_3","Netherlands",9,4,168,15,4,"asymmetricP2"
"Figure_5_3","Greece",16,4,325,5,4,"mori2006"
"Figure_5_3","France",6,5,1,5,4,"symmetricP1"
"Figure_5_3","UK",2,5,102,9,9,"symmetricP2"
"Figure_5_3","Austria",3,5,104,13,9,"symmetricP2"
"Figure_5_3","Japan",14,5,104,13,9,"symmetricP2"
"Figure_5_3","Norway",10,5,107,19,9,"symmetricP2"
"Figure_5_3","Switzerland",12,5,163,5,4,"asymmetricP2"
"Figure_5_3","USA",1,5,163,5,4,"asymmetricP2"
"Figure_5_3","Denmark",5,5,166,11,4,"asymmetricP2"
"Figure_5_3","Italy",8,5,166,11,4,"asymmetricP2"
"Figure_5_3","Spain",19,5,171,21,4,"asymmetricP2"
"Figure_5_3","Netherlands",9,5,217,5,4,"typeIc"
"Figure_5_3","New Zealand",21,5,219,9,4,"typeIc"
"Figure_5_3","Australia",20,5,325,5,4,"mori2006"
"Figure_5_3","Greece",16,5,325,5,4,"mori2006"
"Figure_5_3","Portugal",18,5,331,17,4,"mori2006"
"Figure_5_3","Greece",16,6,101,7,9,"symmetricP2"
"Figure_5_3","UK",2,6,102,9,9,"symmetricP2"
"Figure_5_3","Norway",10,6,107,19,9,"symmetricP2"
"Figure_5_3","Belgium",4,6,109,5,4,"asymmetricP1"
"Figure_5_3","Switzerland",12,6,110,7,4,"asymmetricP1"
"Figure_5_3","USA",1,6,163,5,4,"asymmetricP2"
"Figure_5_3","Austria",3,6,165,9,4,"asymmetricP2"
"Figure_5_3","Portugal",18,6,165,9,4,"asymmetricP2"
"Figure_5_3","Spain",19,6,166,11,4,"asymmetricP2"
"Figure_5_3","Italy",8,6,167,13,4,"asymmetricP2"
"Figure_5_3","Japan",14,6,167,13,4,"asymmetricP2"
"Figure_5_3","Netherlands",9,6,168,15,4,"asymmetricP2"
"Figure_5_3","New Zealand",21,6,223,17,4,"typeIc"
"Figure_5_3","Australia",20,6,325,5,4,"mori2006"
"Figure_5_3","France",6,6,328,11,4,"mori2006"
"Figure_5_3","Australia",20,7,1,5,4,"symmetricP1"
"Figure_5_3","Austria",3,7,100,5,9,"symmetricP2"
"Figure_5_3","Japan",14,7,102,9,9,"symmetricP2"
"Figure_5_3","UK",2,7,102,9,9,"symmetricP2"
"Figure_5_3","Norway",10,7,107,19,9,"symmetricP2"
"Figure_5_3","Switzerland",12,7,163,5,4,"asymmetricP2"
"Figure_5_3","Portugal",18,7,165,9,4,"asymmetricP2"
"Figure_5_3","Belgium",4,7,166,11,4,"asymmetricP2"
"Figure_5_3","Denmark",5,7,166,11,4,"asymmetricP2"
"Figure_5_3","Spain",19,7,166,11,4,"asymmetricP2"
"Figure_5_3","Italy",8,7,167,13,4,"asymmetricP2"
"Figure_5_3","USA",1,7,167,13,4,"asymmetricP2"
"Figure_5_3","Netherlands",9,7,168,15,4,"asymmetricP2"
"Figure_5_3","New Zealand",21,7,219,9,4,"typeIc"
"Figure_5_3","Greece",16,7,325,5,4,"mori2006"
"Figure_5_3","France",6,8,1,5,4,"symmetricP1"
"Figure_5_3","Japan",14,8,13,11,5,"symmetricP1"
"Figure_5_3","UK",2,8,102,9,9,"symmetricP2"
"Figure_5_3","Austria",3,8,104,13,9,"symmetricP2"
"Figure_5_3","Norway",10,8,107,19,9,"symmetricP2"
"Figure_5_3","Switzerland",12,8,163,5,4,"asymmetricP2"
"Figure_5_3","USA",1,8,163,5,4,"asymmetricP2"
"Figure_5_3","Portugal",18,8,165,9,4,"asymmetricP2"
"Figure_5_3","Belgium",4,8,166,11,4,"asymmetricP2"
"Figure_5_3","Denmark",5,8,166,11,4,"asymmetricP2"
"Figure_5_3","Netherlands",9,8,168,15,4,"asymmetricP2"
"Figure_5_3","Spain",19,8,171,21,4,"asymmetricP2"
"Figure_5_3","Italy",8,8,219,9,4,"typeIc"
"Figure_5_3","New Zealand",21,8,219,9,4,"typeIc"
"Figure_5_3","Australia",20,8,325,5,4,"mori2006"
"Figure_5_3","Greece",16,8,325,5,4,"mori2006"
"Figure_5_3","Australia",20,9,1,5,4,"symmetricP1"
"Figure_5_3","France",6,9,1,5,4,"symmetricP1"
"Figure_5_3","UK",2,9,102,9,9,"symmetricP2"
"Figure_5_3","Norway",10,9,107,19,9,"symmetricP2"
"Figure_5_3","Spain",19,9,109,5,4,"asymmetricP1"
"Figure_5_3","Switzerland",12,9,163,5,4,"asymmetricP2"
"Figure_5_3","USA",1,9,163,5,4,"asymmetricP2"
"Figure_5_3","Portugal",18,9,165,9,4,"asymmetricP2"
"Figure_5_3","Belgium",4,9,166,11,4,"asymmetricP2"
"Figure_5_3","Denmark",5,9,166,11,4,"asymmetricP2"
"Figure_5_3","Japan",14,9,167,13,4,"asymmetricP2"
"Figure_5_3","Austria",3,9,168,15,4,"asymmetricP2"
"Figure_5_3","Netherlands",9,9,168,15,4,"asymmetricP2"
"Figure_5_3","New Zealand",21,9,219,9,4,"typeIc"
"Figure_5_3","Greece",16,9,325,5,4,"mori2006"
"Figure_5_3","Belgium",4,100,101,7,9,"symmetricP2"
"Figure_5_3","Greece",16,100,101,7,9,"symmetricP2"
"Figure_5_3","Norway",10,100,107,19,9,"symmetricP2"
"Figure_5_3","UK",2,100,108,21,9,"symmetricP2"
"Figure_5_3","Switzerland",12,100,110,7,4,"asymmetricP1"
"Figure_5_3","Japan",14,100,111,9,4,"asymmetricP1"
"Figure_5_3","USA",1,100,163,5,4,"asymmetricP2"
"Figure_5_3","Netherlands",9,100,165,9,4,"asymmetricP2"
"Figure_5_3","Denmark",5,100,166,11,4,"asymmetricP2"
"Figure_5_3","France",6,100,167,13,4,"asymmetricP2"
"Figure_5_3","Austria",3,100,168,15,4,"asymmetricP2"
"Figure_5_3","Portugal",18,100,168,15,4,"asymmetricP2"
"Figure_5_3","New Zealand",21,100,219,9,4,"typeIc"
"Figure_5_3","Australia",20,100,325,5,4,"mori2006"
"Figure_5_3","France",6,101,1,5,4,"symmetricP1"
"Figure_5_3","New Zealand",21,101,12,9,5,"symmetricP1"
"Figure_5_3","UK",2,101,102,9,9,"symmetricP2"
"Figure_5_3","Norway",10,101,107,19,9,"symmetricP2"
"Figure_5_3","Belgium",4,101,109,5,4,"asymmetricP1"
"Figure_5_3","Switzerland",12,101,109,5,4,"asymmetricP1"
"Figure_5_3","USA",1,101,110,7,4,"asymmetricP1"
"Figure_5_3","Spain",19,101,163,5,4,"asymmetricP2"
"Figure_5_3","Denmark",5,101,165,9,4,"asymmetricP2"
"Figure_5_3","Portugal",18,101,165,9,4,"asymmetricP2"
"Figure_5_3","Austria",3,101,168,15,4,"asymmetricP2"
"Figure_5_3","Netherlands",9,101,168,15,4,"asymmetricP2"
"Figure_5_3","Japan",14,101,222,15,4,"typeIc"
"Figure_5_3","Greece",16,101,325,5,4,"mori2006"
"Figure_5_3","Australia",20,102,1,5,4,"symmetricP1"
"Figure_5_3","Denmark",5,102,100,5,9,"symmetricP2"
"Figure_5_3","France",6,102,100,5,9,"symmetricP2"
"Figure_5_3","Netherlands",9,102,100,5,9,"symmetricP2"
"Figure_5_3","UK",2,102,102,9,9,"symmetricP2"
"Figure_5_3","Japan",14,102,103,11,9,"symmetricP2"
"Figure_5_3","Norway",10,102,107,19,9,"symmetricP2"
"Figure_5_3","Switzerland",12,102,163,5,4,"asymmetricP2"
"Figure_5_3","USA",1,102,163,5,4,"asymmetricP2"
"Figure_5_3","Portugal",18,102,165,9,4,"asymmetricP2"
"Figure_5_3","Belgium",4,102,166,11,4,"asymmetricP2"
"Figure_5_3","Greece",16,102,166,11,4,"asymmetricP2"
"Figure_5_3","Spain",19,102,166,11,4,"asymmetricP2"
"Figure_5_3","Austria",3,102,168,15,4,"asymmetricP2"
"Figure_5_3","Australia",20,103,1,5,4,"symmetricP1"
"Figure_5_3","France",6,103,100,5,9,"symmetricP2"
"Figure_5_3","Japan",14,103,104,13,9,"symmetricP2"
"Figure_5_3","Spain",19,103,108,21,9,"symmetricP2"
"Figure_5_3","Switzerland",12,103,163,5,4,"asymmetricP2"
"Figure_5_3","UK",2,103,163,5,4,"asymmetricP2"
"Figure_5_3","USA",1,103,163,5,4,"asymmetricP2"
"Figure_5_3","Belgium",4,103,165,9,4,"asymmetricP2"
"Figure_5_3","Portugal",18,103,165,9,4,"asymmetricP2"
"Figure_5_3","Denmark",5,103,166,11,4,"asymmetricP2"
"Figure_5_3","Austria",3,103,170,19,4,"asymmetricP2"
"Figure_5_3","New Zealand",21,103,219,9,4,"typeIc"
"Figure_5_3","Greece",16,103,325,5,4,"mori2006"
"Figure_5_3","Italy",8,103,325,5,4,"mori2006"
"Figure_5_3","France",6,104,1,5,4,"symmetricP1"
"Figure_5_3","Australia",20,104,100,5,9,"symmetricP2"
"Figure_5_3","Norway",10,104,107,19,9,"symmetricP2"
"Figure_5_3","Austria",3,104,110,7,4,"asymmetricP1"
"Figure_5_3","USA",1,104,163,5,4,"asymmetricP2"
"Figure_5_3","Belgium",4,104,165,9,4,"asymmetricP2"
"Figure_5_3","Portugal",18,104,165,9,4,"asymmetricP2"
"Figure_5_3","Denmark",5,104,166,11,4,"asymmetricP2"
"Figure_5_3","Spain",19,104,166,11,4,"asymmetricP2"
"Figure_5_3","Italy",8,104,167,13,4,"asymmetricP2"
"Figure_5_3","Japan",14,104,167,13,4,"asymmetricP2"
"Figure_5_3","UK",2,104,218,7,4,"typeIc"
"Figure_5_3","New Zealand",21,104,219,9,4,"typeIc"
"Figure_5_3","Greece",16,104,325,5,4,"mori2006"
"Figure_5_3","Australia",20,105,1,5,4,"symmetricP1"
"Figure_5_3","France",6,105,100,5,9,"symmetricP2"
"Figure_5_3","Greece",16,105,101,7,9,"symmetricP2"
"Figure_5_3","UK",2,105,102,9,9,"symmetricP2"
"Figure_5_3","USA",1,105,102,9,9,"symmetricP2"
"Figure_5_3","Norway",10,105,107,19,9,"symmetricP2"
"Figure_5_3","Switzerland",12,105,109,5,4,"asymmetricP1"
"Figure_5_3","Portugal",18,105,165,9,4,"asymmetricP2"
"Figure_5_3","Denmark",5,105,166,11,4,"asymmetricP2"
"Figure_5_3","Spain",19,105,166,11,4,"asymmetricP2"
"Figure_5_3","Italy",8,105,167,13,4,"asymmetricP2"
"Figure_5_3","New Zealand",21,105,219,9,4,"typeIc"
"Figure_5_3","Belgium",4,105,325,5,4,"mori2006"
"Figure_5_3","Austria",3,105,331,17,4,"mori2006"
"Figure_5_3","France",6,106,1,5,4,"symmetricP1"
"Figure_5_3","Japan",14,106,13,11,5,"symmetricP1"
"Figure_5_3","Austria",3,106,104,13,9,"symmetricP2"
"Figure_5_3","Norway",10,106,107,19,9,"symmetricP2"
"Figure_5_3","UK",2,106,110,7,4,"asymmetricP1"
"Figure_5_3","Switzerland",12,106,163,5,4,"asymmetricP2"
"Figure_5_3","USA",1,106,163,5,4,"asymmetricP2"
"Figure_5_3","Belgium",4,106,165,9,4,"asymmetricP2"
"Figure_5_3","Portugal",18,106,165,9,4,"asymmetricP2"
"Figure_5_3","Denmark",5,106,166,11,4,"asymmetricP2"
"Figure_5_3","Spain",19,106,166,11,4,"asymmetricP2"
"Figure_5_3","Italy",8,106,167,13,4,"asymmetricP2"
"Figure_5_3","New Zealand",21,106,219,9,4,"typeIc"
"Figure_5_3","Australia",20,106,325,5,4,"mori2006"
"Figure_5_3","Japan",14,107,15,15,5,"symmetricP1"
"Figure_5_3","Austria",3,107,100,5,9,"symmetricP2"
"Figure_5_3","Norway",10,107,102,9,9,"symmetricP2"
"Figure_5_3","UK",2,107,102,9,9,"symmetricP2"
"Figure_5_3","Switzerland",12,107,163,5,4,"asymmetricP2"
"Figure_5_3","USA",1,107,163,5,4,"asymmetricP2"
"Figure_5_3","Belgium",4,107,165,9,4,"asymmetricP2"
"Figure_5_3","France",6,107,165,9,4,"asymmetricP2"
"Figure_5_3","Denmark",5,107,166,11,4,"asymmetricP2"
"Figure_5_3","Italy",8,107,167,13,4,"asymmetricP2"
"Figure_5_3","New Zealand",21,107,219,9,4,"typeIc"
"Figure_5_3","Spain",19,107,220,11,4,"typeIc"
"Figure_5_3","Australia",20,107,325,5,4,"mori2006"
"Figure_5_3","Greece",16,107,325,5,4,"mori2006"
"Figure_5_3","Australia",20,108,1,5,4,"symmetricP1"
"Figure_5_3","Italy",8,108,13,11,5,"symmetricP1"
"Figure_5_3","Denmark",5,108,100,5,9,"symmetricP2"
"Figure_5_3","Greece",16,108,101,7,9,"symmetricP2"
"Figure_5_3","UK",2,108,102,9,9,"symmetricP2"
"Figure_5_3","Norway",10,108,107,19,9,"symmetricP2"
"Figure_5_3","France",6,108,109,5,4,"asymmetricP1"
"Figure_5_3","Switzerland",12,108,163,5,4,"asymmetricP2"
"Figure_5_3","USA",1,108,163,5,4,"asymmetricP2"
"Figure_5_3","Japan",14,108,165,9,4,"asymmetricP2"
"Figure_5_3","Austria",3,108,167,13,4,"asymmetricP2"
"Figure_5_3","Portugal",18,108,168,15,4,"asymmetricP2"
"Figure_5_3","New Zealand",21,108,219,9,4,"typeIc"
"Figure_5_3","Belgium",4,108,325,5,4,"mori2006"
"Figure_5_3","France",6,109,1,5,4,"symmetricP1"
"Figure_5_3","New Zealand",21,109,12,9,5,"symmetricP1"
"Figure_5_3","Austria",3,109,100,5,9,"symmetricP2"
"Figure_5_3","UK",2,109,102,9,9,"symmetricP2"
"Figure_5_3","Norway",10,109,107,19,9,"symmetricP2"
"Figure_5_3","Switzerland",12,109,109,5,4,"asymmetricP1"
"Figure_5_3","USA",1,109,163,5,4,"asymmetricP2"
"Figure_5_3","Belgium",4,109,165,9,4,"asymmetricP2"
"Figure_5_3","Portugal",18,109,165,9,4,"asymmetricP2"
"Figure_5_3","Denmark",5,109,166,11,4,"asymmetricP2"
"Figure_5_3","Japan",14,109,167,13,4,"asymmetricP2"
"Figure_5_3","Italy",8,109,168,15,4,"asymmetricP2"
"Figure_5_3","Spain",19,109,171,21,4,"asymmetricP2"
"Figure_5_3","Greece",16,109,325,5,4,"mori2006"
"Figure_5_3","Australia",20,110,1,5,4,"symmetricP1"
"Figure_5_3","France",6,110,1,5,4,"symmetricP1"
"Figure_5_3","Austria",3,110,100,5,9,"symmetricP2"
"Figure_5_3","Denmark",5,110,100,5,9,"symmetricP2"
"Figure_5_3","UK",2,110,102,9,9,"symmetricP2"
"Figure_5_3","Japan",14,110,104,13,9,"symmetricP2"
"Figure_5_3","Norway",10,110,107,19,9,"symmetricP2"
"Figure_5_3","Spain",19,110,108,21,9,"symmetricP2"
"Figure_5_3","Switzerland",12,110,163,5,4,"asymmetricP2"
"Figure_5_3","USA",1,110,163,5,4,"asymmetricP2"
"Figure_5_3","Belgium",4,110,165,9,4,"asymmetricP2"
"Figure_5_3","Greece",16,110,166,11,4,"asymmetricP2"
"Figure_5_3","Italy",8,110,168,15,4,"asymmetricP2"
"Figure_5_3","Portugal",18,110,219,9,4,"typeIc"
"Figure_5_3","Australia",20,111,100,5,9,"symmetricP2"
"Figure_5_3","Austria",3,111,100,5,9,"symmetricP2"
"Figure_5_3","Japan",14,111,104,13,9,"symmetricP2"
"Figure_5_3","Spain",19,111,108,21,9,"symmetricP2"
"Figure_5_3","UK",2,111,163,5,4,"asymmetricP2"
"Figure_5_3","USA",1,111,163,5,4,"asymmetricP2"
"Figure_5_3","Portugal",18,111,165,9,4,"asymmetricP2"
"Figure_5_3","Belgium",4,111,166,11,4,"asymmetricP2"
"Figure_5_3","Denmark",5,111,166,11,4,"asymmetricP2"
"Figure_5_3","France",6,111,166,11,4,"asymmetricP2"
"Figure_5_3","Netherlands",9,111,168,15,4,"asymmetricP2"
"Figure_5_3","New Zealand",21,111,219,9,4,"typeIc"
"Figure_5_3","Greece",16,111,325,5,4,"mori2006"
"Figure_5_3","Italy",8,111,325,5,4,"mori2006"
"Figure_5_3","France",6,112,1,5,4,"symmetricP1"
"Figure_5_3","Australia",20,112,100,5,9,"symmetricP2"
"Figure_5_3","Netherlands",9,112,101,7,9,"symmetricP2"
"Figure_5_3","UK",2,112,102,9,9,"symmetricP2"
"Figure_5_3","USA",1,112,104,13,9,"symmetricP2"
"Figure_5_3","Switzerland",12,112,109,5,4,"asymmetricP1"
"Figure_5_3","Italy",8,112,112,11,4,"asymmetricP1"
"Figure_5_3","Belgium",4,112,166,11,4,"asymmetricP2"
"Figure_5_3","Denmark",5,112,166,11,4,"asymmetricP2"
"Figure_5_3","Spain",19,112,166,11,4,"asymmetricP2"
"Figure_5_3","Portugal",18,112,168,15,4,"asymmetricP2"
"Figure_5_3","Austria",3,112,171,21,4,"asymmetricP2"
"Figure_5_3","New Zealand",21,112,219,9,4,"typeIc"
"Figure_5_3","Greece",16,112,325,5,4,"mori2006"
"Figure_5_3","Austria",3,113,100,5,9,"symmetricP2"
"Figure_5_3","USA",1,113,104,13,9,"symmetricP2"
"Figure_5_3","Spain",19,113,108,21,9,"symmetricP2"
"Figure_5_3","Belgium",4,113,109,5,4,"asymmetricP1"
"Figure_5_3","Switzerland",12,113,110,7,4,"asymmetricP1"
"Figure_5_3","Italy",8,113,112,11,4,"asymmetricP1"
"Figure_5_3","UK",2,113,163,5,4,"asymmetricP2"
"Figure_5_3","Netherlands",9,113,164,7,4,"asymmetricP2"
"Figure_5_3","France",6,113,165,9,4,"asymmetricP2"
"Figure_5_3","Portugal",18,113,165,9,4,"asymmetricP2"
"Figure_5_3","Denmark",5,113,166,11,4,"asymmetricP2"
"Figure_5_3","Japan",14,113,167,13,4,"asymmetricP2"
"Figure_5_3","New Zealand",21,113,219,9,4,"typeIc"
"Figure_5_3","Australia",20,113,325,5,4,"mori2006"
"Figure_5_3","Australia",20,114,100,5,9,"symmetricP2"
"Figure_5_3","Austria",3,114,100,5,9,"symmetricP2"
"Figure_5_3","Netherlands",9,114,101,7,9,"symmetricP2"
"Figure_5_3","Denmark",5,114,103,11,9,"symmetricP2"
"Figure_5_3","Switzerland",12,114,110,7,4,"asymmetricP1"
"Figure_5_3","UK",2,114,163,5,4,"asymmetricP2"
"Figure_5_3","USA",1,114,163,5,4,"asymmetricP2"
"Figure_5_3","France",6,114,165,9,4,"asymmetricP2"
"Figure_5_3","Belgium",4,114,166,11,4,"asymmetricP2"
"Figure_5_3","Italy",8,114,167,13,4,"asymmetricP2"
"Figure_5_3","Japan",14,114,167,13,4,"asymmetricP2"
"Figure_5_3","New Zealand",21,114,219,9,4,"typeIc"
"Figure_5_3","Spain",19,114,220,11,4,"typeIc"
"Figure_5_3","Greece",16,114,325,5,4,"mori2006"
"Figure_5_3","Austria",3,115,100,5,9,"symmetricP2"
"Figure_5_3","Greece",16,115,101,7,9,"symmetricP2"
"Figure_5_3","UK",2,115,102,9,9,"symmetricP2"
"Figure_5_3","France",6,115,109,5,4,"asymmetricP1"
"Figure_5_3","Belgium",4,115,110,7,4,"asymmetricP1"
"Figure_5_3","Switzerland",12,115,110,7,4,"asymmetricP1"
"Figure_5_3","USA",1,115,163,5,4,"asymmetricP2"
"Figure_5_3","Denmark",5,115,166,11,4,"asymmetricP2"
"Figure_5_3","Italy",8,115,167,13,4,"asymmetricP2"
"Figure_5_3","Netherlands",9,115,168,15,4,"asymmetricP2"
"Figure_5_3","Portugal",18,115,168,15,4,"asymmetricP2"
"Figure_5_3","Japan",14,115,170,19,4,"asymmetricP2"
"Figure_5_3","New Zealand",21,115,219,9,4,"typeIc"
"Figure_5_3","Australia",20,115,325,5,4,"mori2006"
"Figure_5_3","Austria",3,116,100,5,9,"symmetricP2"
"Figure_5_3","France",6,116,100,5,9,"symmetricP2"
"Figure_5_3","UK",2,116,102,9,9,"symmetricP2"
"Figure_5_3","Spain",19,116,108,21,9,"symmetricP2"
"Figure_5_3","Switzerland",12,116,109,5,4,"asymmetricP1"
"Figure_5_3","USA",1,116,110,7,4,"asymmetricP1"
"Figure_5_3","New Zealand",21,116,111,9,4,"asymmetricP1"
"Figure_5_3","Denmark",5,116,165,9,4,"asymmetricP2"
"Figure_5_3","Portugal",18,116,165,9,4,"asymmetricP2"
"Figure_5_3","Belgium",4,116,166,11,4,"asymmetricP2"
"Figure_5_3","Japan",14,116,167,13,4,"asymmetricP2"
"Figure_5_3","Netherlands",9,116,168,15,4,"asymmetricP2"
"Figure_5_3","Greece",16,116,325,5,4,"mori2006"
"Figure_5_3","Italy",8,116,325,5,4,"mori2006"
"Figure_5_3","France",6,117,1,5,4,"symmetricP1"
"Figure_5_3","Austria",3,117,100,5,9,"symmetricP2"
"Figure_5_3","Denmark",5,117,100,5,9,"symmetricP2"
"Figure_5_3","Italy",8,117,101,7,9,"symmetricP2"
"Figure_5_3","UK",2,117,102,9,9,"symmetricP2"
"Figure_5_3","Japan",14,117,104,13,9,"symmetricP2"
"Figure_5_3","Spain",19,117,108,21,9,"symmetricP2"
"Figure_5_3","Switzerland",12,117,110,7,4,"asymmetricP1"
"Figure_5_3","USA",1,117,163,5,4,"asymmetricP2"
"Figure_5_3","Netherlands",9,117,164,7,4,"asymmetricP2"
"Figure_5_3","Belgium",4,117,166,11,4,"asymmetricP2"
"Figure_5_3","Greece",16,117,166,11,4,"asymmetricP2"
"Figure_5_3","Portugal",18,117,219,9,4,"typeIc"
"Figure_5_3","Australia",20,117,325,5,4,"mori2006"
"Figure_5_3","Australia",20,118,1,5,4,"symmetricP1"
"Figure_5_3","Denmark",5,118,100,5,9,"symmetricP2"
"Figure_5_3","Netherlands",9,118,101,7,9,"symmetricP2"
"Figure_5_3","UK",2,118,102,9,9,"symmetricP2"
"Figure_5_3","Norway",10,118,107,19,9,"symmetricP2"
"Figure_5_3","Belgium",4,118,109,5,4,"asymmetricP1"
"Figure_5_3","USA",1,118,163,5,4,"asymmetricP2"
"Figure_5_3","France",6,118,165,9,4,"asymmetricP2"
"Figure_5_3","Portugal",18,118,165,9,4,"asymmetricP2"
"Figure_5_3","Spain",19,118,166,11,4,"asymmetricP2"
"Figure_5_3","Italy",8,118,167,13,4,"asymmetricP2"
"Figure_5_3","Austria",3,118,168,15,4,"asymmetricP2"
"Figure_5_3","New Zealand",21,118,219,9,4,"typeIc"
"Figure_5_3","Greece",16,118,325,5,4,"mori2006"
"Figure_5_3","Netherlands",9,19,14,13,5,"symmetricP1"
"Figure_5_3","France",6,19,100,5,9,"symmetricP2"
"Figure_5_3","Japan",14,19,100,5,9,"symmetricP2"
"Figure_5_3","Spain",19,19,100,5,9,"symmetricP2"
"Figure_5_3","Greece",16,19,101,7,9,"symmetricP2"
"Figure_5_3","Belgium",4,19,103,11,9,"symmetricP2"
"Figure_5_3","Norway",10,19,104,13,9,"symmetricP2"
"Figure_5_3","Switzerland",12,19,163,5,4,"asymmetricP2"
"Figure_5_3","Denmark",5,19,165,9,4,"asymmetricP2"
"Figure_5_3","Italy",8,19,166,11,4,"asymmetricP2"
"Figure_5_3","Austria",3,19,168,15,4,"asymmetricP2"
"Figure_5_3","Portugal",18,19,171,21,4,"asymmetricP2"
"Figure_5_3","Australia",20,19,325,5,4,"mori2006"
"Figure_5_3","New Zealand",21,19,328,11,4,"mori2006"
"Figure_5_3","France",6,20,100,5,9,"symmetricP2"
"Figure_5_3","Greece",16,20,101,7,9,"symmetricP2"
"Figure_5_3","Japan",14,20,104,13,9,"symmetricP2"
"Figure_5_3","Norway",10,20,107,19,9,"symmetricP2"
"Figure_5_3","Spain",19,20,108,21,9,"symmetricP2"
"Figure_5_3","New Zealand",21,20,111,9,4,"asymmetricP1"
"Figure_5_3","Netherlands",9,20,113,13,4,"asymmetricP1"
"Figure_5_3","Switzerland",12,20,163,5,4,"asymmetricP2"
"Figure_5_3","Belgium",4,20,166,11,4,"asymmetricP2"
"Figure_5_3","Denmark",5,20,166,11,4,"asymmetricP2"
"Figure_5_3","Italy",8,20,167,13,4,"asymmetricP2"
"Figure_5_3","Portugal",18,20,171,21,4,"asymmetricP2"
"Figure_5_3","UK",2,20,218,7,4,"typeIc"
"Figure_5_3","Australia",20,20,325,5,4,"mori2006"
"Figure_5_3","New Zealand",21,21,12,9,5,"symmetricP1"
"Figure_5_3","Austria",3,21,100,5,9,"symmetricP2"
"Figure_5_3","France",6,21,100,5,9,"symmetricP2"
"Figure_5_3","Greece",16,21,101,7,9,"symmetricP2"
"Figure_5_3","Japan",14,21,104,13,9,"symmetricP2"
"Figure_5_3","Norway",10,21,107,19,9,"symmetricP2"
"Figure_5_3","Denmark",5,21,116,19,4,"asymmetricP1"
"Figure_5_3","Switzerland",12,21,163,5,4,"asymmetricP2"
"Figure_5_3","Spain",19,21,164,7,4,"asymmetricP2"
"Figure_5_3","Italy",8,21,167,13,4,"asymmetricP2"
"Figure_5_3","Netherlands",9,21,217,5,4,"typeIc"
"Figure_5_3","UK",2,21,218,7,4,"typeIc"
"Figure_5_3","Australia",20,21,325,5,4,"mori2006"
"Figure_5_3","Portugal",18,21,331,17,4,"mori2006"
"Figure_5_3","New Zealand",21,22,15,15,5,"symmetricP1"
"Figure_5_3","Austria",3,22,100,5,9,"symmetricP2"
"Figure_5_3","Greece",16,22,100,5,9,"symmetricP2"
"Figure_5_3","Japan",14,22,104,13,9,"symmetricP2"
"Figure_5_3","Norway",10,22,107,19,9,"symmetricP2"
"Figure_5_3","Switzerland",12,22,110,7,4,"asymmetricP1"
"Figure_5_3","France",6,22,163,5,4,"asymmetricP2"
"Figure_5_3","UK",2,22,163,5,4,"asymmetricP2"
"Figure_5_3","Belgium",4,22,166,11,4,"asymmetricP2"
"Figure_5_3","Italy",8,22,168,15,4,"asymmetricP2"
"Figure_5_3","Netherlands",9,22,168,15,4,"asymmetricP2"
"Figure_5_3","Portugal",18,22,168,15,4,"asymmetricP2"
"Figure_5_3","Spain",19,22,171,21,4,"asymmetricP2"
"Figure_5_3","Australia",20,22,325,5,4,"mori2006"
"Figure_5_3","Austria",3,23,100,5,9,"symmetricP2"
"Figure_5_3","Greece",16,23,101,7,9,"symmetricP2"
"Figure_5_3","Belgium",4,23,103,11,9,"symmetricP2"
"Figure_5_3","Norway",10,23,107,19,9,"symmetricP2"
"Figure_5_3","Japan",14,23,109,5,4,"asymmetricP1"
"Figure_5_3","Switzerland",12,23,109,5,4,"asymmetricP1"
"Figure_5_3","UK",2,23,109,5,4,"asymmetricP1"
"Figure_5_3","New Zealand",21,23,111,9,4,"asymmetricP1"
"Figure_5_3","Denmark",5,23,166,11,4,"asymmetricP2"
"Figure_5_3","Italy",8,23,167,13,4,"asymmetricP2"
"Figure_5_3","Netherlands",9,23,168,15,4,"asymmetricP2"
"Figure_5_3","Portugal",18,23,168,15,4,"asymmetricP2"
"Figure_5_3","Spain",19,23,171,21,4,"asymmetricP2"
"Figure_5_3","Australia",20,23,325,5,4,"mori2006"
"Figure_5_3","New Zealand",21,24,13,11,5,"symmetricP1"
"Figure_5_3","Austria",3,24,100,5,9,"symmetricP2"
"Figure_5_3","France",6,24,100,5,9,"symmetricP2"
"Figure_5_3","Greece",16,24,101,7,9,"symmetricP2"
"Figure_5_3","Norway",10,24,107,19,9,"symmetricP2"
"Figure_5_3","Belgium",4,24,109,5,4,"asymmetricP1"
"Figure_5_3","Spain",19,24,163,5,4,"asymmetricP2"
"Figure_5_3","Switzerland",12,24,163,5,4,"asymmetricP2"
"Figure_5_3","UK",2,24,163,5,4,"asymmetricP2"
"Figure_5_3","Denmark",5,24,166,11,4,"asymmetricP2"
"Figure_5_3","Netherlands",9,24,168,15,4,"asymmetricP2"
"Figure_5_3","Portugal",18,24,168,15,4,"asymmetricP2"
"Figure_5_3","Japan",14,24,222,15,4,"typeIc"
"Figure_5_3","Australia",20,24,325,5,4,"mori2006"
"Figure_5_3","Australia",20,25,1,5,4,"symmetricP1"
"Figure_5_3","Austria",3,25,100,5,9,"symmetricP2"
"Figure_5_3","France",6,25,100,5,9,"symmetricP2"
"Figure_5_3","Denmark",5,25,102,9,9,"symmetricP2"
"Figure_5_3","Japan",14,25,104,13,9,"symmetricP2"
"Figure_5_3","Norway",10,25,107,19,9,"symmetricP2"
"Figure_5_3","New Zealand",21,25,111,9,4,"asymmetricP1"
"Figure_5_3","Switzerland",12,25,163,5,4,"asymmetricP2"
"Figure_5_3","UK",2,25,163,5,4,"asymmetricP2"
"Figure_5_3","Belgium",4,25,165,9,4,"asymmetricP2"
"Figure_5_3","Italy",8,25,168,15,4,"asymmetricP2"
"Figure_5_3","Portugal",18,25,168,15,4,"asymmetricP2"
"Figure_5_3","Spain",19,25,171,21,4,"asymmetricP2"
"Figure_5_3","Greece",16,25,325,5,4,"mori2006"
"Figure_5_3","Austria",3,26,100,5,9,"symmetricP2"
"Figure_5_3","France",6,26,100,5,9,"symmetricP2"
"Figure_5_3","Italy",8,26,100,5,9,"symmetricP2"
"Figure_5_3","Greece",16,26,101,7,9,"symmetricP2"
"Figure_5_3","Japan",14,26,104,13,9,"symmetricP2"
"Figure_5_3","Spain",19,26,108,21,9,"symmetricP2"
"Figure_5_3","New Zealand",21,26,111,9,4,"asymmetricP1"
"Figure_5_3","Switzerland",12,26,163,5,4,"asymmetricP2"
"Figure_5_3","UK",2,26,163,5,4,"asymmetricP2"
"Figure_5_3","Belgium",4,26,166,11,4,"asymmetricP2"
"Figure_5_3","Denmark",5,26,166,11,4,"asymmetricP2"
"Figure_5_3","Netherlands",9,26,168,15,4,"asymmetricP2"
"Figure_5_3","Portugal",18,26,219,9,4,"typeIc"
"Figure_5_3","Australia",20,26,325,5,4,"mori2006"
"Figure_5_3","Australia",20,27,1,5,4,"symmetricP1"
"Figure_5_3","Austria",3,27,100,5,9,"symmetricP2"
"Figure_5_3","Denmark",5,27,102,9,9,"symmetricP2"
"Figure_5_3","Norway",10,27,107,19,9,"symmetricP2"
"Figure_5_3","Spain",19,27,163,5,4,"asymmetricP2"
"Figure_5_3","UK",2,27,163,5,4,"asymmetricP2"
"Figure_5_3","Belgium",4,27,166,11,4,"asymmetricP2"
"Figure_5_3","France",6,27,166,11,4,"asymmetricP2"
"Figure_5_3","Italy",8,27,167,13,4,"asymmetricP2"
"Figure_5_3","Japan",14,27,167,13,4,"asymmetricP2"
"Figure_5_3","Netherlands",9,27,168,15,4,"asymmetricP2"
"Figure_5_3","Portugal",18,27,168,15,4,"asymmetricP2"
"Figure_5_3","New Zealand",21,27,219,9,4,"typeIc"
"Figure_5_3","Greece",16,27,325,5,4,"mori2006"
"Figure_5_3","New Zealand",21,28,13,11,5,"symmetricP1"
"Figure_5_3","Netherlands",9,28,14,13,5,"symmetricP1"
"Figure_5_3","France",6,28,100,5,9,"symmetricP2"
"Figure_5_3","Greece",16,28,101,7,9,"symmetricP2"
"Figure_5_3","Norway",10,28,107,19,9,"symmetricP2"
"Figure_5_3","Belgium",4,28,109,5,4,"asymmetricP1"
"Figure_5_3","Switzerland",12,28,163,5,4,"asymmetricP2"
"Figure_5_3","UK",2,28,163,5,4,"asymmetricP2"
"Figure_5_3","Denmark",5,28,166,11,4,"asymmetricP2"
"Figure_5_3","Italy",8,28,167,13,4,"asymmetricP2"
"Figure_5_3","Austria",3,28,168,15,4,"asymmetricP2"
"Figure_5_3","Portugal",18,28,168,15,4,"asymmetricP2"
"Figure_5_3","Spain",19,28,171,21,4,"asymmetricP2"
"Figure_5_3","Australia",20,28,325,5,4,"mori2006"
"Figure_5_3","Australia",20,29,1,5,4,"symmetricP1"
"Figure_5_3","Austria",3,29,100,5,9,"symmetricP2"
"Figure_5_3","France",6,29,100,5,9,"symmetricP2"
"Figure_5_3","Japan",14,29,104,13,9,"symmetricP2"
"Figure_5_3","Norway",10,29,107,19,9,"symmetricP2"
"Figure_5_3","Belgium",4,29,109,5,4,"asymmetricP1"
"Figure_5_3","New Zealand",21,29,111,9,4,"asymmetricP1"
"Figure_5_3","Switzerland",12,29,163,5,4,"asymmetricP2"
"Figure_5_3","UK",2,29,163,5,4,"asymmetricP2"
"Figure_5_3","Italy",8,29,164,7,4,"asymmetricP2"
"Figure_5_3","Spain",19,29,164,7,4,"asymmetricP2"
"Figure_5_3","Denmark",5,29,166,11,4,"asymmetricP2"
"Figure_5_3","Netherlands",9,29,168,15,4,"asymmetricP2"
"Figure_5_3","Portugal",18,29,168,15,4,"asymmetricP2"
"Figure_5_3","Austria",3,30,100,5,9,"symmetricP2"
"Figure_5_3","Italy",8,30,100,5,9,"symmetricP2"
"Figure_5_3","Norway",10,30,102,9,9,"symmetricP2"
"Figure_5_3","Belgium",4,30,109,5,4,"asymmetricP1"
"Figure_5_3","New Zealand",21,30,111,9,4,"asymmetricP1"
"Figure_5_3","Switzerland",12,30,163,5,4,"asymmetricP2"
"Figure_5_3","France",6,30,165,9,4,"asymmetricP2"
"Figure_5_3","Denmark",5,30,166,11,4,"asymmetricP2"
"Figure_5_3","Japan",14,30,167,13,4,"asymmetricP2"
"Figure_5_3","Netherlands",9,30,168,15,4,"asymmetricP2"
"Figure_5_3","UK",2,30,218,7,4,"typeIc"
"Figure_5_3","Spain",19,30,220,11,4,"typeIc"
"Figure_5_3","Australia",20,30,325,5,4,"mori2006"
"Figure_5_3","Greece",16,30,325,5,4,"mori2006"
"Figure_5_3","New Zealand",21,31,13,11,5,"symmetricP1"
"Figure_5_3","Austria",3,31,100,5,9,"symmetricP2"
"Figure_5_3","Greece",16,31,101,7,9,"symmetricP2"
"Figure_5_3","Denmark",5,31,102,9,9,"symmetricP2"
"Figure_5_3","Norway",10,31,107,19,9,"symmetricP2"
"Figure_5_3","UK",2,31,108,21,9,"symmetricP2"
"Figure_5_3","Belgium",4,31,110,7,4,"asymmetricP1"
"Figure_5_3","Japan",14,31,113,13,4,"asymmetricP1"
"Figure_5_3","Switzerland",12,31,163,5,4,"asymmetricP2"
"Figure_5_3","France",6,31,167,13,4,"asymmetricP2"
"Figure_5_3","Netherlands",9,31,168,15,4,"asymmetricP2"
"Figure_5_3","Portugal",18,31,168,15,4,"asymmetricP2"
"Figure_5_3","Australia",20,31,325,5,4,"mori2006"
"Figure_5_3","Italy",8,31,332,19,4,"mori2006"
"Figure_5_3","New Zealand",21,32,12,9,5,"symmetricP1"
"Figure_5_3","Austria",3,32,100,5,9,"symmetricP2"
"Figure_5_3","France",6,32,100,5,9,"symmetricP2"
"Figure_5_3","Greece",16,32,101,7,9,"symmetricP2"
"Figure_5_3","Denmark",5,32,102,9,9,"symmetricP2"
"Figure_5_3","Norway",10,32,107,19,9,"symmetricP2"
"Figure_5_3","Switzerland",12,32,109,5,4,"asymmetricP1"
"Figure_5_3","Belgium",4,32,166,11,4,"asymmetricP2"
"Figure_5_3","Japan",14,32,167,13,4,"asymmetricP2"
"Figure_5_3","Netherlands",9,32,168,15,4,"asymmetricP2"
"Figure_5_3","Portugal",18,32,168,15,4,"asymmetricP2"
"Figure_5_3","Spain",19,32,171,21,4,"asymmetricP2"
"Figure_5_3","UK",2,32,218,7,4,"typeIc"
"Figure_5_3","Italy",8,32,325,5,4,"mori2006"
"Figure_5_3","Australia",20,33,1,5,4,"symmetricP1"
"Figure_5_3","Austria",3,33,100,5,9,"symmetricP2"
"Figure_5_3","France",6,33,100,5,9,"symmetricP2"
"Figure_5_3","Denmark",5,33,104,13,9,"symmetricP2"
"Figure_5_3","Norway",10,33,107,19,9,"symmetricP2"
"Figure_5_3","Spain",19,33,108,21,9,"symmetricP2"
"Figure_5_3","Japan",14,33,109,5,4,"asymmetricP1"
"Figure_5_3","Switzerland",12,33,163,5,4,"asymmetricP2"
"Figure_5_3","UK",2,33,163,5,4,"asymmetricP2"
"Figure_5_3","Belgium",4,33,166,11,4,"asymmetricP2"
"Figure_5_3","Italy",8,33,167,13,4,"asymmetricP2"
"Figure_5_3","Netherlands",9,33,168,15,4,"asymmetricP2"
"Figure_5_3","Portugal",18,33,168,15,4,"asymmetricP2"
"Figure_5_3","Greece",16,33,330,15,4,"mori2006"
"Figure_5_3","France",6,34,1,5,4,"symmetricP1"
"Figure_5_3","New Zealand",21,34,12,9,5,"symmetricP1"
"Figure_5_3","Japan",14,34,15,15,5,"symmetricP1"
"Figure_5_3","Belgium",4,34,103,11,9,"symmetricP2"
"Figure_5_3","Norway",10,34,104,13,9,"symmetricP2"
"Figure_5_3","Switzerland",12,34,163,5,4,"asymmetricP2"
"Figure_5_3","USA",1,34,163,5,4,"asymmetricP2"
"Figure_5_3","Portugal",18,34,165,9,4,"asymmetricP2"
"Figure_5_3","Denmark",5,34,166,11,4,"asymmetricP2"
"Figure_5_3","Spain",19,34,166,11,4,"asymmetricP2"
"Figure_5_3","Italy",8,34,167,13,4,"asymmetricP2"
"Figure_5_3","Netherlands",9,34,168,15,4,"asymmetricP2"
"Figure_5_3","Australia",20,34,325,5,4,"mori2006"
"Figure_5_3","Greece",16,34,325,5,4,"mori2006"
"Figure_5_3","Australia",20,35,1,5,4,"symmetricP1"
"Figure_5_3","New Zealand",21,35,12,9,5,"symmetricP1"
"Figure_5_3","Denmark",5,35,100,5,9,"symmetricP2"
"Figure_5_3","France",6,35,100,5,9,"symmetricP2"
"Figure_5_3","Netherlands",9,35,100,5,9,"symmetricP2"
"Figure_5_3","Spain",19,35,100,5,9,"symmetricP2"
"Figure_5_3","Japan",14,35,103,11,9,"symmetricP2"
"Figure_5_3","Norway",10,35,104,13,9,"symmetricP2"
"Figure_5_3","Switzerland",12,35,163,5,4,"asymmetricP2"
"Figure_5_3","USA",1,35,163,5,4,"asymmetricP2"
"Figure_5_3","Italy",8,35,167,13,4,"asymmetricP2"
"Figure_5_3","Austria",3,35,168,15,4,"asymmetricP2"
"Figure_5_3","Portugal",18,35,223,17,4,"typeIc"
"Figure_5_3","Greece",16,35,325,5,4,"mori2006"
"Figure_5_3","Australia",20,36,1,5,4,"symmetricP1"
"Figure_5_3","Japan",14,36,1,5,4,"symmetricP1"
"Figure_5_3","Greece",16,36,101,7,9,"symmetricP2"
"Figure_5_3","Belgium",4,36,103,11,9,"symmetricP2"
"Figure_5_3","Norway",10,36,104,13,9,"symmetricP2"
"Figure_5_3","Switzerland",12,36,110,7,4,"asymmetricP1"
"Figure_5_3","USA",1,36,164,7,4,"asymmetricP2"
"Figure_5_3","Austria",3,36,165,9,4,"asymmetricP2"
"Figure_5_3","Portugal",18,36,165,9,4,"asymmetricP2"
"Figure_5_3","Spain",19,36,166,11,4,"asymmetricP2"
"Figure_5_3","Italy",8,36,167,13,4,"asymmetricP2"
"Figure_5_3","Netherlands",9,36,168,15,4,"asymmetricP2"
"Figure_5_3","New Zealand",21,36,223,17,4,"typeIc"
"Figure_5_3","France",6,36,328,11,4,"mori2006"
"Figure_5_3","Norway",10,37,104,13,9,"symmetricP2"
"Figure_5_3","Japan",14,37,109,5,4,"asymmetricP1"
"Figure_5_3","Switzerland",12,37,163,5,4,"asymmetricP2"
"Figure_5_3","USA",1,37,163,5,4,"asymmetricP2"
"Figure_5_3","Portugal",18,37,165,9,4,"asymmetricP2"
"Figure_5_3","Belgium",4,37,166,11,4,"asymmetricP2"
"Figure_5_3","Denmark",5,37,166,11,4,"asymmetricP2"
"Figure_5_3","Spain",19,37,166,11,4,"asymmetricP2"
"Figure_5_3","Italy",8,37,167,13,4,"asymmetricP2"
"Figure_5_3","Austria",3,37,168,15,4,"asymmetricP2"
"Figure_5_3","Netherlands",9,37,168,15,4,"asymmetricP2"
"Figure_5_3","New Zealand",21,37,219,9,4,"typeIc"
"Figure_5_3","Australia",20,37,325,5,4,"mori2006"
"Figure_5_3","Greece",16,37,325,5,4,"mori2006"
"Figure_5_3","Australia",20,38,1,5,4,"symmetricP1"
"Figure_5_3","France",6,38,100,5,9,"symmetricP2"
"Figure_5_3","Switzerland",12,38,100,5,9,"symmetricP2"
"Figure_5_3","Netherlands",9,38,101,7,9,"symmetricP2"
"Figure_5_3","Norway",10,38,104,13,9,"symmetricP2"
"Figure_5_3","Spain",19,38,108,21,9,"symmetricP2"
"Figure_5_3","Belgium",4,38,109,5,4,"asymmetricP1"
"Figure_5_3","Japan",14,38,109,5,4,"asymmetricP1"
"Figure_5_3","USA",1,38,163,5,4,"asymmetricP2"
"Figure_5_3","Portugal",18,38,165,9,4,"asymmetricP2"
"Figure_5_3","Denmark",5,38,166,11,4,"asymmetricP2"
"Figure_5_3","Austria",3,38,168,15,4,"asymmetricP2"
"Figure_5_3","New Zealand",21,38,220,11,4,"typeIc"
"Figure_5_3","Greece",16,38,325,5,4,"mori2006"
"Figure_5_3","Australia",20,39,1,5,4,"symmetricP1"
"Figure_5_3","Austria",3,39,100,5,9,"symmetricP2"
"Figure_5_3","Denmark",5,39,100,5,9,"symmetricP2"
"Figure_5_3","France",6,39,100,5,9,"symmetricP2"
"Figure_5_3","Japan",14,39,102,9,9,"symmetricP2"
"Figure_5_3","Norway",10,39,104,13,9,"symmetricP2"
"Figure_5_3","Switzerland",12,39,110,7,4,"asymmetricP1"
"Figure_5_3","Belgium",4,39,111,9,4,"asymmetricP1"
"Figure_5_3","New Zealand",21,39,111,9,4,"asymmetricP1"
"Figure_5_3","USA",1,39,163,5,4,"asymmetricP2"
"Figure_5_3","Portugal",18,39,165,9,4,"asymmetricP2"
"Figure_5_3","Spain",19,39,166,11,4,"asymmetricP2"
"Figure_5_3","Italy",8,39,167,13,4,"asymmetricP2"
"Figure_5_3","Greece",16,39,325,5,4,"mori2006"
"Figure_5_3","Italy",8,40,1,5,4,"symmetricP1"
"Figure_5_3","Australia",20,40,100,5,9,"symmetricP2"
"Figure_5_3","Austria",3,40,100,5,9,"symmetricP2"
"Figure_5_3","France",6,40,100,5,9,"symmetricP2"
"Figure_5_3","Spain",19,40,108,21,9,"symmetricP2"
"Figure_5_3","USA",1,40,163,5,4,"asymmetricP2"
"Figure_5_3","Netherlands",9,40,164,7,4,"asymmetricP2"
"Figure_5_3","Belgium",4,40,166,11,4,"asymmetricP2"
"Figure_5_3","Denmark",5,40,166,11,4,"asymmetricP2"
"Figure_5_3","Portugal",18,40,168,15,4,"asymmetricP2"
"Figure_5_3","Switzerland",12,40,217,5,4,"typeIc"
"Figure_5_3","New Zealand",21,40,219,9,4,"typeIc"
"Figure_5_3","Japan",14,40,222,15,4,"typeIc"
"Figure_5_3","Greece",16,40,325,5,4,"mori2006"
"Figure_5_3","Australia",20,41,100,5,9,"symmetricP2"
"Figure_5_3","Denmark",5,41,100,5,9,"symmetricP2"
"Figure_5_3","Austria",3,41,104,13,9,"symmetricP2"
"Figure_5_3","Norway",10,41,104,13,9,"symmetricP2"
"Figure_5_3","Belgium",4,41,109,5,4,"asymmetricP1"
"Figure_5_3","New Zealand",21,41,111,9,4,"asymmetricP1"
"Figure_5_3","USA",1,41,163,5,4,"asymmetricP2"
"Figure_5_3","Portugal",18,41,165,9,4,"asymmetricP2"
"Figure_5_3","France",6,41,166,11,4,"asymmetricP2"
"Figure_5_3","Spain",19,41,166,11,4,"asymmetricP2"
"Figure_5_3","Italy",8,41,167,13,4,"asymmetricP2"
"Figure_5_3","Netherlands",9,41,168,15,4,"asymmetricP2"
"Figure_5_3","Japan",14,41,219,9,4,"typeIc"
"Figure_5_3","Greece",16,41,325,5,4,"mori2006"
"Figure_5_3","Australia",20,42,1,5,4,"symmetricP1"
"Figure_5_3","France",6,42,100,5,9,"symmetricP2"
"Figure_5_3","Belgium",4,42,103,11,9,"symmetricP2"
"Figure_5_3","Norway",10,42,104,13,9,"symmetricP2"
"Figure_5_3","New Zealand",21,42,111,9,4,"asymmetricP1"
"Figure_5_3","Switzerland",12,42,163,5,4,"asymmetricP2"
"Figure_5_3","USA",1,42,163,5,4,"asymmetricP2"
"Figure_5_3","Italy",8,42,164,7,4,"asymmetricP2"
"Figure_5_3","Portugal",18,42,165,9,4,"asymmetricP2"
"Figure_5_3","Denmark",5,42,166,11,4,"asymmetricP2"
"Figure_5_3","Austria",3,42,168,15,4,"asymmetricP2"
"Figure_5_3","Netherlands",9,42,168,15,4,"asymmetricP2"
"Figure_5_3","Spain",19,42,171,21,4,"asymmetricP2"
"Figure_5_3","Greece",16,42,325,5,4,"mori2006"
"Figure_5_3","Norway",10,43,104,13,9,"symmetricP2"
"Figure_5_3","Denmark",5,43,106,17,9,"symmetricP2"
"Figure_5_3","Japan",14,43,109,5,4,"asymmetricP1"
"Figure_5_3","Portugal",18,43,117,21,4,"asymmetricP1"
"Figure_5_3","Switzerland",12,43,163,5,4,"asymmetricP2"
"Figure_5_3","USA",1,43,163,5,4,"asymmetricP2"
"Figure_5_3","Belgium",4,43,164,7,4,"asymmetricP2"
"Figure_5_3","Italy",8,43,164,7,4,"asymmetricP2"
"Figure_5_3","Austria",3,43,166,11,4,"asymmetricP2"
"Figure_5_3","France",6,43,166,11,4,"asymmetricP2"
"Figure_5_3","Spain",19,43,166,11,4,"asymmetricP2"
"Figure_5_3","Netherlands",9,43,168,15,4,"asymmetricP2"
"Figure_5_3","New Zealand",21,43,219,9,4,"typeIc"
"Figure_5_3","Australia",20,43,325,5,4,"mori2006"
"Figure_5_3","Australia",20,44,1,5,4,"symmetricP1"
"Figure_5_3","Japan",14,44,15,15,5,"symmetricP1"
"Figure_5_3","Austria",3,44,100,5,9,"symmetricP2"
"Figure_5_3","Norway",10,44,104,13,9,"symmetricP2"
"Figure_5_3","Switzerland",12,44,163,5,4,"asymmetricP2"
"Figure_5_3","USA",1,44,163,5,4,"asymmetricP2"
"Figure_5_3","France",6,44,165,9,4,"asymmetricP2"
"Figure_5_3","Belgium",4,44,166,11,4,"asymmetricP2"
"Figure_5_3","Denmark",5,44,166,11,4,"asymmetricP2"
"Figure_5_3","Netherlands",9,44,168,15,4,"asymmetricP2"
"Figure_5_3","Spain",19,44,171,21,4,"asymmetricP2"
"Figure_5_3","New Zealand",21,44,220,11,4,"typeIc"
"Figure_5_3","Greece",16,44,325,5,4,"mori2006"
"Figure_5_3","Italy",8,44,325,5,4,"mori2006"
"Figure_5_3","Australia",20,45,1,5,4,"symmetricP1"
"Figure_5_3","Portugal",18,45,11,7,5,"symmetricP1"
"Figure_5_3","Greece",16,45,101,7,9,"symmetricP2"
"Figure_5_3","Belgium",4,45,103,11,9,"symmetricP2"
"Figure_5_3","Norway",10,45,104,13,9,"symmetricP2"
"Figure_5_3","Japan",14,45,109,5,4,"asymmetricP1"
"Figure_5_3","New Zealand",21,45,111,9,4,"asymmetricP1"
"Figure_5_3","Switzerland",12,45,163,5,4,"asymmetricP2"
"Figure_5_3","USA",1,45,163,5,4,"asymmetricP2"
"Figure_5_3","Netherlands",9,45,164,7,4,"asymmetricP2"
"Figure_5_3","Denmark",5,45,166,11,4,"asymmetricP2"
"Figure_5_3","France",6,45,166,11,4,"asymmetricP2"
"Figure_5_3","Austria",3,45,168,15,4,"asymmetricP2"
"Figure_5_3","Italy",8,45,325,5,4,"mori2006"
"Figure_5_3","France",6,46,1,5,4,"symmetricP1"
"Figure_5_3","New Zealand",21,46,12,9,5,"symmetricP1"
"Figure_5_3","Belgium",4,46,103,11,9,"symmetricP2"
"Figure_5_3","Austria",3,46,104,13,9,"symmetricP2"
"Figure_5_3","Switzerland",12,46,109,5,4,"asymmetricP1"
"Figure_5_3","USA",1,46,163,5,4,"asymmetricP2"
"Figure_5_3","Netherlands",9,46,164,7,4,"asymmetricP2"
"Figure_5_3","Norway",10,46,165,9,4,"asymmetricP2"
"Figure_5_3","Portugal",18,46,165,9,4,"asymmetricP2"
"Figure_5_3","Denmark",5,46,166,11,4,"asymmetricP2"
"Figure_5_3","Spain",19,46,166,11,4,"asymmetricP2"
"Figure_5_3","Italy",8,46,167,13,4,"asymmetricP2"
"Figure_5_3","Japan",14,46,222,15,4,"typeIc"
"Figure_5_3","Greece",16,46,325,5,4,"mori2006"
"Figure_5_3","France",6,47,1,5,4,"symmetricP1"
"Figure_5_3","Japan",14,47,1,5,4,"symmetricP1"
"Figure_5_3","Denmark",5,47,100,5,9,"symmetricP2"
"Figure_5_3","Norway",10,47,104,13,9,"symmetricP2"
"Figure_5_3","Austria",3,47,107,19,9,"symmetricP2"
"Figure_5_3","Switzerland",12,47,163,5,4,"asymmetricP2"
"Figure_5_3","USA",1,47,163,5,4,"asymmetricP2"
"Figure_5_3","Belgium",4,47,166,11,4,"asymmetricP2"
"Figure_5_3","Greece",16,47,166,11,4,"asymmetricP2"
"Figure_5_3","Italy",8,47,167,13,4,"asymmetricP2"
"Figure_5_3","Netherlands",9,47,168,15,4,"asymmetricP2"
"Figure_5_3","Spain",19,47,171,21,4,"asymmetricP2"
"Figure_5_3","Portugal",18,47,219,9,4,"typeIc"
"Figure_5_3","Australia",20,47,325,5,4,"mori2006"
"Figure_5_3","France",6,48,1,5,4,"symmetricP1"
"Figure_5_3","New Zealand",21,48,12,9,5,"symmetricP1"
"Figure_5_3","UK",2,48,102,9,9,"symmetricP2"
"Figure_5_3","Denmark",5,48,103,11,9,"symmetricP2"
"Figure_5_3","Switzerland",12,48,110,7,4,"asymmetricP1"
"Figure_5_3","USA",1,48,163,5,4,"asymmetricP2"
"Figure_5_3","Spain",19,48,166,11,4,"asymmetricP2"
"Figure_5_3","Japan",14,48,167,13,4,"asymmetricP2"
"Figure_5_3","Italy",8,48,168,15,4,"asymmetricP2"
"Figure_5_3","Norway",10,48,170,19,4,"asymmetricP2"
"Figure_5_3","Netherlands",9,48,217,5,4,"typeIc"
"Figure_5_3","Australia",20,48,325,5,4,"mori2006"
"Figure_5_3","Greece",16,48,325,5,4,"mori2006"
"Figure_5_3","Portugal",18,48,331,17,4,"mori2006"
"Figure_5_3","USA",1,49,11,7,5,"symmetricP1"
"Figure_5_3","Italy",8,49,100,5,9,"symmetricP2"
"Figure_5_3","Greece",16,49,101,7,9,"symmetricP2"
"Figure_5_3","UK",2,49,102,9,9,"symmetricP2"
"Figure_5_3","Japan",14,49,104,13,9,"symmetricP2"
"Figure_5_3","Norway",10,49,107,19,9,"symmetricP2"
"Figure_5_3","Belgium",4,49,109,5,4,"asymmetricP1"
"Figure_5_3","France",6,49,110,7,4,"asymmetricP1"
"Figure_5_3","Switzerland",12,49,110,7,4,"asymmetricP1"
"Figure_5_3","Portugal",18,49,165,9,4,"asymmetricP2"
"Figure_5_3","Spain",19,49,166,11,4,"asymmetricP2"
"Figure_5_3","Netherlands",9,49,168,15,4,"asymmetricP2"
"Figure_5_3","Australia",20,49,217,5,4,"typeIc"
"Figure_5_3","New Zealand",21,49,223,17,4,"typeIc"
"Figure_5_3","Australia",20,50,1,5,4,"symmetricP1"
"Figure_5_3","New Zealand",21,50,12,9,5,"symmetricP1"
"Figure_5_3","UK",2,50,102,9,9,"symmetricP2"
"Figure_5_3","Norway",10,50,107,19,9,"symmetricP2"
"Figure_5_3","Spain",19,50,109,5,4,"asymmetricP1"
"Figure_5_3","Switzerland",12,50,110,7,4,"asymmetricP1"
"Figure_5_3","Belgium",4,50,166,11,4,"asymmetricP2"
"Figure_5_3","Denmark",5,50,166,11,4,"asymmetricP2"
"Figure_5_3","Italy",8,50,167,13,4,"asymmetricP2"
"Figure_5_3","Japan",14,50,167,13,4,"asymmetricP2"
"Figure_5_3","USA",1,50,167,13,4,"asymmetricP2"
"Figure_5_3","Netherlands",9,50,168,15,4,"asymmetricP2"
"Figure_5_3","Portugal",18,50,168,15,4,"asymmetricP2"
"Figure_5_3","Greece",16,50,218,7,4,"typeIc"
"Figure_5_3","France",6,51,1,5,4,"symmetricP1"
"Figure_5_3","New Zealand",21,51,12,9,5,"symmetricP1"
"Figure_5_3","Japan",14,51,15,15,5,"symmetricP1"
"Figure_5_3","Denmark",5,51,100,5,9,"symmetricP2"
"Figure_5_3","Greece",16,51,101,7,9,"symmetricP2"
"Figure_5_3","UK",2,51,102,9,9,"symmetricP2"
"Figure_5_3","Norway",10,51,107,19,9,"symmetricP2"
"Figure_5_3","Spain",19,51,109,5,4,"asymmetricP1"
"Figure_5_3","Switzerland",12,51,110,7,4,"asymmetricP1"
"Figure_5_3","USA",1,51,163,5,4,"asymmetricP2"
"Figure_5_3","Portugal",18,51,165,9,4,"asymmetricP2"
"Figure_5_3","Belgium",4,51,166,11,4,"asymmetricP2"
"Figure_5_3","Netherlands",9,51,168,15,4,"asymmetricP2"
"Figure_5_3","Australia",20,51,325,5,4,"mori2006"
"Figure_5_3","New Zealand",21,52,12,9,5,"symmetricP1"
"Figure_5_3","Denmark",5,52,100,5,9,"symmetricP2"
"Figure_5_3","France",6,52,100,5,9,"symmetricP2"
"Figure_5_3","Switzerland",12,52,100,5,9,"symmetricP2"
"Figure_5_3","UK",2,52,102,9,9,"symmetricP2"
"Figure_5_3","Norway",10,52,107,19,9,"symmetricP2"
"Figure_5_3","USA",1,52,163,5,4,"asymmetricP2"
"Figure_5_3","Belgium",4,52,165,9,4,"asymmetricP2"
"Figure_5_3","Portugal",18,52,165,9,4,"asymmetricP2"
"Figure_5_3","Spain",19,52,166,11,4,"asymmetricP2"
"Figure_5_3","Japan",14,52,167,13,4,"asymmetricP2"
"Figure_5_3","Italy",8,52,219,9,4,"typeIc"
"Figure_5_3","Australia",20,52,325,5,4,"mori2006"
"Figure_5_3","Greece",16,52,325,5,4,"mori2006"
"Figure_5_3","France",6,53,1,5,4,"symmetricP1"
"Figure_5_3","Italy",8,53,11,7,5,"symmetricP1"
"Figure_5_3","Australia",20,53,100,5,9,"symmetricP2"
"Figure_5_3","UK",2,53,102,9,9,"symmetricP2"
"Figure_5_3","Japan",14,53,104,13,9,"symmetricP2"
"Figure_5_3","Spain",19,53,108,21,9,"symmetricP2"
"Figure_5_3","Belgium",4,53,109,5,4,"asymmetricP1"
"Figure_5_3","Switzerland",12,53,109,5,4,"asymmetricP1"
"Figure_5_3","USA",1,53,163,5,4,"asymmetricP2"
"Figure_5_3","Portugal",18,53,165,9,4,"asymmetricP2"
"Figure_5_3","Denmark",5,53,166,11,4,"asymmetricP2"
"Figure_5_3","Netherlands",9,53,168,15,4,"asymmetricP2"
"Figure_5_3","New Zealand",21,53,219,9,4,"typeIc"
"Figure_5_3","Greece",16,53,325,5,4,"mori2006"
"Figure_5_3","New Zealand",21,54,12,9,5,"symmetricP1"
"Figure_5_3","Australia",20,54,100,5,9,"symmetricP2"
"Figure_5_3","UK",2,54,102,9,9,"symmetricP2"
"Figure_5_3","USA",1,54,104,13,9,"symmetricP2"
"Figure_5_3","Norway",10,54,107,19,9,"symmetricP2"
"Figure_5_3","Portugal",18,54,165,9,4,"asymmetricP2"
"Figure_5_3","Belgium",4,54,166,11,4,"asymmetricP2"
"Figure_5_3","Denmark",5,54,166,11,4,"asymmetricP2"
"Figure_5_3","France",6,54,166,11,4,"asymmetricP2"
"Figure_5_3","Japan",14,54,166,11,4,"asymmetricP2"
"Figure_5_3","Spain",19,54,166,11,4,"asymmetricP2"
"Figure_5_3","Netherlands",9,54,168,15,4,"asymmetricP2"
"Figure_5_3","Italy",8,54,219,9,4,"typeIc"
"Figure_5_3","Greece",16,54,325,5,4,"mori2006"
"Figure_5_3","New Zealand",21,55,12,9,5,"symmetricP1"
"Figure_5_3","France",6,55,100,5,9,"symmetricP2"
"Figure_5_3","UK",2,55,102,9,9,"symmetricP2"
"Figure_5_3","Italy",8,55,104,13,9,"symmetricP2"
"Figure_5_3","Norway",10,55,107,19,9,"symmetricP2"
"Figure_5_3","Belgium",4,55,109,5,4,"asymmetricP1"
"Figure_5_3","Switzerland",12,55,110,7,4,"asymmetricP1"
"Figure_5_3","USA",1,55,163,5,4,"asymmetricP2"
"Figure_5_3","Denmark",5,55,166,11,4,"asymmetricP2"
"Figure_5_3","Spain",19,55,166,11,4,"asymmetricP2"
"Figure_5_3","Netherlands",9,55,168,15,4,"asymmetricP2"
"Figure_5_3","Portugal",18,55,168,15,4,"asymmetricP2"
"Figure_5_3","Australia",20,55,325,5,4,"mori2006"
"Figure_5_3","Greece",16,55,325,5,4,"mori2006"
"Figure_5_3","France",6,56,1,5,4,"symmetricP1"
"Figure_5_3","Italy",8,56,1,5,4,"symmetricP1"
"Figure_5_3","New Zealand",21,56,12,9,5,"symmetricP1"
"Figure_5_3","UK",2,56,102,9,9,"symmetricP2"
"Figure_5_3","Norway",10,56,107,19,9,"symmetricP2"
"Figure_5_3","Switzerland",12,56,110,7,4,"asymmetricP1"
"Figure_5_3","USA",1,56,163,5,4,"asymmetricP2"
"Figure_5_3","Denmark",5,56,165,9,4,"asymmetricP2"
"Figure_5_3","Belgium",4,56,166,11,4,"asymmetricP2"
"Figure_5_3","Spain",19,56,166,11,4,"asymmetricP2"
"Figure_5_3","Japan",14,56,167,13,4,"asymmetricP2"
"Figure_5_3","Netherlands",9,56,168,15,4,"asymmetricP2"
"Figure_5_3","Portugal",18,56,223,17,4,"typeIc"
"Figure_5_3","Australia",20,56,325,5,4,"mori2006"
"Figure_5_3","New Zealand",21,57,12,9,5,"symmetricP1"
"Figure_5_3","Norway",10,57,102,9,9,"symmetricP2"
"Figure_5_3","UK",2,57,102,9,9,"symmetricP2"
"Figure_5_3","Japan",14,57,104,13,9,"symmetricP2"
"Figure_5_3","Belgium",4,57,109,5,4,"asymmetricP1"
"Figure_5_3","Switzerland",12,57,110,7,4,"asymmetricP1"
"Figure_5_3","USA",1,57,163,5,4,"asymmetricP2"
"Figure_5_3","France",6,57,165,9,4,"asymmetricP2"
"Figure_5_3","Denmark",5,57,166,11,4,"asymmetricP2"
"Figure_5_3","Italy",8,57,167,13,4,"asymmetricP2"
"Figure_5_3","Netherlands",9,57,168,15,4,"asymmetricP2"
"Figure_5_3","Australia",20,57,217,5,4,"typeIc"
"Figure_5_3","Spain",19,57,220,11,4,"typeIc"
"Figure_5_3","Greece",16,57,325,5,4,"mori2006"
"Figure_5_3","New Zealand",21,58,12,9,5,"symmetricP1"
"Figure_5_3","Italy",8,58,13,11,5,"symmetricP1"
"Figure_5_3","Belgium",4,58,101,7,9,"symmetricP2"
"Figure_5_3","Greece",16,58,101,7,9,"symmetricP2"
"Figure_5_3","UK",2,58,102,9,9,"symmetricP2"
"Figure_5_3","Norway",10,58,107,19,9,"symmetricP2"
"Figure_5_3","Switzerland",12,58,110,7,4,"asymmetricP1"
"Figure_5_3","USA",1,58,163,5,4,"asymmetricP2"
"Figure_5_3","Denmark",5,58,166,11,4,"asymmetricP2"
"Figure_5_3","France",6,58,166,11,4,"asymmetricP2"
"Figure_5_3","Netherlands",9,58,168,15,4,"asymmetricP2"
"Figure_5_3","Portugal",18,58,168,15,4,"asymmetricP2"
"Figure_5_3","Japan",14,58,219,9,4,"typeIc"
"Figure_5_3","Australia",20,58,325,5,4,"mori2006"
"Figure_5_3","France",6,59,1,5,4,"symmetricP1"
"Figure_5_3","New Zealand",21,59,12,9,5,"symmetricP1"
"Figure_5_3","UK",2,59,102,9,9,"symmetricP2"
"Figure_5_3","Japan",14,59,104,13,9,"symmetricP2"
"Figure_5_3","Norway",10,59,107,19,9,"symmetricP2"
"Figure_5_3","Belgium",4,59,109,5,4,"asymmetricP1"
"Figure_5_3","Switzerland",12,59,110,7,4,"asymmetricP1"
"Figure_5_3","USA",1,59,163,5,4,"asymmetricP2"
"Figure_5_3","Portugal",18,59,165,9,4,"asymmetricP2"
"Figure_5_3","Denmark",5,59,166,11,4,"asymmetricP2"
"Figure_5_3","Spain",19,59,166,11,4,"asymmetricP2"
"Figure_5_3","Italy",8,59,168,15,4,"asymmetricP2"
"Figure_5_3","Netherlands",9,59,168,15,4,"asymmetricP2"
"Figure_5_3","Greece",16,59,325,5,4,"mori2006"
"Figure_5_3","France",6,60,1,5,4,"symmetricP1"
"Figure_5_3","Denmark",5,60,100,5,9,"symmetricP2"
"Figure_5_3","UK",2,60,102,9,9,"symmetricP2"
"Figure_5_3","Japan",14,60,104,13,9,"symmetricP2"
"Figure_5_3","Norway",10,60,107,19,9,"symmetricP2"
"Figure_5_3","Belgium",4,60,109,5,4,"asymmetricP1"
"Figure_5_3","Switzerland",12,60,163,5,4,"asymmetricP2"
"Figure_5_3","USA",1,60,163,5,4,"asymmetricP2"
"Figure_5_3","Greece",16,60,166,11,4,"asymmetricP2"
"Figure_5_3","Netherlands",9,60,168,15,4,"asymmetricP2"
"Figure_5_3","Spain",19,60,171,21,4,"asymmetricP2"
"Figure_5_3","Italy",8,60,219,9,4,"typeIc"
"Figure_5_3","Portugal",18,60,219,9,4,"typeIc"
"Figure_5_3","Australia",20,60,325,5,4,"mori2006"
"Figure_5_3","Greece",16,61,101,7,9,"symmetricP2"
"Figure_5_3","UK",2,61,102,9,9,"symmetricP2"
"Figure_5_3","Norway",10,61,107,19,9,"symmetricP2"
"Figure_5_3","Switzerland",12,61,163,5,4,"asymmetricP2"
"Figure_5_3","USA",1,61,163,5,4,"asymmetricP2"
"Figure_5_3","Austria",3,61,165,9,4,"asymmetricP2"
"Figure_5_3","France",6,61,166,11,4,"asymmetricP2"
"Figure_5_3","Netherlands",9,61,166,11,4,"asymmetricP2"
"Figure_5_3","Spain",19,61,166,11,4,"asymmetricP2"
"Figure_5_3","Japan",14,61,167,13,4,"asymmetricP2"
"Figure_5_3","Italy",8,61,168,15,4,"asymmetricP2"
"Figure_5_3","Australia",20,61,325,5,4,"mori2006"
"Figure_5_3","New Zealand",21,61,328,11,4,"mori2006"
"Figure_5_3","Portugal",18,61,331,17,4,"mori2006"
"Figure_5_3","New Zealand",21,62,12,9,5,"symmetricP1"
"Figure_5_3","Austria",3,62,100,5,9,"symmetricP2"
"Figure_5_3","UK",2,62,102,9,9,"symmetricP2"
"Figure_5_3","Norway",10,62,107,19,9,"symmetricP2"
"Figure_5_3","Switzerland",12,62,163,5,4,"asymmetricP2"
"Figure_5_3","USA",1,62,163,5,4,"asymmetricP2"
"Figure_5_3","Denmark",5,62,166,11,4,"asymmetricP2"
"Figure_5_3","Spain",19,62,166,11,4,"asymmetricP2"
"Figure_5_3","Italy",8,62,167,13,4,"asymmetricP2"
"Figure_5_3","Japan",14,62,167,13,4,"asymmetricP2"
"Figure_5_3","Netherlands",9,62,217,5,4,"typeIc"
"Figure_5_3","Australia",20,62,325,5,4,"mori2006"
"Figure_5_3","Greece",16,62,325,5,4,"mori2006"
"Figure_5_3","Portugal",18,62,331,17,4,"mori2006"
"Figure_5_3","Australia",20,63,1,5,4,"symmetricP1"
"Figure_5_3","France",6,63,1,5,4,"symmetricP1"
"Figure_5_3","New Zealand",21,63,12,9,5,"symmetricP1"
"Figure_5_3","UK",2,63,102,9,9,"symmetricP2"
"Figure_5_3","Japan",14,63,103,11,9,"symmetricP2"
"Figure_5_3","Norway",10,63,107,19,9,"symmetricP2"
"Figure_5_3","Switzerland",12,63,163,5,4,"asymmetricP2"
"Figure_5_3","USA",1,63,163,5,4,"asymmetricP2"
"Figure_5_3","Denmark",5,63,166,11,4,"asymmetricP2"
"Figure_5_3","Spain",19,63,166,11,4,"asymmetricP2"
"Figure_5_3","Austria",3,63,168,15,4,"asymmetricP2"
"Figure_5_3","Netherlands",9,63,217,5,4,"typeIc"
"Figure_5_3","Greece",16,63,325,5,4,"mori2006"
"Figure_5_3","Portugal",18,63,331,17,4,"mori2006"
"Figure_5_3","Australia",20,64,1,5,4,"symmetricP1"
"Figure_5_3","New Zealand",21,64,12,9,5,"symmetricP1"
"Figure_5_3","France",6,64,100,5,9,"symmetricP2"
"Figure_5_3","UK",2,64,102,9,9,"symmetricP2"
"Figure_5_3","Austria",3,64,103,11,9,"symmetricP2"
"Figure_5_3","Norway",10,64,107,19,9,"symmetricP2"
"Figure_5_3","Switzerland",12,64,163,5,4,"asymmetricP2"
"Figure_5_3","USA",1,64,163,5,4,"asymmetricP2"
"Figure_5_3","Portugal",18,64,165,9,4,"asymmetricP2"
"Figure_5_3","Spain",19,64,166,11,4,"asymmetricP2"
"Figure_5_3","Japan",14,64,167,13,4,"asymmetricP2"
"Figure_5_3","Italy",8,64,168,15,4,"asymmetricP2"
"Figure_5_3","Denmark",5,64,171,21,4,"asymmetricP2"
"Figure_5_3","Greece",16,64,325,5,4,"mori2006"
"Figure_5_3","Austria",3,65,100,5,9,"symmetricP2"
"Figure_5_3","Denmark",5,65,100,5,9,"symmetricP2"
"Figure_5_3","Netherlands",9,65,100,5,9,"symmetricP2"
"Figure_5_3","UK",2,65,102,9,9,"symmetricP2"
"Figure_5_3","Japan",14,65,104,13,9,"symmetricP2"
"Figure_5_3","Switzerland",12,65,163,5,4,"asymmetricP2"
"Figure_5_3","USA",1,65,163,5,4,"asymmetricP2"
"Figure_5_3","France",6,65,165,9,4,"asymmetricP2"
"Figure_5_3","Spain",19,65,166,11,4,"asymmetricP2"
"Figure_5_3","New Zealand",21,65,219,9,4,"typeIc"
"Figure_5_3","Australia",20,65,325,5,4,"mori2006"
"Figure_5_3","Greece",16,65,325,5,4,"mori2006"
"Figure_5_3","Italy",8,65,325,5,4,"mori2006"
"Figure_5_3","Portugal",18,65,331,17,4,"mori2006"
"Figure_5_3","Japan",14,66,1,5,4,"symmetricP1"
"Figure_5_3","New Zealand",21,66,12,9,5,"symmetricP1"
"Figure_5_3","Australia",20,66,100,5,9,"symmetricP2"
"Figure_5_3","Italy",8,66,100,5,9,"symmetricP2"
"Figure_5_3","UK",2,66,102,9,9,"symmetricP2"
"Figure_5_3","Norway",10,66,107,19,9,"symmetricP2"
"Figure_5_3","USA",1,66,163,5,4,"asymmetricP2"
"Figure_5_3","Austria",3,66,165,9,4,"asymmetricP2"
"Figure_5_3","Denmark",5,66,165,9,4,"asymmetricP2"
"Figure_5_3","France",6,66,165,9,4,"asymmetricP2"
"Figure_5_3","Netherlands",9,66,165,9,4,"asymmetricP2"
"Figure_5_3","Spain",19,66,166,11,4,"asymmetricP2"
"Figure_5_3","Greece",16,66,325,5,4,"mori2006"
"Figure_5_3","Portugal",18,66,331,17,4,"mori2006"
"Figure_5_3","New Zealand",21,67,12,9,5,"symmetricP1"
"Figure_5_3","France",6,67,100,5,9,"symmetricP2"
"Figure_5_3","UK",2,67,102,9,9,"symmetricP2"
"Figure_5_3","Norway",10,67,107,19,9,"symmetricP2"
"Figure_5_3","Switzerland",12,67,163,5,4,"asymmetricP2"
"Figure_5_3","USA",1,67,163,5,4,"asymmetricP2"
"Figure_5_3","Netherlands",9,67,165,9,4,"asymmetricP2"
"Figure_5_3","Denmark",5,67,166,11,4,"asymmetricP2"
"Figure_5_3","Spain",19,67,166,11,4,"asymmetricP2"
"Figure_5_3","Italy",8,67,167,13,4,"asymmetricP2"
"Figure_5_3","Austria",3,67,168,15,4,"asymmetricP2"
"Figure_5_3","Greece",16,67,218,7,4,"typeIc"
"Figure_5_3","Australia",20,67,325,5,4,"mori2006"
"Figure_5_3","Portugal",18,67,331,17,4,"mori2006"
"Figure_5_3","Italy",8,68,1,5,4,"symmetricP1"
"Figure_5_3","New Zealand",21,68,12,9,5,"symmetricP1"
"Figure_5_3","France",6,68,100,5,9,"symmetricP2"
"Figure_5_3","UK",2,68,102,9,9,"symmetricP2"
"Figure_5_3","Japan",14,68,104,13,9,"symmetricP2"
"Figure_5_3","Norway",10,68,107,19,9,"symmetricP2"
"Figure_5_3","Switzerland",12,68,109,5,4,"asymmetricP1"
"Figure_5_3","USA",1,68,163,5,4,"asymmetricP2"
"Figure_5_3","Denmark",5,68,166,11,4,"asymmetricP2"
"Figure_5_3","Spain",19,68,166,11,4,"asymmetricP2"
"Figure_5_3","Austria",3,68,168,15,4,"asymmetricP2"
"Figure_5_3","Netherlands",9,68,217,5,4,"typeIc"
"Figure_5_3","Australia",20,68,325,5,4,"mori2006"
"Figure_5_3","Portugal",18,68,331,17,4,"mori2006"
"Figure_5_3","New Zealand",21,69,12,9,5,"symmetricP1"
"Figure_5_3","Norway",10,69,102,9,9,"symmetricP2"
"Figure_5_3","UK",2,69,102,9,9,"symmetricP2"
"Figure_5_3","Italy",8,69,163,5,4,"asymmetricP2"
"Figure_5_3","Netherlands",9,69,163,5,4,"asymmetricP2"
"Figure_5_3","Switzerland",12,69,163,5,4,"asymmetricP2"
"Figure_5_3","USA",1,69,163,5,4,"asymmetricP2"
"Figure_5_3","France",6,69,165,9,4,"asymmetricP2"
"Figure_5_3","Denmark",5,69,166,11,4,"asymmetricP2"
"Figure_5_3","Japan",14,69,167,13,4,"asymmetricP2"
"Figure_5_3","Austria",3,69,168,15,4,"asymmetricP2"
"Figure_5_3","Spain",19,69,220,11,4,"typeIc"
"Figure_5_3","Australia",20,69,325,5,4,"mori2006"
"Figure_5_3","Greece",16,69,325,5,4,"mori2006"
"Figure_5_3","New Zealand",21,70,12,9,5,"symmetricP1"
"Figure_5_3","Denmark",5,70,100,5,9,"symmetricP2"
"Figure_5_3","Greece",16,70,100,5,9,"symmetricP2"
"Figure_5_3","Japan",14,70,100,5,9,"symmetricP2"
"Figure_5_3","Italy",8,70,101,7,9,"symmetricP2"
"Figure_5_3","USA",1,70,104,13,9,"symmetricP2"
"Figure_5_3","Norway",10,70,107,19,9,"symmetricP2"
"Figure_5_3","Switzerland",12,70,163,5,4,"asymmetricP2"
"Figure_5_3","Netherlands",9,70,165,9,4,"asymmetricP2"
"Figure_5_3","France",6,70,166,11,4,"asymmetricP2"
"Figure_5_3","Portugal",18,70,168,15,4,"asymmetricP2"
"Figure_5_3","UK",2,70,219,9,4,"typeIc"
"Figure_5_3","Australia",20,70,325,5,4,"mori2006"
"Figure_5_3","Austria",3,70,331,17,4,"mori2006"
"Figure_5_3","France",6,71,1,5,4,"symmetricP1"
"Figure_5_3","New Zealand",21,71,12,9,5,"symmetricP1"
"Figure_5_3","Austria",3,71,100,5,9,"symmetricP2"
"Figure_5_3","UK",2,71,102,9,9,"symmetricP2"
"Figure_5_3","Japan",14,71,104,13,9,"symmetricP2"
"Figure_5_3","Norway",10,71,107,19,9,"symmetricP2"
"Figure_5_3","Switzerland",12,71,109,5,4,"asymmetricP1"
"Figure_5_3","USA",1,71,163,5,4,"asymmetricP2"
"Figure_5_3","Denmark",5,71,165,9,4,"asymmetricP2"
"Figure_5_3","Spain",19,71,166,11,4,"asymmetricP2"
"Figure_5_3","Italy",8,71,168,15,4,"asymmetricP2"
"Figure_5_3","Netherlands",9,71,217,5,4,"typeIc"
"Figure_5_3","Greece",16,71,325,5,4,"mori2006"
"Figure_5_3","Portugal",18,71,331,17,4,"mori2006"
"Figure_5_3","Australia",20,72,1,5,4,"symmetricP1"
"Figure_5_3","France",6,72,1,5,4,"symmetricP1"
"Figure_5_3","Denmark",5,72,100,5,9,"symmetricP2"
"Figure_5_3","UK",2,72,102,9,9,"symmetricP2"
"Figure_5_3","Japan",14,72,104,13,9,"symmetricP2"
"Figure_5_3","Norway",10,72,107,19,9,"symmetricP2"
"Figure_5_3","Spain",19,72,108,21,9,"symmetricP2"
"Figure_5_3","Switzerland",12,72,163,5,4,"asymmetricP2"
"Figure_5_3","USA",1,72,163,5,4,"asymmetricP2"
"Figure_5_3","Greece",16,72,166,11,4,"asymmetricP2"
"Figure_5_3","Austria",3,72,168,15,4,"asymmetricP2"
"Figure_5_3","Italy",8,72,168,15,4,"asymmetricP2"
"Figure_5_3","Netherlands",9,72,217,5,4,"typeIc"
"Figure_5_3","Portugal",18,72,331,17,4,"mori2006"
"Figure_5_3","Greece",16,73,101,7,9,"symmetricP2"
"Figure_5_3","UK",2,73,102,9,9,"symmetricP2"
"Figure_5_3","Belgium",4,73,103,11,9,"symmetricP2"
"Figure_5_3","Japan",14,73,104,13,9,"symmetricP2"
"Figure_5_3","Norway",10,73,107,19,9,"symmetricP2"
"Figure_5_3","Switzerland",12,73,110,7,4,"asymmetricP1"
"Figure_5_3","Austria",3,73,165,9,4,"asymmetricP2"
"Figure_5_3","Portugal",18,73,165,9,4,"asymmetricP2"
"Figure_5_3","Spain",19,73,166,11,4,"asymmetricP2"
"Figure_5_3","Italy",8,73,167,13,4,"asymmetricP2"
"Figure_5_3","USA",1,73,167,13,4,"asymmetricP2"
"Figure_5_3","Netherlands",9,73,168,15,4,"asymmetricP2"
"Figure_5_3","Australia",20,73,325,5,4,"mori2006"
"Figure_5_3","New Zealand",21,73,328,11,4,"mori2006"
"Figure_5_3","Australia",20,74,1,5,4,"symmetricP1"
"Figure_5_3","Japan",14,74,15,15,5,"symmetricP1"
"Figure_5_3","Greece",16,74,101,7,9,"symmetricP2"
"Figure_5_3","UK",2,74,102,9,9,"symmetricP2"
"Figure_5_3","Norway",10,74,107,19,9,"symmetricP2"
"Figure_5_3","France",6,74,111,9,4,"asymmetricP1"
"Figure_5_3","Switzerland",12,74,163,5,4,"asymmetricP2"
"Figure_5_3","USA",1,74,163,5,4,"asymmetricP2"
"Figure_5_3","Austria",3,74,165,9,4,"asymmetricP2"
"Figure_5_3","Portugal",18,74,165,9,4,"asymmetricP2"
"Figure_5_3","Belgium",4,74,166,11,4,"asymmetricP2"
"Figure_5_3","Spain",19,74,166,11,4,"asymmetricP2"
"Figure_5_3","Netherlands",9,74,168,15,4,"asymmetricP2"
"Figure_5_3","New Zealand",21,74,223,17,4,"typeIc"
"Figure_5_3","France",6,75,101,7,9,"symmetricP2"
"Figure_5_3","Greece",16,75,101,7,9,"symmetricP2"
"Figure_5_3","Norway",10,75,107,19,9,"symmetricP2"
"Figure_5_3","Switzerland",12,75,110,7,4,"asymmetricP1"
"Figure_5_3","UK",2,75,110,7,4,"asymmetricP1"
"Figure_5_3","USA",1,75,110,7,4,"asymmetricP1"
"Figure_5_3","Belgium",4,75,164,7,4,"asymmetricP2"
"Figure_5_3","Portugal",18,75,165,9,4,"asymmetricP2"
"Figure_5_3","Spain",19,75,166,11,4,"asymmetricP2"
"Figure_5_3","Austria",3,75,167,13,4,"asymmetricP2"
"Figure_5_3","Japan",14,75,167,13,4,"asymmetricP2"
"Figure_5_3","Italy",8,75,168,15,4,"asymmetricP2"
"Figure_5_3","Australia",20,75,325,5,4,"mori2006"
"Figure_5_3","New Zealand",21,75,328,11,4,"mori2006"
"Figure_5_3","Italy",8,76,11,7,5,"symmetricP1"
"Figure_5_3","Austria",3,76,100,5,9,"symmetricP2"
"Figure_5_3","UK",2,76,102,9,9,"symmetricP2"
"Figure_5_3","Japan",14,76,104,13,9,"symmetricP2"
"Figure_5_3","Spain",19,76,108,21,9,"symmetricP2"
"Figure_5_3","Switzerland",12,76,163,5,4,"asymmetricP2"
"Figure_5_3","USA",1,76,163,5,4,"asymmetricP2"
"Figure_5_3","Portugal",18,76,165,9,4,"asymmetricP2"
"Figure_5_3","Belgium",4,76,166,11,4,"asymmetricP2"
"Figure_5_3","Greece",16,76,167,13,4,"asymmetricP2"
"Figure_5_3","Netherlands",9,76,168,15,4,"asymmetricP2"
"Figure_5_3","New Zealand",21,76,223,17,4,"typeIc"
"Figure_5_3","Australia",20,76,325,5,4,"mori2006"
"Figure_5_3","France",6,76,325,5,4,"mori2006"
"Figure_5_3","France",6,77,1,5,4,"symmetricP1"
"Figure_5_3","New Zealand",21,77,15,15,5,"symmetricP1"
"Figure_5_3","Australia",20,77,100,5,9,"symmetricP2"
"Figure_5_3","Greece",16,77,101,7,9,"symmetricP2"
"Figure_5_3","UK",2,77,102,9,9,"symmetricP2"
"Figure_5_3","Norway",10,77,107,19,9,"symmetricP2"
"Figure_5_3","Belgium",4,77,109,5,4,"asymmetricP1"
"Figure_5_3","USA",1,77,110,7,4,"asymmetricP1"
"Figure_5_3","Portugal",18,77,165,9,4,"asymmetricP2"
"Figure_5_3","Spain",19,77,166,11,4,"asymmetricP2"
"Figure_5_3","Austria",3,77,167,13,4,"asymmetricP2"
"Figure_5_3","Italy",8,77,167,13,4,"asymmetricP2"
"Figure_5_3","Japan",14,77,167,13,4,"asymmetricP2"
"Figure_5_3","Netherlands",9,77,168,15,4,"asymmetricP2"
"Figure_5_3","Australia",20,78,1,5,4,"symmetricP1"
"Figure_5_3","Greece",16,78,101,7,9,"symmetricP2"
"Figure_5_3","UK",2,78,102,9,9,"symmetricP2"
"Figure_5_3","Norway",10,78,107,19,9,"symmetricP2"
"Figure_5_3","Belgium",4,78,109,5,4,"asymmetricP1"
"Figure_5_3","USA",1,78,110,7,4,"asymmetricP1"
"Figure_5_3","Switzerland",12,78,163,5,4,"asymmetricP2"
"Figure_5_3","France",6,78,164,7,4,"asymmetricP2"
"Figure_5_3","Portugal",18,78,165,9,4,"asymmetricP2"
"Figure_5_3","Spain",19,78,166,11,4,"asymmetricP2"
"Figure_5_3","Italy",8,78,167,13,4,"asymmetricP2"
"Figure_5_3","Austria",3,78,168,15,4,"asymmetricP2"
"Figure_5_3","Netherlands",9,78,168,15,4,"asymmetricP2"
"Figure_5_3","New Zealand",21,78,223,17,4,"typeIc"
"Figure_5_3","France",6,79,1,5,4,"symmetricP1"
"Figure_5_3","UK",2,79,102,9,9,"symmetricP2"
"Figure_5_3","Norway",10,79,107,19,9,"symmetricP2"
"Figure_5_3","Belgium",4,79,109,5,4,"asymmetricP1"
"Figure_5_3","USA",1,79,110,7,4,"asymmetricP1"
"Figure_5_3","Switzerland",12,79,163,5,4,"asymmetricP2"
"Figure_5_3","Italy",8,79,164,7,4,"asymmetricP2"
"Figure_5_3","Spain",19,79,166,11,4,"asymmetricP2"
"Figure_5_3","Japan",14,79,167,13,4,"asymmetricP2"
"Figure_5_3","Austria",3,79,168,15,4,"asymmetricP2"
"Figure_5_3","Netherlands",9,79,168,15,4,"asymmetricP2"
"Figure_5_3","Portugal",18,79,171,21,4,"asymmetricP2"
"Figure_5_3","Australia",20,79,325,5,4,"mori2006"
"Figure_5_3","New Zealand",21,79,328,11,4,"mori2006"
"Figure_5_3","Belgium",4,80,100,5,9,"symmetricP2"
"Figure_5_3","Switzerland",12,80,100,5,9,"symmetricP2"
"Figure_5_3","Norway",10,80,102,9,9,"symmetricP2"
"Figure_5_3","UK",2,80,102,9,9,"symmetricP2"
"Figure_5_3","Japan",14,80,104,13,9,"symmetricP2"
"Figure_5_3","USA",1,80,163,5,4,"asymmetricP2"
"Figure_5_3","France",6,80,164,7,4,"asymmetricP2"
"Figure_5_3","Austria",3,80,165,9,4,"asymmetricP2"
"Figure_5_3","Greece",16,80,167,13,4,"asymmetricP2"
"Figure_5_3","Italy",8,80,167,13,4,"asymmetricP2"
"Figure_5_3","Netherlands",9,80,168,15,4,"asymmetricP2"
"Figure_5_3","Spain",19,80,220,11,4,"typeIc"
"Figure_5_3","New Zealand",21,80,223,17,4,"typeIc"
"Figure_5_3","Australia",20,80,325,5,4,"mori2006"
"Figure_5_3","Australia",20,81,1,5,4,"symmetricP1"
"Figure_5_3","Italy",8,81,13,11,5,"symmetricP1"
"Figure_5_3","Norway",10,81,107,19,9,"symmetricP2"
"Figure_5_3","UK",2,81,108,21,9,"symmetricP2"
"Figure_5_3","France",6,81,109,5,4,"asymmetricP1"
"Figure_5_3","Belgium",4,81,110,7,4,"asymmetricP1"
"Figure_5_3","Switzerland",12,81,110,7,4,"asymmetricP1"
"Figure_5_3","USA",1,81,163,5,4,"asymmetricP2"
"Figure_5_3","Austria",3,81,165,9,4,"asymmetricP2"
"Figure_5_3","Japan",14,81,166,11,4,"asymmetricP2"
"Figure_5_3","Greece",16,81,167,13,4,"asymmetricP2"
"Figure_5_3","Netherlands",9,81,168,15,4,"asymmetricP2"
"Figure_5_3","Portugal",18,81,168,15,4,"asymmetricP2"
"Figure_5_3","New Zealand",21,81,328,11,4,"mori2006"
"Figure_5_3","UK",2,82,102,9,9,"symmetricP2"
"Figure_5_3","Belgium",4,82,103,11,9,"symmetricP2"
"Figure_5_3","Japan",14,82,104,13,9,"symmetricP2"
"Figure_5_3","Norway",10,82,107,19,9,"symmetricP2"
"Figure_5_3","Switzerland",12,82,110,7,4,"asymmetricP1"
"Figure_5_3","Italy",8,82,163,5,4,"asymmetricP2"
"Figure_5_3","France",6,82,164,7,4,"asymmetricP2"
"Figure_5_3","Austria",3,82,165,9,4,"asymmetricP2"
"Figure_5_3","Portugal",18,82,165,9,4,"asymmetricP2"
"Figure_5_3","Spain",19,82,166,11,4,"asymmetricP2"
"Figure_5_3","Greece",16,82,167,13,4,"asymmetricP2"
"Figure_5_3","Netherlands",9,82,168,15,4,"asymmetricP2"
"Figure_5_3","New Zealand",21,82,223,17,4,"typeIc"
"Figure_5_3","USA",1,82,325,5,4,"mori2006"
"Figure_5_3","Belgium",4,83,101,7,9,"symmetricP2"
"Figure_5_3","UK",2,83,102,9,9,"symmetricP2"
"Figure_5_3","USA",1,83,104,13,9,"symmetricP2"
"Figure_5_3","Norway",10,83,107,19,9,"symmetricP2"
"Figure_5_3","Switzerland",12,83,163,5,4,"asymmetricP2"
"Figure_5_3","France",6,83,165,9,4,"asymmetricP2"
"Figure_5_3","Greece",16,83,165,9,4,"asymmetricP2"
"Figure_5_3","Austria",3,83,166,11,4,"asymmetricP2"
"Figure_5_3","Italy",8,83,167,13,4,"asymmetricP2"
"Figure_5_3","Japan",14,83,167,13,4,"asymmetricP2"
"Figure_5_3","Netherlands",9,83,168,15,4,"asymmetricP2"
"Figure_5_3","Spain",19,83,171,21,4,"asymmetricP2"
"Figure_5_3","Portugal",18,83,219,9,4,"typeIc"
"Figure_5_3","Australia",20,83,325,5,4,"mori2006"
"Figure_5_3","Japan",14,84,100,5,9,"symmetricP2"
"Figure_5_3","UK",2,84,102,9,9,"symmetricP2"
"Figure_5_3","Norway",10,84,107,19,9,"symmetricP2"
"Figure_5_3","Switzerland",12,84,163,5,4,"asymmetricP2"
"Figure_5_3","USA",1,84,163,5,4,"asymmetricP2"
"Figure_5_3","Portugal",18,84,165,9,4,"asymmetricP2"
"Figure_5_3","Belgium",4,84,166,11,4,"asymmetricP2"
"Figure_5_3","Denmark",5,84,166,11,4,"asymmetricP2"
"Figure_5_3","Spain",19,84,166,11,4,"asymmetricP2"
"Figure_5_3","Austria",3,84,168,15,4,"asymmetricP2"
"Figure_5_3","Netherlands",9,84,168,15,4,"asymmetricP2"
"Figure_5_3","New Zealand",21,84,219,9,4,"typeIc"
"Figure_5_3","Australia",20,84,325,5,4,"mori2006"
"Figure_5_3","Greece",16,84,325,5,4,"mori2006"
"Figure_5_3","Australia",20,85,1,5,4,"symmetricP1"
"Figure_5_3","Japan",14,85,13,11,5,"symmetricP1"
"Figure_5_3","Austria",3,85,100,5,9,"symmetricP2"
"Figure_5_3","Spain",19,85,102,9,9,"symmetricP2"
"Figure_5_3","UK",2,85,102,9,9,"symmetricP2"
"Figure_5_3","Norway",10,85,107,19,9,"symmetricP2"
"Figure_5_3","Switzerland",12,85,163,5,4,"asymmetricP2"
"Figure_5_3","Belgium",4,85,165,9,4,"asymmetricP2"
"Figure_5_3","Denmark",5,85,166,11,4,"asymmetricP2"
"Figure_5_3","Italy",8,85,167,13,4,"asymmetricP2"
"Figure_5_3","USA",1,85,167,13,4,"asymmetricP2"
"Figure_5_3","New Zealand",21,85,219,9,4,"typeIc"
"Figure_5_3","Greece",16,85,325,5,4,"mori2006"
"Figure_5_3","Portugal",18,85,331,17,4,"mori2006"
"Figure_5_3","Austria",3,86,100,5,9,"symmetricP2"
"Figure_5_3","Italy",8,86,100,5,9,"symmetricP2"
"Figure_5_3","UK",2,86,102,9,9,"symmetricP2"
"Figure_5_3","Denmark",5,86,103,11,9,"symmetricP2"
"Figure_5_3","Japan",14,86,104,13,9,"symmetricP2"
"Figure_5_3","Switzerland",12,86,110,7,4,"asymmetricP1"
"Figure_5_3","Portugal",18,86,165,9,4,"asymmetricP2"
"Figure_5_3","Belgium",4,86,166,11,4,"asymmetricP2"
"Figure_5_3","Spain",19,86,166,11,4,"asymmetricP2"
"Figure_5_3","USA",1,86,167,13,4,"asymmetricP2"
"Figure_5_3","Netherlands",9,86,168,15,4,"asymmetricP2"
"Figure_5_3","New Zealand",21,86,219,9,4,"typeIc"
"Figure_5_3","Australia",20,86,325,5,4,"mori2006"
"Figure_5_3","Greece",16,86,325,5,4,"mori2006"
"Figure_5_3","Australia",20,87,100,5,9,"symmetricP2"
"Figure_5_3","Netherlands",9,87,100,5,9,"symmetricP2"
"Figure_5_3","UK",2,87,102,9,9,"symmetricP2"
"Figure_5_3","Belgium",4,87,103,11,9,"symmetricP2"
"Figure_5_3","Austria",3,87,104,13,9,"symmetricP2"
"Figure_5_3","Japan",14,87,104,13,9,"symmetricP2"
"Figure_5_3","Norway",10,87,107,19,9,"symmetricP2"
"Figure_5_3","Portugal",18,87,165,9,4,"asymmetricP2"
"Figure_5_3","Denmark",5,87,166,11,4,"asymmetricP2"
"Figure_5_3","Spain",19,87,166,11,4,"asymmetricP2"
"Figure_5_3","USA",1,87,167,13,4,"asymmetricP2"
"Figure_5_3","Italy",8,87,219,9,4,"typeIc"
"Figure_5_3","New Zealand",21,87,219,9,4,"typeIc"
"Figure_5_3","Greece",16,87,325,5,4,"mori2006"
"Figure_5_3","UK",2,88,102,9,9,"symmetricP2"
"Figure_5_3","Norway",10,88,107,19,9,"symmetricP2"
"Figure_5_3","Switzerland",12,88,163,5,4,"asymmetricP2"
"Figure_5_3","Netherlands",9,88,165,9,4,"asymmetricP2"
"Figure_5_3","Portugal",18,88,165,9,4,"asymmetricP2"
"Figure_5_3","Belgium",4,88,166,11,4,"asymmetricP2"
"Figure_5_3","Denmark",5,88,166,11,4,"asymmetricP2"
"Figure_5_3","Spain",19,88,166,11,4,"asymmetricP2"
"Figure_5_3","Italy",8,88,167,13,4,"asymmetricP2"
"Figure_5_3","USA",1,88,167,13,4,"asymmetricP2"
"Figure_5_3","Austria",3,88,168,15,4,"asymmetricP2"
"Figure_5_3","New Zealand",21,88,219,9,4,"typeIc"
"Figure_5_3","Australia",20,88,325,5,4,"mori2006"
"Figure_5_3","Greece",16,88,325,5,4,"mori2006"
"Figure_5_3","Belgium",4,89,101,7,9,"symmetricP2"
"Figure_5_3","UK",2,89,102,9,9,"symmetricP2"
"Figure_5_3","Norway",10,89,107,19,9,"symmetricP2"
"Figure_5_3","Switzerland",12,89,163,5,4,"asymmetricP2"
"Figure_5_3","Italy",8,89,164,7,4,"asymmetricP2"
"Figure_5_3","Portugal",18,89,165,9,4,"asymmetricP2"
"Figure_5_3","Denmark",5,89,166,11,4,"asymmetricP2"
"Figure_5_3","Spain",19,89,166,11,4,"asymmetricP2"
"Figure_5_3","Japan",14,89,167,13,4,"asymmetricP2"
"Figure_5_3","USA",1,89,167,13,4,"asymmetricP2"
"Figure_5_3","Austria",3,89,168,15,4,"asymmetricP2"
"Figure_5_3","Netherlands",9,89,168,15,4,"asymmetricP2"
"Figure_5_3","New Zealand",21,89,219,9,4,"typeIc"
"Figure_5_3","Australia",20,89,325,5,4,"mori2006"
"Figure_5_3","Australia",20,90,1,5,4,"symmetricP1"
"Figure_5_3","Denmark",5,90,100,5,9,"symmetricP2"
"Figure_5_3","Italy",8,90,101,7,9,"symmetricP2"
"Figure_5_3","Norway",10,90,102,9,9,"symmetricP2"
"Figure_5_3","UK",2,90,102,9,9,"symmetricP2"
"Figure_5_3","Switzerland",12,90,163,5,4,"asymmetricP2"
"Figure_5_3","Austria",3,90,166,11,4,"asymmetricP2"
"Figure_5_3","Belgium",4,90,166,11,4,"asymmetricP2"
"Figure_5_3","Japan",14,90,167,13,4,"asymmetricP2"
"Figure_5_3","USA",1,90,167,13,4,"asymmetricP2"
"Figure_5_3","Netherlands",9,90,168,15,4,"asymmetricP2"
"Figure_5_3","New Zealand",21,90,219,9,4,"typeIc"
"Figure_5_3","Spain",19,90,220,11,4,"typeIc"
"Figure_5_3","Greece",16,90,325,5,4,"mori2006"
"Figure_5_3","Italy",8,91,13,11,5,"symmetricP1"
"Figure_5_3","Belgium",4,91,101,7,9,"symmetricP2"
"Figure_5_3","Japan",14,91,102,9,9,"symmetricP2"
"Figure_5_3","Norway",10,91,107,19,9,"symmetricP2"
"Figure_5_3","UK",2,91,108,21,9,"symmetricP2"
"Figure_5_3","Switzerland",12,91,163,5,4,"asymmetricP2"
"Figure_5_3","Netherlands",9,91,164,7,4,"asymmetricP2"
"Figure_5_3","Denmark",5,91,166,11,4,"asymmetricP2"
"Figure_5_3","USA",1,91,167,13,4,"asymmetricP2"
"Figure_5_3","Austria",3,91,168,15,4,"asymmetricP2"
"Figure_5_3","Portugal",18,91,168,15,4,"asymmetricP2"
"Figure_5_3","Greece",16,91,218,7,4,"typeIc"
"Figure_5_3","New Zealand",21,91,219,9,4,"typeIc"
"Figure_5_3","Australia",20,91,325,5,4,"mori2006"
"Figure_5_3","New Zealand",21,92,12,9,5,"symmetricP1"
"Figure_5_3","Austria",3,92,100,5,9,"symmetricP2"
"Figure_5_3","UK",2,92,102,9,9,"symmetricP2"
"Figure_5_3","Japan",14,92,104,13,9,"symmetricP2"
"Figure_5_3","Norway",10,92,107,19,9,"symmetricP2"
"Figure_5_3","Switzerland",12,92,109,5,4,"asymmetricP1"
"Figure_5_3","USA",1,92,163,5,4,"asymmetricP2"
"Figure_5_3","Belgium",4,92,166,11,4,"asymmetricP2"
"Figure_5_3","Denmark",5,92,166,11,4,"asymmetricP2"
"Figure_5_3","Italy",8,92,167,13,4,"asymmetricP2"
"Figure_5_3","Netherlands",9,92,168,15,4,"asymmetricP2"
"Figure_5_3","Portugal",18,92,168,15,4,"asymmetricP2"
"Figure_5_3","Spain",19,92,171,21,4,"asymmetricP2"
"Figure_5_3","Greece",16,92,325,5,4,"mori2006"
"Figure_5_3","Denmark",5,93,100,5,9,"symmetricP2"
"Figure_5_3","Netherlands",9,93,100,5,9,"symmetricP2"
"Figure_5_3","UK",2,93,102,9,9,"symmetricP2"
"Figure_5_3","Japan",14,93,104,13,9,"symmetricP2"
"Figure_5_3","Norway",10,93,107,19,9,"symmetricP2"
"Figure_5_3","Spain",19,93,163,5,4,"asymmetricP2"
"Figure_5_3","Switzerland",12,93,163,5,4,"asymmetricP2"
"Figure_5_3","USA",1,93,163,5,4,"asymmetricP2"
"Figure_5_3","Portugal",18,93,165,9,4,"asymmetricP2"
"Figure_5_3","Belgium",4,93,166,11,4,"asymmetricP2"
"Figure_5_3","Greece",16,93,166,11,4,"asymmetricP2"
"Figure_5_3","Italy",8,93,167,13,4,"asymmetricP2"
"Figure_5_3","Austria",3,93,168,15,4,"asymmetricP2"
"Figure_5_3","Australia",20,93,325,5,4,"mori2006"
"Figure_5_3","France",6,94,1,5,4,"symmetricP1"
"Figure_5_3","Austria",3,94,100,5,9,"symmetricP2"
"Figure_5_3","Spain",19,94,100,5,9,"symmetricP2"
"Figure_5_3","Norway",10,94,107,19,9,"symmetricP2"
"Figure_5_3","UK",2,94,110,7,4,"asymmetricP1"
"Figure_5_3","Switzerland",12,94,163,5,4,"asymmetricP2"
"Figure_5_3","USA",1,94,163,5,4,"asymmetricP2"
"Figure_5_3","Belgium",4,94,165,9,4,"asymmetricP2"
"Figure_5_3","Portugal",18,94,165,9,4,"asymmetricP2"
"Figure_5_3","Denmark",5,94,166,11,4,"asymmetricP2"
"Figure_5_3","New Zealand",21,94,219,9,4,"typeIc"
"Figure_5_3","Japan",14,94,222,15,4,"typeIc"
"Figure_5_3","Australia",20,94,325,5,4,"mori2006"
"Figure_5_3","Greece",16,94,325,5,4,"mori2006"
"Figure_5_3","Austria",3,95,100,5,9,"symmetricP2"
"Figure_5_3","France",6,95,100,5,9,"symmetricP2"
"Figure_5_3","Japan",14,95,104,13,9,"symmetricP2"
"Figure_5_3","Spain",19,95,108,21,9,"symmetricP2"
"Figure_5_3","Switzerland",12,95,110,7,4,"asymmetricP1"
"Figure_5_3","UK",2,95,163,5,4,"asymmetricP2"
"Figure_5_3","USA",1,95,163,5,4,"asymmetricP2"
"Figure_5_3","Portugal",18,95,165,9,4,"asymmetricP2"
"Figure_5_3","Belgium",4,95,166,11,4,"asymmetricP2"
"Figure_5_3","Denmark",5,95,166,11,4,"asymmetricP2"
"Figure_5_3","Netherlands",9,95,168,15,4,"asymmetricP2"
"Figure_5_3","New Zealand",21,95,219,9,4,"typeIc"
"Figure_5_3","Australia",20,95,325,5,4,"mori2006"
"Figure_5_3","Greece",16,95,325,5,4,"mori2006"
"Figure_5_3","Australia",20,96,100,5,9,"symmetricP2"
"Figure_5_3","Austria",3,96,100,5,9,"symmetricP2"
"Figure_5_3","Denmark",5,96,100,5,9,"symmetricP2"
"Figure_5_3","Netherlands",9,96,101,7,9,"symmetricP2"
"Figure_5_3","UK",2,96,102,9,9,"symmetricP2"
"Figure_5_3","Japan",14,96,104,13,9,"symmetricP2"
"Figure_5_3","Norway",10,96,107,19,9,"symmetricP2"
"Figure_5_3","Spain",19,96,109,5,4,"asymmetricP1"
"Figure_5_3","USA",1,96,163,5,4,"asymmetricP2"
"Figure_5_3","Portugal",18,96,165,9,4,"asymmetricP2"
"Figure_5_3","Belgium",4,96,166,11,4,"asymmetricP2"
"Figure_5_3","France",6,96,166,11,4,"asymmetricP2"
"Figure_5_3","New Zealand",21,96,219,9,4,"typeIc"
"Figure_5_3","Greece",16,96,325,5,4,"mori2006"
"Figure_5_3","Australia",20,97,100,5,9,"symmetricP2"
"Figure_5_3","France",6,97,100,5,9,"symmetricP2"
"Figure_5_3","Spain",19,97,100,5,9,"symmetricP2"
"Figure_5_3","UK",2,97,102,9,9,"symmetricP2"
"Figure_5_3","Norway",10,97,107,19,9,"symmetricP2"
"Figure_5_3","Belgium",4,97,109,5,4,"asymmetricP1"
"Figure_5_3","Switzerland",12,97,163,5,4,"asymmetricP2"
"Figure_5_3","USA",1,97,163,5,4,"asymmetricP2"
"Figure_5_3","Netherlands",9,97,165,9,4,"asymmetricP2"
"Figure_5_3","Portugal",18,97,165,9,4,"asymmetricP2"
"Figure_5_3","Denmark",5,97,166,11,4,"asymmetricP2"
"Figure_5_3","Austria",3,97,168,15,4,"asymmetricP2"
"Figure_5_3","New Zealand",21,97,219,9,4,"typeIc"
"Figure_5_3","Greece",16,97,325,5,4,"mori2006"
"Figure_5_3","France",6,98,100,5,9,"symmetricP2"
"Figure_5_3","UK",2,98,102,9,9,"symmetricP2"
"Figure_5_3","Belgium",4,98,103,11,9,"symmetricP2"
"Figure_5_3","Japan",14,98,103,11,9,"symmetricP2"
"Figure_5_3","Norway",10,98,107,19,9,"symmetricP2"
"Figure_5_3","Portugal",18,98,117,21,4,"asymmetricP1"
"Figure_5_3","Switzerland",12,98,163,5,4,"asymmetricP2"
"Figure_5_3","USA",1,98,163,5,4,"asymmetricP2"
"Figure_5_3","Netherlands",9,98,164,7,4,"asymmetricP2"
"Figure_5_3","Denmark",5,98,166,11,4,"asymmetricP2"
"Figure_5_3","Spain",19,98,166,11,4,"asymmetricP2"
"Figure_5_3","Austria",3,98,168,15,4,"asymmetricP2"
"Figure_5_3","New Zealand",21,98,219,9,4,"typeIc"
"Figure_5_3","Australia",20,98,325,5,4,"mori2006"
"Figure_5_3","Australia",20,99,1,5,4,"symmetricP1"
"Figure_5_3","Japan",14,99,12,9,5,"symmetricP1"
"Figure_5_3","Norway",10,99,102,9,9,"symmetricP2"
"Figure_5_3","UK",2,99,102,9,9,"symmetricP2"
"Figure_5_3","Belgium",4,99,109,5,4,"asymmetricP1"
"Figure_5_3","Switzerland",12,99,110,7,4,"asymmetricP1"
"Figure_5_3","USA",1,99,163,5,4,"asymmetricP2"
"Figure_5_3","France",6,99,165,9,4,"asymmetricP2"
"Figure_5_3","Netherlands",9,99,165,9,4,"asymmetricP2"
"Figure_5_3","Denmark",5,99,166,11,4,"asymmetricP2"
"Figure_5_3","Austria",3,99,168,15,4,"asymmetricP2"
"Figure_5_3","New Zealand",21,99,219,9,4,"typeIc"
"Figure_5_3","Spain",19,99,220,11,4,"typeIc"
"Figure_5_3","Greece",16,99,325,5,4,"mori2006"
