"panel","id","time","Y","D"
"r8_N30_T20_rep1",101,1,12.4841586874596,0
"r8_N30_T20_rep1",101,2,-10.1588274765705,0
"r8_N30_T20_rep1",101,3,1.12017468286521,0
"r8_N30_T20_rep1",101,4,21.5553095534756,0
"r8_N30_T20_rep1",101,5,8.54304202157913,0
"r8_N30_T20_rep1",101,6,20.3558677022526,0
"r8_N30_T20_rep1",101,7,32.145037407167,0
"r8_N30_T20_rep1",101,8,26.0020386517925,0
"r8_N30_T20_rep1",101,9,28.1603943673479,0
"r8_N30_T20_rep1",101,10,38.9019917171073,0
"r8_N30_T20_rep1",101,11,28.8334565308609,0
"r8_N30_T20_rep1",101,12,42.3239216143944,0
"r8_N30_T20_rep1",101,13,44.2195293415963,0
"r8_N30_T20_rep1",101,14,73.5305596074077,0
"r8_N30_T20_rep1",101,15,55.7811669364683,0
"r8_N30_T20_rep1",101,16,62.6717501866924,0
"r8_N30_T20_rep1",101,17,49.858568316938,0
"r8_N30_T20_rep1",101,18,67.0578887578744,0
"r8_N30_T20_rep1",101,19,64.7419484814888,0
"r8_N30_T20_rep1",101,20,74.6263893260413,0
"r8_N30_T20_rep1",101,21,63.9150857323685,0
"r8_N30_T20_rep1",101,22,76.0376815689484,0
"r8_N30_T20_rep1",101,23,56.6520753048974,0
"r8_N30_T20_rep1",101,24,54.5331433282291,0
"r8_N30_T20_rep1",101,25,90.2007808029677,0
"r8_N30_T20_rep1",101,26,113.650531277023,0
"r8_N30_T20_rep1",101,27,116.191896225734,0
"r8_N30_T20_rep1",101,28,104.664778854954,0
"r8_N30_T20_rep1",101,29,117.95978109525,0
"r8_N30_T20_rep1",101,30,103.364200021134,0
"r8_N30_T20_rep1",102,1,-9.87899549659604,0
"r8_N30_T20_rep1",102,2,-12.0999149280132,0
"r8_N30_T20_rep1",102,3,9.90562655876258,0
"r8_N30_T20_rep1",102,4,-11.2603944932956,0
"r8_N30_T20_rep1",102,5,3.34222727082281,0
"r8_N30_T20_rep1",102,6,19.3669489992524,0
"r8_N30_T20_rep1",102,7,17.3572883489734,0
"r8_N30_T20_rep1",102,8,14.683569305467,0
"r8_N30_T20_rep1",102,9,25.0845153540904,0
"r8_N30_T20_rep1",102,10,41.7689058000678,0
"r8_N30_T20_rep1",102,11,45.2002225623275,0
"r8_N30_T20_rep1",102,12,41.997532686228,0
"r8_N30_T20_rep1",102,13,39.5227392815582,0
"r8_N30_T20_rep1",102,14,62.4085108495138,0
"r8_N30_T20_rep1",102,15,59.7407608794211,0
"r8_N30_T20_rep1",102,16,49.4242998745513,0
"r8_N30_T20_rep1",102,17,44.7641208374275,0
"r8_N30_T20_rep1",102,18,70.7094798638608,0
"r8_N30_T20_rep1",102,19,54.4302459332051,0
"r8_N30_T20_rep1",102,20,66.5125416201159,0
"r8_N30_T20_rep1",102,21,56.7628405814364,0
"r8_N30_T20_rep1",102,22,72.5616176757789,0
"r8_N30_T20_rep1",102,23,69.5732969371375,0
"r8_N30_T20_rep1",102,24,91.942650263799,0
"r8_N30_T20_rep1",102,25,107.163617071594,0
"r8_N30_T20_rep1",102,26,90.7497403369975,0
"r8_N30_T20_rep1",102,27,105.002662934514,0
"r8_N30_T20_rep1",102,28,115.022180252763,0
"r8_N30_T20_rep1",102,29,106.080519186339,0
"r8_N30_T20_rep1",102,30,113.179559183691,0
"r8_N30_T20_rep1",103,1,-8.47605636188501,0
"r8_N30_T20_rep1",103,2,-14.6504405573449,0
"r8_N30_T20_rep1",103,3,-6.81045124760126,0
"r8_N30_T20_rep1",103,4,8.33820934151944,0
"r8_N30_T20_rep1",103,5,5.03393220999109,0
"r8_N30_T20_rep1",103,6,19.1199947179892,0
"r8_N30_T20_rep1",103,7,19.8504282178185,0
"r8_N30_T20_rep1",103,8,25.5140828313443,0
"r8_N30_T20_rep1",103,9,21.5197073580937,0
"r8_N30_T20_rep1",103,10,34.0381333571996,0
"r8_N30_T20_rep1",103,11,43.7023092710941,0
"r8_N30_T20_rep1",103,12,28.1181132301162,0
"r8_N30_T20_rep1",103,13,32.9863821086999,0
"r8_N30_T20_rep1",103,14,44.6389084353915,0
"r8_N30_T20_rep1",103,15,54.1465226280182,0
"r8_N30_T20_rep1",103,16,50.6018652412033,0
"r8_N30_T20_rep1",103,17,57.818878837754,0
"r8_N30_T20_rep1",103,18,69.4858298384972,0
"r8_N30_T20_rep1",103,19,62.0091811211666,0
"r8_N30_T20_rep1",103,20,63.6150512110721,0
"r8_N30_T20_rep1",103,21,38.4653364230725,0
"r8_N30_T20_rep1",103,22,58.0523385622488,0
"r8_N30_T20_rep1",103,23,69.0623375701435,0
"r8_N30_T20_rep1",103,24,97.4158555078029,0
"r8_N30_T20_rep1",103,25,87.8568870583877,0
"r8_N30_T20_rep1",103,26,90.7659943569623,0
"r8_N30_T20_rep1",103,27,100.171771917045,0
"r8_N30_T20_rep1",103,28,100.684693676075,0
"r8_N30_T20_rep1",103,29,111.150951434319,0
"r8_N30_T20_rep1",103,30,105.370762187875,0
"r8_N30_T20_rep1",104,1,3.83758250374318,0
"r8_N30_T20_rep1",104,2,-10.3237563295439,0
"r8_N30_T20_rep1",104,3,0.571230926629868,0
"r8_N30_T20_rep1",104,4,10.6982183427281,0
"r8_N30_T20_rep1",104,5,19.3095944662346,0
"r8_N30_T20_rep1",104,6,12.6591281129639,0
"r8_N30_T20_rep1",104,7,13.6920405282945,0
"r8_N30_T20_rep1",104,8,14.0030637291312,0
"r8_N30_T20_rep1",104,9,16.1689771186656,0
"r8_N30_T20_rep1",104,10,31.5941654917717,0
"r8_N30_T20_rep1",104,11,38.0451634642224,0
"r8_N30_T20_rep1",104,12,37.6546594241391,0
"r8_N30_T20_rep1",104,13,37.9586930979809,0
"r8_N30_T20_rep1",104,14,60.1636021036634,0
"r8_N30_T20_rep1",104,15,67.111157283289,0
"r8_N30_T20_rep1",104,16,58.1694085075534,0
"r8_N30_T20_rep1",104,17,70.0574607268249,0
"r8_N30_T20_rep1",104,18,62.6543192545853,0
"r8_N30_T20_rep1",104,19,55.5178050845053,0
"r8_N30_T20_rep1",104,20,78.1351223485918,0
"r8_N30_T20_rep1",104,21,54.173074254318,0
"r8_N30_T20_rep1",104,22,101.019666079759,0
"r8_N30_T20_rep1",104,23,89.3971753974069,0
"r8_N30_T20_rep1",104,24,99.2991490710309,0
"r8_N30_T20_rep1",104,25,115.903541071729,0
"r8_N30_T20_rep1",104,26,92.1954679514155,0
"r8_N30_T20_rep1",104,27,122.28194580026,0
"r8_N30_T20_rep1",104,28,121.836021772462,0
"r8_N30_T20_rep1",104,29,139.633190983724,0
"r8_N30_T20_rep1",104,30,123.559855343406,0
"r8_N30_T20_rep1",105,1,-9.2091640892804,0
"r8_N30_T20_rep1",105,2,-18.1460955916875,0
"r8_N30_T20_rep1",105,3,-8.06798450582736,0
"r8_N30_T20_rep1",105,4,-11.0154088046022,0
"r8_N30_T20_rep1",105,5,7.83396973173756,0
"r8_N30_T20_rep1",105,6,15.147783603855,0
"r8_N30_T20_rep1",105,7,1.48742376908044,0
"r8_N30_T20_rep1",105,8,13.1100356610974,0
"r8_N30_T20_rep1",105,9,17.8969796843666,0
"r8_N30_T20_rep1",105,10,48.7138806883373,0
"r8_N30_T20_rep1",105,11,47.5804801967208,0
"r8_N30_T20_rep1",105,12,57.070194092381,0
"r8_N30_T20_rep1",105,13,52.1185340975506,0
"r8_N30_T20_rep1",105,14,60.3711738423492,0
"r8_N30_T20_rep1",105,15,61.2021345705908,0
"r8_N30_T20_rep1",105,16,67.0701303788171,0
"r8_N30_T20_rep1",105,17,59.2685277665673,0
"r8_N30_T20_rep1",105,18,47.0254083075101,0
"r8_N30_T20_rep1",105,19,49.3843376039028,0
"r8_N30_T20_rep1",105,20,60.722124232752,0
"r8_N30_T20_rep1",105,21,66.8955857459012,0
"r8_N30_T20_rep1",105,22,85.5761201784631,0
"r8_N30_T20_rep1",105,23,69.9985744185358,0
"r8_N30_T20_rep1",105,24,101.213912367257,0
"r8_N30_T20_rep1",105,25,99.8655576439007,0
"r8_N30_T20_rep1",105,26,94.7436473002989,0
"r8_N30_T20_rep1",105,27,108.876010238667,0
"r8_N30_T20_rep1",105,28,123.087310682911,0
"r8_N30_T20_rep1",105,29,109.396357347092,0
"r8_N30_T20_rep1",105,30,95.8162141793484,0
"r8_N30_T20_rep1",106,1,7.08703888627861,0
"r8_N30_T20_rep1",106,2,-14.6192845251299,0
"r8_N30_T20_rep1",106,3,-2.58361245193509,0
"r8_N30_T20_rep1",106,4,-1.30847023544754,0
"r8_N30_T20_rep1",106,5,-4.04868163886335,0
"r8_N30_T20_rep1",106,6,18.8974848303438,0
"r8_N30_T20_rep1",106,7,15.4276228388016,0
"r8_N30_T20_rep1",106,8,14.9300321385311,0
"r8_N30_T20_rep1",106,9,9.62589618945552,0
"r8_N30_T20_rep1",106,10,43.5021197125983,0
"r8_N30_T20_rep1",106,11,46.1776816426783,0
"r8_N30_T20_rep1",106,12,48.6504375018949,0
"r8_N30_T20_rep1",106,13,42.0571131476023,0
"r8_N30_T20_rep1",106,14,57.1769927835605,0
"r8_N30_T20_rep1",106,15,53.2201020317005,0
"r8_N30_T20_rep1",106,16,56.8298798049005,0
"r8_N30_T20_rep1",106,17,54.918443365482,0
"r8_N30_T20_rep1",106,18,63.8857323564144,0
"r8_N30_T20_rep1",106,19,56.9973844084579,0
"r8_N30_T20_rep1",106,20,66.3134557106055,0
"r8_N30_T20_rep1",106,21,60.160470050543,0
"r8_N30_T20_rep1",106,22,82.1770013984628,0
"r8_N30_T20_rep1",106,23,68.0158720755072,0
"r8_N30_T20_rep1",106,24,84.8569239691294,0
"r8_N30_T20_rep1",106,25,107.740614545175,0
"r8_N30_T20_rep1",106,26,103.011850341118,0
"r8_N30_T20_rep1",106,27,109.150913621876,0
"r8_N30_T20_rep1",106,28,109.847446250503,0
"r8_N30_T20_rep1",106,29,114.528417170349,0
"r8_N30_T20_rep1",106,30,114.408067405977,0
"r8_N30_T20_rep1",107,1,1.59484391167754,0
"r8_N30_T20_rep1",107,2,-23.5596489790698,0
"r8_N30_T20_rep1",107,3,-5.17582897838096,0
"r8_N30_T20_rep1",107,4,12.8590580513423,0
"r8_N30_T20_rep1",107,5,21.800042235459,0
"r8_N30_T20_rep1",107,6,33.0767458808224,0
"r8_N30_T20_rep1",107,7,17.6081085572693,0
"r8_N30_T20_rep1",107,8,19.8331198698053,0
"r8_N30_T20_rep1",107,9,8.43557106510074,0
"r8_N30_T20_rep1",107,10,24.3135141172279,0
"r8_N30_T20_rep1",107,11,47.5506420507508,0
"r8_N30_T20_rep1",107,12,48.2777281580047,0
"r8_N30_T20_rep1",107,13,40.9548003009656,0
"r8_N30_T20_rep1",107,14,63.0632595775097,0
"r8_N30_T20_rep1",107,15,60.3817058212947,0
"r8_N30_T20_rep1",107,16,73.3645270424385,0
"r8_N30_T20_rep1",107,17,61.3535337918244,0
"r8_N30_T20_rep1",107,18,67.3479240847124,0
"r8_N30_T20_rep1",107,19,57.5763644647022,0
"r8_N30_T20_rep1",107,20,68.3453396959955,0
"r8_N30_T20_rep1",107,21,57.581475780654,0
"r8_N30_T20_rep1",107,22,84.3791298180331,0
"r8_N30_T20_rep1",107,23,66.9490973849018,0
"r8_N30_T20_rep1",107,24,77.9362007423305,0
"r8_N30_T20_rep1",107,25,91.0714488910592,0
"r8_N30_T20_rep1",107,26,83.8194516363087,0
"r8_N30_T20_rep1",107,27,100.434844678878,0
"r8_N30_T20_rep1",107,28,98.8536697132759,0
"r8_N30_T20_rep1",107,29,108.815419310187,0
"r8_N30_T20_rep1",107,30,106.039956439579,0
"r8_N30_T20_rep1",108,1,-0.24262475688451,0
"r8_N30_T20_rep1",108,2,-20.8315541987755,0
"r8_N30_T20_rep1",108,3,-14.6479239369315,0
"r8_N30_T20_rep1",108,4,1.28034408969744,0
"r8_N30_T20_rep1",108,5,11.9061345528135,0
"r8_N30_T20_rep1",108,6,15.5847751015392,0
"r8_N30_T20_rep1",108,7,12.0086479872722,0
"r8_N30_T20_rep1",108,8,5.94103350642682,0
"r8_N30_T20_rep1",108,9,10.6658726583519,0
"r8_N30_T20_rep1",108,10,38.3202626235437,0
"r8_N30_T20_rep1",108,11,33.2138578318152,0
"r8_N30_T20_rep1",108,12,54.1589842531851,0
"r8_N30_T20_rep1",108,13,40.4021511020892,0
"r8_N30_T20_rep1",108,14,48.7855624276294,0
"r8_N30_T20_rep1",108,15,64.5790000642305,0
"r8_N30_T20_rep1",108,16,67.5601497558635,0
"r8_N30_T20_rep1",108,17,60.5713260566588,0
"r8_N30_T20_rep1",108,18,60.332861997938,0
"r8_N30_T20_rep1",108,19,60.0598259040211,0
"r8_N30_T20_rep1",108,20,69.2191048887141,0
"r8_N30_T20_rep1",108,21,57.8320730828549,0
"r8_N30_T20_rep1",108,22,75.1717079475618,0
"r8_N30_T20_rep1",108,23,58.9922323306229,0
"r8_N30_T20_rep1",108,24,87.9932546610706,0
"r8_N30_T20_rep1",108,25,99.2746987044133,0
"r8_N30_T20_rep1",108,26,88.4400180398064,0
"r8_N30_T20_rep1",108,27,104.162055453612,0
"r8_N30_T20_rep1",108,28,114.062134204403,0
"r8_N30_T20_rep1",108,29,118.53819442047,0
"r8_N30_T20_rep1",108,30,93.3601797849601,0
"r8_N30_T20_rep1",109,1,-18.544309137375,0
"r8_N30_T20_rep1",109,2,-35.1283850389088,0
"r8_N30_T20_rep1",109,3,-18.4633107625642,0
"r8_N30_T20_rep1",109,4,-7.98012152268875,0
"r8_N30_T20_rep1",109,5,6.66467424575696,0
"r8_N30_T20_rep1",109,6,16.4091163616199,0
"r8_N30_T20_rep1",109,7,12.005230107583,0
"r8_N30_T20_rep1",109,8,9.31614111287197,0
"r8_N30_T20_rep1",109,9,9.55494684545754,0
"r8_N30_T20_rep1",109,10,42.9778419933702,0
"r8_N30_T20_rep1",109,11,51.7238698615349,0
"r8_N30_T20_rep1",109,12,46.1516283813001,0
"r8_N30_T20_rep1",109,13,37.4637053526963,0
"r8_N30_T20_rep1",109,14,64.9950039683071,0
"r8_N30_T20_rep1",109,15,59.9493668440796,0
"r8_N30_T20_rep1",109,16,60.2416289143945,0
"r8_N30_T20_rep1",109,17,52.8816119142015,0
"r8_N30_T20_rep1",109,18,50.2364275534865,0
"r8_N30_T20_rep1",109,19,44.7365379615759,0
"r8_N30_T20_rep1",109,20,56.3260807571906,0
"r8_N30_T20_rep1",109,21,55.1962237743893,0
"r8_N30_T20_rep1",109,22,73.4501432665384,0
"r8_N30_T20_rep1",109,23,80.1552875214721,0
"r8_N30_T20_rep1",109,24,104.047203767947,0
"r8_N30_T20_rep1",109,25,101.78223246681,0
"r8_N30_T20_rep1",109,26,91.3208137537339,0
"r8_N30_T20_rep1",109,27,98.9084231753902,0
"r8_N30_T20_rep1",109,28,101.789262588812,0
"r8_N30_T20_rep1",109,29,105.42168980804,0
"r8_N30_T20_rep1",109,30,113.304171867555,0
"r8_N30_T20_rep1",110,1,-1.50677741756927,0
"r8_N30_T20_rep1",110,2,-17.1547303258765,0
"r8_N30_T20_rep1",110,3,-1.5484893929735,0
"r8_N30_T20_rep1",110,4,2.94729908991153,0
"r8_N30_T20_rep1",110,5,14.2653483320071,0
"r8_N30_T20_rep1",110,6,14.532332413852,0
"r8_N30_T20_rep1",110,7,26.8566127969226,0
"r8_N30_T20_rep1",110,8,22.8841105524307,0
"r8_N30_T20_rep1",110,9,10.1839392950636,0
"r8_N30_T20_rep1",110,10,42.6206498596197,0
"r8_N30_T20_rep1",110,11,46.6901247066837,0
"r8_N30_T20_rep1",110,12,37.241721205676,0
"r8_N30_T20_rep1",110,13,48.4283922160663,0
"r8_N30_T20_rep1",110,14,62.7607194495157,0
"r8_N30_T20_rep1",110,15,66.67607586646,0
"r8_N30_T20_rep1",110,16,59.3275010114376,0
"r8_N30_T20_rep1",110,17,53.1918702567729,0
"r8_N30_T20_rep1",110,18,72.3972987717692,0
"r8_N30_T20_rep1",110,19,47.4004877272452,0
"r8_N30_T20_rep1",110,20,75.4139885550445,0
"r8_N30_T20_rep1",110,21,55.9137061658308,1
"r8_N30_T20_rep1",110,22,75.7833114191881,1
"r8_N30_T20_rep1",110,23,73.7280693606442,1
"r8_N30_T20_rep1",110,24,96.7033737569011,1
"r8_N30_T20_rep1",110,25,92.1389401923829,1
"r8_N30_T20_rep1",110,26,97.5665292241154,1
"r8_N30_T20_rep1",110,27,107.685497782622,1
"r8_N30_T20_rep1",110,28,121.293956507108,1
"r8_N30_T20_rep1",110,29,113.16415646472,1
"r8_N30_T20_rep1",110,30,95.5337147910785,1
"r8_N30_T20_rep1",111,1,0.589466136698269,0
"r8_N30_T20_rep1",111,2,-2.75569104684996,0
"r8_N30_T20_rep1",111,3,0.867041387374938,0
"r8_N30_T20_rep1",111,4,10.1961357627591,0
"r8_N30_T20_rep1",111,5,15.7590607413864,0
"r8_N30_T20_rep1",111,6,15.7610760046734,0
"r8_N30_T20_rep1",111,7,16.2904275298945,0
"r8_N30_T20_rep1",111,8,14.2410492241586,0
"r8_N30_T20_rep1",111,9,17.2877904316028,0
"r8_N30_T20_rep1",111,10,31.7727145590004,0
"r8_N30_T20_rep1",111,11,34.9741181856997,0
"r8_N30_T20_rep1",111,12,54.8516344075782,0
"r8_N30_T20_rep1",111,13,40.7059884653937,0
"r8_N30_T20_rep1",111,14,64.0162245301281,0
"r8_N30_T20_rep1",111,15,56.6682956708124,0
"r8_N30_T20_rep1",111,16,61.182382635922,0
"r8_N30_T20_rep1",111,17,59.8300383565227,0
"r8_N30_T20_rep1",111,18,64.5419031672243,0
"r8_N30_T20_rep1",111,19,58.3564362645651,0
"r8_N30_T20_rep1",111,20,75.4584540591692,0
"r8_N30_T20_rep1",111,21,62.1490013141436,0
"r8_N30_T20_rep1",111,22,79.4431288111593,0
"r8_N30_T20_rep1",111,23,69.0986546879576,0
"r8_N30_T20_rep1",111,24,89.580061967013,0
"r8_N30_T20_rep1",111,25,93.1782934377638,0
"r8_N30_T20_rep1",111,26,100.84743221574,0
"r8_N30_T20_rep1",111,27,118.055307997318,0
"r8_N30_T20_rep1",111,28,113.753668582043,0
"r8_N30_T20_rep1",111,29,120.391491419918,0
"r8_N30_T20_rep1",111,30,111.065511548646,0
"r8_N30_T20_rep1",112,1,5.47503476109339,0
"r8_N30_T20_rep1",112,2,-4.21530906105414,0
"r8_N30_T20_rep1",112,3,-2.22479244757631,0
"r8_N30_T20_rep1",112,4,33.2880375623598,0
"r8_N30_T20_rep1",112,5,24.7765470812385,0
"r8_N30_T20_rep1",112,6,37.0966241604867,0
"r8_N30_T20_rep1",112,7,30.8293950019903,0
"r8_N30_T20_rep1",112,8,21.7924878973741,0
"r8_N30_T20_rep1",112,9,21.3711483437755,0
"r8_N30_T20_rep1",112,10,33.8725595053734,0
"r8_N30_T20_rep1",112,11,35.9433759028987,0
"r8_N30_T20_rep1",112,12,38.9857009264342,0
"r8_N30_T20_rep1",112,13,48.6303625269712,0
"r8_N30_T20_rep1",112,14,79.048680513999,0
"r8_N30_T20_rep1",112,15,59.3647803098577,0
"r8_N30_T20_rep1",112,16,74.0401699878563,0
"r8_N30_T20_rep1",112,17,67.5526775010151,0
"r8_N30_T20_rep1",112,18,71.2982955680534,0
"r8_N30_T20_rep1",112,19,64.9694296623571,0
"r8_N30_T20_rep1",112,20,82.074557876583,0
"r8_N30_T20_rep1",112,21,56.7706788684565,0
"r8_N30_T20_rep1",112,22,66.762800423206,0
"r8_N30_T20_rep1",112,23,60.8829778277176,0
"r8_N30_T20_rep1",112,24,79.6986318227223,0
"r8_N30_T20_rep1",112,25,90.3463776451398,0
"r8_N30_T20_rep1",112,26,87.4943769572697,0
"r8_N30_T20_rep1",112,27,111.257457853175,0
"r8_N30_T20_rep1",112,28,100.850540156309,0
"r8_N30_T20_rep1",112,29,110.61239999617,0
"r8_N30_T20_rep1",112,30,102.643596649083,0
"r8_N30_T20_rep1",113,1,-6.59590732865239,0
"r8_N30_T20_rep1",113,2,-14.1119126254867,0
"r8_N30_T20_rep1",113,3,-11.617687435828,0
"r8_N30_T20_rep1",113,4,5.50068871095256,0
"r8_N30_T20_rep1",113,5,9.59316256102288,0
"r8_N30_T20_rep1",113,6,24.7090322743829,0
"r8_N30_T20_rep1",113,7,16.1249621191153,0
"r8_N30_T20_rep1",113,8,18.9021563074319,0
"r8_N30_T20_rep1",113,9,14.615153149694,0
"r8_N30_T20_rep1",113,10,45.6989619365149,0
"r8_N30_T20_rep1",113,11,36.2018856790421,0
"r8_N30_T20_rep1",113,12,43.7147541898169,0
"r8_N30_T20_rep1",113,13,49.4925568998872,0
"r8_N30_T20_rep1",113,14,55.7449407684851,0
"r8_N30_T20_rep1",113,15,61.8357569417326,0
"r8_N30_T20_rep1",113,16,54.4698059676628,0
"r8_N30_T20_rep1",113,17,55.1205686870883,0
"r8_N30_T20_rep1",113,18,58.1122717601218,0
"r8_N30_T20_rep1",113,19,47.6671603065076,0
"r8_N30_T20_rep1",113,20,57.7356806181563,0
"r8_N30_T20_rep1",113,21,59.6466853406835,0
"r8_N30_T20_rep1",113,22,77.8014453396669,0
"r8_N30_T20_rep1",113,23,67.8019342300691,0
"r8_N30_T20_rep1",113,24,88.7814105712342,0
"r8_N30_T20_rep1",113,25,92.5457399693769,0
"r8_N30_T20_rep1",113,26,106.9324326108,0
"r8_N30_T20_rep1",113,27,117.323988436652,0
"r8_N30_T20_rep1",113,28,111.473391455057,0
"r8_N30_T20_rep1",113,29,112.003354045028,0
"r8_N30_T20_rep1",113,30,116.892963510514,0
"r8_N30_T20_rep1",114,1,-18.3100269415242,0
"r8_N30_T20_rep1",114,2,-21.4558527756133,0
"r8_N30_T20_rep1",114,3,-7.11038840518674,0
"r8_N30_T20_rep1",114,4,-1.24017900885016,0
"r8_N30_T20_rep1",114,5,23.9269084118011,0
"r8_N30_T20_rep1",114,6,13.6158319357483,0
"r8_N30_T20_rep1",114,7,13.0696501161043,0
"r8_N30_T20_rep1",114,8,18.1499771643467,0
"r8_N30_T20_rep1",114,9,16.0881374900774,0
"r8_N30_T20_rep1",114,10,44.3506798946258,0
"r8_N30_T20_rep1",114,11,49.2837767653225,0
"r8_N30_T20_rep1",114,12,37.9573723508906,0
"r8_N30_T20_rep1",114,13,50.3113629754771,0
"r8_N30_T20_rep1",114,14,55.882470676442,0
"r8_N30_T20_rep1",114,15,51.4507712489828,0
"r8_N30_T20_rep1",114,16,57.9354398244199,0
"r8_N30_T20_rep1",114,17,49.2547968660187,0
"r8_N30_T20_rep1",114,18,73.4544812600116,0
"r8_N30_T20_rep1",114,19,58.7808585755093,0
"r8_N30_T20_rep1",114,20,72.3299815603255,0
"r8_N30_T20_rep1",114,21,48.5892398504212,0
"r8_N30_T20_rep1",114,22,71.2901068882104,0
"r8_N30_T20_rep1",114,23,82.435973698167,0
"r8_N30_T20_rep1",114,24,96.6687150920809,0
"r8_N30_T20_rep1",114,25,114.999679766772,0
"r8_N30_T20_rep1",114,26,97.2065981893522,0
"r8_N30_T20_rep1",114,27,111.876293841002,0
"r8_N30_T20_rep1",114,28,122.537610106074,0
"r8_N30_T20_rep1",114,29,117.544353834772,0
"r8_N30_T20_rep1",114,30,101.749995440157,0
"r8_N30_T20_rep1",115,1,-2.02773410889202,0
"r8_N30_T20_rep1",115,2,-20.6698973127636,0
"r8_N30_T20_rep1",115,3,-16.7847334543001,0
"r8_N30_T20_rep1",115,4,4.94121109073042,0
"r8_N30_T20_rep1",115,5,25.4390882432531,0
"r8_N30_T20_rep1",115,6,26.8747758862769,0
"r8_N30_T20_rep1",115,7,14.5307296304987,0
"r8_N30_T20_rep1",115,8,13.3176548433541,0
"r8_N30_T20_rep1",115,9,26.5454959831026,0
"r8_N30_T20_rep1",115,10,11.5793250900203,0
"r8_N30_T20_rep1",115,11,30.5474724831937,0
"r8_N30_T20_rep1",115,12,41.1925188928091,0
"r8_N30_T20_rep1",115,13,19.0757407440705,0
"r8_N30_T20_rep1",115,14,44.7676121130731,0
"r8_N30_T20_rep1",115,15,53.8968056776105,0
"r8_N30_T20_rep1",115,16,49.7757420323727,0
"r8_N30_T20_rep1",115,17,66.1370925205175,0
"r8_N30_T20_rep1",115,18,62.8374060168683,0
"r8_N30_T20_rep1",115,19,67.4982740305193,0
"r8_N30_T20_rep1",115,20,78.7107503761541,0
"r8_N30_T20_rep1",115,21,60.4544554608527,0
"r8_N30_T20_rep1",115,22,84.2904584148734,0
"r8_N30_T20_rep1",115,23,76.5929721240529,0
"r8_N30_T20_rep1",115,24,93.9338001013711,0
"r8_N30_T20_rep1",115,25,97.2812278130237,0
"r8_N30_T20_rep1",115,26,98.5124841348394,0
"r8_N30_T20_rep1",115,27,117.660848362833,0
"r8_N30_T20_rep1",115,28,109.673218156094,0
"r8_N30_T20_rep1",115,29,134.819057832777,0
"r8_N30_T20_rep1",115,30,130.488350806312,0
"r8_N30_T20_rep1",116,1,-0.723889664439021,0
"r8_N30_T20_rep1",116,2,-26.4968425717831,0
"r8_N30_T20_rep1",116,3,-18.4279753568583,0
"r8_N30_T20_rep1",116,4,8.82529667515843,0
"r8_N30_T20_rep1",116,5,32.8269338044692,0
"r8_N30_T20_rep1",116,6,20.5811938247284,0
"r8_N30_T20_rep1",116,7,22.6322051458287,0
"r8_N30_T20_rep1",116,8,14.7375062996507,0
"r8_N30_T20_rep1",116,9,8.36441535019246,0
"r8_N30_T20_rep1",116,10,13.5943212102901,0
"r8_N30_T20_rep1",116,11,28.0347694185451,0
"r8_N30_T20_rep1",116,12,37.783694206576,0
"r8_N30_T20_rep1",116,13,35.0656726311665,0
"r8_N30_T20_rep1",116,14,47.6356659849182,0
"r8_N30_T20_rep1",116,15,56.3148178733302,0
"r8_N30_T20_rep1",116,16,64.7954851567037,0
"r8_N30_T20_rep1",116,17,64.4771788573442,0
"r8_N30_T20_rep1",116,18,52.0285156377363,0
"r8_N30_T20_rep1",116,19,53.5247668115054,0
"r8_N30_T20_rep1",116,20,67.2429168096324,0
"r8_N30_T20_rep1",116,21,47.7827164923922,0
"r8_N30_T20_rep1",116,22,74.3339732386316,0
"r8_N30_T20_rep1",116,23,52.2988080112171,0
"r8_N30_T20_rep1",116,24,74.8985789623337,0
"r8_N30_T20_rep1",116,25,99.3848638432035,0
"r8_N30_T20_rep1",116,26,100.256788467054,0
"r8_N30_T20_rep1",116,27,118.535143683194,0
"r8_N30_T20_rep1",116,28,108.654518358892,0
"r8_N30_T20_rep1",116,29,121.212624675929,0
"r8_N30_T20_rep1",116,30,117.908109199031,0
"r8_N30_T20_rep1",117,1,12.779713628862,0
"r8_N30_T20_rep1",117,2,-6.09776074725648,0
"r8_N30_T20_rep1",117,3,-5.5951767042476,0
"r8_N30_T20_rep1",117,4,22.9780224372695,0
"r8_N30_T20_rep1",117,5,23.8499560779496,0
"r8_N30_T20_rep1",117,6,23.4462669276793,0
"r8_N30_T20_rep1",117,7,21.9033229170644,0
"r8_N30_T20_rep1",117,8,3.80056550565189,0
"r8_N30_T20_rep1",117,9,11.556051575715,0
"r8_N30_T20_rep1",117,10,32.4625528232717,0
"r8_N30_T20_rep1",117,11,37.3687662598065,0
"r8_N30_T20_rep1",117,12,45.106812996635,0
"r8_N30_T20_rep1",117,13,46.3813778907674,0
"r8_N30_T20_rep1",117,14,71.1195885902802,0
"r8_N30_T20_rep1",117,15,65.227953358047,0
"r8_N30_T20_rep1",117,16,64.2309744560351,0
"r8_N30_T20_rep1",117,17,66.9203136866945,0
"r8_N30_T20_rep1",117,18,58.0438328407524,0
"r8_N30_T20_rep1",117,19,54.7745682386527,0
"r8_N30_T20_rep1",117,20,74.6872493005703,0
"r8_N30_T20_rep1",117,21,66.3229738744155,0
"r8_N30_T20_rep1",117,22,89.668923693557,0
"r8_N30_T20_rep1",117,23,83.5643073468907,0
"r8_N30_T20_rep1",117,24,79.3644796996597,0
"r8_N30_T20_rep1",117,25,109.712519315368,0
"r8_N30_T20_rep1",117,26,101.982931075491,0
"r8_N30_T20_rep1",117,27,115.464908079467,0
"r8_N30_T20_rep1",117,28,113.332357668736,0
"r8_N30_T20_rep1",117,29,142.39722827442,0
"r8_N30_T20_rep1",117,30,119.291789961583,0
"r8_N30_T20_rep1",118,1,14.9075552650026,0
"r8_N30_T20_rep1",118,2,-7.96063338012907,0
"r8_N30_T20_rep1",118,3,8.88235206963454,0
"r8_N30_T20_rep1",118,4,13.9501680387631,0
"r8_N30_T20_rep1",118,5,16.4178888379518,0
"r8_N30_T20_rep1",118,6,24.6814571425225,0
"r8_N30_T20_rep1",118,7,20.9852388747598,0
"r8_N30_T20_rep1",118,8,24.3817989550083,0
"r8_N30_T20_rep1",118,9,36.3439652073894,0
"r8_N30_T20_rep1",118,10,32.6545199995792,0
"r8_N30_T20_rep1",118,11,17.2925427687159,0
"r8_N30_T20_rep1",118,12,49.6400525579909,0
"r8_N30_T20_rep1",118,13,45.6311060403153,0
"r8_N30_T20_rep1",118,14,67.1277660347241,0
"r8_N30_T20_rep1",118,15,57.4411267327807,0
"r8_N30_T20_rep1",118,16,64.468434439858,0
"r8_N30_T20_rep1",118,17,61.0609291436103,0
"r8_N30_T20_rep1",118,18,78.9278582922145,0
"r8_N30_T20_rep1",118,19,73.8703451165349,0
"r8_N30_T20_rep1",118,20,77.5678240243471,0
"r8_N30_T20_rep1",118,21,57.0897225231875,0
"r8_N30_T20_rep1",118,22,83.0777964694997,0
"r8_N30_T20_rep1",118,23,63.7357368456315,0
"r8_N30_T20_rep1",118,24,89.3720431139904,0
"r8_N30_T20_rep1",118,25,91.2536497083313,0
"r8_N30_T20_rep1",118,26,100.009506827888,0
"r8_N30_T20_rep1",118,27,116.056629212759,0
"r8_N30_T20_rep1",118,28,114.385580957613,0
"r8_N30_T20_rep1",118,29,121.564615708466,0
"r8_N30_T20_rep1",118,30,114.931862666705,0
"r8_N30_T20_rep1",119,1,2.81486286087449,0
"r8_N30_T20_rep1",119,2,-26.0262537912764,0
"r8_N30_T20_rep1",119,3,-7.37474423312372,0
"r8_N30_T20_rep1",119,4,7.88653666099767,0
"r8_N30_T20_rep1",119,5,16.8829674937141,0
"r8_N30_T20_rep1",119,6,21.3152603144219,0
"r8_N30_T20_rep1",119,7,25.1852216468499,0
"r8_N30_T20_rep1",119,8,3.69740148652764,0
"r8_N30_T20_rep1",119,9,11.6450808356092,0
"r8_N30_T20_rep1",119,10,32.9555022786037,0
"r8_N30_T20_rep1",119,11,32.2840175444813,0
"r8_N30_T20_rep1",119,12,52.5546411503613,0
"r8_N30_T20_rep1",119,13,44.1810253394522,0
"r8_N30_T20_rep1",119,14,66.6806559036731,0
"r8_N30_T20_rep1",119,15,67.1013364337575,0
"r8_N30_T20_rep1",119,16,60.4806712568103,0
"r8_N30_T20_rep1",119,17,51.32068904318,0
"r8_N30_T20_rep1",119,18,51.6248358801143,0
"r8_N30_T20_rep1",119,19,59.4494855793647,0
"r8_N30_T20_rep1",119,20,65.7238476326525,0
"r8_N30_T20_rep1",119,21,61.3074169089723,0
"r8_N30_T20_rep1",119,22,84.3505620981487,0
"r8_N30_T20_rep1",119,23,68.2547938121844,0
"r8_N30_T20_rep1",119,24,72.0743845361416,0
"r8_N30_T20_rep1",119,25,103.916999362276,0
"r8_N30_T20_rep1",119,26,110.214737094001,0
"r8_N30_T20_rep1",119,27,139.854732279431,0
"r8_N30_T20_rep1",119,28,105.956662537672,0
"r8_N30_T20_rep1",119,29,136.424319632765,0
"r8_N30_T20_rep1",119,30,126.200819083966,0
"r8_N30_T20_rep1",120,1,-3.91921502688755,0
"r8_N30_T20_rep1",120,2,-26.3451631253261,0
"r8_N30_T20_rep1",120,3,-11.4275949938679,0
"r8_N30_T20_rep1",120,4,-2.66992472969336,0
"r8_N30_T20_rep1",120,5,8.6352636079792,0
"r8_N30_T20_rep1",120,6,12.8848704131425,0
"r8_N30_T20_rep1",120,7,25.871315177671,0
"r8_N30_T20_rep1",120,8,23.7279795360509,0
"r8_N30_T20_rep1",120,9,16.7624613261394,0
"r8_N30_T20_rep1",120,10,39.9275707725132,0
"r8_N30_T20_rep1",120,11,49.1823673175806,0
"r8_N30_T20_rep1",120,12,52.5503717050441,0
"r8_N30_T20_rep1",120,13,49.1043408951898,0
"r8_N30_T20_rep1",120,14,53.1283528818966,0
"r8_N30_T20_rep1",120,15,57.3203700751786,0
"r8_N30_T20_rep1",120,16,61.1454908936317,0
"r8_N30_T20_rep1",120,17,51.1468079322863,0
"r8_N30_T20_rep1",120,18,72.3675275699873,0
"r8_N30_T20_rep1",120,19,50.7199305023517,0
"r8_N30_T20_rep1",120,20,61.8236234532405,0
"r8_N30_T20_rep1",120,21,44.997588114522,0
"r8_N30_T20_rep1",120,22,69.9754864572221,0
"r8_N30_T20_rep1",120,23,61.6893934045507,0
"r8_N30_T20_rep1",120,24,87.7479236867445,0
"r8_N30_T20_rep1",120,25,86.5663277821197,0
"r8_N30_T20_rep1",120,26,99.4632273585673,0
"r8_N30_T20_rep1",120,27,104.359143368215,0
"r8_N30_T20_rep1",120,28,106.640257255842,0
"r8_N30_T20_rep1",120,29,106.933204533213,0
"r8_N30_T20_rep1",120,30,106.43278367714,0
"r8_N30_T20_rep1",121,1,1.82729207249638,0
"r8_N30_T20_rep1",121,2,-10.7512963956425,0
"r8_N30_T20_rep1",121,3,-8.29765511962525,0
"r8_N30_T20_rep1",121,4,5.75895180931398,0
"r8_N30_T20_rep1",121,5,19.685164405615,0
"r8_N30_T20_rep1",121,6,24.6807443553887,0
"r8_N30_T20_rep1",121,7,20.3372748337427,0
"r8_N30_T20_rep1",121,8,13.0724777015288,0
"r8_N30_T20_rep1",121,9,17.8889356088409,0
"r8_N30_T20_rep1",121,10,33.0729850845383,0
"r8_N30_T20_rep1",121,11,40.6180668153173,0
"r8_N30_T20_rep1",121,12,41.5825487690012,0
"r8_N30_T20_rep1",121,13,38.6566824884381,0
"r8_N30_T20_rep1",121,14,55.0506742201859,0
"r8_N30_T20_rep1",121,15,56.0581635376977,0
"r8_N30_T20_rep1",121,16,59.724186451239,0
"r8_N30_T20_rep1",121,17,61.2796171459286,0
"r8_N30_T20_rep1",121,18,59.4953950150325,0
"r8_N30_T20_rep1",121,19,46.2115951076429,0
"r8_N30_T20_rep1",121,20,78.1052490415604,0
"r8_N30_T20_rep1",121,21,58.4021590857258,0
"r8_N30_T20_rep1",121,22,74.0702376567482,0
"r8_N30_T20_rep1",121,23,64.7318937499918,0
"r8_N30_T20_rep1",121,24,80.8980245016109,0
"r8_N30_T20_rep1",121,25,103.778689783448,0
"r8_N30_T20_rep1",121,26,105.742348360507,0
"r8_N30_T20_rep1",121,27,121.480767040885,0
"r8_N30_T20_rep1",121,28,105.444462372829,0
"r8_N30_T20_rep1",121,29,109.054111278027,0
"r8_N30_T20_rep1",121,30,109.832233628117,0
"r8_N30_T20_rep1",122,1,-7.30419085718508,0
"r8_N30_T20_rep1",122,2,-12.0414160451678,0
"r8_N30_T20_rep1",122,3,-11.4980426379317,0
"r8_N30_T20_rep1",122,4,6.80835825229961,0
"r8_N30_T20_rep1",122,5,14.4768782670247,0
"r8_N30_T20_rep1",122,6,19.8289261265771,0
"r8_N30_T20_rep1",122,7,22.1165441575284,0
"r8_N30_T20_rep1",122,8,27.3095700440279,0
"r8_N30_T20_rep1",122,9,28.1829133706888,0
"r8_N30_T20_rep1",122,10,35.951613877497,0
"r8_N30_T20_rep1",122,11,35.4633651385744,0
"r8_N30_T20_rep1",122,12,24.3056858570552,0
"r8_N30_T20_rep1",122,13,33.7461945232132,0
"r8_N30_T20_rep1",122,14,54.7097928494253,0
"r8_N30_T20_rep1",122,15,47.2445669549651,0
"r8_N30_T20_rep1",122,16,57.1424809319494,0
"r8_N30_T20_rep1",122,17,56.4855450906107,0
"r8_N30_T20_rep1",122,18,66.4006139729121,0
"r8_N30_T20_rep1",122,19,48.8925466536434,0
"r8_N30_T20_rep1",122,20,56.3142246142693,0
"r8_N30_T20_rep1",122,21,48.6443778836996,0
"r8_N30_T20_rep1",122,22,86.8467008067911,0
"r8_N30_T20_rep1",122,23,68.6421663019849,0
"r8_N30_T20_rep1",122,24,85.3442626415751,0
"r8_N30_T20_rep1",122,25,100.221264811881,0
"r8_N30_T20_rep1",122,26,94.0921798201682,0
"r8_N30_T20_rep1",122,27,120.832684076996,0
"r8_N30_T20_rep1",122,28,119.222220542011,0
"r8_N30_T20_rep1",122,29,130.246649221492,0
"r8_N30_T20_rep1",122,30,129.29425786843,0
"r8_N30_T20_rep1",123,1,8.04721412740108,0
"r8_N30_T20_rep1",123,2,-16.0541269929838,0
"r8_N30_T20_rep1",123,3,-3.28440852045241,0
"r8_N30_T20_rep1",123,4,20.6709056195128,0
"r8_N30_T20_rep1",123,5,35.9969828480765,0
"r8_N30_T20_rep1",123,6,26.4728108828274,0
"r8_N30_T20_rep1",123,7,31.3817599424065,0
"r8_N30_T20_rep1",123,8,14.6373112974101,0
"r8_N30_T20_rep1",123,9,10.5414509377792,0
"r8_N30_T20_rep1",123,10,33.1509541813756,0
"r8_N30_T20_rep1",123,11,38.3601524984269,0
"r8_N30_T20_rep1",123,12,39.6888436004458,0
"r8_N30_T20_rep1",123,13,44.5670312588273,0
"r8_N30_T20_rep1",123,14,72.197275562891,0
"r8_N30_T20_rep1",123,15,64.0610856841789,0
"r8_N30_T20_rep1",123,16,72.2101883080752,0
"r8_N30_T20_rep1",123,17,58.4874124596807,0
"r8_N30_T20_rep1",123,18,60.1322936117685,0
"r8_N30_T20_rep1",123,19,65.254364025124,0
"r8_N30_T20_rep1",123,20,77.4087646538605,0
"r8_N30_T20_rep1",123,21,68.7006810006371,0
"r8_N30_T20_rep1",123,22,94.8957398217581,0
"r8_N30_T20_rep1",123,23,75.2375043903682,0
"r8_N30_T20_rep1",123,24,81.5374326102496,0
"r8_N30_T20_rep1",123,25,106.136761135444,0
"r8_N30_T20_rep1",123,26,96.9897364333294,0
"r8_N30_T20_rep1",123,27,133.661315095968,0
"r8_N30_T20_rep1",123,28,121.461344092629,0
"r8_N30_T20_rep1",123,29,131.895260557697,0
"r8_N30_T20_rep1",123,30,121.372717634823,0
"r8_N30_T20_rep1",124,1,1.19200209037686,0
"r8_N30_T20_rep1",124,2,-18.3868479482633,0
"r8_N30_T20_rep1",124,3,-10.2783204158343,0
"r8_N30_T20_rep1",124,4,0.518647696227355,0
"r8_N30_T20_rep1",124,5,36.3018800696785,0
"r8_N30_T20_rep1",124,6,19.6604715487827,0
"r8_N30_T20_rep1",124,7,38.9633467059324,0
"r8_N30_T20_rep1",124,8,19.0721871037347,0
"r8_N30_T20_rep1",124,9,15.7006521172043,0
"r8_N30_T20_rep1",124,10,21.2940435616944,0
"r8_N30_T20_rep1",124,11,15.7461282100566,0
"r8_N30_T20_rep1",124,12,30.6347017669306,0
"r8_N30_T20_rep1",124,13,21.6255719008856,0
"r8_N30_T20_rep1",124,14,66.4402784512607,0
"r8_N30_T20_rep1",124,15,59.6882285692771,0
"r8_N30_T20_rep1",124,16,60.0132517025743,0
"r8_N30_T20_rep1",124,17,53.1760846664045,0
"r8_N30_T20_rep1",124,18,65.013064078726,0
"r8_N30_T20_rep1",124,19,37.7982955074055,0
"r8_N30_T20_rep1",124,20,54.71156962416,0
"r8_N30_T20_rep1",124,21,45.3979210214854,0
"r8_N30_T20_rep1",124,22,102.737390099881,0
"r8_N30_T20_rep1",124,23,63.2614274118167,0
"r8_N30_T20_rep1",124,24,75.3286887534017,0
"r8_N30_T20_rep1",124,25,87.8608723589617,0
"r8_N30_T20_rep1",124,26,111.019671298672,0
"r8_N30_T20_rep1",124,27,135.835994678931,0
"r8_N30_T20_rep1",124,28,117.838976405187,0
"r8_N30_T20_rep1",124,29,141.468233798238,0
"r8_N30_T20_rep1",124,30,131.251364657137,0
"r8_N30_T20_rep1",125,1,-5.18064700755535,0
"r8_N30_T20_rep1",125,2,-32.3749320992185,0
"r8_N30_T20_rep1",125,3,-18.1363772832993,0
"r8_N30_T20_rep1",125,4,2.33389392650626,0
"r8_N30_T20_rep1",125,5,0.336757742913269,0
"r8_N30_T20_rep1",125,6,21.2309535909368,0
"r8_N30_T20_rep1",125,7,19.9009685211141,0
"r8_N30_T20_rep1",125,8,7.33268078450761,0
"r8_N30_T20_rep1",125,9,25.1607878470155,0
"r8_N30_T20_rep1",125,10,40.3412075850771,0
"r8_N30_T20_rep1",125,11,49.7308217562616,0
"r8_N30_T20_rep1",125,12,54.8854822906715,0
"r8_N30_T20_rep1",125,13,45.4888101102385,0
"r8_N30_T20_rep1",125,14,50.9738575432499,0
"r8_N30_T20_rep1",125,15,63.3126097265166,0
"r8_N30_T20_rep1",125,16,58.4232938901553,0
"r8_N30_T20_rep1",125,17,57.8152710223962,0
"r8_N30_T20_rep1",125,18,54.155601313622,0
"r8_N30_T20_rep1",125,19,55.4096801225418,0
"r8_N30_T20_rep1",125,20,68.693251154562,0
"r8_N30_T20_rep1",125,21,42.7557787425093,0
"r8_N30_T20_rep1",125,22,84.6942621618232,0
"r8_N30_T20_rep1",125,23,75.9746238964207,0
"r8_N30_T20_rep1",125,24,91.713604247816,0
"r8_N30_T20_rep1",125,25,86.4790787410014,0
"r8_N30_T20_rep1",125,26,91.2101844912231,0
"r8_N30_T20_rep1",125,27,106.457065023639,0
"r8_N30_T20_rep1",125,28,112.567375472485,0
"r8_N30_T20_rep1",125,29,112.756205397128,0
"r8_N30_T20_rep1",125,30,96.5737239452284,0
"r8_N30_T20_rep1",126,1,8.62951514560172,0
"r8_N30_T20_rep1",126,2,-3.67213626841015,0
"r8_N30_T20_rep1",126,3,2.06871369784808,0
"r8_N30_T20_rep1",126,4,22.2020673289266,0
"r8_N30_T20_rep1",126,5,20.2534304841798,0
"r8_N30_T20_rep1",126,6,28.1696918782537,0
"r8_N30_T20_rep1",126,7,18.2766931830541,0
"r8_N30_T20_rep1",126,8,6.09405360243633,0
"r8_N30_T20_rep1",126,9,29.3979962341581,0
"r8_N30_T20_rep1",126,10,22.6209583669238,0
"r8_N30_T20_rep1",126,11,48.9090495498423,0
"r8_N30_T20_rep1",126,12,54.8776258075811,0
"r8_N30_T20_rep1",126,13,46.0589782423868,0
"r8_N30_T20_rep1",126,14,89.678428443166,0
"r8_N30_T20_rep1",126,15,66.8598918216342,0
"r8_N30_T20_rep1",126,16,76.2044169162416,0
"r8_N30_T20_rep1",126,17,75.982029620182,0
"r8_N30_T20_rep1",126,18,72.6573402520265,0
"r8_N30_T20_rep1",126,19,61.5748633646013,0
"r8_N30_T20_rep1",126,20,81.5010149154866,0
"r8_N30_T20_rep1",126,21,78.564281997148,0
"r8_N30_T20_rep1",126,22,79.7989315203754,0
"r8_N30_T20_rep1",126,23,70.3650947671431,0
"r8_N30_T20_rep1",126,24,85.0699812248108,0
"r8_N30_T20_rep1",126,25,107.806268093628,0
"r8_N30_T20_rep1",126,26,83.0147972014157,0
"r8_N30_T20_rep1",126,27,111.633508002216,0
"r8_N30_T20_rep1",126,28,98.2639952350854,0
"r8_N30_T20_rep1",126,29,117.442372665943,0
"r8_N30_T20_rep1",126,30,117.889779484295,0
"r8_N30_T20_rep1",127,1,-1.59157593485183,0
"r8_N30_T20_rep1",127,2,-17.896007104654,0
"r8_N30_T20_rep1",127,3,2.58243429939063,0
"r8_N30_T20_rep1",127,4,15.3117254187734,0
"r8_N30_T20_rep1",127,5,8.02448014077448,0
"r8_N30_T20_rep1",127,6,12.9054612113131,0
"r8_N30_T20_rep1",127,7,25.5466773491925,0
"r8_N30_T20_rep1",127,8,14.8241898037326,0
"r8_N30_T20_rep1",127,9,30.6089559711757,0
"r8_N30_T20_rep1",127,10,28.9103035817929,0
"r8_N30_T20_rep1",127,11,35.0032276596901,0
"r8_N30_T20_rep1",127,12,41.6007613844291,0
"r8_N30_T20_rep1",127,13,28.7966349978713,0
"r8_N30_T20_rep1",127,14,66.3842222850278,0
"r8_N30_T20_rep1",127,15,57.7912447011375,0
"r8_N30_T20_rep1",127,16,69.753396671817,0
"r8_N30_T20_rep1",127,17,70.5227153356372,0
"r8_N30_T20_rep1",127,18,66.6254338281199,0
"r8_N30_T20_rep1",127,19,61.7958215090592,0
"r8_N30_T20_rep1",127,20,67.5799658168702,0
"r8_N30_T20_rep1",127,21,55.4987474635895,0
"r8_N30_T20_rep1",127,22,86.1520283071613,0
"r8_N30_T20_rep1",127,23,84.8302376286128,0
"r8_N30_T20_rep1",127,24,83.1558172748187,0
"r8_N30_T20_rep1",127,25,91.7481724922468,0
"r8_N30_T20_rep1",127,26,83.3131208847075,0
"r8_N30_T20_rep1",127,27,102.747536485305,0
"r8_N30_T20_rep1",127,28,99.2421818887224,0
"r8_N30_T20_rep1",127,29,127.111620788422,0
"r8_N30_T20_rep1",127,30,120.13105537855,0
"r8_N30_T20_rep1",128,1,7.96307615998155,0
"r8_N30_T20_rep1",128,2,-29.0753555197198,0
"r8_N30_T20_rep1",128,3,-14.3895857619735,0
"r8_N30_T20_rep1",128,4,-24.4345864459108,0
"r8_N30_T20_rep1",128,5,-2.63956639844429,0
"r8_N30_T20_rep1",128,6,12.9661957263784,0
"r8_N30_T20_rep1",128,7,5.60866453706429,0
"r8_N30_T20_rep1",128,8,-6.09802321269638,0
"r8_N30_T20_rep1",128,9,9.49934722490747,0
"r8_N30_T20_rep1",128,10,53.4604152336087,0
"r8_N30_T20_rep1",128,11,42.9637697693493,0
"r8_N30_T20_rep1",128,12,63.3751645284769,0
"r8_N30_T20_rep1",128,13,55.7693594780714,0
"r8_N30_T20_rep1",128,14,62.0109512480746,0
"r8_N30_T20_rep1",128,15,66.2687178294112,0
"r8_N30_T20_rep1",128,16,50.4096767788167,0
"r8_N30_T20_rep1",128,17,41.1796750415964,0
"r8_N30_T20_rep1",128,18,49.1465205771917,0
"r8_N30_T20_rep1",128,19,49.6940803133018,0
"r8_N30_T20_rep1",128,20,71.7165312043599,0
"r8_N30_T20_rep1",128,21,66.2085127011157,0
"r8_N30_T20_rep1",128,22,88.2893186000452,0
"r8_N30_T20_rep1",128,23,75.7449959809737,0
"r8_N30_T20_rep1",128,24,90.3181985155832,0
"r8_N30_T20_rep1",128,25,90.0203265098338,0
"r8_N30_T20_rep1",128,26,100.535039414474,0
"r8_N30_T20_rep1",128,27,117.373300445522,0
"r8_N30_T20_rep1",128,28,123.557987077673,0
"r8_N30_T20_rep1",128,29,119.016467891284,0
"r8_N30_T20_rep1",128,30,106.074560884594,0
"r8_N30_T20_rep1",129,1,-24.7406681512118,0
"r8_N30_T20_rep1",129,2,-32.2214731789613,0
"r8_N30_T20_rep1",129,3,-7.11548025382601,0
"r8_N30_T20_rep1",129,4,-3.98048876110888,0
"r8_N30_T20_rep1",129,5,37.2481910313311,0
"r8_N30_T20_rep1",129,6,24.626050970544,0
"r8_N30_T20_rep1",129,7,24.6236317184676,0
"r8_N30_T20_rep1",129,8,23.4838603238129,0
"r8_N30_T20_rep1",129,9,17.2666407802595,0
"r8_N30_T20_rep1",129,10,41.3213637331815,0
"r8_N30_T20_rep1",129,11,51.5590477783702,0
"r8_N30_T20_rep1",129,12,29.8500234170767,0
"r8_N30_T20_rep1",129,13,26.1487655201605,0
"r8_N30_T20_rep1",129,14,45.221334008467,0
"r8_N30_T20_rep1",129,15,61.0658603658506,0
"r8_N30_T20_rep1",129,16,53.5122924816972,0
"r8_N30_T20_rep1",129,17,41.0463100333687,0
"r8_N30_T20_rep1",129,18,55.0505432846874,0
"r8_N30_T20_rep1",129,19,46.8345055760161,0
"r8_N30_T20_rep1",129,20,57.1405976287,0
"r8_N30_T20_rep1",129,21,38.3844980003923,0
"r8_N30_T20_rep1",129,22,83.3044855902206,0
"r8_N30_T20_rep1",129,23,74.6330936675545,0
"r8_N30_T20_rep1",129,24,106.137704178297,0
"r8_N30_T20_rep1",129,25,111.051183995927,0
"r8_N30_T20_rep1",129,26,99.016615253712,0
"r8_N30_T20_rep1",129,27,115.945577784043,0
"r8_N30_T20_rep1",129,28,125.498400329324,0
"r8_N30_T20_rep1",129,29,121.363950834701,0
"r8_N30_T20_rep1",129,30,123.761855000655,0
"r8_N30_T20_rep1",130,1,-5.16458411612257,0
"r8_N30_T20_rep1",130,2,-27.7419868118185,0
"r8_N30_T20_rep1",130,3,-23.3418875697503,0
"r8_N30_T20_rep1",130,4,-6.62558249847396,0
"r8_N30_T20_rep1",130,5,26.2049424729635,0
"r8_N30_T20_rep1",130,6,25.0144079600671,0
"r8_N30_T20_rep1",130,7,25.8621294797862,0
"r8_N30_T20_rep1",130,8,23.1285883871278,0
"r8_N30_T20_rep1",130,9,16.3527414783724,0
"r8_N30_T20_rep1",130,10,20.3271750522563,0
"r8_N30_T20_rep1",130,11,38.3171312581817,0
"r8_N30_T20_rep1",130,12,38.7825405970513,0
"r8_N30_T20_rep1",130,13,32.4695604247974,0
"r8_N30_T20_rep1",130,14,50.1910430828445,0
"r8_N30_T20_rep1",130,15,60.640686094558,0
"r8_N30_T20_rep1",130,16,53.0239153405885,0
"r8_N30_T20_rep1",130,17,46.9285814169461,0
"r8_N30_T20_rep1",130,18,61.8121598170038,0
"r8_N30_T20_rep1",130,19,52.1861910204007,0
"r8_N30_T20_rep1",130,20,65.439372612742,0
"r8_N30_T20_rep1",130,21,54.6773628421487,0
"r8_N30_T20_rep1",130,22,81.9607766094097,0
"r8_N30_T20_rep1",130,23,74.6465509367765,0
"r8_N30_T20_rep1",130,24,90.6750934541887,0
"r8_N30_T20_rep1",130,25,101.072849192596,0
"r8_N30_T20_rep1",130,26,98.2350235913865,0
"r8_N30_T20_rep1",130,27,120.612271598126,0
"r8_N30_T20_rep1",130,28,116.39019594358,0
"r8_N30_T20_rep1",130,29,130.737876811531,0
"r8_N30_T20_rep1",130,30,129.476906697608,0
"r8_N30_T20_rep1",131,1,5.56184216796692,0
"r8_N30_T20_rep1",131,2,-13.7451269018196,0
"r8_N30_T20_rep1",131,3,-10.8226428972194,0
"r8_N30_T20_rep1",131,4,6.01101119150953,0
"r8_N30_T20_rep1",131,5,8.76579037123935,0
"r8_N30_T20_rep1",131,6,23.344969303666,0
"r8_N30_T20_rep1",131,7,21.1429046812959,0
"r8_N30_T20_rep1",131,8,9.01068956409918,0
"r8_N30_T20_rep1",131,9,10.1651788532387,0
"r8_N30_T20_rep1",131,10,46.9130734767975,0
"r8_N30_T20_rep1",131,11,39.3846489823415,0
"r8_N30_T20_rep1",131,12,54.8724341486424,0
"r8_N30_T20_rep1",131,13,55.6817091867136,0
"r8_N30_T20_rep1",131,14,74.7305575208071,0
"r8_N30_T20_rep1",131,15,61.2743308499383,0
"r8_N30_T20_rep1",131,16,67.4322169321897,0
"r8_N30_T20_rep1",131,17,64.7356002924957,0
"r8_N30_T20_rep1",131,18,57.8480345198127,0
"r8_N30_T20_rep1",131,19,67.1804330876667,0
"r8_N30_T20_rep1",131,20,63.6121896143705,0
"r8_N30_T20_rep1",131,21,57.9892943501513,0
"r8_N30_T20_rep1",131,22,65.4168468660513,0
"r8_N30_T20_rep1",131,23,60.9851585600938,0
"r8_N30_T20_rep1",131,24,73.7119559069486,0
"r8_N30_T20_rep1",131,25,87.3880852312616,0
"r8_N30_T20_rep1",131,26,87.3827100825529,0
"r8_N30_T20_rep1",131,27,107.342629133319,0
"r8_N30_T20_rep1",131,28,100.305807319983,0
"r8_N30_T20_rep1",131,29,102.333196658759,0
"r8_N30_T20_rep1",131,30,101.513300635654,0
"r8_N30_T20_rep2",101,1,0.812963672283589,0
"r8_N30_T20_rep2",101,2,-23.1716654100706,0
"r8_N30_T20_rep2",101,3,-9.61316259094864,0
"r8_N30_T20_rep2",101,4,18.4164803189063,0
"r8_N30_T20_rep2",101,5,10.955764809036,0
"r8_N30_T20_rep2",101,6,24.8543147371607,0
"r8_N30_T20_rep2",101,7,15.5845510772908,0
"r8_N30_T20_rep2",101,8,9.75720326563203,0
"r8_N30_T20_rep2",101,9,1.79462882570918,0
"r8_N30_T20_rep2",101,10,26.504530682499,0
"r8_N30_T20_rep2",101,11,25.791965397794,0
"r8_N30_T20_rep2",101,12,56.3673743984931,0
"r8_N30_T20_rep2",101,13,42.5866414743658,0
"r8_N30_T20_rep2",101,14,66.4178163255821,0
"r8_N30_T20_rep2",101,15,73.5896936149926,0
"r8_N30_T20_rep2",101,16,66.6992871810762,0
"r8_N30_T20_rep2",101,17,66.099913744465,0
"r8_N30_T20_rep2",101,18,73.4305779351017,0
"r8_N30_T20_rep2",101,19,65.6440177927625,0
"r8_N30_T20_rep2",101,20,87.6837592333605,0
"r8_N30_T20_rep2",101,21,64.4589188947799,0
"r8_N30_T20_rep2",101,22,88.2920205856546,0
"r8_N30_T20_rep2",101,23,63.3471584732887,0
"r8_N30_T20_rep2",101,24,96.0361757400521,0
"r8_N30_T20_rep2",101,25,81.3426269332949,0
"r8_N30_T20_rep2",101,26,81.3096376139809,0
"r8_N30_T20_rep2",101,27,108.671802946764,0
"r8_N30_T20_rep2",101,28,119.887344633777,0
"r8_N30_T20_rep2",101,29,125.340527172677,0
"r8_N30_T20_rep2",101,30,109.353395951435,0
"r8_N30_T20_rep2",102,1,-4.3414836167778,0
"r8_N30_T20_rep2",102,2,-16.5927119673795,0
"r8_N30_T20_rep2",102,3,-2.14132017378139,0
"r8_N30_T20_rep2",102,4,8.7221363494763,0
"r8_N30_T20_rep2",102,5,18.5942256111435,0
"r8_N30_T20_rep2",102,6,23.5399272480329,0
"r8_N30_T20_rep2",102,7,11.9959839673591,0
"r8_N30_T20_rep2",102,8,11.9077492295262,0
"r8_N30_T20_rep2",102,9,27.527935384542,0
"r8_N30_T20_rep2",102,10,40.0161848898458,0
"r8_N30_T20_rep2",102,11,37.6804822257929,0
"r8_N30_T20_rep2",102,12,50.7010342374246,0
"r8_N30_T20_rep2",102,13,52.2011899932114,0
"r8_N30_T20_rep2",102,14,79.5500091786067,0
"r8_N30_T20_rep2",102,15,70.4681636900589,0
"r8_N30_T20_rep2",102,16,78.5810625591887,0
"r8_N30_T20_rep2",102,17,69.8332269418129,0
"r8_N30_T20_rep2",102,18,63.3548373079206,0
"r8_N30_T20_rep2",102,19,54.614573416093,0
"r8_N30_T20_rep2",102,20,70.1863803628488,0
"r8_N30_T20_rep2",102,21,52.1383944141207,0
"r8_N30_T20_rep2",102,22,65.5004520979916,0
"r8_N30_T20_rep2",102,23,74.6289097969862,0
"r8_N30_T20_rep2",102,24,77.71528054643,0
"r8_N30_T20_rep2",102,25,98.7272871679387,0
"r8_N30_T20_rep2",102,26,114.125387981443,0
"r8_N30_T20_rep2",102,27,118.571325494502,0
"r8_N30_T20_rep2",102,28,104.369530824043,0
"r8_N30_T20_rep2",102,29,110.298715570293,0
"r8_N30_T20_rep2",102,30,100.01566026304,0
"r8_N30_T20_rep2",103,1,8.69494747371234,0
"r8_N30_T20_rep2",103,2,-11.5422031209038,0
"r8_N30_T20_rep2",103,3,6.26890818019498,0
"r8_N30_T20_rep2",103,4,9.96289897903125,0
"r8_N30_T20_rep2",103,5,17.505228406021,0
"r8_N30_T20_rep2",103,6,19.2969993199094,0
"r8_N30_T20_rep2",103,7,28.4139036897456,0
"r8_N30_T20_rep2",103,8,18.5195478198844,0
"r8_N30_T20_rep2",103,9,17.9044679656946,0
"r8_N30_T20_rep2",103,10,43.8381756430909,0
"r8_N30_T20_rep2",103,11,37.6550243612833,0
"r8_N30_T20_rep2",103,12,47.1296552930704,0
"r8_N30_T20_rep2",103,13,43.5031935705203,0
"r8_N30_T20_rep2",103,14,61.9167625988118,0
"r8_N30_T20_rep2",103,15,60.5421827114819,0
"r8_N30_T20_rep2",103,16,64.7265134500445,0
"r8_N30_T20_rep2",103,17,61.2715570283893,0
"r8_N30_T20_rep2",103,18,63.6297164870295,0
"r8_N30_T20_rep2",103,19,63.5948328167681,0
"r8_N30_T20_rep2",103,20,69.063069037597,0
"r8_N30_T20_rep2",103,21,56.8310914273191,0
"r8_N30_T20_rep2",103,22,80.83066605605,0
"r8_N30_T20_rep2",103,23,71.4644897271559,0
"r8_N30_T20_rep2",103,24,95.0008209297312,0
"r8_N30_T20_rep2",103,25,97.3852760826265,0
"r8_N30_T20_rep2",103,26,109.6914295662,0
"r8_N30_T20_rep2",103,27,114.589826100519,0
"r8_N30_T20_rep2",103,28,110.969719499685,0
"r8_N30_T20_rep2",103,29,126.606710189517,0
"r8_N30_T20_rep2",103,30,126.186693363241,0
"r8_N30_T20_rep2",104,1,7.91026597056872,0
"r8_N30_T20_rep2",104,2,-18.969164546115,0
"r8_N30_T20_rep2",104,3,-3.1524620321715,0
"r8_N30_T20_rep2",104,4,14.9116838858097,0
"r8_N30_T20_rep2",104,5,23.5441156409871,0
"r8_N30_T20_rep2",104,6,25.1252026820995,0
"r8_N30_T20_rep2",104,7,22.6625435208944,0
"r8_N30_T20_rep2",104,8,2.84479895345689,0
"r8_N30_T20_rep2",104,9,18.2932101452262,0
"r8_N30_T20_rep2",104,10,30.7977923136179,0
"r8_N30_T20_rep2",104,11,33.6507252877556,0
"r8_N30_T20_rep2",104,12,60.8933317619686,0
"r8_N30_T20_rep2",104,13,50.0049284681263,0
"r8_N30_T20_rep2",104,14,75.8402561478298,0
"r8_N30_T20_rep2",104,15,77.0602213434261,0
"r8_N30_T20_rep2",104,16,75.1415270888258,0
"r8_N30_T20_rep2",104,17,71.5688264535641,0
"r8_N30_T20_rep2",104,18,66.9476659631669,0
"r8_N30_T20_rep2",104,19,53.7944114157094,0
"r8_N30_T20_rep2",104,20,72.2825982139278,0
"r8_N30_T20_rep2",104,21,71.2117418681083,0
"r8_N30_T20_rep2",104,22,83.3877182760658,0
"r8_N30_T20_rep2",104,23,66.8620255460871,0
"r8_N30_T20_rep2",104,24,75.1374513377271,0
"r8_N30_T20_rep2",104,25,104.783624576624,0
"r8_N30_T20_rep2",104,26,102.640404561471,0
"r8_N30_T20_rep2",104,27,118.777284328559,0
"r8_N30_T20_rep2",104,28,111.520673217572,0
"r8_N30_T20_rep2",104,29,122.501605003801,0
"r8_N30_T20_rep2",104,30,114.595713837903,0
"r8_N30_T20_rep2",105,1,6.83090001852105,0
"r8_N30_T20_rep2",105,2,-14.0500350412031,0
"r8_N30_T20_rep2",105,3,-6.05235528693942,0
"r8_N30_T20_rep2",105,4,11.8784713365252,0
"r8_N30_T20_rep2",105,5,27.7640450950898,0
"r8_N30_T20_rep2",105,6,31.9376687406627,0
"r8_N30_T20_rep2",105,7,19.7848227161023,0
"r8_N30_T20_rep2",105,8,9.17043918362807,0
"r8_N30_T20_rep2",105,9,18.3009068461806,0
"r8_N30_T20_rep2",105,10,30.7236557148009,0
"r8_N30_T20_rep2",105,11,33.8793754204438,0
"r8_N30_T20_rep2",105,12,53.9143566265984,0
"r8_N30_T20_rep2",105,13,40.4228795071834,0
"r8_N30_T20_rep2",105,14,57.2291880175986,0
"r8_N30_T20_rep2",105,15,57.4236418787187,0
"r8_N30_T20_rep2",105,16,60.6916271067487,0
"r8_N30_T20_rep2",105,17,57.3557857910983,0
"r8_N30_T20_rep2",105,18,58.5616601114564,0
"r8_N30_T20_rep2",105,19,51.9050016698523,0
"r8_N30_T20_rep2",105,20,70.3729326494027,0
"r8_N30_T20_rep2",105,21,59.7525606567589,0
"r8_N30_T20_rep2",105,22,85.5603607284749,0
"r8_N30_T20_rep2",105,23,70.6660656801885,0
"r8_N30_T20_rep2",105,24,72.9725930402792,0
"r8_N30_T20_rep2",105,25,92.9102267288896,0
"r8_N30_T20_rep2",105,26,100.134229700928,0
"r8_N30_T20_rep2",105,27,95.2401669331711,0
"r8_N30_T20_rep2",105,28,114.960354005318,0
"r8_N30_T20_rep2",105,29,105.399019660889,0
"r8_N30_T20_rep2",105,30,110.110475287039,0
"r8_N30_T20_rep2",106,1,-9.45423164288654,0
"r8_N30_T20_rep2",106,2,-18.4984198052393,0
"r8_N30_T20_rep2",106,3,1.29500252359412,0
"r8_N30_T20_rep2",106,4,3.06779349605873,0
"r8_N30_T20_rep2",106,5,7.02648347566475,0
"r8_N30_T20_rep2",106,6,14.7423456932388,0
"r8_N30_T20_rep2",106,7,23.3115836176691,0
"r8_N30_T20_rep2",106,8,11.0982137081961,0
"r8_N30_T20_rep2",106,9,18.7855867451455,0
"r8_N30_T20_rep2",106,10,28.7042479128068,0
"r8_N30_T20_rep2",106,11,42.512704792499,0
"r8_N30_T20_rep2",106,12,38.6189316243165,0
"r8_N30_T20_rep2",106,13,48.2275051344885,0
"r8_N30_T20_rep2",106,14,59.1837023950103,0
"r8_N30_T20_rep2",106,15,74.6451014645975,0
"r8_N30_T20_rep2",106,16,60.7874983066123,0
"r8_N30_T20_rep2",106,17,55.4190791770571,0
"r8_N30_T20_rep2",106,18,61.8941813224798,0
"r8_N30_T20_rep2",106,19,62.4161103698063,0
"r8_N30_T20_rep2",106,20,68.0669642053779,0
"r8_N30_T20_rep2",106,21,57.9323644831224,0
"r8_N30_T20_rep2",106,22,74.5628136494622,0
"r8_N30_T20_rep2",106,23,65.2434577917572,0
"r8_N30_T20_rep2",106,24,84.6798034527779,0
"r8_N30_T20_rep2",106,25,99.3346267862927,0
"r8_N30_T20_rep2",106,26,105.470891973317,0
"r8_N30_T20_rep2",106,27,121.703010498407,0
"r8_N30_T20_rep2",106,28,120.715149525392,0
"r8_N30_T20_rep2",106,29,116.954507684569,0
"r8_N30_T20_rep2",106,30,116.986941099003,0
"r8_N30_T20_rep2",107,1,5.17188832876281,0
"r8_N30_T20_rep2",107,2,-23.6748034606128,0
"r8_N30_T20_rep2",107,3,-14.533692608013,0
"r8_N30_T20_rep2",107,4,9.3452767525521,0
"r8_N30_T20_rep2",107,5,13.0275113623425,0
"r8_N30_T20_rep2",107,6,28.7735410063161,0
"r8_N30_T20_rep2",107,7,16.3371940775637,0
"r8_N30_T20_rep2",107,8,14.883948634585,0
"r8_N30_T20_rep2",107,9,15.0962964987887,0
"r8_N30_T20_rep2",107,10,34.1517870531519,0
"r8_N30_T20_rep2",107,11,33.52842859813,0
"r8_N30_T20_rep2",107,12,36.5788626154608,0
"r8_N30_T20_rep2",107,13,39.7114639723317,0
"r8_N30_T20_rep2",107,14,67.8625184823583,0
"r8_N30_T20_rep2",107,15,59.8651605013712,0
"r8_N30_T20_rep2",107,16,64.320194970441,0
"r8_N30_T20_rep2",107,17,62.2527342251085,0
"r8_N30_T20_rep2",107,18,81.4609512368214,0
"r8_N30_T20_rep2",107,19,52.7310968383924,0
"r8_N30_T20_rep2",107,20,72.1488449856554,0
"r8_N30_T20_rep2",107,21,51.6992602322249,0
"r8_N30_T20_rep2",107,22,66.2808425709177,0
"r8_N30_T20_rep2",107,23,70.7493126348359,0
"r8_N30_T20_rep2",107,24,97.9505011917692,0
"r8_N30_T20_rep2",107,25,95.6856636399921,0
"r8_N30_T20_rep2",107,26,107.981702596393,0
"r8_N30_T20_rep2",107,27,128.941880843215,0
"r8_N30_T20_rep2",107,28,108.061680135645,0
"r8_N30_T20_rep2",107,29,110.74301298092,0
"r8_N30_T20_rep2",107,30,109.954790160367,0
"r8_N30_T20_rep2",108,1,-0.53359574093176,0
"r8_N30_T20_rep2",108,2,-16.0326335563551,0
"r8_N30_T20_rep2",108,3,-8.398210261121,0
"r8_N30_T20_rep2",108,4,6.39073964795636,0
"r8_N30_T20_rep2",108,5,13.0722835761166,0
"r8_N30_T20_rep2",108,6,9.58372671237042,0
"r8_N30_T20_rep2",108,7,13.906853141124,0
"r8_N30_T20_rep2",108,8,11.991799187555,0
"r8_N30_T20_rep2",108,9,15.6264971160927,0
"r8_N30_T20_rep2",108,10,34.1762909808955,0
"r8_N30_T20_rep2",108,11,40.1817636284968,0
"r8_N30_T20_rep2",108,12,66.8230894911695,0
"r8_N30_T20_rep2",108,13,44.2768039688036,0
"r8_N30_T20_rep2",108,14,67.6013465045491,0
"r8_N30_T20_rep2",108,15,71.6920331792428,0
"r8_N30_T20_rep2",108,16,63.3672601647215,0
"r8_N30_T20_rep2",108,17,55.0931948234573,0
"r8_N30_T20_rep2",108,18,51.949895201527,0
"r8_N30_T20_rep2",108,19,64.6866873175773,0
"r8_N30_T20_rep2",108,20,67.6153314715261,0
"r8_N30_T20_rep2",108,21,70.5120936424558,0
"r8_N30_T20_rep2",108,22,70.9516171446914,0
"r8_N30_T20_rep2",108,23,68.3808464937394,0
"r8_N30_T20_rep2",108,24,81.948964096905,0
"r8_N30_T20_rep2",108,25,102.596530076071,0
"r8_N30_T20_rep2",108,26,96.3838647529299,0
"r8_N30_T20_rep2",108,27,117.638121131116,0
"r8_N30_T20_rep2",108,28,113.387785011076,0
"r8_N30_T20_rep2",108,29,116.833366540091,0
"r8_N30_T20_rep2",108,30,113.350683962421,0
"r8_N30_T20_rep2",109,1,13.7806525315568,0
"r8_N30_T20_rep2",109,2,-12.4875024164395,0
"r8_N30_T20_rep2",109,3,1.8838356180435,0
"r8_N30_T20_rep2",109,4,17.0764349879624,0
"r8_N30_T20_rep2",109,5,16.2540698510343,0
"r8_N30_T20_rep2",109,6,20.0871979546473,0
"r8_N30_T20_rep2",109,7,40.5442075531016,0
"r8_N30_T20_rep2",109,8,3.30044266416734,0
"r8_N30_T20_rep2",109,9,16.1517051349699,0
"r8_N30_T20_rep2",109,10,36.7805376061829,0
"r8_N30_T20_rep2",109,11,41.4280609621634,0
"r8_N30_T20_rep2",109,12,38.3617236258385,0
"r8_N30_T20_rep2",109,13,34.9370655738843,0
"r8_N30_T20_rep2",109,14,56.7241285739777,0
"r8_N30_T20_rep2",109,15,54.612165858534,0
"r8_N30_T20_rep2",109,16,66.3643648317261,0
"r8_N30_T20_rep2",109,17,72.3410227084698,0
"r8_N30_T20_rep2",109,18,81.4437747728723,0
"r8_N30_T20_rep2",109,19,59.9147354449781,0
"r8_N30_T20_rep2",109,20,63.5783415150014,0
"r8_N30_T20_rep2",109,21,60.5411546854537,0
"r8_N30_T20_rep2",109,22,79.6580893522775,0
"r8_N30_T20_rep2",109,23,68.0735884191944,0
"r8_N30_T20_rep2",109,24,89.8244328789882,0
"r8_N30_T20_rep2",109,25,107.148487528891,0
"r8_N30_T20_rep2",109,26,107.204153620721,0
"r8_N30_T20_rep2",109,27,122.543991201755,0
"r8_N30_T20_rep2",109,28,113.167439865806,0
"r8_N30_T20_rep2",109,29,122.947414401584,0
"r8_N30_T20_rep2",109,30,118.39507023471,0
"r8_N30_T20_rep2",110,1,19.7233718322044,0
"r8_N30_T20_rep2",110,2,-5.47763955290922,0
"r8_N30_T20_rep2",110,3,4.45081767777199,0
"r8_N30_T20_rep2",110,4,8.82358247610383,0
"r8_N30_T20_rep2",110,5,25.3262908648607,0
"r8_N30_T20_rep2",110,6,15.2547670719159,0
"r8_N30_T20_rep2",110,7,39.9790167215411,0
"r8_N30_T20_rep2",110,8,23.0901153378938,0
"r8_N30_T20_rep2",110,9,35.5898316385827,0
"r8_N30_T20_rep2",110,10,48.3410304090955,0
"r8_N30_T20_rep2",110,11,41.5628386357661,0
"r8_N30_T20_rep2",110,12,47.7545987966322,0
"r8_N30_T20_rep2",110,13,28.5938156786363,0
"r8_N30_T20_rep2",110,14,55.1879140063431,0
"r8_N30_T20_rep2",110,15,44.1171450120219,0
"r8_N30_T20_rep2",110,16,65.9203898907057,0
"r8_N30_T20_rep2",110,17,65.0919409244856,0
"r8_N30_T20_rep2",110,18,77.1593512784531,0
"r8_N30_T20_rep2",110,19,54.3372573429621,0
"r8_N30_T20_rep2",110,20,74.5401538296043,0
"r8_N30_T20_rep2",110,21,55.3674119862668,0
"r8_N30_T20_rep2",110,22,89.263974174481,0
"r8_N30_T20_rep2",110,23,87.9817374163675,0
"r8_N30_T20_rep2",110,24,102.587873730493,0
"r8_N30_T20_rep2",110,25,90.3319334454415,0
"r8_N30_T20_rep2",110,26,105.824346341666,0
"r8_N30_T20_rep2",110,27,124.539455856313,0
"r8_N30_T20_rep2",110,28,110.895824572846,0
"r8_N30_T20_rep2",110,29,130.508150522504,0
"r8_N30_T20_rep2",110,30,133.493863964645,0
"r8_N30_T20_rep2",111,1,14.9761022677687,0
"r8_N30_T20_rep2",111,2,-10.6998477259165,0
"r8_N30_T20_rep2",111,3,4.97015808824523,0
"r8_N30_T20_rep2",111,4,0.49736402697244,0
"r8_N30_T20_rep2",111,5,29.8517308414209,0
"r8_N30_T20_rep2",111,6,18.2688656885523,0
"r8_N30_T20_rep2",111,7,31.0655657885582,0
"r8_N30_T20_rep2",111,8,31.3758015524117,0
"r8_N30_T20_rep2",111,9,35.3027218870235,0
"r8_N30_T20_rep2",111,10,29.2793382521267,0
"r8_N30_T20_rep2",111,11,44.4435943962189,0
"r8_N30_T20_rep2",111,12,46.657555116601,0
"r8_N30_T20_rep2",111,13,26.5083025376215,0
"r8_N30_T20_rep2",111,14,49.7210486615486,0
"r8_N30_T20_rep2",111,15,39.2106034733187,0
"r8_N30_T20_rep2",111,16,43.4028000645048,0
"r8_N30_T20_rep2",111,17,44.6504550347887,0
"r8_N30_T20_rep2",111,18,59.6813090564017,0
"r8_N30_T20_rep2",111,19,51.3672310662228,0
"r8_N30_T20_rep2",111,20,68.4877932018185,0
"r8_N30_T20_rep2",111,21,67.0404624651641,0
"r8_N30_T20_rep2",111,22,75.1945982341508,0
"r8_N30_T20_rep2",111,23,85.3772933521741,0
"r8_N30_T20_rep2",111,24,89.9533108798553,0
"r8_N30_T20_rep2",111,25,91.3264301089979,0
"r8_N30_T20_rep2",111,26,100.340738815547,0
"r8_N30_T20_rep2",111,27,99.4091339221771,0
"r8_N30_T20_rep2",111,28,108.46172700918,0
"r8_N30_T20_rep2",111,29,114.826462860506,0
"r8_N30_T20_rep2",111,30,113.248439201995,0
"r8_N30_T20_rep2",112,1,5.10266811085757,0
"r8_N30_T20_rep2",112,2,-21.3511255420687,0
"r8_N30_T20_rep2",112,3,-13.0441200182937,0
"r8_N30_T20_rep2",112,4,18.6770621670162,0
"r8_N30_T20_rep2",112,5,23.435846574075,0
"r8_N30_T20_rep2",112,6,33.7635792753929,0
"r8_N30_T20_rep2",112,7,15.7948523582148,0
"r8_N30_T20_rep2",112,8,9.55302655653287,0
"r8_N30_T20_rep2",112,9,13.7173456349795,0
"r8_N30_T20_rep2",112,10,23.4414168262411,0
"r8_N30_T20_rep2",112,11,32.9267232038343,0
"r8_N30_T20_rep2",112,12,51.1706170945785,0
"r8_N30_T20_rep2",112,13,46.2414979119682,0
"r8_N30_T20_rep2",112,14,59.4341761246255,0
"r8_N30_T20_rep2",112,15,64.137558416231,0
"r8_N30_T20_rep2",112,16,62.265304273051,0
"r8_N30_T20_rep2",112,17,74.2251904654916,0
"r8_N30_T20_rep2",112,18,63.6207168575349,0
"r8_N30_T20_rep2",112,19,60.0700024947766,0
"r8_N30_T20_rep2",112,20,73.6137617213324,0
"r8_N30_T20_rep2",112,21,55.5691722556256,0
"r8_N30_T20_rep2",112,22,84.1123990218448,0
"r8_N30_T20_rep2",112,23,63.3500264593236,0
"r8_N30_T20_rep2",112,24,85.8004880560165,0
"r8_N30_T20_rep2",112,25,89.5323237451794,0
"r8_N30_T20_rep2",112,26,89.9032909835639,0
"r8_N30_T20_rep2",112,27,105.146848886577,0
"r8_N30_T20_rep2",112,28,113.865711384673,0
"r8_N30_T20_rep2",112,29,120.973709354821,0
"r8_N30_T20_rep2",112,30,103.688452517998,0
"r8_N30_T20_rep2",113,1,-13.6208896304943,0
"r8_N30_T20_rep2",113,2,-26.6870168131042,0
"r8_N30_T20_rep2",113,3,-1.90868455028169,0
"r8_N30_T20_rep2",113,4,8.20077988321217,0
"r8_N30_T20_rep2",113,5,8.80134259443185,0
"r8_N30_T20_rep2",113,6,-2.29254440061927,0
"r8_N30_T20_rep2",113,7,16.6261748496135,0
"r8_N30_T20_rep2",113,8,20.5385150255643,0
"r8_N30_T20_rep2",113,9,26.5877027659141,0
"r8_N30_T20_rep2",113,10,29.2444308786882,0
"r8_N30_T20_rep2",113,11,37.1203292977602,0
"r8_N30_T20_rep2",113,12,54.8966513212373,0
"r8_N30_T20_rep2",113,13,42.7465268449006,0
"r8_N30_T20_rep2",113,14,65.9576849235377,0
"r8_N30_T20_rep2",113,15,51.5644332785411,0
"r8_N30_T20_rep2",113,16,66.9905995191547,0
"r8_N30_T20_rep2",113,17,58.6360518053864,0
"r8_N30_T20_rep2",113,18,61.0813678020234,0
"r8_N30_T20_rep2",113,19,57.2011493284306,0
"r8_N30_T20_rep2",113,20,77.6024116492305,0
"r8_N30_T20_rep2",113,21,56.8662524597061,0
"r8_N30_T20_rep2",113,22,87.907338538237,0
"r8_N30_T20_rep2",113,23,78.4115198689245,0
"r8_N30_T20_rep2",113,24,94.7401832594324,0
"r8_N30_T20_rep2",113,25,104.211772244115,0
"r8_N30_T20_rep2",113,26,106.354287364198,0
"r8_N30_T20_rep2",113,27,130.815753412005,0
"r8_N30_T20_rep2",113,28,120.64352079809,0
"r8_N30_T20_rep2",113,29,128.580891430236,0
"r8_N30_T20_rep2",113,30,114.891679396566,0
"r8_N30_T20_rep2",114,1,2.55657695598249,0
"r8_N30_T20_rep2",114,2,-13.0665239137413,0
"r8_N30_T20_rep2",114,3,-3.54336777324073,0
"r8_N30_T20_rep2",114,4,11.2931182573455,0
"r8_N30_T20_rep2",114,5,24.0613089963364,0
"r8_N30_T20_rep2",114,6,32.5484303521662,0
"r8_N30_T20_rep2",114,7,28.772396056931,0
"r8_N30_T20_rep2",114,8,18.2326797974882,0
"r8_N30_T20_rep2",114,9,18.0531665085686,0
"r8_N30_T20_rep2",114,10,31.3186141725302,0
"r8_N30_T20_rep2",114,11,39.8625119034703,0
"r8_N30_T20_rep2",114,12,50.8631938537834,0
"r8_N30_T20_rep2",114,13,40.0609083379202,0
"r8_N30_T20_rep2",114,14,64.499022138065,0
"r8_N30_T20_rep2",114,15,60.8812842038543,0
"r8_N30_T20_rep2",114,16,67.3222669083496,0
"r8_N30_T20_rep2",114,17,69.1281101547209,0
"r8_N30_T20_rep2",114,18,61.530906658433,0
"r8_N30_T20_rep2",114,19,57.1778655585418,0
"r8_N30_T20_rep2",114,20,71.6730457287086,0
"r8_N30_T20_rep2",114,21,50.7233585611864,0
"r8_N30_T20_rep2",114,22,79.1932545714599,0
"r8_N30_T20_rep2",114,23,73.4152572401268,0
"r8_N30_T20_rep2",114,24,87.4541218094744,0
"r8_N30_T20_rep2",114,25,98.0877178880705,0
"r8_N30_T20_rep2",114,26,95.2085119335773,0
"r8_N30_T20_rep2",114,27,109.2621345289,0
"r8_N30_T20_rep2",114,28,110.844759315648,0
"r8_N30_T20_rep2",114,29,119.813220958278,0
"r8_N30_T20_rep2",114,30,117.147530653844,0
"r8_N30_T20_rep2",115,1,-5.00588126549752,0
"r8_N30_T20_rep2",115,2,-7.30775445996638,0
"r8_N30_T20_rep2",115,3,-2.35263177824595,0
"r8_N30_T20_rep2",115,4,-6.00485405007466,0
"r8_N30_T20_rep2",115,5,15.9689810560415,0
"r8_N30_T20_rep2",115,6,19.2708949323969,0
"r8_N30_T20_rep2",115,7,24.7509222873356,0
"r8_N30_T20_rep2",115,8,24.2192897934497,0
"r8_N30_T20_rep2",115,9,27.9449095846679,0
"r8_N30_T20_rep2",115,10,28.3616549313651,0
"r8_N30_T20_rep2",115,11,52.290737087944,0
"r8_N30_T20_rep2",115,12,44.5484869848048,0
"r8_N30_T20_rep2",115,13,25.1172883637179,0
"r8_N30_T20_rep2",115,14,59.7288613597064,0
"r8_N30_T20_rep2",115,15,51.1979942635688,0
"r8_N30_T20_rep2",115,16,54.4050717762068,0
"r8_N30_T20_rep2",115,17,48.7662397739151,0
"r8_N30_T20_rep2",115,18,45.0625612771486,0
"r8_N30_T20_rep2",115,19,40.8569151989909,0
"r8_N30_T20_rep2",115,20,61.8540881640955,0
"r8_N30_T20_rep2",115,21,54.607950547614,0
"r8_N30_T20_rep2",115,22,72.5958472472324,0
"r8_N30_T20_rep2",115,23,71.5114342277021,0
"r8_N30_T20_rep2",115,24,93.7335589577731,0
"r8_N30_T20_rep2",115,25,112.373474140854,0
"r8_N30_T20_rep2",115,26,125.670426470534,0
"r8_N30_T20_rep2",115,27,126.051581222521,0
"r8_N30_T20_rep2",115,28,109.087642930773,0
"r8_N30_T20_rep2",115,29,116.539339821074,0
"r8_N30_T20_rep2",115,30,116.265511369346,0
"r8_N30_T20_rep2",116,1,10.7089790768425,0
"r8_N30_T20_rep2",116,2,-18.7697509066211,0
"r8_N30_T20_rep2",116,3,-2.46418903062272,0
"r8_N30_T20_rep2",116,4,16.5628231408541,0
"r8_N30_T20_rep2",116,5,16.4260618748588,0
"r8_N30_T20_rep2",116,6,30.1779757617956,0
"r8_N30_T20_rep2",116,7,20.2980993521238,0
"r8_N30_T20_rep2",116,8,12.715892847084,0
"r8_N30_T20_rep2",116,9,7.55026190377309,0
"r8_N30_T20_rep2",116,10,31.6776195291698,0
"r8_N30_T20_rep2",116,11,32.2095510526304,0
"r8_N30_T20_rep2",116,12,41.5638576299023,0
"r8_N30_T20_rep2",116,13,51.6243888188909,0
"r8_N30_T20_rep2",116,14,78.4693220681852,0
"r8_N30_T20_rep2",116,15,71.2755657391096,0
"r8_N30_T20_rep2",116,16,71.561212510999,0
"r8_N30_T20_rep2",116,17,73.4788804973373,0
"r8_N30_T20_rep2",116,18,74.5931768744011,0
"r8_N30_T20_rep2",116,19,59.2745969966344,0
"r8_N30_T20_rep2",116,20,67.9531799691288,0
"r8_N30_T20_rep2",116,21,58.4589061998343,1
"r8_N30_T20_rep2",116,22,75.273423751527,1
"r8_N30_T20_rep2",116,23,75.6924988236194,1
"r8_N30_T20_rep2",116,24,89.7321783155929,1
"r8_N30_T20_rep2",116,25,96.7301417672997,1
"r8_N30_T20_rep2",116,26,96.1363605207947,1
"r8_N30_T20_rep2",116,27,113.389051128868,1
"r8_N30_T20_rep2",116,28,116.552719029702,1
"r8_N30_T20_rep2",116,29,110.761949725693,1
"r8_N30_T20_rep2",116,30,111.349884702076,1
"r8_N30_T20_rep2",117,1,0.390121947060207,0
"r8_N30_T20_rep2",117,2,-9.36497836958361,0
"r8_N30_T20_rep2",117,3,-17.1898051775927,0
"r8_N30_T20_rep2",117,4,7.73046123154605,0
"r8_N30_T20_rep2",117,5,21.2188658597818,0
"r8_N30_T20_rep2",117,6,14.7630315779756,0
"r8_N30_T20_rep2",117,7,16.9509930344626,0
"r8_N30_T20_rep2",117,8,14.5263394560828,0
"r8_N30_T20_rep2",117,9,24.5049475743309,0
"r8_N30_T20_rep2",117,10,31.9327214395366,0
"r8_N30_T20_rep2",117,11,26.1708104828395,0
"r8_N30_T20_rep2",117,12,44.2167713744642,0
"r8_N30_T20_rep2",117,13,54.5305622745319,0
"r8_N30_T20_rep2",117,14,65.0546026489913,0
"r8_N30_T20_rep2",117,15,57.683282332922,0
"r8_N30_T20_rep2",117,16,67.521977675944,0
"r8_N30_T20_rep2",117,17,64.1534307552302,0
"r8_N30_T20_rep2",117,18,67.7390983037921,0
"r8_N30_T20_rep2",117,19,48.5824562551592,0
"r8_N30_T20_rep2",117,20,58.7891397702529,0
"r8_N30_T20_rep2",117,21,46.229294990855,0
"r8_N30_T20_rep2",117,22,65.7806360845652,0
"r8_N30_T20_rep2",117,23,68.924512504279,0
"r8_N30_T20_rep2",117,24,70.8219253754777,0
"r8_N30_T20_rep2",117,25,87.8782167714009,0
"r8_N30_T20_rep2",117,26,107.613646407993,0
"r8_N30_T20_rep2",117,27,109.298364770483,0
"r8_N30_T20_rep2",117,28,105.488472961837,0
"r8_N30_T20_rep2",117,29,104.144455943176,0
"r8_N30_T20_rep2",117,30,118.008665825408,0
"r8_N30_T20_rep2",118,1,16.3287745891054,0
"r8_N30_T20_rep2",118,2,-3.01514650013372,0
"r8_N30_T20_rep2",118,3,-3.05993571718204,0
"r8_N30_T20_rep2",118,4,4.86441144530755,0
"r8_N30_T20_rep2",118,5,24.1448795311821,0
"r8_N30_T20_rep2",118,6,25.2223812708878,0
"r8_N30_T20_rep2",118,7,31.2662087857477,0
"r8_N30_T20_rep2",118,8,19.06660627325,0
"r8_N30_T20_rep2",118,9,3.04173755693774,0
"r8_N30_T20_rep2",118,10,34.7023642680779,0
"r8_N30_T20_rep2",118,11,36.9311875838812,0
"r8_N30_T20_rep2",118,12,45.0551176262281,0
"r8_N30_T20_rep2",118,13,39.8787589112131,0
"r8_N30_T20_rep2",118,14,65.010835638237,0
"r8_N30_T20_rep2",118,15,66.1596723385492,0
"r8_N30_T20_rep2",118,16,54.0995029419353,0
"r8_N30_T20_rep2",118,17,63.4579806967141,0
"r8_N30_T20_rep2",118,18,73.2690696413759,0
"r8_N30_T20_rep2",118,19,60.2833689819304,0
"r8_N30_T20_rep2",118,20,80.4418296954879,0
"r8_N30_T20_rep2",118,21,71.0118289901629,0
"r8_N30_T20_rep2",118,22,82.7452580076509,0
"r8_N30_T20_rep2",118,23,74.5455208959411,0
"r8_N30_T20_rep2",118,24,82.6713676595048,0
"r8_N30_T20_rep2",118,25,104.205832956107,0
"r8_N30_T20_rep2",118,26,86.6353399704597,0
"r8_N30_T20_rep2",118,27,103.032263946097,0
"r8_N30_T20_rep2",118,28,103.139832602318,0
"r8_N30_T20_rep2",118,29,109.233602925633,0
"r8_N30_T20_rep2",118,30,116.329320931637,0
"r8_N30_T20_rep2",119,1,1.78090232246403,0
"r8_N30_T20_rep2",119,2,-20.2907992061946,0
"r8_N30_T20_rep2",119,3,-7.59021157244203,0
"r8_N30_T20_rep2",119,4,4.241963843188,0
"r8_N30_T20_rep2",119,5,25.012809628881,0
"r8_N30_T20_rep2",119,6,28.5290148730064,0
"r8_N30_T20_rep2",119,7,28.4945090570914,0
"r8_N30_T20_rep2",119,8,20.4408946437608,0
"r8_N30_T20_rep2",119,9,28.2538814696224,0
"r8_N30_T20_rep2",119,10,36.8833094910094,0
"r8_N30_T20_rep2",119,11,36.8066449271192,0
"r8_N30_T20_rep2",119,12,47.3549108258802,0
"r8_N30_T20_rep2",119,13,32.9369567285708,0
"r8_N30_T20_rep2",119,14,67.5788051836524,0
"r8_N30_T20_rep2",119,15,68.308902543926,0
"r8_N30_T20_rep2",119,16,53.8813565438272,0
"r8_N30_T20_rep2",119,17,56.4201103060359,0
"r8_N30_T20_rep2",119,18,62.5430588319588,0
"r8_N30_T20_rep2",119,19,62.0300339159326,0
"r8_N30_T20_rep2",119,20,78.8570351828437,0
"r8_N30_T20_rep2",119,21,54.9532182550879,0
"r8_N30_T20_rep2",119,22,80.9009122870564,0
"r8_N30_T20_rep2",119,23,76.6095525672538,0
"r8_N30_T20_rep2",119,24,83.6699491783746,0
"r8_N30_T20_rep2",119,25,93.9299259714951,0
"r8_N30_T20_rep2",119,26,96.8284936985806,0
"r8_N30_T20_rep2",119,27,113.603018667452,0
"r8_N30_T20_rep2",119,28,114.748632816685,0
"r8_N30_T20_rep2",119,29,118.126106025523,0
"r8_N30_T20_rep2",119,30,113.32366622427,0
"r8_N30_T20_rep2",120,1,-9.7091758667578,0
"r8_N30_T20_rep2",120,2,-20.6534353612629,0
"r8_N30_T20_rep2",120,3,-6.56653475616814,0
"r8_N30_T20_rep2",120,4,5.07262424956297,0
"r8_N30_T20_rep2",120,5,2.95340943927579,0
"r8_N30_T20_rep2",120,6,14.2208432769216,0
"r8_N30_T20_rep2",120,7,8.92561073373743,0
"r8_N30_T20_rep2",120,8,20.0312243113541,0
"r8_N30_T20_rep2",120,9,28.8271944387927,0
"r8_N30_T20_rep2",120,10,36.498092828679,0
"r8_N30_T20_rep2",120,11,48.2398760870272,0
"r8_N30_T20_rep2",120,12,49.313544545116,0
"r8_N30_T20_rep2",120,13,23.9716919741825,0
"r8_N30_T20_rep2",120,14,52.9829786778994,0
"r8_N30_T20_rep2",120,15,64.0352454788543,0
"r8_N30_T20_rep2",120,16,58.329285066583,0
"r8_N30_T20_rep2",120,17,56.8826493239941,0
"r8_N30_T20_rep2",120,18,46.7503127553305,0
"r8_N30_T20_rep2",120,19,61.0300762819649,0
"r8_N30_T20_rep2",120,20,68.0360309730005,0
"r8_N30_T20_rep2",120,21,43.1099482073626,0
"r8_N30_T20_rep2",120,22,81.6110970898932,0
"r8_N30_T20_rep2",120,23,74.2199034088819,0
"r8_N30_T20_rep2",120,24,98.1625077383245,0
"r8_N30_T20_rep2",120,25,108.322737961414,0
"r8_N30_T20_rep2",120,26,111.276122861244,0
"r8_N30_T20_rep2",120,27,135.329030810198,0
"r8_N30_T20_rep2",120,28,116.94595746728,0
"r8_N30_T20_rep2",120,29,124.290909418526,0
"r8_N30_T20_rep2",120,30,130.83198983431,0
"r8_N30_T20_rep2",121,1,-10.5104900759874,0
"r8_N30_T20_rep2",121,2,-35.8091367789275,0
"r8_N30_T20_rep2",121,3,8.14444322873139,0
"r8_N30_T20_rep2",121,4,18.0101341786528,0
"r8_N30_T20_rep2",121,5,7.53505613431546,0
"r8_N30_T20_rep2",121,6,15.3329082570441,0
"r8_N30_T20_rep2",121,7,26.715151054648,0
"r8_N30_T20_rep2",121,8,8.65575878879481,0
"r8_N30_T20_rep2",121,9,9.05990614168407,0
"r8_N30_T20_rep2",121,10,25.727744713335,0
"r8_N30_T20_rep2",121,11,39.2683898389887,0
"r8_N30_T20_rep2",121,12,40.1911668097545,0
"r8_N30_T20_rep2",121,13,36.2450963265698,0
"r8_N30_T20_rep2",121,14,57.2371225983213,0
"r8_N30_T20_rep2",121,15,64.9292070618366,0
"r8_N30_T20_rep2",121,16,51.9853243287541,0
"r8_N30_T20_rep2",121,17,51.9782214382348,0
"r8_N30_T20_rep2",121,18,53.7939546814374,0
"r8_N30_T20_rep2",121,19,54.8452305568736,0
"r8_N30_T20_rep2",121,20,65.534798335153,0
"r8_N30_T20_rep2",121,21,55.9258034997269,0
"r8_N30_T20_rep2",121,22,69.2843585959654,0
"r8_N30_T20_rep2",121,23,71.0869616773899,0
"r8_N30_T20_rep2",121,24,87.0219022902618,0
"r8_N30_T20_rep2",121,25,108.809115711632,0
"r8_N30_T20_rep2",121,26,95.6081974221145,0
"r8_N30_T20_rep2",121,27,129.097351099576,0
"r8_N30_T20_rep2",121,28,118.025020567449,0
"r8_N30_T20_rep2",121,29,109.13961968947,0
"r8_N30_T20_rep2",121,30,107.961989290985,0
"r8_N30_T20_rep2",122,1,16.4458377852143,0
"r8_N30_T20_rep2",122,2,5.56866975973805,0
"r8_N30_T20_rep2",122,3,10.8920544669483,0
"r8_N30_T20_rep2",122,4,12.8145738870352,0
"r8_N30_T20_rep2",122,5,30.6080845882033,0
"r8_N30_T20_rep2",122,6,28.1751010393305,0
"r8_N30_T20_rep2",122,7,24.8728120181135,0
"r8_N30_T20_rep2",122,8,17.5552885930759,0
"r8_N30_T20_rep2",122,9,24.7761820652182,0
"r8_N30_T20_rep2",122,10,36.4042026957291,0
"r8_N30_T20_rep2",122,11,62.1434913212056,0
"r8_N30_T20_rep2",122,12,45.8861159267785,0
"r8_N30_T20_rep2",122,13,34.5118846274878,0
"r8_N30_T20_rep2",122,14,59.7103514808115,0
"r8_N30_T20_rep2",122,15,43.6596419456764,0
"r8_N30_T20_rep2",122,16,50.8777576638595,0
"r8_N30_T20_rep2",122,17,37.1119279867613,0
"r8_N30_T20_rep2",122,18,49.4764687754875,0
"r8_N30_T20_rep2",122,19,67.5461770598007,0
"r8_N30_T20_rep2",122,20,83.8576624022782,0
"r8_N30_T20_rep2",122,21,64.4661673550825,0
"r8_N30_T20_rep2",122,22,87.381398537788,0
"r8_N30_T20_rep2",122,23,78.0672755960735,0
"r8_N30_T20_rep2",122,24,94.022084668685,0
"r8_N30_T20_rep2",122,25,98.3573251934742,0
"r8_N30_T20_rep2",122,26,83.0672286254017,0
"r8_N30_T20_rep2",122,27,111.17243964657,0
"r8_N30_T20_rep2",122,28,109.887246390927,0
"r8_N30_T20_rep2",122,29,116.883547638234,0
"r8_N30_T20_rep2",122,30,121.889354307367,0
"r8_N30_T20_rep2",123,1,-5.06001513684906,0
"r8_N30_T20_rep2",123,2,-15.2523857656693,0
"r8_N30_T20_rep2",123,3,-3.54792125154971,0
"r8_N30_T20_rep2",123,4,12.3914579730213,0
"r8_N30_T20_rep2",123,5,4.8006744785822,0
"r8_N30_T20_rep2",123,6,14.044429397312,0
"r8_N30_T20_rep2",123,7,29.4997034075583,0
"r8_N30_T20_rep2",123,8,-8.71646950948504,0
"r8_N30_T20_rep2",123,9,-0.915176929253056,0
"r8_N30_T20_rep2",123,10,34.7460888974169,0
"r8_N30_T20_rep2",123,11,26.8138223801468,0
"r8_N30_T20_rep2",123,12,43.0539735602626,0
"r8_N30_T20_rep2",123,13,46.9948964425827,0
"r8_N30_T20_rep2",123,14,68.1641008368639,0
"r8_N30_T20_rep2",123,15,68.5205408441656,0
"r8_N30_T20_rep2",123,16,64.7284417883792,0
"r8_N30_T20_rep2",123,17,82.4842664395184,0
"r8_N30_T20_rep2",123,18,86.7879482929579,0
"r8_N30_T20_rep2",123,19,56.8490856456962,0
"r8_N30_T20_rep2",123,20,65.8545941336787,0
"r8_N30_T20_rep2",123,21,55.1797893119389,0
"r8_N30_T20_rep2",123,22,78.2004198681766,0
"r8_N30_T20_rep2",123,23,66.5847903768623,0
"r8_N30_T20_rep2",123,24,85.816282765022,0
"r8_N30_T20_rep2",123,25,92.2976117439169,0
"r8_N30_T20_rep2",123,26,115.426037839134,0
"r8_N30_T20_rep2",123,27,114.369443813747,0
"r8_N30_T20_rep2",123,28,109.761845334692,0
"r8_N30_T20_rep2",123,29,124.750389466958,0
"r8_N30_T20_rep2",123,30,118.374525021564,0
"r8_N30_T20_rep2",124,1,8.80235146037232,0
"r8_N30_T20_rep2",124,2,-15.2709462442085,0
"r8_N30_T20_rep2",124,3,-3.51250385393807,0
"r8_N30_T20_rep2",124,4,0.0665961087369826,0
"r8_N30_T20_rep2",124,5,17.9655984176259,0
"r8_N30_T20_rep2",124,6,39.97348838518,0
"r8_N30_T20_rep2",124,7,10.57453377865,0
"r8_N30_T20_rep2",124,8,8.08424739070869,0
"r8_N30_T20_rep2",124,9,9.9950459545557,0
"r8_N30_T20_rep2",124,10,36.2369806044751,0
"r8_N30_T20_rep2",124,11,19.911430852917,0
"r8_N30_T20_rep2",124,12,42.109323788067,0
"r8_N30_T20_rep2",124,13,56.8562584233418,0
"r8_N30_T20_rep2",124,14,78.3298183867374,0
"r8_N30_T20_rep2",124,15,74.3117680483524,0
"r8_N30_T20_rep2",124,16,63.8218804118717,0
"r8_N30_T20_rep2",124,17,65.426455821567,0
"r8_N30_T20_rep2",124,18,75.0060347327124,0
"r8_N30_T20_rep2",124,19,55.3207045646738,0
"r8_N30_T20_rep2",124,20,66.5725178624134,0
"r8_N30_T20_rep2",124,21,61.6967846311356,0
"r8_N30_T20_rep2",124,22,75.6979700289183,0
"r8_N30_T20_rep2",124,23,53.8250984140333,0
"r8_N30_T20_rep2",124,24,81.4046401943916,0
"r8_N30_T20_rep2",124,25,94.5292266860103,0
"r8_N30_T20_rep2",124,26,100.547208519928,0
"r8_N30_T20_rep2",124,27,94.0456705588136,0
"r8_N30_T20_rep2",124,28,116.656822342346,0
"r8_N30_T20_rep2",124,29,105.289985733967,0
"r8_N30_T20_rep2",124,30,110.979638334113,0
"r8_N30_T20_rep2",125,1,7.06623603872082,0
"r8_N30_T20_rep2",125,2,-7.53230764701947,0
"r8_N30_T20_rep2",125,3,-1.25344329491576,0
"r8_N30_T20_rep2",125,4,2.68747786084903,0
"r8_N30_T20_rep2",125,5,6.13188842817727,0
"r8_N30_T20_rep2",125,6,24.0108075522464,0
"r8_N30_T20_rep2",125,7,16.414175564818,0
"r8_N30_T20_rep2",125,8,13.5852844102576,0
"r8_N30_T20_rep2",125,9,3.70967258795104,0
"r8_N30_T20_rep2",125,10,27.3275499497439,0
"r8_N30_T20_rep2",125,11,40.692408667087,0
"r8_N30_T20_rep2",125,12,33.0173070475015,0
"r8_N30_T20_rep2",125,13,38.2014529787175,0
"r8_N30_T20_rep2",125,14,67.5375180848162,0
"r8_N30_T20_rep2",125,15,61.2240820432849,0
"r8_N30_T20_rep2",125,16,59.7054806730599,0
"r8_N30_T20_rep2",125,17,58.3047665462948,0
"r8_N30_T20_rep2",125,18,46.9190844789595,0
"r8_N30_T20_rep2",125,19,43.3849414383046,0
"r8_N30_T20_rep2",125,20,46.2974546511897,0
"r8_N30_T20_rep2",125,21,29.0960600607767,0
"r8_N30_T20_rep2",125,22,62.5769449296351,0
"r8_N30_T20_rep2",125,23,68.5513031153318,0
"r8_N30_T20_rep2",125,24,80.465516375942,0
"r8_N30_T20_rep2",125,25,113.162046499748,0
"r8_N30_T20_rep2",125,26,111.244441642572,0
"r8_N30_T20_rep2",125,27,112.545206981602,0
"r8_N30_T20_rep2",125,28,110.467720360778,0
"r8_N30_T20_rep2",125,29,106.640434570764,0
"r8_N30_T20_rep2",125,30,110.378905055061,0
"r8_N30_T20_rep2",126,1,5.04076093667582,0
"r8_N30_T20_rep2",126,2,-2.35364325781508,0
"r8_N30_T20_rep2",126,3,-12.57854351137,0
"r8_N30_T20_rep2",126,4,-1.24002069683366,0
"r8_N30_T20_rep2",126,5,21.7609836791145,0
"r8_N30_T20_rep2",126,6,6.7601071404891,0
"r8_N30_T20_rep2",126,7,17.7752992441831,0
"r8_N30_T20_rep2",126,8,22.7152544733589,0
"r8_N30_T20_rep2",126,9,22.906837640659,0
"r8_N30_T20_rep2",126,10,25.5209486482198,0
"r8_N30_T20_rep2",126,11,40.4611582129658,0
"r8_N30_T20_rep2",126,12,35.0826491679791,0
"r8_N30_T20_rep2",126,13,33.9699885380421,0
"r8_N30_T20_rep2",126,14,59.3014504968628,0
"r8_N30_T20_rep2",126,15,38.8337467723539,0
"r8_N30_T20_rep2",126,16,46.2172230116343,0
"r8_N30_T20_rep2",126,17,55.6701847401518,0
"r8_N30_T20_rep2",126,18,61.8259495646429,0
"r8_N30_T20_rep2",126,19,49.9038126079063,0
"r8_N30_T20_rep2",126,20,75.3981680219715,0
"r8_N30_T20_rep2",126,21,61.3145240822208,0
"r8_N30_T20_rep2",126,22,78.246792138976,0
"r8_N30_T20_rep2",126,23,71.948920127429,0
"r8_N30_T20_rep2",126,24,99.5644287044015,0
"r8_N30_T20_rep2",126,25,94.8176583029608,0
"r8_N30_T20_rep2",126,26,98.2045030362418,0
"r8_N30_T20_rep2",126,27,116.0751553731,0
"r8_N30_T20_rep2",126,28,118.834719708194,0
"r8_N30_T20_rep2",126,29,125.322406095633,0
"r8_N30_T20_rep2",126,30,121.028737988208,0
"r8_N30_T20_rep2",127,1,1.28828266100166,0
"r8_N30_T20_rep2",127,2,-20.7294491850748,0
"r8_N30_T20_rep2",127,3,-5.54496195439279,0
"r8_N30_T20_rep2",127,4,0.672993949389194,0
"r8_N30_T20_rep2",127,5,3.46932171823396,0
"r8_N30_T20_rep2",127,6,29.0362168548377,0
"r8_N30_T20_rep2",127,7,27.4206667384211,0
"r8_N30_T20_rep2",127,8,17.2822884205399,0
"r8_N30_T20_rep2",127,9,14.217930460789,0
"r8_N30_T20_rep2",127,10,31.9898690774347,0
"r8_N30_T20_rep2",127,11,50.6054670381027,0
"r8_N30_T20_rep2",127,12,42.6814987761623,0
"r8_N30_T20_rep2",127,13,22.6765167023429,0
"r8_N30_T20_rep2",127,14,49.2777063003293,0
"r8_N30_T20_rep2",127,15,47.9745409538517,0
"r8_N30_T20_rep2",127,16,55.7250297855992,0
"r8_N30_T20_rep2",127,17,55.1383153658815,0
"r8_N30_T20_rep2",127,18,52.5922464676795,0
"r8_N30_T20_rep2",127,19,49.9164024465116,0
"r8_N30_T20_rep2",127,20,68.7238173504964,0
"r8_N30_T20_rep2",127,21,48.4428093922962,0
"r8_N30_T20_rep2",127,22,64.3306328144938,0
"r8_N30_T20_rep2",127,23,67.453884315867,0
"r8_N30_T20_rep2",127,24,98.460467048292,0
"r8_N30_T20_rep2",127,25,97.1974332428881,0
"r8_N30_T20_rep2",127,26,105.579691917485,0
"r8_N30_T20_rep2",127,27,121.473424047796,0
"r8_N30_T20_rep2",127,28,110.710265540685,0
"r8_N30_T20_rep2",127,29,112.055955939647,0
"r8_N30_T20_rep2",127,30,117.764628202428,0
"r8_N30_T20_rep2",128,1,20.4455382848372,0
"r8_N30_T20_rep2",128,2,15.3141579728042,0
"r8_N30_T20_rep2",128,3,13.117535407717,0
"r8_N30_T20_rep2",128,4,6.91618429716548,0
"r8_N30_T20_rep2",128,5,23.9974954358062,0
"r8_N30_T20_rep2",128,6,19.1910424959811,0
"r8_N30_T20_rep2",128,7,37.7204152165415,0
"r8_N30_T20_rep2",128,8,27.335968915461,0
"r8_N30_T20_rep2",128,9,37.4762439369099,0
"r8_N30_T20_rep2",128,10,35.6106363039199,0
"r8_N30_T20_rep2",128,11,43.6289533173947,0
"r8_N30_T20_rep2",128,12,41.1085205838289,0
"r8_N30_T20_rep2",128,13,34.6413016741725,0
"r8_N30_T20_rep2",128,14,64.0264988215782,0
"r8_N30_T20_rep2",128,15,47.3244165727706,0
"r8_N30_T20_rep2",128,16,46.1100795148705,0
"r8_N30_T20_rep2",128,17,47.361828882518,0
"r8_N30_T20_rep2",128,18,47.6202444089519,0
"r8_N30_T20_rep2",128,19,35.4192147547771,0
"r8_N30_T20_rep2",128,20,50.1439946102435,0
"r8_N30_T20_rep2",128,21,53.7643525165044,0
"r8_N30_T20_rep2",128,22,80.8086578577284,0
"r8_N30_T20_rep2",128,23,70.2766946153172,0
"r8_N30_T20_rep2",128,24,83.3902260844733,0
"r8_N30_T20_rep2",128,25,107.818184098995,0
"r8_N30_T20_rep2",128,26,98.6849587812709,0
"r8_N30_T20_rep2",128,27,101.895263047047,0
"r8_N30_T20_rep2",128,28,105.222588873492,0
"r8_N30_T20_rep2",128,29,109.125104416847,0
"r8_N30_T20_rep2",128,30,133.988744905737,0
"r8_N30_T20_rep2",129,1,0.691834717663463,0
"r8_N30_T20_rep2",129,2,-28.4534825379248,0
"r8_N30_T20_rep2",129,3,-11.4013851329942,0
"r8_N30_T20_rep2",129,4,6.69718047470499,0
"r8_N30_T20_rep2",129,5,10.7988669231787,0
"r8_N30_T20_rep2",129,6,35.0023474946685,0
"r8_N30_T20_rep2",129,7,12.7366693083062,0
"r8_N30_T20_rep2",129,8,16.6897296769069,0
"r8_N30_T20_rep2",129,9,8.36550048979851,0
"r8_N30_T20_rep2",129,10,23.1483377651754,0
"r8_N30_T20_rep2",129,11,28.8844370539283,0
"r8_N30_T20_rep2",129,12,47.2323129387002,0
"r8_N30_T20_rep2",129,13,55.1654553180773,0
"r8_N30_T20_rep2",129,14,66.6738173792316,0
"r8_N30_T20_rep2",129,15,76.6020657455327,0
"r8_N30_T20_rep2",129,16,69.2261242946474,0
"r8_N30_T20_rep2",129,17,74.4723311091337,0
"r8_N30_T20_rep2",129,18,66.969051120707,0
"r8_N30_T20_rep2",129,19,47.1064841987017,0
"r8_N30_T20_rep2",129,20,73.5526683646809,0
"r8_N30_T20_rep2",129,21,49.4845847523887,0
"r8_N30_T20_rep2",129,22,75.8029232387768,0
"r8_N30_T20_rep2",129,23,69.7952048034948,0
"r8_N30_T20_rep2",129,24,67.1823774253055,0
"r8_N30_T20_rep2",129,25,86.0343281226121,0
"r8_N30_T20_rep2",129,26,106.619318701401,0
"r8_N30_T20_rep2",129,27,94.4013262709352,0
"r8_N30_T20_rep2",129,28,104.449560346675,0
"r8_N30_T20_rep2",129,29,101.524202784147,0
"r8_N30_T20_rep2",129,30,95.2373431462605,0
"r8_N30_T20_rep2",130,1,0.3499923824885,0
"r8_N30_T20_rep2",130,2,-22.4363118876599,0
"r8_N30_T20_rep2",130,3,-7.53944697471406,0
"r8_N30_T20_rep2",130,4,6.78975059321486,0
"r8_N30_T20_rep2",130,5,20.3817524984878,0
"r8_N30_T20_rep2",130,6,27.7807808847008,0
"r8_N30_T20_rep2",130,7,11.2679152045682,0
"r8_N30_T20_rep2",130,8,11.1286795337633,0
"r8_N30_T20_rep2",130,9,5.95450664594599,0
"r8_N30_T20_rep2",130,10,31.3097405096882,0
"r8_N30_T20_rep2",130,11,41.7588407888297,0
"r8_N30_T20_rep2",130,12,42.0853117239044,0
"r8_N30_T20_rep2",130,13,43.7982751410306,0
"r8_N30_T20_rep2",130,14,66.1531843729655,0
"r8_N30_T20_rep2",130,15,49.9149590124288,0
"r8_N30_T20_rep2",130,16,52.7273734460432,0
"r8_N30_T20_rep2",130,17,53.7648507273506,0
"r8_N30_T20_rep2",130,18,60.9096317015508,0
"r8_N30_T20_rep2",130,19,68.2798172473949,0
"r8_N30_T20_rep2",130,20,70.0332981118993,0
"r8_N30_T20_rep2",130,21,50.3961378309698,0
"r8_N30_T20_rep2",130,22,78.1002613765025,0
"r8_N30_T20_rep2",130,23,71.5667473447355,0
"r8_N30_T20_rep2",130,24,83.0035029978689,0
"r8_N30_T20_rep2",130,25,98.8202332676074,0
"r8_N30_T20_rep2",130,26,94.8721311271968,0
"r8_N30_T20_rep2",130,27,109.992661672475,0
"r8_N30_T20_rep2",130,28,99.1630014855976,0
"r8_N30_T20_rep2",130,29,109.075511666849,0
"r8_N30_T20_rep2",130,30,94.0984363603591,0
"r8_N30_T20_rep2",131,1,-7.48242097889153,0
"r8_N30_T20_rep2",131,2,-28.2854792805574,0
"r8_N30_T20_rep2",131,3,2.5302640656828,0
"r8_N30_T20_rep2",131,4,15.4725671334388,0
"r8_N30_T20_rep2",131,5,4.53237431693116,0
"r8_N30_T20_rep2",131,6,28.1813187286968,0
"r8_N30_T20_rep2",131,7,22.9986326035263,0
"r8_N30_T20_rep2",131,8,5.82851824780709,0
"r8_N30_T20_rep2",131,9,12.3619022120837,0
"r8_N30_T20_rep2",131,10,39.2314156579793,0
"r8_N30_T20_rep2",131,11,27.7246269571707,0
"r8_N30_T20_rep2",131,12,55.4391793488335,0
"r8_N30_T20_rep2",131,13,50.1800887692294,0
"r8_N30_T20_rep2",131,14,67.1891960577889,0
"r8_N30_T20_rep2",131,15,87.2822258649191,0
"r8_N30_T20_rep2",131,16,69.2813600393701,0
"r8_N30_T20_rep2",131,17,78.7464466406429,0
"r8_N30_T20_rep2",131,18,61.2645340097479,0
"r8_N30_T20_rep2",131,19,54.9234680286428,0
"r8_N30_T20_rep2",131,20,73.618251820066,0
"r8_N30_T20_rep2",131,21,63.3336715242115,0
"r8_N30_T20_rep2",131,22,93.1713317434142,0
"r8_N30_T20_rep2",131,23,63.8136847472229,0
"r8_N30_T20_rep2",131,24,87.0148110182552,0
"r8_N30_T20_rep2",131,25,97.4562300103072,0
"r8_N30_T20_rep2",131,26,99.7328637673697,0
"r8_N30_T20_rep2",131,27,119.627012046813,0
"r8_N30_T20_rep2",131,28,119.37682879652,0
"r8_N30_T20_rep2",131,29,121.695535327837,0
"r8_N30_T20_rep2",131,30,114.496193145241,0
"r8_N50_T40_rep1",101,1,-16.1285117144714,0
"r8_N50_T40_rep1",101,2,-5.89762213799593,0
"r8_N50_T40_rep1",101,3,18.2726905505778,0
"r8_N50_T40_rep1",101,4,5.01860976891777,0
"r8_N50_T40_rep1",101,5,10.1736477961136,0
"r8_N50_T40_rep1",101,6,30.5171867896014,0
"r8_N50_T40_rep1",101,7,10.0031378568082,0
"r8_N50_T40_rep1",101,8,10.4312021654477,0
"r8_N50_T40_rep1",101,9,34.2184464303067,0
"r8_N50_T40_rep1",101,10,44.9189065756939,0
"r8_N50_T40_rep1",101,11,28.6368027698531,0
"r8_N50_T40_rep1",101,12,35.1688173361412,0
"r8_N50_T40_rep1",101,13,51.0761737451844,0
"r8_N50_T40_rep1",101,14,63.0837234696658,0
"r8_N50_T40_rep1",101,15,45.5063337685976,0
"r8_N50_T40_rep1",101,16,53.0528135180254,0
"r8_N50_T40_rep1",101,17,90.0866236491855,0
"r8_N50_T40_rep1",101,18,100.813027959715,0
"r8_N50_T40_rep1",101,19,89.3437630969198,0
"r8_N50_T40_rep1",101,20,82.9955249084597,0
"r8_N50_T40_rep1",101,21,82.7182877671055,0
"r8_N50_T40_rep1",101,22,61.4778982853452,0
"r8_N50_T40_rep1",101,23,65.0902005055827,0
"r8_N50_T40_rep1",101,24,99.9960300486112,0
"r8_N50_T40_rep1",101,25,103.268128258486,0
"r8_N50_T40_rep1",101,26,98.5459430738832,0
"r8_N50_T40_rep1",101,27,101.686058079325,0
"r8_N50_T40_rep1",101,28,108.159458616606,0
"r8_N50_T40_rep1",101,29,92.6399989844425,0
"r8_N50_T40_rep1",101,30,90.1415888176213,0
"r8_N50_T40_rep1",101,31,99.1478656666437,0
"r8_N50_T40_rep1",101,32,114.304768843104,0
"r8_N50_T40_rep1",101,33,146.79402559608,0
"r8_N50_T40_rep1",101,34,135.053272975756,0
"r8_N50_T40_rep1",101,35,148.677910773444,0
"r8_N50_T40_rep1",101,36,140.80580565057,0
"r8_N50_T40_rep1",101,37,147.430749755223,0
"r8_N50_T40_rep1",101,38,166.004181572294,0
"r8_N50_T40_rep1",101,39,149.696103120405,0
"r8_N50_T40_rep1",101,40,161.34780752126,0
"r8_N50_T40_rep1",101,41,136.302015381194,0
"r8_N50_T40_rep1",101,42,146.79827445434,0
"r8_N50_T40_rep1",101,43,140.554247486592,0
"r8_N50_T40_rep1",101,44,149.812600339403,0
"r8_N50_T40_rep1",101,45,152.15241114316,0
"r8_N50_T40_rep1",101,46,164.129930993924,0
"r8_N50_T40_rep1",101,47,171.716089429862,0
"r8_N50_T40_rep1",101,48,176.938605903762,0
"r8_N50_T40_rep1",101,49,182.826336649785,0
"r8_N50_T40_rep1",101,50,187.292578527067,0
"r8_N50_T40_rep1",102,1,-19.8976549100135,0
"r8_N50_T40_rep1",102,2,-19.382248804597,0
"r8_N50_T40_rep1",102,3,11.2044748641423,0
"r8_N50_T40_rep1",102,4,3.31196974777161,0
"r8_N50_T40_rep1",102,5,12.1900452944927,0
"r8_N50_T40_rep1",102,6,23.2654297409219,0
"r8_N50_T40_rep1",102,7,3.2883993182211,0
"r8_N50_T40_rep1",102,8,28.3428971408927,0
"r8_N50_T40_rep1",102,9,31.1402652827656,0
"r8_N50_T40_rep1",102,10,48.9176236594448,0
"r8_N50_T40_rep1",102,11,39.380691042079,0
"r8_N50_T40_rep1",102,12,51.8666601825839,0
"r8_N50_T40_rep1",102,13,67.2478535440829,0
"r8_N50_T40_rep1",102,14,55.6559421299881,0
"r8_N50_T40_rep1",102,15,37.1640042343237,0
"r8_N50_T40_rep1",102,16,37.352336563371,0
"r8_N50_T40_rep1",102,17,80.132396614586,0
"r8_N50_T40_rep1",102,18,94.9641086578474,0
"r8_N50_T40_rep1",102,19,97.1143822708234,0
"r8_N50_T40_rep1",102,20,83.9046602718199,0
"r8_N50_T40_rep1",102,21,69.0931326234514,0
"r8_N50_T40_rep1",102,22,66.7675441441586,0
"r8_N50_T40_rep1",102,23,81.2850017144748,0
"r8_N50_T40_rep1",102,24,97.9680361120111,0
"r8_N50_T40_rep1",102,25,110.493403435568,0
"r8_N50_T40_rep1",102,26,98.2900151701195,0
"r8_N50_T40_rep1",102,27,104.319794019437,0
"r8_N50_T40_rep1",102,28,119.291540932463,0
"r8_N50_T40_rep1",102,29,110.931567200152,0
"r8_N50_T40_rep1",102,30,114.922082968876,0
"r8_N50_T40_rep1",102,31,111.306299147249,0
"r8_N50_T40_rep1",102,32,125.496287816379,0
"r8_N50_T40_rep1",102,33,134.112766783274,0
"r8_N50_T40_rep1",102,34,126.85136675478,0
"r8_N50_T40_rep1",102,35,141.565986324322,0
"r8_N50_T40_rep1",102,36,126.074912366321,0
"r8_N50_T40_rep1",102,37,136.773336889336,0
"r8_N50_T40_rep1",102,38,163.597746073966,0
"r8_N50_T40_rep1",102,39,145.744250391021,0
"r8_N50_T40_rep1",102,40,160.520604751598,0
"r8_N50_T40_rep1",102,41,159.105046116662,0
"r8_N50_T40_rep1",102,42,152.874313168225,0
"r8_N50_T40_rep1",102,43,151.536083028696,0
"r8_N50_T40_rep1",102,44,153.197407772919,0
"r8_N50_T40_rep1",102,45,164.732094815907,0
"r8_N50_T40_rep1",102,46,178.370200573325,0
"r8_N50_T40_rep1",102,47,164.46703963005,0
"r8_N50_T40_rep1",102,48,172.282546080778,0
"r8_N50_T40_rep1",102,49,180.847014068056,0
"r8_N50_T40_rep1",102,50,189.106398871602,0
"r8_N50_T40_rep1",103,1,-3.18429415396601,0
"r8_N50_T40_rep1",103,2,-16.0371249514734,0
"r8_N50_T40_rep1",103,3,-13.0992106527745,0
"r8_N50_T40_rep1",103,4,-13.8053176110532,0
"r8_N50_T40_rep1",103,5,11.1908615916784,0
"r8_N50_T40_rep1",103,6,21.0706214333168,0
"r8_N50_T40_rep1",103,7,35.1557279061282,0
"r8_N50_T40_rep1",103,8,9.49858157236559,0
"r8_N50_T40_rep1",103,9,42.8349920288944,0
"r8_N50_T40_rep1",103,10,47.7823544793461,0
"r8_N50_T40_rep1",103,11,37.9604151437776,0
"r8_N50_T40_rep1",103,12,36.7794787982044,0
"r8_N50_T40_rep1",103,13,69.4638278090532,0
"r8_N50_T40_rep1",103,14,73.2117565747448,0
"r8_N50_T40_rep1",103,15,53.9147882633509,0
"r8_N50_T40_rep1",103,16,59.8892260295193,0
"r8_N50_T40_rep1",103,17,75.4075408343246,0
"r8_N50_T40_rep1",103,18,84.0988183371274,0
"r8_N50_T40_rep1",103,19,86.1044798660261,0
"r8_N50_T40_rep1",103,20,75.6945217890862,0
"r8_N50_T40_rep1",103,21,71.5767027236543,0
"r8_N50_T40_rep1",103,22,66.1848091988972,0
"r8_N50_T40_rep1",103,23,70.368495652825,0
"r8_N50_T40_rep1",103,24,95.3033796390515,0
"r8_N50_T40_rep1",103,25,103.921027543708,0
"r8_N50_T40_rep1",103,26,97.4046577808626,0
"r8_N50_T40_rep1",103,27,114.853082311707,0
"r8_N50_T40_rep1",103,28,98.5853436435831,0
"r8_N50_T40_rep1",103,29,104.275643780712,0
"r8_N50_T40_rep1",103,30,105.329300768845,0
"r8_N50_T40_rep1",103,31,97.7750427958261,0
"r8_N50_T40_rep1",103,32,113.270041733783,0
"r8_N50_T40_rep1",103,33,125.648277034575,0
"r8_N50_T40_rep1",103,34,110.172253422728,0
"r8_N50_T40_rep1",103,35,133.254489901427,0
"r8_N50_T40_rep1",103,36,141.459232789555,0
"r8_N50_T40_rep1",103,37,140.944668675667,0
"r8_N50_T40_rep1",103,38,160.728060814127,0
"r8_N50_T40_rep1",103,39,163.903793226384,0
"r8_N50_T40_rep1",103,40,177.237849696201,0
"r8_N50_T40_rep1",103,41,169.897826943918,0
"r8_N50_T40_rep1",103,42,166.849286257464,0
"r8_N50_T40_rep1",103,43,161.807338847377,0
"r8_N50_T40_rep1",103,44,147.497068644309,0
"r8_N50_T40_rep1",103,45,157.196469399246,0
"r8_N50_T40_rep1",103,46,164.6230481355,0
"r8_N50_T40_rep1",103,47,183.996428847529,0
"r8_N50_T40_rep1",103,48,192.219472751734,0
"r8_N50_T40_rep1",103,49,198.981535624803,0
"r8_N50_T40_rep1",103,50,208.734911119214,0
"r8_N50_T40_rep1",104,1,-20.4397101170062,0
"r8_N50_T40_rep1",104,2,-25.1442730573818,0
"r8_N50_T40_rep1",104,3,-6.07083935197391,0
"r8_N50_T40_rep1",104,4,-11.1077781357648,0
"r8_N50_T40_rep1",104,5,7.07605102919579,0
"r8_N50_T40_rep1",104,6,45.1960382392939,0
"r8_N50_T40_rep1",104,7,29.9284774061425,0
"r8_N50_T40_rep1",104,8,21.112974830621,0
"r8_N50_T40_rep1",104,9,42.1136409814879,0
"r8_N50_T40_rep1",104,10,46.8620804802764,0
"r8_N50_T40_rep1",104,11,29.2449299556741,0
"r8_N50_T40_rep1",104,12,47.3308694782969,0
"r8_N50_T40_rep1",104,13,74.7470914514406,0
"r8_N50_T40_rep1",104,14,67.9064475141733,0
"r8_N50_T40_rep1",104,15,58.5077772429519,0
"r8_N50_T40_rep1",104,16,69.8319272236057,0
"r8_N50_T40_rep1",104,17,81.6375956100092,0
"r8_N50_T40_rep1",104,18,77.032758279877,0
"r8_N50_T40_rep1",104,19,91.1789050637331,0
"r8_N50_T40_rep1",104,20,77.2434241774382,0
"r8_N50_T40_rep1",104,21,64.9123278617697,0
"r8_N50_T40_rep1",104,22,54.2750727883608,0
"r8_N50_T40_rep1",104,23,68.0418207743025,0
"r8_N50_T40_rep1",104,24,107.715234271467,0
"r8_N50_T40_rep1",104,25,114.272664601692,0
"r8_N50_T40_rep1",104,26,97.074457883805,0
"r8_N50_T40_rep1",104,27,109.864871851203,0
"r8_N50_T40_rep1",104,28,104.288595100596,0
"r8_N50_T40_rep1",104,29,111.237455216212,0
"r8_N50_T40_rep1",104,30,95.5754970646913,0
"r8_N50_T40_rep1",104,31,100.170217518091,0
"r8_N50_T40_rep1",104,32,125.74927017284,0
"r8_N50_T40_rep1",104,33,132.160340804211,0
"r8_N50_T40_rep1",104,34,122.800174966993,0
"r8_N50_T40_rep1",104,35,142.508607493547,0
"r8_N50_T40_rep1",104,36,123.520587653487,0
"r8_N50_T40_rep1",104,37,129.596861810065,0
"r8_N50_T40_rep1",104,38,160.2575664921,0
"r8_N50_T40_rep1",104,39,151.578969618686,0
"r8_N50_T40_rep1",104,40,161.515559448839,0
"r8_N50_T40_rep1",104,41,150.874201470565,0
"r8_N50_T40_rep1",104,42,162.264693422014,0
"r8_N50_T40_rep1",104,43,158.50598493734,0
"r8_N50_T40_rep1",104,44,159.696840096351,0
"r8_N50_T40_rep1",104,45,153.074081880801,0
"r8_N50_T40_rep1",104,46,141.163215998707,0
"r8_N50_T40_rep1",104,47,164.128911562542,0
"r8_N50_T40_rep1",104,48,181.590638756752,0
"r8_N50_T40_rep1",104,49,192.709484990319,0
"r8_N50_T40_rep1",104,50,197.662628222597,0
"r8_N50_T40_rep1",105,1,-6.61307241026662,0
"r8_N50_T40_rep1",105,2,3.291442989355,0
"r8_N50_T40_rep1",105,3,9.6760986725893,0
"r8_N50_T40_rep1",105,4,-2.90578181974162,0
"r8_N50_T40_rep1",105,5,11.0506563894342,0
"r8_N50_T40_rep1",105,6,41.3045258649281,0
"r8_N50_T40_rep1",105,7,19.1374634652179,0
"r8_N50_T40_rep1",105,8,17.9483719707355,0
"r8_N50_T40_rep1",105,9,41.5039646231329,0
"r8_N50_T40_rep1",105,10,53.3834807065277,0
"r8_N50_T40_rep1",105,11,41.2231645705165,0
"r8_N50_T40_rep1",105,12,43.0626991232856,0
"r8_N50_T40_rep1",105,13,75.0166128406916,0
"r8_N50_T40_rep1",105,14,64.6488593083824,0
"r8_N50_T40_rep1",105,15,63.4982824580742,0
"r8_N50_T40_rep1",105,16,62.1980146080157,0
"r8_N50_T40_rep1",105,17,90.592791889735,0
"r8_N50_T40_rep1",105,18,77.4957216019502,0
"r8_N50_T40_rep1",105,19,70.9132043737623,0
"r8_N50_T40_rep1",105,20,64.3941763958859,0
"r8_N50_T40_rep1",105,21,68.8290489726185,0
"r8_N50_T40_rep1",105,22,52.1045793666787,0
"r8_N50_T40_rep1",105,23,63.4906915476396,0
"r8_N50_T40_rep1",105,24,92.9952631796946,0
"r8_N50_T40_rep1",105,25,110.145188744293,0
"r8_N50_T40_rep1",105,26,100.555383750134,0
"r8_N50_T40_rep1",105,27,117.885968532921,0
"r8_N50_T40_rep1",105,28,109.816094120989,0
"r8_N50_T40_rep1",105,29,99.1461971946485,0
"r8_N50_T40_rep1",105,30,110.990062113511,0
"r8_N50_T40_rep1",105,31,118.834185599199,0
"r8_N50_T40_rep1",105,32,120.423854584285,0
"r8_N50_T40_rep1",105,33,122.699291572955,0
"r8_N50_T40_rep1",105,34,116.965968179663,0
"r8_N50_T40_rep1",105,35,140.628322909125,0
"r8_N50_T40_rep1",105,36,134.478346927559,0
"r8_N50_T40_rep1",105,37,132.488598201815,0
"r8_N50_T40_rep1",105,38,163.149918811595,0
"r8_N50_T40_rep1",105,39,160.01308845947,0
"r8_N50_T40_rep1",105,40,170.353468466194,0
"r8_N50_T40_rep1",105,41,165.078688771435,0
"r8_N50_T40_rep1",105,42,166.194666896374,0
"r8_N50_T40_rep1",105,43,156.639388071139,0
"r8_N50_T40_rep1",105,44,149.681042297543,0
"r8_N50_T40_rep1",105,45,159.608138732197,0
"r8_N50_T40_rep1",105,46,158.321759057914,0
"r8_N50_T40_rep1",105,47,180.084608110709,0
"r8_N50_T40_rep1",105,48,195.253183097906,0
"r8_N50_T40_rep1",105,49,196.21987625489,0
"r8_N50_T40_rep1",105,50,195.680348830514,0
"r8_N50_T40_rep1",106,1,-11.4016412270796,0
"r8_N50_T40_rep1",106,2,-10.9243187168959,0
"r8_N50_T40_rep1",106,3,17.9967439228419,0
"r8_N50_T40_rep1",106,4,11.3122214041583,0
"r8_N50_T40_rep1",106,5,12.6495581093395,0
"r8_N50_T40_rep1",106,6,44.0673621728343,0
"r8_N50_T40_rep1",106,7,14.6314171182225,0
"r8_N50_T40_rep1",106,8,33.5964692590615,0
"r8_N50_T40_rep1",106,9,47.6465515063872,0
"r8_N50_T40_rep1",106,10,57.8135793378288,0
"r8_N50_T40_rep1",106,11,37.693788137005,0
"r8_N50_T40_rep1",106,12,41.6592507142736,0
"r8_N50_T40_rep1",106,13,66.5078599671071,0
"r8_N50_T40_rep1",106,14,78.776393195047,0
"r8_N50_T40_rep1",106,15,52.3989272745061,0
"r8_N50_T40_rep1",106,16,53.2169701769691,0
"r8_N50_T40_rep1",106,17,72.6568637739488,0
"r8_N50_T40_rep1",106,18,81.9914742733238,0
"r8_N50_T40_rep1",106,19,83.0865626074604,0
"r8_N50_T40_rep1",106,20,69.1003908082423,0
"r8_N50_T40_rep1",106,21,61.2648043076688,0
"r8_N50_T40_rep1",106,22,58.1467822699373,0
"r8_N50_T40_rep1",106,23,73.4088827762068,0
"r8_N50_T40_rep1",106,24,99.4258514272549,0
"r8_N50_T40_rep1",106,25,100.719340990438,0
"r8_N50_T40_rep1",106,26,99.9493582575227,0
"r8_N50_T40_rep1",106,27,105.909396261958,0
"r8_N50_T40_rep1",106,28,100.271612974861,0
"r8_N50_T40_rep1",106,29,108.726693538668,0
"r8_N50_T40_rep1",106,30,117.347552973904,0
"r8_N50_T40_rep1",106,31,128.156506096886,0
"r8_N50_T40_rep1",106,32,130.776515830101,0
"r8_N50_T40_rep1",106,33,139.317545456832,0
"r8_N50_T40_rep1",106,34,120.506369085796,0
"r8_N50_T40_rep1",106,35,135.737020545138,0
"r8_N50_T40_rep1",106,36,126.532545901365,0
"r8_N50_T40_rep1",106,37,131.032574847068,0
"r8_N50_T40_rep1",106,38,141.232339027406,0
"r8_N50_T40_rep1",106,39,144.502939532911,0
"r8_N50_T40_rep1",106,40,133.823408696711,0
"r8_N50_T40_rep1",106,41,158.036000096077,0
"r8_N50_T40_rep1",106,42,140.597408096538,0
"r8_N50_T40_rep1",106,43,153.129110286551,0
"r8_N50_T40_rep1",106,44,161.496620970108,0
"r8_N50_T40_rep1",106,45,154.810503384001,0
"r8_N50_T40_rep1",106,46,157.916464911212,0
"r8_N50_T40_rep1",106,47,169.566626747112,0
"r8_N50_T40_rep1",106,48,164.10235152059,0
"r8_N50_T40_rep1",106,49,184.146035169404,0
"r8_N50_T40_rep1",106,50,188.238443584786,0
"r8_N50_T40_rep1",107,1,-15.349900885805,0
"r8_N50_T40_rep1",107,2,-17.9457312003127,0
"r8_N50_T40_rep1",107,3,3.47195737141272,0
"r8_N50_T40_rep1",107,4,-7.89919193024789,0
"r8_N50_T40_rep1",107,5,4.2933729983291,0
"r8_N50_T40_rep1",107,6,27.9088893933073,0
"r8_N50_T40_rep1",107,7,20.7632090695379,0
"r8_N50_T40_rep1",107,8,23.9879238531764,0
"r8_N50_T40_rep1",107,9,41.0260975821769,0
"r8_N50_T40_rep1",107,10,43.4233167218734,0
"r8_N50_T40_rep1",107,11,30.4628601455832,0
"r8_N50_T40_rep1",107,12,46.2467026356637,0
"r8_N50_T40_rep1",107,13,57.2860692792964,0
"r8_N50_T40_rep1",107,14,58.6745653921155,0
"r8_N50_T40_rep1",107,15,44.0474019665394,0
"r8_N50_T40_rep1",107,16,50.5783687606312,0
"r8_N50_T40_rep1",107,17,87.2622166865759,0
"r8_N50_T40_rep1",107,18,78.2733155540132,0
"r8_N50_T40_rep1",107,19,83.6223954342303,0
"r8_N50_T40_rep1",107,20,72.1712699230516,0
"r8_N50_T40_rep1",107,21,78.4132343973223,0
"r8_N50_T40_rep1",107,22,61.4960048211597,0
"r8_N50_T40_rep1",107,23,74.9834953352336,0
"r8_N50_T40_rep1",107,24,90.0256796643772,0
"r8_N50_T40_rep1",107,25,102.125302543552,0
"r8_N50_T40_rep1",107,26,97.3373467352494,0
"r8_N50_T40_rep1",107,27,111.422511171777,0
"r8_N50_T40_rep1",107,28,110.213134983659,0
"r8_N50_T40_rep1",107,29,116.666522311787,0
"r8_N50_T40_rep1",107,30,110.479351550344,0
"r8_N50_T40_rep1",107,31,104.760637199756,0
"r8_N50_T40_rep1",107,32,115.591062662404,0
"r8_N50_T40_rep1",107,33,126.485333127848,0
"r8_N50_T40_rep1",107,34,130.611143979655,0
"r8_N50_T40_rep1",107,35,130.401128047454,0
"r8_N50_T40_rep1",107,36,132.804912811974,0
"r8_N50_T40_rep1",107,37,142.131650422173,0
"r8_N50_T40_rep1",107,38,153.819263466444,0
"r8_N50_T40_rep1",107,39,156.061661051917,0
"r8_N50_T40_rep1",107,40,161.780885790088,0
"r8_N50_T40_rep1",107,41,148.538778017695,0
"r8_N50_T40_rep1",107,42,156.720718924907,0
"r8_N50_T40_rep1",107,43,144.34077052402,0
"r8_N50_T40_rep1",107,44,154.056032178984,0
"r8_N50_T40_rep1",107,45,161.379292288102,0
"r8_N50_T40_rep1",107,46,163.979067544648,0
"r8_N50_T40_rep1",107,47,174.380760657604,0
"r8_N50_T40_rep1",107,48,181.860185759934,0
"r8_N50_T40_rep1",107,49,194.224705841176,0
"r8_N50_T40_rep1",107,50,202.793865207109,0
"r8_N50_T40_rep1",108,1,-9.45684694389859,0
"r8_N50_T40_rep1",108,2,-8.19814834708907,0
"r8_N50_T40_rep1",108,3,15.6068599023165,0
"r8_N50_T40_rep1",108,4,3.64994617569144,0
"r8_N50_T40_rep1",108,5,11.5275038511539,0
"r8_N50_T40_rep1",108,6,37.4856740168548,0
"r8_N50_T40_rep1",108,7,15.6350041100482,0
"r8_N50_T40_rep1",108,8,23.3938254154718,0
"r8_N50_T40_rep1",108,9,28.9712018282431,0
"r8_N50_T40_rep1",108,10,59.6155171890655,0
"r8_N50_T40_rep1",108,11,42.1913379300032,0
"r8_N50_T40_rep1",108,12,32.0809386207661,0
"r8_N50_T40_rep1",108,13,52.7995838922305,0
"r8_N50_T40_rep1",108,14,55.1258485183742,0
"r8_N50_T40_rep1",108,15,41.3228035670019,0
"r8_N50_T40_rep1",108,16,41.7145191577673,0
"r8_N50_T40_rep1",108,17,86.9392940828471,0
"r8_N50_T40_rep1",108,18,81.3589368513125,0
"r8_N50_T40_rep1",108,19,84.1753706384563,0
"r8_N50_T40_rep1",108,20,66.3166677521856,0
"r8_N50_T40_rep1",108,21,63.2184837259847,0
"r8_N50_T40_rep1",108,22,59.7555428700673,0
"r8_N50_T40_rep1",108,23,69.6818783062656,0
"r8_N50_T40_rep1",108,24,102.688012456832,0
"r8_N50_T40_rep1",108,25,102.144554287527,0
"r8_N50_T40_rep1",108,26,106.72575139788,0
"r8_N50_T40_rep1",108,27,108.124921798668,0
"r8_N50_T40_rep1",108,28,113.072992774983,0
"r8_N50_T40_rep1",108,29,117.177381525698,0
"r8_N50_T40_rep1",108,30,102.582903771965,0
"r8_N50_T40_rep1",108,31,121.564558626558,0
"r8_N50_T40_rep1",108,32,121.855461668478,0
"r8_N50_T40_rep1",108,33,127.98202342789,0
"r8_N50_T40_rep1",108,34,125.464221359124,0
"r8_N50_T40_rep1",108,35,131.852316564314,0
"r8_N50_T40_rep1",108,36,137.840045055465,0
"r8_N50_T40_rep1",108,37,151.557683718549,0
"r8_N50_T40_rep1",108,38,165.705465036621,0
"r8_N50_T40_rep1",108,39,168.741001520378,0
"r8_N50_T40_rep1",108,40,174.936600128893,0
"r8_N50_T40_rep1",108,41,169.133909419998,0
"r8_N50_T40_rep1",108,42,170.538034193158,0
"r8_N50_T40_rep1",108,43,153.215974515583,0
"r8_N50_T40_rep1",108,44,159.043730433747,0
"r8_N50_T40_rep1",108,45,164.558740367168,0
"r8_N50_T40_rep1",108,46,171.858080420381,0
"r8_N50_T40_rep1",108,47,176.202317102954,0
"r8_N50_T40_rep1",108,48,173.889292225091,0
"r8_N50_T40_rep1",108,49,194.627668411827,0
"r8_N50_T40_rep1",108,50,188.515604045018,0
"r8_N50_T40_rep1",109,1,-11.6570804892232,0
"r8_N50_T40_rep1",109,2,-1.40679262849394,0
"r8_N50_T40_rep1",109,3,18.702201901569,0
"r8_N50_T40_rep1",109,4,12.9550468777947,0
"r8_N50_T40_rep1",109,5,17.3046511810083,0
"r8_N50_T40_rep1",109,6,36.764215373715,0
"r8_N50_T40_rep1",109,7,17.0029697779509,0
"r8_N50_T40_rep1",109,8,36.6203440044569,0
"r8_N50_T40_rep1",109,9,39.8705161071675,0
"r8_N50_T40_rep1",109,10,32.4491289230417,0
"r8_N50_T40_rep1",109,11,30.1404417363166,0
"r8_N50_T40_rep1",109,12,33.5057064313785,0
"r8_N50_T40_rep1",109,13,46.0142858581435,0
"r8_N50_T40_rep1",109,14,55.7718597486909,0
"r8_N50_T40_rep1",109,15,36.5709540091295,0
"r8_N50_T40_rep1",109,16,41.6064358816581,0
"r8_N50_T40_rep1",109,17,89.2472273800543,0
"r8_N50_T40_rep1",109,18,90.8133715098493,0
"r8_N50_T40_rep1",109,19,77.6207808842769,0
"r8_N50_T40_rep1",109,20,73.2020509815387,0
"r8_N50_T40_rep1",109,21,68.2850163814059,0
"r8_N50_T40_rep1",109,22,58.9047751190295,0
"r8_N50_T40_rep1",109,23,72.6818630045352,0
"r8_N50_T40_rep1",109,24,89.4668125325547,0
"r8_N50_T40_rep1",109,25,98.1688949985381,0
"r8_N50_T40_rep1",109,26,91.5812102324615,0
"r8_N50_T40_rep1",109,27,92.2252057521144,0
"r8_N50_T40_rep1",109,28,110.523438462278,0
"r8_N50_T40_rep1",109,29,109.830791653369,0
"r8_N50_T40_rep1",109,30,95.1170780409445,0
"r8_N50_T40_rep1",109,31,116.145683066108,0
"r8_N50_T40_rep1",109,32,125.70144453358,0
"r8_N50_T40_rep1",109,33,133.150520860972,0
"r8_N50_T40_rep1",109,34,134.56703646992,0
"r8_N50_T40_rep1",109,35,137.745466624772,0
"r8_N50_T40_rep1",109,36,142.207290725202,0
"r8_N50_T40_rep1",109,37,145.360245631309,0
"r8_N50_T40_rep1",109,38,164.007491342174,0
"r8_N50_T40_rep1",109,39,161.780315487501,0
"r8_N50_T40_rep1",109,40,178.692213263814,0
"r8_N50_T40_rep1",109,41,155.358768687006,0
"r8_N50_T40_rep1",109,42,160.159541221874,0
"r8_N50_T40_rep1",109,43,150.765243966736,0
"r8_N50_T40_rep1",109,44,154.028485433753,0
"r8_N50_T40_rep1",109,45,163.346488988753,0
"r8_N50_T40_rep1",109,46,162.677483407051,0
"r8_N50_T40_rep1",109,47,171.261323983112,0
"r8_N50_T40_rep1",109,48,170.209375381096,0
"r8_N50_T40_rep1",109,49,173.312561608389,0
"r8_N50_T40_rep1",109,50,176.81805771348,0
"r8_N50_T40_rep1",110,1,-8.41621390484109,0
"r8_N50_T40_rep1",110,2,-16.6661404626891,0
"r8_N50_T40_rep1",110,3,8.98030909068243,0
"r8_N50_T40_rep1",110,4,6.52685431488264,0
"r8_N50_T40_rep1",110,5,4.74620443580881,0
"r8_N50_T40_rep1",110,6,22.6877062155942,0
"r8_N50_T40_rep1",110,7,9.59677137189716,0
"r8_N50_T40_rep1",110,8,34.567462024621,0
"r8_N50_T40_rep1",110,9,43.5139244221332,0
"r8_N50_T40_rep1",110,10,50.1303676367034,0
"r8_N50_T40_rep1",110,11,41.448737858488,0
"r8_N50_T40_rep1",110,12,54.6532361107364,0
"r8_N50_T40_rep1",110,13,79.9004241977134,0
"r8_N50_T40_rep1",110,14,71.5023689105965,0
"r8_N50_T40_rep1",110,15,45.080359829421,0
"r8_N50_T40_rep1",110,16,41.0448496982498,0
"r8_N50_T40_rep1",110,17,68.2484950574859,0
"r8_N50_T40_rep1",110,18,74.0977545656057,0
"r8_N50_T40_rep1",110,19,101.94876653882,0
"r8_N50_T40_rep1",110,20,83.0554595222388,0
"r8_N50_T40_rep1",110,21,63.1973865108951,0
"r8_N50_T40_rep1",110,22,63.104531753384,0
"r8_N50_T40_rep1",110,23,86.7996616417268,0
"r8_N50_T40_rep1",110,24,98.9615902675806,0
"r8_N50_T40_rep1",110,25,99.9962811149556,0
"r8_N50_T40_rep1",110,26,94.0183183235432,0
"r8_N50_T40_rep1",110,27,86.7671943420328,0
"r8_N50_T40_rep1",110,28,106.558967883456,0
"r8_N50_T40_rep1",110,29,120.042404399163,0
"r8_N50_T40_rep1",110,30,130.260575907829,0
"r8_N50_T40_rep1",110,31,138.717905426053,0
"r8_N50_T40_rep1",110,32,137.94606533449,0
"r8_N50_T40_rep1",110,33,127.152618790702,0
"r8_N50_T40_rep1",110,34,128.38375231267,0
"r8_N50_T40_rep1",110,35,123.716504376378,0
"r8_N50_T40_rep1",110,36,120.574954834792,0
"r8_N50_T40_rep1",110,37,117.950067963198,0
"r8_N50_T40_rep1",110,38,132.567167295,0
"r8_N50_T40_rep1",110,39,134.292796612249,0
"r8_N50_T40_rep1",110,40,154.209325207203,0
"r8_N50_T40_rep1",110,41,154.653365981265,0
"r8_N50_T40_rep1",110,42,149.133421482959,0
"r8_N50_T40_rep1",110,43,150.541076676035,0
"r8_N50_T40_rep1",110,44,163.718819468703,0
"r8_N50_T40_rep1",110,45,162.037924711937,0
"r8_N50_T40_rep1",110,46,163.809702932841,0
"r8_N50_T40_rep1",110,47,173.555445054904,0
"r8_N50_T40_rep1",110,48,177.643526671645,0
"r8_N50_T40_rep1",110,49,186.336008815136,0
"r8_N50_T40_rep1",110,50,207.455111594311,0
"r8_N50_T40_rep1",111,1,-11.3917991191738,0
"r8_N50_T40_rep1",111,2,-8.52753865372646,0
"r8_N50_T40_rep1",111,3,9.51576107342989,0
"r8_N50_T40_rep1",111,4,-0.468978390144295,0
"r8_N50_T40_rep1",111,5,-7.05350416283589,0
"r8_N50_T40_rep1",111,6,43.4422785891826,0
"r8_N50_T40_rep1",111,7,20.564744823697,0
"r8_N50_T40_rep1",111,8,26.1682344729725,0
"r8_N50_T40_rep1",111,9,32.9203626615387,0
"r8_N50_T40_rep1",111,10,59.661584578814,0
"r8_N50_T40_rep1",111,11,36.7629169550708,0
"r8_N50_T40_rep1",111,12,43.8738029162339,0
"r8_N50_T40_rep1",111,13,59.7380269171321,0
"r8_N50_T40_rep1",111,14,54.0755978531631,0
"r8_N50_T40_rep1",111,15,64.8560746827983,0
"r8_N50_T40_rep1",111,16,65.0629513888446,0
"r8_N50_T40_rep1",111,17,89.377597454256,0
"r8_N50_T40_rep1",111,18,78.7055475417551,0
"r8_N50_T40_rep1",111,19,71.2782942625695,0
"r8_N50_T40_rep1",111,20,66.8137173300597,0
"r8_N50_T40_rep1",111,21,59.0660459312964,0
"r8_N50_T40_rep1",111,22,50.7123711833751,0
"r8_N50_T40_rep1",111,23,72.168943195842,0
"r8_N50_T40_rep1",111,24,107.21899139,0
"r8_N50_T40_rep1",111,25,109.73757442022,0
"r8_N50_T40_rep1",111,26,98.2612350072085,0
"r8_N50_T40_rep1",111,27,115.599984069839,0
"r8_N50_T40_rep1",111,28,102.175797226901,0
"r8_N50_T40_rep1",111,29,95.3472797215541,0
"r8_N50_T40_rep1",111,30,100.321002985546,0
"r8_N50_T40_rep1",111,31,117.008164401675,0
"r8_N50_T40_rep1",111,32,125.587198354999,0
"r8_N50_T40_rep1",111,33,126.562513625327,0
"r8_N50_T40_rep1",111,34,125.823222449348,0
"r8_N50_T40_rep1",111,35,134.611468421789,0
"r8_N50_T40_rep1",111,36,132.49480057306,0
"r8_N50_T40_rep1",111,37,132.583769627088,0
"r8_N50_T40_rep1",111,38,155.652779730429,0
"r8_N50_T40_rep1",111,39,151.449157900409,0
"r8_N50_T40_rep1",111,40,151.070766196993,0
"r8_N50_T40_rep1",111,41,157.913010873088,0
"r8_N50_T40_rep1",111,42,158.369950303522,0
"r8_N50_T40_rep1",111,43,144.723017691662,0
"r8_N50_T40_rep1",111,44,154.790619059624,0
"r8_N50_T40_rep1",111,45,142.230319168442,0
"r8_N50_T40_rep1",111,46,156.138519433314,0
"r8_N50_T40_rep1",111,47,186.015025379949,0
"r8_N50_T40_rep1",111,48,190.416431104905,0
"r8_N50_T40_rep1",111,49,192.141374692455,0
"r8_N50_T40_rep1",111,50,193.308892447721,0
"r8_N50_T40_rep1",112,1,-2.00492992073556,0
"r8_N50_T40_rep1",112,2,-9.23736514023675,0
"r8_N50_T40_rep1",112,3,8.58249574635854,0
"r8_N50_T40_rep1",112,4,5.45490485012402,0
"r8_N50_T40_rep1",112,5,10.7584674292788,0
"r8_N50_T40_rep1",112,6,22.317322919459,0
"r8_N50_T40_rep1",112,7,6.25776260254289,0
"r8_N50_T40_rep1",112,8,22.6126123829194,0
"r8_N50_T40_rep1",112,9,38.0318073797921,0
"r8_N50_T40_rep1",112,10,45.7095390859844,0
"r8_N50_T40_rep1",112,11,41.475663591781,0
"r8_N50_T40_rep1",112,12,40.308997496789,0
"r8_N50_T40_rep1",112,13,51.1708702845775,0
"r8_N50_T40_rep1",112,14,63.338163398012,0
"r8_N50_T40_rep1",112,15,45.1285797605167,0
"r8_N50_T40_rep1",112,16,41.1857038656476,0
"r8_N50_T40_rep1",112,17,88.8835470111483,0
"r8_N50_T40_rep1",112,18,101.10842078336,0
"r8_N50_T40_rep1",112,19,87.5491161609907,0
"r8_N50_T40_rep1",112,20,78.0538689565921,0
"r8_N50_T40_rep1",112,21,64.5271235796289,0
"r8_N50_T40_rep1",112,22,56.3718000222589,0
"r8_N50_T40_rep1",112,23,68.4890044613358,0
"r8_N50_T40_rep1",112,24,98.3990498759969,0
"r8_N50_T40_rep1",112,25,103.928082764725,0
"r8_N50_T40_rep1",112,26,107.184640691805,0
"r8_N50_T40_rep1",112,27,106.742224147435,0
"r8_N50_T40_rep1",112,28,115.849175544155,0
"r8_N50_T40_rep1",112,29,96.0031290821876,0
"r8_N50_T40_rep1",112,30,102.360156806373,0
"r8_N50_T40_rep1",112,31,120.684369081788,0
"r8_N50_T40_rep1",112,32,128.748506167524,0
"r8_N50_T40_rep1",112,33,127.658629063856,0
"r8_N50_T40_rep1",112,34,128.069556142896,0
"r8_N50_T40_rep1",112,35,153.064769208146,0
"r8_N50_T40_rep1",112,36,139.70001121461,0
"r8_N50_T40_rep1",112,37,155.638929600547,0
"r8_N50_T40_rep1",112,38,164.391268030766,0
"r8_N50_T40_rep1",112,39,156.11906975411,0
"r8_N50_T40_rep1",112,40,167.166825532022,0
"r8_N50_T40_rep1",112,41,164.86403094069,0
"r8_N50_T40_rep1",112,42,161.815730447329,0
"r8_N50_T40_rep1",112,43,147.311016367484,0
"r8_N50_T40_rep1",112,44,155.874758808893,0
"r8_N50_T40_rep1",112,45,161.78836448464,0
"r8_N50_T40_rep1",112,46,177.083856788271,0
"r8_N50_T40_rep1",112,47,180.227639339682,0
"r8_N50_T40_rep1",112,48,191.6167324494,0
"r8_N50_T40_rep1",112,49,198.613961809371,0
"r8_N50_T40_rep1",112,50,202.99038730829,0
"r8_N50_T40_rep1",113,1,-22.4333573181118,0
"r8_N50_T40_rep1",113,2,-1.87197074724734,0
"r8_N50_T40_rep1",113,3,15.4828366177672,0
"r8_N50_T40_rep1",113,4,7.18572426542023,0
"r8_N50_T40_rep1",113,5,3.26700543287373,0
"r8_N50_T40_rep1",113,6,29.2500805013872,0
"r8_N50_T40_rep1",113,7,-0.0770220459269417,0
"r8_N50_T40_rep1",113,8,19.8053325930844,0
"r8_N50_T40_rep1",113,9,41.0623730333027,0
"r8_N50_T40_rep1",113,10,41.0159822492278,0
"r8_N50_T40_rep1",113,11,41.4851833963337,0
"r8_N50_T40_rep1",113,12,63.3493790464846,0
"r8_N50_T40_rep1",113,13,66.9820348035474,0
"r8_N50_T40_rep1",113,14,71.7342504230268,0
"r8_N50_T40_rep1",113,15,33.3732193672383,0
"r8_N50_T40_rep1",113,16,43.9736116813501,0
"r8_N50_T40_rep1",113,17,86.858009357572,0
"r8_N50_T40_rep1",113,18,102.65836287434,0
"r8_N50_T40_rep1",113,19,110.027425525418,0
"r8_N50_T40_rep1",113,20,85.4659915637419,0
"r8_N50_T40_rep1",113,21,70.5919988584668,0
"r8_N50_T40_rep1",113,22,55.1738258139347,0
"r8_N50_T40_rep1",113,23,89.9158474746897,0
"r8_N50_T40_rep1",113,24,88.9143506038434,0
"r8_N50_T40_rep1",113,25,92.8826365536031,0
"r8_N50_T40_rep1",113,26,97.5430043416551,0
"r8_N50_T40_rep1",113,27,83.2328707254489,0
"r8_N50_T40_rep1",113,28,113.479981566997,0
"r8_N50_T40_rep1",113,29,103.299425745943,0
"r8_N50_T40_rep1",113,30,107.74684943301,0
"r8_N50_T40_rep1",113,31,113.662544273852,0
"r8_N50_T40_rep1",113,32,129.081757053161,0
"r8_N50_T40_rep1",113,33,126.207975116976,0
"r8_N50_T40_rep1",113,34,116.366505641476,0
"r8_N50_T40_rep1",113,35,141.925052574406,0
"r8_N50_T40_rep1",113,36,129.933258637198,0
"r8_N50_T40_rep1",113,37,131.938414493847,0
"r8_N50_T40_rep1",113,38,143.288630430591,0
"r8_N50_T40_rep1",113,39,132.731472611607,0
"r8_N50_T40_rep1",113,40,147.634353521181,0
"r8_N50_T40_rep1",113,41,156.581573757623,0
"r8_N50_T40_rep1",113,42,138.514747039513,0
"r8_N50_T40_rep1",113,43,141.475609369916,0
"r8_N50_T40_rep1",113,44,154.442494807903,0
"r8_N50_T40_rep1",113,45,149.399451042301,0
"r8_N50_T40_rep1",113,46,163.578045071555,0
"r8_N50_T40_rep1",113,47,181.55987668892,0
"r8_N50_T40_rep1",113,48,178.208809898883,0
"r8_N50_T40_rep1",113,49,192.290448836959,0
"r8_N50_T40_rep1",113,50,198.621496759377,0
"r8_N50_T40_rep1",114,1,1.80143252643111,0
"r8_N50_T40_rep1",114,2,3.30317139416184,0
"r8_N50_T40_rep1",114,3,11.6289141350488,0
"r8_N50_T40_rep1",114,4,2.24469609651317,0
"r8_N50_T40_rep1",114,5,13.7808268874475,0
"r8_N50_T40_rep1",114,6,17.0714113217247,0
"r8_N50_T40_rep1",114,7,17.5532470040813,0
"r8_N50_T40_rep1",114,8,30.939893508227,0
"r8_N50_T40_rep1",114,9,31.1112036496617,0
"r8_N50_T40_rep1",114,10,42.2910826659563,0
"r8_N50_T40_rep1",114,11,52.2104826991355,0
"r8_N50_T40_rep1",114,12,43.7384840262814,0
"r8_N50_T40_rep1",114,13,54.8073984201018,0
"r8_N50_T40_rep1",114,14,54.0252017923174,0
"r8_N50_T40_rep1",114,15,32.2626398931095,0
"r8_N50_T40_rep1",114,16,38.4222679520685,0
"r8_N50_T40_rep1",114,17,69.0378727408933,0
"r8_N50_T40_rep1",114,18,93.1198821319805,0
"r8_N50_T40_rep1",114,19,83.7380437121574,0
"r8_N50_T40_rep1",114,20,72.3420649600932,0
"r8_N50_T40_rep1",114,21,67.7745385062942,0
"r8_N50_T40_rep1",114,22,70.0043791258447,0
"r8_N50_T40_rep1",114,23,81.0605982501725,0
"r8_N50_T40_rep1",114,24,106.70412205526,0
"r8_N50_T40_rep1",114,25,97.5889848643571,0
"r8_N50_T40_rep1",114,26,94.3741655310345,0
"r8_N50_T40_rep1",114,27,94.1744784024114,0
"r8_N50_T40_rep1",114,28,123.097426019901,0
"r8_N50_T40_rep1",114,29,126.0903411668,0
"r8_N50_T40_rep1",114,30,115.088871362451,0
"r8_N50_T40_rep1",114,31,124.136154096802,0
"r8_N50_T40_rep1",114,32,131.02449471018,0
"r8_N50_T40_rep1",114,33,119.855654802178,0
"r8_N50_T40_rep1",114,34,127.926399197756,0
"r8_N50_T40_rep1",114,35,133.641235483636,0
"r8_N50_T40_rep1",114,36,139.941376438443,0
"r8_N50_T40_rep1",114,37,155.065074307468,0
"r8_N50_T40_rep1",114,38,164.019693316514,0
"r8_N50_T40_rep1",114,39,156.397783649875,0
"r8_N50_T40_rep1",114,40,165.681383108687,0
"r8_N50_T40_rep1",114,41,163.72535074225,0
"r8_N50_T40_rep1",114,42,161.959260366228,0
"r8_N50_T40_rep1",114,43,148.632261574889,0
"r8_N50_T40_rep1",114,44,149.160061323823,0
"r8_N50_T40_rep1",114,45,173.848777138032,0
"r8_N50_T40_rep1",114,46,171.186976345128,0
"r8_N50_T40_rep1",114,47,180.871595673995,0
"r8_N50_T40_rep1",114,48,173.905395487842,0
"r8_N50_T40_rep1",114,49,184.316167415071,0
"r8_N50_T40_rep1",114,50,192.452041277006,0
"r8_N50_T40_rep1",115,1,-16.4421413046166,0
"r8_N50_T40_rep1",115,2,-6.68477875814362,0
"r8_N50_T40_rep1",115,3,16.3612428022439,0
"r8_N50_T40_rep1",115,4,15.6304701998621,0
"r8_N50_T40_rep1",115,5,11.4926687232911,0
"r8_N50_T40_rep1",115,6,37.7559091304525,0
"r8_N50_T40_rep1",115,7,28.2101218721336,0
"r8_N50_T40_rep1",115,8,21.7775760836797,0
"r8_N50_T40_rep1",115,9,21.4421340289933,0
"r8_N50_T40_rep1",115,10,50.6723476375849,0
"r8_N50_T40_rep1",115,11,41.0074323513476,0
"r8_N50_T40_rep1",115,12,45.5603151446253,0
"r8_N50_T40_rep1",115,13,72.4488722624512,0
"r8_N50_T40_rep1",115,14,70.2670954549717,0
"r8_N50_T40_rep1",115,15,55.4705937471531,0
"r8_N50_T40_rep1",115,16,53.4628266810011,0
"r8_N50_T40_rep1",115,17,83.0399707295337,0
"r8_N50_T40_rep1",115,18,78.0326473939795,0
"r8_N50_T40_rep1",115,19,91.2497584344649,0
"r8_N50_T40_rep1",115,20,68.0442482040449,0
"r8_N50_T40_rep1",115,21,68.1493791669898,0
"r8_N50_T40_rep1",115,22,55.9028222737435,0
"r8_N50_T40_rep1",115,23,75.6071455009497,0
"r8_N50_T40_rep1",115,24,96.6649518666889,0
"r8_N50_T40_rep1",115,25,99.0672289455105,0
"r8_N50_T40_rep1",115,26,92.5753729373731,0
"r8_N50_T40_rep1",115,27,96.8001925033568,0
"r8_N50_T40_rep1",115,28,101.519141685837,0
"r8_N50_T40_rep1",115,29,102.274602520861,0
"r8_N50_T40_rep1",115,30,106.510691359778,0
"r8_N50_T40_rep1",115,31,108.310750413972,0
"r8_N50_T40_rep1",115,32,109.701670014897,0
"r8_N50_T40_rep1",115,33,139.496450239841,0
"r8_N50_T40_rep1",115,34,103.846941714809,0
"r8_N50_T40_rep1",115,35,132.707388003458,0
"r8_N50_T40_rep1",115,36,133.631208831716,0
"r8_N50_T40_rep1",115,37,144.335577422167,0
"r8_N50_T40_rep1",115,38,162.133392526931,0
"r8_N50_T40_rep1",115,39,154.667321764762,0
"r8_N50_T40_rep1",115,40,153.749359129365,0
"r8_N50_T40_rep1",115,41,150.081372752013,0
"r8_N50_T40_rep1",115,42,163.412214686594,0
"r8_N50_T40_rep1",115,43,160.012776458936,0
"r8_N50_T40_rep1",115,44,155.762628709292,0
"r8_N50_T40_rep1",115,45,156.090861375872,0
"r8_N50_T40_rep1",115,46,163.012775482002,0
"r8_N50_T40_rep1",115,47,184.706860310795,0
"r8_N50_T40_rep1",115,48,168.160011367485,0
"r8_N50_T40_rep1",115,49,189.497700777308,0
"r8_N50_T40_rep1",115,50,185.527615017326,0
"r8_N50_T40_rep1",116,1,-14.433457461713,0
"r8_N50_T40_rep1",116,2,0.984546801485661,0
"r8_N50_T40_rep1",116,3,31.0262703579284,0
"r8_N50_T40_rep1",116,4,9.3510686910531,0
"r8_N50_T40_rep1",116,5,33.2883750311704,0
"r8_N50_T40_rep1",116,6,39.7048052231198,0
"r8_N50_T40_rep1",116,7,8.49343995453703,0
"r8_N50_T40_rep1",116,8,21.2883875352388,0
"r8_N50_T40_rep1",116,9,36.9715032830792,0
"r8_N50_T40_rep1",116,10,49.6709470836133,0
"r8_N50_T40_rep1",116,11,36.2728319974966,0
"r8_N50_T40_rep1",116,12,50.0104912220335,0
"r8_N50_T40_rep1",116,13,68.3226463164452,0
"r8_N50_T40_rep1",116,14,58.3365484926738,0
"r8_N50_T40_rep1",116,15,49.6080823050336,0
"r8_N50_T40_rep1",116,16,60.1965450806697,0
"r8_N50_T40_rep1",116,17,78.9611787619297,0
"r8_N50_T40_rep1",116,18,79.0681165726178,0
"r8_N50_T40_rep1",116,19,79.4596635064666,0
"r8_N50_T40_rep1",116,20,59.7166004692897,0
"r8_N50_T40_rep1",116,21,69.7095768848513,0
"r8_N50_T40_rep1",116,22,50.2133921688184,0
"r8_N50_T40_rep1",116,23,71.3945558263894,0
"r8_N50_T40_rep1",116,24,113.874438743476,0
"r8_N50_T40_rep1",116,25,105.018205473474,0
"r8_N50_T40_rep1",116,26,104.919288265981,0
"r8_N50_T40_rep1",116,27,102.924439012344,0
"r8_N50_T40_rep1",116,28,116.824440270848,0
"r8_N50_T40_rep1",116,29,97.6118373863895,0
"r8_N50_T40_rep1",116,30,109.255034201013,0
"r8_N50_T40_rep1",116,31,128.301333178997,0
"r8_N50_T40_rep1",116,32,135.002078627984,0
"r8_N50_T40_rep1",116,33,121.758390366351,0
"r8_N50_T40_rep1",116,34,130.378933159494,0
"r8_N50_T40_rep1",116,35,148.005553790204,0
"r8_N50_T40_rep1",116,36,139.808207496344,0
"r8_N50_T40_rep1",116,37,138.93586981326,0
"r8_N50_T40_rep1",116,38,155.034309754213,0
"r8_N50_T40_rep1",116,39,139.466585067604,0
"r8_N50_T40_rep1",116,40,152.126964246903,0
"r8_N50_T40_rep1",116,41,158.442629186759,0
"r8_N50_T40_rep1",116,42,168.035819794476,0
"r8_N50_T40_rep1",116,43,155.363553797611,0
"r8_N50_T40_rep1",116,44,160.185913793176,0
"r8_N50_T40_rep1",116,45,168.012316960626,0
"r8_N50_T40_rep1",116,46,171.677694261292,0
"r8_N50_T40_rep1",116,47,169.713293615927,0
"r8_N50_T40_rep1",116,48,170.526901386451,0
"r8_N50_T40_rep1",116,49,182.202486957239,0
"r8_N50_T40_rep1",116,50,178.458298560171,0
"r8_N50_T40_rep1",117,1,4.44603395728356,0
"r8_N50_T40_rep1",117,2,-8.29692072764016,0
"r8_N50_T40_rep1",117,3,-3.2031372584409,0
"r8_N50_T40_rep1",117,4,-16.0164363336399,0
"r8_N50_T40_rep1",117,5,0.358097791784265,0
"r8_N50_T40_rep1",117,6,24.0876503070115,0
"r8_N50_T40_rep1",117,7,22.9855722230144,0
"r8_N50_T40_rep1",117,8,28.0882001564165,0
"r8_N50_T40_rep1",117,9,38.0004563704113,0
"r8_N50_T40_rep1",117,10,44.7097968089532,0
"r8_N50_T40_rep1",117,11,41.2916070294026,0
"r8_N50_T40_rep1",117,12,47.6012789096303,0
"r8_N50_T40_rep1",117,13,62.2768583170702,0
"r8_N50_T40_rep1",117,14,72.6754741531524,0
"r8_N50_T40_rep1",117,15,32.8297842938631,0
"r8_N50_T40_rep1",117,16,27.5167838634983,0
"r8_N50_T40_rep1",117,17,65.2344113711389,0
"r8_N50_T40_rep1",117,18,75.4894487110972,0
"r8_N50_T40_rep1",117,19,93.0262626924987,0
"r8_N50_T40_rep1",117,20,71.0241520002468,0
"r8_N50_T40_rep1",117,21,71.6551749842278,0
"r8_N50_T40_rep1",117,22,66.8539325203669,0
"r8_N50_T40_rep1",117,23,64.8135612590103,0
"r8_N50_T40_rep1",117,24,87.8095259757668,0
"r8_N50_T40_rep1",117,25,86.4641671093468,0
"r8_N50_T40_rep1",117,26,89.2385282146979,0
"r8_N50_T40_rep1",117,27,87.7242515724373,0
"r8_N50_T40_rep1",117,28,103.648134358815,0
"r8_N50_T40_rep1",117,29,130.006490890495,0
"r8_N50_T40_rep1",117,30,109.222393054006,0
"r8_N50_T40_rep1",117,31,120.472478791498,0
"r8_N50_T40_rep1",117,32,129.533945700891,0
"r8_N50_T40_rep1",117,33,129.059277944757,0
"r8_N50_T40_rep1",117,34,125.84616292614,0
"r8_N50_T40_rep1",117,35,130.759906697829,0
"r8_N50_T40_rep1",117,36,128.87097349334,0
"r8_N50_T40_rep1",117,37,142.996591069748,0
"r8_N50_T40_rep1",117,38,169.252118585938,0
"r8_N50_T40_rep1",117,39,164.54740586397,0
"r8_N50_T40_rep1",117,40,175.506753703328,0
"r8_N50_T40_rep1",117,41,164.194597272527,0
"r8_N50_T40_rep1",117,42,163.930592884382,0
"r8_N50_T40_rep1",117,43,156.176565726164,0
"r8_N50_T40_rep1",117,44,158.663649994867,0
"r8_N50_T40_rep1",117,45,162.18516886443,0
"r8_N50_T40_rep1",117,46,168.199381737217,0
"r8_N50_T40_rep1",117,47,169.803505682344,0
"r8_N50_T40_rep1",117,48,178.973510472377,0
"r8_N50_T40_rep1",117,49,194.651467075356,0
"r8_N50_T40_rep1",117,50,187.116550450684,0
"r8_N50_T40_rep1",118,1,-16.5323750938709,0
"r8_N50_T40_rep1",118,2,9.67611516816228,0
"r8_N50_T40_rep1",118,3,18.6135475067765,0
"r8_N50_T40_rep1",118,4,12.7963655645348,0
"r8_N50_T40_rep1",118,5,15.7293714494629,0
"r8_N50_T40_rep1",118,6,42.8508338345183,0
"r8_N50_T40_rep1",118,7,19.8457780754874,0
"r8_N50_T40_rep1",118,8,31.7189934022812,0
"r8_N50_T40_rep1",118,9,32.6748507178455,0
"r8_N50_T40_rep1",118,10,51.1659415274636,0
"r8_N50_T40_rep1",118,11,32.4891149745092,0
"r8_N50_T40_rep1",118,12,53.3926403384772,0
"r8_N50_T40_rep1",118,13,68.6561365119369,0
"r8_N50_T40_rep1",118,14,59.8643510101516,0
"r8_N50_T40_rep1",118,15,42.7342814452567,0
"r8_N50_T40_rep1",118,16,45.8728245003139,0
"r8_N50_T40_rep1",118,17,86.7024450576547,0
"r8_N50_T40_rep1",118,18,72.7167480214961,0
"r8_N50_T40_rep1",118,19,80.2687520428851,0
"r8_N50_T40_rep1",118,20,68.544489182353,0
"r8_N50_T40_rep1",118,21,61.091101143431,0
"r8_N50_T40_rep1",118,22,55.8791512383962,0
"r8_N50_T40_rep1",118,23,73.0843564402558,0
"r8_N50_T40_rep1",118,24,101.14251112362,0
"r8_N50_T40_rep1",118,25,93.2785964093028,0
"r8_N50_T40_rep1",118,26,94.2239364992524,0
"r8_N50_T40_rep1",118,27,101.23802167653,0
"r8_N50_T40_rep1",118,28,97.048030819439,0
"r8_N50_T40_rep1",118,29,107.572565337521,0
"r8_N50_T40_rep1",118,30,109.668307219579,0
"r8_N50_T40_rep1",118,31,131.755636258877,0
"r8_N50_T40_rep1",118,32,131.855007989349,0
"r8_N50_T40_rep1",118,33,131.98245654731,0
"r8_N50_T40_rep1",118,34,124.789010130586,0
"r8_N50_T40_rep1",118,35,130.596250755699,0
"r8_N50_T40_rep1",118,36,129.813057936639,0
"r8_N50_T40_rep1",118,37,131.473369229905,0
"r8_N50_T40_rep1",118,38,142.962355349693,0
"r8_N50_T40_rep1",118,39,135.211757562837,0
"r8_N50_T40_rep1",118,40,160.961652661805,0
"r8_N50_T40_rep1",118,41,163.949034592532,0
"r8_N50_T40_rep1",118,42,143.979207236315,0
"r8_N50_T40_rep1",118,43,153.548627355213,0
"r8_N50_T40_rep1",118,44,161.290500089084,0
"r8_N50_T40_rep1",118,45,164.74128419279,0
"r8_N50_T40_rep1",118,46,159.747871111877,0
"r8_N50_T40_rep1",118,47,171.622110382584,0
"r8_N50_T40_rep1",118,48,152.302578689077,0
"r8_N50_T40_rep1",118,49,159.393570701728,0
"r8_N50_T40_rep1",118,50,180.25848225654,0
"r8_N50_T40_rep1",119,1,-3.53849748377146,0
"r8_N50_T40_rep1",119,2,-15.1822420586653,0
"r8_N50_T40_rep1",119,3,-1.95946173722033,0
"r8_N50_T40_rep1",119,4,-0.0585621170317598,0
"r8_N50_T40_rep1",119,5,8.15948850903401,0
"r8_N50_T40_rep1",119,6,16.149790064544,0
"r8_N50_T40_rep1",119,7,13.7479825972192,0
"r8_N50_T40_rep1",119,8,25.7367366975064,0
"r8_N50_T40_rep1",119,9,33.6349802066127,0
"r8_N50_T40_rep1",119,10,52.5847906808614,0
"r8_N50_T40_rep1",119,11,56.5696541200795,0
"r8_N50_T40_rep1",119,12,55.3758550882985,0
"r8_N50_T40_rep1",119,13,87.9783509682584,0
"r8_N50_T40_rep1",119,14,72.2314155506922,0
"r8_N50_T40_rep1",119,15,39.5874832484007,0
"r8_N50_T40_rep1",119,16,57.8815957865773,0
"r8_N50_T40_rep1",119,17,82.0349064963943,0
"r8_N50_T40_rep1",119,18,92.5524735387976,0
"r8_N50_T40_rep1",119,19,93.101329875422,0
"r8_N50_T40_rep1",119,20,84.5172137910474,0
"r8_N50_T40_rep1",119,21,65.2246896979997,0
"r8_N50_T40_rep1",119,22,64.7517217200088,0
"r8_N50_T40_rep1",119,23,80.3002471641899,0
"r8_N50_T40_rep1",119,24,108.897851536503,0
"r8_N50_T40_rep1",119,25,120.926001346867,0
"r8_N50_T40_rep1",119,26,102.890400416053,0
"r8_N50_T40_rep1",119,27,108.514352369502,0
"r8_N50_T40_rep1",119,28,113.601244478106,0
"r8_N50_T40_rep1",119,29,110.996826280709,0
"r8_N50_T40_rep1",119,30,115.7722317905,0
"r8_N50_T40_rep1",119,31,114.87133383004,0
"r8_N50_T40_rep1",119,32,125.182588800787,0
"r8_N50_T40_rep1",119,33,110.489921039672,0
"r8_N50_T40_rep1",119,34,121.350710832567,0
"r8_N50_T40_rep1",119,35,132.547646799688,0
"r8_N50_T40_rep1",119,36,127.623778422002,0
"r8_N50_T40_rep1",119,37,134.742911122971,0
"r8_N50_T40_rep1",119,38,146.523161562776,0
"r8_N50_T40_rep1",119,39,144.083428864624,0
"r8_N50_T40_rep1",119,40,161.818451751803,0
"r8_N50_T40_rep1",119,41,160.215839677986,0
"r8_N50_T40_rep1",119,42,157.217283753505,0
"r8_N50_T40_rep1",119,43,165.245969314603,0
"r8_N50_T40_rep1",119,44,153.152719727094,0
"r8_N50_T40_rep1",119,45,165.576523542173,0
"r8_N50_T40_rep1",119,46,164.835091281092,0
"r8_N50_T40_rep1",119,47,176.516047893993,0
"r8_N50_T40_rep1",119,48,171.733558936458,0
"r8_N50_T40_rep1",119,49,205.789328665984,0
"r8_N50_T40_rep1",119,50,196.014553036135,0
"r8_N50_T40_rep1",120,1,1.18304375800395,0
"r8_N50_T40_rep1",120,2,-14.9187527195625,0
"r8_N50_T40_rep1",120,3,-7.55642507040396,0
"r8_N50_T40_rep1",120,4,2.19595847275525,0
"r8_N50_T40_rep1",120,5,2.9903392567944,0
"r8_N50_T40_rep1",120,6,29.8953409164425,0
"r8_N50_T40_rep1",120,7,10.4629167639605,0
"r8_N50_T40_rep1",120,8,28.7674356664273,0
"r8_N50_T40_rep1",120,9,45.9194302228833,0
"r8_N50_T40_rep1",120,10,51.8732086252195,0
"r8_N50_T40_rep1",120,11,37.7216473963747,0
"r8_N50_T40_rep1",120,12,42.3936929287091,0
"r8_N50_T40_rep1",120,13,64.5029436200931,0
"r8_N50_T40_rep1",120,14,60.8729943549566,0
"r8_N50_T40_rep1",120,15,35.0009479535005,0
"r8_N50_T40_rep1",120,16,35.5453442079148,0
"r8_N50_T40_rep1",120,17,75.7433489023801,0
"r8_N50_T40_rep1",120,18,90.1354649392826,0
"r8_N50_T40_rep1",120,19,93.6713797275988,0
"r8_N50_T40_rep1",120,20,79.8383816672221,0
"r8_N50_T40_rep1",120,21,71.2172404363477,0
"r8_N50_T40_rep1",120,22,54.9363208637995,0
"r8_N50_T40_rep1",120,23,69.4439765497417,0
"r8_N50_T40_rep1",120,24,87.0774151655507,0
"r8_N50_T40_rep1",120,25,104.918416995304,0
"r8_N50_T40_rep1",120,26,86.0531306971388,0
"r8_N50_T40_rep1",120,27,105.911214066738,0
"r8_N50_T40_rep1",120,28,115.743749736272,0
"r8_N50_T40_rep1",120,29,109.671553351058,0
"r8_N50_T40_rep1",120,30,104.733733732453,0
"r8_N50_T40_rep1",120,31,121.743354489778,0
"r8_N50_T40_rep1",120,32,135.550014068351,0
"r8_N50_T40_rep1",120,33,120.953791252429,0
"r8_N50_T40_rep1",120,34,123.347612605367,0
"r8_N50_T40_rep1",120,35,146.969321975411,0
"r8_N50_T40_rep1",120,36,129.673825145483,0
"r8_N50_T40_rep1",120,37,133.286280466824,0
"r8_N50_T40_rep1",120,38,162.48831814275,0
"r8_N50_T40_rep1",120,39,168.798885086251,0
"r8_N50_T40_rep1",120,40,164.93171497088,0
"r8_N50_T40_rep1",120,41,172.527742929597,0
"r8_N50_T40_rep1",120,42,162.67262029782,0
"r8_N50_T40_rep1",120,43,147.314360490941,0
"r8_N50_T40_rep1",120,44,151.012612690657,0
"r8_N50_T40_rep1",120,45,168.089781387423,0
"r8_N50_T40_rep1",120,46,169.880245490757,0
"r8_N50_T40_rep1",120,47,180.140080659553,0
"r8_N50_T40_rep1",120,48,184.593448376373,0
"r8_N50_T40_rep1",120,49,195.302288643006,0
"r8_N50_T40_rep1",120,50,196.739026442216,0
"r8_N50_T40_rep1",121,1,-24.7671470855073,0
"r8_N50_T40_rep1",121,2,2.22386536800761,0
"r8_N50_T40_rep1",121,3,16.4587172077156,0
"r8_N50_T40_rep1",121,4,-0.751965890543016,0
"r8_N50_T40_rep1",121,5,5.76436955400745,0
"r8_N50_T40_rep1",121,6,34.7179898711904,0
"r8_N50_T40_rep1",121,7,29.021035781324,0
"r8_N50_T40_rep1",121,8,25.9369087315275,0
"r8_N50_T40_rep1",121,9,35.4678693824657,0
"r8_N50_T40_rep1",121,10,44.5429053815804,0
"r8_N50_T40_rep1",121,11,36.4096435339443,0
"r8_N50_T40_rep1",121,12,38.0227486580167,0
"r8_N50_T40_rep1",121,13,69.7417949356443,0
"r8_N50_T40_rep1",121,14,56.5175900956481,0
"r8_N50_T40_rep1",121,15,54.7650735523503,0
"r8_N50_T40_rep1",121,16,53.5808861915194,0
"r8_N50_T40_rep1",121,17,75.4027347013468,0
"r8_N50_T40_rep1",121,18,73.067746483293,0
"r8_N50_T40_rep1",121,19,88.6275065887899,0
"r8_N50_T40_rep1",121,20,64.312322328091,0
"r8_N50_T40_rep1",121,21,79.4811693628558,0
"r8_N50_T40_rep1",121,22,51.4128645316071,0
"r8_N50_T40_rep1",121,23,78.2527026081855,0
"r8_N50_T40_rep1",121,24,97.8599233432586,0
"r8_N50_T40_rep1",121,25,109.018131789941,0
"r8_N50_T40_rep1",121,26,96.7636562401134,0
"r8_N50_T40_rep1",121,27,105.895884065978,0
"r8_N50_T40_rep1",121,28,95.6443991171473,0
"r8_N50_T40_rep1",121,29,118.786385556579,0
"r8_N50_T40_rep1",121,30,103.531274669901,0
"r8_N50_T40_rep1",121,31,125.223471678758,0
"r8_N50_T40_rep1",121,32,128.172701226789,0
"r8_N50_T40_rep1",121,33,131.585335785269,0
"r8_N50_T40_rep1",121,34,122.844342521882,0
"r8_N50_T40_rep1",121,35,130.724250891712,0
"r8_N50_T40_rep1",121,36,138.773890121764,0
"r8_N50_T40_rep1",121,37,137.128069186095,0
"r8_N50_T40_rep1",121,38,162.738749104548,0
"r8_N50_T40_rep1",121,39,159.819459106796,0
"r8_N50_T40_rep1",121,40,161.737682971757,0
"r8_N50_T40_rep1",121,41,152.846455903346,0
"r8_N50_T40_rep1",121,42,150.537879901374,0
"r8_N50_T40_rep1",121,43,159.693824498675,0
"r8_N50_T40_rep1",121,44,159.881747293579,0
"r8_N50_T40_rep1",121,45,172.057079994656,0
"r8_N50_T40_rep1",121,46,166.345818473506,0
"r8_N50_T40_rep1",121,47,173.323656760054,0
"r8_N50_T40_rep1",121,48,178.815042625749,0
"r8_N50_T40_rep1",121,49,178.744817854565,0
"r8_N50_T40_rep1",121,50,187.651005713754,0
"r8_N50_T40_rep1",122,1,-13.8070570355803,0
"r8_N50_T40_rep1",122,2,-16.8682197136166,0
"r8_N50_T40_rep1",122,3,9.80520125247591,0
"r8_N50_T40_rep1",122,4,-3.44269352334717,0
"r8_N50_T40_rep1",122,5,27.8924597391392,0
"r8_N50_T40_rep1",122,6,27.1021226303413,0
"r8_N50_T40_rep1",122,7,31.4752431774799,0
"r8_N50_T40_rep1",122,8,14.7621072926867,0
"r8_N50_T40_rep1",122,9,20.6844567480651,0
"r8_N50_T40_rep1",122,10,46.4281440921378,0
"r8_N50_T40_rep1",122,11,43.4714619930373,0
"r8_N50_T40_rep1",122,12,41.00343186467,0
"r8_N50_T40_rep1",122,13,73.7584270769943,0
"r8_N50_T40_rep1",122,14,63.5130232651606,0
"r8_N50_T40_rep1",122,15,48.4540084087095,0
"r8_N50_T40_rep1",122,16,59.0052019638258,0
"r8_N50_T40_rep1",122,17,81.4722117438194,0
"r8_N50_T40_rep1",122,18,79.4828241215075,0
"r8_N50_T40_rep1",122,19,73.3118390842366,0
"r8_N50_T40_rep1",122,20,68.3337863255039,0
"r8_N50_T40_rep1",122,21,82.6541299966813,0
"r8_N50_T40_rep1",122,22,59.0760169436448,0
"r8_N50_T40_rep1",122,23,84.0366251674863,0
"r8_N50_T40_rep1",122,24,108.862354066642,0
"r8_N50_T40_rep1",122,25,107.810096571663,0
"r8_N50_T40_rep1",122,26,101.938863142947,0
"r8_N50_T40_rep1",122,27,108.931785697335,0
"r8_N50_T40_rep1",122,28,98.6941997806127,0
"r8_N50_T40_rep1",122,29,112.904057187288,0
"r8_N50_T40_rep1",122,30,112.485305555038,0
"r8_N50_T40_rep1",122,31,126.934358637729,0
"r8_N50_T40_rep1",122,32,123.026618158257,0
"r8_N50_T40_rep1",122,33,117.433779195099,0
"r8_N50_T40_rep1",122,34,122.486874995923,0
"r8_N50_T40_rep1",122,35,133.513218990402,0
"r8_N50_T40_rep1",122,36,135.213735501759,0
"r8_N50_T40_rep1",122,37,143.671493578525,0
"r8_N50_T40_rep1",122,38,153.004256017549,0
"r8_N50_T40_rep1",122,39,148.776165376336,0
"r8_N50_T40_rep1",122,40,162.808748461257,0
"r8_N50_T40_rep1",122,41,160.485966554606,0
"r8_N50_T40_rep1",122,42,164.705579365435,0
"r8_N50_T40_rep1",122,43,158.822852945506,0
"r8_N50_T40_rep1",122,44,152.346526963922,0
"r8_N50_T40_rep1",122,45,164.287092863895,0
"r8_N50_T40_rep1",122,46,160.759498248799,0
"r8_N50_T40_rep1",122,47,175.879310436813,0
"r8_N50_T40_rep1",122,48,169.864203130649,0
"r8_N50_T40_rep1",122,49,188.286867899742,0
"r8_N50_T40_rep1",122,50,188.683071150138,0
"r8_N50_T40_rep1",123,1,-8.76660004974292,0
"r8_N50_T40_rep1",123,2,-9.2157991507124,0
"r8_N50_T40_rep1",123,3,13.7716107891646,0
"r8_N50_T40_rep1",123,4,18.723100534166,0
"r8_N50_T40_rep1",123,5,10.66092245836,0
"r8_N50_T40_rep1",123,6,34.6285413786767,0
"r8_N50_T40_rep1",123,7,18.684541794158,0
"r8_N50_T40_rep1",123,8,33.6540014509123,0
"r8_N50_T40_rep1",123,9,37.8372812983176,0
"r8_N50_T40_rep1",123,10,55.7674243540644,0
"r8_N50_T40_rep1",123,11,33.1741773985599,0
"r8_N50_T40_rep1",123,12,43.902382486673,0
"r8_N50_T40_rep1",123,13,77.2534451189086,0
"r8_N50_T40_rep1",123,14,67.29508005636,0
"r8_N50_T40_rep1",123,15,65.7903477353636,0
"r8_N50_T40_rep1",123,16,60.3425031579043,0
"r8_N50_T40_rep1",123,17,75.9045329357094,0
"r8_N50_T40_rep1",123,18,72.1778350332104,0
"r8_N50_T40_rep1",123,19,77.938793448396,0
"r8_N50_T40_rep1",123,20,67.177105290459,0
"r8_N50_T40_rep1",123,21,60.1630020869451,0
"r8_N50_T40_rep1",123,22,58.7818794110799,0
"r8_N50_T40_rep1",123,23,75.7740436710015,0
"r8_N50_T40_rep1",123,24,103.291194831939,0
"r8_N50_T40_rep1",123,25,104.354049483082,0
"r8_N50_T40_rep1",123,26,97.6188932730635,0
"r8_N50_T40_rep1",123,27,112.086525773512,0
"r8_N50_T40_rep1",123,28,111.440868230142,0
"r8_N50_T40_rep1",123,29,130.517377108218,0
"r8_N50_T40_rep1",123,30,121.267049938424,0
"r8_N50_T40_rep1",123,31,140.995584395503,0
"r8_N50_T40_rep1",123,32,134.580411302186,0
"r8_N50_T40_rep1",123,33,130.416428904727,0
"r8_N50_T40_rep1",123,34,119.188104706304,0
"r8_N50_T40_rep1",123,35,133.782217055807,0
"r8_N50_T40_rep1",123,36,127.083541798451,0
"r8_N50_T40_rep1",123,37,132.811448802581,0
"r8_N50_T40_rep1",123,38,147.537660068953,0
"r8_N50_T40_rep1",123,39,153.965180668444,0
"r8_N50_T40_rep1",123,40,159.256970334639,0
"r8_N50_T40_rep1",123,41,160.393134287513,0
"r8_N50_T40_rep1",123,42,163.548260433154,0
"r8_N50_T40_rep1",123,43,152.114936898226,0
"r8_N50_T40_rep1",123,44,165.0030297852,0
"r8_N50_T40_rep1",123,45,153.97259168834,0
"r8_N50_T40_rep1",123,46,153.675200383575,0
"r8_N50_T40_rep1",123,47,179.269621500066,0
"r8_N50_T40_rep1",123,48,164.587629470325,0
"r8_N50_T40_rep1",123,49,172.468122805673,0
"r8_N50_T40_rep1",123,50,188.233917931424,0
"r8_N50_T40_rep1",124,1,-5.56862052726815,0
"r8_N50_T40_rep1",124,2,-6.13892617388499,0
"r8_N50_T40_rep1",124,3,7.68643267999823,0
"r8_N50_T40_rep1",124,4,8.29458320995024,0
"r8_N50_T40_rep1",124,5,7.81073747248338,0
"r8_N50_T40_rep1",124,6,12.0313954627834,0
"r8_N50_T40_rep1",124,7,19.1859609282917,0
"r8_N50_T40_rep1",124,8,14.990411035595,0
"r8_N50_T40_rep1",124,9,27.8030176250793,0
"r8_N50_T40_rep1",124,10,50.3856507115998,0
"r8_N50_T40_rep1",124,11,46.8526084880999,0
"r8_N50_T40_rep1",124,12,46.376879904042,0
"r8_N50_T40_rep1",124,13,72.1545339858552,0
"r8_N50_T40_rep1",124,14,61.8659975350639,0
"r8_N50_T40_rep1",124,15,53.4794515201117,0
"r8_N50_T40_rep1",124,16,52.9296310051088,0
"r8_N50_T40_rep1",124,17,87.4455760173269,0
"r8_N50_T40_rep1",124,18,82.044203421907,0
"r8_N50_T40_rep1",124,19,80.3438912406975,0
"r8_N50_T40_rep1",124,20,84.9832574837682,0
"r8_N50_T40_rep1",124,21,73.4475091645981,0
"r8_N50_T40_rep1",124,22,77.0889748774764,0
"r8_N50_T40_rep1",124,23,99.4999457240943,0
"r8_N50_T40_rep1",124,24,104.080438136978,0
"r8_N50_T40_rep1",124,25,123.813711160799,0
"r8_N50_T40_rep1",124,26,106.6648436553,0
"r8_N50_T40_rep1",124,27,105.548015575454,0
"r8_N50_T40_rep1",124,28,118.777704290166,0
"r8_N50_T40_rep1",124,29,120.004716249369,0
"r8_N50_T40_rep1",124,30,131.25608363714,0
"r8_N50_T40_rep1",124,31,133.491903038573,0
"r8_N50_T40_rep1",124,32,133.361247778623,0
"r8_N50_T40_rep1",124,33,125.690481855615,0
"r8_N50_T40_rep1",124,34,127.520144883937,0
"r8_N50_T40_rep1",124,35,131.708739979494,0
"r8_N50_T40_rep1",124,36,125.650684239068,0
"r8_N50_T40_rep1",124,37,140.043867255913,0
"r8_N50_T40_rep1",124,38,151.24001211246,0
"r8_N50_T40_rep1",124,39,144.269791719545,0
"r8_N50_T40_rep1",124,40,161.543614313228,0
"r8_N50_T40_rep1",124,41,159.98876606292,0
"r8_N50_T40_rep1",124,42,168.06739425634,0
"r8_N50_T40_rep1",124,43,152.92938702532,0
"r8_N50_T40_rep1",124,44,156.075802237278,0
"r8_N50_T40_rep1",124,45,161.976133749061,0
"r8_N50_T40_rep1",124,46,159.530327914065,0
"r8_N50_T40_rep1",124,47,173.410282782391,0
"r8_N50_T40_rep1",124,48,162.822359349548,0
"r8_N50_T40_rep1",124,49,187.213054993225,0
"r8_N50_T40_rep1",124,50,193.7266295312,0
"r8_N50_T40_rep1",125,1,-2.375185980753,0
"r8_N50_T40_rep1",125,2,-0.502448207326915,0
"r8_N50_T40_rep1",125,3,30.4984825634088,0
"r8_N50_T40_rep1",125,4,3.13525484964434,0
"r8_N50_T40_rep1",125,5,8.47821473391367,0
"r8_N50_T40_rep1",125,6,42.15440167005,0
"r8_N50_T40_rep1",125,7,19.6625193366453,0
"r8_N50_T40_rep1",125,8,30.4850018139606,0
"r8_N50_T40_rep1",125,9,44.359849931826,0
"r8_N50_T40_rep1",125,10,52.4926850091527,0
"r8_N50_T40_rep1",125,11,26.4669838334148,0
"r8_N50_T40_rep1",125,12,32.780269080554,0
"r8_N50_T40_rep1",125,13,40.5194276803653,0
"r8_N50_T40_rep1",125,14,54.0856417015425,0
"r8_N50_T40_rep1",125,15,52.6778999494973,0
"r8_N50_T40_rep1",125,16,41.24530689836,0
"r8_N50_T40_rep1",125,17,77.0064377189465,0
"r8_N50_T40_rep1",125,18,84.004462134845,0
"r8_N50_T40_rep1",125,19,86.4686584485368,0
"r8_N50_T40_rep1",125,20,63.4081231810551,0
"r8_N50_T40_rep1",125,21,51.1783819189129,0
"r8_N50_T40_rep1",125,22,52.5059289845929,0
"r8_N50_T40_rep1",125,23,64.4897702170583,0
"r8_N50_T40_rep1",125,24,86.9101518534097,0
"r8_N50_T40_rep1",125,25,93.3753502984078,0
"r8_N50_T40_rep1",125,26,102.305730273757,0
"r8_N50_T40_rep1",125,27,98.4362101901318,0
"r8_N50_T40_rep1",125,28,101.241626414339,0
"r8_N50_T40_rep1",125,29,104.39304370102,0
"r8_N50_T40_rep1",125,30,99.9902620854341,0
"r8_N50_T40_rep1",125,31,122.185045591052,0
"r8_N50_T40_rep1",125,32,125.665787996877,0
"r8_N50_T40_rep1",125,33,129.630427819845,0
"r8_N50_T40_rep1",125,34,133.21615859951,0
"r8_N50_T40_rep1",125,35,144.573073145693,0
"r8_N50_T40_rep1",125,36,134.536135108728,0
"r8_N50_T40_rep1",125,37,145.979701108691,0
"r8_N50_T40_rep1",125,38,169.729292078306,0
"r8_N50_T40_rep1",125,39,152.49694610724,0
"r8_N50_T40_rep1",125,40,167.097862728545,0
"r8_N50_T40_rep1",125,41,160.253470656888,0
"r8_N50_T40_rep1",125,42,161.308622118855,0
"r8_N50_T40_rep1",125,43,134.391261956295,0
"r8_N50_T40_rep1",125,44,159.398609875269,0
"r8_N50_T40_rep1",125,45,164.42078551535,0
"r8_N50_T40_rep1",125,46,175.232534207256,0
"r8_N50_T40_rep1",125,47,192.386932933437,0
"r8_N50_T40_rep1",125,48,173.510507758513,0
"r8_N50_T40_rep1",125,49,176.925306689488,0
"r8_N50_T40_rep1",125,50,181.973409430196,0
"r8_N50_T40_rep1",126,1,-8.76318139722364,0
"r8_N50_T40_rep1",126,2,-3.63476412928453,0
"r8_N50_T40_rep1",126,3,10.3756989397509,0
"r8_N50_T40_rep1",126,4,3.21952474639438,0
"r8_N50_T40_rep1",126,5,7.97954520018513,0
"r8_N50_T40_rep1",126,6,25.266290150642,0
"r8_N50_T40_rep1",126,7,10.7253482869679,0
"r8_N50_T40_rep1",126,8,24.3135210459105,0
"r8_N50_T40_rep1",126,9,36.9819244039754,0
"r8_N50_T40_rep1",126,10,54.3688578851588,0
"r8_N50_T40_rep1",126,11,41.2725810326854,0
"r8_N50_T40_rep1",126,12,35.6597197555851,0
"r8_N50_T40_rep1",126,13,67.3229869572012,0
"r8_N50_T40_rep1",126,14,65.4508631828245,0
"r8_N50_T40_rep1",126,15,51.9824461552479,0
"r8_N50_T40_rep1",126,16,51.8040625561761,0
"r8_N50_T40_rep1",126,17,96.5724252395779,0
"r8_N50_T40_rep1",126,18,82.7551743030657,0
"r8_N50_T40_rep1",126,19,92.526234027134,0
"r8_N50_T40_rep1",126,20,75.4318980236816,0
"r8_N50_T40_rep1",126,21,65.0651042237981,0
"r8_N50_T40_rep1",126,22,56.8283401612566,0
"r8_N50_T40_rep1",126,23,79.3887272980693,0
"r8_N50_T40_rep1",126,24,96.8936285732078,0
"r8_N50_T40_rep1",126,25,101.977697564724,0
"r8_N50_T40_rep1",126,26,100.554022599847,0
"r8_N50_T40_rep1",126,27,107.868212561506,0
"r8_N50_T40_rep1",126,28,109.759195644762,0
"r8_N50_T40_rep1",126,29,89.9214295890075,0
"r8_N50_T40_rep1",126,30,107.656514937962,0
"r8_N50_T40_rep1",126,31,117.390667719749,0
"r8_N50_T40_rep1",126,32,119.536746366657,0
"r8_N50_T40_rep1",126,33,126.631441722706,0
"r8_N50_T40_rep1",126,34,117.000357967052,0
"r8_N50_T40_rep1",126,35,147.161455986372,0
"r8_N50_T40_rep1",126,36,125.423681919042,0
"r8_N50_T40_rep1",126,37,134.365013888171,0
"r8_N50_T40_rep1",126,38,149.863922385185,0
"r8_N50_T40_rep1",126,39,149.847251345439,0
"r8_N50_T40_rep1",126,40,163.373560699987,0
"r8_N50_T40_rep1",126,41,155.354961486283,0
"r8_N50_T40_rep1",126,42,158.606992089712,0
"r8_N50_T40_rep1",126,43,146.18756197821,0
"r8_N50_T40_rep1",126,44,153.334158067803,0
"r8_N50_T40_rep1",126,45,163.250928423091,0
"r8_N50_T40_rep1",126,46,162.848611632037,0
"r8_N50_T40_rep1",126,47,185.90045048855,0
"r8_N50_T40_rep1",126,48,187.627330695889,0
"r8_N50_T40_rep1",126,49,200.862945796866,0
"r8_N50_T40_rep1",126,50,195.065503159407,0
"r8_N50_T40_rep1",127,1,-15.7590973060354,0
"r8_N50_T40_rep1",127,2,4.08652709837379,0
"r8_N50_T40_rep1",127,3,11.5142530140796,0
"r8_N50_T40_rep1",127,4,6.98594969120075,0
"r8_N50_T40_rep1",127,5,2.9262273094034,0
"r8_N50_T40_rep1",127,6,33.9500375337717,0
"r8_N50_T40_rep1",127,7,32.3015104906177,0
"r8_N50_T40_rep1",127,8,19.477181399243,0
"r8_N50_T40_rep1",127,9,30.7719305448786,0
"r8_N50_T40_rep1",127,10,47.0353324841801,0
"r8_N50_T40_rep1",127,11,40.2837164638003,0
"r8_N50_T40_rep1",127,12,36.9902326761339,0
"r8_N50_T40_rep1",127,13,58.2657064007246,0
"r8_N50_T40_rep1",127,14,65.143708919796,0
"r8_N50_T40_rep1",127,15,36.9980171564946,0
"r8_N50_T40_rep1",127,16,58.9097902049105,0
"r8_N50_T40_rep1",127,17,76.0574576040991,0
"r8_N50_T40_rep1",127,18,84.7144659734337,0
"r8_N50_T40_rep1",127,19,90.5097894818408,0
"r8_N50_T40_rep1",127,20,82.5370991924083,0
"r8_N50_T40_rep1",127,21,75.6759688033459,0
"r8_N50_T40_rep1",127,22,67.3660708072028,0
"r8_N50_T40_rep1",127,23,81.1468564800036,0
"r8_N50_T40_rep1",127,24,110.433671028316,0
"r8_N50_T40_rep1",127,25,89.6286893619041,0
"r8_N50_T40_rep1",127,26,93.5327191201018,0
"r8_N50_T40_rep1",127,27,101.346809587396,0
"r8_N50_T40_rep1",127,28,103.98740654003,0
"r8_N50_T40_rep1",127,29,103.888988404433,0
"r8_N50_T40_rep1",127,30,100.166264202771,0
"r8_N50_T40_rep1",127,31,108.824174733823,0
"r8_N50_T40_rep1",127,32,124.875667516705,0
"r8_N50_T40_rep1",127,33,135.851034988188,0
"r8_N50_T40_rep1",127,34,122.293124163355,0
"r8_N50_T40_rep1",127,35,132.791716271077,0
"r8_N50_T40_rep1",127,36,138.400431665579,0
"r8_N50_T40_rep1",127,37,134.489854106119,0
"r8_N50_T40_rep1",127,38,147.143050136512,0
"r8_N50_T40_rep1",127,39,155.265323489211,0
"r8_N50_T40_rep1",127,40,165.742284217235,0
"r8_N50_T40_rep1",127,41,150.524559258589,0
"r8_N50_T40_rep1",127,42,148.557753937352,0
"r8_N50_T40_rep1",127,43,153.390535994377,0
"r8_N50_T40_rep1",127,44,159.717924844465,0
"r8_N50_T40_rep1",127,45,151.319791310084,0
"r8_N50_T40_rep1",127,46,157.845562567281,0
"r8_N50_T40_rep1",127,47,170.655603087029,0
"r8_N50_T40_rep1",127,48,177.889594139401,0
"r8_N50_T40_rep1",127,49,188.225011040665,0
"r8_N50_T40_rep1",127,50,200.549663304492,0
"r8_N50_T40_rep1",128,1,-21.3063863844827,0
"r8_N50_T40_rep1",128,2,-18.7145375857887,0
"r8_N50_T40_rep1",128,3,6.45243777341537,0
"r8_N50_T40_rep1",128,4,8.0486163630916,0
"r8_N50_T40_rep1",128,5,6.93047603335441,0
"r8_N50_T40_rep1",128,6,29.521386887727,0
"r8_N50_T40_rep1",128,7,25.9719649927523,0
"r8_N50_T40_rep1",128,8,18.6103248066527,0
"r8_N50_T40_rep1",128,9,31.3367211664621,0
"r8_N50_T40_rep1",128,10,47.1584698721237,0
"r8_N50_T40_rep1",128,11,40.1782162663601,0
"r8_N50_T40_rep1",128,12,39.239201172194,0
"r8_N50_T40_rep1",128,13,60.9525579574776,0
"r8_N50_T40_rep1",128,14,68.6694884390401,0
"r8_N50_T40_rep1",128,15,60.949672198233,0
"r8_N50_T40_rep1",128,16,71.5403507661126,0
"r8_N50_T40_rep1",128,17,85.7683507048702,0
"r8_N50_T40_rep1",128,18,70.8196951449079,0
"r8_N50_T40_rep1",128,19,89.276177484509,0
"r8_N50_T40_rep1",128,20,81.33631561207,0
"r8_N50_T40_rep1",128,21,64.5955160944732,0
"r8_N50_T40_rep1",128,22,53.2371311802419,0
"r8_N50_T40_rep1",128,23,59.4011202881628,0
"r8_N50_T40_rep1",128,24,93.4170166305155,0
"r8_N50_T40_rep1",128,25,108.299494010159,0
"r8_N50_T40_rep1",128,26,93.5771869896279,0
"r8_N50_T40_rep1",128,27,100.834590259525,0
"r8_N50_T40_rep1",128,28,107.171204816393,0
"r8_N50_T40_rep1",128,29,107.164719424792,0
"r8_N50_T40_rep1",128,30,103.509646772513,0
"r8_N50_T40_rep1",128,31,113.153361358829,0
"r8_N50_T40_rep1",128,32,117.930531705111,0
"r8_N50_T40_rep1",128,33,145.396879514361,0
"r8_N50_T40_rep1",128,34,125.56926343316,0
"r8_N50_T40_rep1",128,35,130.270378009154,0
"r8_N50_T40_rep1",128,36,139.557302225939,0
"r8_N50_T40_rep1",128,37,137.139919208525,0
"r8_N50_T40_rep1",128,38,151.123390331756,0
"r8_N50_T40_rep1",128,39,132.430892831201,0
"r8_N50_T40_rep1",128,40,147.935088697833,0
"r8_N50_T40_rep1",128,41,144.02773968568,0
"r8_N50_T40_rep1",128,42,150.226650577396,0
"r8_N50_T40_rep1",128,43,147.091062703369,0
"r8_N50_T40_rep1",128,44,155.661541282366,0
"r8_N50_T40_rep1",128,45,139.08722633667,0
"r8_N50_T40_rep1",128,46,160.117971080957,0
"r8_N50_T40_rep1",128,47,181.060197912473,0
"r8_N50_T40_rep1",128,48,179.413631387565,0
"r8_N50_T40_rep1",128,49,185.406405615198,0
"r8_N50_T40_rep1",128,50,202.076034733736,0
"r8_N50_T40_rep1",129,1,-7.05025761790134,0
"r8_N50_T40_rep1",129,2,1.35550749598165,0
"r8_N50_T40_rep1",129,3,6.34132739125551,0
"r8_N50_T40_rep1",129,4,5.64791075809441,0
"r8_N50_T40_rep1",129,5,2.23027356774438,0
"r8_N50_T40_rep1",129,6,16.1227525301656,0
"r8_N50_T40_rep1",129,7,8.6032548775808,0
"r8_N50_T40_rep1",129,8,18.5701050031632,0
"r8_N50_T40_rep1",129,9,35.2775584886238,0
"r8_N50_T40_rep1",129,10,45.568741661595,0
"r8_N50_T40_rep1",129,11,49.1196853696101,0
"r8_N50_T40_rep1",129,12,41.4945919474139,0
"r8_N50_T40_rep1",129,13,49.7619884098416,0
"r8_N50_T40_rep1",129,14,58.8793225050703,0
"r8_N50_T40_rep1",129,15,38.6917702360297,0
"r8_N50_T40_rep1",129,16,49.9103613457312,0
"r8_N50_T40_rep1",129,17,90.6380597754493,0
"r8_N50_T40_rep1",129,18,92.7400724757705,0
"r8_N50_T40_rep1",129,19,88.9867615140489,0
"r8_N50_T40_rep1",129,20,86.0021751355376,0
"r8_N50_T40_rep1",129,21,88.1345543864498,0
"r8_N50_T40_rep1",129,22,63.8310545805561,0
"r8_N50_T40_rep1",129,23,87.0282047211365,0
"r8_N50_T40_rep1",129,24,104.353043392979,0
"r8_N50_T40_rep1",129,25,114.699313351613,0
"r8_N50_T40_rep1",129,26,102.172778670306,0
"r8_N50_T40_rep1",129,27,111.633961417603,0
"r8_N50_T40_rep1",129,28,117.69930105608,0
"r8_N50_T40_rep1",129,29,94.2131318025664,0
"r8_N50_T40_rep1",129,30,108.459879263244,0
"r8_N50_T40_rep1",129,31,122.645054150681,0
"r8_N50_T40_rep1",129,32,120.783391623143,0
"r8_N50_T40_rep1",129,33,119.909384624177,0
"r8_N50_T40_rep1",129,34,127.660635749455,0
"r8_N50_T40_rep1",129,35,141.179722314417,0
"r8_N50_T40_rep1",129,36,137.432403323057,0
"r8_N50_T40_rep1",129,37,142.95806826907,0
"r8_N50_T40_rep1",129,38,163.461820248489,0
"r8_N50_T40_rep1",129,39,148.513017956413,0
"r8_N50_T40_rep1",129,40,160.100613155721,0
"r8_N50_T40_rep1",129,41,154.585468234145,0
"r8_N50_T40_rep1",129,42,155.142045209995,0
"r8_N50_T40_rep1",129,43,126.617350658049,0
"r8_N50_T40_rep1",129,44,150.636899014025,0
"r8_N50_T40_rep1",129,45,155.778259342934,0
"r8_N50_T40_rep1",129,46,168.010552677923,0
"r8_N50_T40_rep1",129,47,185.81893845878,0
"r8_N50_T40_rep1",129,48,182.339239594066,0
"r8_N50_T40_rep1",129,49,192.023433668422,0
"r8_N50_T40_rep1",129,50,186.539711643266,0
"r8_N50_T40_rep1",130,1,-11.0235366345688,0
"r8_N50_T40_rep1",130,2,-4.88078946331965,0
"r8_N50_T40_rep1",130,3,-6.63128358804417,0
"r8_N50_T40_rep1",130,4,-1.11643316434136,0
"r8_N50_T40_rep1",130,5,-8.59368308944933,0
"r8_N50_T40_rep1",130,6,9.3660570199927,0
"r8_N50_T40_rep1",130,7,23.3247447924086,0
"r8_N50_T40_rep1",130,8,14.7224008423,0
"r8_N50_T40_rep1",130,9,43.8311965709679,0
"r8_N50_T40_rep1",130,10,48.9250047177243,0
"r8_N50_T40_rep1",130,11,36.3131486992401,0
"r8_N50_T40_rep1",130,12,40.6976511227548,0
"r8_N50_T40_rep1",130,13,59.4305538388696,0
"r8_N50_T40_rep1",130,14,66.949115436769,0
"r8_N50_T40_rep1",130,15,46.7012779545626,0
"r8_N50_T40_rep1",130,16,52.3292115113782,0
"r8_N50_T40_rep1",130,17,72.8301574713776,0
"r8_N50_T40_rep1",130,18,89.5265960515563,0
"r8_N50_T40_rep1",130,19,103.023472821805,0
"r8_N50_T40_rep1",130,20,85.6952146498929,0
"r8_N50_T40_rep1",130,21,70.4943179347784,0
"r8_N50_T40_rep1",130,22,63.5975915183647,0
"r8_N50_T40_rep1",130,23,88.7930661228014,0
"r8_N50_T40_rep1",130,24,96.1581262978608,0
"r8_N50_T40_rep1",130,25,102.170835098908,0
"r8_N50_T40_rep1",130,26,90.1873944947132,0
"r8_N50_T40_rep1",130,27,99.5421417055593,0
"r8_N50_T40_rep1",130,28,110.619336591753,0
"r8_N50_T40_rep1",130,29,114.758903660704,0
"r8_N50_T40_rep1",130,30,107.075494548387,0
"r8_N50_T40_rep1",130,31,118.720900674334,0
"r8_N50_T40_rep1",130,32,123.893546171832,0
"r8_N50_T40_rep1",130,33,120.083662198685,0
"r8_N50_T40_rep1",130,34,122.91271921999,0
"r8_N50_T40_rep1",130,35,134.099813228992,0
"r8_N50_T40_rep1",130,36,129.888934958243,0
"r8_N50_T40_rep1",130,37,139.677671085546,0
"r8_N50_T40_rep1",130,38,149.058527799298,0
"r8_N50_T40_rep1",130,39,155.330312311725,0
"r8_N50_T40_rep1",130,40,158.551666795827,0
"r8_N50_T40_rep1",130,41,159.482343741906,0
"r8_N50_T40_rep1",130,42,154.121457833055,0
"r8_N50_T40_rep1",130,43,145.5728787561,0
"r8_N50_T40_rep1",130,44,138.29147527353,0
"r8_N50_T40_rep1",130,45,155.233379429992,0
"r8_N50_T40_rep1",130,46,149.021214908148,0
"r8_N50_T40_rep1",130,47,178.377535791466,0
"r8_N50_T40_rep1",130,48,190.911036703234,0
"r8_N50_T40_rep1",130,49,199.276163917256,0
"r8_N50_T40_rep1",130,50,208.792517246549,0
"r8_N50_T40_rep1",131,1,2.84642929050362,0
"r8_N50_T40_rep1",131,2,-6.68138368469377,0
"r8_N50_T40_rep1",131,3,18.8739174150906,0
"r8_N50_T40_rep1",131,4,15.9048700078637,0
"r8_N50_T40_rep1",131,5,19.9774051477831,0
"r8_N50_T40_rep1",131,6,25.7716575833017,0
"r8_N50_T40_rep1",131,7,-7.35208091632292,0
"r8_N50_T40_rep1",131,8,23.6936738465617,0
"r8_N50_T40_rep1",131,9,40.9556360717539,0
"r8_N50_T40_rep1",131,10,47.6907189031269,0
"r8_N50_T40_rep1",131,11,51.6515173795048,0
"r8_N50_T40_rep1",131,12,42.4524620135022,0
"r8_N50_T40_rep1",131,13,73.7105143234913,0
"r8_N50_T40_rep1",131,14,71.1580694125172,0
"r8_N50_T40_rep1",131,15,32.7657965296858,0
"r8_N50_T40_rep1",131,16,22.3703879923151,0
"r8_N50_T40_rep1",131,17,86.334202809686,0
"r8_N50_T40_rep1",131,18,91.7731810596302,0
"r8_N50_T40_rep1",131,19,104.293892416365,0
"r8_N50_T40_rep1",131,20,78.22861876241,0
"r8_N50_T40_rep1",131,21,68.1119677631572,0
"r8_N50_T40_rep1",131,22,71.4868523365326,0
"r8_N50_T40_rep1",131,23,81.1074939544358,0
"r8_N50_T40_rep1",131,24,93.0704374814255,0
"r8_N50_T40_rep1",131,25,93.9733636045753,0
"r8_N50_T40_rep1",131,26,101.613598638782,0
"r8_N50_T40_rep1",131,27,90.5160617177113,0
"r8_N50_T40_rep1",131,28,101.386840358279,0
"r8_N50_T40_rep1",131,29,91.4529141710748,0
"r8_N50_T40_rep1",131,30,114.254112373687,0
"r8_N50_T40_rep1",131,31,125.341206471376,0
"r8_N50_T40_rep1",131,32,114.950381922401,0
"r8_N50_T40_rep1",131,33,131.421161290526,0
"r8_N50_T40_rep1",131,34,106.665890625279,0
"r8_N50_T40_rep1",131,35,132.651380119259,0
"r8_N50_T40_rep1",131,36,137.531454417325,0
"r8_N50_T40_rep1",131,37,140.529991537064,0
"r8_N50_T40_rep1",131,38,146.285247853697,0
"r8_N50_T40_rep1",131,39,152.66807327591,0
"r8_N50_T40_rep1",131,40,159.044406836224,0
"r8_N50_T40_rep1",131,41,165.372373243244,1
"r8_N50_T40_rep1",131,42,161.438348035291,1
"r8_N50_T40_rep1",131,43,154.036619068337,1
"r8_N50_T40_rep1",131,44,139.890907624447,1
"r8_N50_T40_rep1",131,45,162.230063753063,1
"r8_N50_T40_rep1",131,46,176.107957791979,1
"r8_N50_T40_rep1",131,47,188.750346013546,1
"r8_N50_T40_rep1",131,48,181.51262576444,1
"r8_N50_T40_rep1",131,49,216.795904499164,1
"r8_N50_T40_rep1",131,50,199.459383053691,1
"r8_N50_T40_rep1",132,1,-11.2009560724899,0
"r8_N50_T40_rep1",132,2,-4.9823496287103,0
"r8_N50_T40_rep1",132,3,6.14931554221138,0
"r8_N50_T40_rep1",132,4,7.98781300690772,0
"r8_N50_T40_rep1",132,5,14.3349358053503,0
"r8_N50_T40_rep1",132,6,26.5072552340104,0
"r8_N50_T40_rep1",132,7,23.4151701739692,0
"r8_N50_T40_rep1",132,8,17.8142638881004,0
"r8_N50_T40_rep1",132,9,34.697523310794,0
"r8_N50_T40_rep1",132,10,58.3341448586836,0
"r8_N50_T40_rep1",132,11,37.4734889011172,0
"r8_N50_T40_rep1",132,12,49.02502660139,0
"r8_N50_T40_rep1",132,13,65.3294117625436,0
"r8_N50_T40_rep1",132,14,66.9709442164271,0
"r8_N50_T40_rep1",132,15,39.5512639271898,0
"r8_N50_T40_rep1",132,16,45.6147667907393,0
"r8_N50_T40_rep1",132,17,82.9431967142322,0
"r8_N50_T40_rep1",132,18,80.608813376441,0
"r8_N50_T40_rep1",132,19,102.601179287062,0
"r8_N50_T40_rep1",132,20,74.861352627673,0
"r8_N50_T40_rep1",132,21,68.7264859459648,0
"r8_N50_T40_rep1",132,22,72.4764293627891,0
"r8_N50_T40_rep1",132,23,80.6437289162969,0
"r8_N50_T40_rep1",132,24,98.2974698556253,0
"r8_N50_T40_rep1",132,25,105.463047410824,0
"r8_N50_T40_rep1",132,26,99.6269291512288,0
"r8_N50_T40_rep1",132,27,88.7725065692082,0
"r8_N50_T40_rep1",132,28,106.364301166309,0
"r8_N50_T40_rep1",132,29,108.021253065841,0
"r8_N50_T40_rep1",132,30,109.401176425042,0
"r8_N50_T40_rep1",132,31,112.160518659079,0
"r8_N50_T40_rep1",132,32,114.521388990606,0
"r8_N50_T40_rep1",132,33,131.414803854791,0
"r8_N50_T40_rep1",132,34,126.649628186004,0
"r8_N50_T40_rep1",132,35,135.615513001991,0
"r8_N50_T40_rep1",132,36,134.564417143623,0
"r8_N50_T40_rep1",132,37,133.283703756298,0
"r8_N50_T40_rep1",132,38,156.261055510196,0
"r8_N50_T40_rep1",132,39,142.930739780017,0
"r8_N50_T40_rep1",132,40,160.025983489748,0
"r8_N50_T40_rep1",132,41,154.665854445237,0
"r8_N50_T40_rep1",132,42,157.40518258918,0
"r8_N50_T40_rep1",132,43,152.017359656129,0
"r8_N50_T40_rep1",132,44,152.809498154221,0
"r8_N50_T40_rep1",132,45,154.05209197478,0
"r8_N50_T40_rep1",132,46,165.784873132579,0
"r8_N50_T40_rep1",132,47,172.627401502082,0
"r8_N50_T40_rep1",132,48,177.202630175374,0
"r8_N50_T40_rep1",132,49,191.178569751475,0
"r8_N50_T40_rep1",132,50,193.327945945517,0
"r8_N50_T40_rep1",133,1,-9.73686917812151,0
"r8_N50_T40_rep1",133,2,-13.0909101267216,0
"r8_N50_T40_rep1",133,3,11.4811809033522,0
"r8_N50_T40_rep1",133,4,-1.34154955609415,0
"r8_N50_T40_rep1",133,5,17.846886339859,0
"r8_N50_T40_rep1",133,6,33.0601592630271,0
"r8_N50_T40_rep1",133,7,24.5637179500229,0
"r8_N50_T40_rep1",133,8,24.2331301764012,0
"r8_N50_T40_rep1",133,9,34.8735228872303,0
"r8_N50_T40_rep1",133,10,40.6493893597504,0
"r8_N50_T40_rep1",133,11,33.5748963541641,0
"r8_N50_T40_rep1",133,12,41.8141647984299,0
"r8_N50_T40_rep1",133,13,58.7059679328746,0
"r8_N50_T40_rep1",133,14,65.2121947799543,0
"r8_N50_T40_rep1",133,15,46.7953554348596,0
"r8_N50_T40_rep1",133,16,57.1724462738089,0
"r8_N50_T40_rep1",133,17,81.699031560044,0
"r8_N50_T40_rep1",133,18,68.6221083326513,0
"r8_N50_T40_rep1",133,19,76.7487963199205,0
"r8_N50_T40_rep1",133,20,66.2331036789989,0
"r8_N50_T40_rep1",133,21,60.1630216347339,0
"r8_N50_T40_rep1",133,22,59.4842884331401,0
"r8_N50_T40_rep1",133,23,63.9697093217854,0
"r8_N50_T40_rep1",133,24,115.994756402351,0
"r8_N50_T40_rep1",133,25,101.983456181119,0
"r8_N50_T40_rep1",133,26,90.0556427680534,0
"r8_N50_T40_rep1",133,27,111.935297159466,0
"r8_N50_T40_rep1",133,28,112.937767891048,0
"r8_N50_T40_rep1",133,29,109.178338588356,0
"r8_N50_T40_rep1",133,30,114.947751832424,0
"r8_N50_T40_rep1",133,31,116.916098364891,0
"r8_N50_T40_rep1",133,32,132.408955084473,0
"r8_N50_T40_rep1",133,33,138.928455759931,0
"r8_N50_T40_rep1",133,34,132.941295273366,0
"r8_N50_T40_rep1",133,35,142.749898032508,0
"r8_N50_T40_rep1",133,36,140.633980088519,0
"r8_N50_T40_rep1",133,37,140.150495503138,0
"r8_N50_T40_rep1",133,38,174.473805990999,0
"r8_N50_T40_rep1",133,39,148.202713638575,0
"r8_N50_T40_rep1",133,40,161.449539299095,0
"r8_N50_T40_rep1",133,41,158.452984459639,0
"r8_N50_T40_rep1",133,42,167.823383603,0
"r8_N50_T40_rep1",133,43,161.176971447218,0
"r8_N50_T40_rep1",133,44,162.690713797069,0
"r8_N50_T40_rep1",133,45,168.622850753602,0
"r8_N50_T40_rep1",133,46,175.753439342066,0
"r8_N50_T40_rep1",133,47,164.88231240918,0
"r8_N50_T40_rep1",133,48,178.127088188347,0
"r8_N50_T40_rep1",133,49,181.413607501333,0
"r8_N50_T40_rep1",133,50,183.148073852277,0
"r8_N50_T40_rep1",134,1,-3.38754041913635,0
"r8_N50_T40_rep1",134,2,-4.8953084009429,0
"r8_N50_T40_rep1",134,3,6.31905155158282,0
"r8_N50_T40_rep1",134,4,5.62084842026394,0
"r8_N50_T40_rep1",134,5,6.69769769045925,0
"r8_N50_T40_rep1",134,6,23.9825677288229,0
"r8_N50_T40_rep1",134,7,13.6326133466257,0
"r8_N50_T40_rep1",134,8,11.0301516798415,0
"r8_N50_T40_rep1",134,9,34.2980195261901,0
"r8_N50_T40_rep1",134,10,54.8639903318124,0
"r8_N50_T40_rep1",134,11,38.7904957936516,0
"r8_N50_T40_rep1",134,12,40.4773909306654,0
"r8_N50_T40_rep1",134,13,59.1729433307108,0
"r8_N50_T40_rep1",134,14,56.9915402788824,0
"r8_N50_T40_rep1",134,15,36.1577950431421,0
"r8_N50_T40_rep1",134,16,38.3692229934037,0
"r8_N50_T40_rep1",134,17,82.2877208380122,0
"r8_N50_T40_rep1",134,18,85.3477661653053,0
"r8_N50_T40_rep1",134,19,85.6709859125832,0
"r8_N50_T40_rep1",134,20,82.0003212695677,0
"r8_N50_T40_rep1",134,21,69.7372888887505,0
"r8_N50_T40_rep1",134,22,61.3956552404132,0
"r8_N50_T40_rep1",134,23,79.6700953336396,0
"r8_N50_T40_rep1",134,24,99.3153194567221,0
"r8_N50_T40_rep1",134,25,91.2673691460195,0
"r8_N50_T40_rep1",134,26,100.640895489128,0
"r8_N50_T40_rep1",134,27,96.5673391559642,0
"r8_N50_T40_rep1",134,28,110.295554132783,0
"r8_N50_T40_rep1",134,29,115.032757793979,0
"r8_N50_T40_rep1",134,30,102.425875669692,0
"r8_N50_T40_rep1",134,31,116.476272653294,0
"r8_N50_T40_rep1",134,32,122.09773751291,0
"r8_N50_T40_rep1",134,33,128.42841328201,0
"r8_N50_T40_rep1",134,34,126.323902562794,0
"r8_N50_T40_rep1",134,35,135.954792985151,0
"r8_N50_T40_rep1",134,36,136.642665553233,0
"r8_N50_T40_rep1",134,37,144.821247703741,0
"r8_N50_T40_rep1",134,38,161.901115204216,0
"r8_N50_T40_rep1",134,39,156.858105543457,0
"r8_N50_T40_rep1",134,40,171.101196569728,0
"r8_N50_T40_rep1",134,41,155.847522003937,0
"r8_N50_T40_rep1",134,42,165.584726998053,0
"r8_N50_T40_rep1",134,43,146.22435335952,0
"r8_N50_T40_rep1",134,44,138.643501892224,0
"r8_N50_T40_rep1",134,45,174.393695824979,0
"r8_N50_T40_rep1",134,46,166.51390079172,0
"r8_N50_T40_rep1",134,47,179.272411066398,0
"r8_N50_T40_rep1",134,48,177.884788186946,0
"r8_N50_T40_rep1",134,49,186.97914442287,0
"r8_N50_T40_rep1",134,50,174.918404566926,0
"r8_N50_T40_rep1",135,1,-12.487297283973,0
"r8_N50_T40_rep1",135,2,5.23147330573249,0
"r8_N50_T40_rep1",135,3,10.6017915507465,0
"r8_N50_T40_rep1",135,4,9.30668182338318,0
"r8_N50_T40_rep1",135,5,6.23560093104796,0
"r8_N50_T40_rep1",135,6,42.7040720004542,0
"r8_N50_T40_rep1",135,7,27.5618304637772,0
"r8_N50_T40_rep1",135,8,24.4645622028004,0
"r8_N50_T40_rep1",135,9,41.7907978508589,0
"r8_N50_T40_rep1",135,10,50.1600000986819,0
"r8_N50_T40_rep1",135,11,36.0361024740566,0
"r8_N50_T40_rep1",135,12,39.936726334083,0
"r8_N50_T40_rep1",135,13,63.134316527407,0
"r8_N50_T40_rep1",135,14,65.4406768438296,0
"r8_N50_T40_rep1",135,15,43.6340046589909,0
"r8_N50_T40_rep1",135,16,54.6178704266301,0
"r8_N50_T40_rep1",135,17,81.6190060450344,0
"r8_N50_T40_rep1",135,18,80.5456698745614,0
"r8_N50_T40_rep1",135,19,95.1663373250306,0
"r8_N50_T40_rep1",135,20,73.2229936867128,0
"r8_N50_T40_rep1",135,21,65.1779751459396,0
"r8_N50_T40_rep1",135,22,52.343168981675,0
"r8_N50_T40_rep1",135,23,70.5136424617383,0
"r8_N50_T40_rep1",135,24,91.2451866918134,0
"r8_N50_T40_rep1",135,25,83.903882307304,0
"r8_N50_T40_rep1",135,26,93.0618435923306,0
"r8_N50_T40_rep1",135,27,103.080575270032,0
"r8_N50_T40_rep1",135,28,110.246723656954,0
"r8_N50_T40_rep1",135,29,107.752824009189,0
"r8_N50_T40_rep1",135,30,99.4516360036146,0
"r8_N50_T40_rep1",135,31,106.812607141102,0
"r8_N50_T40_rep1",135,32,119.658662404756,0
"r8_N50_T40_rep1",135,33,138.758289796908,0
"r8_N50_T40_rep1",135,34,117.665880601416,0
"r8_N50_T40_rep1",135,35,139.634195084717,0
"r8_N50_T40_rep1",135,36,130.903870638193,0
"r8_N50_T40_rep1",135,37,133.189009923346,0
"r8_N50_T40_rep1",135,38,172.720499562662,0
"r8_N50_T40_rep1",135,39,164.434268375473,0
"r8_N50_T40_rep1",135,40,174.661244555007,0
"r8_N50_T40_rep1",135,41,160.741566967599,0
"r8_N50_T40_rep1",135,42,157.200718517952,0
"r8_N50_T40_rep1",135,43,145.089893667128,0
"r8_N50_T40_rep1",135,44,148.838207689938,0
"r8_N50_T40_rep1",135,45,156.885586322652,0
"r8_N50_T40_rep1",135,46,169.846787563983,0
"r8_N50_T40_rep1",135,47,192.971215683461,0
"r8_N50_T40_rep1",135,48,185.493592877834,0
"r8_N50_T40_rep1",135,49,195.14376352112,0
"r8_N50_T40_rep1",135,50,194.052413956646,0
"r8_N50_T40_rep1",136,1,-13.4560018159448,0
"r8_N50_T40_rep1",136,2,2.05732220114723,0
"r8_N50_T40_rep1",136,3,13.8087706217451,0
"r8_N50_T40_rep1",136,4,6.78749764528903,0
"r8_N50_T40_rep1",136,5,-0.130518828814736,0
"r8_N50_T40_rep1",136,6,26.5148293905442,0
"r8_N50_T40_rep1",136,7,4.13715047064342,0
"r8_N50_T40_rep1",136,8,12.6108123632063,0
"r8_N50_T40_rep1",136,9,33.8435607803796,0
"r8_N50_T40_rep1",136,10,45.2351970308112,0
"r8_N50_T40_rep1",136,11,44.4014446152185,0
"r8_N50_T40_rep1",136,12,60.5120748340515,0
"r8_N50_T40_rep1",136,13,69.9175825609091,0
"r8_N50_T40_rep1",136,14,67.1242884722183,0
"r8_N50_T40_rep1",136,15,41.8555086193445,0
"r8_N50_T40_rep1",136,16,56.6176565658802,0
"r8_N50_T40_rep1",136,17,98.0357341232072,0
"r8_N50_T40_rep1",136,18,95.1878990267099,0
"r8_N50_T40_rep1",136,19,94.2568280315784,0
"r8_N50_T40_rep1",136,20,84.0607187515947,0
"r8_N50_T40_rep1",136,21,76.5557518692203,0
"r8_N50_T40_rep1",136,22,56.4355876394156,0
"r8_N50_T40_rep1",136,23,77.3629169132999,0
"r8_N50_T40_rep1",136,24,97.4775285515681,0
"r8_N50_T40_rep1",136,25,109.791862289833,0
"r8_N50_T40_rep1",136,26,93.7037418256486,0
"r8_N50_T40_rep1",136,27,91.6845761923661,0
"r8_N50_T40_rep1",136,28,111.189838887113,0
"r8_N50_T40_rep1",136,29,101.085546871588,0
"r8_N50_T40_rep1",136,30,106.176380040079,0
"r8_N50_T40_rep1",136,31,106.801770944174,0
"r8_N50_T40_rep1",136,32,112.767840811931,0
"r8_N50_T40_rep1",136,33,135.803815801231,0
"r8_N50_T40_rep1",136,34,125.282226511487,0
"r8_N50_T40_rep1",136,35,154.753711627108,0
"r8_N50_T40_rep1",136,36,140.168680306118,0
"r8_N50_T40_rep1",136,37,121.707971419221,0
"r8_N50_T40_rep1",136,38,150.335370945658,0
"r8_N50_T40_rep1",136,39,147.855160950417,0
"r8_N50_T40_rep1",136,40,153.145877606969,0
"r8_N50_T40_rep1",136,41,139.089154650192,0
"r8_N50_T40_rep1",136,42,151.792572025581,0
"r8_N50_T40_rep1",136,43,138.021971403512,0
"r8_N50_T40_rep1",136,44,150.331356371773,0
"r8_N50_T40_rep1",136,45,160.752068534596,0
"r8_N50_T40_rep1",136,46,158.345763573036,0
"r8_N50_T40_rep1",136,47,170.201005767686,0
"r8_N50_T40_rep1",136,48,187.381546811826,0
"r8_N50_T40_rep1",136,49,184.944627424726,0
"r8_N50_T40_rep1",136,50,203.430497326803,0
"r8_N50_T40_rep1",137,1,-12.1571527613531,0
"r8_N50_T40_rep1",137,2,-9.88888331691333,0
"r8_N50_T40_rep1",137,3,13.3036132485694,0
"r8_N50_T40_rep1",137,4,9.58292030750318,0
"r8_N50_T40_rep1",137,5,24.291679966154,0
"r8_N50_T40_rep1",137,6,19.9176184410149,0
"r8_N50_T40_rep1",137,7,18.2960898884962,0
"r8_N50_T40_rep1",137,8,19.3962987553533,0
"r8_N50_T40_rep1",137,9,28.4213488639637,0
"r8_N50_T40_rep1",137,10,55.4653137775508,0
"r8_N50_T40_rep1",137,11,50.2741738724974,0
"r8_N50_T40_rep1",137,12,60.55895137742,0
"r8_N50_T40_rep1",137,13,79.5734110751156,0
"r8_N50_T40_rep1",137,14,60.1778342892408,0
"r8_N50_T40_rep1",137,15,51.7982949225938,0
"r8_N50_T40_rep1",137,16,49.2440284725182,0
"r8_N50_T40_rep1",137,17,88.6561722094257,0
"r8_N50_T40_rep1",137,18,76.5675639643552,0
"r8_N50_T40_rep1",137,19,86.6645356438194,0
"r8_N50_T40_rep1",137,20,66.3698589375035,0
"r8_N50_T40_rep1",137,21,71.0164169109885,0
"r8_N50_T40_rep1",137,22,66.7531636489893,0
"r8_N50_T40_rep1",137,23,84.1348937137799,0
"r8_N50_T40_rep1",137,24,119.296788519507,0
"r8_N50_T40_rep1",137,25,122.997873449464,0
"r8_N50_T40_rep1",137,26,107.591432495573,0
"r8_N50_T40_rep1",137,27,117.089408631628,0
"r8_N50_T40_rep1",137,28,113.836682099668,0
"r8_N50_T40_rep1",137,29,104.727554118804,0
"r8_N50_T40_rep1",137,30,133.179275921768,0
"r8_N50_T40_rep1",137,31,138.947922864969,0
"r8_N50_T40_rep1",137,32,136.272595079412,0
"r8_N50_T40_rep1",137,33,116.552922191627,0
"r8_N50_T40_rep1",137,34,113.751400177334,0
"r8_N50_T40_rep1",137,35,143.864421325272,0
"r8_N50_T40_rep1",137,36,138.433650593958,0
"r8_N50_T40_rep1",137,37,130.48731675722,0
"r8_N50_T40_rep1",137,38,138.847735019448,0
"r8_N50_T40_rep1",137,39,145.039862698355,0
"r8_N50_T40_rep1",137,40,146.869160184489,0
"r8_N50_T40_rep1",137,41,160.733204257837,0
"r8_N50_T40_rep1",137,42,150.383293695633,0
"r8_N50_T40_rep1",137,43,156.65582708004,0
"r8_N50_T40_rep1",137,44,166.420832720149,0
"r8_N50_T40_rep1",137,45,163.118554478995,0
"r8_N50_T40_rep1",137,46,157.837646883531,0
"r8_N50_T40_rep1",137,47,183.939176088971,0
"r8_N50_T40_rep1",137,48,172.941766897977,0
"r8_N50_T40_rep1",137,49,180.653329353652,0
"r8_N50_T40_rep1",137,50,185.856252409765,0
"r8_N50_T40_rep1",138,1,-6.03674752643983,0
"r8_N50_T40_rep1",138,2,-11.7551498752562,0
"r8_N50_T40_rep1",138,3,1.22848333459833,0
"r8_N50_T40_rep1",138,4,-4.99740680948826,0
"r8_N50_T40_rep1",138,5,-1.28268287750615,0
"r8_N50_T40_rep1",138,6,15.0335855117601,0
"r8_N50_T40_rep1",138,7,21.0843100253033,0
"r8_N50_T40_rep1",138,8,16.4451066179437,0
"r8_N50_T40_rep1",138,9,41.9416827592602,0
"r8_N50_T40_rep1",138,10,41.9454177292057,0
"r8_N50_T40_rep1",138,11,52.4663830560789,0
"r8_N50_T40_rep1",138,12,53.941701425517,0
"r8_N50_T40_rep1",138,13,65.6899464115341,0
"r8_N50_T40_rep1",138,14,58.1304879994262,0
"r8_N50_T40_rep1",138,15,33.7917796844633,0
"r8_N50_T40_rep1",138,16,43.3143042217763,0
"r8_N50_T40_rep1",138,17,86.1380024182635,0
"r8_N50_T40_rep1",138,18,107.671758137163,0
"r8_N50_T40_rep1",138,19,96.8693048629508,0
"r8_N50_T40_rep1",138,20,86.795193250861,0
"r8_N50_T40_rep1",138,21,83.6081051187977,0
"r8_N50_T40_rep1",138,22,65.3322974446594,0
"r8_N50_T40_rep1",138,23,81.1136375179979,0
"r8_N50_T40_rep1",138,24,97.962486187511,0
"r8_N50_T40_rep1",138,25,104.014779533481,0
"r8_N50_T40_rep1",138,26,99.2589581500464,0
"r8_N50_T40_rep1",138,27,98.4582424460677,0
"r8_N50_T40_rep1",138,28,110.872237684159,0
"r8_N50_T40_rep1",138,29,117.323150196813,0
"r8_N50_T40_rep1",138,30,109.554851267989,0
"r8_N50_T40_rep1",138,31,109.95555829859,0
"r8_N50_T40_rep1",138,32,125.13044761631,0
"r8_N50_T40_rep1",138,33,131.743183782762,0
"r8_N50_T40_rep1",138,34,131.832780397792,0
"r8_N50_T40_rep1",138,35,148.868415763045,0
"r8_N50_T40_rep1",138,36,133.24118131818,0
"r8_N50_T40_rep1",138,37,138.239781980914,0
"r8_N50_T40_rep1",138,38,155.199043190523,0
"r8_N50_T40_rep1",138,39,140.839439591087,0
"r8_N50_T40_rep1",138,40,151.868830835003,0
"r8_N50_T40_rep1",138,41,153.382570499549,0
"r8_N50_T40_rep1",138,42,148.943691447329,0
"r8_N50_T40_rep1",138,43,153.2294926447,0
"r8_N50_T40_rep1",138,44,152.697057628232,0
"r8_N50_T40_rep1",138,45,156.950786433989,0
"r8_N50_T40_rep1",138,46,161.23798313238,0
"r8_N50_T40_rep1",138,47,175.034042189917,0
"r8_N50_T40_rep1",138,48,171.90131311383,0
"r8_N50_T40_rep1",138,49,192.269486801106,0
"r8_N50_T40_rep1",138,50,200.436221137366,0
"r8_N50_T40_rep1",139,1,-6.5000126179494,0
"r8_N50_T40_rep1",139,2,1.39350103640782,0
"r8_N50_T40_rep1",139,3,-7.48836142294306,0
"r8_N50_T40_rep1",139,4,-13.9175499929548,0
"r8_N50_T40_rep1",139,5,4.14694515989168,0
"r8_N50_T40_rep1",139,6,31.9810317390215,0
"r8_N50_T40_rep1",139,7,24.5826018702542,0
"r8_N50_T40_rep1",139,8,7.96218537906516,0
"r8_N50_T40_rep1",139,9,26.4664930080957,0
"r8_N50_T40_rep1",139,10,46.8453651190641,0
"r8_N50_T40_rep1",139,11,31.7099976836167,0
"r8_N50_T40_rep1",139,12,41.6093048728015,0
"r8_N50_T40_rep1",139,13,63.729062182515,0
"r8_N50_T40_rep1",139,14,67.961873160114,0
"r8_N50_T40_rep1",139,15,55.7807902375884,0
"r8_N50_T40_rep1",139,16,66.7540377392697,0
"r8_N50_T40_rep1",139,17,91.8160617192147,0
"r8_N50_T40_rep1",139,18,102.352462850055,0
"r8_N50_T40_rep1",139,19,91.1677754366592,0
"r8_N50_T40_rep1",139,20,85.2998903839818,0
"r8_N50_T40_rep1",139,21,81.1253650598735,0
"r8_N50_T40_rep1",139,22,58.0982616212224,0
"r8_N50_T40_rep1",139,23,85.0191533203892,0
"r8_N50_T40_rep1",139,24,102.536952312658,0
"r8_N50_T40_rep1",139,25,104.262730333362,0
"r8_N50_T40_rep1",139,26,105.754075233494,0
"r8_N50_T40_rep1",139,27,100.850698703817,0
"r8_N50_T40_rep1",139,28,119.66722800586,0
"r8_N50_T40_rep1",139,29,102.695254661796,0
"r8_N50_T40_rep1",139,30,106.161042995867,0
"r8_N50_T40_rep1",139,31,108.559324961936,0
"r8_N50_T40_rep1",139,32,119.215611521969,0
"r8_N50_T40_rep1",139,33,119.206066421722,0
"r8_N50_T40_rep1",139,34,120.597262950721,0
"r8_N50_T40_rep1",139,35,137.847485987734,0
"r8_N50_T40_rep1",139,36,132.202398324586,0
"r8_N50_T40_rep1",139,37,144.858058909284,0
"r8_N50_T40_rep1",139,38,153.56957471095,0
"r8_N50_T40_rep1",139,39,158.793205266144,0
"r8_N50_T40_rep1",139,40,158.268307263798,0
"r8_N50_T40_rep1",139,41,150.164231625397,0
"r8_N50_T40_rep1",139,42,163.043112965083,0
"r8_N50_T40_rep1",139,43,144.820952421757,0
"r8_N50_T40_rep1",139,44,155.657960093691,0
"r8_N50_T40_rep1",139,45,147.465645483716,0
"r8_N50_T40_rep1",139,46,163.905110139708,0
"r8_N50_T40_rep1",139,47,170.282612219872,0
"r8_N50_T40_rep1",139,48,191.061728398855,0
"r8_N50_T40_rep1",139,49,200.792359129452,0
"r8_N50_T40_rep1",139,50,205.305747934616,0
"r8_N50_T40_rep1",140,1,-18.750020893648,0
"r8_N50_T40_rep1",140,2,-14.0879107121514,0
"r8_N50_T40_rep1",140,3,16.6318059280984,0
"r8_N50_T40_rep1",140,4,17.2185993540913,0
"r8_N50_T40_rep1",140,5,19.3622187957484,0
"r8_N50_T40_rep1",140,6,39.3659399094388,0
"r8_N50_T40_rep1",140,7,15.7901751523061,0
"r8_N50_T40_rep1",140,8,22.5890097037794,0
"r8_N50_T40_rep1",140,9,41.7977292752532,0
"r8_N50_T40_rep1",140,10,47.4721073095505,0
"r8_N50_T40_rep1",140,11,43.7597265124227,0
"r8_N50_T40_rep1",140,12,59.9414182923421,0
"r8_N50_T40_rep1",140,13,75.3440650165329,0
"r8_N50_T40_rep1",140,14,72.1816237888701,0
"r8_N50_T40_rep1",140,15,43.0124214031397,0
"r8_N50_T40_rep1",140,16,54.8525515495647,0
"r8_N50_T40_rep1",140,17,67.3482280590744,0
"r8_N50_T40_rep1",140,18,76.1546663137212,0
"r8_N50_T40_rep1",140,19,92.9275988008511,0
"r8_N50_T40_rep1",140,20,64.9127952474883,0
"r8_N50_T40_rep1",140,21,60.363082086454,0
"r8_N50_T40_rep1",140,22,57.1285559366308,0
"r8_N50_T40_rep1",140,23,73.6558416852871,0
"r8_N50_T40_rep1",140,24,96.2100484989288,0
"r8_N50_T40_rep1",140,25,91.8971116656666,0
"r8_N50_T40_rep1",140,26,105.191355274435,0
"r8_N50_T40_rep1",140,27,90.7836460627707,0
"r8_N50_T40_rep1",140,28,101.227295586961,0
"r8_N50_T40_rep1",140,29,105.225480080626,0
"r8_N50_T40_rep1",140,30,104.059244240225,0
"r8_N50_T40_rep1",140,31,107.378123886369,0
"r8_N50_T40_rep1",140,32,116.030002569182,0
"r8_N50_T40_rep1",140,33,131.049726876253,0
"r8_N50_T40_rep1",140,34,105.990023131676,0
"r8_N50_T40_rep1",140,35,135.101624302059,0
"r8_N50_T40_rep1",140,36,135.727797129712,0
"r8_N50_T40_rep1",140,37,134.822953969571,0
"r8_N50_T40_rep1",140,38,152.739941315171,0
"r8_N50_T40_rep1",140,39,147.362661154661,0
"r8_N50_T40_rep1",140,40,142.706758137076,0
"r8_N50_T40_rep1",140,41,156.611882535677,0
"r8_N50_T40_rep1",140,42,155.163358751627,0
"r8_N50_T40_rep1",140,43,164.413966250915,0
"r8_N50_T40_rep1",140,44,165.94768829671,0
"r8_N50_T40_rep1",140,45,169.177253675656,0
"r8_N50_T40_rep1",140,46,176.003070842546,0
"r8_N50_T40_rep1",140,47,171.593107320975,0
"r8_N50_T40_rep1",140,48,164.518511707276,0
"r8_N50_T40_rep1",140,49,184.421764317658,0
"r8_N50_T40_rep1",140,50,198.326254678333,0
"r8_N50_T40_rep1",141,1,-0.482452664425543,0
"r8_N50_T40_rep1",141,2,-7.66887633878002,0
"r8_N50_T40_rep1",141,3,-2.70627142346339,0
"r8_N50_T40_rep1",141,4,7.25484251823119,0
"r8_N50_T40_rep1",141,5,0.514380679170305,0
"r8_N50_T40_rep1",141,6,28.111109414501,0
"r8_N50_T40_rep1",141,7,15.6777655710394,0
"r8_N50_T40_rep1",141,8,37.2502558417593,0
"r8_N50_T40_rep1",141,9,40.2797207610512,0
"r8_N50_T40_rep1",141,10,48.0551833285472,0
"r8_N50_T40_rep1",141,11,40.288063712616,0
"r8_N50_T40_rep1",141,12,35.7142470775163,0
"r8_N50_T40_rep1",141,13,53.3260971635512,0
"r8_N50_T40_rep1",141,14,64.7185380888123,0
"r8_N50_T40_rep1",141,15,40.2439629385844,0
"r8_N50_T40_rep1",141,16,33.6028212597909,0
"r8_N50_T40_rep1",141,17,73.8348981353391,0
"r8_N50_T40_rep1",141,18,97.8189393873586,0
"r8_N50_T40_rep1",141,19,86.6589132814958,0
"r8_N50_T40_rep1",141,20,73.7153814787278,0
"r8_N50_T40_rep1",141,21,67.8106240126411,0
"r8_N50_T40_rep1",141,22,73.0469930297166,0
"r8_N50_T40_rep1",141,23,76.9544594798245,0
"r8_N50_T40_rep1",141,24,86.9963760785736,0
"r8_N50_T40_rep1",141,25,81.2259598508981,0
"r8_N50_T40_rep1",141,26,100.732581616543,0
"r8_N50_T40_rep1",141,27,93.4486537925966,0
"r8_N50_T40_rep1",141,28,105.641898797533,0
"r8_N50_T40_rep1",141,29,113.522292446649,0
"r8_N50_T40_rep1",141,30,109.929038483658,0
"r8_N50_T40_rep1",141,31,115.064766547816,0
"r8_N50_T40_rep1",141,32,121.033207583632,0
"r8_N50_T40_rep1",141,33,128.692876870759,0
"r8_N50_T40_rep1",141,34,119.47217298515,0
"r8_N50_T40_rep1",141,35,130.007879812369,0
"r8_N50_T40_rep1",141,36,137.019066484539,0
"r8_N50_T40_rep1",141,37,151.644330089747,0
"r8_N50_T40_rep1",141,38,169.90451645707,0
"r8_N50_T40_rep1",141,39,178.07045231224,0
"r8_N50_T40_rep1",141,40,183.633125575116,0
"r8_N50_T40_rep1",141,41,183.737550753564,0
"r8_N50_T40_rep1",141,42,163.289950359954,0
"r8_N50_T40_rep1",141,43,150.912318427722,0
"r8_N50_T40_rep1",141,44,146.536944853364,0
"r8_N50_T40_rep1",141,45,167.577836397459,0
"r8_N50_T40_rep1",141,46,166.290754745562,0
"r8_N50_T40_rep1",141,47,185.605617417614,0
"r8_N50_T40_rep1",141,48,189.046264135905,0
"r8_N50_T40_rep1",141,49,199.623606176942,0
"r8_N50_T40_rep1",141,50,192.438027686037,0
"r8_N50_T40_rep1",142,1,-26.2489575142678,0
"r8_N50_T40_rep1",142,2,-13.6846458680139,0
"r8_N50_T40_rep1",142,3,7.52131830650595,0
"r8_N50_T40_rep1",142,4,-6.37674738685963,0
"r8_N50_T40_rep1",142,5,1.52905311257087,0
"r8_N50_T40_rep1",142,6,56.8350562494844,0
"r8_N50_T40_rep1",142,7,32.6597406476608,0
"r8_N50_T40_rep1",142,8,28.2941692822666,0
"r8_N50_T40_rep1",142,9,47.4976054615655,0
"r8_N50_T40_rep1",142,10,48.2408318734169,0
"r8_N50_T40_rep1",142,11,27.1248341848343,0
"r8_N50_T40_rep1",142,12,42.2411199737329,0
"r8_N50_T40_rep1",142,13,62.821816103378,0
"r8_N50_T40_rep1",142,14,61.9925265804233,0
"r8_N50_T40_rep1",142,15,48.9594218509134,0
"r8_N50_T40_rep1",142,16,66.2282793088116,0
"r8_N50_T40_rep1",142,17,66.3023214398066,0
"r8_N50_T40_rep1",142,18,56.0093361239378,0
"r8_N50_T40_rep1",142,19,86.624880087003,0
"r8_N50_T40_rep1",142,20,77.1103739931967,0
"r8_N50_T40_rep1",142,21,74.0016361941294,0
"r8_N50_T40_rep1",142,22,50.8392938762967,0
"r8_N50_T40_rep1",142,23,62.4181566843362,0
"r8_N50_T40_rep1",142,24,89.446866448589,0
"r8_N50_T40_rep1",142,25,97.5901018900965,0
"r8_N50_T40_rep1",142,26,79.5521153480813,0
"r8_N50_T40_rep1",142,27,103.133241491979,0
"r8_N50_T40_rep1",142,28,96.5437416857104,0
"r8_N50_T40_rep1",142,29,110.591204257528,0
"r8_N50_T40_rep1",142,30,100.177680827454,0
"r8_N50_T40_rep1",142,31,110.801632656677,0
"r8_N50_T40_rep1",142,32,129.892575416991,0
"r8_N50_T40_rep1",142,33,149.418185645478,0
"r8_N50_T40_rep1",142,34,136.064646504063,0
"r8_N50_T40_rep1",142,35,144.187773525861,0
"r8_N50_T40_rep1",142,36,125.809447763322,0
"r8_N50_T40_rep1",142,37,133.165737211666,0
"r8_N50_T40_rep1",142,38,145.999086503599,0
"r8_N50_T40_rep1",142,39,141.749102676685,0
"r8_N50_T40_rep1",142,40,149.210414613303,0
"r8_N50_T40_rep1",142,41,146.11705021674,0
"r8_N50_T40_rep1",142,42,158.223908388092,0
"r8_N50_T40_rep1",142,43,157.893599585866,0
"r8_N50_T40_rep1",142,44,164.17965143348,0
"r8_N50_T40_rep1",142,45,163.783991327984,0
"r8_N50_T40_rep1",142,46,160.850005399806,0
"r8_N50_T40_rep1",142,47,161.817613647738,0
"r8_N50_T40_rep1",142,48,157.353965254599,0
"r8_N50_T40_rep1",142,49,172.781993240252,0
"r8_N50_T40_rep1",142,50,187.576488425942,0
"r8_N50_T40_rep1",143,1,-22.6495177690926,0
"r8_N50_T40_rep1",143,2,-9.84837733570823,0
"r8_N50_T40_rep1",143,3,24.7981838186604,0
"r8_N50_T40_rep1",143,4,6.40726650745518,0
"r8_N50_T40_rep1",143,5,32.872001899734,0
"r8_N50_T40_rep1",143,6,42.240145180229,0
"r8_N50_T40_rep1",143,7,14.2231536489508,0
"r8_N50_T40_rep1",143,8,27.7454735342985,0
"r8_N50_T40_rep1",143,9,34.3342743915391,0
"r8_N50_T40_rep1",143,10,40.6012642887891,0
"r8_N50_T40_rep1",143,11,38.9818654789695,0
"r8_N50_T40_rep1",143,12,60.6797927225588,0
"r8_N50_T40_rep1",143,13,74.2596134348085,0
"r8_N50_T40_rep1",143,14,61.013355841778,0
"r8_N50_T40_rep1",143,15,27.716809167409,0
"r8_N50_T40_rep1",143,16,44.4304139692431,0
"r8_N50_T40_rep1",143,17,77.7730576979523,0
"r8_N50_T40_rep1",143,18,85.4624308311704,0
"r8_N50_T40_rep1",143,19,77.7997853125929,0
"r8_N50_T40_rep1",143,20,77.74257830981,0
"r8_N50_T40_rep1",143,21,72.2563349253086,0
"r8_N50_T40_rep1",143,22,71.8104062065022,0
"r8_N50_T40_rep1",143,23,67.3420942718768,0
"r8_N50_T40_rep1",143,24,101.386067171025,0
"r8_N50_T40_rep1",143,25,96.5846660551572,0
"r8_N50_T40_rep1",143,26,89.8779689587367,0
"r8_N50_T40_rep1",143,27,72.8540410149854,0
"r8_N50_T40_rep1",143,28,94.7991673002022,0
"r8_N50_T40_rep1",143,29,109.430852736258,0
"r8_N50_T40_rep1",143,30,94.7893120944203,0
"r8_N50_T40_rep1",143,31,104.245807214519,0
"r8_N50_T40_rep1",143,32,133.695579001899,0
"r8_N50_T40_rep1",143,33,156.015164943275,0
"r8_N50_T40_rep1",143,34,119.370327154368,0
"r8_N50_T40_rep1",143,35,149.367494477663,0
"r8_N50_T40_rep1",143,36,132.404396973057,0
"r8_N50_T40_rep1",143,37,136.801492028874,0
"r8_N50_T40_rep1",143,38,169.279835702175,0
"r8_N50_T40_rep1",143,39,135.920361371893,0
"r8_N50_T40_rep1",143,40,155.272960796949,0
"r8_N50_T40_rep1",143,41,151.560830272874,0
"r8_N50_T40_rep1",143,42,158.645532666622,0
"r8_N50_T40_rep1",143,43,163.943195916944,0
"r8_N50_T40_rep1",143,44,167.238167382496,0
"r8_N50_T40_rep1",143,45,181.911165616567,0
"r8_N50_T40_rep1",143,46,162.867831232667,0
"r8_N50_T40_rep1",143,47,161.273818675996,0
"r8_N50_T40_rep1",143,48,146.390784480189,0
"r8_N50_T40_rep1",143,49,156.840739098544,0
"r8_N50_T40_rep1",143,50,164.028223158461,0
"r8_N50_T40_rep1",144,1,-11.9978169584028,0
"r8_N50_T40_rep1",144,2,1.46621985017849,0
"r8_N50_T40_rep1",144,3,21.2860746815878,0
"r8_N50_T40_rep1",144,4,14.8660291518345,0
"r8_N50_T40_rep1",144,5,7.01270498070874,0
"r8_N50_T40_rep1",144,6,21.6030799603364,0
"r8_N50_T40_rep1",144,7,14.7088759989853,0
"r8_N50_T40_rep1",144,8,18.1187880145443,0
"r8_N50_T40_rep1",144,9,31.2492533963133,0
"r8_N50_T40_rep1",144,10,43.1665521936188,0
"r8_N50_T40_rep1",144,11,33.2837243145205,0
"r8_N50_T40_rep1",144,12,50.514395943295,0
"r8_N50_T40_rep1",144,13,45.1930072884057,0
"r8_N50_T40_rep1",144,14,56.776901594154,0
"r8_N50_T40_rep1",144,15,45.0977024643355,0
"r8_N50_T40_rep1",144,16,40.1465348548084,0
"r8_N50_T40_rep1",144,17,84.8272933725886,0
"r8_N50_T40_rep1",144,18,83.4090218986624,0
"r8_N50_T40_rep1",144,19,96.9808261676692,0
"r8_N50_T40_rep1",144,20,87.4073263311921,0
"r8_N50_T40_rep1",144,21,66.8995005712195,0
"r8_N50_T40_rep1",144,22,64.9882707990339,0
"r8_N50_T40_rep1",144,23,84.4357885418085,0
"r8_N50_T40_rep1",144,24,98.5438806996157,0
"r8_N50_T40_rep1",144,25,100.418810253016,0
"r8_N50_T40_rep1",144,26,94.9656189564927,0
"r8_N50_T40_rep1",144,27,96.6494387905068,0
"r8_N50_T40_rep1",144,28,101.162466328151,0
"r8_N50_T40_rep1",144,29,99.4192005572455,0
"r8_N50_T40_rep1",144,30,102.156096078203,0
"r8_N50_T40_rep1",144,31,126.873828547306,0
"r8_N50_T40_rep1",144,32,126.484164102541,0
"r8_N50_T40_rep1",144,33,129.20017045696,0
"r8_N50_T40_rep1",144,34,115.552351773656,0
"r8_N50_T40_rep1",144,35,128.570001515358,0
"r8_N50_T40_rep1",144,36,133.083958238952,0
"r8_N50_T40_rep1",144,37,133.016158263513,0
"r8_N50_T40_rep1",144,38,137.71561099887,0
"r8_N50_T40_rep1",144,39,158.572037598473,0
"r8_N50_T40_rep1",144,40,139.498708079381,0
"r8_N50_T40_rep1",144,41,163.523850852973,0
"r8_N50_T40_rep1",144,42,147.716763956341,0
"r8_N50_T40_rep1",144,43,134.630249921305,0
"r8_N50_T40_rep1",144,44,143.485206255885,0
"r8_N50_T40_rep1",144,45,153.942500080801,0
"r8_N50_T40_rep1",144,46,160.73112486309,0
"r8_N50_T40_rep1",144,47,188.386248049159,0
"r8_N50_T40_rep1",144,48,184.424694640596,0
"r8_N50_T40_rep1",144,49,199.5835338636,0
"r8_N50_T40_rep1",144,50,206.390702052261,0
"r8_N50_T40_rep1",145,1,-10.3265872618683,0
"r8_N50_T40_rep1",145,2,-20.4593455846204,0
"r8_N50_T40_rep1",145,3,-10.5825123068855,0
"r8_N50_T40_rep1",145,4,-3.71747824465508,0
"r8_N50_T40_rep1",145,5,-7.41065338871225,0
"r8_N50_T40_rep1",145,6,24.9906590755147,0
"r8_N50_T40_rep1",145,7,30.2683822866938,0
"r8_N50_T40_rep1",145,8,18.0373953779311,0
"r8_N50_T40_rep1",145,9,29.8804021697463,0
"r8_N50_T40_rep1",145,10,45.0203444179841,0
"r8_N50_T40_rep1",145,11,42.2973809287491,0
"r8_N50_T40_rep1",145,12,28.0929552010795,0
"r8_N50_T40_rep1",145,13,61.6874581660874,0
"r8_N50_T40_rep1",145,14,59.8858726042306,0
"r8_N50_T40_rep1",145,15,41.1797427645656,0
"r8_N50_T40_rep1",145,16,53.6472539607323,0
"r8_N50_T40_rep1",145,17,81.6541812096606,0
"r8_N50_T40_rep1",145,18,79.4556772545828,0
"r8_N50_T40_rep1",145,19,89.789844989417,0
"r8_N50_T40_rep1",145,20,85.8637774304142,0
"r8_N50_T40_rep1",145,21,78.3616930439849,0
"r8_N50_T40_rep1",145,22,67.0490497485658,0
"r8_N50_T40_rep1",145,23,83.7612066582891,0
"r8_N50_T40_rep1",145,24,95.694700534885,0
"r8_N50_T40_rep1",145,25,100.531404803383,0
"r8_N50_T40_rep1",145,26,90.7242572081588,0
"r8_N50_T40_rep1",145,27,99.0816420973427,0
"r8_N50_T40_rep1",145,28,98.6199261941175,0
"r8_N50_T40_rep1",145,29,114.936287581662,0
"r8_N50_T40_rep1",145,30,94.4264796782975,0
"r8_N50_T40_rep1",145,31,98.7099787165733,0
"r8_N50_T40_rep1",145,32,113.218289813742,0
"r8_N50_T40_rep1",145,33,134.474643818313,0
"r8_N50_T40_rep1",145,34,121.933217963754,0
"r8_N50_T40_rep1",145,35,134.427035183678,0
"r8_N50_T40_rep1",145,36,142.04779296921,0
"r8_N50_T40_rep1",145,37,147.315603195138,0
"r8_N50_T40_rep1",145,38,167.795259708507,0
"r8_N50_T40_rep1",145,39,170.003389126916,0
"r8_N50_T40_rep1",145,40,163.49520317168,0
"r8_N50_T40_rep1",145,41,161.191473379066,0
"r8_N50_T40_rep1",145,42,156.796801349614,0
"r8_N50_T40_rep1",145,43,151.876753676456,0
"r8_N50_T40_rep1",145,44,151.021397064131,0
"r8_N50_T40_rep1",145,45,159.636460601297,0
"r8_N50_T40_rep1",145,46,171.7935788305,0
"r8_N50_T40_rep1",145,47,176.660625260703,0
"r8_N50_T40_rep1",145,48,182.892925095359,0
"r8_N50_T40_rep1",145,49,195.64241755792,0
"r8_N50_T40_rep1",145,50,198.51216250803,0
"r8_N50_T40_rep1",146,1,-5.08182717621847,0
"r8_N50_T40_rep1",146,2,-14.9518407122022,0
"r8_N50_T40_rep1",146,3,10.3315544948882,0
"r8_N50_T40_rep1",146,4,13.8116145245578,0
"r8_N50_T40_rep1",146,5,16.129024395502,0
"r8_N50_T40_rep1",146,6,11.2681628266975,0
"r8_N50_T40_rep1",146,7,14.5518658842111,0
"r8_N50_T40_rep1",146,8,8.51641385965108,0
"r8_N50_T40_rep1",146,9,36.039566301169,0
"r8_N50_T40_rep1",146,10,43.2449533181986,0
"r8_N50_T40_rep1",146,11,47.446205097854,0
"r8_N50_T40_rep1",146,12,59.6517777385896,0
"r8_N50_T40_rep1",146,13,79.9595710101583,0
"r8_N50_T40_rep1",146,14,81.0059101542758,0
"r8_N50_T40_rep1",146,15,38.9438100946709,0
"r8_N50_T40_rep1",146,16,35.988873087732,0
"r8_N50_T40_rep1",146,17,91.7031887518059,0
"r8_N50_T40_rep1",146,18,87.7693650225975,0
"r8_N50_T40_rep1",146,19,107.297794225921,0
"r8_N50_T40_rep1",146,20,87.9849151099185,0
"r8_N50_T40_rep1",146,21,77.6655815215131,0
"r8_N50_T40_rep1",146,22,79.2355772564971,0
"r8_N50_T40_rep1",146,23,94.2569973225224,0
"r8_N50_T40_rep1",146,24,108.751569777676,0
"r8_N50_T40_rep1",146,25,109.383910167188,0
"r8_N50_T40_rep1",146,26,99.026041866296,0
"r8_N50_T40_rep1",146,27,87.9376208343412,0
"r8_N50_T40_rep1",146,28,108.044119304781,0
"r8_N50_T40_rep1",146,29,112.393409891557,0
"r8_N50_T40_rep1",146,30,122.376864352451,0
"r8_N50_T40_rep1",146,31,125.463825550965,0
"r8_N50_T40_rep1",146,32,114.704120083476,0
"r8_N50_T40_rep1",146,33,119.107156775244,0
"r8_N50_T40_rep1",146,34,111.902522614224,0
"r8_N50_T40_rep1",146,35,131.560452683235,0
"r8_N50_T40_rep1",146,36,130.211108926823,0
"r8_N50_T40_rep1",146,37,131.972270716059,0
"r8_N50_T40_rep1",146,38,135.772330989224,0
"r8_N50_T40_rep1",146,39,153.431113863384,0
"r8_N50_T40_rep1",146,40,163.161708454653,0
"r8_N50_T40_rep1",146,41,155.41292585829,0
"r8_N50_T40_rep1",146,42,140.74933431078,0
"r8_N50_T40_rep1",146,43,147.56022440515,0
"r8_N50_T40_rep1",146,44,146.048707586495,0
"r8_N50_T40_rep1",146,45,173.856072796237,0
"r8_N50_T40_rep1",146,46,168.430920899851,0
"r8_N50_T40_rep1",146,47,174.643563313955,0
"r8_N50_T40_rep1",146,48,178.717426010213,0
"r8_N50_T40_rep1",146,49,192.49391878822,0
"r8_N50_T40_rep1",146,50,195.275586712248,0
"r8_N50_T40_rep1",147,1,-15.9404644767027,0
"r8_N50_T40_rep1",147,2,-19.0391679044096,0
"r8_N50_T40_rep1",147,3,16.0789616531149,0
"r8_N50_T40_rep1",147,4,-2.81413137499336,0
"r8_N50_T40_rep1",147,5,28.0182353034381,0
"r8_N50_T40_rep1",147,6,36.2508534765759,0
"r8_N50_T40_rep1",147,7,13.7239944684937,0
"r8_N50_T40_rep1",147,8,13.5718483003271,0
"r8_N50_T40_rep1",147,9,35.8839868213023,0
"r8_N50_T40_rep1",147,10,58.1538906717347,0
"r8_N50_T40_rep1",147,11,39.1285240044671,0
"r8_N50_T40_rep1",147,12,55.9073108460905,0
"r8_N50_T40_rep1",147,13,70.51019995838,0
"r8_N50_T40_rep1",147,14,59.7481759510897,0
"r8_N50_T40_rep1",147,15,50.2543821197119,0
"r8_N50_T40_rep1",147,16,45.2443393523789,0
"r8_N50_T40_rep1",147,17,86.2019181921175,0
"r8_N50_T40_rep1",147,18,84.5459167422255,0
"r8_N50_T40_rep1",147,19,74.6919086895771,0
"r8_N50_T40_rep1",147,20,78.6724944016067,0
"r8_N50_T40_rep1",147,21,79.347793261724,0
"r8_N50_T40_rep1",147,22,47.7887129508878,0
"r8_N50_T40_rep1",147,23,67.3433613526575,0
"r8_N50_T40_rep1",147,24,108.972317229428,0
"r8_N50_T40_rep1",147,25,120.414957576059,0
"r8_N50_T40_rep1",147,26,111.099033178974,0
"r8_N50_T40_rep1",147,27,117.922616457091,0
"r8_N50_T40_rep1",147,28,113.204793609894,0
"r8_N50_T40_rep1",147,29,103.461339585686,0
"r8_N50_T40_rep1",147,30,117.399157885277,0
"r8_N50_T40_rep1",147,31,127.575091660496,0
"r8_N50_T40_rep1",147,32,131.839383915926,0
"r8_N50_T40_rep1",147,33,131.537046437366,0
"r8_N50_T40_rep1",147,34,126.300836267627,0
"r8_N50_T40_rep1",147,35,140.174628735654,0
"r8_N50_T40_rep1",147,36,132.798770297953,0
"r8_N50_T40_rep1",147,37,144.656601027044,0
"r8_N50_T40_rep1",147,38,157.401391878539,0
"r8_N50_T40_rep1",147,39,139.982822523819,0
"r8_N50_T40_rep1",147,40,156.313511589007,0
"r8_N50_T40_rep1",147,41,155.89513713227,0
"r8_N50_T40_rep1",147,42,166.989252948878,0
"r8_N50_T40_rep1",147,43,160.08316108244,0
"r8_N50_T40_rep1",147,44,155.417291905753,0
"r8_N50_T40_rep1",147,45,166.827241645721,0
"r8_N50_T40_rep1",147,46,171.372861939246,0
"r8_N50_T40_rep1",147,47,174.58997697637,0
"r8_N50_T40_rep1",147,48,167.584849808096,0
"r8_N50_T40_rep1",147,49,184.306266050528,0
"r8_N50_T40_rep1",147,50,184.719051161544,0
"r8_N50_T40_rep1",148,1,-14.2562715129128,0
"r8_N50_T40_rep1",148,2,-2.86916783324304,0
"r8_N50_T40_rep1",148,3,38.1729047278911,0
"r8_N50_T40_rep1",148,4,23.0168189069917,0
"r8_N50_T40_rep1",148,5,21.228225560695,0
"r8_N50_T40_rep1",148,6,39.5471685217404,0
"r8_N50_T40_rep1",148,7,25.413332953325,0
"r8_N50_T40_rep1",148,8,20.1333451573533,0
"r8_N50_T40_rep1",148,9,37.6604734075395,0
"r8_N50_T40_rep1",148,10,51.0956140207898,0
"r8_N50_T40_rep1",148,11,43.5805749800287,0
"r8_N50_T40_rep1",148,12,50.2440824454491,0
"r8_N50_T40_rep1",148,13,67.8945755611009,0
"r8_N50_T40_rep1",148,14,67.7307903935577,0
"r8_N50_T40_rep1",148,15,64.5243613753678,0
"r8_N50_T40_rep1",148,16,43.4036533100941,0
"r8_N50_T40_rep1",148,17,77.4468360928625,0
"r8_N50_T40_rep1",148,18,72.253401221965,0
"r8_N50_T40_rep1",148,19,76.6030302435986,0
"r8_N50_T40_rep1",148,20,66.6884212289926,0
"r8_N50_T40_rep1",148,21,72.9019618501692,0
"r8_N50_T40_rep1",148,22,60.2607540087285,0
"r8_N50_T40_rep1",148,23,85.3069839390692,0
"r8_N50_T40_rep1",148,24,120.090221373895,0
"r8_N50_T40_rep1",148,25,103.870936352511,0
"r8_N50_T40_rep1",148,26,107.775122917932,0
"r8_N50_T40_rep1",148,27,106.50442172738,0
"r8_N50_T40_rep1",148,28,104.424089532401,0
"r8_N50_T40_rep1",148,29,107.532691899029,0
"r8_N50_T40_rep1",148,30,147.554027960486,0
"r8_N50_T40_rep1",148,31,140.211624799541,0
"r8_N50_T40_rep1",148,32,130.024203633458,0
"r8_N50_T40_rep1",148,33,128.668565395444,0
"r8_N50_T40_rep1",148,34,121.325400025181,0
"r8_N50_T40_rep1",148,35,133.354743953706,0
"r8_N50_T40_rep1",148,36,122.619308367073,0
"r8_N50_T40_rep1",148,37,134.791733384741,0
"r8_N50_T40_rep1",148,38,135.334674725016,0
"r8_N50_T40_rep1",148,39,127.240709618437,0
"r8_N50_T40_rep1",148,40,150.259177958087,0
"r8_N50_T40_rep1",148,41,161.993944964574,0
"r8_N50_T40_rep1",148,42,146.256186973792,0
"r8_N50_T40_rep1",148,43,158.184279507394,0
"r8_N50_T40_rep1",148,44,148.767527290006,0
"r8_N50_T40_rep1",148,45,171.31290873307,0
"r8_N50_T40_rep1",148,46,170.668802784722,0
"r8_N50_T40_rep1",148,47,177.700094905812,0
"r8_N50_T40_rep1",148,48,151.529270786245,0
"r8_N50_T40_rep1",148,49,163.841603936914,0
"r8_N50_T40_rep1",148,50,176.423213147752,0
"r8_N50_T40_rep1",149,1,-0.534827949833315,0
"r8_N50_T40_rep1",149,2,-1.55349644303354,0
"r8_N50_T40_rep1",149,3,11.4385801014946,0
"r8_N50_T40_rep1",149,4,-6.37651064634575,0
"r8_N50_T40_rep1",149,5,-2.48211835581926,0
"r8_N50_T40_rep1",149,6,27.0077811829165,0
"r8_N50_T40_rep1",149,7,17.5620081915316,0
"r8_N50_T40_rep1",149,8,30.704653122873,0
"r8_N50_T40_rep1",149,9,32.8948464340473,0
"r8_N50_T40_rep1",149,10,53.4523011163661,0
"r8_N50_T40_rep1",149,11,28.7941771309423,0
"r8_N50_T40_rep1",149,12,28.7846790717424,0
"r8_N50_T40_rep1",149,13,47.7584327664285,0
"r8_N50_T40_rep1",149,14,60.9308564721553,0
"r8_N50_T40_rep1",149,15,41.3849376403657,0
"r8_N50_T40_rep1",149,16,47.3069635099712,0
"r8_N50_T40_rep1",149,17,81.2024674359079,0
"r8_N50_T40_rep1",149,18,89.8572826489179,0
"r8_N50_T40_rep1",149,19,77.7750254115147,0
"r8_N50_T40_rep1",149,20,73.9550330994971,0
"r8_N50_T40_rep1",149,21,67.5175357202187,0
"r8_N50_T40_rep1",149,22,56.1601121013628,0
"r8_N50_T40_rep1",149,23,70.4512954776701,0
"r8_N50_T40_rep1",149,24,86.3237091945751,0
"r8_N50_T40_rep1",149,25,103.761352847725,0
"r8_N50_T40_rep1",149,26,100.936069501996,0
"r8_N50_T40_rep1",149,27,111.242757886548,0
"r8_N50_T40_rep1",149,28,103.776969201799,0
"r8_N50_T40_rep1",149,29,106.098064536873,0
"r8_N50_T40_rep1",149,30,96.3647538070332,0
"r8_N50_T40_rep1",149,31,115.522555091696,0
"r8_N50_T40_rep1",149,32,117.605892541809,0
"r8_N50_T40_rep1",149,33,124.49670940277,0
"r8_N50_T40_rep1",149,34,134.805578357322,0
"r8_N50_T40_rep1",149,35,141.114804211712,0
"r8_N50_T40_rep1",149,36,145.123786851145,0
"r8_N50_T40_rep1",149,37,155.578757832845,0
"r8_N50_T40_rep1",149,38,182.093867079234,0
"r8_N50_T40_rep1",149,39,170.062968580245,0
"r8_N50_T40_rep1",149,40,168.4702714254,0
"r8_N50_T40_rep1",149,41,169.070059283135,0
"r8_N50_T40_rep1",149,42,178.221150999113,0
"r8_N50_T40_rep1",149,43,143.103882534659,0
"r8_N50_T40_rep1",149,44,147.490484840811,0
"r8_N50_T40_rep1",149,45,156.153135166916,0
"r8_N50_T40_rep1",149,46,172.114978094745,0
"r8_N50_T40_rep1",149,47,176.244728771446,0
"r8_N50_T40_rep1",149,48,194.989331937541,0
"r8_N50_T40_rep1",149,49,201.270352821202,0
"r8_N50_T40_rep1",149,50,201.548571211127,0
"r8_N50_T40_rep1",150,1,-15.8578561363959,0
"r8_N50_T40_rep1",150,2,-18.8298357225584,0
"r8_N50_T40_rep1",150,3,12.858226373995,0
"r8_N50_T40_rep1",150,4,-7.19084290187745,0
"r8_N50_T40_rep1",150,5,-6.36295677998711,0
"r8_N50_T40_rep1",150,6,41.4686885706314,0
"r8_N50_T40_rep1",150,7,13.5827484503614,0
"r8_N50_T40_rep1",150,8,31.7369283634313,0
"r8_N50_T40_rep1",150,9,30.6570256504976,0
"r8_N50_T40_rep1",150,10,54.0396582280863,0
"r8_N50_T40_rep1",150,11,40.3459543855816,0
"r8_N50_T40_rep1",150,12,35.8382364248605,0
"r8_N50_T40_rep1",150,13,52.789917540523,0
"r8_N50_T40_rep1",150,14,50.3240370670466,0
"r8_N50_T40_rep1",150,15,56.1850372658312,0
"r8_N50_T40_rep1",150,16,44.8211901080532,0
"r8_N50_T40_rep1",150,17,88.3189546566411,0
"r8_N50_T40_rep1",150,18,88.3284314525025,0
"r8_N50_T40_rep1",150,19,83.6405805900932,0
"r8_N50_T40_rep1",150,20,58.6740027971947,0
"r8_N50_T40_rep1",150,21,57.2286449215708,0
"r8_N50_T40_rep1",150,22,46.4903820296995,0
"r8_N50_T40_rep1",150,23,60.2441059340914,0
"r8_N50_T40_rep1",150,24,98.291428639625,0
"r8_N50_T40_rep1",150,25,92.1738602526465,0
"r8_N50_T40_rep1",150,26,107.163717449431,0
"r8_N50_T40_rep1",150,27,118.509668434509,0
"r8_N50_T40_rep1",150,28,114.102330142704,0
"r8_N50_T40_rep1",150,29,108.878594338954,0
"r8_N50_T40_rep1",150,30,106.239812649136,0
"r8_N50_T40_rep1",150,31,110.87758864652,0
"r8_N50_T40_rep1",150,32,136.348626897461,0
"r8_N50_T40_rep1",150,33,124.30608386988,0
"r8_N50_T40_rep1",150,34,131.429380239786,0
"r8_N50_T40_rep1",150,35,146.18555349222,0
"r8_N50_T40_rep1",150,36,151.676977626916,0
"r8_N50_T40_rep1",150,37,149.392340134637,0
"r8_N50_T40_rep1",150,38,164.540364638384,0
"r8_N50_T40_rep1",150,39,165.104068436745,0
"r8_N50_T40_rep1",150,40,174.310868216318,0
"r8_N50_T40_rep1",150,41,170.808871268099,0
"r8_N50_T40_rep1",150,42,163.795997470843,0
"r8_N50_T40_rep1",150,43,152.282221071104,0
"r8_N50_T40_rep1",150,44,154.81545793822,0
"r8_N50_T40_rep1",150,45,157.052027214418,0
"r8_N50_T40_rep1",150,46,173.237532927085,0
"r8_N50_T40_rep1",150,47,177.542754447127,0
"r8_N50_T40_rep1",150,48,181.165675491311,0
"r8_N50_T40_rep1",150,49,181.599870269165,0
"r8_N50_T40_rep1",150,50,199.239234328713,0
"r8_N50_T40_rep1",151,1,-14.7179532336512,0
"r8_N50_T40_rep1",151,2,-12.8653260618429,0
"r8_N50_T40_rep1",151,3,5.38688952511131,0
"r8_N50_T40_rep1",151,4,4.44213759998775,0
"r8_N50_T40_rep1",151,5,-7.84925380414061,0
"r8_N50_T40_rep1",151,6,20.6425795246065,0
"r8_N50_T40_rep1",151,7,24.5957894673883,0
"r8_N50_T40_rep1",151,8,27.6498927017205,0
"r8_N50_T40_rep1",151,9,32.3787384035638,0
"r8_N50_T40_rep1",151,10,55.9435399435408,0
"r8_N50_T40_rep1",151,11,34.2421409839306,0
"r8_N50_T40_rep1",151,12,32.5481739499895,0
"r8_N50_T40_rep1",151,13,58.9188626628557,0
"r8_N50_T40_rep1",151,14,57.2775730183729,0
"r8_N50_T40_rep1",151,15,56.7333497404562,0
"r8_N50_T40_rep1",151,16,58.8816785755222,0
"r8_N50_T40_rep1",151,17,84.5579637423095,0
"r8_N50_T40_rep1",151,18,77.0307991195504,0
"r8_N50_T40_rep1",151,19,103.847776053914,0
"r8_N50_T40_rep1",151,20,83.588559104939,0
"r8_N50_T40_rep1",151,21,72.635083348261,0
"r8_N50_T40_rep1",151,22,57.327763792479,0
"r8_N50_T40_rep1",151,23,79.8440761251063,0
"r8_N50_T40_rep1",151,24,96.4261136620654,0
"r8_N50_T40_rep1",151,25,95.8336980468707,0
"r8_N50_T40_rep1",151,26,94.8412508301043,0
"r8_N50_T40_rep1",151,27,94.4518403954001,0
"r8_N50_T40_rep1",151,28,93.3932822364278,0
"r8_N50_T40_rep1",151,29,110.60686125515,0
"r8_N50_T40_rep1",151,30,98.2688623079849,0
"r8_N50_T40_rep1",151,31,125.285025902725,0
"r8_N50_T40_rep1",151,32,110.890720752564,0
"r8_N50_T40_rep1",151,33,128.048796362439,0
"r8_N50_T40_rep1",151,34,113.810067406523,0
"r8_N50_T40_rep1",151,35,123.530888749095,0
"r8_N50_T40_rep1",151,36,123.040473218564,0
"r8_N50_T40_rep1",151,37,123.151812079321,0
"r8_N50_T40_rep1",151,38,142.55523556373,0
"r8_N50_T40_rep1",151,39,158.809704942469,0
"r8_N50_T40_rep1",151,40,150.974420547873,0
"r8_N50_T40_rep1",151,41,151.982201796575,0
"r8_N50_T40_rep1",151,42,159.803931075593,0
"r8_N50_T40_rep1",151,43,141.934470699867,0
"r8_N50_T40_rep1",151,44,149.946357322317,0
"r8_N50_T40_rep1",151,45,141.963419838553,0
"r8_N50_T40_rep1",151,46,158.567302300482,0
"r8_N50_T40_rep1",151,47,191.972425140858,0
"r8_N50_T40_rep1",151,48,198.567841912414,0
"r8_N50_T40_rep1",151,49,210.521649184963,0
"r8_N50_T40_rep1",151,50,198.391634464624,0
"r8_N50_T40_rep2",101,1,10.0668867172436,0
"r8_N50_T40_rep2",101,2,0.421728475408656,0
"r8_N50_T40_rep2",101,3,9.78485098105426,0
"r8_N50_T40_rep2",101,4,5.19960927545858,0
"r8_N50_T40_rep2",101,5,8.84020884875339,0
"r8_N50_T40_rep2",101,6,27.9456057754309,0
"r8_N50_T40_rep2",101,7,3.6016603482696,0
"r8_N50_T40_rep2",101,8,23.6835697666495,0
"r8_N50_T40_rep2",101,9,25.7872144337632,0
"r8_N50_T40_rep2",101,10,45.0855414141551,0
"r8_N50_T40_rep2",101,11,43.3742645849068,0
"r8_N50_T40_rep2",101,12,46.4237185439077,0
"r8_N50_T40_rep2",101,13,67.4426580789741,0
"r8_N50_T40_rep2",101,14,70.9120979019495,0
"r8_N50_T40_rep2",101,15,59.9543647219817,0
"r8_N50_T40_rep2",101,16,54.676859238855,0
"r8_N50_T40_rep2",101,17,72.3660906230126,0
"r8_N50_T40_rep2",101,18,81.6114172445038,0
"r8_N50_T40_rep2",101,19,97.8940132937678,0
"r8_N50_T40_rep2",101,20,71.9820077891811,0
"r8_N50_T40_rep2",101,21,70.3626307631019,0
"r8_N50_T40_rep2",101,22,55.721901379217,0
"r8_N50_T40_rep2",101,23,62.9011501585251,0
"r8_N50_T40_rep2",101,24,91.8193136701928,0
"r8_N50_T40_rep2",101,25,89.2348650212261,0
"r8_N50_T40_rep2",101,26,93.7469743940026,0
"r8_N50_T40_rep2",101,27,104.69248949588,0
"r8_N50_T40_rep2",101,28,122.776326338505,0
"r8_N50_T40_rep2",101,29,130.906968922458,0
"r8_N50_T40_rep2",101,30,124.92563849146,0
"r8_N50_T40_rep2",101,31,130.543289708176,0
"r8_N50_T40_rep2",101,32,133.623778906332,0
"r8_N50_T40_rep2",101,33,128.382757217061,0
"r8_N50_T40_rep2",101,34,125.995600278605,0
"r8_N50_T40_rep2",101,35,144.945432156376,0
"r8_N50_T40_rep2",101,36,120.358226175694,0
"r8_N50_T40_rep2",101,37,127.904831892318,0
"r8_N50_T40_rep2",101,38,155.048355821887,0
"r8_N50_T40_rep2",101,39,133.411890588339,0
"r8_N50_T40_rep2",101,40,148.537329529377,0
"r8_N50_T40_rep2",101,41,134.318138825508,0
"r8_N50_T40_rep2",101,42,154.154833485439,0
"r8_N50_T40_rep2",101,43,154.811819794097,0
"r8_N50_T40_rep2",101,44,157.994580785977,0
"r8_N50_T40_rep2",101,45,171.979286780899,0
"r8_N50_T40_rep2",101,46,171.607570009347,0
"r8_N50_T40_rep2",101,47,190.036603262854,0
"r8_N50_T40_rep2",101,48,188.460308517183,0
"r8_N50_T40_rep2",101,49,189.932047632823,0
"r8_N50_T40_rep2",101,50,183.572347574233,0
"r8_N50_T40_rep2",102,1,-5.94364787826002,0
"r8_N50_T40_rep2",102,2,-9.43874368330187,0
"r8_N50_T40_rep2",102,3,1.51090552431564,0
"r8_N50_T40_rep2",102,4,10.3360981391888,0
"r8_N50_T40_rep2",102,5,4.13269507957818,0
"r8_N50_T40_rep2",102,6,22.7914531265604,0
"r8_N50_T40_rep2",102,7,25.4428880930871,0
"r8_N50_T40_rep2",102,8,27.6532809833987,0
"r8_N50_T40_rep2",102,9,38.9189095467159,0
"r8_N50_T40_rep2",102,10,57.2374849883541,0
"r8_N50_T40_rep2",102,11,28.0208490662492,0
"r8_N50_T40_rep2",102,12,52.6149277846563,0
"r8_N50_T40_rep2",102,13,59.5503711004513,0
"r8_N50_T40_rep2",102,14,51.5840062556787,0
"r8_N50_T40_rep2",102,15,46.0048306201225,0
"r8_N50_T40_rep2",102,16,52.547959374486,0
"r8_N50_T40_rep2",102,17,78.9676095849891,0
"r8_N50_T40_rep2",102,18,88.7818301821889,0
"r8_N50_T40_rep2",102,19,82.0098106136866,0
"r8_N50_T40_rep2",102,20,66.7457764480989,0
"r8_N50_T40_rep2",102,21,58.9323174326788,0
"r8_N50_T40_rep2",102,22,52.8127891710301,0
"r8_N50_T40_rep2",102,23,79.8640534155974,0
"r8_N50_T40_rep2",102,24,102.336890920967,0
"r8_N50_T40_rep2",102,25,100.956177687144,0
"r8_N50_T40_rep2",102,26,86.6662047063201,0
"r8_N50_T40_rep2",102,27,92.5651202818208,0
"r8_N50_T40_rep2",102,28,123.433957368445,0
"r8_N50_T40_rep2",102,29,114.300103701337,0
"r8_N50_T40_rep2",102,30,117.918449560291,0
"r8_N50_T40_rep2",102,31,118.582114706243,0
"r8_N50_T40_rep2",102,32,115.666941953059,0
"r8_N50_T40_rep2",102,33,131.295145046198,0
"r8_N50_T40_rep2",102,34,134.526386632659,0
"r8_N50_T40_rep2",102,35,127.500205467293,0
"r8_N50_T40_rep2",102,36,139.891159334862,0
"r8_N50_T40_rep2",102,37,139.604198735108,0
"r8_N50_T40_rep2",102,38,148.66764041716,0
"r8_N50_T40_rep2",102,39,154.133969003183,0
"r8_N50_T40_rep2",102,40,172.123832408684,0
"r8_N50_T40_rep2",102,41,160.03983522208,0
"r8_N50_T40_rep2",102,42,156.514162546194,0
"r8_N50_T40_rep2",102,43,154.476264387522,0
"r8_N50_T40_rep2",102,44,149.632026060882,0
"r8_N50_T40_rep2",102,45,146.517073475388,0
"r8_N50_T40_rep2",102,46,155.786374576189,0
"r8_N50_T40_rep2",102,47,179.266397407603,0
"r8_N50_T40_rep2",102,48,176.289091471891,0
"r8_N50_T40_rep2",102,49,189.344243118874,0
"r8_N50_T40_rep2",102,50,193.743971380003,0
"r8_N50_T40_rep2",103,1,-2.79772884345138,0
"r8_N50_T40_rep2",103,2,-9.01310062447376,0
"r8_N50_T40_rep2",103,3,9.57899235198177,0
"r8_N50_T40_rep2",103,4,2.34796138002087,0
"r8_N50_T40_rep2",103,5,6.72053518406702,0
"r8_N50_T40_rep2",103,6,17.7421277348644,0
"r8_N50_T40_rep2",103,7,9.38286118332618,0
"r8_N50_T40_rep2",103,8,33.358631383533,0
"r8_N50_T40_rep2",103,9,36.1075485893908,0
"r8_N50_T40_rep2",103,10,39.6736213082016,0
"r8_N50_T40_rep2",103,11,34.5827936403906,0
"r8_N50_T40_rep2",103,12,48.9310891413848,0
"r8_N50_T40_rep2",103,13,58.1354232027662,0
"r8_N50_T40_rep2",103,14,45.2771468851267,0
"r8_N50_T40_rep2",103,15,36.3382680128431,0
"r8_N50_T40_rep2",103,16,49.5175573373171,0
"r8_N50_T40_rep2",103,17,77.0410324125685,0
"r8_N50_T40_rep2",103,18,95.1315242129656,0
"r8_N50_T40_rep2",103,19,77.5534069954205,0
"r8_N50_T40_rep2",103,20,71.4714887387159,0
"r8_N50_T40_rep2",103,21,63.9631700107188,0
"r8_N50_T40_rep2",103,22,67.6028814045274,0
"r8_N50_T40_rep2",103,23,71.3185944710156,0
"r8_N50_T40_rep2",103,24,95.7306889845234,0
"r8_N50_T40_rep2",103,25,93.4389928222668,0
"r8_N50_T40_rep2",103,26,91.8312884196192,0
"r8_N50_T40_rep2",103,27,93.8957533436119,0
"r8_N50_T40_rep2",103,28,98.9452586676648,0
"r8_N50_T40_rep2",103,29,101.436992225907,0
"r8_N50_T40_rep2",103,30,117.083244088983,0
"r8_N50_T40_rep2",103,31,116.180329042263,0
"r8_N50_T40_rep2",103,32,117.948210352244,0
"r8_N50_T40_rep2",103,33,118.135868677748,0
"r8_N50_T40_rep2",103,34,116.762660337371,0
"r8_N50_T40_rep2",103,35,143.360631406278,0
"r8_N50_T40_rep2",103,36,140.395319971816,0
"r8_N50_T40_rep2",103,37,135.373336570734,0
"r8_N50_T40_rep2",103,38,156.178913051715,0
"r8_N50_T40_rep2",103,39,157.370694908797,0
"r8_N50_T40_rep2",103,40,167.236091603599,0
"r8_N50_T40_rep2",103,41,163.475725388417,0
"r8_N50_T40_rep2",103,42,154.700257392456,0
"r8_N50_T40_rep2",103,43,153.468317702245,0
"r8_N50_T40_rep2",103,44,150.00857049796,0
"r8_N50_T40_rep2",103,45,141.418925844052,0
"r8_N50_T40_rep2",103,46,137.152267712842,0
"r8_N50_T40_rep2",103,47,179.823957473902,0
"r8_N50_T40_rep2",103,48,165.918277008158,0
"r8_N50_T40_rep2",103,49,193.459182339645,0
"r8_N50_T40_rep2",103,50,197.451846676108,0
"r8_N50_T40_rep2",104,1,-14.9112335744753,0
"r8_N50_T40_rep2",104,2,-14.0138202884022,0
"r8_N50_T40_rep2",104,3,14.3451998106796,0
"r8_N50_T40_rep2",104,4,5.17165058892664,0
"r8_N50_T40_rep2",104,5,16.8458245086679,0
"r8_N50_T40_rep2",104,6,28.1380887551091,0
"r8_N50_T40_rep2",104,7,17.5173312511362,0
"r8_N50_T40_rep2",104,8,19.4981984089673,0
"r8_N50_T40_rep2",104,9,27.5946082431047,0
"r8_N50_T40_rep2",104,10,43.9986070715315,0
"r8_N50_T40_rep2",104,11,32.5495495093944,0
"r8_N50_T40_rep2",104,12,38.0497489459679,0
"r8_N50_T40_rep2",104,13,60.8412036738225,0
"r8_N50_T40_rep2",104,14,66.7396378558776,0
"r8_N50_T40_rep2",104,15,47.1149396100487,0
"r8_N50_T40_rep2",104,16,56.9625483696402,0
"r8_N50_T40_rep2",104,17,98.9400812884907,0
"r8_N50_T40_rep2",104,18,79.6977954487723,0
"r8_N50_T40_rep2",104,19,77.2389561517449,0
"r8_N50_T40_rep2",104,20,84.9135186010988,0
"r8_N50_T40_rep2",104,21,68.2077943271646,0
"r8_N50_T40_rep2",104,22,62.7876876234267,0
"r8_N50_T40_rep2",104,23,57.1960394056749,0
"r8_N50_T40_rep2",104,24,95.4577503935505,0
"r8_N50_T40_rep2",104,25,106.980395454231,0
"r8_N50_T40_rep2",104,26,90.366608940737,0
"r8_N50_T40_rep2",104,27,104.19050756108,0
"r8_N50_T40_rep2",104,28,106.287799349579,0
"r8_N50_T40_rep2",104,29,101.631382900692,0
"r8_N50_T40_rep2",104,30,101.672164877823,0
"r8_N50_T40_rep2",104,31,106.66950489259,0
"r8_N50_T40_rep2",104,32,127.347246898193,0
"r8_N50_T40_rep2",104,33,114.586782251932,0
"r8_N50_T40_rep2",104,34,114.60338617773,0
"r8_N50_T40_rep2",104,35,144.838736899575,0
"r8_N50_T40_rep2",104,36,129.160850707369,0
"r8_N50_T40_rep2",104,37,127.030769391142,0
"r8_N50_T40_rep2",104,38,146.110842534739,0
"r8_N50_T40_rep2",104,39,137.136180906384,0
"r8_N50_T40_rep2",104,40,151.217266441848,0
"r8_N50_T40_rep2",104,41,174.257146977489,0
"r8_N50_T40_rep2",104,42,166.853481400583,0
"r8_N50_T40_rep2",104,43,161.088913985711,0
"r8_N50_T40_rep2",104,44,140.571765524233,0
"r8_N50_T40_rep2",104,45,153.855067914092,0
"r8_N50_T40_rep2",104,46,149.702815435301,0
"r8_N50_T40_rep2",104,47,168.236969902039,0
"r8_N50_T40_rep2",104,48,181.937803975474,0
"r8_N50_T40_rep2",104,49,197.918176388736,0
"r8_N50_T40_rep2",104,50,190.552299976817,0
"r8_N50_T40_rep2",105,1,-20.1075669324138,0
"r8_N50_T40_rep2",105,2,-3.19887501950216,0
"r8_N50_T40_rep2",105,3,19.8758519817415,0
"r8_N50_T40_rep2",105,4,7.68002982660073,0
"r8_N50_T40_rep2",105,5,14.3904055236772,0
"r8_N50_T40_rep2",105,6,28.3399847007629,0
"r8_N50_T40_rep2",105,7,6.61947526497269,0
"r8_N50_T40_rep2",105,8,17.4212577645029,0
"r8_N50_T40_rep2",105,9,37.7082807897919,0
"r8_N50_T40_rep2",105,10,53.8471608335362,0
"r8_N50_T40_rep2",105,11,38.6283526602566,0
"r8_N50_T40_rep2",105,12,42.3888576981038,0
"r8_N50_T40_rep2",105,13,60.3643673569017,0
"r8_N50_T40_rep2",105,14,74.6529931024838,0
"r8_N50_T40_rep2",105,15,40.4482417945639,0
"r8_N50_T40_rep2",105,16,34.8026133259217,0
"r8_N50_T40_rep2",105,17,64.5716892098472,0
"r8_N50_T40_rep2",105,18,59.2082505960852,0
"r8_N50_T40_rep2",105,19,89.7247432980083,0
"r8_N50_T40_rep2",105,20,84.0514086060111,0
"r8_N50_T40_rep2",105,21,82.1217513565082,0
"r8_N50_T40_rep2",105,22,75.8943601968128,0
"r8_N50_T40_rep2",105,23,84.6441808727355,0
"r8_N50_T40_rep2",105,24,101.29381963623,0
"r8_N50_T40_rep2",105,25,100.137110188398,0
"r8_N50_T40_rep2",105,26,92.1777275178911,0
"r8_N50_T40_rep2",105,27,115.585327336513,0
"r8_N50_T40_rep2",105,28,97.9906598929406,0
"r8_N50_T40_rep2",105,29,98.1226902440737,0
"r8_N50_T40_rep2",105,30,104.015223936311,0
"r8_N50_T40_rep2",105,31,108.22212386843,0
"r8_N50_T40_rep2",105,32,123.068837047159,0
"r8_N50_T40_rep2",105,33,130.07804035244,0
"r8_N50_T40_rep2",105,34,113.435375517494,0
"r8_N50_T40_rep2",105,35,133.451616673601,0
"r8_N50_T40_rep2",105,36,135.337273082383,0
"r8_N50_T40_rep2",105,37,143.568990169819,0
"r8_N50_T40_rep2",105,38,160.052810858145,0
"r8_N50_T40_rep2",105,39,154.886727945847,0
"r8_N50_T40_rep2",105,40,164.96335358062,0
"r8_N50_T40_rep2",105,41,148.280622857197,0
"r8_N50_T40_rep2",105,42,149.870531540807,0
"r8_N50_T40_rep2",105,43,155.545784197813,0
"r8_N50_T40_rep2",105,44,150.590253539277,0
"r8_N50_T40_rep2",105,45,172.12817095365,0
"r8_N50_T40_rep2",105,46,159.173347469099,0
"r8_N50_T40_rep2",105,47,170.54923311566,0
"r8_N50_T40_rep2",105,48,167.884167434097,0
"r8_N50_T40_rep2",105,49,179.378986669395,0
"r8_N50_T40_rep2",105,50,192.006201457394,0
"r8_N50_T40_rep2",106,1,-17.895711560485,0
"r8_N50_T40_rep2",106,2,-1.25322609290246,0
"r8_N50_T40_rep2",106,3,4.69496766518459,0
"r8_N50_T40_rep2",106,4,-3.54239254253022,0
"r8_N50_T40_rep2",106,5,6.87415446403687,0
"r8_N50_T40_rep2",106,6,37.4643687771474,0
"r8_N50_T40_rep2",106,7,29.204928283572,0
"r8_N50_T40_rep2",106,8,31.1248353173667,0
"r8_N50_T40_rep2",106,9,44.1677397092291,0
"r8_N50_T40_rep2",106,10,57.1885031575912,0
"r8_N50_T40_rep2",106,11,33.8982404957957,0
"r8_N50_T40_rep2",106,12,29.7937770196515,0
"r8_N50_T40_rep2",106,13,48.2172842367545,0
"r8_N50_T40_rep2",106,14,58.1978305182115,0
"r8_N50_T40_rep2",106,15,43.232873732324,0
"r8_N50_T40_rep2",106,16,53.5349235958705,0
"r8_N50_T40_rep2",106,17,92.1795760365005,0
"r8_N50_T40_rep2",106,18,84.7907704932983,0
"r8_N50_T40_rep2",106,19,89.3928943000062,0
"r8_N50_T40_rep2",106,20,75.3376365271886,0
"r8_N50_T40_rep2",106,21,62.9445110541958,0
"r8_N50_T40_rep2",106,22,64.5604743570341,0
"r8_N50_T40_rep2",106,23,72.849045205892,0
"r8_N50_T40_rep2",106,24,105.864964688186,0
"r8_N50_T40_rep2",106,25,124.628223453579,0
"r8_N50_T40_rep2",106,26,105.749247961476,0
"r8_N50_T40_rep2",106,27,91.245183401058,0
"r8_N50_T40_rep2",106,28,105.588358480228,0
"r8_N50_T40_rep2",106,29,111.925442211752,0
"r8_N50_T40_rep2",106,30,104.104256267404,0
"r8_N50_T40_rep2",106,31,126.481284089412,0
"r8_N50_T40_rep2",106,32,139.847780123292,0
"r8_N50_T40_rep2",106,33,140.366370459496,0
"r8_N50_T40_rep2",106,34,131.22413936997,0
"r8_N50_T40_rep2",106,35,140.296882579672,0
"r8_N50_T40_rep2",106,36,129.583557328309,0
"r8_N50_T40_rep2",106,37,144.032189871502,0
"r8_N50_T40_rep2",106,38,170.65268140834,0
"r8_N50_T40_rep2",106,39,142.054011740584,0
"r8_N50_T40_rep2",106,40,151.551673573708,0
"r8_N50_T40_rep2",106,41,159.773802165379,0
"r8_N50_T40_rep2",106,42,157.923040180597,0
"r8_N50_T40_rep2",106,43,135.32955538581,0
"r8_N50_T40_rep2",106,44,153.244797996232,0
"r8_N50_T40_rep2",106,45,155.24010359211,0
"r8_N50_T40_rep2",106,46,173.866564426519,0
"r8_N50_T40_rep2",106,47,183.277512615432,0
"r8_N50_T40_rep2",106,48,188.689195473816,0
"r8_N50_T40_rep2",106,49,185.553684406136,0
"r8_N50_T40_rep2",106,50,192.770781101145,0
"r8_N50_T40_rep2",107,1,-5.00077354790508,0
"r8_N50_T40_rep2",107,2,-5.42324688241833,0
"r8_N50_T40_rep2",107,3,4.80039700477349,0
"r8_N50_T40_rep2",107,4,-0.456107729240247,0
"r8_N50_T40_rep2",107,5,19.5684341360292,0
"r8_N50_T40_rep2",107,6,33.0302964033833,0
"r8_N50_T40_rep2",107,7,12.8701900379105,0
"r8_N50_T40_rep2",107,8,30.6635366754451,0
"r8_N50_T40_rep2",107,9,40.1526703414161,0
"r8_N50_T40_rep2",107,10,52.1282980190277,0
"r8_N50_T40_rep2",107,11,49.8984391646013,0
"r8_N50_T40_rep2",107,12,43.8196381223121,0
"r8_N50_T40_rep2",107,13,69.0554172083944,0
"r8_N50_T40_rep2",107,14,72.8939303295075,0
"r8_N50_T40_rep2",107,15,53.3155409811936,0
"r8_N50_T40_rep2",107,16,53.1998464995895,0
"r8_N50_T40_rep2",107,17,84.892564701065,0
"r8_N50_T40_rep2",107,18,89.6944599943157,0
"r8_N50_T40_rep2",107,19,78.6751842076961,0
"r8_N50_T40_rep2",107,20,70.1713531207106,0
"r8_N50_T40_rep2",107,21,64.6269026021812,0
"r8_N50_T40_rep2",107,22,62.0412707035216,0
"r8_N50_T40_rep2",107,23,78.0453166908474,0
"r8_N50_T40_rep2",107,24,100.483786496788,0
"r8_N50_T40_rep2",107,25,115.929170240287,0
"r8_N50_T40_rep2",107,26,101.127908660005,0
"r8_N50_T40_rep2",107,27,104.914536045758,0
"r8_N50_T40_rep2",107,28,108.793145006133,0
"r8_N50_T40_rep2",107,29,112.937488426008,0
"r8_N50_T40_rep2",107,30,110.330798247729,0
"r8_N50_T40_rep2",107,31,128.703571044097,0
"r8_N50_T40_rep2",107,32,130.56478066732,0
"r8_N50_T40_rep2",107,33,142.507054958735,0
"r8_N50_T40_rep2",107,34,135.318673511702,0
"r8_N50_T40_rep2",107,35,142.373688641925,0
"r8_N50_T40_rep2",107,36,132.189844070852,0
"r8_N50_T40_rep2",107,37,139.181856735625,0
"r8_N50_T40_rep2",107,38,163.102991069321,0
"r8_N50_T40_rep2",107,39,143.184097349925,0
"r8_N50_T40_rep2",107,40,158.93687821573,0
"r8_N50_T40_rep2",107,41,148.327690477459,0
"r8_N50_T40_rep2",107,42,151.111354579172,0
"r8_N50_T40_rep2",107,43,145.787730137784,0
"r8_N50_T40_rep2",107,44,149.940165167385,0
"r8_N50_T40_rep2",107,45,168.970685732812,0
"r8_N50_T40_rep2",107,46,182.743308071167,0
"r8_N50_T40_rep2",107,47,186.244463290439,0
"r8_N50_T40_rep2",107,48,185.740796778002,0
"r8_N50_T40_rep2",107,49,191.590994153622,0
"r8_N50_T40_rep2",107,50,193.625775804433,0
"r8_N50_T40_rep2",108,1,-5.04323198577502,0
"r8_N50_T40_rep2",108,2,-13.436939774262,0
"r8_N50_T40_rep2",108,3,17.0903890704543,0
"r8_N50_T40_rep2",108,4,6.69525493550342,0
"r8_N50_T40_rep2",108,5,16.1447528122878,0
"r8_N50_T40_rep2",108,6,29.1735219087211,0
"r8_N50_T40_rep2",108,7,16.8806792985319,0
"r8_N50_T40_rep2",108,8,12.069783652287,0
"r8_N50_T40_rep2",108,9,33.5794612611216,0
"r8_N50_T40_rep2",108,10,38.52009135927,0
"r8_N50_T40_rep2",108,11,36.902419741449,0
"r8_N50_T40_rep2",108,12,30.1532722615697,0
"r8_N50_T40_rep2",108,13,49.3201828888674,0
"r8_N50_T40_rep2",108,14,49.3739640415047,0
"r8_N50_T40_rep2",108,15,35.4211039052,0
"r8_N50_T40_rep2",108,16,51.8186810906832,0
"r8_N50_T40_rep2",108,17,74.649207158019,0
"r8_N50_T40_rep2",108,18,64.6537514942496,0
"r8_N50_T40_rep2",108,19,85.4916237308703,0
"r8_N50_T40_rep2",108,20,77.8292956812564,0
"r8_N50_T40_rep2",108,21,69.6099816396802,0
"r8_N50_T40_rep2",108,22,59.4884932444668,0
"r8_N50_T40_rep2",108,23,57.2245607769811,0
"r8_N50_T40_rep2",108,24,94.1655893640172,0
"r8_N50_T40_rep2",108,25,112.721016238818,0
"r8_N50_T40_rep2",108,26,97.3539851478124,0
"r8_N50_T40_rep2",108,27,97.5137147207851,0
"r8_N50_T40_rep2",108,28,107.814013088901,0
"r8_N50_T40_rep2",108,29,105.590587835579,0
"r8_N50_T40_rep2",108,30,110.364187986593,0
"r8_N50_T40_rep2",108,31,119.693762138213,0
"r8_N50_T40_rep2",108,32,124.914937980247,0
"r8_N50_T40_rep2",108,33,138.806383693365,0
"r8_N50_T40_rep2",108,34,130.364539875929,0
"r8_N50_T40_rep2",108,35,146.240244874809,0
"r8_N50_T40_rep2",108,36,136.325146881794,0
"r8_N50_T40_rep2",108,37,143.556769006471,0
"r8_N50_T40_rep2",108,38,161.416494895541,0
"r8_N50_T40_rep2",108,39,144.423439748802,0
"r8_N50_T40_rep2",108,40,149.380074791371,0
"r8_N50_T40_rep2",108,41,160.628401100523,0
"r8_N50_T40_rep2",108,42,152.312056388423,0
"r8_N50_T40_rep2",108,43,140.089233525464,0
"r8_N50_T40_rep2",108,44,140.396817848569,0
"r8_N50_T40_rep2",108,45,158.324294200585,0
"r8_N50_T40_rep2",108,46,157.008710055821,0
"r8_N50_T40_rep2",108,47,175.244370455234,0
"r8_N50_T40_rep2",108,48,173.506017065266,0
"r8_N50_T40_rep2",108,49,192.767776399787,0
"r8_N50_T40_rep2",108,50,190.425607620638,0
"r8_N50_T40_rep2",109,1,-9.71118218703549,0
"r8_N50_T40_rep2",109,2,-5.73012754995799,0
"r8_N50_T40_rep2",109,3,8.85273627501027,0
"r8_N50_T40_rep2",109,4,18.5603574316616,0
"r8_N50_T40_rep2",109,5,3.90539411840787,0
"r8_N50_T40_rep2",109,6,22.4342349253575,0
"r8_N50_T40_rep2",109,7,16.1798201743044,0
"r8_N50_T40_rep2",109,8,25.1287639146104,0
"r8_N50_T40_rep2",109,9,35.0645977158151,0
"r8_N50_T40_rep2",109,10,43.0401945717803,0
"r8_N50_T40_rep2",109,11,36.0141080397275,0
"r8_N50_T40_rep2",109,12,52.3330962627704,0
"r8_N50_T40_rep2",109,13,74.5848517853338,0
"r8_N50_T40_rep2",109,14,72.352925946882,0
"r8_N50_T40_rep2",109,15,44.8845164140662,0
"r8_N50_T40_rep2",109,16,65.5624579196338,0
"r8_N50_T40_rep2",109,17,98.7937753691292,0
"r8_N50_T40_rep2",109,18,94.3027480925808,0
"r8_N50_T40_rep2",109,19,99.7557603182269,0
"r8_N50_T40_rep2",109,20,91.7842987311241,0
"r8_N50_T40_rep2",109,21,62.0283357387986,0
"r8_N50_T40_rep2",109,22,56.9987999648773,0
"r8_N50_T40_rep2",109,23,73.4986733972563,0
"r8_N50_T40_rep2",109,24,101.978262242362,0
"r8_N50_T40_rep2",109,25,105.842241946083,0
"r8_N50_T40_rep2",109,26,120.338202168193,0
"r8_N50_T40_rep2",109,27,91.7099480904007,0
"r8_N50_T40_rep2",109,28,106.592346931809,0
"r8_N50_T40_rep2",109,29,109.385085984897,0
"r8_N50_T40_rep2",109,30,115.103851852782,0
"r8_N50_T40_rep2",109,31,115.225910082691,0
"r8_N50_T40_rep2",109,32,120.865711226351,0
"r8_N50_T40_rep2",109,33,142.506583170063,0
"r8_N50_T40_rep2",109,34,128.532456409536,0
"r8_N50_T40_rep2",109,35,123.515386469686,0
"r8_N50_T40_rep2",109,36,122.906193681744,0
"r8_N50_T40_rep2",109,37,135.492495618597,0
"r8_N50_T40_rep2",109,38,148.72490549924,0
"r8_N50_T40_rep2",109,39,142.080004514468,0
"r8_N50_T40_rep2",109,40,164.775051984847,0
"r8_N50_T40_rep2",109,41,166.893107645928,0
"r8_N50_T40_rep2",109,42,149.782794608972,0
"r8_N50_T40_rep2",109,43,152.256684680328,0
"r8_N50_T40_rep2",109,44,163.680981729559,0
"r8_N50_T40_rep2",109,45,169.37611139651,0
"r8_N50_T40_rep2",109,46,171.060142135365,0
"r8_N50_T40_rep2",109,47,159.753405080914,0
"r8_N50_T40_rep2",109,48,179.378580988691,0
"r8_N50_T40_rep2",109,49,180.962489922424,0
"r8_N50_T40_rep2",109,50,174.605286857806,0
"r8_N50_T40_rep2",110,1,-11.5334324071404,0
"r8_N50_T40_rep2",110,2,-10.8841159301383,0
"r8_N50_T40_rep2",110,3,8.26446551087657,0
"r8_N50_T40_rep2",110,4,1.16756744173123,0
"r8_N50_T40_rep2",110,5,2.13541722130742,0
"r8_N50_T40_rep2",110,6,41.4670250586895,0
"r8_N50_T40_rep2",110,7,18.8489252246933,0
"r8_N50_T40_rep2",110,8,9.26641214721912,0
"r8_N50_T40_rep2",110,9,33.2733338679829,0
"r8_N50_T40_rep2",110,10,56.330691732258,0
"r8_N50_T40_rep2",110,11,33.936115957012,0
"r8_N50_T40_rep2",110,12,43.1753255032479,0
"r8_N50_T40_rep2",110,13,56.7416762200148,0
"r8_N50_T40_rep2",110,14,65.4445377078047,0
"r8_N50_T40_rep2",110,15,58.503665200758,0
"r8_N50_T40_rep2",110,16,48.052554831169,0
"r8_N50_T40_rep2",110,17,77.4389232981252,0
"r8_N50_T40_rep2",110,18,79.0522205312929,0
"r8_N50_T40_rep2",110,19,94.2348846473478,0
"r8_N50_T40_rep2",110,20,76.4143972040088,0
"r8_N50_T40_rep2",110,21,84.014738353197,0
"r8_N50_T40_rep2",110,22,64.5002651173956,0
"r8_N50_T40_rep2",110,23,79.1560361787866,0
"r8_N50_T40_rep2",110,24,87.9256430704134,0
"r8_N50_T40_rep2",110,25,107.611829091278,0
"r8_N50_T40_rep2",110,26,100.064182960311,0
"r8_N50_T40_rep2",110,27,109.837941818567,0
"r8_N50_T40_rep2",110,28,110.065470025696,0
"r8_N50_T40_rep2",110,29,104.541557034202,0
"r8_N50_T40_rep2",110,30,102.11703627403,0
"r8_N50_T40_rep2",110,31,117.031710470058,0
"r8_N50_T40_rep2",110,32,120.470224741374,0
"r8_N50_T40_rep2",110,33,121.065688724109,0
"r8_N50_T40_rep2",110,34,118.081195070598,0
"r8_N50_T40_rep2",110,35,135.663078115398,0
"r8_N50_T40_rep2",110,36,127.040595960801,0
"r8_N50_T40_rep2",110,37,127.949140528818,0
"r8_N50_T40_rep2",110,38,144.359878927171,0
"r8_N50_T40_rep2",110,39,149.180475842278,0
"r8_N50_T40_rep2",110,40,155.028990934489,0
"r8_N50_T40_rep2",110,41,163.782053124085,0
"r8_N50_T40_rep2",110,42,174.821508806192,0
"r8_N50_T40_rep2",110,43,155.409409461232,0
"r8_N50_T40_rep2",110,44,154.373960428944,0
"r8_N50_T40_rep2",110,45,152.149139960354,0
"r8_N50_T40_rep2",110,46,161.37228009564,0
"r8_N50_T40_rep2",110,47,178.252446946624,0
"r8_N50_T40_rep2",110,48,179.090671539688,0
"r8_N50_T40_rep2",110,49,192.912659840702,0
"r8_N50_T40_rep2",110,50,185.094244479153,0
"r8_N50_T40_rep2",111,1,-10.8252928308425,0
"r8_N50_T40_rep2",111,2,-5.14922387327603,0
"r8_N50_T40_rep2",111,3,9.07839102377389,0
"r8_N50_T40_rep2",111,4,14.5707068695589,0
"r8_N50_T40_rep2",111,5,12.8472555542157,0
"r8_N50_T40_rep2",111,6,33.4795195627952,0
"r8_N50_T40_rep2",111,7,28.3078421954435,0
"r8_N50_T40_rep2",111,8,22.5396532540647,0
"r8_N50_T40_rep2",111,9,27.232066475731,0
"r8_N50_T40_rep2",111,10,52.891061281371,0
"r8_N50_T40_rep2",111,11,43.9540021993506,0
"r8_N50_T40_rep2",111,12,41.019138739369,0
"r8_N50_T40_rep2",111,13,54.9760231901993,0
"r8_N50_T40_rep2",111,14,69.294497175925,0
"r8_N50_T40_rep2",111,15,56.962706972302,0
"r8_N50_T40_rep2",111,16,52.6397488377844,0
"r8_N50_T40_rep2",111,17,85.8612875414645,0
"r8_N50_T40_rep2",111,18,82.6877086103414,0
"r8_N50_T40_rep2",111,19,81.8390919491424,0
"r8_N50_T40_rep2",111,20,77.2276774116939,0
"r8_N50_T40_rep2",111,21,77.4905661832021,0
"r8_N50_T40_rep2",111,22,59.7210008436151,0
"r8_N50_T40_rep2",111,23,60.931344853113,0
"r8_N50_T40_rep2",111,24,88.1833445341915,0
"r8_N50_T40_rep2",111,25,92.6561819855595,0
"r8_N50_T40_rep2",111,26,92.2848934388187,0
"r8_N50_T40_rep2",111,27,102.033966134684,0
"r8_N50_T40_rep2",111,28,126.189892317915,0
"r8_N50_T40_rep2",111,29,113.196266589238,0
"r8_N50_T40_rep2",111,30,116.420480467469,0
"r8_N50_T40_rep2",111,31,126.705891648489,0
"r8_N50_T40_rep2",111,32,121.124745863826,0
"r8_N50_T40_rep2",111,33,133.261801505241,0
"r8_N50_T40_rep2",111,34,121.021171758663,0
"r8_N50_T40_rep2",111,35,134.761988909025,0
"r8_N50_T40_rep2",111,36,132.694080902931,0
"r8_N50_T40_rep2",111,37,125.165194624662,0
"r8_N50_T40_rep2",111,38,145.764721827478,0
"r8_N50_T40_rep2",111,39,145.327342697379,0
"r8_N50_T40_rep2",111,40,159.825469647932,0
"r8_N50_T40_rep2",111,41,149.498356812787,0
"r8_N50_T40_rep2",111,42,151.771014910606,0
"r8_N50_T40_rep2",111,43,155.146607374687,0
"r8_N50_T40_rep2",111,44,145.882641588437,0
"r8_N50_T40_rep2",111,45,147.832562686252,0
"r8_N50_T40_rep2",111,46,160.105612838817,0
"r8_N50_T40_rep2",111,47,177.356068444757,0
"r8_N50_T40_rep2",111,48,181.165952247723,0
"r8_N50_T40_rep2",111,49,199.739266655659,0
"r8_N50_T40_rep2",111,50,189.746778012251,0
"r8_N50_T40_rep2",112,1,-7.86783146080009,0
"r8_N50_T40_rep2",112,2,-7.44512645151308,0
"r8_N50_T40_rep2",112,3,-0.403166826538382,0
"r8_N50_T40_rep2",112,4,4.89982872589112,0
"r8_N50_T40_rep2",112,5,7.90599578220794,0
"r8_N50_T40_rep2",112,6,17.3887417532548,0
"r8_N50_T40_rep2",112,7,19.7278795820363,0
"r8_N50_T40_rep2",112,8,26.3064901634183,0
"r8_N50_T40_rep2",112,9,34.2424697867846,0
"r8_N50_T40_rep2",112,10,45.0468530176332,0
"r8_N50_T40_rep2",112,11,38.9536725800486,0
"r8_N50_T40_rep2",112,12,46.4983690099037,0
"r8_N50_T40_rep2",112,13,61.3718665257897,0
"r8_N50_T40_rep2",112,14,72.4698714573611,0
"r8_N50_T40_rep2",112,15,48.9787440878058,0
"r8_N50_T40_rep2",112,16,63.6086682574819,0
"r8_N50_T40_rep2",112,17,85.2275638762836,0
"r8_N50_T40_rep2",112,18,97.9000106323346,0
"r8_N50_T40_rep2",112,19,82.6119582123118,0
"r8_N50_T40_rep2",112,20,70.3018285147865,0
"r8_N50_T40_rep2",112,21,65.9342827993941,0
"r8_N50_T40_rep2",112,22,60.7153157584775,0
"r8_N50_T40_rep2",112,23,82.1336040344752,0
"r8_N50_T40_rep2",112,24,91.6547123540348,0
"r8_N50_T40_rep2",112,25,98.3020779268923,0
"r8_N50_T40_rep2",112,26,99.6478548794359,0
"r8_N50_T40_rep2",112,27,105.656730657679,0
"r8_N50_T40_rep2",112,28,113.288651039223,0
"r8_N50_T40_rep2",112,29,117.966405809422,0
"r8_N50_T40_rep2",112,30,111.316668479352,0
"r8_N50_T40_rep2",112,31,132.57456834809,0
"r8_N50_T40_rep2",112,32,127.436840387837,0
"r8_N50_T40_rep2",112,33,126.258617173583,0
"r8_N50_T40_rep2",112,34,126.640359832249,0
"r8_N50_T40_rep2",112,35,136.047465611802,0
"r8_N50_T40_rep2",112,36,138.215781374664,0
"r8_N50_T40_rep2",112,37,136.234545302602,0
"r8_N50_T40_rep2",112,38,158.035729911183,0
"r8_N50_T40_rep2",112,39,143.101463573289,0
"r8_N50_T40_rep2",112,40,172.034092960694,0
"r8_N50_T40_rep2",112,41,153.788046090974,0
"r8_N50_T40_rep2",112,42,155.737478344044,0
"r8_N50_T40_rep2",112,43,151.927896935443,0
"r8_N50_T40_rep2",112,44,155.716378817936,0
"r8_N50_T40_rep2",112,45,159.664974803917,0
"r8_N50_T40_rep2",112,46,160.18335740334,0
"r8_N50_T40_rep2",112,47,184.05945582878,0
"r8_N50_T40_rep2",112,48,191.792964376617,0
"r8_N50_T40_rep2",112,49,191.471238568371,0
"r8_N50_T40_rep2",112,50,185.129848619284,0
"r8_N50_T40_rep2",113,1,-13.7089057679348,0
"r8_N50_T40_rep2",113,2,-9.88954114429911,0
"r8_N50_T40_rep2",113,3,9.80977962123881,0
"r8_N50_T40_rep2",113,4,16.0256348705719,0
"r8_N50_T40_rep2",113,5,8.35534350915246,0
"r8_N50_T40_rep2",113,6,29.3841055875205,0
"r8_N50_T40_rep2",113,7,13.8205447445227,0
"r8_N50_T40_rep2",113,8,12.265356392932,0
"r8_N50_T40_rep2",113,9,39.662559420308,0
"r8_N50_T40_rep2",113,10,42.1611719124955,0
"r8_N50_T40_rep2",113,11,43.593989324793,0
"r8_N50_T40_rep2",113,12,50.5916936039848,0
"r8_N50_T40_rep2",113,13,59.8669032912515,0
"r8_N50_T40_rep2",113,14,61.9613553111623,0
"r8_N50_T40_rep2",113,15,42.0040842954299,0
"r8_N50_T40_rep2",113,16,41.8298749726711,0
"r8_N50_T40_rep2",113,17,71.8538167830493,0
"r8_N50_T40_rep2",113,18,86.5480699054831,0
"r8_N50_T40_rep2",113,19,95.0585306905381,0
"r8_N50_T40_rep2",113,20,73.5031078015475,0
"r8_N50_T40_rep2",113,21,72.4918477157165,0
"r8_N50_T40_rep2",113,22,52.4268450724107,0
"r8_N50_T40_rep2",113,23,67.5067720339104,0
"r8_N50_T40_rep2",113,24,100.948066538585,0
"r8_N50_T40_rep2",113,25,111.273337561047,0
"r8_N50_T40_rep2",113,26,105.40329583747,0
"r8_N50_T40_rep2",113,27,108.218667996561,0
"r8_N50_T40_rep2",113,28,102.601838424126,0
"r8_N50_T40_rep2",113,29,102.648431076309,0
"r8_N50_T40_rep2",113,30,98.1143046450885,0
"r8_N50_T40_rep2",113,31,119.252277341435,0
"r8_N50_T40_rep2",113,32,126.740700970964,0
"r8_N50_T40_rep2",113,33,139.157331018487,0
"r8_N50_T40_rep2",113,34,125.882301267568,0
"r8_N50_T40_rep2",113,35,138.679439443459,0
"r8_N50_T40_rep2",113,36,127.76692321286,0
"r8_N50_T40_rep2",113,37,155.672043557562,0
"r8_N50_T40_rep2",113,38,160.486506464711,0
"r8_N50_T40_rep2",113,39,162.648249578347,0
"r8_N50_T40_rep2",113,40,160.890685075579,0
"r8_N50_T40_rep2",113,41,161.835145002441,0
"r8_N50_T40_rep2",113,42,150.909418558171,0
"r8_N50_T40_rep2",113,43,147.76176494243,0
"r8_N50_T40_rep2",113,44,145.626084807574,0
"r8_N50_T40_rep2",113,45,165.238111250568,0
"r8_N50_T40_rep2",113,46,178.874070676412,0
"r8_N50_T40_rep2",113,47,185.074422104955,0
"r8_N50_T40_rep2",113,48,176.410836397872,0
"r8_N50_T40_rep2",113,49,191.70839953839,0
"r8_N50_T40_rep2",113,50,206.25243740725,0
"r8_N50_T40_rep2",114,1,-17.4821748124845,0
"r8_N50_T40_rep2",114,2,-1.01825888064595,0
"r8_N50_T40_rep2",114,3,11.9957908534706,0
"r8_N50_T40_rep2",114,4,8.29480251302916,0
"r8_N50_T40_rep2",114,5,8.94806140842154,0
"r8_N50_T40_rep2",114,6,20.0843234266068,0
"r8_N50_T40_rep2",114,7,10.2383472298452,0
"r8_N50_T40_rep2",114,8,15.796729206713,0
"r8_N50_T40_rep2",114,9,31.8411898615901,0
"r8_N50_T40_rep2",114,10,40.4308740885629,0
"r8_N50_T40_rep2",114,11,38.7502511080833,0
"r8_N50_T40_rep2",114,12,47.7311008756374,0
"r8_N50_T40_rep2",114,13,61.379498009035,0
"r8_N50_T40_rep2",114,14,57.7221363375512,0
"r8_N50_T40_rep2",114,15,47.7672724221021,0
"r8_N50_T40_rep2",114,16,51.8491370774832,0
"r8_N50_T40_rep2",114,17,76.9648103333468,0
"r8_N50_T40_rep2",114,18,83.9004824350404,0
"r8_N50_T40_rep2",114,19,87.8501967793853,0
"r8_N50_T40_rep2",114,20,80.8578309344513,0
"r8_N50_T40_rep2",114,21,64.3203401672922,0
"r8_N50_T40_rep2",114,22,52.4756258603486,0
"r8_N50_T40_rep2",114,23,76.5625149692196,0
"r8_N50_T40_rep2",114,24,99.4764231658686,0
"r8_N50_T40_rep2",114,25,100.130712199888,0
"r8_N50_T40_rep2",114,26,101.358308260068,0
"r8_N50_T40_rep2",114,27,99.1017614424031,0
"r8_N50_T40_rep2",114,28,107.331529323921,0
"r8_N50_T40_rep2",114,29,98.2836897851935,0
"r8_N50_T40_rep2",114,30,114.723413982045,0
"r8_N50_T40_rep2",114,31,114.558095956954,0
"r8_N50_T40_rep2",114,32,129.963103087029,0
"r8_N50_T40_rep2",114,33,145.214615382547,0
"r8_N50_T40_rep2",114,34,122.390888608638,0
"r8_N50_T40_rep2",114,35,129.37849515244,0
"r8_N50_T40_rep2",114,36,141.906278148818,0
"r8_N50_T40_rep2",114,37,141.376651619852,0
"r8_N50_T40_rep2",114,38,155.321009639189,0
"r8_N50_T40_rep2",114,39,154.8871048791,0
"r8_N50_T40_rep2",114,40,166.108007886703,0
"r8_N50_T40_rep2",114,41,163.462781078934,0
"r8_N50_T40_rep2",114,42,148.046361938948,0
"r8_N50_T40_rep2",114,43,149.431329490458,0
"r8_N50_T40_rep2",114,44,159.096565785091,0
"r8_N50_T40_rep2",114,45,166.463780621577,0
"r8_N50_T40_rep2",114,46,161.498331134927,0
"r8_N50_T40_rep2",114,47,180.27154104156,0
"r8_N50_T40_rep2",114,48,172.174056980984,0
"r8_N50_T40_rep2",114,49,192.671243905193,0
"r8_N50_T40_rep2",114,50,204.078734907807,0
"r8_N50_T40_rep2",115,1,-16.6930057736119,0
"r8_N50_T40_rep2",115,2,-9.61545318557617,0
"r8_N50_T40_rep2",115,3,-1.69785942746522,0
"r8_N50_T40_rep2",115,4,15.4704198397402,0
"r8_N50_T40_rep2",115,5,11.7975558393368,0
"r8_N50_T40_rep2",115,6,33.3954485865599,0
"r8_N50_T40_rep2",115,7,20.9646583980534,0
"r8_N50_T40_rep2",115,8,30.6287395448988,0
"r8_N50_T40_rep2",115,9,52.4729362582181,0
"r8_N50_T40_rep2",115,10,43.3289209409182,0
"r8_N50_T40_rep2",115,11,22.492117772107,0
"r8_N50_T40_rep2",115,12,38.7529993607071,0
"r8_N50_T40_rep2",115,13,75.8421284180489,0
"r8_N50_T40_rep2",115,14,57.933826489098,0
"r8_N50_T40_rep2",115,15,42.7475539612231,0
"r8_N50_T40_rep2",115,16,50.215844350226,0
"r8_N50_T40_rep2",115,17,93.1592569888222,0
"r8_N50_T40_rep2",115,18,89.0881305710486,0
"r8_N50_T40_rep2",115,19,89.2005899206156,0
"r8_N50_T40_rep2",115,20,64.1063868938314,0
"r8_N50_T40_rep2",115,21,61.8578029539364,0
"r8_N50_T40_rep2",115,22,69.827141454725,0
"r8_N50_T40_rep2",115,23,79.7995659317486,0
"r8_N50_T40_rep2",115,24,112.30432332133,0
"r8_N50_T40_rep2",115,25,116.91590118062,0
"r8_N50_T40_rep2",115,26,97.0390254163343,0
"r8_N50_T40_rep2",115,27,85.4837820062154,0
"r8_N50_T40_rep2",115,28,104.35264919322,0
"r8_N50_T40_rep2",115,29,105.845251400867,0
"r8_N50_T40_rep2",115,30,119.637722529885,0
"r8_N50_T40_rep2",115,31,113.68944895003,0
"r8_N50_T40_rep2",115,32,134.824043843858,0
"r8_N50_T40_rep2",115,33,143.011209329331,0
"r8_N50_T40_rep2",115,34,127.820472556631,0
"r8_N50_T40_rep2",115,35,144.682166428265,0
"r8_N50_T40_rep2",115,36,147.425698990942,0
"r8_N50_T40_rep2",115,37,159.25816380539,0
"r8_N50_T40_rep2",115,38,165.990560404984,0
"r8_N50_T40_rep2",115,39,149.822847681673,0
"r8_N50_T40_rep2",115,40,162.532180268548,0
"r8_N50_T40_rep2",115,41,156.349820272634,0
"r8_N50_T40_rep2",115,42,151.619276405332,0
"r8_N50_T40_rep2",115,43,141.039866339707,0
"r8_N50_T40_rep2",115,44,159.367299699602,0
"r8_N50_T40_rep2",115,45,157.344488915534,0
"r8_N50_T40_rep2",115,46,164.188120584792,0
"r8_N50_T40_rep2",115,47,171.221111368002,0
"r8_N50_T40_rep2",115,48,183.463699302084,0
"r8_N50_T40_rep2",115,49,171.677197470427,0
"r8_N50_T40_rep2",115,50,198.027446437628,0
"r8_N50_T40_rep2",116,1,-13.9946724978032,0
"r8_N50_T40_rep2",116,2,-5.91674139116279,0
"r8_N50_T40_rep2",116,3,16.9719739891367,0
"r8_N50_T40_rep2",116,4,6.83389052553563,0
"r8_N50_T40_rep2",116,5,6.95532507108219,0
"r8_N50_T40_rep2",116,6,31.8097111475903,0
"r8_N50_T40_rep2",116,7,17.9800882159416,0
"r8_N50_T40_rep2",116,8,20.025673030007,0
"r8_N50_T40_rep2",116,9,39.7156334929139,0
"r8_N50_T40_rep2",116,10,52.6160344735013,0
"r8_N50_T40_rep2",116,11,33.0562849994725,0
"r8_N50_T40_rep2",116,12,46.377573176824,0
"r8_N50_T40_rep2",116,13,55.9968864093805,0
"r8_N50_T40_rep2",116,14,62.5837789935262,0
"r8_N50_T40_rep2",116,15,42.7093190485396,0
"r8_N50_T40_rep2",116,16,52.7015899185511,0
"r8_N50_T40_rep2",116,17,77.5908438741268,0
"r8_N50_T40_rep2",116,18,78.1526340624557,0
"r8_N50_T40_rep2",116,19,90.7893396350004,0
"r8_N50_T40_rep2",116,20,84.6973453158775,0
"r8_N50_T40_rep2",116,21,75.1155145861959,0
"r8_N50_T40_rep2",116,22,57.5593356559415,0
"r8_N50_T40_rep2",116,23,82.2734717323595,0
"r8_N50_T40_rep2",116,24,96.1976011129495,0
"r8_N50_T40_rep2",116,25,102.77763529602,0
"r8_N50_T40_rep2",116,26,91.7927125331421,0
"r8_N50_T40_rep2",116,27,107.476529839848,0
"r8_N50_T40_rep2",116,28,109.139845764589,0
"r8_N50_T40_rep2",116,29,113.739665327342,0
"r8_N50_T40_rep2",116,30,118.630524597727,0
"r8_N50_T40_rep2",116,31,126.988326106552,0
"r8_N50_T40_rep2",116,32,126.47945553208,0
"r8_N50_T40_rep2",116,33,132.363092900221,0
"r8_N50_T40_rep2",116,34,119.270430015642,0
"r8_N50_T40_rep2",116,35,133.059728532879,0
"r8_N50_T40_rep2",116,36,138.111539744504,0
"r8_N50_T40_rep2",116,37,143.671779734696,0
"r8_N50_T40_rep2",116,38,151.886580852738,0
"r8_N50_T40_rep2",116,39,146.969804431505,0
"r8_N50_T40_rep2",116,40,166.854573444256,0
"r8_N50_T40_rep2",116,41,150.043384021981,0
"r8_N50_T40_rep2",116,42,143.793233369739,0
"r8_N50_T40_rep2",116,43,150.528972301929,0
"r8_N50_T40_rep2",116,44,151.444990468967,0
"r8_N50_T40_rep2",116,45,152.418737807792,0
"r8_N50_T40_rep2",116,46,160.513706818031,0
"r8_N50_T40_rep2",116,47,187.783429808945,0
"r8_N50_T40_rep2",116,48,178.532459752695,0
"r8_N50_T40_rep2",116,49,183.571165183415,0
"r8_N50_T40_rep2",116,50,192.675528523145,0
"r8_N50_T40_rep2",117,1,-1.36661599443533,0
"r8_N50_T40_rep2",117,2,-13.5095032539338,0
"r8_N50_T40_rep2",117,3,16.1758942561446,0
"r8_N50_T40_rep2",117,4,20.2699550965268,0
"r8_N50_T40_rep2",117,5,15.5974302633691,0
"r8_N50_T40_rep2",117,6,28.5554751416588,0
"r8_N50_T40_rep2",117,7,12.4623068461255,0
"r8_N50_T40_rep2",117,8,12.9323475239197,0
"r8_N50_T40_rep2",117,9,23.376080304693,0
"r8_N50_T40_rep2",117,10,36.3235173087814,0
"r8_N50_T40_rep2",117,11,44.7640469486787,0
"r8_N50_T40_rep2",117,12,47.3479794560858,0
"r8_N50_T40_rep2",117,13,66.3269276469087,0
"r8_N50_T40_rep2",117,14,74.3344042926462,0
"r8_N50_T40_rep2",117,15,58.9387911998679,0
"r8_N50_T40_rep2",117,16,60.4622072260924,0
"r8_N50_T40_rep2",117,17,80.4476013975166,0
"r8_N50_T40_rep2",117,18,73.4319847979444,0
"r8_N50_T40_rep2",117,19,83.3415559727521,0
"r8_N50_T40_rep2",117,20,72.163817215884,0
"r8_N50_T40_rep2",117,21,77.3377219619812,0
"r8_N50_T40_rep2",117,22,50.7638814377414,0
"r8_N50_T40_rep2",117,23,83.1614634783812,0
"r8_N50_T40_rep2",117,24,96.9026451830473,0
"r8_N50_T40_rep2",117,25,97.4731875113476,0
"r8_N50_T40_rep2",117,26,100.012451124347,0
"r8_N50_T40_rep2",117,27,113.37769549651,0
"r8_N50_T40_rep2",117,28,119.165971055137,0
"r8_N50_T40_rep2",117,29,120.195406339354,0
"r8_N50_T40_rep2",117,30,109.209963868416,0
"r8_N50_T40_rep2",117,31,119.166448072705,0
"r8_N50_T40_rep2",117,32,128.922532602622,0
"r8_N50_T40_rep2",117,33,140.30990631847,0
"r8_N50_T40_rep2",117,34,136.500189115475,0
"r8_N50_T40_rep2",117,35,136.49224243225,0
"r8_N50_T40_rep2",117,36,128.156403789034,0
"r8_N50_T40_rep2",117,37,141.920484242121,0
"r8_N50_T40_rep2",117,38,160.095180728542,0
"r8_N50_T40_rep2",117,39,139.718710581568,0
"r8_N50_T40_rep2",117,40,157.528847769071,0
"r8_N50_T40_rep2",117,41,143.029981413441,0
"r8_N50_T40_rep2",117,42,145.534219160437,0
"r8_N50_T40_rep2",117,43,163.637067596705,0
"r8_N50_T40_rep2",117,44,161.356272049076,0
"r8_N50_T40_rep2",117,45,179.102864328657,0
"r8_N50_T40_rep2",117,46,169.154650474698,0
"r8_N50_T40_rep2",117,47,179.589157838148,0
"r8_N50_T40_rep2",117,48,188.510845753122,0
"r8_N50_T40_rep2",117,49,200.183074571169,0
"r8_N50_T40_rep2",117,50,181.683785902248,0
"r8_N50_T40_rep2",118,1,-16.9759635232718,0
"r8_N50_T40_rep2",118,2,-16.5969300230233,0
"r8_N50_T40_rep2",118,3,20.6174506029512,0
"r8_N50_T40_rep2",118,4,1.81738408078054,0
"r8_N50_T40_rep2",118,5,2.87178118312037,0
"r8_N50_T40_rep2",118,6,19.3872739204873,0
"r8_N50_T40_rep2",118,7,16.3397910941504,0
"r8_N50_T40_rep2",118,8,20.4692715166557,0
"r8_N50_T40_rep2",118,9,43.8660864098499,0
"r8_N50_T40_rep2",118,10,48.3479312863768,0
"r8_N50_T40_rep2",118,11,33.2618618491628,0
"r8_N50_T40_rep2",118,12,37.9826184471309,0
"r8_N50_T40_rep2",118,13,75.8003300823875,0
"r8_N50_T40_rep2",118,14,56.8298185202212,0
"r8_N50_T40_rep2",118,15,37.2837463024054,0
"r8_N50_T40_rep2",118,16,46.5178602343625,0
"r8_N50_T40_rep2",118,17,92.9448300526138,0
"r8_N50_T40_rep2",118,18,77.8994531398684,0
"r8_N50_T40_rep2",118,19,87.4224296834423,0
"r8_N50_T40_rep2",118,20,87.0100377004736,0
"r8_N50_T40_rep2",118,21,80.0849462982043,0
"r8_N50_T40_rep2",118,22,64.9100623822863,0
"r8_N50_T40_rep2",118,23,70.080924027925,0
"r8_N50_T40_rep2",118,24,110.54191478441,0
"r8_N50_T40_rep2",118,25,113.674798303139,0
"r8_N50_T40_rep2",118,26,105.125428783922,0
"r8_N50_T40_rep2",118,27,105.64299138511,0
"r8_N50_T40_rep2",118,28,111.018890377155,0
"r8_N50_T40_rep2",118,29,103.725964901601,0
"r8_N50_T40_rep2",118,30,106.291631751085,0
"r8_N50_T40_rep2",118,31,107.031738088256,0
"r8_N50_T40_rep2",118,32,116.354983716644,0
"r8_N50_T40_rep2",118,33,114.445562552846,0
"r8_N50_T40_rep2",118,34,124.096786102037,0
"r8_N50_T40_rep2",118,35,124.29539479614,0
"r8_N50_T40_rep2",118,36,128.41771238732,0
"r8_N50_T40_rep2",118,37,136.551985951403,0
"r8_N50_T40_rep2",118,38,150.576316673485,0
"r8_N50_T40_rep2",118,39,147.718617408024,0
"r8_N50_T40_rep2",118,40,168.680422902928,0
"r8_N50_T40_rep2",118,41,176.78358800637,0
"r8_N50_T40_rep2",118,42,159.875138584777,0
"r8_N50_T40_rep2",118,43,151.922109835851,0
"r8_N50_T40_rep2",118,44,147.969815585116,0
"r8_N50_T40_rep2",118,45,150.142073831146,0
"r8_N50_T40_rep2",118,46,151.952832894466,0
"r8_N50_T40_rep2",118,47,177.747126930302,0
"r8_N50_T40_rep2",118,48,172.470335059722,0
"r8_N50_T40_rep2",118,49,189.318190577222,0
"r8_N50_T40_rep2",118,50,192.114928082008,0
"r8_N50_T40_rep2",119,1,1.62613047085251,0
"r8_N50_T40_rep2",119,2,-7.06021525015452,0
"r8_N50_T40_rep2",119,3,9.2689149147827,0
"r8_N50_T40_rep2",119,4,6.40868181451378,0
"r8_N50_T40_rep2",119,5,14.7107890776743,0
"r8_N50_T40_rep2",119,6,31.1538081195722,0
"r8_N50_T40_rep2",119,7,6.42349766815471,0
"r8_N50_T40_rep2",119,8,18.1514569187367,0
"r8_N50_T40_rep2",119,9,22.1290387568145,0
"r8_N50_T40_rep2",119,10,52.3088736546174,0
"r8_N50_T40_rep2",119,11,39.965413646239,0
"r8_N50_T40_rep2",119,12,63.0245141434683,0
"r8_N50_T40_rep2",119,13,82.7491634198727,0
"r8_N50_T40_rep2",119,14,77.1611916800603,0
"r8_N50_T40_rep2",119,15,61.6193294452246,0
"r8_N50_T40_rep2",119,16,45.0450379910079,0
"r8_N50_T40_rep2",119,17,75.225916864068,0
"r8_N50_T40_rep2",119,18,85.677123659405,0
"r8_N50_T40_rep2",119,19,90.0199274583256,0
"r8_N50_T40_rep2",119,20,76.7867989425833,0
"r8_N50_T40_rep2",119,21,75.8132801588075,0
"r8_N50_T40_rep2",119,22,69.8655407258887,0
"r8_N50_T40_rep2",119,23,99.0473920230887,0
"r8_N50_T40_rep2",119,24,105.579626693849,0
"r8_N50_T40_rep2",119,25,105.697742422357,0
"r8_N50_T40_rep2",119,26,102.815117627916,0
"r8_N50_T40_rep2",119,27,113.001009666083,0
"r8_N50_T40_rep2",119,28,111.991658268143,0
"r8_N50_T40_rep2",119,29,117.402077206257,0
"r8_N50_T40_rep2",119,30,118.232348102414,0
"r8_N50_T40_rep2",119,31,120.256320702005,0
"r8_N50_T40_rep2",119,32,126.265858216181,0
"r8_N50_T40_rep2",119,33,126.812847077368,0
"r8_N50_T40_rep2",119,34,125.218478578195,0
"r8_N50_T40_rep2",119,35,136.155658451105,0
"r8_N50_T40_rep2",119,36,127.993750710651,0
"r8_N50_T40_rep2",119,37,143.899138732219,0
"r8_N50_T40_rep2",119,38,152.757260707413,0
"r8_N50_T40_rep2",119,39,143.910148835358,0
"r8_N50_T40_rep2",119,40,167.884755429129,0
"r8_N50_T40_rep2",119,41,147.2912244067,0
"r8_N50_T40_rep2",119,42,160.069617856959,0
"r8_N50_T40_rep2",119,43,161.663034908197,0
"r8_N50_T40_rep2",119,44,160.597870259933,0
"r8_N50_T40_rep2",119,45,168.474377192385,0
"r8_N50_T40_rep2",119,46,167.211447489913,0
"r8_N50_T40_rep2",119,47,179.402792565984,0
"r8_N50_T40_rep2",119,48,181.189433564981,0
"r8_N50_T40_rep2",119,49,190.287973149853,0
"r8_N50_T40_rep2",119,50,197.005065386641,0
"r8_N50_T40_rep2",120,1,-23.2987751516568,0
"r8_N50_T40_rep2",120,2,-0.749103778082674,0
"r8_N50_T40_rep2",120,3,3.80068335879439,0
"r8_N50_T40_rep2",120,4,-2.86042861288047,0
"r8_N50_T40_rep2",120,5,3.09531851911753,0
"r8_N50_T40_rep2",120,6,30.89012679512,0
"r8_N50_T40_rep2",120,7,6.07298364114386,0
"r8_N50_T40_rep2",120,8,19.1540437160519,0
"r8_N50_T40_rep2",120,9,33.3026271212914,0
"r8_N50_T40_rep2",120,10,59.7877984011008,0
"r8_N50_T40_rep2",120,11,54.7722253532314,0
"r8_N50_T40_rep2",120,12,59.7158748981589,0
"r8_N50_T40_rep2",120,13,68.7163338232654,0
"r8_N50_T40_rep2",120,14,74.7822496329551,0
"r8_N50_T40_rep2",120,15,67.2325979929165,0
"r8_N50_T40_rep2",120,16,55.9596723646263,0
"r8_N50_T40_rep2",120,17,94.3705357514668,0
"r8_N50_T40_rep2",120,18,84.6704641714951,0
"r8_N50_T40_rep2",120,19,80.9232515183814,0
"r8_N50_T40_rep2",120,20,79.4467534197448,0
"r8_N50_T40_rep2",120,21,72.1290670760399,0
"r8_N50_T40_rep2",120,22,68.8149731973358,0
"r8_N50_T40_rep2",120,23,76.4106187400188,0
"r8_N50_T40_rep2",120,24,107.201452118788,0
"r8_N50_T40_rep2",120,25,127.436688562019,0
"r8_N50_T40_rep2",120,26,107.38807187816,0
"r8_N50_T40_rep2",120,27,112.714592406728,0
"r8_N50_T40_rep2",120,28,109.324697134528,0
"r8_N50_T40_rep2",120,29,99.257823740399,0
"r8_N50_T40_rep2",120,30,91.7722213182182,0
"r8_N50_T40_rep2",120,31,113.819869675934,0
"r8_N50_T40_rep2",120,32,127.435617958671,0
"r8_N50_T40_rep2",120,33,114.859993520797,0
"r8_N50_T40_rep2",120,34,122.78448647557,0
"r8_N50_T40_rep2",120,35,135.219271406158,0
"r8_N50_T40_rep2",120,36,117.692319376291,0
"r8_N50_T40_rep2",120,37,140.534368173674,0
"r8_N50_T40_rep2",120,38,148.764045570191,0
"r8_N50_T40_rep2",120,39,160.299646789003,0
"r8_N50_T40_rep2",120,40,161.539083312677,0
"r8_N50_T40_rep2",120,41,162.972674795061,0
"r8_N50_T40_rep2",120,42,171.683656087682,0
"r8_N50_T40_rep2",120,43,158.177827580743,0
"r8_N50_T40_rep2",120,44,144.729095229118,0
"r8_N50_T40_rep2",120,45,161.431111023136,0
"r8_N50_T40_rep2",120,46,182.504706857052,0
"r8_N50_T40_rep2",120,47,186.647164162236,0
"r8_N50_T40_rep2",120,48,182.902350441505,0
"r8_N50_T40_rep2",120,49,195.014111731671,0
"r8_N50_T40_rep2",120,50,199.435292159974,0
"r8_N50_T40_rep2",121,1,-8.73679389309611,0
"r8_N50_T40_rep2",121,2,-13.9970016124647,0
"r8_N50_T40_rep2",121,3,-3.76125498646626,0
"r8_N50_T40_rep2",121,4,7.83827121215917,0
"r8_N50_T40_rep2",121,5,0.666131572142154,0
"r8_N50_T40_rep2",121,6,27.2684101215333,0
"r8_N50_T40_rep2",121,7,15.512023862256,0
"r8_N50_T40_rep2",121,8,19.3775658235634,0
"r8_N50_T40_rep2",121,9,32.268456004035,0
"r8_N50_T40_rep2",121,10,52.0294578490368,0
"r8_N50_T40_rep2",121,11,51.6690444884234,0
"r8_N50_T40_rep2",121,12,51.7417942774505,0
"r8_N50_T40_rep2",121,13,61.2853928657723,0
"r8_N50_T40_rep2",121,14,76.553449119299,0
"r8_N50_T40_rep2",121,15,64.2812672505335,0
"r8_N50_T40_rep2",121,16,62.1438156329173,0
"r8_N50_T40_rep2",121,17,81.9946424070614,0
"r8_N50_T40_rep2",121,18,90.1989386550826,0
"r8_N50_T40_rep2",121,19,80.7523498193745,0
"r8_N50_T40_rep2",121,20,74.7622286937406,0
"r8_N50_T40_rep2",121,21,76.1595943730314,0
"r8_N50_T40_rep2",121,22,66.5601752905137,0
"r8_N50_T40_rep2",121,23,73.6481995021154,0
"r8_N50_T40_rep2",121,24,90.3384271984675,0
"r8_N50_T40_rep2",121,25,103.301518815269,0
"r8_N50_T40_rep2",121,26,85.4708274494643,0
"r8_N50_T40_rep2",121,27,112.072534502569,0
"r8_N50_T40_rep2",121,28,112.162984024558,0
"r8_N50_T40_rep2",121,29,114.517181241891,0
"r8_N50_T40_rep2",121,30,112.488855679964,0
"r8_N50_T40_rep2",121,31,125.919332925159,0
"r8_N50_T40_rep2",121,32,137.870707156582,0
"r8_N50_T40_rep2",121,33,131.060091761154,0
"r8_N50_T40_rep2",121,34,126.075117239127,0
"r8_N50_T40_rep2",121,35,130.247027089013,0
"r8_N50_T40_rep2",121,36,121.532522253579,0
"r8_N50_T40_rep2",121,37,121.401942602951,0
"r8_N50_T40_rep2",121,38,153.190914064219,0
"r8_N50_T40_rep2",121,39,149.347130145024,0
"r8_N50_T40_rep2",121,40,157.097755687174,0
"r8_N50_T40_rep2",121,41,142.154980949363,0
"r8_N50_T40_rep2",121,42,151.793812664309,0
"r8_N50_T40_rep2",121,43,149.722098322164,0
"r8_N50_T40_rep2",121,44,159.918337085376,0
"r8_N50_T40_rep2",121,45,166.998977448721,0
"r8_N50_T40_rep2",121,46,176.078192470052,0
"r8_N50_T40_rep2",121,47,184.35238717854,0
"r8_N50_T40_rep2",121,48,194.509598952358,0
"r8_N50_T40_rep2",121,49,203.092682019381,0
"r8_N50_T40_rep2",121,50,190.186215391379,0
"r8_N50_T40_rep2",122,1,-11.4660551422867,0
"r8_N50_T40_rep2",122,2,-20.1576797078251,0
"r8_N50_T40_rep2",122,3,0.675953658595105,0
"r8_N50_T40_rep2",122,4,-10.6078491406593,0
"r8_N50_T40_rep2",122,5,-3.23607954355106,0
"r8_N50_T40_rep2",122,6,28.1928975593102,0
"r8_N50_T40_rep2",122,7,11.1010994515319,0
"r8_N50_T40_rep2",122,8,18.903164805969,0
"r8_N50_T40_rep2",122,9,42.9453312998707,0
"r8_N50_T40_rep2",122,10,57.9790218652099,0
"r8_N50_T40_rep2",122,11,50.601365368219,0
"r8_N50_T40_rep2",122,12,60.4000863972714,0
"r8_N50_T40_rep2",122,13,85.886479165566,0
"r8_N50_T40_rep2",122,14,72.1365414659762,0
"r8_N50_T40_rep2",122,15,59.5446352490981,0
"r8_N50_T40_rep2",122,16,53.3250165092347,0
"r8_N50_T40_rep2",122,17,96.1859873034603,0
"r8_N50_T40_rep2",122,18,93.5833065155404,0
"r8_N50_T40_rep2",122,19,92.8975736535998,0
"r8_N50_T40_rep2",122,20,85.55053375123,0
"r8_N50_T40_rep2",122,21,81.7587369697718,0
"r8_N50_T40_rep2",122,22,69.7717766271037,0
"r8_N50_T40_rep2",122,23,95.2134032778378,0
"r8_N50_T40_rep2",122,24,103.030439480104,0
"r8_N50_T40_rep2",122,25,113.400764318902,0
"r8_N50_T40_rep2",122,26,104.716638048546,0
"r8_N50_T40_rep2",122,27,107.425111273599,0
"r8_N50_T40_rep2",122,28,110.765528884373,0
"r8_N50_T40_rep2",122,29,114.371711291172,0
"r8_N50_T40_rep2",122,30,111.76148787803,0
"r8_N50_T40_rep2",122,31,121.499306060433,0
"r8_N50_T40_rep2",122,32,116.669857855493,0
"r8_N50_T40_rep2",122,33,109.938851496302,0
"r8_N50_T40_rep2",122,34,109.859978545341,0
"r8_N50_T40_rep2",122,35,124.38569033364,0
"r8_N50_T40_rep2",122,36,134.727244904533,0
"r8_N50_T40_rep2",122,37,130.268465969371,0
"r8_N50_T40_rep2",122,38,142.921824338341,0
"r8_N50_T40_rep2",122,39,162.563105127896,0
"r8_N50_T40_rep2",122,40,171.453547310575,0
"r8_N50_T40_rep2",122,41,152.786599479658,0
"r8_N50_T40_rep2",122,42,167.158778243303,0
"r8_N50_T40_rep2",122,43,161.612048123438,0
"r8_N50_T40_rep2",122,44,151.275838821777,0
"r8_N50_T40_rep2",122,45,157.779515498319,0
"r8_N50_T40_rep2",122,46,162.97686273426,0
"r8_N50_T40_rep2",122,47,182.529884315377,0
"r8_N50_T40_rep2",122,48,181.613769507355,0
"r8_N50_T40_rep2",122,49,188.269339969992,0
"r8_N50_T40_rep2",122,50,204.84619369377,0
"r8_N50_T40_rep2",123,1,-15.2580732067836,0
"r8_N50_T40_rep2",123,2,-6.77295939653859,0
"r8_N50_T40_rep2",123,3,20.6476045799961,0
"r8_N50_T40_rep2",123,4,17.2171175038729,0
"r8_N50_T40_rep2",123,5,5.76888911188392,0
"r8_N50_T40_rep2",123,6,14.967194792446,0
"r8_N50_T40_rep2",123,7,3.31031345067808,0
"r8_N50_T40_rep2",123,8,13.2232372017077,0
"r8_N50_T40_rep2",123,9,31.5066208223275,0
"r8_N50_T40_rep2",123,10,45.4126068526406,0
"r8_N50_T40_rep2",123,11,46.198296140387,0
"r8_N50_T40_rep2",123,12,51.1801297313331,0
"r8_N50_T40_rep2",123,13,70.7014988125498,0
"r8_N50_T40_rep2",123,14,83.6320460014453,0
"r8_N50_T40_rep2",123,15,58.6248801671325,0
"r8_N50_T40_rep2",123,16,59.2002626056351,0
"r8_N50_T40_rep2",123,17,81.2027515125997,0
"r8_N50_T40_rep2",123,18,62.5072605138458,0
"r8_N50_T40_rep2",123,19,95.6079870689213,0
"r8_N50_T40_rep2",123,20,83.2585969961568,0
"r8_N50_T40_rep2",123,21,78.8043391689266,0
"r8_N50_T40_rep2",123,22,55.953049931289,0
"r8_N50_T40_rep2",123,23,73.9849271787698,0
"r8_N50_T40_rep2",123,24,101.66113644331,0
"r8_N50_T40_rep2",123,25,108.5978981391,0
"r8_N50_T40_rep2",123,26,108.590895394842,0
"r8_N50_T40_rep2",123,27,103.910353425272,0
"r8_N50_T40_rep2",123,28,119.286769155585,0
"r8_N50_T40_rep2",123,29,112.212415054657,0
"r8_N50_T40_rep2",123,30,99.501602838976,0
"r8_N50_T40_rep2",123,31,112.985404655529,0
"r8_N50_T40_rep2",123,32,117.888334746879,0
"r8_N50_T40_rep2",123,33,130.829751503721,0
"r8_N50_T40_rep2",123,34,111.531273664635,0
"r8_N50_T40_rep2",123,35,126.208411156683,0
"r8_N50_T40_rep2",123,36,109.988415746477,0
"r8_N50_T40_rep2",123,37,135.853545255947,0
"r8_N50_T40_rep2",123,38,139.681161456291,0
"r8_N50_T40_rep2",123,39,141.938511236482,0
"r8_N50_T40_rep2",123,40,159.343647950804,0
"r8_N50_T40_rep2",123,41,152.632090856948,0
"r8_N50_T40_rep2",123,42,165.283288336937,0
"r8_N50_T40_rep2",123,43,170.203511827954,0
"r8_N50_T40_rep2",123,44,154.828202966531,0
"r8_N50_T40_rep2",123,45,171.683476689519,0
"r8_N50_T40_rep2",123,46,183.552400781872,0
"r8_N50_T40_rep2",123,47,201.771320383141,0
"r8_N50_T40_rep2",123,48,192.223734150202,0
"r8_N50_T40_rep2",123,49,196.325179265639,0
"r8_N50_T40_rep2",123,50,191.650837770805,0
"r8_N50_T40_rep2",124,1,-5.24879083419588,0
"r8_N50_T40_rep2",124,2,-4.33987679277453,0
"r8_N50_T40_rep2",124,3,18.6152434877863,0
"r8_N50_T40_rep2",124,4,-1.69351195902812,0
"r8_N50_T40_rep2",124,5,6.62809397297789,0
"r8_N50_T40_rep2",124,6,21.8313930027531,0
"r8_N50_T40_rep2",124,7,11.7315441226875,0
"r8_N50_T40_rep2",124,8,22.8209023862111,0
"r8_N50_T40_rep2",124,9,32.3650128318341,0
"r8_N50_T40_rep2",124,10,43.7600281254077,0
"r8_N50_T40_rep2",124,11,35.6623809650874,0
"r8_N50_T40_rep2",124,12,47.5630041227935,0
"r8_N50_T40_rep2",124,13,65.8517880237469,0
"r8_N50_T40_rep2",124,14,43.6847406801317,0
"r8_N50_T40_rep2",124,15,36.6107047344906,0
"r8_N50_T40_rep2",124,16,45.8466367764161,0
"r8_N50_T40_rep2",124,17,79.2595421181277,0
"r8_N50_T40_rep2",124,18,79.5879428620225,0
"r8_N50_T40_rep2",124,19,98.6719564012623,0
"r8_N50_T40_rep2",124,20,82.8380828916544,0
"r8_N50_T40_rep2",124,21,72.0536692289286,0
"r8_N50_T40_rep2",124,22,62.6317357657315,0
"r8_N50_T40_rep2",124,23,91.8803004176059,0
"r8_N50_T40_rep2",124,24,101.267712612493,0
"r8_N50_T40_rep2",124,25,104.025214561882,0
"r8_N50_T40_rep2",124,26,97.9956281105692,0
"r8_N50_T40_rep2",124,27,99.9977934689311,0
"r8_N50_T40_rep2",124,28,110.221682586773,0
"r8_N50_T40_rep2",124,29,104.296394692264,0
"r8_N50_T40_rep2",124,30,104.804166064165,0
"r8_N50_T40_rep2",124,31,113.790240542947,0
"r8_N50_T40_rep2",124,32,116.646227197232,0
"r8_N50_T40_rep2",124,33,116.628778159908,0
"r8_N50_T40_rep2",124,34,121.544762586265,0
"r8_N50_T40_rep2",124,35,149.033805793283,0
"r8_N50_T40_rep2",124,36,137.14136479174,0
"r8_N50_T40_rep2",124,37,143.315153953091,0
"r8_N50_T40_rep2",124,38,142.749724485422,0
"r8_N50_T40_rep2",124,39,150.71616674915,0
"r8_N50_T40_rep2",124,40,174.510406948002,0
"r8_N50_T40_rep2",124,41,155.52839038546,0
"r8_N50_T40_rep2",124,42,148.403727956026,0
"r8_N50_T40_rep2",124,43,151.113735114716,0
"r8_N50_T40_rep2",124,44,155.340227393872,0
"r8_N50_T40_rep2",124,45,172.90247474113,0
"r8_N50_T40_rep2",124,46,160.884115308481,0
"r8_N50_T40_rep2",124,47,176.363962729326,0
"r8_N50_T40_rep2",124,48,175.64952269923,0
"r8_N50_T40_rep2",124,49,190.242813114814,0
"r8_N50_T40_rep2",124,50,194.803358642846,0
"r8_N50_T40_rep2",125,1,-16.5510093407261,0
"r8_N50_T40_rep2",125,2,-6.24288473901854,0
"r8_N50_T40_rep2",125,3,15.7974349291714,0
"r8_N50_T40_rep2",125,4,10.0019343142243,0
"r8_N50_T40_rep2",125,5,14.7635555955617,0
"r8_N50_T40_rep2",125,6,39.3104353581791,0
"r8_N50_T40_rep2",125,7,16.9614651311215,0
"r8_N50_T40_rep2",125,8,24.7397725897779,0
"r8_N50_T40_rep2",125,9,34.7739489289455,0
"r8_N50_T40_rep2",125,10,38.633616882978,0
"r8_N50_T40_rep2",125,11,38.9257099247193,0
"r8_N50_T40_rep2",125,12,39.9705328932611,0
"r8_N50_T40_rep2",125,13,69.9372220732699,0
"r8_N50_T40_rep2",125,14,72.0292352128328,0
"r8_N50_T40_rep2",125,15,44.0703442844968,0
"r8_N50_T40_rep2",125,16,54.8083133386435,0
"r8_N50_T40_rep2",125,17,83.232355382614,0
"r8_N50_T40_rep2",125,18,67.0454757910528,0
"r8_N50_T40_rep2",125,19,74.5588944117266,0
"r8_N50_T40_rep2",125,20,75.6089096226362,0
"r8_N50_T40_rep2",125,21,71.1317918784224,0
"r8_N50_T40_rep2",125,22,64.7106186140721,0
"r8_N50_T40_rep2",125,23,71.835560246466,0
"r8_N50_T40_rep2",125,24,104.914568942716,0
"r8_N50_T40_rep2",125,25,110.959416159329,0
"r8_N50_T40_rep2",125,26,97.9840786020712,0
"r8_N50_T40_rep2",125,27,99.4411502615004,0
"r8_N50_T40_rep2",125,28,110.865588167994,0
"r8_N50_T40_rep2",125,29,119.483546401981,0
"r8_N50_T40_rep2",125,30,104.622886436954,0
"r8_N50_T40_rep2",125,31,111.516187042378,0
"r8_N50_T40_rep2",125,32,134.754249235463,0
"r8_N50_T40_rep2",125,33,141.591332675373,0
"r8_N50_T40_rep2",125,34,131.41019646841,0
"r8_N50_T40_rep2",125,35,158.15343615412,0
"r8_N50_T40_rep2",125,36,129.359736311506,0
"r8_N50_T40_rep2",125,37,136.634401363905,0
"r8_N50_T40_rep2",125,38,165.529856318631,0
"r8_N50_T40_rep2",125,39,136.765621352473,0
"r8_N50_T40_rep2",125,40,159.137232345257,0
"r8_N50_T40_rep2",125,41,162.382757302606,0
"r8_N50_T40_rep2",125,42,151.602410789559,0
"r8_N50_T40_rep2",125,43,149.869054116497,0
"r8_N50_T40_rep2",125,44,155.495655867596,0
"r8_N50_T40_rep2",125,45,164.025549807975,0
"r8_N50_T40_rep2",125,46,170.282701028947,0
"r8_N50_T40_rep2",125,47,164.947332834088,0
"r8_N50_T40_rep2",125,48,176.034903938035,0
"r8_N50_T40_rep2",125,49,185.338793436595,0
"r8_N50_T40_rep2",125,50,168.297812076834,0
"r8_N50_T40_rep2",126,1,2.95345977087287,0
"r8_N50_T40_rep2",126,2,-13.1540426413033,0
"r8_N50_T40_rep2",126,3,4.61287783634499,0
"r8_N50_T40_rep2",126,4,8.30553955573581,0
"r8_N50_T40_rep2",126,5,18.8750810571035,0
"r8_N50_T40_rep2",126,6,26.0100381410393,0
"r8_N50_T40_rep2",126,7,11.5313736833454,0
"r8_N50_T40_rep2",126,8,26.9873054149343,0
"r8_N50_T40_rep2",126,9,30.1012637328762,0
"r8_N50_T40_rep2",126,10,40.6123012775831,0
"r8_N50_T40_rep2",126,11,42.9987153763325,0
"r8_N50_T40_rep2",126,12,50.9956326811369,0
"r8_N50_T40_rep2",126,13,76.9588003982123,0
"r8_N50_T40_rep2",126,14,71.7417443964565,0
"r8_N50_T40_rep2",126,15,56.6750934614869,0
"r8_N50_T40_rep2",126,16,73.4981072767848,0
"r8_N50_T40_rep2",126,17,105.66242878342,0
"r8_N50_T40_rep2",126,18,80.2303864152047,0
"r8_N50_T40_rep2",126,19,89.8552364202402,0
"r8_N50_T40_rep2",126,20,78.5906547709556,0
"r8_N50_T40_rep2",126,21,65.6533159920132,0
"r8_N50_T40_rep2",126,22,54.8111638486349,0
"r8_N50_T40_rep2",126,23,68.0274814334265,0
"r8_N50_T40_rep2",126,24,106.467219121051,0
"r8_N50_T40_rep2",126,25,119.5325964148,0
"r8_N50_T40_rep2",126,26,98.1874039614268,0
"r8_N50_T40_rep2",126,27,102.938493702709,0
"r8_N50_T40_rep2",126,28,115.84376216007,0
"r8_N50_T40_rep2",126,29,128.626125847239,0
"r8_N50_T40_rep2",126,30,116.103194756152,0
"r8_N50_T40_rep2",126,31,103.645520291497,0
"r8_N50_T40_rep2",126,32,108.406654065253,0
"r8_N50_T40_rep2",126,33,113.695409285929,0
"r8_N50_T40_rep2",126,34,129.999384922883,0
"r8_N50_T40_rep2",126,35,129.667275340033,0
"r8_N50_T40_rep2",126,36,125.270267922989,0
"r8_N50_T40_rep2",126,37,115.493266789842,0
"r8_N50_T40_rep2",126,38,123.278146458961,0
"r8_N50_T40_rep2",126,39,138.686192288522,0
"r8_N50_T40_rep2",126,40,164.814670831037,0
"r8_N50_T40_rep2",126,41,167.638755261811,0
"r8_N50_T40_rep2",126,42,170.562967671894,0
"r8_N50_T40_rep2",126,43,167.679195114089,0
"r8_N50_T40_rep2",126,44,153.101881529227,0
"r8_N50_T40_rep2",126,45,147.750228391112,0
"r8_N50_T40_rep2",126,46,166.62369939518,0
"r8_N50_T40_rep2",126,47,178.896675403868,0
"r8_N50_T40_rep2",126,48,173.124383671127,0
"r8_N50_T40_rep2",126,49,190.206979821551,0
"r8_N50_T40_rep2",126,50,189.237595219166,0
"r8_N50_T40_rep2",127,1,-4.78850237454833,0
"r8_N50_T40_rep2",127,2,-5.625557966326,0
"r8_N50_T40_rep2",127,3,10.4208549062715,0
"r8_N50_T40_rep2",127,4,9.95338593009193,0
"r8_N50_T40_rep2",127,5,-0.580208935132668,0
"r8_N50_T40_rep2",127,6,23.8013757632587,0
"r8_N50_T40_rep2",127,7,21.4001314767511,0
"r8_N50_T40_rep2",127,8,24.298135157392,0
"r8_N50_T40_rep2",127,9,37.3907126572415,0
"r8_N50_T40_rep2",127,10,43.3544345301612,0
"r8_N50_T40_rep2",127,11,31.3139153466061,0
"r8_N50_T40_rep2",127,12,44.1645613272158,0
"r8_N50_T40_rep2",127,13,66.3964104216268,0
"r8_N50_T40_rep2",127,14,62.193548218505,0
"r8_N50_T40_rep2",127,15,52.6055275420894,0
"r8_N50_T40_rep2",127,16,49.0747666890423,0
"r8_N50_T40_rep2",127,17,100.926373282908,0
"r8_N50_T40_rep2",127,18,93.4889615808478,0
"r8_N50_T40_rep2",127,19,90.1821258334474,0
"r8_N50_T40_rep2",127,20,72.5288537884046,0
"r8_N50_T40_rep2",127,21,66.2961023038141,0
"r8_N50_T40_rep2",127,22,46.3821564651216,0
"r8_N50_T40_rep2",127,23,79.8348788727729,0
"r8_N50_T40_rep2",127,24,98.582892201486,0
"r8_N50_T40_rep2",127,25,104.927280707179,0
"r8_N50_T40_rep2",127,26,99.7539345573724,0
"r8_N50_T40_rep2",127,27,94.1174755567686,0
"r8_N50_T40_rep2",127,28,103.786813122182,0
"r8_N50_T40_rep2",127,29,117.44838617703,0
"r8_N50_T40_rep2",127,30,124.409212828409,0
"r8_N50_T40_rep2",127,31,126.887853243249,0
"r8_N50_T40_rep2",127,32,129.196487923556,0
"r8_N50_T40_rep2",127,33,136.225894009486,0
"r8_N50_T40_rep2",127,34,136.325655433603,0
"r8_N50_T40_rep2",127,35,135.496283740346,0
"r8_N50_T40_rep2",127,36,142.677545596975,0
"r8_N50_T40_rep2",127,37,137.648267843024,0
"r8_N50_T40_rep2",127,38,161.646388863605,0
"r8_N50_T40_rep2",127,39,148.818817138063,0
"r8_N50_T40_rep2",127,40,158.288076060491,0
"r8_N50_T40_rep2",127,41,152.706398729429,0
"r8_N50_T40_rep2",127,42,149.281769939834,0
"r8_N50_T40_rep2",127,43,149.216744849998,0
"r8_N50_T40_rep2",127,44,155.699411194189,0
"r8_N50_T40_rep2",127,45,171.766832330972,0
"r8_N50_T40_rep2",127,46,163.825223505072,0
"r8_N50_T40_rep2",127,47,187.690487494529,0
"r8_N50_T40_rep2",127,48,183.827495436706,0
"r8_N50_T40_rep2",127,49,195.095049540452,0
"r8_N50_T40_rep2",127,50,202.760110457747,0
"r8_N50_T40_rep2",128,1,-17.1443288240839,0
"r8_N50_T40_rep2",128,2,-6.59092161168365,0
"r8_N50_T40_rep2",128,3,11.5049071035894,0
"r8_N50_T40_rep2",128,4,1.86913103463105,0
"r8_N50_T40_rep2",128,5,-6.52063613200448,0
"r8_N50_T40_rep2",128,6,21.0642801567424,0
"r8_N50_T40_rep2",128,7,13.7709488032455,0
"r8_N50_T40_rep2",128,8,34.4751619511209,0
"r8_N50_T40_rep2",128,9,44.5346019455121,0
"r8_N50_T40_rep2",128,10,49.8626033681794,0
"r8_N50_T40_rep2",128,11,32.9135726292113,0
"r8_N50_T40_rep2",128,12,40.0467993988242,0
"r8_N50_T40_rep2",128,13,64.8577324098501,0
"r8_N50_T40_rep2",128,14,59.2273245161772,0
"r8_N50_T40_rep2",128,15,50.9025280854341,0
"r8_N50_T40_rep2",128,16,53.3064786629532,0
"r8_N50_T40_rep2",128,17,95.6237601953291,0
"r8_N50_T40_rep2",128,18,98.3326990814759,0
"r8_N50_T40_rep2",128,19,94.8730902399524,0
"r8_N50_T40_rep2",128,20,78.1884256977733,0
"r8_N50_T40_rep2",128,21,67.1764626016157,0
"r8_N50_T40_rep2",128,22,63.2275733180391,0
"r8_N50_T40_rep2",128,23,78.5295519904876,0
"r8_N50_T40_rep2",128,24,100.391430284988,0
"r8_N50_T40_rep2",128,25,112.770662164037,0
"r8_N50_T40_rep2",128,26,107.800488452811,0
"r8_N50_T40_rep2",128,27,110.902890558592,0
"r8_N50_T40_rep2",128,28,101.180309473078,0
"r8_N50_T40_rep2",128,29,104.583497913042,0
"r8_N50_T40_rep2",128,30,110.59762931514,0
"r8_N50_T40_rep2",128,31,119.880741074688,0
"r8_N50_T40_rep2",128,32,140.386029964121,0
"r8_N50_T40_rep2",128,33,124.569272578089,0
"r8_N50_T40_rep2",128,34,116.6454009814,0
"r8_N50_T40_rep2",128,35,130.438862933146,0
"r8_N50_T40_rep2",128,36,135.100858086574,0
"r8_N50_T40_rep2",128,37,146.788344927108,0
"r8_N50_T40_rep2",128,38,151.779429522552,0
"r8_N50_T40_rep2",128,39,155.184299970446,0
"r8_N50_T40_rep2",128,40,166.678352249338,0
"r8_N50_T40_rep2",128,41,175.963217948353,0
"r8_N50_T40_rep2",128,42,165.898207627057,0
"r8_N50_T40_rep2",128,43,144.102649467298,0
"r8_N50_T40_rep2",128,44,148.644660708708,0
"r8_N50_T40_rep2",128,45,160.045476286772,0
"r8_N50_T40_rep2",128,46,179.216099129085,0
"r8_N50_T40_rep2",128,47,191.217303224777,0
"r8_N50_T40_rep2",128,48,182.094822487354,0
"r8_N50_T40_rep2",128,49,197.318247465751,0
"r8_N50_T40_rep2",128,50,214.050334306275,0
"r8_N50_T40_rep2",129,1,-7.60622442581211,0
"r8_N50_T40_rep2",129,2,-20.0191513214315,0
"r8_N50_T40_rep2",129,3,4.50279829257168,0
"r8_N50_T40_rep2",129,4,1.34656687638217,0
"r8_N50_T40_rep2",129,5,2.46520843146177,0
"r8_N50_T40_rep2",129,6,21.7848804514333,0
"r8_N50_T40_rep2",129,7,23.1098791209211,0
"r8_N50_T40_rep2",129,8,35.5573514747624,0
"r8_N50_T40_rep2",129,9,38.2637567432657,0
"r8_N50_T40_rep2",129,10,44.6267851030196,0
"r8_N50_T40_rep2",129,11,31.8659250752265,0
"r8_N50_T40_rep2",129,12,49.2818555864263,0
"r8_N50_T40_rep2",129,13,53.6089885819137,0
"r8_N50_T40_rep2",129,14,54.4870510695243,0
"r8_N50_T40_rep2",129,15,36.8928941439894,0
"r8_N50_T40_rep2",129,16,48.4104665807239,0
"r8_N50_T40_rep2",129,17,75.6219431533628,0
"r8_N50_T40_rep2",129,18,88.6589228398334,0
"r8_N50_T40_rep2",129,19,94.1863815529272,0
"r8_N50_T40_rep2",129,20,78.3455703456844,0
"r8_N50_T40_rep2",129,21,65.6242008261578,0
"r8_N50_T40_rep2",129,22,64.8253938444128,0
"r8_N50_T40_rep2",129,23,93.3693758945494,0
"r8_N50_T40_rep2",129,24,107.251809132016,0
"r8_N50_T40_rep2",129,25,106.47075797807,0
"r8_N50_T40_rep2",129,26,91.0035068609774,0
"r8_N50_T40_rep2",129,27,104.149229774309,0
"r8_N50_T40_rep2",129,28,112.310385505129,0
"r8_N50_T40_rep2",129,29,102.553919151058,0
"r8_N50_T40_rep2",129,30,116.925446397343,0
"r8_N50_T40_rep2",129,31,109.811254516816,0
"r8_N50_T40_rep2",129,32,101.325163036845,0
"r8_N50_T40_rep2",129,33,115.811708771131,0
"r8_N50_T40_rep2",129,34,131.557248195279,0
"r8_N50_T40_rep2",129,35,131.984690952733,0
"r8_N50_T40_rep2",129,36,133.417528125824,0
"r8_N50_T40_rep2",129,37,132.595411689984,0
"r8_N50_T40_rep2",129,38,152.622223595846,0
"r8_N50_T40_rep2",129,39,155.880572739652,0
"r8_N50_T40_rep2",129,40,167.570240716911,0
"r8_N50_T40_rep2",129,41,155.151361722858,0
"r8_N50_T40_rep2",129,42,161.337909933395,0
"r8_N50_T40_rep2",129,43,155.29919315543,0
"r8_N50_T40_rep2",129,44,152.060071052358,0
"r8_N50_T40_rep2",129,45,151.914484609988,0
"r8_N50_T40_rep2",129,46,151.963559269516,0
"r8_N50_T40_rep2",129,47,162.071197818859,0
"r8_N50_T40_rep2",129,48,167.371767224359,0
"r8_N50_T40_rep2",129,49,184.486773864965,0
"r8_N50_T40_rep2",129,50,193.812161147845,0
"r8_N50_T40_rep2",130,1,-7.30420487691045,0
"r8_N50_T40_rep2",130,2,-13.4455130975199,0
"r8_N50_T40_rep2",130,3,22.6010888033076,0
"r8_N50_T40_rep2",130,4,2.13326841028263,0
"r8_N50_T40_rep2",130,5,15.531150365461,0
"r8_N50_T40_rep2",130,6,31.3674660686161,0
"r8_N50_T40_rep2",130,7,7.38739485765978,0
"r8_N50_T40_rep2",130,8,19.2714312303034,0
"r8_N50_T40_rep2",130,9,36.8886309655431,0
"r8_N50_T40_rep2",130,10,44.3754690389683,0
"r8_N50_T40_rep2",130,11,45.0945593727906,0
"r8_N50_T40_rep2",130,12,46.9999174577544,0
"r8_N50_T40_rep2",130,13,70.1260134793483,0
"r8_N50_T40_rep2",130,14,62.2825969490665,0
"r8_N50_T40_rep2",130,15,50.6346243967773,0
"r8_N50_T40_rep2",130,16,36.8940976305915,0
"r8_N50_T40_rep2",130,17,77.9976368803447,0
"r8_N50_T40_rep2",130,18,82.2390900607285,0
"r8_N50_T40_rep2",130,19,89.6073453841157,0
"r8_N50_T40_rep2",130,20,72.5340094962403,0
"r8_N50_T40_rep2",130,21,70.9691942138213,0
"r8_N50_T40_rep2",130,22,67.0297047853396,0
"r8_N50_T40_rep2",130,23,86.5804412665759,0
"r8_N50_T40_rep2",130,24,103.45496303493,0
"r8_N50_T40_rep2",130,25,104.076574529229,0
"r8_N50_T40_rep2",130,26,100.25474124227,0
"r8_N50_T40_rep2",130,27,95.4215021830891,0
"r8_N50_T40_rep2",130,28,111.42068674663,0
"r8_N50_T40_rep2",130,29,110.208540926366,0
"r8_N50_T40_rep2",130,30,112.442674693824,0
"r8_N50_T40_rep2",130,31,130.117026042768,0
"r8_N50_T40_rep2",130,32,125.310948088277,0
"r8_N50_T40_rep2",130,33,135.991020402947,0
"r8_N50_T40_rep2",130,34,127.012302967033,0
"r8_N50_T40_rep2",130,35,139.933340019667,0
"r8_N50_T40_rep2",130,36,144.453146320397,0
"r8_N50_T40_rep2",130,37,138.435175689441,0
"r8_N50_T40_rep2",130,38,164.171621390804,0
"r8_N50_T40_rep2",130,39,160.033248013471,0
"r8_N50_T40_rep2",130,40,168.766662222886,0
"r8_N50_T40_rep2",130,41,152.764614687098,0
"r8_N50_T40_rep2",130,42,155.818982513859,0
"r8_N50_T40_rep2",130,43,152.507079665124,0
"r8_N50_T40_rep2",130,44,158.88928671782,0
"r8_N50_T40_rep2",130,45,163.537510552438,0
"r8_N50_T40_rep2",130,46,161.389503153515,0
"r8_N50_T40_rep2",130,47,169.815489910305,0
"r8_N50_T40_rep2",130,48,181.711022605981,0
"r8_N50_T40_rep2",130,49,194.227869225704,0
"r8_N50_T40_rep2",130,50,192.023825250948,0
"r8_N50_T40_rep2",131,1,-13.327722840543,0
"r8_N50_T40_rep2",131,2,-2.0218376186475,0
"r8_N50_T40_rep2",131,3,5.73538084897571,0
"r8_N50_T40_rep2",131,4,3.28432003325609,0
"r8_N50_T40_rep2",131,5,1.13053133363561,0
"r8_N50_T40_rep2",131,6,21.491300302248,0
"r8_N50_T40_rep2",131,7,8.90747805262571,0
"r8_N50_T40_rep2",131,8,6.36350970264567,0
"r8_N50_T40_rep2",131,9,40.6956347732939,0
"r8_N50_T40_rep2",131,10,56.2184766070013,0
"r8_N50_T40_rep2",131,11,44.3716154487126,0
"r8_N50_T40_rep2",131,12,51.814570309857,0
"r8_N50_T40_rep2",131,13,62.8839583138495,0
"r8_N50_T40_rep2",131,14,60.9904458603213,0
"r8_N50_T40_rep2",131,15,59.4291985337393,0
"r8_N50_T40_rep2",131,16,48.3915175469758,0
"r8_N50_T40_rep2",131,17,68.1678024965731,0
"r8_N50_T40_rep2",131,18,78.4953674764008,0
"r8_N50_T40_rep2",131,19,101.285246440316,0
"r8_N50_T40_rep2",131,20,77.6911145437779,0
"r8_N50_T40_rep2",131,21,81.6988711509148,0
"r8_N50_T40_rep2",131,22,63.5490382509249,0
"r8_N50_T40_rep2",131,23,73.166598595925,0
"r8_N50_T40_rep2",131,24,106.509803484406,0
"r8_N50_T40_rep2",131,25,98.6789140552648,0
"r8_N50_T40_rep2",131,26,100.283504553456,0
"r8_N50_T40_rep2",131,27,92.6040831411208,0
"r8_N50_T40_rep2",131,28,113.658060315232,0
"r8_N50_T40_rep2",131,29,109.586943288596,0
"r8_N50_T40_rep2",131,30,109.017286427305,0
"r8_N50_T40_rep2",131,31,129.007510131904,0
"r8_N50_T40_rep2",131,32,123.932688331041,0
"r8_N50_T40_rep2",131,33,126.618354190118,0
"r8_N50_T40_rep2",131,34,107.634690762292,0
"r8_N50_T40_rep2",131,35,129.959310659678,0
"r8_N50_T40_rep2",131,36,124.761176783116,0
"r8_N50_T40_rep2",131,37,132.833305479898,0
"r8_N50_T40_rep2",131,38,146.899402209588,0
"r8_N50_T40_rep2",131,39,160.347168335744,0
"r8_N50_T40_rep2",131,40,154.163441178949,0
"r8_N50_T40_rep2",131,41,157.431458808794,0
"r8_N50_T40_rep2",131,42,154.950317978506,0
"r8_N50_T40_rep2",131,43,168.052021147452,0
"r8_N50_T40_rep2",131,44,155.184021891978,0
"r8_N50_T40_rep2",131,45,174.442877766415,0
"r8_N50_T40_rep2",131,46,185.566694415605,0
"r8_N50_T40_rep2",131,47,198.480318849154,0
"r8_N50_T40_rep2",131,48,185.106099524756,0
"r8_N50_T40_rep2",131,49,201.648556288078,0
"r8_N50_T40_rep2",131,50,190.865910227643,0
"r8_N50_T40_rep2",132,1,-13.8867690127351,0
"r8_N50_T40_rep2",132,2,-7.07145700291253,0
"r8_N50_T40_rep2",132,3,15.0866282802452,0
"r8_N50_T40_rep2",132,4,4.86647715250355,0
"r8_N50_T40_rep2",132,5,21.2312692951717,0
"r8_N50_T40_rep2",132,6,31.590781617395,0
"r8_N50_T40_rep2",132,7,19.9008888868998,0
"r8_N50_T40_rep2",132,8,24.7084013364518,0
"r8_N50_T40_rep2",132,9,38.4691988651335,0
"r8_N50_T40_rep2",132,10,56.9394874723461,0
"r8_N50_T40_rep2",132,11,41.4038144385692,0
"r8_N50_T40_rep2",132,12,40.3564732750673,0
"r8_N50_T40_rep2",132,13,61.2873659607362,0
"r8_N50_T40_rep2",132,14,64.2327522872858,0
"r8_N50_T40_rep2",132,15,45.972663566072,0
"r8_N50_T40_rep2",132,16,54.662055770707,0
"r8_N50_T40_rep2",132,17,75.8914224664266,0
"r8_N50_T40_rep2",132,18,84.5333683587354,0
"r8_N50_T40_rep2",132,19,86.3435451138922,0
"r8_N50_T40_rep2",132,20,83.2864119814661,0
"r8_N50_T40_rep2",132,21,77.1165391012016,0
"r8_N50_T40_rep2",132,22,72.2019858077077,0
"r8_N50_T40_rep2",132,23,74.7434870115828,0
"r8_N50_T40_rep2",132,24,88.4849276203154,0
"r8_N50_T40_rep2",132,25,89.6933833580607,0
"r8_N50_T40_rep2",132,26,89.2879158539116,0
"r8_N50_T40_rep2",132,27,106.632197442226,0
"r8_N50_T40_rep2",132,28,117.781839386866,0
"r8_N50_T40_rep2",132,29,112.100733604674,0
"r8_N50_T40_rep2",132,30,117.531371817509,0
"r8_N50_T40_rep2",132,31,136.872869050069,0
"r8_N50_T40_rep2",132,32,128.246848350322,0
"r8_N50_T40_rep2",132,33,130.348421901235,0
"r8_N50_T40_rep2",132,34,119.042910137616,0
"r8_N50_T40_rep2",132,35,125.685824434208,0
"r8_N50_T40_rep2",132,36,136.260209701255,0
"r8_N50_T40_rep2",132,37,130.23714502733,0
"r8_N50_T40_rep2",132,38,156.141783769128,0
"r8_N50_T40_rep2",132,39,154.966298151467,0
"r8_N50_T40_rep2",132,40,168.6905496912,0
"r8_N50_T40_rep2",132,41,148.32471686521,0
"r8_N50_T40_rep2",132,42,156.022619594975,0
"r8_N50_T40_rep2",132,43,151.250948042678,0
"r8_N50_T40_rep2",132,44,131.381979206236,0
"r8_N50_T40_rep2",132,45,150.853890187119,0
"r8_N50_T40_rep2",132,46,154.972506553022,0
"r8_N50_T40_rep2",132,47,175.587239627255,0
"r8_N50_T40_rep2",132,48,169.869044983488,0
"r8_N50_T40_rep2",132,49,195.751355745303,0
"r8_N50_T40_rep2",132,50,190.083927491163,0
"r8_N50_T40_rep2",133,1,-7.22788653121287,0
"r8_N50_T40_rep2",133,2,-16.8692482246776,0
"r8_N50_T40_rep2",133,3,10.8547080457676,0
"r8_N50_T40_rep2",133,4,10.1799805294516,0
"r8_N50_T40_rep2",133,5,8.10147854615249,0
"r8_N50_T40_rep2",133,6,28.3489936576261,0
"r8_N50_T40_rep2",133,7,21.6086079589037,0
"r8_N50_T40_rep2",133,8,29.227996075782,0
"r8_N50_T40_rep2",133,9,32.2821640037028,0
"r8_N50_T40_rep2",133,10,57.1292636800547,0
"r8_N50_T40_rep2",133,11,40.4339140868507,0
"r8_N50_T40_rep2",133,12,41.1952864873217,0
"r8_N50_T40_rep2",133,13,54.1502831317438,0
"r8_N50_T40_rep2",133,14,59.5246249572911,0
"r8_N50_T40_rep2",133,15,49.7485065869151,0
"r8_N50_T40_rep2",133,16,68.2071985148923,0
"r8_N50_T40_rep2",133,17,96.3097672495773,0
"r8_N50_T40_rep2",133,18,91.6901497218847,0
"r8_N50_T40_rep2",133,19,81.1165691758828,0
"r8_N50_T40_rep2",133,20,81.5270336382851,0
"r8_N50_T40_rep2",133,21,67.4778006514341,0
"r8_N50_T40_rep2",133,22,53.5361134638629,0
"r8_N50_T40_rep2",133,23,59.0916845518565,0
"r8_N50_T40_rep2",133,24,90.4985638359958,0
"r8_N50_T40_rep2",133,25,98.0463205140792,0
"r8_N50_T40_rep2",133,26,103.273759554793,0
"r8_N50_T40_rep2",133,27,101.175945865383,0
"r8_N50_T40_rep2",133,28,116.856054277445,0
"r8_N50_T40_rep2",133,29,107.151220035465,0
"r8_N50_T40_rep2",133,30,117.873660536399,0
"r8_N50_T40_rep2",133,31,111.654779376205,0
"r8_N50_T40_rep2",133,32,118.242301171707,0
"r8_N50_T40_rep2",133,33,107.527919710854,0
"r8_N50_T40_rep2",133,34,121.438328721019,0
"r8_N50_T40_rep2",133,35,131.004794705202,0
"r8_N50_T40_rep2",133,36,136.470141901341,0
"r8_N50_T40_rep2",133,37,130.508914876038,0
"r8_N50_T40_rep2",133,38,146.93799532689,0
"r8_N50_T40_rep2",133,39,146.230526087209,0
"r8_N50_T40_rep2",133,40,159.887816687185,0
"r8_N50_T40_rep2",133,41,164.797676026587,0
"r8_N50_T40_rep2",133,42,166.169641257699,0
"r8_N50_T40_rep2",133,43,149.192983418606,0
"r8_N50_T40_rep2",133,44,148.469005333857,0
"r8_N50_T40_rep2",133,45,154.160725373748,0
"r8_N50_T40_rep2",133,46,149.627748553923,0
"r8_N50_T40_rep2",133,47,173.398672936109,0
"r8_N50_T40_rep2",133,48,176.644414030561,0
"r8_N50_T40_rep2",133,49,199.346979944857,0
"r8_N50_T40_rep2",133,50,193.684833450594,0
"r8_N50_T40_rep2",134,1,-1.1515159781176,0
"r8_N50_T40_rep2",134,2,-9.01617349438416,0
"r8_N50_T40_rep2",134,3,7.87367039847401,0
"r8_N50_T40_rep2",134,4,0.649570658801244,0
"r8_N50_T40_rep2",134,5,22.2568530308168,0
"r8_N50_T40_rep2",134,6,36.6519649569316,0
"r8_N50_T40_rep2",134,7,20.5303815337054,0
"r8_N50_T40_rep2",134,8,30.2810876757608,0
"r8_N50_T40_rep2",134,9,30.3172223599371,0
"r8_N50_T40_rep2",134,10,55.4561260629903,0
"r8_N50_T40_rep2",134,11,45.1052643574156,0
"r8_N50_T40_rep2",134,12,41.7301016969819,0
"r8_N50_T40_rep2",134,13,43.3230046749961,0
"r8_N50_T40_rep2",134,14,74.7192955509082,0
"r8_N50_T40_rep2",134,15,45.9211538567298,0
"r8_N50_T40_rep2",134,16,48.1797824371881,0
"r8_N50_T40_rep2",134,17,80.9058411782292,0
"r8_N50_T40_rep2",134,18,76.7573117075407,0
"r8_N50_T40_rep2",134,19,73.8912243108545,0
"r8_N50_T40_rep2",134,20,62.8189829291315,0
"r8_N50_T40_rep2",134,21,67.2889780043774,0
"r8_N50_T40_rep2",134,22,61.5220933590439,0
"r8_N50_T40_rep2",134,23,75.1147862582196,0
"r8_N50_T40_rep2",134,24,78.9207804170106,0
"r8_N50_T40_rep2",134,25,80.3737971162875,0
"r8_N50_T40_rep2",134,26,96.6048162275634,0
"r8_N50_T40_rep2",134,27,91.0780433609855,0
"r8_N50_T40_rep2",134,28,110.678004673524,0
"r8_N50_T40_rep2",134,29,111.003502420255,0
"r8_N50_T40_rep2",134,30,126.346678695798,0
"r8_N50_T40_rep2",134,31,154.700138874932,0
"r8_N50_T40_rep2",134,32,142.283270426484,0
"r8_N50_T40_rep2",134,33,140.104990674647,0
"r8_N50_T40_rep2",134,34,133.966860412072,0
"r8_N50_T40_rep2",134,35,143.508820489743,0
"r8_N50_T40_rep2",134,36,143.578775900281,0
"r8_N50_T40_rep2",134,37,133.524876290879,0
"r8_N50_T40_rep2",134,38,161.855577295308,0
"r8_N50_T40_rep2",134,39,139.52706501058,0
"r8_N50_T40_rep2",134,40,153.75279781818,0
"r8_N50_T40_rep2",134,41,144.533051773352,0
"r8_N50_T40_rep2",134,42,134.64118304511,0
"r8_N50_T40_rep2",134,43,146.842899821942,0
"r8_N50_T40_rep2",134,44,141.310422845501,0
"r8_N50_T40_rep2",134,45,160.525370659807,0
"r8_N50_T40_rep2",134,46,158.846138754808,0
"r8_N50_T40_rep2",134,47,174.831230616855,0
"r8_N50_T40_rep2",134,48,182.471808233863,0
"r8_N50_T40_rep2",134,49,190.108825357948,0
"r8_N50_T40_rep2",134,50,192.243751656234,0
"r8_N50_T40_rep2",135,1,-15.4318872431725,0
"r8_N50_T40_rep2",135,2,-10.1304111326578,0
"r8_N50_T40_rep2",135,3,-4.20493327789664,0
"r8_N50_T40_rep2",135,4,-8.444454261962,0
"r8_N50_T40_rep2",135,5,15.4473118323273,0
"r8_N50_T40_rep2",135,6,19.9437022893145,0
"r8_N50_T40_rep2",135,7,14.7403366835412,0
"r8_N50_T40_rep2",135,8,25.016423305659,0
"r8_N50_T40_rep2",135,9,36.2907119811845,0
"r8_N50_T40_rep2",135,10,60.054801421716,0
"r8_N50_T40_rep2",135,11,43.5566220466638,0
"r8_N50_T40_rep2",135,12,52.1592255708525,0
"r8_N50_T40_rep2",135,13,61.2847412634685,0
"r8_N50_T40_rep2",135,14,63.4211004035108,0
"r8_N50_T40_rep2",135,15,38.9436290600349,0
"r8_N50_T40_rep2",135,16,43.0430776650583,0
"r8_N50_T40_rep2",135,17,82.5196259477694,0
"r8_N50_T40_rep2",135,18,87.0004195622919,0
"r8_N50_T40_rep2",135,19,90.1488927838367,0
"r8_N50_T40_rep2",135,20,76.3359800703905,0
"r8_N50_T40_rep2",135,21,65.9111796707624,0
"r8_N50_T40_rep2",135,22,64.2870439694084,0
"r8_N50_T40_rep2",135,23,85.9097164541277,0
"r8_N50_T40_rep2",135,24,107.883601060915,0
"r8_N50_T40_rep2",135,25,107.453164493599,0
"r8_N50_T40_rep2",135,26,102.14946077661,0
"r8_N50_T40_rep2",135,27,94.7463997626409,0
"r8_N50_T40_rep2",135,28,113.202623304321,0
"r8_N50_T40_rep2",135,29,107.334042972027,0
"r8_N50_T40_rep2",135,30,112.240615280007,0
"r8_N50_T40_rep2",135,31,132.332545504457,0
"r8_N50_T40_rep2",135,32,120.887399411053,0
"r8_N50_T40_rep2",135,33,120.467229578693,0
"r8_N50_T40_rep2",135,34,126.942088003988,0
"r8_N50_T40_rep2",135,35,138.622688488614,0
"r8_N50_T40_rep2",135,36,152.675093499504,0
"r8_N50_T40_rep2",135,37,146.259188643955,0
"r8_N50_T40_rep2",135,38,158.869398633264,0
"r8_N50_T40_rep2",135,39,166.011310353557,0
"r8_N50_T40_rep2",135,40,168.310754264809,0
"r8_N50_T40_rep2",135,41,160.621489864146,0
"r8_N50_T40_rep2",135,42,148.804578946596,0
"r8_N50_T40_rep2",135,43,151.925582930098,0
"r8_N50_T40_rep2",135,44,146.843432190339,0
"r8_N50_T40_rep2",135,45,157.415873118993,0
"r8_N50_T40_rep2",135,46,151.589729290159,0
"r8_N50_T40_rep2",135,47,177.263124414051,0
"r8_N50_T40_rep2",135,48,168.296892080286,0
"r8_N50_T40_rep2",135,49,192.900695369866,0
"r8_N50_T40_rep2",135,50,198.100517228878,0
"r8_N50_T40_rep2",136,1,-7.00545169199822,0
"r8_N50_T40_rep2",136,2,-15.0770719067401,0
"r8_N50_T40_rep2",136,3,6.03415509963613,0
"r8_N50_T40_rep2",136,4,11.3779622421741,0
"r8_N50_T40_rep2",136,5,14.4491893754662,0
"r8_N50_T40_rep2",136,6,39.0824679208629,0
"r8_N50_T40_rep2",136,7,17.2206159670279,0
"r8_N50_T40_rep2",136,8,21.4732036421915,0
"r8_N50_T40_rep2",136,9,39.9519382977305,0
"r8_N50_T40_rep2",136,10,41.4427678835908,0
"r8_N50_T40_rep2",136,11,41.9489326856712,0
"r8_N50_T40_rep2",136,12,44.7014321959115,0
"r8_N50_T40_rep2",136,13,65.8072173056873,0
"r8_N50_T40_rep2",136,14,63.911136796855,0
"r8_N50_T40_rep2",136,15,45.2507747073711,0
"r8_N50_T40_rep2",136,16,45.0900268468606,0
"r8_N50_T40_rep2",136,17,81.1494034420115,0
"r8_N50_T40_rep2",136,18,89.9665454175634,0
"r8_N50_T40_rep2",136,19,88.3114501893791,0
"r8_N50_T40_rep2",136,20,82.1243666086118,0
"r8_N50_T40_rep2",136,21,62.3257886633087,0
"r8_N50_T40_rep2",136,22,64.7479679885369,0
"r8_N50_T40_rep2",136,23,79.2093876461338,0
"r8_N50_T40_rep2",136,24,99.1058748851141,0
"r8_N50_T40_rep2",136,25,95.9196825626643,0
"r8_N50_T40_rep2",136,26,100.502136965362,0
"r8_N50_T40_rep2",136,27,103.356882718518,0
"r8_N50_T40_rep2",136,28,103.870570824704,0
"r8_N50_T40_rep2",136,29,104.610298733874,0
"r8_N50_T40_rep2",136,30,111.781617926056,0
"r8_N50_T40_rep2",136,31,123.859973511281,0
"r8_N50_T40_rep2",136,32,138.913868193673,0
"r8_N50_T40_rep2",136,33,133.941991851025,0
"r8_N50_T40_rep2",136,34,135.726769548665,0
"r8_N50_T40_rep2",136,35,153.043674383675,0
"r8_N50_T40_rep2",136,36,140.972215405547,0
"r8_N50_T40_rep2",136,37,140.747856207776,0
"r8_N50_T40_rep2",136,38,165.312017036421,0
"r8_N50_T40_rep2",136,39,143.663818927003,0
"r8_N50_T40_rep2",136,40,160.103133513252,0
"r8_N50_T40_rep2",136,41,153.070804980942,0
"r8_N50_T40_rep2",136,42,149.488062354336,0
"r8_N50_T40_rep2",136,43,150.883270416244,0
"r8_N50_T40_rep2",136,44,164.593565536731,0
"r8_N50_T40_rep2",136,45,158.068345050635,0
"r8_N50_T40_rep2",136,46,158.667919771525,0
"r8_N50_T40_rep2",136,47,174.882628881477,0
"r8_N50_T40_rep2",136,48,180.611968199436,0
"r8_N50_T40_rep2",136,49,197.442032223924,0
"r8_N50_T40_rep2",136,50,188.28445581799,0
"r8_N50_T40_rep2",137,1,-10.9667482076276,0
"r8_N50_T40_rep2",137,2,-7.36543197325461,0
"r8_N50_T40_rep2",137,3,9.83680525156735,0
"r8_N50_T40_rep2",137,4,0.184798130339418,0
"r8_N50_T40_rep2",137,5,18.8190988354763,0
"r8_N50_T40_rep2",137,6,27.2956553976366,0
"r8_N50_T40_rep2",137,7,20.5180679877851,0
"r8_N50_T40_rep2",137,8,33.2781433903954,0
"r8_N50_T40_rep2",137,9,31.4919451074635,0
"r8_N50_T40_rep2",137,10,39.0295358546433,0
"r8_N50_T40_rep2",137,11,35.9409912760581,0
"r8_N50_T40_rep2",137,12,31.7068260208463,0
"r8_N50_T40_rep2",137,13,50.4597780665468,0
"r8_N50_T40_rep2",137,14,53.1812163681903,0
"r8_N50_T40_rep2",137,15,17.8454263190622,0
"r8_N50_T40_rep2",137,16,52.0676294259792,0
"r8_N50_T40_rep2",137,17,87.5314616076147,0
"r8_N50_T40_rep2",137,18,86.9679235405088,0
"r8_N50_T40_rep2",137,19,91.4597084189849,0
"r8_N50_T40_rep2",137,20,77.5116755162071,0
"r8_N50_T40_rep2",137,21,69.3576086596783,0
"r8_N50_T40_rep2",137,22,60.2708187690985,0
"r8_N50_T40_rep2",137,23,59.7755399301148,0
"r8_N50_T40_rep2",137,24,93.8188906396656,0
"r8_N50_T40_rep2",137,25,102.576411778042,0
"r8_N50_T40_rep2",137,26,95.5468055414693,0
"r8_N50_T40_rep2",137,27,98.6761378565649,0
"r8_N50_T40_rep2",137,28,106.649878824368,0
"r8_N50_T40_rep2",137,29,109.249524810478,0
"r8_N50_T40_rep2",137,30,106.25394906336,0
"r8_N50_T40_rep2",137,31,99.2082667333637,0
"r8_N50_T40_rep2",137,32,123.50845514866,0
"r8_N50_T40_rep2",137,33,116.737727761482,0
"r8_N50_T40_rep2",137,34,125.34105657257,0
"r8_N50_T40_rep2",137,35,146.417450630784,0
"r8_N50_T40_rep2",137,36,140.958057060867,0
"r8_N50_T40_rep2",137,37,138.684021342103,0
"r8_N50_T40_rep2",137,38,142.211745757034,0
"r8_N50_T40_rep2",137,39,152.842083630285,0
"r8_N50_T40_rep2",137,40,164.068919731803,0
"r8_N50_T40_rep2",137,41,175.52715501115,0
"r8_N50_T40_rep2",137,42,151.711025529426,0
"r8_N50_T40_rep2",137,43,154.43583062976,0
"r8_N50_T40_rep2",137,44,145.806739508495,0
"r8_N50_T40_rep2",137,45,150.432809582113,0
"r8_N50_T40_rep2",137,46,150.259964864186,0
"r8_N50_T40_rep2",137,47,156.988225337693,0
"r8_N50_T40_rep2",137,48,166.386603772182,0
"r8_N50_T40_rep2",137,49,190.802991943111,0
"r8_N50_T40_rep2",137,50,198.061161427408,0
"r8_N50_T40_rep2",138,1,-8.94020891072606,0
"r8_N50_T40_rep2",138,2,-14.9054711034907,0
"r8_N50_T40_rep2",138,3,9.27913145476882,0
"r8_N50_T40_rep2",138,4,-4.66841951744711,0
"r8_N50_T40_rep2",138,5,-2.15680664422529,0
"r8_N50_T40_rep2",138,6,23.9754948737441,0
"r8_N50_T40_rep2",138,7,18.416216959797,0
"r8_N50_T40_rep2",138,8,31.0296555254569,0
"r8_N50_T40_rep2",138,9,37.5504147030874,0
"r8_N50_T40_rep2",138,10,48.5317863412968,0
"r8_N50_T40_rep2",138,11,41.7358351840109,0
"r8_N50_T40_rep2",138,12,46.8854081603513,0
"r8_N50_T40_rep2",138,13,66.0807708855646,0
"r8_N50_T40_rep2",138,14,49.4511505924237,0
"r8_N50_T40_rep2",138,15,44.6087057485315,0
"r8_N50_T40_rep2",138,16,41.6661083987233,0
"r8_N50_T40_rep2",138,17,88.7757747382024,0
"r8_N50_T40_rep2",138,18,86.0826949077074,0
"r8_N50_T40_rep2",138,19,98.1152530986826,0
"r8_N50_T40_rep2",138,20,85.8608531632613,0
"r8_N50_T40_rep2",138,21,65.2082222610195,0
"r8_N50_T40_rep2",138,22,56.8414874012664,0
"r8_N50_T40_rep2",138,23,68.902906414597,0
"r8_N50_T40_rep2",138,24,80.9363341156885,0
"r8_N50_T40_rep2",138,25,103.283618318567,0
"r8_N50_T40_rep2",138,26,84.0001081242937,0
"r8_N50_T40_rep2",138,27,95.860460042113,0
"r8_N50_T40_rep2",138,28,114.41076314342,0
"r8_N50_T40_rep2",138,29,97.146411182893,0
"r8_N50_T40_rep2",138,30,114.598768954932,0
"r8_N50_T40_rep2",138,31,119.070806752347,0
"r8_N50_T40_rep2",138,32,105.640308787797,0
"r8_N50_T40_rep2",138,33,104.277948167631,0
"r8_N50_T40_rep2",138,34,114.092316610977,0
"r8_N50_T40_rep2",138,35,121.136055115826,0
"r8_N50_T40_rep2",138,36,130.095757537312,0
"r8_N50_T40_rep2",138,37,129.96982073817,0
"r8_N50_T40_rep2",138,38,146.045351090556,0
"r8_N50_T40_rep2",138,39,157.258774869749,0
"r8_N50_T40_rep2",138,40,157.289122068739,0
"r8_N50_T40_rep2",138,41,172.426873696301,0
"r8_N50_T40_rep2",138,42,170.608555167524,0
"r8_N50_T40_rep2",138,43,156.121916741719,0
"r8_N50_T40_rep2",138,44,149.460315673479,0
"r8_N50_T40_rep2",138,45,141.41023988162,0
"r8_N50_T40_rep2",138,46,157.365231772579,0
"r8_N50_T40_rep2",138,47,170.278907324213,0
"r8_N50_T40_rep2",138,48,158.813394036636,0
"r8_N50_T40_rep2",138,49,195.948928793245,0
"r8_N50_T40_rep2",138,50,192.95161676328,0
"r8_N50_T40_rep2",139,1,-8.71217061314596,0
"r8_N50_T40_rep2",139,2,-1.4175873904456,0
"r8_N50_T40_rep2",139,3,9.58979088989648,0
"r8_N50_T40_rep2",139,4,-10.4055296671787,0
"r8_N50_T40_rep2",139,5,10.4852513074589,0
"r8_N50_T40_rep2",139,6,53.4646010427785,0
"r8_N50_T40_rep2",139,7,24.6738506351063,0
"r8_N50_T40_rep2",139,8,10.5504061991564,0
"r8_N50_T40_rep2",139,9,39.5496523003837,0
"r8_N50_T40_rep2",139,10,56.6619802602274,0
"r8_N50_T40_rep2",139,11,31.4163139998466,0
"r8_N50_T40_rep2",139,12,46.0779505430245,0
"r8_N50_T40_rep2",139,13,66.1460981318254,0
"r8_N50_T40_rep2",139,14,69.0615024729986,0
"r8_N50_T40_rep2",139,15,44.5567195038402,0
"r8_N50_T40_rep2",139,16,39.9973766967565,0
"r8_N50_T40_rep2",139,17,75.3207300317174,0
"r8_N50_T40_rep2",139,18,71.5568608396606,0
"r8_N50_T40_rep2",139,19,101.719493161173,0
"r8_N50_T40_rep2",139,20,67.8698623086279,0
"r8_N50_T40_rep2",139,21,79.434932700301,0
"r8_N50_T40_rep2",139,22,74.4572462476222,0
"r8_N50_T40_rep2",139,23,97.5154410843599,0
"r8_N50_T40_rep2",139,24,112.691436556911,0
"r8_N50_T40_rep2",139,25,119.801887223619,0
"r8_N50_T40_rep2",139,26,114.268845371246,0
"r8_N50_T40_rep2",139,27,107.72933474809,0
"r8_N50_T40_rep2",139,28,107.295134078918,0
"r8_N50_T40_rep2",139,29,118.801986860474,0
"r8_N50_T40_rep2",139,30,104.648105358638,0
"r8_N50_T40_rep2",139,31,111.652909613824,0
"r8_N50_T40_rep2",139,32,135.356931310338,0
"r8_N50_T40_rep2",139,33,142.131436593926,0
"r8_N50_T40_rep2",139,34,137.251375660597,0
"r8_N50_T40_rep2",139,35,154.902769860985,0
"r8_N50_T40_rep2",139,36,132.249109632327,0
"r8_N50_T40_rep2",139,37,163.436086503479,0
"r8_N50_T40_rep2",139,38,168.91853354619,0
"r8_N50_T40_rep2",139,39,148.218874355241,0
"r8_N50_T40_rep2",139,40,148.839671011309,0
"r8_N50_T40_rep2",139,41,138.999196894073,0
"r8_N50_T40_rep2",139,42,155.647296124974,0
"r8_N50_T40_rep2",139,43,156.496761361094,0
"r8_N50_T40_rep2",139,44,156.100492887439,0
"r8_N50_T40_rep2",139,45,167.38082427267,0
"r8_N50_T40_rep2",139,46,187.66108731937,0
"r8_N50_T40_rep2",139,47,180.566965396475,0
"r8_N50_T40_rep2",139,48,188.255533962061,0
"r8_N50_T40_rep2",139,49,171.60429366196,0
"r8_N50_T40_rep2",139,50,184.699704827975,0
"r8_N50_T40_rep2",140,1,-17.8491857027693,0
"r8_N50_T40_rep2",140,2,-9.76483979421658,0
"r8_N50_T40_rep2",140,3,-0.00606657660927157,0
"r8_N50_T40_rep2",140,4,-0.15649379446418,0
"r8_N50_T40_rep2",140,5,2.98849163292242,0
"r8_N50_T40_rep2",140,6,42.7863450141546,0
"r8_N50_T40_rep2",140,7,27.8658091166694,0
"r8_N50_T40_rep2",140,8,49.6603798250747,0
"r8_N50_T40_rep2",140,9,48.3599332623985,0
"r8_N50_T40_rep2",140,10,59.1905786765878,0
"r8_N50_T40_rep2",140,11,37.0790819235476,0
"r8_N50_T40_rep2",140,12,40.2572845356265,0
"r8_N50_T40_rep2",140,13,55.048413987974,0
"r8_N50_T40_rep2",140,14,55.000986883354,0
"r8_N50_T40_rep2",140,15,44.6321006619526,0
"r8_N50_T40_rep2",140,16,61.046862422971,0
"r8_N50_T40_rep2",140,17,102.240026223993,0
"r8_N50_T40_rep2",140,18,93.6411810296098,0
"r8_N50_T40_rep2",140,19,83.0940595137498,0
"r8_N50_T40_rep2",140,20,78.5029371907208,0
"r8_N50_T40_rep2",140,21,63.8302881900288,0
"r8_N50_T40_rep2",140,22,62.2021682998684,0
"r8_N50_T40_rep2",140,23,66.396953474018,0
"r8_N50_T40_rep2",140,24,96.7525047187473,0
"r8_N50_T40_rep2",140,25,102.665282693348,0
"r8_N50_T40_rep2",140,26,86.0336002066491,0
"r8_N50_T40_rep2",140,27,98.0339139022236,0
"r8_N50_T40_rep2",140,28,117.46383827987,0
"r8_N50_T40_rep2",140,29,99.4586886907826,0
"r8_N50_T40_rep2",140,30,118.314437637182,0
"r8_N50_T40_rep2",140,31,121.579865399755,0
"r8_N50_T40_rep2",140,32,127.639088476313,0
"r8_N50_T40_rep2",140,33,108.389271791213,0
"r8_N50_T40_rep2",140,34,124.503079456437,0
"r8_N50_T40_rep2",140,35,137.88363872773,0
"r8_N50_T40_rep2",140,36,131.870174282854,0
"r8_N50_T40_rep2",140,37,129.534778490732,0
"r8_N50_T40_rep2",140,38,158.080243675347,0
"r8_N50_T40_rep2",140,39,154.69136653659,0
"r8_N50_T40_rep2",140,40,153.654210687822,0
"r8_N50_T40_rep2",140,41,149.620476955525,0
"r8_N50_T40_rep2",140,42,160.422503958427,0
"r8_N50_T40_rep2",140,43,137.135793019405,0
"r8_N50_T40_rep2",140,44,147.595442835783,0
"r8_N50_T40_rep2",140,45,142.09300595104,0
"r8_N50_T40_rep2",140,46,153.808775618974,0
"r8_N50_T40_rep2",140,47,169.366728824169,0
"r8_N50_T40_rep2",140,48,173.119428986252,0
"r8_N50_T40_rep2",140,49,190.810718102226,0
"r8_N50_T40_rep2",140,50,204.209817813652,0
"r8_N50_T40_rep2",141,1,-6.83284632882508,0
"r8_N50_T40_rep2",141,2,-5.85884031550428,0
"r8_N50_T40_rep2",141,3,-4.564048727861,0
"r8_N50_T40_rep2",141,4,-4.32356851375904,0
"r8_N50_T40_rep2",141,5,17.7953065126122,0
"r8_N50_T40_rep2",141,6,42.7236583561723,0
"r8_N50_T40_rep2",141,7,26.7344127158092,0
"r8_N50_T40_rep2",141,8,12.1465540893441,0
"r8_N50_T40_rep2",141,9,42.7862656523239,0
"r8_N50_T40_rep2",141,10,72.5365486111226,0
"r8_N50_T40_rep2",141,11,64.2295418279244,0
"r8_N50_T40_rep2",141,12,39.8577555418351,0
"r8_N50_T40_rep2",141,13,54.3134633689957,0
"r8_N50_T40_rep2",141,14,83.9514610964486,0
"r8_N50_T40_rep2",141,15,58.8096093729403,0
"r8_N50_T40_rep2",141,16,43.8803434101169,0
"r8_N50_T40_rep2",141,17,92.9336224783511,0
"r8_N50_T40_rep2",141,18,80.2310424472644,0
"r8_N50_T40_rep2",141,19,77.6233553704193,0
"r8_N50_T40_rep2",141,20,73.8828463002935,0
"r8_N50_T40_rep2",141,21,82.9690450448093,0
"r8_N50_T40_rep2",141,22,73.9026458785748,0
"r8_N50_T40_rep2",141,23,68.4040879754185,0
"r8_N50_T40_rep2",141,24,96.4864475515683,0
"r8_N50_T40_rep2",141,25,105.933449026698,0
"r8_N50_T40_rep2",141,26,97.5595664615163,0
"r8_N50_T40_rep2",141,27,107.334582037499,0
"r8_N50_T40_rep2",141,28,118.308628322317,0
"r8_N50_T40_rep2",141,29,113.950793216589,0
"r8_N50_T40_rep2",141,30,117.950932946693,0
"r8_N50_T40_rep2",141,31,148.085726310874,0
"r8_N50_T40_rep2",141,32,147.491204535583,0
"r8_N50_T40_rep2",141,33,132.483104648833,0
"r8_N50_T40_rep2",141,34,128.233013948552,0
"r8_N50_T40_rep2",141,35,137.863728428402,0
"r8_N50_T40_rep2",141,36,134.657712818856,0
"r8_N50_T40_rep2",141,37,139.717114413484,0
"r8_N50_T40_rep2",141,38,165.025346942907,0
"r8_N50_T40_rep2",141,39,142.872125653948,0
"r8_N50_T40_rep2",141,40,139.011655618611,0
"r8_N50_T40_rep2",141,41,133.388124664802,0
"r8_N50_T40_rep2",141,42,144.136910200484,0
"r8_N50_T40_rep2",141,43,137.028691033458,0
"r8_N50_T40_rep2",141,44,147.984392065173,0
"r8_N50_T40_rep2",141,45,150.401848379052,0
"r8_N50_T40_rep2",141,46,169.085817607811,0
"r8_N50_T40_rep2",141,47,177.721483381965,0
"r8_N50_T40_rep2",141,48,193.196148747106,0
"r8_N50_T40_rep2",141,49,191.104276717462,0
"r8_N50_T40_rep2",141,50,187.983231065021,0
"r8_N50_T40_rep2",142,1,-12.7238681167691,0
"r8_N50_T40_rep2",142,2,-6.26462711201629,0
"r8_N50_T40_rep2",142,3,1.62230616779271,0
"r8_N50_T40_rep2",142,4,13.508635731829,0
"r8_N50_T40_rep2",142,5,4.38920456676606,0
"r8_N50_T40_rep2",142,6,23.831882441906,0
"r8_N50_T40_rep2",142,7,18.9267902029996,0
"r8_N50_T40_rep2",142,8,39.8229935064779,0
"r8_N50_T40_rep2",142,9,42.5258064430472,0
"r8_N50_T40_rep2",142,10,47.2987246832477,0
"r8_N50_T40_rep2",142,11,23.4129434149205,0
"r8_N50_T40_rep2",142,12,22.6432668428938,0
"r8_N50_T40_rep2",142,13,46.3002063927583,0
"r8_N50_T40_rep2",142,14,40.2475260167006,0
"r8_N50_T40_rep2",142,15,37.5628357784094,0
"r8_N50_T40_rep2",142,16,46.2025703888711,0
"r8_N50_T40_rep2",142,17,106.786211794853,0
"r8_N50_T40_rep2",142,18,92.9570973548317,0
"r8_N50_T40_rep2",142,19,83.3824383496473,0
"r8_N50_T40_rep2",142,20,73.6466775097379,0
"r8_N50_T40_rep2",142,21,46.7378525678007,0
"r8_N50_T40_rep2",142,22,47.5605702751169,0
"r8_N50_T40_rep2",142,23,58.0387613576515,0
"r8_N50_T40_rep2",142,24,90.5587985187502,0
"r8_N50_T40_rep2",142,25,98.0136543608942,0
"r8_N50_T40_rep2",142,26,91.6980408581034,0
"r8_N50_T40_rep2",142,27,82.0375642658842,0
"r8_N50_T40_rep2",142,28,107.736710115262,0
"r8_N50_T40_rep2",142,29,103.932777320478,0
"r8_N50_T40_rep2",142,30,121.795824752294,0
"r8_N50_T40_rep2",142,31,127.393791875265,0
"r8_N50_T40_rep2",142,32,131.963405375812,0
"r8_N50_T40_rep2",142,33,129.32141870993,0
"r8_N50_T40_rep2",142,34,136.546089147388,0
"r8_N50_T40_rep2",142,35,143.138756336608,0
"r8_N50_T40_rep2",142,36,146.061048505728,0
"r8_N50_T40_rep2",142,37,128.960542762537,0
"r8_N50_T40_rep2",142,38,150.488959755795,0
"r8_N50_T40_rep2",142,39,146.635129208298,0
"r8_N50_T40_rep2",142,40,159.952670325378,0
"r8_N50_T40_rep2",142,41,174.64924378091,0
"r8_N50_T40_rep2",142,42,146.205850626144,0
"r8_N50_T40_rep2",142,43,140.472919999659,0
"r8_N50_T40_rep2",142,44,143.828265307755,0
"r8_N50_T40_rep2",142,45,149.91748471469,0
"r8_N50_T40_rep2",142,46,151.426458152447,0
"r8_N50_T40_rep2",142,47,171.657184929567,0
"r8_N50_T40_rep2",142,48,167.380287208961,0
"r8_N50_T40_rep2",142,49,186.280227968507,0
"r8_N50_T40_rep2",142,50,195.379016253128,0
"r8_N50_T40_rep2",143,1,-2.20590059969215,0
"r8_N50_T40_rep2",143,2,-1.37092386591128,0
"r8_N50_T40_rep2",143,3,1.8014112959406,0
"r8_N50_T40_rep2",143,4,2.4981333362169,0
"r8_N50_T40_rep2",143,5,6.26531497451587,0
"r8_N50_T40_rep2",143,6,22.659826607947,0
"r8_N50_T40_rep2",143,7,9.10759985632553,0
"r8_N50_T40_rep2",143,8,19.7959722019929,0
"r8_N50_T40_rep2",143,9,34.1666365261673,0
"r8_N50_T40_rep2",143,10,49.1837770017286,0
"r8_N50_T40_rep2",143,11,50.9127037973346,0
"r8_N50_T40_rep2",143,12,55.6408696665936,0
"r8_N50_T40_rep2",143,13,63.4632397494308,0
"r8_N50_T40_rep2",143,14,77.0895806500625,0
"r8_N50_T40_rep2",143,15,69.8767352150874,0
"r8_N50_T40_rep2",143,16,62.8168943330522,0
"r8_N50_T40_rep2",143,17,92.979853574533,0
"r8_N50_T40_rep2",143,18,88.9467576056971,0
"r8_N50_T40_rep2",143,19,87.5556000237603,0
"r8_N50_T40_rep2",143,20,78.2670390363462,0
"r8_N50_T40_rep2",143,21,67.5919582192223,0
"r8_N50_T40_rep2",143,22,52.9244070244899,0
"r8_N50_T40_rep2",143,23,76.3840147491508,0
"r8_N50_T40_rep2",143,24,90.8704046731573,0
"r8_N50_T40_rep2",143,25,91.6706171085846,0
"r8_N50_T40_rep2",143,26,100.45985315095,0
"r8_N50_T40_rep2",143,27,104.393094550626,0
"r8_N50_T40_rep2",143,28,121.414106249941,0
"r8_N50_T40_rep2",143,29,134.383926897579,0
"r8_N50_T40_rep2",143,30,120.554985594223,0
"r8_N50_T40_rep2",143,31,126.697931287383,0
"r8_N50_T40_rep2",143,32,126.482808444391,0
"r8_N50_T40_rep2",143,33,129.378052937251,0
"r8_N50_T40_rep2",143,34,127.444749453677,0
"r8_N50_T40_rep2",143,35,132.723214882496,0
"r8_N50_T40_rep2",143,36,118.190609812013,0
"r8_N50_T40_rep2",143,37,126.919189982151,0
"r8_N50_T40_rep2",143,38,140.623796724211,0
"r8_N50_T40_rep2",143,39,140.246326757387,0
"r8_N50_T40_rep2",143,40,164.878401158821,0
"r8_N50_T40_rep2",143,41,159.285780768619,0
"r8_N50_T40_rep2",143,42,157.068261204469,0
"r8_N50_T40_rep2",143,43,158.530790350044,0
"r8_N50_T40_rep2",143,44,161.917055956081,0
"r8_N50_T40_rep2",143,45,172.907570028601,0
"r8_N50_T40_rep2",143,46,184.010732263187,0
"r8_N50_T40_rep2",143,47,193.891176108567,0
"r8_N50_T40_rep2",143,48,188.373417848202,0
"r8_N50_T40_rep2",143,49,197.841586392841,0
"r8_N50_T40_rep2",143,50,196.712612127285,0
"r8_N50_T40_rep2",144,1,-9.76454238541107,0
"r8_N50_T40_rep2",144,2,-4.56513098856654,0
"r8_N50_T40_rep2",144,3,17.4918664479556,0
"r8_N50_T40_rep2",144,4,12.5305818773045,0
"r8_N50_T40_rep2",144,5,27.1847657544795,0
"r8_N50_T40_rep2",144,6,27.7986181521884,0
"r8_N50_T40_rep2",144,7,13.8083127671534,0
"r8_N50_T40_rep2",144,8,12.167096658847,0
"r8_N50_T40_rep2",144,9,30.5641158931998,0
"r8_N50_T40_rep2",144,10,50.8708366165245,0
"r8_N50_T40_rep2",144,11,46.6517862233329,0
"r8_N50_T40_rep2",144,12,53.6772002054821,0
"r8_N50_T40_rep2",144,13,73.3474999705342,0
"r8_N50_T40_rep2",144,14,85.5701930734651,0
"r8_N50_T40_rep2",144,15,56.4227536023473,0
"r8_N50_T40_rep2",144,16,43.7652831628841,0
"r8_N50_T40_rep2",144,17,75.6725586890075,0
"r8_N50_T40_rep2",144,18,75.2499351359586,0
"r8_N50_T40_rep2",144,19,84.3723626446271,0
"r8_N50_T40_rep2",144,20,69.6451702088274,0
"r8_N50_T40_rep2",144,21,75.513177792138,0
"r8_N50_T40_rep2",144,22,73.6363045908198,0
"r8_N50_T40_rep2",144,23,89.7953644633293,0
"r8_N50_T40_rep2",144,24,100.585597301645,0
"r8_N50_T40_rep2",144,25,97.3935827987488,0
"r8_N50_T40_rep2",144,26,103.744653987298,0
"r8_N50_T40_rep2",144,27,105.211279146902,0
"r8_N50_T40_rep2",144,28,113.615815300302,0
"r8_N50_T40_rep2",144,29,114.159400866295,0
"r8_N50_T40_rep2",144,30,111.603064772795,0
"r8_N50_T40_rep2",144,31,117.907463195444,0
"r8_N50_T40_rep2",144,32,136.110211160721,0
"r8_N50_T40_rep2",144,33,146.853658141209,0
"r8_N50_T40_rep2",144,34,127.617265884693,0
"r8_N50_T40_rep2",144,35,144.231605944896,0
"r8_N50_T40_rep2",144,36,135.204790318427,0
"r8_N50_T40_rep2",144,37,127.712310014303,0
"r8_N50_T40_rep2",144,38,145.612896863599,0
"r8_N50_T40_rep2",144,39,150.728851494819,0
"r8_N50_T40_rep2",144,40,151.93337472757,0
"r8_N50_T40_rep2",144,41,140.006799799751,0
"r8_N50_T40_rep2",144,42,157.652409196266,0
"r8_N50_T40_rep2",144,43,150.906451109377,0
"r8_N50_T40_rep2",144,44,158.970900445074,0
"r8_N50_T40_rep2",144,45,170.498568777813,0
"r8_N50_T40_rep2",144,46,176.050198111868,0
"r8_N50_T40_rep2",144,47,179.037664284638,0
"r8_N50_T40_rep2",144,48,191.022573283916,0
"r8_N50_T40_rep2",144,49,180.858533278553,0
"r8_N50_T40_rep2",144,50,172.830717983038,0
"r8_N50_T40_rep2",145,1,-33.2435811453519,0
"r8_N50_T40_rep2",145,2,-7.13989368984265,0
"r8_N50_T40_rep2",145,3,-1.89612031544155,0
"r8_N50_T40_rep2",145,4,1.8476826969187,0
"r8_N50_T40_rep2",145,5,5.97826659281117,0
"r8_N50_T40_rep2",145,6,20.6335133146155,0
"r8_N50_T40_rep2",145,7,11.9107144097303,0
"r8_N50_T40_rep2",145,8,26.2663407682227,0
"r8_N50_T40_rep2",145,9,48.8607377375058,0
"r8_N50_T40_rep2",145,10,53.7830044493721,0
"r8_N50_T40_rep2",145,11,37.8448227120345,0
"r8_N50_T40_rep2",145,12,47.9919599568173,0
"r8_N50_T40_rep2",145,13,71.3529290940059,0
"r8_N50_T40_rep2",145,14,63.9883771730702,0
"r8_N50_T40_rep2",145,15,44.5267103518897,0
"r8_N50_T40_rep2",145,16,57.9880379452804,0
"r8_N50_T40_rep2",145,17,98.4058674792483,0
"r8_N50_T40_rep2",145,18,96.7230664245207,0
"r8_N50_T40_rep2",145,19,77.1896720862407,0
"r8_N50_T40_rep2",145,20,82.2532456566737,0
"r8_N50_T40_rep2",145,21,74.7104429208916,0
"r8_N50_T40_rep2",145,22,66.9114023345915,0
"r8_N50_T40_rep2",145,23,74.7710129609124,0
"r8_N50_T40_rep2",145,24,92.6213293554614,0
"r8_N50_T40_rep2",145,25,107.227746597508,0
"r8_N50_T40_rep2",145,26,97.2731658915234,0
"r8_N50_T40_rep2",145,27,109.002735281151,0
"r8_N50_T40_rep2",145,28,106.252480052736,0
"r8_N50_T40_rep2",145,29,102.001888240654,0
"r8_N50_T40_rep2",145,30,108.494714305164,0
"r8_N50_T40_rep2",145,31,112.050382873904,0
"r8_N50_T40_rep2",145,32,121.206150882901,0
"r8_N50_T40_rep2",145,33,110.629784522478,0
"r8_N50_T40_rep2",145,34,122.047785232518,0
"r8_N50_T40_rep2",145,35,132.57112348004,0
"r8_N50_T40_rep2",145,36,138.075248388436,0
"r8_N50_T40_rep2",145,37,118.630375289253,0
"r8_N50_T40_rep2",145,38,149.885148539041,0
"r8_N50_T40_rep2",145,39,162.855612041461,0
"r8_N50_T40_rep2",145,40,174.385511689407,0
"r8_N50_T40_rep2",145,41,166.392761984052,0
"r8_N50_T40_rep2",145,42,167.03849182238,0
"r8_N50_T40_rep2",145,43,136.579701209226,0
"r8_N50_T40_rep2",145,44,160.07210251363,0
"r8_N50_T40_rep2",145,45,140.047302096682,0
"r8_N50_T40_rep2",145,46,159.809518836345,0
"r8_N50_T40_rep2",145,47,160.691021434547,0
"r8_N50_T40_rep2",145,48,177.437759387216,0
"r8_N50_T40_rep2",145,49,196.5351503834,0
"r8_N50_T40_rep2",145,50,196.711433093512,0
"r8_N50_T40_rep2",146,1,-15.5493320132106,0
"r8_N50_T40_rep2",146,2,-19.1159233276268,0
"r8_N50_T40_rep2",146,3,16.677562826993,0
"r8_N50_T40_rep2",146,4,7.6871199319678,0
"r8_N50_T40_rep2",146,5,24.3109937526354,0
"r8_N50_T40_rep2",146,6,40.3411098266993,0
"r8_N50_T40_rep2",146,7,14.1453212351239,0
"r8_N50_T40_rep2",146,8,24.3203876050659,0
"r8_N50_T40_rep2",146,9,41.6202034009221,0
"r8_N50_T40_rep2",146,10,41.3859249394696,0
"r8_N50_T40_rep2",146,11,33.0142361336422,0
"r8_N50_T40_rep2",146,12,35.6502973694195,0
"r8_N50_T40_rep2",146,13,71.1120571567698,0
"r8_N50_T40_rep2",146,14,66.8271222693445,0
"r8_N50_T40_rep2",146,15,40.0490400694088,0
"r8_N50_T40_rep2",146,16,58.0906150347697,0
"r8_N50_T40_rep2",146,17,94.0836986545965,0
"r8_N50_T40_rep2",146,18,76.8676519315933,0
"r8_N50_T40_rep2",146,19,90.234516637473,0
"r8_N50_T40_rep2",146,20,87.232296866806,0
"r8_N50_T40_rep2",146,21,73.1978009921275,0
"r8_N50_T40_rep2",146,22,56.7981246185482,0
"r8_N50_T40_rep2",146,23,74.536963519384,0
"r8_N50_T40_rep2",146,24,97.3542110567608,0
"r8_N50_T40_rep2",146,25,99.9929233220514,0
"r8_N50_T40_rep2",146,26,104.452525963264,0
"r8_N50_T40_rep2",146,27,93.9649190117151,0
"r8_N50_T40_rep2",146,28,105.984555344685,0
"r8_N50_T40_rep2",146,29,105.245780371758,0
"r8_N50_T40_rep2",146,30,103.400778371592,0
"r8_N50_T40_rep2",146,31,107.01213331424,0
"r8_N50_T40_rep2",146,32,120.666557830208,0
"r8_N50_T40_rep2",146,33,131.235606200664,0
"r8_N50_T40_rep2",146,34,128.018905831621,0
"r8_N50_T40_rep2",146,35,146.190074188151,0
"r8_N50_T40_rep2",146,36,137.871230850775,0
"r8_N50_T40_rep2",146,37,137.485869344382,0
"r8_N50_T40_rep2",146,38,155.484894282208,0
"r8_N50_T40_rep2",146,39,145.293934938266,0
"r8_N50_T40_rep2",146,40,162.413485427571,0
"r8_N50_T40_rep2",146,41,161.737514781589,0
"r8_N50_T40_rep2",146,42,155.696653811853,0
"r8_N50_T40_rep2",146,43,155.368137738384,0
"r8_N50_T40_rep2",146,44,155.931443731645,0
"r8_N50_T40_rep2",146,45,147.359120014481,0
"r8_N50_T40_rep2",146,46,155.159385807561,0
"r8_N50_T40_rep2",146,47,166.405203735527,0
"r8_N50_T40_rep2",146,48,177.386189216457,0
"r8_N50_T40_rep2",146,49,181.887663852232,0
"r8_N50_T40_rep2",146,50,192.475783410735,0
"r8_N50_T40_rep2",147,1,-14.6462127074683,0
"r8_N50_T40_rep2",147,2,-17.2787537462486,0
"r8_N50_T40_rep2",147,3,9.7784874601129,0
"r8_N50_T40_rep2",147,4,0.154841680929418,0
"r8_N50_T40_rep2",147,5,-4.10277788286036,0
"r8_N50_T40_rep2",147,6,30.4219114216342,0
"r8_N50_T40_rep2",147,7,25.2808731433315,0
"r8_N50_T40_rep2",147,8,25.4954662264235,0
"r8_N50_T40_rep2",147,9,38.0803824205158,0
"r8_N50_T40_rep2",147,10,53.4576857441511,0
"r8_N50_T40_rep2",147,11,44.8205728180022,0
"r8_N50_T40_rep2",147,12,41.5488761430964,0
"r8_N50_T40_rep2",147,13,63.4649514206778,0
"r8_N50_T40_rep2",147,14,54.064656407617,0
"r8_N50_T40_rep2",147,15,42.8256715041848,0
"r8_N50_T40_rep2",147,16,41.3503705695084,0
"r8_N50_T40_rep2",147,17,81.0150865273805,0
"r8_N50_T40_rep2",147,18,79.030702490608,0
"r8_N50_T40_rep2",147,19,90.2084474785179,0
"r8_N50_T40_rep2",147,20,81.7936036064651,0
"r8_N50_T40_rep2",147,21,74.1660815972162,0
"r8_N50_T40_rep2",147,22,63.4513423160498,0
"r8_N50_T40_rep2",147,23,91.8899049334281,0
"r8_N50_T40_rep2",147,24,94.713931842279,0
"r8_N50_T40_rep2",147,25,100.757285737214,0
"r8_N50_T40_rep2",147,26,86.9222016063934,0
"r8_N50_T40_rep2",147,27,96.5705452011928,0
"r8_N50_T40_rep2",147,28,114.519891602808,0
"r8_N50_T40_rep2",147,29,98.6195358085996,0
"r8_N50_T40_rep2",147,30,112.661481328567,0
"r8_N50_T40_rep2",147,31,106.351647020266,0
"r8_N50_T40_rep2",147,32,108.813957113733,0
"r8_N50_T40_rep2",147,33,114.137944658615,0
"r8_N50_T40_rep2",147,34,115.189834621492,0
"r8_N50_T40_rep2",147,35,124.895006186728,0
"r8_N50_T40_rep2",147,36,144.909466299547,0
"r8_N50_T40_rep2",147,37,135.282488153268,0
"r8_N50_T40_rep2",147,38,152.889049179297,0
"r8_N50_T40_rep2",147,39,157.1674615665,0
"r8_N50_T40_rep2",147,40,169.40646848118,0
"r8_N50_T40_rep2",147,41,156.347053398924,0
"r8_N50_T40_rep2",147,42,159.723963691056,0
"r8_N50_T40_rep2",147,43,160.770172976224,0
"r8_N50_T40_rep2",147,44,149.64698283253,0
"r8_N50_T40_rep2",147,45,153.898198681005,0
"r8_N50_T40_rep2",147,46,132.971412785049,0
"r8_N50_T40_rep2",147,47,157.630670045058,0
"r8_N50_T40_rep2",147,48,159.533674431208,0
"r8_N50_T40_rep2",147,49,173.039328112707,0
"r8_N50_T40_rep2",147,50,193.262952647429,0
"r8_N50_T40_rep2",148,1,-6.96521447106332,0
"r8_N50_T40_rep2",148,2,0.578450710527688,0
"r8_N50_T40_rep2",148,3,5.69043734001673,0
"r8_N50_T40_rep2",148,4,-2.44030561629133,0
"r8_N50_T40_rep2",148,5,4.92413795102342,0
"r8_N50_T40_rep2",148,6,19.7841425270885,0
"r8_N50_T40_rep2",148,7,17.9351790442803,0
"r8_N50_T40_rep2",148,8,19.9029129809359,0
"r8_N50_T40_rep2",148,9,32.5309291370674,0
"r8_N50_T40_rep2",148,10,39.0662113544018,0
"r8_N50_T40_rep2",148,11,46.3383824751971,0
"r8_N50_T40_rep2",148,12,39.7059582731064,0
"r8_N50_T40_rep2",148,13,65.8646366228037,0
"r8_N50_T40_rep2",148,14,65.7201863823563,0
"r8_N50_T40_rep2",148,15,53.2554234706881,0
"r8_N50_T40_rep2",148,16,55.9796239024883,0
"r8_N50_T40_rep2",148,17,81.2586161045818,0
"r8_N50_T40_rep2",148,18,81.6507251363397,0
"r8_N50_T40_rep2",148,19,100.28050124829,0
"r8_N50_T40_rep2",148,20,76.7662013575169,0
"r8_N50_T40_rep2",148,21,78.9232560899471,0
"r8_N50_T40_rep2",148,22,61.6111506074603,0
"r8_N50_T40_rep2",148,23,74.2923729088143,0
"r8_N50_T40_rep2",148,24,79.3446041996677,0
"r8_N50_T40_rep2",148,25,105.190190231195,0
"r8_N50_T40_rep2",148,26,87.6897222275359,0
"r8_N50_T40_rep2",148,27,113.857962717026,0
"r8_N50_T40_rep2",148,28,125.740390552795,0
"r8_N50_T40_rep2",148,29,114.043119852691,0
"r8_N50_T40_rep2",148,30,116.054213588273,0
"r8_N50_T40_rep2",148,31,114.222709207859,0
"r8_N50_T40_rep2",148,32,111.647996679005,0
"r8_N50_T40_rep2",148,33,128.49391037973,0
"r8_N50_T40_rep2",148,34,116.998052735889,0
"r8_N50_T40_rep2",148,35,132.138958592243,0
"r8_N50_T40_rep2",148,36,122.552714472066,0
"r8_N50_T40_rep2",148,37,135.467671077214,0
"r8_N50_T40_rep2",148,38,137.933928779796,0
"r8_N50_T40_rep2",148,39,146.403483655716,0
"r8_N50_T40_rep2",148,40,158.007707544311,0
"r8_N50_T40_rep2",148,41,156.549923388761,1
"r8_N50_T40_rep2",148,42,164.575320321984,1
"r8_N50_T40_rep2",148,43,156.724148998886,1
"r8_N50_T40_rep2",148,44,159.665282496038,1
"r8_N50_T40_rep2",148,45,155.082007061605,1
"r8_N50_T40_rep2",148,46,167.471744471029,1
"r8_N50_T40_rep2",148,47,192.740392991231,1
"r8_N50_T40_rep2",148,48,185.42435682048,1
"r8_N50_T40_rep2",148,49,192.131805119512,1
"r8_N50_T40_rep2",148,50,196.649146282809,1
"r8_N50_T40_rep2",149,1,-10.0968262586377,0
"r8_N50_T40_rep2",149,2,-9.76589237537726,0
"r8_N50_T40_rep2",149,3,11.426417144788,0
"r8_N50_T40_rep2",149,4,13.4594842552442,0
"r8_N50_T40_rep2",149,5,6.21623238170255,0
"r8_N50_T40_rep2",149,6,36.2091542879254,0
"r8_N50_T40_rep2",149,7,25.7376478540952,0
"r8_N50_T40_rep2",149,8,22.8631942609886,0
"r8_N50_T40_rep2",149,9,34.9252099238523,0
"r8_N50_T40_rep2",149,10,38.5426331599583,0
"r8_N50_T40_rep2",149,11,24.2214501012728,0
"r8_N50_T40_rep2",149,12,41.7882150854628,0
"r8_N50_T40_rep2",149,13,52.6761564391704,0
"r8_N50_T40_rep2",149,14,51.5497287968192,0
"r8_N50_T40_rep2",149,15,34.0303315310654,0
"r8_N50_T40_rep2",149,16,33.6031763937156,0
"r8_N50_T40_rep2",149,17,80.6340920484048,0
"r8_N50_T40_rep2",149,18,78.6287796544377,0
"r8_N50_T40_rep2",149,19,98.3570047240188,0
"r8_N50_T40_rep2",149,20,72.0354706507178,0
"r8_N50_T40_rep2",149,21,66.5435162600082,0
"r8_N50_T40_rep2",149,22,56.263560066092,0
"r8_N50_T40_rep2",149,23,79.79537075747,0
"r8_N50_T40_rep2",149,24,101.113869144856,0
"r8_N50_T40_rep2",149,25,99.1754565897833,0
"r8_N50_T40_rep2",149,26,106.039532946419,0
"r8_N50_T40_rep2",149,27,88.5912305644513,0
"r8_N50_T40_rep2",149,28,106.675175544971,0
"r8_N50_T40_rep2",149,29,110.984517762132,0
"r8_N50_T40_rep2",149,30,107.039329003028,0
"r8_N50_T40_rep2",149,31,125.888053921243,0
"r8_N50_T40_rep2",149,32,140.537147315447,0
"r8_N50_T40_rep2",149,33,151.686384661338,0
"r8_N50_T40_rep2",149,34,134.140771722721,0
"r8_N50_T40_rep2",149,35,148.479732761676,0
"r8_N50_T40_rep2",149,36,154.167258285281,0
"r8_N50_T40_rep2",149,37,149.219083418546,0
"r8_N50_T40_rep2",149,38,164.982745251502,0
"r8_N50_T40_rep2",149,39,146.123273438075,0
"r8_N50_T40_rep2",149,40,156.216251408843,0
"r8_N50_T40_rep2",149,41,154.804150781934,0
"r8_N50_T40_rep2",149,42,135.449079463223,0
"r8_N50_T40_rep2",149,43,147.107030842607,0
"r8_N50_T40_rep2",149,44,154.140235093761,0
"r8_N50_T40_rep2",149,45,159.890219936865,0
"r8_N50_T40_rep2",149,46,158.630555701778,0
"r8_N50_T40_rep2",149,47,181.776178280658,0
"r8_N50_T40_rep2",149,48,182.849355627628,0
"r8_N50_T40_rep2",149,49,190.120623048534,0
"r8_N50_T40_rep2",149,50,183.441469514528,0
"r8_N50_T40_rep2",150,1,-6.37315234832038,0
"r8_N50_T40_rep2",150,2,-6.97198852584344,0
"r8_N50_T40_rep2",150,3,15.7085719623171,0
"r8_N50_T40_rep2",150,4,6.42686653601939,0
"r8_N50_T40_rep2",150,5,13.773126542951,0
"r8_N50_T40_rep2",150,6,19.3656803484656,0
"r8_N50_T40_rep2",150,7,19.5143825063357,0
"r8_N50_T40_rep2",150,8,22.2340816303275,0
"r8_N50_T40_rep2",150,9,31.7090809998479,0
"r8_N50_T40_rep2",150,10,49.3717485382557,0
"r8_N50_T40_rep2",150,11,29.1373612670497,0
"r8_N50_T40_rep2",150,12,58.2984574671715,0
"r8_N50_T40_rep2",150,13,75.6781617687449,0
"r8_N50_T40_rep2",150,14,72.4772221174197,0
"r8_N50_T40_rep2",150,15,35.9453109596445,0
"r8_N50_T40_rep2",150,16,52.3745073126444,0
"r8_N50_T40_rep2",150,17,75.444767730861,0
"r8_N50_T40_rep2",150,18,86.8423633660869,0
"r8_N50_T40_rep2",150,19,91.7519616912141,0
"r8_N50_T40_rep2",150,20,75.7838035866121,0
"r8_N50_T40_rep2",150,21,71.3723751130626,0
"r8_N50_T40_rep2",150,22,54.9286917909748,0
"r8_N50_T40_rep2",150,23,83.8173664926475,0
"r8_N50_T40_rep2",150,24,115.92860751738,0
"r8_N50_T40_rep2",150,25,108.892071979164,0
"r8_N50_T40_rep2",150,26,104.429461179023,0
"r8_N50_T40_rep2",150,27,110.346352013396,0
"r8_N50_T40_rep2",150,28,110.699767386536,0
"r8_N50_T40_rep2",150,29,107.61656649328,0
"r8_N50_T40_rep2",150,30,114.395710120703,0
"r8_N50_T40_rep2",150,31,104.296796875722,0
"r8_N50_T40_rep2",150,32,127.214930784788,0
"r8_N50_T40_rep2",150,33,139.395749838037,0
"r8_N50_T40_rep2",150,34,124.849219938964,0
"r8_N50_T40_rep2",150,35,132.365176395577,0
"r8_N50_T40_rep2",150,36,129.761417437356,0
"r8_N50_T40_rep2",150,37,141.900144054995,0
"r8_N50_T40_rep2",150,38,148.768391610509,0
"r8_N50_T40_rep2",150,39,155.302066150427,0
"r8_N50_T40_rep2",150,40,176.383177024042,0
"r8_N50_T40_rep2",150,41,154.393051794018,0
"r8_N50_T40_rep2",150,42,155.413466913465,0
"r8_N50_T40_rep2",150,43,154.494231356263,0
"r8_N50_T40_rep2",150,44,157.184519606659,0
"r8_N50_T40_rep2",150,45,175.813410385702,0
"r8_N50_T40_rep2",150,46,161.25197760663,0
"r8_N50_T40_rep2",150,47,187.33452950374,0
"r8_N50_T40_rep2",150,48,179.934124537299,0
"r8_N50_T40_rep2",150,49,182.67367176423,0
"r8_N50_T40_rep2",150,50,179.708474956381,0
"r8_N50_T40_rep2",151,1,-16.3273433137785,0
"r8_N50_T40_rep2",151,2,-1.16015660104481,0
"r8_N50_T40_rep2",151,3,22.9597000384328,0
"r8_N50_T40_rep2",151,4,4.8960371700522,0
"r8_N50_T40_rep2",151,5,18.6934565585012,0
"r8_N50_T40_rep2",151,6,37.7059958087893,0
"r8_N50_T40_rep2",151,7,18.3143664879625,0
"r8_N50_T40_rep2",151,8,22.6087328830074,0
"r8_N50_T40_rep2",151,9,25.5259317427653,0
"r8_N50_T40_rep2",151,10,53.4399180033291,0
"r8_N50_T40_rep2",151,11,36.9782318717451,0
"r8_N50_T40_rep2",151,12,30.6467087157296,0
"r8_N50_T40_rep2",151,13,52.6814917081666,0
"r8_N50_T40_rep2",151,14,61.3846291996315,0
"r8_N50_T40_rep2",151,15,34.2804653286472,0
"r8_N50_T40_rep2",151,16,43.265435685422,0
"r8_N50_T40_rep2",151,17,87.6913940291545,0
"r8_N50_T40_rep2",151,18,67.1301345311002,0
"r8_N50_T40_rep2",151,19,87.1485470124699,0
"r8_N50_T40_rep2",151,20,80.6122659783519,0
"r8_N50_T40_rep2",151,21,83.0805630966578,0
"r8_N50_T40_rep2",151,22,60.4272170305671,0
"r8_N50_T40_rep2",151,23,56.9885101182034,0
"r8_N50_T40_rep2",151,24,97.1246214154443,0
"r8_N50_T40_rep2",151,25,99.9251661535432,0
"r8_N50_T40_rep2",151,26,100.249775411336,0
"r8_N50_T40_rep2",151,27,105.572213339244,0
"r8_N50_T40_rep2",151,28,112.928508068241,0
"r8_N50_T40_rep2",151,29,110.929959357165,0
"r8_N50_T40_rep2",151,30,100.600909608703,0
"r8_N50_T40_rep2",151,31,113.405199220133,0
"r8_N50_T40_rep2",151,32,131.416704655176,0
"r8_N50_T40_rep2",151,33,133.100024852773,0
"r8_N50_T40_rep2",151,34,126.503847030039,0
"r8_N50_T40_rep2",151,35,140.083243196084,0
"r8_N50_T40_rep2",151,36,132.818871341884,0
"r8_N50_T40_rep2",151,37,132.724765246458,0
"r8_N50_T40_rep2",151,38,152.272990416515,0
"r8_N50_T40_rep2",151,39,146.03843840164,0
"r8_N50_T40_rep2",151,40,140.797644023293,0
"r8_N50_T40_rep2",151,41,153.096294692615,0
"r8_N50_T40_rep2",151,42,146.17126939455,0
"r8_N50_T40_rep2",151,43,144.290866983009,0
"r8_N50_T40_rep2",151,44,148.369235287816,0
"r8_N50_T40_rep2",151,45,160.249292195886,0
"r8_N50_T40_rep2",151,46,160.588414448141,0
"r8_N50_T40_rep2",151,47,183.416907423559,0
"r8_N50_T40_rep2",151,48,178.963604680065,0
"r8_N50_T40_rep2",151,49,189.097285804707,0
"r8_N50_T40_rep2",151,50,190.787790484151,0
