state,year,month,employment_per
1,1982,1,86.2323625416598
1,1982,2,85.0412016370771
1,1982,3,88.0320178839841
1,1982,4,87.9992300005562
1,1982,5,87.0857760083014
1,1982,6,86.5550121728758
1,1982,7,83.6424450950374
1,1982,8,83.5573552915444
1,1982,9,85.4338254600058
1,1982,10,84.9289343709439
1,1982,11,85.8165817513697
1,1982,12,84.0737455852269
1,1983,1,84.5541649103494
1,1983,2,84.670213877232
1,1983,3,86.5237974696809
1,1983,4,85.7888747862611
1,1983,5,87.135277766102
1,1983,6,85.0392143908039
1,1983,7,86.730018740481
1,1983,8,86.2295345595613
1,1983,9,86.6197487578171
1,1983,10,87.0306908553094
1,1983,11,87.6380329988611
1,1983,12,88.3523439397733
1,1984,1,86.5533096434943
1,1984,2,86.3389830837302
1,1984,3,88.8229327498857
1,1984,4,89.8240468179405
1,1984,5,91.1291926699137
1,1984,6,88.3416711222012
1,1984,7,86.103627317764
1,1984,8,88.1000384514981
1,1984,9,89.6121018029934
1,1984,10,90.7819392465537
1,1984,11,90.7734311131023
1,1984,12,91.8642310488977
1,1985,1,90.5030078030525
1,1985,2,87.1841863164187
1,1985,3,90.2976555153106
1,1985,4,91.8781892218048
1,1985,5,91.5809272537888
1,1985,6,90.895482113323
1,1985,7,92.5724719310252
1,1985,8,91.0813668283537
1,1985,9,91.2434607177425
1,1985,10,92.4404235069183
1,1985,11,92.0851008354172
1,1985,12,91.5325369227902
1,1986,1,90.8424506666696
1,1986,2,90.2983385018346
1,1986,3,89.4061099597543
1,1986,4,89.7725738455309
1,1986,5,90.6817808649208
1,1986,6,87.5810121191579
1,1986,7,89.2307055726
1,1986,8,90.3396839268617
1,1986,9,91.0108029915658
1,1986,10,90.0453751249469
1,1986,11,90.1632478031614
1,1986,12,90.8409725777633
1,1987,1,90.1246786608489
1,1987,2,91.2933663031811
1,1987,3,91.7103677508432
1,1987,4,93.0879071933714
1,1987,5,91.509364666315
1,1987,6,92.5149224070807
1,1987,7,93.4422299926545
1,1987,8,92.8765021026766
1,1987,9,93.1166309867494
1,1987,10,92.0306782016354
1,1987,11,93.1244222109581
1,1987,12,92.3678978486069
1,1988,1,92.4006733210005
1,1988,2,92.7816967114193
1,1988,3,93.1891758638368
1,1988,4,92.7172144077849
1,1988,5,92.1760816739102
1,1988,6,91.8769560660483
1,1988,7,92.2156237550095
1,1988,8,93.1966784736669
1,1988,9,93.2169257136917
1,1988,10,94.2011526416789
1,1988,11,91.6528555389649
1,1988,12,92.0221935362966
1,1989,1,91.5045656345949
1,1989,2,93.5124974056033
1,1989,3,93.3234045114726
1,1989,4,93.7450707971242
1,1989,5,93.3593781600749
1,1989,6,91.7435818050617
1,1989,7,91.6275556932113
1,1989,8,92.8269300933255
1,1989,9,93.3826048468189
1,1989,10,94.1558863830853
1,1989,11,93.8109855761412
1,1989,12,93.0451260536354
1,1990,1,93.2206395260828
1,1990,2,92.0193114230105
1,1990,3,93.5537192530543
1,1990,4,93.2041259892341
1,1990,5,93.1169609045886
1,1990,6,91.5682591415934
1,1990,7,93.2217845820577
1,1990,8,91.8638565162779
1,1990,9,91.8566044850987
1,1990,10,92.7245460415534
1,1990,11,94.2738330999091
1,1990,12,93.749488252266
1,1991,1,93.7781193536991
1,1991,2,91.3402368548565
1,1991,3,91.8552609598157
1,1991,4,92.8714403300637
1,1991,5,93.0208678393826
1,1991,6,91.6460975596634
1,1991,7,92.7286011954434
1,1991,8,92.4393846833268
1,1991,9,92.9984010821758
1,1991,10,93.2527902910705
1,1991,11,93.6935521296446
1,1991,12,92.6128892753432
1,1992,1,93.5060600545866
1,1992,2,91.16317389702
1,1992,3,91.8923099344689
1,1992,4,92.4449204753866
1,1992,5,91.3610508689793
1,1992,6,90.91102556509
1,1992,7,91.5552381628655
1,1992,8,92.7204759613424
1,1992,9,93.4933836284965
1,1992,10,92.7206949220983
1,1992,11,93.5830021158663
1,1992,12,92.8915588051701
1,1993,1,91.6961279971448
1,1993,2,91.9796272578798
1,1993,3,91.2875540294401
1,1993,4,92.8213621129176
1,1993,5,92.8485622479918
1,1993,6,90.5376499121296
1,1993,7,90.9410403541407
1,1993,8,92.4387683959624
1,1993,9,92.7219146077569
1,1993,10,94.0640041941077
1,1993,11,93.0895325029161
1,1993,12,93.2790177304819
1,1994,1,91.4821025756865
1,1994,2,92.9286144955571
1,1994,3,93.888921666007
1,1994,4,94.9257002086499
1,1994,5,94.705551797244
1,1994,6,92.3913771991612
1,1994,7,93.0371659312446
1,1994,8,92.6750317621185
1,1994,9,95.1851862366658
1,1994,10,94.7609228137111
1,1994,11,94.6144270887672
1,1994,12,95.1649403704245
1,1995,1,91.7648999173751
1,1995,2,92.3946479593645
1,1995,3,94.8404490922559
1,1995,4,93.6293029561983
1,1995,5,94.0816766583389
1,1995,6,91.4574635558387
1,1995,7,91.9812735886339
1,1995,8,93.0746916114456
1,1995,9,94.784595144763
1,1995,10,94.6904040051461
1,1995,11,95.095220891816
1,1995,12,94.2964026198455
1,1996,1,96.0724733552222
1,1996,2,93.5068697861909
1,1996,3,94.4760242502687
1,1996,4,93.9642012662305
1,1996,5,93.9866527912663
1,1996,6,94.3602623880146
1,1996,7,94.0978852631014
1,1996,8,94.8800490093229
1,1996,9,95.5938180362686
1,1996,10,94.0731064635295
1,1996,11,94.7797503744122
1,1996,12,96.5697791509703
1,1997,1,94.8274377152555
1,1997,2,94.7531316171783
1,1997,3,95.5140509046279
1,1997,4,95.3274832018841
1,1997,5,94.6467089580537
1,1997,6,94.3549875515103
1,1997,7,93.8530863680804
1,1997,8,94.0920874854842
1,1997,9,94.3443786162578
1,1997,10,94.7043532319931
1,1997,11,95.5681265743874
1,1997,12,96.1987160996839
1,1998,1,96.0185390697184
1,1998,2,95.8112901508211
1,1998,3,95.941151242246
1,1998,4,96.7027535558323
1,1998,5,95.4396779393045
1,1998,6,94.6322459923907
1,1998,7,95.2410723611028
1,1998,8,95.6897520933083
1,1998,9,94.8619596396231
1,1998,10,94.857289706694
1,1998,11,95.6245716592191
1,1998,12,96.338434186802
1,1999,1,95.7471145875624
1,1999,2,95.1550940527477
1,1999,3,95.3038907766576
1,1999,4,95.3493283387128
1,1999,5,94.9699267538773
1,1999,6,94.6544256531339
1,1999,7,95.612344057869
1,1999,8,94.5711984488066
1,1999,9,94.6597224322393
1,1999,10,95.6010185229072
1,1999,11,95.5497673800206
1,1999,12,94.7027998975227
1,2000,1,93.6668120315955
1,2000,2,94.9950810180028
1,2000,3,96.2967471501239
1,2000,4,95.7649550260175
1,2000,5,95.3905143222555
1,2000,6,95.6131133105845
1,2000,7,95.1936244161265
1,2000,8,93.9064932462898
1,2000,9,95.3598525263802
1,2000,10,94.8493928831782
1,2000,11,94.5144392614239
1,2000,12,95.7760291127271
1,2001,1,93.8201032479264
1,2001,2,94.2682190211031
1,2001,3,93.5149167451244
1,2001,4,95.7314438025034
1,2001,5,96.431948135261
1,2001,6,95.0564505944006
1,2001,7,94.7975653523613
1,2001,8,94.0823942562625
1,2001,9,94.0478546826944
1,2001,10,94.4384899523955
1,2001,11,93.6585618697557
1,2001,12,94.0060024520467
1,2002,1,94.8183723923991
1,2002,2,93.6614460350711
1,2002,3,93.3518175258854
1,2002,4,95.422720818549
1,2002,5,94.7816601971437
1,2002,6,94.2445639261757
1,2002,7,93.7725610776136
1,2002,8,93.3544805264548
1,2002,9,93.8890756779296
1,2002,10,93.7218254701482
1,2002,11,93.4152869972297
1,2002,12,94.5761609058793
1,2003,1,94.2124070111658
1,2003,2,94.686331869077
1,2003,3,94.3063495793356
1,2003,4,94.78439695812
1,2003,5,94.9333652090174
1,2003,6,93.496709474047
1,2003,7,94.2529243427186
1,2003,8,93.8337895050969
1,2003,9,94.555201977316
1,2003,10,93.2618469655933
1,2003,11,93.1086668693451
1,2003,12,93.9864054524751
1,2004,1,93.1019651763445
1,2004,2,94.9983024824609
1,2004,3,93.5937307009276
1,2004,4,94.579329711146
1,2004,5,94.5865215924719
1,2004,6,94.6970600812745
1,2004,7,93.5467942383801
1,2004,8,92.8547395102699
1,2004,9,94.4861146605048
1,2004,10,94.3310467612025
1,2004,11,94.791521204331
1,2004,12,94.1721816091574
1,2005,1,94.3749554383389
1,2005,2,94.7147494381607
1,2005,3,95.8365180243795
1,2005,4,96.6583064615353
1,2005,5,96.5427803418862
1,2005,6,95.2552888575434
1,2005,7,96.1613187589409
1,2005,8,95.7707766369338
1,2005,9,96.1617726019769
1,2005,10,94.5853331145274
1,2005,11,96.8320683777231
1,2005,12,96.1748936298964
1,2006,1,93.3191614320691
1,2006,2,95.1717279754617
1,2006,3,96.3209745609724
1,2006,4,96.4685524002429
1,2006,5,96.0468403305447
1,2006,6,95.6826231309792
1,2006,7,94.7235239704368
1,2006,8,95.8132156064529
1,2006,9,96.2121318868094
1,2006,10,96.5699216145483
1,2006,11,96.7108581527248
1,2006,12,95.2215372303912
1,2007,1,96.1340528958816
1,2007,2,95.3621730927697
1,2007,3,96.1734573436035
1,2007,4,97.0002039577384
1,2007,5,96.162387233806
1,2007,6,94.863232708977
1,2007,7,95.3081635073462
1,2007,8,95.3603009848666
1,2007,9,96.5704382671996
1,2007,10,97.7701184946043
1,2007,11,95.8904942021784
1,2007,12,94.9955316596736
1,2008,1,94.4723300553792
1,2008,2,95.9285588197342
1,2008,3,95.1563076999799
1,2008,4,96.2578952542862
1,2008,5,95.2021967697731
1,2008,6,94.0607319406562
1,2008,7,93.2642639270268
1,2008,8,94.8008152581338
1,2008,9,93.8348666665075
1,2008,10,94.0829316996812
1,2008,11,92.8428576480801
1,2008,12,92.4101542607225
1,2009,1,90.7875568658624
1,2009,2,89.7528752889425
1,2009,3,88.1370118982575
1,2009,4,90.5847912084141
1,2009,5,88.9264514739708
1,2009,6,88.210855423765
1,2009,7,88.0266164761565
1,2009,8,88.5184974426921
1,2009,9,87.3173881282984
1,2009,10,88.442840773069
1,2009,11,88.9579753247437
1,2009,12,88.4839762903121
1,2010,1,85.7043728669037
1,2010,2,87.9085242840918
1,2010,3,88.1627788947664
1,2010,4,88.5267791080526
1,2010,5,90.2754392305554
1,2010,6,90.2035580886004
1,2010,7,91.2670933203163
1,2010,8,90.7611018158194
1,2010,9,89.7089677431535
1,2010,10,89.0118931711852
1,2010,11,90.7930008538886
1,2010,12,89.8984430711191
1,2011,1,88.6842592682934
1,2011,2,88.7533748078818
1,2011,3,89.1457019651008
1,2011,4,88.3418845150463
1,2011,5,88.8608948111063
1,2011,6,88.765448217475
1,2011,7,89.8487795159645
1,2011,8,91.3890634843303
1,2011,9,90.7498171046446
1,2011,10,91.3437139915521
1,2011,11,92.1926649645308
1,2011,12,93.2280413967722
1,2012,1,91.2753804272229
1,2012,2,92.5852183943938
1,2012,3,92.0676746737664
1,2012,4,93.1091685732167
1,2012,5,91.247003537281
1,2012,6,89.4681754430635
1,2012,7,89.8846468839927
1,2012,8,91.0288092777762
1,2012,9,92.6892232355493
1,2012,10,91.5394060909885
1,2012,11,94.0869470945973
1,2012,12,94.9247202058552
1,2013,1,91.6153693247838
1,2013,2,91.3772838054152
1,2013,3,92.7149651053724
1,2013,4,94.1572768467786
1,2013,5,94.0410455997812
1,2013,6,93.768140786215
1,2013,7,92.8638007191433
1,2013,8,91.4541726734169
1,2013,9,92.4699386958328
1,2013,10,92.8770181050191
1,2013,11,94.1229467280743
1,2013,12,93.5530017434498
1,2014,1,91.4258482092912
1,2014,2,90.7187808191193
1,2014,3,91.8734650128957
1,2014,4,92.9407044908014
1,2014,5,94.8314508566472
1,2014,6,92.4944568335017
1,2014,7,90.6371158973055
1,2014,8,92.5873051379199
1,2014,9,94.0622313159426
1,2014,10,94.1534443048768
1,2014,11,94.6336584427046
1,2014,12,94.550864451098
1,2015,1,93.8725725798869
1,2015,2,94.7595430083218
1,2015,3,93.0862348803688
1,2015,4,94.8170995217357
1,2015,5,93.5502058285677
1,2015,6,93.42208859654
1,2015,7,93.0402439458421
1,2015,8,93.1141839528188
1,2015,9,94.3874120131551
1,2015,10,94.9025997477423
1,2015,11,94.2802203585116
1,2015,12,94.2307031169403
1,2016,1,93.4070270711286
1,2016,2,93.2215111207874
1,2016,3,93.578306144787
1,2016,4,94.429870618495
1,2016,5,94.3396485626599
1,2016,6,94.3228311266325
1,2016,7,95.1842974774444
1,2016,8,94.4858648252875
1,2016,9,93.6392661358682
1,2016,10,93.162730164831
1,2016,11,94.1030995921013
1,2016,12,93.5243606719629
1,2017,1,92.8325579146548
1,2017,2,94.3522837131497
1,2017,3,95.1571886430847
1,2017,4,96.3902376483178
1,2017,5,96.2075829619363
1,2017,6,95.2738139679886
1,2017,7,95.4771910840744
1,2017,8,96.4017875521655
1,2017,9,96.8779530146422
1,2017,10,96.3876761457029
1,2017,11,96.2397356168986
1,2017,12,96.4627478662583
1,2018,1,95.4186313485717
1,2018,2,95.794887081573
1,2018,3,95.943422674944
1,2018,4,96.3863609103569
1,2018,5,96.3329583180786
1,2018,6,95.1893257099338
1,2018,7,96.3692668759436
1,2018,8,96.1629336956012
1,2018,9,96.0557218383323
1,2018,10,96.4232716310713
1,2018,11,96.5603520047219
1,2018,12,96.3210131734274
1,2019,1,95.4158153717882
1,2019,2,96.3824351978697
1,2019,3,96.1539414821398
1,2019,4,96.540866915422
1,2019,5,97.833629878207
1,2019,6,97.4752938318861
1,2019,7,97.3694074480968
1,2019,8,97.1187867023213
1,2019,9,97.2186862035904
1,2019,10,97.4102457230622
1,2019,11,96.8932984927888
1,2019,12,97.0343851068962
2,1982,1,89.041331984476
2,1982,2,86.9326105383871
2,1982,3,86.5826152260239
2,1982,4,86.7856592779058
2,1982,5,89.9649144306519
2,1982,6,89.871490750695
2,1982,7,91.8326138733691
2,1982,8,92.5297301322398
2,1982,9,91.9461567496459
2,1982,10,90.9908203028253
2,1982,11,90.1199358419839
2,1982,12,89.326619956394
2,1983,1,85.6213435713099
2,1983,2,87.6690611280869
2,1983,3,87.4196885615397
2,1983,4,88.6011856611327
2,1983,5,90.0862552510066
2,1983,6,91.5793996858674
2,1983,7,91.0757965219913
2,1983,8,91.4028107883552
2,1983,9,91.268878705915
2,1983,10,91.7465851236558
2,1983,11,88.191993450199
2,1983,12,89.6800680013075
2,1984,1,87.7703179843056
2,1984,2,88.0147532669039
2,1984,3,89.2759476267888
2,1984,4,88.5984065453299
2,1984,5,89.9980109047269
2,1984,6,91.2092901955852
2,1984,7,91.9073326084616
2,1984,8,91.8564510329022
2,1984,9,92.1591968064576
2,1984,10,90.7060979558898
2,1984,11,91.0018516709118
2,1984,12,92.1973717551199
2,1985,1,89.8430063452983
2,1985,2,89.4740414444756
2,1985,3,90.5534530408982
2,1985,4,88.8046692340394
2,1985,5,90.0561931831027
2,1985,6,87.9891361771532
2,1985,7,91.6731767074495
2,1985,8,91.156741638486
2,1985,9,91.9115069431865
2,1985,10,92.2011004969091
2,1985,11,91.7168807906408
2,1985,12,90.6762673980387
2,1986,1,90.4223655394362
2,1986,2,89.5551736566656
2,1986,3,88.6474232821128
2,1986,4,88.1489749760819
2,1986,5,87.6119741758838
2,1986,6,86.9695740938633
2,1986,7,88.0122802608038
2,1986,8,90.4388380481871
2,1986,9,89.8737546532945
2,1986,10,89.4926073697678
2,1986,11,90.4281304691774
2,1986,12,90.0941942585359
2,1987,1,88.4688308685704
2,1987,2,87.2269426311093
2,1987,3,85.9309385885779
2,1987,4,85.5834083396606
2,1987,5,87.125605676471
2,1987,6,88.6596789365023
2,1987,7,91.0019012413209
2,1987,8,91.1770194453103
2,1987,9,90.710417468006
2,1987,10,90.7464259933947
2,1987,11,90.0855872337539
2,1987,12,91.4607186829071
2,1988,1,89.9722718891463
2,1988,2,89.9415990864015
2,1988,3,89.937748854905
2,1988,4,89.5523772518949
2,1988,5,87.5542610320352
2,1988,6,90.8297254435892
2,1988,7,93.4200342201078
2,1988,8,92.3117369465856
2,1988,9,91.127495601936
2,1988,10,92.0265920442254
2,1988,11,90.0106724335844
2,1988,12,91.5130223352931
2,1989,1,91.7305180717363
2,1989,2,91.1647541158207
2,1989,3,92.5720946456474
2,1989,4,93.3557267036431
2,1989,5,93.9517708120865
2,1989,6,93.6957833005558
2,1989,7,94.2945892885413
2,1989,8,93.8077403947861
2,1989,9,93.4382239685544
2,1989,10,94.0248573064611
2,1989,11,94.1838821626905
2,1989,12,92.0585348630114
2,1990,1,90.151404988677
2,1990,2,90.3925307335348
2,1990,3,92.630956048004
2,1990,4,92.2249949657056
2,1990,5,92.4029325116043
2,1990,6,93.4022994923595
2,1990,7,93.8301748121125
2,1990,8,94.378094160691
2,1990,9,93.92391027806
2,1990,10,93.4336401799836
2,1990,11,94.0319940559146
2,1990,12,92.8709163758249
2,1991,1,91.689667233456
2,1991,2,90.477010780854
2,1991,3,91.2249772391869
2,1991,4,92.7463893861569
2,1991,5,91.2905436737376
2,1991,6,91.1681025230852
2,1991,7,91.4612047443317
2,1991,8,92.7131241347384
2,1991,9,92.1379178301078
2,1991,10,89.8898121530512
2,1991,11,89.713974371254
2,1991,12,90.0700637270197
2,1992,1,87.9808555212199
2,1992,2,88.2248889021729
2,1992,3,90.326215640785
2,1992,4,90.9445506851187
2,1992,5,89.9395622030644
2,1992,6,89.6991474066145
2,1992,7,92.4804744322461
2,1992,8,91.5115327057378
2,1992,9,93.0167375913616
2,1992,10,91.2780260200122
2,1992,11,91.0106263438354
2,1992,12,92.245074850654
2,1993,1,89.6982164179701
2,1993,2,89.3831990906631
2,1993,3,90.7455741405368
2,1993,4,90.9779794673818
2,1993,5,89.8872701064671
2,1993,6,91.5195616850403
2,1993,7,93.4160196520998
2,1993,8,94.0335143806787
2,1993,9,95.2127847358119
2,1993,10,92.660108589697
2,1993,11,92.7838346521474
2,1993,12,92.0674056430349
2,1994,1,89.4975775270101
2,1994,2,90.3882627830439
2,1994,3,90.5928918861448
2,1994,4,91.4160268234133
2,1994,5,91.6750134001189
2,1994,6,92.7172903251344
2,1994,7,93.7128387771725
2,1994,8,94.4199433595001
2,1994,9,94.1069835455999
2,1994,10,93.200234722821
2,1994,11,92.1547081308964
2,1994,12,91.0718443853152
2,1995,1,90.5589777398709
2,1995,2,91.5781801558656
2,1995,3,91.2525650503838
2,1995,4,93.1611882297776
2,1995,5,93.3908663559066
2,1995,6,93.5368261244505
2,1995,7,94.1934688216448
2,1995,8,95.3469459299956
2,1995,9,93.2201302367732
2,1995,10,91.6192114443407
2,1995,11,92.1345198625909
2,1995,12,90.5163511952823
2,1996,1,90.1357656195463
2,1996,2,90.7342686037274
2,1996,3,90.1554359632883
2,1996,4,93.249050371741
2,1996,5,91.6430781697571
2,1996,6,90.8636908825186
2,1996,7,93.1451340235587
2,1996,8,94.2824186305051
2,1996,9,93.1999216887349
2,1996,10,93.2801877111745
2,1996,11,91.1250674249685
2,1996,12,91.8895267256456
2,1997,1,89.4139786904567
2,1997,2,90.0278383737713
2,1997,3,89.8472303646956
2,1997,4,90.7399088141224
2,1997,5,94.1198399338968
2,1997,6,93.5970890639283
2,1997,7,93.3036875164969
2,1997,8,93.4402370929287
2,1997,9,93.1570285422775
2,1997,10,91.8136975740091
2,1997,11,91.1773607692418
2,1997,12,93.320306164774
2,1998,1,93.2102474483984
2,1998,2,92.6648837251857
2,1998,3,94.1048919052597
2,1998,4,94.6677020568133
2,1998,5,94.3189489299774
2,1998,6,93.4936601193702
2,1998,7,94.1018838216566
2,1998,8,95.8363052545679
2,1998,9,95.002381867038
2,1998,10,93.3229073318605
2,1998,11,95.7823823657542
2,1998,12,92.5372273399228
2,1999,1,92.032136878462
2,1999,2,90.7574067873199
2,1999,3,91.6917831315326
2,1999,4,94.7061280773317
2,1999,5,91.4492519853813
2,1999,6,93.7729389530636
2,1999,7,94.3711473798036
2,1999,8,94.5165503749331
2,1999,9,95.9781895084028
2,1999,10,94.0242332428042
2,1999,11,94.0451444470701
2,1999,12,93.4230924934303
2,2000,1,90.9382038348282
2,2000,2,91.4509033780359
2,2000,3,89.7865847741677
2,2000,4,90.0664698673783
2,2000,5,93.764524082475
2,2000,6,93.5453452257257
2,2000,7,96.2715491654176
2,2000,8,95.665641939291
2,2000,9,94.248920461969
2,2000,10,94.9816049793316
2,2000,11,94.5225211893798
2,2000,12,93.5046348345025
2,2001,1,90.743967627507
2,2001,2,91.1224528831313
2,2001,3,91.9572672150658
2,2001,4,93.1034978280983
2,2001,5,94.6626067902933
2,2001,6,92.9754145922519
2,2001,7,93.7515559206774
2,2001,8,93.0020473744674
2,2001,9,94.0805466785193
2,2001,10,95.3262326455297
2,2001,11,95.2647597185937
2,2001,12,93.5213638723774
2,2002,1,91.5292722859453
2,2002,2,91.9836846311226
2,2002,3,90.8685164381258
2,2002,4,91.9585594337918
2,2002,5,93.5783507788992
2,2002,6,90.2976271624272
2,2002,7,92.46007271616
2,2002,8,91.5388120138572
2,2002,9,91.8944127645168
2,2002,10,94.796720230823
2,2002,11,92.7997146888999
2,2002,12,90.7498506640818
2,2003,1,91.9437223955685
2,2003,2,91.0297204964969
2,2003,3,92.5133065096909
2,2003,4,90.863203294199
2,2003,5,91.1215398062706
2,2003,6,89.1340935775405
2,2003,7,92.0770266186499
2,2003,8,92.2629691576108
2,2003,9,92.4462251194677
2,2003,10,94.0967869395035
2,2003,11,91.7810421166542
2,2003,12,91.0036520933071
2,2004,1,91.3353236635189
2,2004,2,90.6327401356821
2,2004,3,92.5611266881766
2,2004,4,92.3047576606587
2,2004,5,91.6351373138455
2,2004,6,91.8759133255465
2,2004,7,92.2045509417181
2,2004,8,92.1199517037917
2,2004,9,92.3313180954845
2,2004,10,93.8000175754333
2,2004,11,92.8607296954233
2,2004,12,92.2327277147797
2,2005,1,91.8720010703022
2,2005,2,92.8955483899819
2,2005,3,93.5456621124421
2,2005,4,93.1146754327341
2,2005,5,93.913039610442
2,2005,6,92.9400788520852
2,2005,7,93.372359205405
2,2005,8,93.7790075836204
2,2005,9,93.1201550480598
2,2005,10,93.8197496188616
2,2005,11,93.2982174305491
2,2005,12,93.117123556736
2,2006,1,91.8353742753825
2,2006,2,90.9842363709672
2,2006,3,90.7572764003404
2,2006,4,91.4362658911531
2,2006,5,92.7980015598276
2,2006,6,93.7628997518781
2,2006,7,93.4002441993221
2,2006,8,95.481849795312
2,2006,9,93.4867931914815
2,2006,10,93.9591463356027
2,2006,11,94.4731806035065
2,2006,12,92.0334991716173
2,2007,1,93.456284206579
2,2007,2,92.848270240603
2,2007,3,93.9250098879129
2,2007,4,93.8535994774335
2,2007,5,94.2025117500197
2,2007,6,93.0638046887737
2,2007,7,94.8443049520411
2,2007,8,93.5690714189677
2,2007,9,93.8557020576204
2,2007,10,94.3363042672651
2,2007,11,91.7467664461742
2,2007,12,93.1479128123863
2,2008,1,92.1334170870061
2,2008,2,91.4382424629682
2,2008,3,93.4173000226968
2,2008,4,93.0969530545595
2,2008,5,94.2740984935676
2,2008,6,93.8007145910708
2,2008,7,94.5895878479173
2,2008,8,94.8660114075059
2,2008,9,93.6456226651177
2,2008,10,91.9695635122086
2,2008,11,92.9069057535582
2,2008,12,93.0968117937949
2,2009,1,90.8143307604257
2,2009,2,91.7712233189537
2,2009,3,91.3024797249313
2,2009,4,93.4043830821576
2,2009,5,92.6219871105022
2,2009,6,92.3813964531108
2,2009,7,93.0843373759266
2,2009,8,93.7200272527082
2,2009,9,92.09906600965
2,2009,10,89.7381926562113
2,2009,11,90.9636029792461
2,2009,12,90.4916458707153
2,2010,1,91.0922686696371
2,2010,2,90.4709378359398
2,2010,3,90.0793671977594
2,2010,4,92.317613632045
2,2010,5,92.5335906170571
2,2010,6,93.2602504453406
2,2010,7,94.2982830189203
2,2010,8,91.6765937681909
2,2010,9,92.0713594938432
2,2010,10,91.6929376960548
2,2010,11,92.313495410614
2,2010,12,92.3684656182795
2,2011,1,92.1450650764764
2,2011,2,92.5762247384718
2,2011,3,91.0144603583816
2,2011,4,91.1722089485376
2,2011,5,91.6594252581034
2,2011,6,91.2054171107571
2,2011,7,93.0815456084944
2,2011,8,93.5474266118342
2,2011,9,93.4625610794001
2,2011,10,92.7731630092886
2,2011,11,92.5191095228226
2,2011,12,91.8957823707894
2,2012,1,91.3945446714836
2,2012,2,92.381579852384
2,2012,3,91.3657756031479
2,2012,4,91.521812025995
2,2012,5,92.1736498916288
2,2012,6,90.1156843431724
2,2012,7,90.4602176317122
2,2012,8,93.8310928800401
2,2012,9,94.0828205594776
2,2012,10,95.5464256943202
2,2012,11,93.3909096540477
2,2012,12,93.0469106051998
2,2013,1,92.7950144517982
2,2013,2,93.6154646069698
2,2013,3,93.5148558052559
2,2013,4,92.3212337614951
2,2013,5,93.6685800092794
2,2013,6,92.6273666402557
2,2013,7,93.1822203927357
2,2013,8,93.9601662671601
2,2013,9,94.3043027855528
2,2013,10,92.9880585401572
2,2013,11,93.4381668390469
2,2013,12,92.7221388129732
2,2014,1,89.9741504243693
2,2014,2,90.125076438586
2,2014,3,92.7634162272416
2,2014,4,93.5483049684938
2,2014,5,94.1980820739688
2,2014,6,91.9651119094337
2,2014,7,93.9086374126042
2,2014,8,92.1239286910988
2,2014,9,94.178575933574
2,2014,10,94.06166182144
2,2014,11,93.6298258505005
2,2014,12,93.3131905047786
2,2015,1,92.683292384232
2,2015,2,90.6422864800071
2,2015,3,91.5069670420566
2,2015,4,91.9583333107308
2,2015,5,93.907261047042
2,2015,6,92.47549431273
2,2015,7,94.8482403689203
2,2015,8,95.1200521009374
2,2015,9,94.2085726750814
2,2015,10,93.1223211969115
2,2015,11,93.1058017418556
2,2015,12,91.2696146628921
2,2016,1,92.6596032816308
2,2016,2,91.5996683535461
2,2016,3,92.8021055787393
2,2016,4,92.6480620714552
2,2016,5,93.2228732747466
2,2016,6,93.8803951220407
2,2016,7,92.449362507456
2,2016,8,94.040776191986
2,2016,9,92.295349198168
2,2016,10,94.2752833159065
2,2016,11,93.4164214396241
2,2016,12,94.7314698534649
2,2017,1,91.5812595013079
2,2017,2,91.4059097445547
2,2017,3,91.4596559868659
2,2017,4,90.6267756672549
2,2017,5,92.5556417821629
2,2017,6,92.6184819494966
2,2017,7,91.7313663022789
2,2017,8,93.8315828097748
2,2017,9,93.667571246131
2,2017,10,93.1615359415479
2,2017,11,91.6645061263738
2,2017,12,91.2419762709856
2,2018,1,91.4211672834374
2,2018,2,92.0668081264643
2,2018,3,92.8959821154669
2,2018,4,92.4110177391629
2,2018,5,95.276552438805
2,2018,6,95.2356722669121
2,2018,7,96.0718301171595
2,2018,8,94.8581138237036
2,2018,9,95.3635415136531
2,2018,10,92.8098919183541
2,2018,11,91.9892328501849
2,2018,12,90.2968949266358
2,2019,1,91.1231705901738
2,2019,2,93.3156970079274
2,2019,3,93.4121917817494
2,2019,4,95.2511363064017
2,2019,5,93.4309817402587
2,2019,6,95.1271441774708
2,2019,7,94.9599408273998
2,2019,8,94.4410077154393
2,2019,9,93.8798693409647
2,2019,10,95.529509671761
2,2019,11,93.0831666500227
2,2019,12,91.9817089731956
4,1982,1,90.1971016121527
4,1982,2,91.6987333510307
4,1982,3,90.8170061654581
4,1982,4,90.8837196594305
4,1982,5,89.6961937647972
4,1982,6,90.2424152872203
4,1982,7,89.0536185847713
4,1982,8,89.0305828462765
4,1982,9,89.0371386451848
4,1982,10,88.4498314175598
4,1982,11,89.1243149125307
4,1982,12,89.0081963103725
4,1983,1,86.9701076740753
4,1983,2,88.3178268991062
4,1983,3,89.3540758681957
4,1983,4,91.0532425966208
4,1983,5,92.121502238695
4,1983,6,89.1617880440237
4,1983,7,89.0016354673797
4,1983,8,91.8553362398885
4,1983,9,93.8360139741426
4,1983,10,93.0154795169819
4,1983,11,95.0318833740111
4,1983,12,94.1650709888376
4,1984,1,93.7662030839162
4,1984,2,94.999609014791
4,1984,3,94.4231067611693
4,1984,4,94.8288154905749
4,1984,5,95.5206660525318
4,1984,6,94.7645809722874
4,1984,7,96.1474632313548
4,1984,8,94.3362415355982
4,1984,9,94.4057058142655
4,1984,10,93.0904412101107
4,1984,11,95.4381545072804
4,1984,12,94.7063803343353
4,1985,1,92.8899054652512
4,1985,2,94.223830026723
4,1985,3,94.4597632151464
4,1985,4,94.3930602130577
4,1985,5,93.7268458958746
4,1985,6,92.5696388465505
4,1985,7,91.6637956232939
4,1985,8,93.1515350103375
4,1985,9,93.6714780697875
4,1985,10,93.1517763030004
4,1985,11,94.3026959641364
4,1985,12,93.6925309105548
4,1986,1,94.446198950144
4,1986,2,93.2032051019185
4,1986,3,94.4606311750011
4,1986,4,93.3668994946797
4,1986,5,94.227680564957
4,1986,6,92.4700942775924
4,1986,7,92.423528930699
4,1986,8,92.8924840299044
4,1986,9,91.4126858538332
4,1986,10,92.6103612819523
4,1986,11,92.3107218486431
4,1986,12,93.0660804854371
4,1987,1,91.9943646390027
4,1987,2,92.2315508481741
4,1987,3,94.3206077502599
4,1987,4,93.8993777001371
4,1987,5,94.2792505459594
4,1987,6,93.0460890625931
4,1987,7,93.8582550860391
4,1987,8,94.5540933134931
4,1987,9,93.7059146465622
4,1987,10,93.8192343271161
4,1987,11,94.7303301478549
4,1987,12,94.492234059884
4,1988,1,96.346813562107
4,1988,2,93.973254323865
4,1988,3,94.6212533147315
4,1988,4,94.3166737959338
4,1988,5,92.5058256805645
4,1988,6,93.439106588165
4,1988,7,92.5914992533978
4,1988,8,91.4547286340273
4,1988,9,93.2892562915863
4,1988,10,93.4695243510502
4,1988,11,94.9182094292708
4,1988,12,94.4045541626997
4,1989,1,93.3049528746477
4,1989,2,93.9838787638507
4,1989,3,95.0439689910052
4,1989,4,94.2571632358895
4,1989,5,95.6700509303499
4,1989,6,93.2214172543599
4,1989,7,93.6072215275877
4,1989,8,94.5843901728378
4,1989,9,94.042326895754
4,1989,10,96.4022466947712
4,1989,11,95.1708074843579
4,1989,12,95.8672994782275
4,1990,1,94.716288315826
4,1990,2,94.7036727925824
4,1990,3,94.6475318948784
4,1990,4,94.6856988093895
4,1990,5,93.4044894565932
4,1990,6,93.5282994612496
4,1990,7,92.8645314856375
4,1990,8,94.712012717288
4,1990,9,94.2452014437387
4,1990,10,95.4520404635068
4,1990,11,93.861388243628
4,1990,12,95.033207122329
4,1991,1,95.1727944778356
4,1991,2,95.3642651333586
4,1991,3,96.838738939079
4,1991,4,95.851008158034
4,1991,5,95.262465289561
4,1991,6,92.8407092989504
4,1991,7,93.4048502005757
4,1991,8,93.3588011651583
4,1991,9,93.1992259754749
4,1991,10,92.2618765098677
4,1991,11,92.5572912405251
4,1991,12,91.7969408188914
4,1992,1,90.8962299501558
4,1992,2,92.6818423566749
4,1992,3,91.0827035655724
4,1992,4,92.9363980079334
4,1992,5,93.3520402068896
4,1992,6,92.060648438068
4,1992,7,92.8064659511431
4,1992,8,93.5877249189202
4,1992,9,93.0032375286078
4,1992,10,92.0990988498096
4,1992,11,92.297101193565
4,1992,12,92.0064728204952
4,1993,1,91.9273572880292
4,1993,2,92.8534853172487
4,1993,3,93.3280382892963
4,1993,4,93.2959979942712
4,1993,5,96.0589054395558
4,1993,6,93.9413190825658
4,1993,7,94.6036593511946
4,1993,8,93.8248422532027
4,1993,9,93.0816956909718
4,1993,10,93.2937745198475
4,1993,11,94.4029377715585
4,1993,12,93.7856287682968
4,1994,1,94.5488574375491
4,1994,2,94.4458372595872
4,1994,3,94.1387156268449
4,1994,4,94.3722605470926
4,1994,5,93.9600146044544
4,1994,6,92.4358719576821
4,1994,7,93.2955304227735
4,1994,8,92.5065436760723
4,1994,9,91.5161660743532
4,1994,10,93.7408345269564
4,1994,11,94.3179138080261
4,1994,12,94.9458600305164
4,1995,1,95.9434177051274
4,1995,2,96.4517053900669
4,1995,3,94.5373282611888
4,1995,4,94.1296859915828
4,1995,5,94.2429323039782
4,1995,6,94.8671002900587
4,1995,7,93.7392259893438
4,1995,8,93.9886262572404
4,1995,9,93.8459177078823
4,1995,10,95.3812361568683
4,1995,11,95.7477135621341
4,1995,12,96.1815975464922
4,1996,1,94.2823742689298
4,1996,2,95.1876112626481
4,1996,3,95.1534544742619
4,1996,4,95.6473670583302
4,1996,5,93.6591182406217
4,1996,6,94.0545506648253
4,1996,7,94.0645718139495
4,1996,8,93.3233935780033
4,1996,9,93.3265131331421
4,1996,10,94.0468828816686
4,1996,11,95.1629214867663
4,1996,12,95.9496050730527
4,1997,1,93.941911296079
4,1997,2,94.4022098419198
4,1997,3,95.0567418304721
4,1997,4,95.6390373553816
4,1997,5,95.1072667800312
4,1997,6,95.5284690226675
4,1997,7,94.9550578976511
4,1997,8,94.3029570059036
4,1997,9,95.4187982594138
4,1997,10,95.7830703789425
4,1997,11,94.6805128814108
4,1997,12,96.185372848885
4,1998,1,95.883202851056
4,1998,2,95.1574695401151
4,1998,3,95.0171396167626
4,1998,4,95.7184407353989
4,1998,5,96.4883896078761
4,1998,6,95.9094125296061
4,1998,7,95.9050740418506
4,1998,8,94.5833039395479
4,1998,9,95.0086235814968
4,1998,10,97.0779041502824
4,1998,11,95.9203632173498
4,1998,12,96.2310543281606
4,1999,1,95.6721879088518
4,1999,2,95.8515320011182
4,1999,3,95.4738811456018
4,1999,4,95.2678094786693
4,1999,5,94.4797735723589
4,1999,6,95.4773465441707
4,1999,7,94.6642747789037
4,1999,8,94.8544737157301
4,1999,9,95.5223154136929
4,1999,10,96.3024118031941
4,1999,11,96.4054882363671
4,1999,12,96.1333215326902
4,2000,1,95.2787064368415
4,2000,2,96.3681225211596
4,2000,3,96.3055545746892
4,2000,4,96.9049323428931
4,2000,5,95.8678148794695
4,2000,6,95.4816632488459
4,2000,7,95.6775698696769
4,2000,8,94.8090523405002
4,2000,9,96.3538615331528
4,2000,10,95.6101114417127
4,2000,11,96.2959640139202
4,2000,12,96.3900630671645
4,2001,1,95.6255199562464
4,2001,2,96.2465805921608
4,2001,3,95.9703272539608
4,2001,4,96.3235428711415
4,2001,5,96.5774031773877
4,2001,6,95.3439073459807
4,2001,7,95.5778512733337
4,2001,8,94.4953665982742
4,2001,9,94.462441144203
4,2001,10,93.2154853460671
4,2001,11,94.6484376851667
4,2001,12,94.0811821928544
4,2002,1,92.9556711665521
4,2002,2,93.3460351820645
4,2002,3,94.0507233594297
4,2002,4,93.6799792151778
4,2002,5,94.4083432162793
4,2002,6,92.1519026018659
4,2002,7,92.7815661119055
4,2002,8,93.9186937586902
4,2002,9,93.763544996966
4,2002,10,93.8107002148439
4,2002,11,94.5001233244241
4,2002,12,95.0421775969923
4,2003,1,94.5898073317075
4,2003,2,93.9828779912535
4,2003,3,94.0684949031805
4,2003,4,94.3081792838194
4,2003,5,94.2950673377102
4,2003,6,93.7609706054019
4,2003,7,92.6700685229784
4,2003,8,93.3075542703602
4,2003,9,94.6321849551025
4,2003,10,94.960626165498
4,2003,11,95.279114401566
4,2003,12,95.5098024687096
4,2004,1,93.5566243436172
4,2004,2,93.8614621101967
4,2004,3,95.2453374455221
4,2004,4,93.5930657674296
4,2004,5,94.5120561796469
4,2004,6,94.9849562381714
4,2004,7,95.1450165843027
4,2004,8,94.6407207421916
4,2004,9,93.4198015801521
4,2004,10,94.8788310261628
4,2004,11,95.8239713881073
4,2004,12,96.853796444173
4,2005,1,96.6939577091915
4,2005,2,95.4614252337142
4,2005,3,95.0967622450714
4,2005,4,94.3723821153598
4,2005,5,95.7899119036469
4,2005,6,95.739704555361
4,2005,7,94.1758449392418
4,2005,8,95.1461680203617
4,2005,9,94.0371433179124
4,2005,10,95.0717863702661
4,2005,11,95.998579226701
4,2005,12,95.7562418847241
4,2006,1,94.1995246682208
4,2006,2,96.0770617998821
4,2006,3,96.3372517012927
4,2006,4,95.5275706577329
4,2006,5,96.3181100114249
4,2006,6,94.4537580811486
4,2006,7,94.3302549884144
4,2006,8,97.2190029130942
4,2006,9,95.3379560309676
4,2006,10,95.3993744946443
4,2006,11,95.4897710118512
4,2006,12,95.6737795255249
4,2007,1,95.50987022805
4,2007,2,96.5544932013602
4,2007,3,96.2464773181733
4,2007,4,96.5228840070769
4,2007,5,97.4071591722648
4,2007,6,96.8643677465294
4,2007,7,96.0068242390101
4,2007,8,95.9626794742489
4,2007,9,97.4981702497449
4,2007,10,96.2077238254784
4,2007,11,94.5926837556699
4,2007,12,94.0527246910909
4,2008,1,94.5466898053
4,2008,2,95.5889431537258
4,2008,3,95.9397705256022
4,2008,4,96.3647445712871
4,2008,5,95.6672107139198
4,2008,6,93.3827099316438
4,2008,7,93.2117863332322
4,2008,8,92.3429749872346
4,2008,9,92.2591441322624
4,2008,10,92.9500790412871
4,2008,11,92.8441812059574
4,2008,12,91.6929132459042
4,2009,1,92.1023334336125
4,2009,2,90.9124353697134
4,2009,3,90.0665821944095
4,2009,4,90.8589411757564
4,2009,5,89.9009266627345
4,2009,6,87.5142361511454
4,2009,7,86.6921990239144
4,2009,8,89.2155964091804
4,2009,9,89.273684229935
4,2009,10,90.2080389195661
4,2009,11,91.7930676056595
4,2009,12,90.7528489854385
4,2010,1,88.2221058260969
4,2010,2,87.5370712799108
4,2010,3,89.4122709126398
4,2010,4,89.3332079363302
4,2010,5,88.1588430424287
4,2010,6,88.7491641981973
4,2010,7,89.0226377879797
4,2010,8,88.7141377407855
4,2010,9,90.5471518453202
4,2010,10,91.949342591995
4,2010,11,90.5685045483142
4,2010,12,90.4356867186915
4,2011,1,88.3644027756174
4,2011,2,90.2283194556729
4,2011,3,90.7444988604988
4,2011,4,90.9686225714391
4,2011,5,91.5457566591203
4,2011,6,88.880482015193
4,2011,7,89.8151718180902
4,2011,8,90.5368491403587
4,2011,9,91.145017054266
4,2011,10,90.292543596652
4,2011,11,90.7372691839664
4,2011,12,89.859963414926
4,2012,1,91.3990062091669
4,2012,2,90.513536293435
4,2012,3,90.9540193945055
4,2012,4,93.769655673287
4,2012,5,91.2349763565417
4,2012,6,91.4031779389059
4,2012,7,91.5009746751387
4,2012,8,91.1566807686464
4,2012,9,91.8550254160409
4,2012,10,91.8025689411648
4,2012,11,92.2344954721986
4,2012,12,91.9289407762311
4,2013,1,91.509415412934
4,2013,2,91.9264655761237
4,2013,3,91.6707927465756
4,2013,4,91.6361446913351
4,2013,5,93.0438514733235
4,2013,6,90.2327218032357
4,2013,7,91.5108565478798
4,2013,8,90.3037773078986
4,2013,9,91.6509842953395
4,2013,10,92.8172488092035
4,2013,11,93.576476285026
4,2013,12,92.6574729318484
4,2014,1,91.7119914113959
4,2014,2,93.3804168010671
4,2014,3,91.9063514514049
4,2014,4,93.789627548975
4,2014,5,93.7162793986121
4,2014,6,91.7052943590128
4,2014,7,93.3618022381325
4,2014,8,91.8852476581434
4,2014,9,93.166925982404
4,2014,10,93.1127654546625
4,2014,11,92.6336173817052
4,2014,12,93.2732722971492
4,2015,1,93.7722445791846
4,2015,2,93.769676985056
4,2015,3,95.2377104446262
4,2015,4,93.5205499616381
4,2015,5,94.54439292996
4,2015,6,91.8801271540457
4,2015,7,92.0591663929259
4,2015,8,93.6253129865069
4,2015,9,93.3898405493341
4,2015,10,94.2624756449914
4,2015,11,94.5938740736842
4,2015,12,95.0481711634118
4,2016,1,95.5280531391993
4,2016,2,95.0547710185406
4,2016,3,96.0069871073829
4,2016,4,94.7222563680389
4,2016,5,94.6104969649761
4,2016,6,94.1463932936893
4,2016,7,93.5645125570538
4,2016,8,95.0254164441488
4,2016,9,94.1671292076122
4,2016,10,95.3878354092519
4,2016,11,94.8390145272193
4,2016,12,95.1364736220675
4,2017,1,94.7043311226441
4,2017,2,95.3319027289991
4,2017,3,95.2830986991581
4,2017,4,95.243067883705
4,2017,5,93.7433629568495
4,2017,6,94.9334905473469
4,2017,7,94.9283108437101
4,2017,8,95.3820621196278
4,2017,9,96.1053901760713
4,2017,10,96.1095379039025
4,2017,11,95.7678395683264
4,2017,12,94.6264746501406
4,2018,1,94.9645769925565
4,2018,2,94.6179533809801
4,2018,3,95.5850768356732
4,2018,4,95.470611247353
4,2018,5,96.1850562238289
4,2018,6,94.7529847516018
4,2018,7,94.4986091319018
4,2018,8,95.264872561307
4,2018,9,95.6279183098762
4,2018,10,95.9872109840674
4,2018,11,95.6984461736499
4,2018,12,94.3890454493495
4,2019,1,94.710736842768
4,2019,2,95.4247154369393
4,2019,3,94.5526551582656
4,2019,4,95.6206285248953
4,2019,5,94.690142227291
4,2019,6,94.287881827359
4,2019,7,93.9834182730172
4,2019,8,94.8572450933887
4,2019,9,96.5793864104108
4,2019,10,95.7389278405693
4,2019,11,94.9605075646958
4,2019,12,96.1877719888049
5,1982,1,87.6603420411618
5,1982,2,90.0909333900966
5,1982,3,91.915205367957
5,1982,4,92.0996076103858
5,1982,5,91.0026956313097
5,1982,6,89.4892223748424
5,1982,7,89.6147838973962
5,1982,8,88.6651405582385
5,1982,9,91.7171564944798
5,1982,10,92.2667957617241
5,1982,11,91.3151007517187
5,1982,12,87.7724642460586
5,1983,1,86.8768635613371
5,1983,2,87.9147170584664
5,1983,3,89.8879174119341
5,1983,4,89.9090113568041
5,1983,5,88.8676360822814
5,1983,6,88.4148471972291
5,1983,7,90.3233261382141
5,1983,8,88.9544353864404
5,1983,9,88.4985029700363
5,1983,10,91.9184884828918
5,1983,11,91.5496825892972
5,1983,12,92.200836984919
5,1984,1,89.5677744667887
5,1984,2,89.3304179466077
5,1984,3,89.5268458981641
5,1984,4,90.4383215738363
5,1984,5,91.2530115909582
5,1984,6,90.2699302805839
5,1984,7,91.4881896321869
5,1984,8,92.3061357288714
5,1984,9,92.8654929508112
5,1984,10,90.8354319362872
5,1984,11,91.8495771659132
5,1984,12,92.5769950736181
5,1985,1,91.4735830947299
5,1985,2,91.0588527791141
5,1985,3,91.4081014469024
5,1985,4,91.6318698899437
5,1985,5,92.8126340560184
5,1985,6,90.15443420127
5,1985,7,88.5687340804044
5,1985,8,90.6366162749266
5,1985,9,91.7287226526741
5,1985,10,92.4639692701132
5,1985,11,92.6082298163095
5,1985,12,92.4646870647049
5,1986,1,89.5023290429695
5,1986,2,89.4249929612138
5,1986,3,90.7897669583054
5,1986,4,90.4709640745517
5,1986,5,92.2007827488443
5,1986,6,89.5204211491341
5,1986,7,90.4371820675595
5,1986,8,91.7774004743265
5,1986,9,93.3163158714598
5,1986,10,91.7222053681522
5,1986,11,90.8947418796138
5,1986,12,91.8769431410172
5,1987,1,90.3392535085615
5,1987,2,91.2107520568459
5,1987,3,90.859040849741
5,1987,4,92.8451234384975
5,1987,5,91.1539549902362
5,1987,6,91.0141704343416
5,1987,7,92.5947089158513
5,1987,8,93.0566436801925
5,1987,9,92.85094928825
5,1987,10,92.7888099450058
5,1987,11,92.6652436707391
5,1987,12,92.5156641681405
5,1988,1,90.3518265354407
5,1988,2,91.0723086492255
5,1988,3,91.1109312166775
5,1988,4,91.2179552829403
5,1988,5,91.1346483393883
5,1988,6,91.801479659288
5,1988,7,93.1245166881935
5,1988,8,92.2880092727923
5,1988,9,92.8425074308225
5,1988,10,94.2200707342506
5,1988,11,93.575496082037
5,1988,12,92.8852157059511
5,1989,1,91.8305828447961
5,1989,2,91.1579515023642
5,1989,3,90.9954734442796
5,1989,4,90.4282528057538
5,1989,5,92.1714725231772
5,1989,6,92.3157153446204
5,1989,7,92.9419480369933
5,1989,8,94.6879899377
5,1989,9,94.2401468909063
5,1989,10,94.2968241062975
5,1989,11,93.5151939376771
5,1989,12,92.4768809011782
5,1990,1,92.6297224143923
5,1990,2,92.5674757399644
5,1990,3,91.9792284698232
5,1990,4,93.8597790043804
5,1990,5,93.59410070597
5,1990,6,93.2487441429295
5,1990,7,91.7923450003284
5,1990,8,94.6425048257963
5,1990,9,93.0138674466597
5,1990,10,93.7966710286953
5,1990,11,92.9165637619153
5,1990,12,92.767682783768
5,1991,1,90.9618965208075
5,1991,2,92.6158338877929
5,1991,3,91.8271060462656
5,1991,4,92.2374779855807
5,1991,5,92.6761469161918
5,1991,6,91.4925607032858
5,1991,7,92.0400362731484
5,1991,8,93.1631520887901
5,1991,9,93.298072946631
5,1991,10,93.7828716558044
5,1991,11,93.6761323934398
5,1991,12,92.1317891612784
5,1992,1,90.1420212224135
5,1992,2,91.5408485213522
5,1992,3,92.7304163904985
5,1992,4,92.1507883954074
5,1992,5,93.2045318800571
5,1992,6,91.6863441046409
5,1992,7,92.987463348842
5,1992,8,93.5015041367481
5,1992,9,93.0809484009022
5,1992,10,93.5997516726802
5,1992,11,94.5832394043196
5,1992,12,92.5862152740535
5,1993,1,92.3183980143007
5,1993,2,93.1048695043678
5,1993,3,92.9790086318432
5,1993,4,94.2045917123862
5,1993,5,93.4669518496723
5,1993,6,94.0607582038798
5,1993,7,93.5514041427745
5,1993,8,94.5777579472278
5,1993,9,93.1753138509975
5,1993,10,94.6084481935295
5,1993,11,93.8954753139211
5,1993,12,93.7884919486525
5,1994,1,93.7326718841886
5,1994,2,94.3727567994811
5,1994,3,94.743627732595
5,1994,4,93.9875337186916
5,1994,5,93.6928564631599
5,1994,6,93.2292521125383
5,1994,7,94.2603555390129
5,1994,8,94.9830932403528
5,1994,9,95.6429533799444
5,1994,10,95.4357427298
5,1994,11,95.1386518299085
5,1994,12,95.0551803819667
5,1995,1,93.2816714536125
5,1995,2,94.1533256192459
5,1995,3,95.219262518394
5,1995,4,94.935444862896
5,1995,5,96.7491643178829
5,1995,6,95.8838081060141
5,1995,7,94.2390446593492
5,1995,8,94.543076494321
5,1995,9,95.1049861688494
5,1995,10,94.9585543588016
5,1995,11,95.5096096292865
5,1995,12,95.3613752675269
5,1996,1,93.2715832150222
5,1996,2,94.8223696090359
5,1996,3,93.7037629551632
5,1996,4,95.4718568086913
5,1996,5,95.0604538325474
5,1996,6,93.8701501936718
5,1996,7,93.6376856633075
5,1996,8,94.3759997642379
5,1996,9,94.612780905844
5,1996,10,93.9908196296928
5,1996,11,95.1786703862491
5,1996,12,94.9031420459862
5,1997,1,93.8470913680807
5,1997,2,93.4853953114311
5,1997,3,94.1171390088356
5,1997,4,96.3092066496673
5,1997,5,94.9833600187918
5,1997,6,93.3090038971485
5,1997,7,93.415589921714
5,1997,8,94.2900861152419
5,1997,9,94.7098445151077
5,1997,10,94.7510585085076
5,1997,11,95.7514097200009
5,1997,12,94.00922034551
5,1998,1,93.239720965921
5,1998,2,92.9369560043212
5,1998,3,92.8272224511028
5,1998,4,94.9007401452229
5,1998,5,94.1541316611878
5,1998,6,95.4530248021467
5,1998,7,95.3012256342553
5,1998,8,95.8519695636303
5,1998,9,94.0037282061894
5,1998,10,93.8738653244319
5,1998,11,94.3748614925128
5,1998,12,93.4630822347836
5,1999,1,93.8476912771091
5,1999,2,95.0612005270947
5,1999,3,95.7394164043295
5,1999,4,95.8116150516218
5,1999,5,95.8063814473094
5,1999,6,94.2572193787865
5,1999,7,95.0393990421983
5,1999,8,94.7598442315721
5,1999,9,96.279779351149
5,1999,10,96.1879500822734
5,1999,11,95.5722059008147
5,1999,12,95.344477605533
5,2000,1,93.8807774283328
5,2000,2,93.7884229677091
5,2000,3,94.1824247483043
5,2000,4,96.187144159907
5,2000,5,95.6843184618138
5,2000,6,96.4505650881872
5,2000,7,95.8291381623573
5,2000,8,96.4193451586528
5,2000,9,97.092592978799
5,2000,10,96.9344988142866
5,2000,11,95.3416075610855
5,2000,12,96.2711850849709
5,2001,1,93.7503291354617
5,2001,2,94.1363024478354
5,2001,3,95.2238923306093
5,2001,4,94.4805344241651
5,2001,5,94.4405820346562
5,2001,6,93.3144108114027
5,2001,7,95.2152102434801
5,2001,8,95.1455062247384
5,2001,9,94.9107274978683
5,2001,10,97.1195722591685
5,2001,11,94.7243844121612
5,2001,12,93.8576725577086
5,2002,1,93.6353908547469
5,2002,2,93.7256996007134
5,2002,3,93.4410144725703
5,2002,4,94.1116567279034
5,2002,5,94.1390670245717
5,2002,6,93.1074717701782
5,2002,7,93.3567803163748
5,2002,8,95.2227149398864
5,2002,9,95.5645073417211
5,2002,10,95.563839898177
5,2002,11,95.3863297750073
5,2002,12,94.6372532882826
5,2003,1,93.8279177264325
5,2003,2,93.9356223952353
5,2003,3,94.2423886028463
5,2003,4,93.8458594524559
5,2003,5,92.9634380037916
5,2003,6,91.9125202669791
5,2003,7,93.6983086683913
5,2003,8,95.0255472296049
5,2003,9,92.372129887503
5,2003,10,93.6451770525168
5,2003,11,93.9075383560221
5,2003,12,94.9333234186728
5,2004,1,94.4354030199185
5,2004,2,93.1306296154109
5,2004,3,94.0019762434687
5,2004,4,93.8132353572271
5,2004,5,93.2250636062591
5,2004,6,93.3440675562346
5,2004,7,93.542107579545
5,2004,8,95.1116164619126
5,2004,9,94.3818885224663
5,2004,10,94.7706379987201
5,2004,11,94.3782297498755
5,2004,12,94.3469283793131
5,2005,1,94.4193217942815
5,2005,2,93.4823359561649
5,2005,3,95.0555018820407
5,2005,4,95.9066048342701
5,2005,5,95.6212740088401
5,2005,6,95.0499770874738
5,2005,7,94.941492073607
5,2005,8,93.9008744762603
5,2005,9,93.9160309318649
5,2005,10,94.9603929054405
5,2005,11,95.3377573005662
5,2005,12,95.4833362133608
5,2006,1,95.4136692070755
5,2006,2,93.4475206211039
5,2006,3,94.5297072987867
5,2006,4,93.6216273273899
5,2006,5,93.8740524773282
5,2006,6,93.8969875034703
5,2006,7,94.062700248361
5,2006,8,94.6910281535072
5,2006,9,94.9397166177268
5,2006,10,95.7322471954418
5,2006,11,95.148343520414
5,2006,12,95.1166053853705
5,2007,1,94.402905577963
5,2007,2,94.2563896366456
5,2007,3,95.3132555232104
5,2007,4,94.4617899153692
5,2007,5,93.9646433525153
5,2007,6,95.3556260386001
5,2007,7,91.8527087942093
5,2007,8,93.6786011311461
5,2007,9,94.3892831244435
5,2007,10,94.9711904386991
5,2007,11,94.3677861253236
5,2007,12,94.6651560127516
5,2008,1,94.0615754750483
5,2008,2,95.2271572452728
5,2008,3,96.4841004131114
5,2008,4,95.8281346933767
5,2008,5,94.5178760765667
5,2008,6,94.6513769092179
5,2008,7,96.4282460833829
5,2008,8,95.3858903195026
5,2008,9,94.3433443860544
5,2008,10,93.8532229384845
5,2008,11,92.8703757168708
5,2008,12,92.3550956384523
5,2009,1,91.1423822013022
5,2009,2,92.0773138722475
5,2009,3,92.3360291497337
5,2009,4,92.8895656206903
5,2009,5,91.5391770666655
5,2009,6,91.0021002915983
5,2009,7,91.5031554543808
5,2009,8,93.4154666196323
5,2009,9,93.5699861431892
5,2009,10,91.7595916331294
5,2009,11,91.709073910802
5,2009,12,90.618270043316
5,2010,1,90.8813026939626
5,2010,2,90.231484173918
5,2010,3,89.9678663237774
5,2010,4,92.4803655410408
5,2010,5,92.1126838905992
5,2010,6,93.2048457618698
5,2010,7,91.2316984983177
5,2010,8,88.8529848673482
5,2010,9,90.4825975660095
5,2010,10,92.3618421687545
5,2010,11,92.808779325834
5,2010,12,91.4123037815624
5,2011,1,91.3885519465922
5,2011,2,91.2435028257821
5,2011,3,90.2716420007351
5,2011,4,91.3339438629062
5,2011,5,90.6944822656327
5,2011,6,89.8426143363154
5,2011,7,91.2898052734692
5,2011,8,91.2171088812695
5,2011,9,91.2499755037595
5,2011,10,91.8770544799909
5,2011,11,92.6160229319537
5,2011,12,92.8107095846458
5,2012,1,91.8810321220043
5,2012,2,90.8462895416298
5,2012,3,92.8452756464151
5,2012,4,93.1167273423327
5,2012,5,90.9151800628411
5,2012,6,93.5991198349936
5,2012,7,89.7985110133067
5,2012,8,93.4580755765193
5,2012,9,93.2240515984295
5,2012,10,90.9577802136724
5,2012,11,92.7917483088904
5,2012,12,92.2283272494516
5,2013,1,90.9642606347266
5,2013,2,91.3254687673674
5,2013,3,91.4408702738964
5,2013,4,93.3627173003385
5,2013,5,92.1563699794278
5,2013,6,92.7890239579778
5,2013,7,91.7555357687649
5,2013,8,92.2692601967515
5,2013,9,92.1242785353028
5,2013,10,91.3425341428069
5,2013,11,92.9740824360436
5,2013,12,92.9001976699364
5,2014,1,91.5701672497637
5,2014,2,93.8374801130447
5,2014,3,93.1226485369951
5,2014,4,94.4658906500034
5,2014,5,94.3500650069985
5,2014,6,93.5045295743692
5,2014,7,93.7617668272575
5,2014,8,93.7094216732457
5,2014,9,94.7765120543205
5,2014,10,95.5152710725984
5,2014,11,94.8693161896824
5,2014,12,93.757084298328
5,2015,1,92.4623937368937
5,2015,2,93.9529001460111
5,2015,3,93.8361216126438
5,2015,4,93.8588150052619
5,2015,5,94.6024384638481
5,2015,6,94.525896504322
5,2015,7,94.15486579466
5,2015,8,96.0680639511622
5,2015,9,95.9180097144129
5,2015,10,95.5571815522057
5,2015,11,96.4469621536306
5,2015,12,95.4805821411883
5,2016,1,96.2637599470875
5,2016,2,94.6035955003413
5,2016,3,96.6368431801718
5,2016,4,96.9454506113944
5,2016,5,95.8805394042815
5,2016,6,95.422267710922
5,2016,7,95.6620780124944
5,2016,8,95.6811516706211
5,2016,9,95.4259420737704
5,2016,10,96.5246889565328
5,2016,11,96.0982447921815
5,2016,12,96.6396435079297
5,2017,1,96.4558606750392
5,2017,2,95.3408498493153
5,2017,3,96.5335825123472
5,2017,4,97.31117258722
5,2017,5,96.7707797972009
5,2017,6,95.9273119849287
5,2017,7,95.716251440011
5,2017,8,95.7218982011174
5,2017,9,96.1858399343572
5,2017,10,96.0795312544894
5,2017,11,96.5423336464808
5,2017,12,96.2091389937603
5,2018,1,94.8477261625195
5,2018,2,96.035111697919
5,2018,3,95.8297739261576
5,2018,4,96.8612014048085
5,2018,5,97.0246934662121
5,2018,6,95.6068391236981
5,2018,7,96.5568436737291
5,2018,8,96.2932743535674
5,2018,9,96.1976604104032
5,2018,10,96.0062573099492
5,2018,11,96.6621036036877
5,2018,12,96.4052853585845
5,2019,1,95.4146010530194
5,2019,2,95.7046202579127
5,2019,3,97.3751696585102
5,2019,4,97.6035154841776
5,2019,5,97.0161192317822
5,2019,6,96.5931248179493
5,2019,7,95.3015752051475
5,2019,8,95.1960019571779
5,2019,9,96.541714350523
5,2019,10,97.1314361104794
5,2019,11,97.3479315521816
5,2019,12,97.2742637236651
6,1982,1,90.6075420216529
6,1982,2,90.3814417561026
6,1982,3,90.2236899249457
6,1982,4,90.5199333819413
6,1982,5,91.0794473089553
6,1982,6,90.7737095727882
6,1982,7,89.5565309938596
6,1982,8,90.0927448864102
6,1982,9,90.3329801654256
6,1982,10,89.5849864909608
6,1982,11,88.8962554181266
6,1982,12,89.0021777556135
6,1983,1,88.2371003242266
6,1983,2,87.9677251955443
6,1983,3,88.9476793201468
6,1983,4,89.9736897297458
6,1983,5,90.0042158098587
6,1983,6,89.7105751255118
6,1983,7,90.2531503966456
6,1983,8,90.3124595285592
6,1983,9,91.3925899334184
6,1983,10,91.5055723418833
6,1983,11,91.4567596031944
6,1983,12,91.8030717863725
6,1984,1,90.8447914703213
6,1984,2,91.2276497349807
6,1984,3,91.4437962281426
6,1984,4,92.1792584500681
6,1984,5,92.6858381712371
6,1984,6,92.3525901039372
6,1984,7,91.3940025484501
6,1984,8,92.5158303743364
6,1984,9,92.307476203101
6,1984,10,92.5888736579002
6,1984,11,92.9021764208406
6,1984,12,93.1584974654209
6,1985,1,91.9640443089122
6,1985,2,92.571020386337
6,1985,3,92.4489407176844
6,1985,4,92.7193023145232
6,1985,5,93.0919751392789
6,1985,6,92.4011215152871
6,1985,7,92.0318944045283
6,1985,8,92.4752602541878
6,1985,9,93.0028435116783
6,1985,10,92.9659468584168
6,1985,11,93.507868128306
6,1985,12,93.8004583686747
6,1986,1,93.4700551095493
6,1986,2,92.2181299059984
6,1986,3,92.9067218448299
6,1986,4,93.4680358408567
6,1986,5,93.9221840399845
6,1986,6,93.3485212899407
6,1986,7,92.0287981869142
6,1986,8,93.2440705417079
6,1986,9,93.8023166346607
6,1986,10,93.7434147678787
6,1986,11,93.4797974915069
6,1986,12,93.7146819784121
6,1987,1,93.0250043951817
6,1987,2,93.3851389794838
6,1987,3,93.6044381068437
6,1987,4,94.0296887845663
6,1987,5,94.2706671794413
6,1987,6,94.329136650838
6,1987,7,93.9112142001787
6,1987,8,94.5311816596035
6,1987,9,94.3427494205514
6,1987,10,94.4020351357243
6,1987,11,94.7415053310048
6,1987,12,95.010939186265
6,1988,1,94.2961640827605
6,1988,2,93.8612698992835
6,1988,3,94.6239708206182
6,1988,4,94.7814096940508
6,1988,5,94.1304181032544
6,1988,6,94.3969483449041
6,1988,7,94.1782481061023
6,1988,8,94.6721530868805
6,1988,9,95.166548950389
6,1988,10,95.3205629902946
6,1988,11,94.8227979410222
6,1988,12,95.4342483412409
6,1989,1,94.5693625951866
6,1989,2,94.4073372627066
6,1989,3,95.2419209495989
6,1989,4,94.7138638232756
6,1989,5,94.8675471227933
6,1989,6,94.3582073989875
6,1989,7,93.9842894984903
6,1989,8,95.1194276110207
6,1989,9,94.8315354582569
6,1989,10,95.3620389802355
6,1989,11,94.919245349382
6,1989,12,95.1528233746965
6,1990,1,94.3441333099778
6,1990,2,94.3393437253582
6,1990,3,94.4838090200647
6,1990,4,94.4464848696051
6,1990,5,94.2431642829696
6,1990,6,94.6627807621767
6,1990,7,94.0425680351779
6,1990,8,94.3143810664504
6,1990,9,93.8231782912051
6,1990,10,94.0338807825702
6,1990,11,93.2626980277239
6,1990,12,92.9282586216097
6,1991,1,92.3816967833823
6,1991,2,91.8661723408509
6,1991,3,91.8749201829823
6,1991,4,92.219044487416
6,1991,5,92.1885977365298
6,1991,6,91.6960959385809
6,1991,7,91.8845883575882
6,1991,8,92.5187162704592
6,1991,9,92.1712293549433
6,1991,10,92.4689152896378
6,1991,11,92.6200940828007
6,1991,12,92.394839570176
6,1992,1,91.1576198213056
6,1992,2,90.3449400933486
6,1992,3,91.02686711949
6,1992,4,91.7046477355274
6,1992,5,90.9648733427596
6,1992,6,89.9059165114512
6,1992,7,90.5339561702411
6,1992,8,90.1276387847128
6,1992,9,90.5410399990168
6,1992,10,90.3740625149163
6,1992,11,89.5805513715291
6,1992,12,90.3192140301767
6,1993,1,89.7581908358712
6,1993,2,89.3222095057392
6,1993,3,90.0105431090819
6,1993,4,91.3012458326959
6,1993,5,91.1496620849726
6,1993,6,90.5134681395084
6,1993,7,89.8946318563274
6,1993,8,90.8414869037239
6,1993,9,90.7831140937917
6,1993,10,90.5199183580568
6,1993,11,91.4615272526778
6,1993,12,91.7443082249218
6,1994,1,89.3605193995685
6,1994,2,90.1413048677874
6,1994,3,91.0579304612341
6,1994,4,90.8350761742065
6,1994,5,91.8309770524847
6,1994,6,90.8834001587873
6,1994,7,90.5151483936813
6,1994,8,91.302559581935
6,1994,9,92.0327840617313
6,1994,10,92.60379051161
6,1994,11,92.3515793280808
6,1994,12,92.6437700942431
6,1995,1,90.8571714494316
6,1995,2,91.5884066562078
6,1995,3,91.9457085553114
6,1995,4,92.0340630437123
6,1995,5,91.8734962286373
6,1995,6,92.1057000273773
6,1995,7,91.444752690125
6,1995,8,91.9729618009662
6,1995,9,92.696449338271
6,1995,10,92.4367631927096
6,1995,11,91.5318861536782
6,1995,12,92.9903318741811
6,1996,1,91.4203081897759
6,1996,2,91.6593434383971
6,1996,3,92.3192063244842
6,1996,4,92.5173382082822
6,1996,5,92.8836294096801
6,1996,6,92.7749093307744
6,1996,7,92.1208097067362
6,1996,8,93.0812042636093
6,1996,9,93.1763604200343
6,1996,10,93.3790072893179
6,1996,11,92.9962990117213
6,1996,12,93.9300280553429
6,1997,1,92.1791149517843
6,1997,2,93.0277976367674
6,1997,3,93.057477584502
6,1997,4,93.782045272849
6,1997,5,94.0564664390778
6,1997,6,93.7726074159195
6,1997,7,93.2675306003982
6,1997,8,93.968818752555
6,1997,9,93.7736023261201
6,1997,10,93.8034208410257
6,1997,11,94.5393940491655
6,1997,12,94.0669856192304
6,1998,1,92.8164803770272
6,1998,2,93.4451089601293
6,1998,3,93.2852471006614
6,1998,4,94.3107299925025
6,1998,5,94.7082998474895
6,1998,6,94.5555521890571
6,1998,7,94.0360524648815
6,1998,8,93.9836255045645
6,1998,9,94.0999112532287
6,1998,10,94.2536258626077
6,1998,11,94.6616753622061
6,1998,12,94.4799188829588
6,1999,1,93.7396277979732
6,1999,2,94.1931809987144
6,1999,3,93.7927702412216
6,1999,4,94.5550198149519
6,1999,5,95.6010223395157
6,1999,6,94.5012159093895
6,1999,7,94.3533229653258
6,1999,8,94.9708324566825
6,1999,9,95.2859061163817
6,1999,10,95.2969911816119
6,1999,11,95.2094218816172
6,1999,12,95.0131438196543
6,2000,1,94.4949423602436
6,2000,2,94.9378206048447
6,2000,3,94.2366110592573
6,2000,4,95.1198333726849
6,2000,5,94.8618243457637
6,2000,6,94.3144583342611
6,2000,7,94.4590206471615
6,2000,8,94.9369929221713
6,2000,9,95.6710743956676
6,2000,10,95.5073721778075
6,2000,11,95.3210007303633
6,2000,12,95.6017474819872
6,2001,1,94.9601301285301
6,2001,2,95.2464184348992
6,2001,3,94.588681949416
6,2001,4,95.0578656618005
6,2001,5,95.3278688797996
6,2001,6,94.4292943962262
6,2001,7,94.4845753487712
6,2001,8,94.1321078646307
6,2001,9,94.5636881065538
6,2001,10,93.8756641863055
6,2001,11,93.4775215541935
6,2001,12,93.4967961240857
6,2002,1,92.6899686144111
6,2002,2,93.2788184370818
6,2002,3,92.4322002288678
6,2002,4,93.0817024865075
6,2002,5,93.8604237846522
6,2002,6,93.0162257548119
6,2002,7,93.4182000152866
6,2002,8,93.3685825661605
6,2002,9,93.5655069980362
6,2002,10,93.4480655966831
6,2002,11,93.1962269529545
6,2002,12,93.1928637051095
6,2003,1,93.1518697569134
6,2003,2,92.6218357166738
6,2003,3,92.9395478176667
6,2003,4,93.1891406101306
6,2003,5,93.6560310164502
6,2003,6,93.2054314705808
6,2003,7,93.0932169000108
6,2003,8,93.1004941663362
6,2003,9,93.851298196431
6,2003,10,92.9510692360951
6,2003,11,93.1594595130332
6,2003,12,93.5932281481473
6,2004,1,93.3815178859251
6,2004,2,92.9181668501631
6,2004,3,92.3520326826002
6,2004,4,93.7221742923914
6,2004,5,94.0086875200186
6,2004,6,93.5553542715059
6,2004,7,93.5626916884906
6,2004,8,94.7514993097556
6,2004,9,93.9928187118891
6,2004,10,94.3429115785433
6,2004,11,94.0981640100683
6,2004,12,94.2501813040246
6,2005,1,93.4884354794394
6,2005,2,93.7135796363279
6,2005,3,94.4189875112295
6,2005,4,94.7501880444795
6,2005,5,94.9420754516731
6,2005,6,94.2017924908705
6,2005,7,94.4907157501376
6,2005,8,94.6703706714118
6,2005,9,95.188234808063
6,2005,10,94.8899740476528
6,2005,11,94.709885861483
6,2005,12,95.0080846748501
6,2006,1,94.3976736236585
6,2006,2,94.4247370371156
6,2006,3,94.8566128472967
6,2006,4,95.1931779561162
6,2006,5,95.3008326175312
6,2006,6,94.9542931423895
6,2006,7,95.235508184283
6,2006,8,95.0009235089797
6,2006,9,95.2656824989532
6,2006,10,95.8628613388709
6,2006,11,95.1836476159518
6,2006,12,95.1998518101994
6,2007,1,94.7402767953987
6,2007,2,94.684496996595
6,2007,3,94.8402608629704
6,2007,4,94.7141818848855
6,2007,5,95.0570168651029
6,2007,6,94.853113367582
6,2007,7,94.9253631193693
6,2007,8,94.4721662853041
6,2007,9,94.41099178667
6,2007,10,94.5565933435704
6,2007,11,94.4030527057738
6,2007,12,94.0054857135742
6,2008,1,93.7060082363791
6,2008,2,93.9355096812786
6,2008,3,93.2510889839987
6,2008,4,93.7599219266807
6,2008,5,93.5489994380665
6,2008,6,93.1110824296367
6,2008,7,92.7251508506809
6,2008,8,92.6306135829692
6,2008,9,92.3785642674185
6,2008,10,91.7756810782337
6,2008,11,91.9861807069303
6,2008,12,90.9388513595264
6,2009,1,89.2813477567743
6,2009,2,89.1821187719184
6,2009,3,88.5857370478422
6,2009,4,89.5235592467237
6,2009,5,89.2712208823292
6,2009,6,88.9830424177112
6,2009,7,88.2876309340385
6,2009,8,87.860336605076
6,2009,9,88.2030203778444
6,2009,10,87.6682400155985
6,2009,11,87.643336218207
6,2009,12,88.4698294810147
6,2010,1,87.0651436301218
6,2010,2,88.0240364979078
6,2010,3,87.0589158911042
6,2010,4,88.2168176973757
6,2010,5,88.8274839182144
6,2010,6,87.7373696914276
6,2010,7,87.4944333856962
6,2010,8,87.7658198834933
6,2010,9,87.4055056798419
6,2010,10,88.4575112831581
6,2010,11,87.6671653295689
6,2010,12,87.5230694645289
6,2011,1,87.5756503291845
6,2011,2,88.0152352012811
6,2011,3,87.6038958394711
6,2011,4,88.5544931516983
6,2011,5,88.8497623936539
6,2011,6,88.351944787949
6,2011,7,87.7263773475272
6,2011,8,88.4017054638538
6,2011,9,88.7385655457003
6,2011,10,88.8068677278702
6,2011,11,89.073694450692
6,2011,12,89.0067065219434
6,2012,1,88.7235225459675
6,2012,2,88.0593280162101
6,2012,3,88.0231447267262
6,2012,4,89.6002984656788
6,2012,5,90.0271646143268
6,2012,6,89.7942554678274
6,2012,7,89.5447291454203
6,2012,8,89.7113469251477
6,2012,9,90.0782022494154
6,2012,10,89.7929837055901
6,2012,11,89.8526139945992
6,2012,12,90.1896530969877
6,2013,1,89.9551069886358
6,2013,2,90.3443912505844
6,2013,3,90.68853237296
6,2013,4,91.5580380807575
6,2013,5,91.9655343767756
6,2013,6,90.7618736800252
6,2013,7,89.9364049423213
6,2013,8,90.8892554932117
6,2013,9,91.617808350947
6,2013,10,91.3100046227312
6,2013,11,91.0988639780404
6,2013,12,92.0396707784948
6,2014,1,91.3607024267482
6,2014,2,91.5236725190736
6,2014,3,91.7458773819125
6,2014,4,92.7175003373622
6,2014,5,93.1996386215093
6,2014,6,92.5229473871033
6,2014,7,91.8984224046086
6,2014,8,92.4592390701113
6,2014,9,92.7032212696814
6,2014,10,92.9364961291223
6,2014,11,92.7019923227034
6,2014,12,93.3620077738679
6,2015,1,92.8218589264698
6,2015,2,93.1654984682139
6,2015,3,93.6084522834537
6,2015,4,93.7374028663492
6,2015,5,93.9089172990382
6,2015,6,93.9498309946119
6,2015,7,93.6650854569503
6,2015,8,93.292495463626
6,2015,9,94.5415406142872
6,2015,10,94.035436191543
6,2015,11,94.3696914411857
6,2015,12,94.2168031750463
6,2016,1,94.266023439038
6,2016,2,94.31539302755
6,2016,3,94.6365059575106
6,2016,4,94.7688044618987
6,2016,5,95.3272478581448
6,2016,6,93.913221188823
6,2016,7,94.5134700598742
6,2016,8,94.422488018011
6,2016,9,94.4760241623517
6,2016,10,94.6459907278798
6,2016,11,94.7778841551476
6,2016,12,94.8932868018385
6,2017,1,94.3998988053879
6,2017,2,94.7184861688283
6,2017,3,94.8174708472931
6,2017,4,95.6229579716088
6,2017,5,95.8516521653106
6,2017,6,94.6584074476344
6,2017,7,94.3319218405624
6,2017,8,94.5008036198206
6,2017,9,95.4608830316336
6,2017,10,95.9953312036847
6,2017,11,96.3001868230449
6,2017,12,95.6735060668562
6,2018,1,95.2539513361096
6,2018,2,95.3510829226133
6,2018,3,95.8447813942318
6,2018,4,95.9739716206403
6,2018,5,96.0093028787663
6,2018,6,95.234549113371
6,2018,7,95.7266982596977
6,2018,8,95.6026380341633
6,2018,9,95.8865356893118
6,2018,10,96.3672077912079
6,2018,11,96.1110298573398
6,2018,12,96.1583792905903
6,2019,1,94.8786209182101
6,2019,2,95.4652953954459
6,2019,3,95.0821240617531
6,2019,4,96.2091978950823
6,2019,5,96.5091820239251
6,2019,6,95.739089631223
6,2019,7,95.6585607888008
6,2019,8,96.0203249778564
6,2019,9,96.7068491519518
6,2019,10,96.2003097133502
6,2019,11,96.0838434997781
6,2019,12,96.0086859557167
8,1982,1,92.1536124898701
8,1982,2,91.992876463471
8,1982,3,92.2652211990859
8,1982,4,93.6088140122095
8,1982,5,93.806559182385
8,1982,6,91.1397509906274
8,1982,7,91.9977726877721
8,1982,8,92.018038992585
8,1982,9,90.7048298206403
8,1982,10,91.5294885363643
8,1982,11,90.9583856905532
8,1982,12,90.6113413701695
8,1983,1,92.0049493838034
8,1983,2,91.6790635322942
8,1983,3,90.9155522293697
8,1983,4,91.3870125798493
8,1983,5,92.7197371149821
8,1983,6,91.802142158407
8,1983,7,93.8210656225159
8,1983,8,94.1305780634862
8,1983,9,93.7597406068406
8,1983,10,95.2196598887093
8,1983,11,95.1971158725891
8,1983,12,95.276228547146
8,1984,1,93.1541943701804
8,1984,2,93.663853784798
8,1984,3,94.6232964915054
8,1984,4,93.6521361517405
8,1984,5,94.651913171412
8,1984,6,94.6741990412555
8,1984,7,94.3434997020506
8,1984,8,94.9095883560811
8,1984,9,95.3872926844381
8,1984,10,92.6584117548638
8,1984,11,93.8833746236083
8,1984,12,93.0599919984538
8,1985,1,92.7452385654661
8,1985,2,92.7728649282296
8,1985,3,93.6921552770468
8,1985,4,95.7502053193837
8,1985,5,94.7554436285584
8,1985,6,94.4562991239813
8,1985,7,92.6820460794969
8,1985,8,92.8350755396917
8,1985,9,95.190106835062
8,1985,10,93.9144815678028
8,1985,11,93.8519686576049
8,1985,12,93.7012976866987
8,1986,1,91.8221078492686
8,1986,2,91.9432604523605
8,1986,3,92.0912589451998
8,1986,4,92.4627412453652
8,1986,5,92.9051366304644
8,1986,6,92.386704226172
8,1986,7,93.3153800444587
8,1986,8,92.7136537119596
8,1986,9,93.3933222614584
8,1986,10,91.2151131827329
8,1986,11,91.9308139083493
8,1986,12,92.2320391470658
8,1987,1,89.2152796620505
8,1987,2,89.0904617195761
8,1987,3,89.5821847174965
8,1987,4,91.2380764125025
8,1987,5,92.7825192481642
8,1987,6,92.4005917689215
8,1987,7,93.7327677493556
8,1987,8,94.0094336628705
8,1987,9,93.6209533926267
8,1987,10,93.6396598350414
8,1987,11,93.1678716615991
8,1987,12,92.6492044171571
8,1988,1,91.1293140204696
8,1988,2,91.7767906868189
8,1988,3,92.7308206297676
8,1988,4,94.7809868804243
8,1988,5,94.2449355006555
8,1988,6,93.1627780143914
8,1988,7,94.2334986878722
8,1988,8,93.6323182740331
8,1988,9,93.76044560445
8,1988,10,93.7053973146945
8,1988,11,94.1032642908533
8,1988,12,95.3031786892641
8,1989,1,93.3139196224175
8,1989,2,91.7960232654786
8,1989,3,93.5689412754136
8,1989,4,95.7088507621618
8,1989,5,94.4393719486847
8,1989,6,93.4137297986791
8,1989,7,95.3262798555772
8,1989,8,94.6681466377467
8,1989,9,95.174043090339
8,1989,10,94.1178197137431
8,1989,11,94.5617674900382
8,1989,12,93.2430439889574
8,1990,1,94.5096596190619
8,1990,2,93.2641199754807
8,1990,3,94.845984341132
8,1990,4,95.2393750673207
8,1990,5,95.4125145586563
8,1990,6,94.9273827352314
8,1990,7,94.4579082146597
8,1990,8,94.2977877954337
8,1990,9,95.9918732101542
8,1990,10,95.3036975753412
8,1990,11,95.438885241753
8,1990,12,95.0438387716974
8,1991,1,94.2842265188045
8,1991,2,94.1629430126238
8,1991,3,94.1624078476548
8,1991,4,95.498768266374
8,1991,5,94.2313964091236
8,1991,6,95.0745426423725
8,1991,7,94.6094978869151
8,1991,8,95.323837955367
8,1991,9,95.5715325518851
8,1991,10,94.7242318854503
8,1991,11,94.1895768647304
8,1991,12,94.5524098426751
8,1992,1,93.8094569123065
8,1992,2,93.0040750643265
8,1992,3,94.1399562495757
8,1992,4,94.2655381417309
8,1992,5,92.2772825192393
8,1992,6,92.8276958911914
8,1992,7,93.5941461435799
8,1992,8,94.238540583163
8,1992,9,95.0602587891459
8,1992,10,95.3055981629631
8,1992,11,94.84867537224
8,1992,12,93.5656034464802
8,1993,1,92.8093569304276
8,1993,2,92.7777301777961
8,1993,3,93.0139528786559
8,1993,4,94.0757206318832
8,1993,5,93.3998251632631
8,1993,6,93.8145755391692
8,1993,7,95.1152936829955
8,1993,8,95.9213134403804
8,1993,9,95.7006542014404
8,1993,10,96.2139499598232
8,1993,11,95.3849318318502
8,1993,12,96.1757316971911
8,1994,1,93.6111180920426
8,1994,2,93.7296683979947
8,1994,3,94.5651629079525
8,1994,4,95.1390533561346
8,1994,5,94.8823239410325
8,1994,6,94.8575371172403
8,1994,7,95.9200689136617
8,1994,8,95.9572802787983
8,1994,9,96.9338780555824
8,1994,10,97.2038830511826
8,1994,11,96.6269508763216
8,1994,12,97.4419593921148
8,1995,1,95.7467846408835
8,1995,2,96.8644668517153
8,1995,3,95.7129601629582
8,1995,4,95.7097193106269
8,1995,5,95.4923866304646
8,1995,6,94.0044421227995
8,1995,7,94.9638400135801
8,1995,8,96.2470370099458
8,1995,9,96.251665393002
8,1995,10,96.2432253249505
8,1995,11,96.1550783974978
8,1995,12,95.9993942258834
8,1996,1,96.8070246781047
8,1996,2,95.8529308073479
8,1996,3,95.5778413663593
8,1996,4,96.4189609389706
8,1996,5,95.5717062970432
8,1996,6,95.5297587589256
8,1996,7,94.442425424367
8,1996,8,94.9755999866725
8,1996,9,95.4664256572993
8,1996,10,96.450449083569
8,1996,11,95.9902489036906
8,1996,12,96.6027931510793
8,1997,1,96.1090170413889
8,1997,2,97.0441135139745
8,1997,3,96.027686735267
8,1997,4,96.2494955790057
8,1997,5,95.2948686686083
8,1997,6,95.322339782178
8,1997,7,97.0270975665528
8,1997,8,96.7560128813008
8,1997,9,95.9883621192046
8,1997,10,97.0415459485479
8,1997,11,96.1821655356179
8,1997,12,97.2406331991489
8,1998,1,95.8589824217466
8,1998,2,96.1228660263075
8,1998,3,96.1314818919398
8,1998,4,95.7950901595226
8,1998,5,96.3278745297419
8,1998,6,94.6279020933805
8,1998,7,95.9727816726447
8,1998,8,96.5463041011227
8,1998,9,95.984558819081
8,1998,10,95.4596879302343
8,1998,11,96.6539169456764
8,1998,12,96.6823010767486
8,1999,1,97.0271241322448
8,1999,2,97.859470345633
8,1999,3,97.6803480796243
8,1999,4,96.86426459954
8,1999,5,96.6178170685384
8,1999,6,95.2677875821438
8,1999,7,96.6118990125429
8,1999,8,97.0904789773818
8,1999,9,97.0837486406553
8,1999,10,96.6062337183296
8,1999,11,97.4222308894588
8,1999,12,96.947588954619
8,2000,1,96.9596803253991
8,2000,2,96.5369693472547
8,2000,3,97.1400377237506
8,2000,4,97.1120041975125
8,2000,5,97.80438332571
8,2000,6,96.5059505501843
8,2000,7,96.5871903685237
8,2000,8,96.159855103595
8,2000,9,96.8379276187349
8,2000,10,97.0471791324212
8,2000,11,96.8615344902624
8,2000,12,97.8980283599537
8,2001,1,97.1863254672721
8,2001,2,97.4110550669161
8,2001,3,96.8570096651816
8,2001,4,96.3844873575059
8,2001,5,97.5217779530681
8,2001,6,96.2087454696855
8,2001,7,96.3809864777166
8,2001,8,96.0586809219147
8,2001,9,96.0450363800381
8,2001,10,95.8248606521474
8,2001,11,95.0194530485359
8,2001,12,94.3668684821078
8,2002,1,92.451965425615
8,2002,2,93.2191632945422
8,2002,3,93.5799569565505
8,2002,4,94.6033381822599
8,2002,5,94.8279001490231
8,2002,6,95.2571018398935
8,2002,7,94.1430627287419
8,2002,8,94.7484627510128
8,2002,9,94.4580824030662
8,2002,10,94.2612868585253
8,2002,11,93.7092308534846
8,2002,12,93.8405034176744
8,2003,1,93.9240235808893
8,2003,2,94.4838707134071
8,2003,3,93.7519821897615
8,2003,4,93.4023729496198
8,2003,5,94.300404058057
8,2003,6,93.4462584479089
8,2003,7,94.205548126135
8,2003,8,94.0398374508631
8,2003,9,93.8825686088791
8,2003,10,94.2026335119546
8,2003,11,93.0461906895371
8,2003,12,93.0148126077632
8,2004,1,93.4661900272585
8,2004,2,94.1474751115338
8,2004,3,95.6054555121283
8,2004,4,94.0314443679741
8,2004,5,95.3890049153352
8,2004,6,94.2099919686846
8,2004,7,94.5041874207656
8,2004,8,95.0965282658719
8,2004,9,95.4917295024255
8,2004,10,94.7098480914085
8,2004,11,94.5831359425734
8,2004,12,94.326320374152
8,2005,1,95.4023559308561
8,2005,2,95.2883990256916
8,2005,3,93.783354067517
8,2005,4,94.6147893287497
8,2005,5,94.8008575679676
8,2005,6,94.8161053436993
8,2005,7,94.9400109336812
8,2005,8,95.5194511945891
8,2005,9,95.5748484280315
8,2005,10,96.0415789299184
8,2005,11,95.4266529603839
8,2005,12,95.8616324941458
8,2006,1,94.4600912968657
8,2006,2,95.5386644889264
8,2006,3,95.0528222734151
8,2006,4,96.000003788995
8,2006,5,95.5440796181562
8,2006,6,95.2933505871983
8,2006,7,95.6516842186447
8,2006,8,94.8814779101617
8,2006,9,96.3639683708126
8,2006,10,96.2233729555875
8,2006,11,96.8606679346548
8,2006,12,96.4128985605254
8,2007,1,95.3789454951956
8,2007,2,96.0377444506405
8,2007,3,96.2705783485196
8,2007,4,96.9445671677647
8,2007,5,96.6301449955152
8,2007,6,96.2846407003719
8,2007,7,96.3493967266255
8,2007,8,96.427747735293
8,2007,9,96.2469726439952
8,2007,10,97.0082146548793
8,2007,11,95.963052067398
8,2007,12,95.8420699991266
8,2008,1,95.5686289492324
8,2008,2,95.0933411782768
8,2008,3,96.0680000155695
8,2008,4,95.8079978208059
8,2008,5,95.2918323017576
8,2008,6,94.176737920371
8,2008,7,94.8298204719894
8,2008,8,95.3029264969566
8,2008,9,95.6264437301704
8,2008,10,94.3686882934351
8,2008,11,94.2888688304137
8,2008,12,94.8133025829026
8,2009,1,93.0083032646136
8,2009,2,92.1317423390655
8,2009,3,92.0447790233491
8,2009,4,92.4033642883876
8,2009,5,92.3830470034048
8,2009,6,92.2752979070965
8,2009,7,91.0405709091317
8,2009,8,92.6026505416264
8,2009,9,93.5173969927195
8,2009,10,93.519624532483
8,2009,11,92.9259563804119
8,2009,12,91.2077920668269
8,2010,1,90.3311368863267
8,2010,2,90.3501460197942
8,2010,3,90.6608399709961
8,2010,4,91.258038440609
8,2010,5,92.0446612492256
8,2010,6,91.1874178361043
8,2010,7,91.116274785944
8,2010,8,91.851393586941
8,2010,9,91.075507654722
8,2010,10,91.5129523517709
8,2010,11,90.4433697529422
8,2010,12,90.6912751376328
8,2011,1,88.9051335293644
8,2011,2,89.3277770710292
8,2011,3,91.7423418669401
8,2011,4,92.7219263758404
8,2011,5,91.3923887814665
8,2011,6,92.3950618846242
8,2011,7,91.170168951064
8,2011,8,91.4970614923828
8,2011,9,92.6054158178664
8,2011,10,91.9381394220788
8,2011,11,91.6838874089359
8,2011,12,91.4448276267007
8,2012,1,90.2687548199674
8,2012,2,91.4667828062964
8,2012,3,91.5377629664922
8,2012,4,90.8616814394332
8,2012,5,91.3536380392012
8,2012,6,92.0396290482538
8,2012,7,92.0226488763139
8,2012,8,92.4419711357019
8,2012,9,92.5229790139945
8,2012,10,92.5845411571924
8,2012,11,92.5752293055435
8,2012,12,92.9271463788422
8,2013,1,93.7794588195976
8,2013,2,91.6349786143484
8,2013,3,92.5366638097727
8,2013,4,92.7281830769217
8,2013,5,93.0733033517534
8,2013,6,91.4814642048176
8,2013,7,93.2046911484454
8,2013,8,93.7155558884654
8,2013,9,93.2748039621391
8,2013,10,94.4693972667309
8,2013,11,93.971758653416
8,2013,12,94.5303577256777
8,2014,1,93.1273820868824
8,2014,2,92.9521685595374
8,2014,3,93.9579229037449
8,2014,4,94.5980705480239
8,2014,5,94.9280838620827
8,2014,6,95.7607981986089
8,2014,7,95.0103621832684
8,2014,8,95.8078645196929
8,2014,9,96.6232346728269
8,2014,10,96.9792067589096
8,2014,11,96.0431399726406
8,2014,12,95.7771739219069
8,2015,1,94.9619552108424
8,2015,2,94.6537191754979
8,2015,3,95.8397938804051
8,2015,4,93.7831231332963
8,2015,5,95.779965842913
8,2015,6,96.1497139099714
8,2015,7,97.435297004323
8,2015,8,96.3101288017126
8,2015,9,97.1120039009673
8,2015,10,96.3950695979941
8,2015,11,96.6259592542011
8,2015,12,96.5985032529153
8,2016,1,97.5538092572859
8,2016,2,96.2560551263953
8,2016,3,95.5941108518515
8,2016,4,94.8970816881098
8,2016,5,95.6659476676611
8,2016,6,95.984438724297
8,2016,7,96.995989026452
8,2016,8,96.2569344477304
8,2016,9,97.0698652902847
8,2016,10,96.3121434555151
8,2016,11,97.6831950459895
8,2016,12,97.7351476799182
8,2017,1,96.1588893941633
8,2017,2,96.8672829325138
8,2017,3,98.7543111294149
8,2017,4,98.1871479610319
8,2017,5,97.0490314102362
8,2017,6,97.8569215398512
8,2017,7,97.4077417005678
8,2017,8,97.7980743524539
8,2017,9,95.9510704409252
8,2017,10,95.8341270354651
8,2017,11,97.168045422596
8,2017,12,96.9401457597006
8,2018,1,97.1825696952383
8,2018,2,97.2774798118038
8,2018,3,97.6999083781652
8,2018,4,97.6806213219717
8,2018,5,97.1280553267502
8,2018,6,96.4535338234467
8,2018,7,95.7574048967665
8,2018,8,94.6809710509076
8,2018,9,97.0256641288028
8,2018,10,96.422449411829
8,2018,11,96.2843920795799
8,2018,12,96.3358162758068
8,2019,1,96.486628649312
8,2019,2,97.2725871873471
8,2019,3,97.915605932442
8,2019,4,97.0631585602135
8,2019,5,98.0646152283632
8,2019,6,96.9732810459237
8,2019,7,97.5826720581133
8,2019,8,97.0671937566849
8,2019,9,97.3557302635777
8,2019,10,96.9077053297906
8,2019,11,97.5385223334999
8,2019,12,97.9624825261601
9,1982,1,92.3851879138157
9,1982,2,93.2480715406111
9,1982,3,94.0599347878023
9,1982,4,93.6116239277901
9,1982,5,94.2548572384751
9,1982,6,92.3653539480334
9,1982,7,92.1467714973694
9,1982,8,93.3822128605004
9,1982,9,93.6846813568724
9,1982,10,92.3680065058396
9,1982,11,92.992908539322
9,1982,12,91.4435076571337
9,1983,1,90.8194018552569
9,1983,2,90.5984660842725
9,1983,3,92.8986420020538
9,1983,4,92.9090239307855
9,1983,5,94.3968794997924
9,1983,6,92.5735603066754
9,1983,7,94.762389117772
9,1983,8,95.5322298003672
9,1983,9,95.6497229510301
9,1983,10,95.0058430455074
9,1983,11,94.6379216004863
9,1983,12,95.1039416419252
9,1984,1,94.3285374121373
9,1984,2,95.3842468925661
9,1984,3,96.137913394136
9,1984,4,95.8069777363095
9,1984,5,95.5501354685641
9,1984,6,95.2391115448318
9,1984,7,95.3754229490573
9,1984,8,95.5520566588239
9,1984,9,95.8911622559846
9,1984,10,97.1859597923811
9,1984,11,95.6415197937382
9,1984,12,95.4946394826749
9,1985,1,94.2801895916381
9,1985,2,94.6251163675252
9,1985,3,94.8056442557956
9,1985,4,95.0746344883092
9,1985,5,93.4107668074766
9,1985,6,93.5039181132406
9,1985,7,93.9980613696555
9,1985,8,95.9948562079467
9,1985,9,95.8510278214464
9,1985,10,96.2098127722511
9,1985,11,96.683840419511
9,1985,12,96.1807285560486
9,1986,1,96.1643646870789
9,1986,2,96.6739422354813
9,1986,3,95.9530984542166
9,1986,4,94.9247102780045
9,1986,5,96.8058548984545
9,1986,6,95.5027709586108
9,1986,7,95.8774750521868
9,1986,8,96.5719744519516
9,1986,9,96.4258312853463
9,1986,10,96.4382799891719
9,1986,11,97.2296735486056
9,1986,12,96.3624029421389
9,1987,1,95.8939644968102
9,1987,2,96.2395498438806
9,1987,3,96.4524944400359
9,1987,4,96.4925609732915
9,1987,5,97.0957846339131
9,1987,6,96.0940784051752
9,1987,7,95.9633100923933
9,1987,8,97.6681316474012
9,1987,9,96.6409259585081
9,1987,10,96.0609269234746
9,1987,11,96.3214680673758
9,1987,12,97.5330557307005
9,1988,1,96.1897551380421
9,1988,2,97.1032153142937
9,1988,3,97.6092971299505
9,1988,4,97.3646697863005
9,1988,5,97.3609270580115
9,1988,6,96.053384507325
9,1988,7,96.1447141877994
9,1988,8,95.7824355218398
9,1988,9,97.5106841996103
9,1988,10,97.0510369949412
9,1988,11,97.6888762160886
9,1988,12,96.5837506116621
9,1989,1,96.2514481576626
9,1989,2,96.9559409093537
9,1989,3,96.2922033460783
9,1989,4,96.7303734498412
9,1989,5,96.177350809739
9,1989,6,96.2621497070436
9,1989,7,96.1962986095538
9,1989,8,95.7179584011354
9,1989,9,96.6315264276168
9,1989,10,95.5966010729686
9,1989,11,96.0624663413461
9,1989,12,95.1127232514279
9,1990,1,93.9324242875567
9,1990,2,94.1438635695736
9,1990,3,94.0497012663338
9,1990,4,94.7018974654204
9,1990,5,94.5277826106757
9,1990,6,95.9881307228583
9,1990,7,94.2679254882697
9,1990,8,94.3884620074538
9,1990,9,95.1946827567945
9,1990,10,95.5146112492801
9,1990,11,95.3447535678008
9,1990,12,95.3706737384448
9,1991,1,94.1970691408387
9,1991,2,93.5536788265722
9,1991,3,94.1710079907527
9,1991,4,94.6881057974881
9,1991,5,93.8219389644041
9,1991,6,92.1598590383286
9,1991,7,91.908497440046
9,1991,8,92.8702024100232
9,1991,9,92.8989557040318
9,1991,10,93.5442705243582
9,1991,11,92.2117952203905
9,1991,12,92.015344309052
9,1992,1,90.6657089426177
9,1992,2,91.3461711791696
9,1992,3,93.3651886989809
9,1992,4,93.0235312612772
9,1992,5,93.4797152537484
9,1992,6,92.4887798055408
9,1992,7,92.573521822956
9,1992,8,92.8836456249918
9,1992,9,92.3932439970173
9,1992,10,93.616451426606
9,1992,11,91.1065056135194
9,1992,12,90.6700412952363
9,1993,1,91.3522125002899
9,1993,2,92.9985030460619
9,1993,3,93.8135553729485
9,1993,4,93.3373115275889
9,1993,5,93.9734287632437
9,1993,6,93.8001966612996
9,1993,7,94.3381101789842
9,1993,8,94.5544369719772
9,1993,9,94.6268736602635
9,1993,10,95.0813683931529
9,1993,11,94.0824837453101
9,1993,12,95.0855686208226
9,1994,1,94.9059869953813
9,1994,2,93.8458927697314
9,1994,3,94.4845126573451
9,1994,4,94.2436575061242
9,1994,5,94.0024794567809
9,1994,6,94.1563575090326
9,1994,7,93.9914234172362
9,1994,8,92.8621316024689
9,1994,9,95.0818180099461
9,1994,10,96.434133255832
9,1994,11,92.8582450468625
9,1994,12,95.0882035469644
9,1995,1,92.8073902120687
9,1995,2,92.4923295551018
9,1995,3,94.1272057129438
9,1995,4,94.6982095458884
9,1995,5,95.4620963509444
9,1995,6,93.9835992671318
9,1995,7,92.8792624300656
9,1995,8,94.08688630898
9,1995,9,96.4107984695554
9,1995,10,95.6280170640721
9,1995,11,95.8570628719829
9,1995,12,94.687844664344
9,1996,1,92.4463669496366
9,1996,2,93.2587902411125
9,1996,3,93.6879605700697
9,1996,4,95.3927863298558
9,1996,5,94.1967234445582
9,1996,6,94.422424725086
9,1996,7,94.1224196714735
9,1996,8,95.3487049320988
9,1996,9,94.9697609626866
9,1996,10,94.3178393021487
9,1996,11,93.0747818795194
9,1996,12,93.1371124246223
9,1997,1,92.8741337393411
9,1997,2,93.9890519548293
9,1997,3,94.4244992726881
9,1997,4,94.5319659345377
9,1997,5,93.8838413197276
9,1997,6,93.903246143663
9,1997,7,95.9233989046144
9,1997,8,96.2413300503606
9,1997,9,96.4436368852634
9,1997,10,95.1948640563033
9,1997,11,95.5980559580912
9,1997,12,96.3308900692467
9,1998,1,96.5255137619996
9,1998,2,95.2776886051882
9,1998,3,94.9424016221421
9,1998,4,96.3402401312026
9,1998,5,96.5115142120757
9,1998,6,96.0313110972025
9,1998,7,96.7218362021073
9,1998,8,97.0817936816001
9,1998,9,96.6667432536477
9,1998,10,97.1258181882371
9,1998,11,96.8695706594056
9,1998,12,98.0406672486998
9,1999,1,96.7169887062298
9,1999,2,95.8389595225312
9,1999,3,96.5394698247134
9,1999,4,95.8730679702343
9,1999,5,96.7405265349985
9,1999,6,96.2463087508374
9,1999,7,98.2775864822314
9,1999,8,98.7780446198941
9,1999,9,96.4175046204435
9,1999,10,96.0778857193797
9,1999,11,96.3205008305103
9,1999,12,97.677618498863
9,2000,1,97.8895164611575
9,2000,2,95.8736259062054
9,2000,3,97.2178040130084
9,2000,4,97.5111239604144
9,2000,5,97.392239290725
9,2000,6,97.8447981091964
9,2000,7,96.6660329701203
9,2000,8,97.6066015430674
9,2000,9,98.3156480969201
9,2000,10,98.6196705691062
9,2000,11,98.9356477798964
9,2000,12,98.4724964984488
9,2001,1,97.5213582170023
9,2001,2,97.267502421728
9,2001,3,98.0340520462721
9,2001,4,96.9267639396492
9,2001,5,96.9971853333536
9,2001,6,95.7808605901536
9,2001,7,95.3863994197401
9,2001,8,95.2087581735708
9,2001,9,96.7410685807458
9,2001,10,97.846517098262
9,2001,11,97.3976178829984
9,2001,12,96.8135819339866
9,2002,1,95.9694295800112
9,2002,2,95.8114773974318
9,2002,3,96.0911753803145
9,2002,4,95.4357262227264
9,2002,5,96.0119604986194
9,2002,6,95.9993478760686
9,2002,7,95.6024275324137
9,2002,8,95.4361526430751
9,2002,9,95.3667861257914
9,2002,10,95.164538839805
9,2002,11,95.0007584724918
9,2002,12,94.5803922498726
9,2003,1,94.0078659838315
9,2003,2,94.3730192201951
9,2003,3,94.2882904950238
9,2003,4,94.1197716094767
9,2003,5,95.345531752603
9,2003,6,94.5117488154753
9,2003,7,94.2884086709575
9,2003,8,95.0046853180227
9,2003,9,94.5182068663133
9,2003,10,95.2066417612789
9,2003,11,94.740742587824
9,2003,12,95.6111693614397
9,2004,1,95.0747743965191
9,2004,2,93.7150527889926
9,2004,3,94.088161937146
9,2004,4,94.8946675552128
9,2004,5,94.5952247280111
9,2004,6,95.1255206792518
9,2004,7,94.6036427504113
9,2004,8,94.9759087491019
9,2004,9,95.3170987746201
9,2004,10,95.5629660906736
9,2004,11,94.9838467949666
9,2004,12,96.3717319497968
9,2005,1,94.122571561816
9,2005,2,94.1746451332462
9,2005,3,94.6184400814589
9,2005,4,94.9900816680992
9,2005,5,94.1495483140247
9,2005,6,94.681127763317
9,2005,7,94.3445798145783
9,2005,8,94.1748396554495
9,2005,9,95.4035787870616
9,2005,10,95.5197666468322
9,2005,11,95.6313133936649
9,2005,12,96.17073729967
9,2006,1,94.923841987115
9,2006,2,95.4921915398444
9,2006,3,95.0290594480918
9,2006,4,96.7224578402916
9,2006,5,96.1597131470881
9,2006,6,95.1218717919879
9,2006,7,94.7472698218164
9,2006,8,95.2066182830534
9,2006,9,95.0209048043602
9,2006,10,96.2639693908292
9,2006,11,95.9949378086858
9,2006,12,96.5812254554969
9,2007,1,94.6985726889781
9,2007,2,95.7531867423964
9,2007,3,95.5589626620677
9,2007,4,95.5438560947208
9,2007,5,95.615602786769
9,2007,6,95.7945100195353
9,2007,7,95.2963632911903
9,2007,8,95.0072410561976
9,2007,9,95.588089124189
9,2007,10,95.4980653030156
9,2007,11,94.3457698068459
9,2007,12,95.3798742982693
9,2008,1,94.7506166944758
9,2008,2,93.9872807869158
9,2008,3,93.7898221565173
9,2008,4,95.4672361688467
9,2008,5,94.6325249247829
9,2008,6,94.3572686291849
9,2008,7,93.4909010996963
9,2008,8,92.9494813257424
9,2008,9,94.3973694520186
9,2008,10,93.6095555717607
9,2008,11,93.8982574792767
9,2008,12,93.7038827742371
9,2009,1,92.6714680304669
9,2009,2,92.6650616386578
9,2009,3,92.3420347549579
9,2009,4,92.1328227606148
9,2009,5,92.5076195235826
9,2009,6,92.576237222992
9,2009,7,92.4639562799327
9,2009,8,92.2060587900438
9,2009,9,91.0333044835567
9,2009,10,90.6441059159568
9,2009,11,92.2275493143208
9,2009,12,90.8120458692981
9,2010,1,89.5102722692254
9,2010,2,89.9037190705832
9,2010,3,90.7488477738838
9,2010,4,92.3091561412195
9,2010,5,91.1487916877966
9,2010,6,91.0795185458979
9,2010,7,90.0448183078719
9,2010,8,90.004571263588
9,2010,9,90.8804263545743
9,2010,10,91.1016874751959
9,2010,11,91.8346268345938
9,2010,12,90.5108150982156
9,2011,1,89.9771542963535
9,2011,2,89.1617859160781
9,2011,3,89.7305227085769
9,2011,4,90.5720965724663
9,2011,5,91.1049708591964
9,2011,6,91.5277555484263
9,2011,7,90.8717638138093
9,2011,8,90.808746805521
9,2011,9,92.0670928472717
9,2011,10,91.7660656265519
9,2011,11,92.6382728362932
9,2011,12,93.003583058542
9,2012,1,91.6295338655793
9,2012,2,92.3884147612078
9,2012,3,91.4790131071289
9,2012,4,92.343289731715
9,2012,5,91.4946988852816
9,2012,6,91.0924986913173
9,2012,7,89.3614300475309
9,2012,8,89.8279325551223
9,2012,9,92.0553866293286
9,2012,10,90.8330062275597
9,2012,11,92.0655812629297
9,2012,12,93.397734611151
9,2013,1,92.2811531452168
9,2013,2,91.785587683809
9,2013,3,91.5671561066853
9,2013,4,92.4502814969278
9,2013,5,92.5159010929327
9,2013,6,93.201812572443
9,2013,7,91.9115383866765
9,2013,8,91.9945784913733
9,2013,9,92.4599273716198
9,2013,10,92.5890750939299
9,2013,11,93.5193465461045
9,2013,12,93.2225237027946
9,2014,1,92.764370130477
9,2014,2,93.0615848424328
9,2014,3,92.0811103572365
9,2014,4,92.7376518287537
9,2014,5,92.9554371501651
9,2014,6,94.3698780118874
9,2014,7,94.1131990811221
9,2014,8,93.387781021272
9,2014,9,94.8917123957138
9,2014,10,93.0428260072171
9,2014,11,93.8896618495964
9,2014,12,94.2355429025024
9,2015,1,92.9420154843726
9,2015,2,92.4700747297429
9,2015,3,93.9094694336838
9,2015,4,94.7139062362456
9,2015,5,95.2847063956136
9,2015,6,95.4388449831362
9,2015,7,94.319251789321
9,2015,8,94.2944699971839
9,2015,9,94.5314824316228
9,2015,10,95.8080700949151
9,2015,11,95.1923933497595
9,2015,12,93.864661191311
9,2016,1,93.2125490061533
9,2016,2,93.8155018460245
9,2016,3,92.9753287013219
9,2016,4,94.7980327726268
9,2016,5,94.9244077589357
9,2016,6,93.4655809152594
9,2016,7,95.8281594797729
9,2016,8,94.3448123129662
9,2016,9,95.0051282452151
9,2016,10,96.328067415013
9,2016,11,97.5425524368834
9,2016,12,95.7321322395932
9,2017,1,93.0211433053232
9,2017,2,94.0192210164304
9,2017,3,95.3926356416044
9,2017,4,95.4821068554849
9,2017,5,94.7495294799366
9,2017,6,94.1735909528268
9,2017,7,95.6752159150944
9,2017,8,96.222168303485
9,2017,9,96.0579196457776
9,2017,10,94.7525841550163
9,2017,11,95.6340709848852
9,2017,12,96.5273963234082
9,2018,1,93.347525831905
9,2018,2,95.112287983599
9,2018,3,95.339251874746
9,2018,4,95.2226314589757
9,2018,5,96.0376793721602
9,2018,6,95.2920619990326
9,2018,7,95.7681545624007
9,2018,8,96.5198142907178
9,2018,9,95.0839663468285
9,2018,10,95.5600714496799
9,2018,11,97.4207768239294
9,2018,12,96.1034711538231
9,2019,1,93.6638641584749
9,2019,2,95.2647668041487
9,2019,3,95.8199741925059
9,2019,4,97.3532722059476
9,2019,5,96.291553606165
9,2019,6,95.6521112148874
9,2019,7,96.8657851926681
9,2019,8,96.2204469638942
9,2019,9,96.0366718504876
9,2019,10,96.1801717887003
9,2019,11,96.6875095314312
9,2019,12,96.752960407833
10,1982,1,90.7036923466932
10,1982,2,90.6074176966547
10,1982,3,91.7472113566645
10,1982,4,90.8372935039822
10,1982,5,91.2266186038429
10,1982,6,90.1126781995729
10,1982,7,91.4132025456859
10,1982,8,89.9405528614299
10,1982,9,92.3241791316936
10,1982,10,92.9616962498377
10,1982,11,92.7298026577787
10,1982,12,92.3302825459402
10,1983,1,90.4350560416845
10,1983,2,91.0359115687488
10,1983,3,90.725656979618
10,1983,4,91.9770543551436
10,1983,5,90.5570960863553
10,1983,6,90.619873168986
10,1983,7,91.4403556412578
10,1983,8,92.4804620395101
10,1983,9,91.4082207077856
10,1983,10,91.6959800721487
10,1983,11,92.3899116485319
10,1983,12,92.5814982097306
10,1984,1,93.302772234523
10,1984,2,93.3864553828437
10,1984,3,93.9935958830017
10,1984,4,94.592305137735
10,1984,5,94.5410333134464
10,1984,6,91.7281918391396
10,1984,7,92.9853619490004
10,1984,8,93.0748099448858
10,1984,9,93.5248597724694
10,1984,10,93.8687072568687
10,1984,11,95.1609262850927
10,1984,12,96.0659332226554
10,1985,1,93.5569580908336
10,1985,2,91.8050422174767
10,1985,3,93.5506869042897
10,1985,4,94.2990758346321
10,1985,5,94.9559913408817
10,1985,6,94.0636007429454
10,1985,7,93.7157996948751
10,1985,8,94.8437826154364
10,1985,9,96.7113910634591
10,1985,10,96.547904615455
10,1985,11,96.9827106162459
10,1985,12,96.1521841789687
10,1986,1,94.9941485875667
10,1986,2,94.0966369166253
10,1986,3,95.1935763873813
10,1986,4,94.9810256340207
10,1986,5,94.4654578590491
10,1986,6,95.2788298845125
10,1986,7,95.7398475939074
10,1986,8,96.9537218683398
10,1986,9,96.2508241532386
10,1986,10,97.0985159521658
10,1986,11,96.5786932395228
10,1986,12,97.0600089293678
10,1987,1,96.8492735869389
10,1987,2,97.2450206042923
10,1987,3,96.2057369512323
10,1987,4,96.4886733723648
10,1987,5,96.2039313192211
10,1987,6,96.6051658879689
10,1987,7,95.6928347387786
10,1987,8,97.2708169627467
10,1987,9,97.4593480825637
10,1987,10,97.7790428112202
10,1987,11,97.0548204293573
10,1987,12,96.8094165241464
10,1988,1,95.2677702824708
10,1988,2,96.6037049620258
10,1988,3,96.551374445875
10,1988,4,97.7955545552391
10,1988,5,98.1154497839759
10,1988,6,96.0528015163294
10,1988,7,96.1295453336812
10,1988,8,96.1840602006818
10,1988,9,96.4523457794836
10,1988,10,96.9394481661619
10,1988,11,98.0110546275042
10,1988,12,96.9298673019669
10,1989,1,95.0878466257009
10,1989,2,95.5040670185274
10,1989,3,96.198710281082
10,1989,4,97.0266120400246
10,1989,5,96.8584256576919
10,1989,6,94.7770246444066
10,1989,7,96.2917811893808
10,1989,8,96.1910068084088
10,1989,9,96.4886920579192
10,1989,10,96.9270003911475
10,1989,11,97.6147960467155
10,1989,12,97.4954314911508
10,1990,1,94.8690299883237
10,1990,2,93.4915909440923
10,1990,3,95.3689291799445
10,1990,4,96.476313972066
10,1990,5,95.8724049521671
10,1990,6,96.889469242728
10,1990,7,95.237597806415
10,1990,8,94.5271848579101
10,1990,9,93.1542406447897
10,1990,10,93.7383146878458
10,1990,11,93.9656219735162
10,1990,12,93.7028216705058
10,1991,1,93.6494127346274
10,1991,2,92.13630375402
10,1991,3,92.2570480658323
10,1991,4,92.7661429880231
10,1991,5,92.8496791079487
10,1991,6,94.391566910762
10,1991,7,93.0247056023253
10,1991,8,93.0242427202514
10,1991,9,94.0230972600774
10,1991,10,95.0075604578605
10,1991,11,95.9339676259244
10,1991,12,94.4482357648409
10,1992,1,94.1952607878849
10,1992,2,95.0652643936358
10,1992,3,93.1513868900859
10,1992,4,94.0336009101621
10,1992,5,94.9490193571168
10,1992,6,91.2832425945423
10,1992,7,94.1915833988535
10,1992,8,94.4272635970761
10,1992,9,95.8156443254513
10,1992,10,94.01228542806
10,1992,11,96.6355683596416
10,1992,12,95.9196371921537
10,1993,1,95.0714063678543
10,1993,2,93.3406530341302
10,1993,3,94.0563325847511
10,1993,4,95.3997196761763
10,1993,5,97.2110656270075
10,1993,6,95.1344800756327
10,1993,7,94.4524062609707
10,1993,8,93.8866993985993
10,1993,9,93.8220716611936
10,1993,10,94.6327191936563
10,1993,11,95.0601509208442
10,1993,12,93.3716275383428
10,1994,1,93.5272588217964
10,1994,2,94.2980499999258
10,1994,3,94.3031233426773
10,1994,4,93.6171536185403
10,1994,5,95.3831261484618
10,1994,6,95.3170302316069
10,1994,7,94.9947118923526
10,1994,8,95.2292345549653
10,1994,9,95.2569839783322
10,1994,10,95.5649277369682
10,1994,11,94.9092243215144
10,1994,12,96.1111445978634
10,1995,1,95.179822481343
10,1995,2,96.2111522918654
10,1995,3,96.4461952506583
10,1995,4,94.6986522798192
10,1995,5,96.2629588105788
10,1995,6,95.8409045920752
10,1995,7,95.9775408206271
10,1995,8,96.3304505240204
10,1995,9,94.6447969196762
10,1995,10,95.5040617046718
10,1995,11,94.7625358640727
10,1995,12,95.0620470284053
10,1996,1,95.1105984948001
10,1996,2,95.6200546181213
10,1996,3,94.8441946337375
10,1996,4,93.9628740424841
10,1996,5,95.1573083275896
10,1996,6,94.9180937210993
10,1996,7,93.7632470785434
10,1996,8,94.2712287401421
10,1996,9,94.3535736088844
10,1996,10,94.7764408558982
10,1996,11,94.0792644428542
10,1996,12,95.3601846030161
10,1997,1,94.3232876704326
10,1997,2,94.2566659644328
10,1997,3,94.6138095915516
10,1997,4,96.8744757876962
10,1997,5,96.8693825438958
10,1997,6,95.2990272840671
10,1997,7,95.1238843671932
10,1997,8,95.5005595095372
10,1997,9,96.4537032250422
10,1997,10,96.9009467895379
10,1997,11,97.9533955776064
10,1997,12,96.1501685694264
10,1998,1,95.5877887285613
10,1998,2,95.7181692312774
10,1998,3,96.1725142298409
10,1998,4,95.9589967090277
10,1998,5,95.5174369467288
10,1998,6,95.9734615247713
10,1998,7,95.8547974633958
10,1998,8,96.7610898041054
10,1998,9,97.0428633764694
10,1998,10,96.8616580556971
10,1998,11,96.3732871710952
10,1998,12,97.8498653135044
10,1999,1,95.9603670549812
10,1999,2,96.4920362546129
10,1999,3,96.1376322437638
10,1999,4,96.6674391746967
10,1999,5,95.3856877384662
10,1999,6,95.0425683990311
10,1999,7,96.987959804657
10,1999,8,97.3718060805705
10,1999,9,97.1190069961093
10,1999,10,96.0102472672136
10,1999,11,96.5683730159142
10,1999,12,96.297996665751
10,2000,1,96.7191838602753
10,2000,2,93.9916583850268
10,2000,3,96.2742388083152
10,2000,4,95.3232230783139
10,2000,5,96.1664967230769
10,2000,6,96.1438364672196
10,2000,7,95.3423173926493
10,2000,8,96.0532546866008
10,2000,9,96.2196281718434
10,2000,10,96.3549662184469
10,2000,11,96.6552238393773
10,2000,12,96.6903806714163
10,2001,1,93.9507419621751
10,2001,2,96.6534836340434
10,2001,3,96.9794819038357
10,2001,4,96.7247073503555
10,2001,5,96.245054815454
10,2001,6,96.5615544420206
10,2001,7,96.5688056327828
10,2001,8,96.8430766257177
10,2001,9,97.0115173269861
10,2001,10,97.7005486049828
10,2001,11,97.4181320951941
10,2001,12,96.2041413427824
10,2002,1,94.1851157770104
10,2002,2,95.4413183172046
10,2002,3,95.0077883463979
10,2002,4,95.5152772984193
10,2002,5,95.8102597486569
10,2002,6,95.338431774793
10,2002,7,96.0503165667429
10,2002,8,96.1711132559928
10,2002,9,95.4053902523874
10,2002,10,96.6234506528396
10,2002,11,96.3111962276065
10,2002,12,96.7518385601044
10,2003,1,96.5900786091447
10,2003,2,95.1528200873146
10,2003,3,95.2475433035733
10,2003,4,94.4514038280444
10,2003,5,96.5593418603258
10,2003,6,95.4595062205695
10,2003,7,95.517233580668
10,2003,8,93.7145715030605
10,2003,9,94.9026539105824
10,2003,10,96.614969745326
10,2003,11,96.0041390709691
10,2003,12,95.619912805688
10,2004,1,96.468921005189
10,2004,2,95.6403142034718
10,2004,3,95.7288431403877
10,2004,4,95.8849689514233
10,2004,5,96.4935828727921
10,2004,6,95.6462049753145
10,2004,7,95.8600575145096
10,2004,8,96.7321080008712
10,2004,9,95.7114833806089
10,2004,10,96.1479617356513
10,2004,11,95.7966363186454
10,2004,12,95.7922113596742
10,2005,1,94.6931597483834
10,2005,2,96.2503563347933
10,2005,3,96.0485641118229
10,2005,4,96.2847783317805
10,2005,5,95.0626685599289
10,2005,6,94.9259572898468
10,2005,7,95.4723788034928
10,2005,8,95.8225715300784
10,2005,9,95.5026328123747
10,2005,10,95.5329454543878
10,2005,11,95.8164532547801
10,2005,12,94.5471098679445
10,2006,1,95.7620121845531
10,2006,2,95.8469383078711
10,2006,3,96.629793126177
10,2006,4,96.5054853323471
10,2006,5,96.570376313201
10,2006,6,96.3182227042309
10,2006,7,96.6173096137896
10,2006,8,96.4116695366154
10,2006,9,96.1831159118013
10,2006,10,96.5373843578823
10,2006,11,96.4554047093648
10,2006,12,97.0243975549671
10,2007,1,95.8148941153305
10,2007,2,96.115471608227
10,2007,3,95.8987845954068
10,2007,4,95.2522361913636
10,2007,5,96.9984329729451
10,2007,6,96.4308859287691
10,2007,7,96.4974608966792
10,2007,8,97.5003451050055
10,2007,9,97.1788952679268
10,2007,10,95.5044327574147
10,2007,11,96.327779027573
10,2007,12,96.0276239346383
10,2008,1,95.2833167595352
10,2008,2,95.271546634721
10,2008,3,96.3750938349763
10,2008,4,95.6858158799855
10,2008,5,96.0919989429835
10,2008,6,95.2874243082368
10,2008,7,95.5979050690949
10,2008,8,94.0903015114531
10,2008,9,95.2955596713391
10,2008,10,92.6756349564479
10,2008,11,94.0965041610176
10,2008,12,93.0859585719541
10,2009,1,91.5057363310992
10,2009,2,91.7648598884704
10,2009,3,91.6667184696415
10,2009,4,93.4546352542314
10,2009,5,90.8450019614541
10,2009,6,90.0230844864631
10,2009,7,92.0386591408722
10,2009,8,91.797339058396
10,2009,9,90.8649095858171
10,2009,10,89.7503482278123
10,2009,11,91.4704290836952
10,2009,12,91.378809904077
10,2010,1,91.0849750824931
10,2010,2,90.2515683444549
10,2010,3,91.3634904282415
10,2010,4,91.2591025665835
10,2010,5,91.8939559599048
10,2010,6,91.3902523570856
10,2010,7,92.2470377237806
10,2010,8,92.2849384659524
10,2010,9,92.0002789382297
10,2010,10,92.192765923699
10,2010,11,91.6555567556299
10,2010,12,92.0307337874413
10,2011,1,89.6374127224575
10,2011,2,90.7500544819942
10,2011,3,92.5806347310416
10,2011,4,92.8330113769342
10,2011,5,93.8164733238156
10,2011,6,92.3741986937217
10,2011,7,91.2754007100278
10,2011,8,93.4778865709042
10,2011,9,92.6438403313614
10,2011,10,93.3081893750356
10,2011,11,93.5292422412314
10,2011,12,93.6311451609171
10,2012,1,92.8378373134424
10,2012,2,91.5775416653559
10,2012,3,91.817549912283
10,2012,4,92.3565199891915
10,2012,5,94.003877336436
10,2012,6,93.1061064889615
10,2012,7,90.9199502551362
10,2012,8,92.2255918014356
10,2012,9,93.5300103136982
10,2012,10,93.3361812596643
10,2012,11,93.1689802377133
10,2012,12,92.3707335792576
10,2013,1,90.5318030633554
10,2013,2,90.8371299715503
10,2013,3,90.8177559281764
10,2013,4,93.1596742136528
10,2013,5,93.3243476938287
10,2013,6,93.094695066279
10,2013,7,92.4000256071804
10,2013,8,94.1079538782567
10,2013,9,94.0260504949751
10,2013,10,94.3719776559183
10,2013,11,94.5263943271304
10,2013,12,94.0985971066324
10,2014,1,93.35199807266
10,2014,2,94.1071916676104
10,2014,3,93.9671818119811
10,2014,4,93.7191095651574
10,2014,5,93.9014645088635
10,2014,6,92.4876828584559
10,2014,7,93.8402485353934
10,2014,8,92.297709076426
10,2014,9,92.9490832044124
10,2014,10,93.9915524817551
10,2014,11,96.2647534801819
10,2014,12,97.1960630740882
10,2015,1,93.9998122834666
10,2015,2,95.6683377522738
10,2015,3,95.8058868964661
10,2015,4,94.7596181987586
10,2015,5,94.5930755424516
10,2015,6,94.6379001955365
10,2015,7,95.3427412404415
10,2015,8,94.2391920057279
10,2015,9,95.4069653730535
10,2015,10,94.2777090867886
10,2015,11,96.2521613977652
10,2015,12,95.9420771989058
10,2016,1,94.5958075878082
10,2016,2,95.3786119896473
10,2016,3,95.6062845462985
10,2016,4,96.3666325692541
10,2016,5,95.2331364830644
10,2016,6,94.3563831795851
10,2016,7,95.0748575253341
10,2016,8,96.2152767929666
10,2016,9,96.133821364785
10,2016,10,95.7983762387172
10,2016,11,95.989505674606
10,2016,12,96.1656588577078
10,2017,1,94.8360740841111
10,2017,2,93.6490704875956
10,2017,3,95.0930599533412
10,2017,4,94.5112290257117
10,2017,5,95.1438942504472
10,2017,6,95.045317702081
10,2017,7,93.3524003600418
10,2017,8,94.6007987818007
10,2017,9,96.0367765676276
10,2017,10,95.9657379247739
10,2017,11,95.3356267371964
10,2017,12,95.762408824898
10,2018,1,95.6508758344273
10,2018,2,96.3586982383484
10,2018,3,96.0117537908997
10,2018,4,96.7089365767651
10,2018,5,96.715423453598
10,2018,6,95.4652639501898
10,2018,7,94.1656353026041
10,2018,8,95.2121072522828
10,2018,9,95.2850599236103
10,2018,10,97.408791167275
10,2018,11,97.8268992675187
10,2018,12,97.1568281816012
10,2019,1,96.540982056209
10,2019,2,96.8303016610253
10,2019,3,96.0702749524717
10,2019,4,96.65407410744
10,2019,5,96.8548246114102
10,2019,6,95.9243104628951
10,2019,7,94.9976268389358
10,2019,8,93.4839252872261
10,2019,9,96.4817797964023
10,2019,10,95.4333817821501
10,2019,11,95.3280750078132
10,2019,12,96.7318896213052
11,1982,1,90.2736268824036
11,1982,2,87.7988107079173
11,1982,3,87.9371953502225
11,1982,4,90.2209758326088
11,1982,5,88.9484229900015
11,1982,6,86.3154398227264
11,1982,7,89.5079074920641
11,1982,8,90.0607122225479
11,1982,9,90.7749705975774
11,1982,10,90.1183605991747
11,1982,11,88.9043526569974
11,1982,12,89.315246538793
11,1983,1,88.94271306821
11,1983,2,89.3533880005486
11,1983,3,89.0601288211773
11,1983,4,88.804775952801
11,1983,5,85.6946493570975
11,1983,6,87.9460517439863
11,1983,7,89.5025283457395
11,1983,8,89.3944034611101
11,1983,9,90.421480590989
11,1983,10,87.7884280681702
11,1983,11,87.6954025147494
11,1983,12,87.576578831358
11,1984,1,88.4506406458057
11,1984,2,89.3789464974309
11,1984,3,89.6541851410457
11,1984,4,91.3259861362633
11,1984,5,91.1924366969017
11,1984,6,91.6278228502244
11,1984,7,92.777358422012
11,1984,8,92.5557355094574
11,1984,9,89.1899020999146
11,1984,10,91.9310853835742
11,1984,11,92.6115113913688
11,1984,12,94.3058816337761
11,1985,1,91.9986640930788
11,1985,2,91.4020140169811
11,1985,3,90.7525511892895
11,1985,4,89.8148039978205
11,1985,5,91.0544341912675
11,1985,6,90.7499515002406
11,1985,7,90.6057683704859
11,1985,8,90.9856073936807
11,1985,9,90.9906089324284
11,1985,10,91.3734311945943
11,1985,11,92.8537598126353
11,1985,12,95.1016707476683
11,1986,1,96.0596234274261
11,1986,2,93.5138486325019
11,1986,3,91.41622570472
11,1986,4,92.1524599261523
11,1986,5,90.6565590982577
11,1986,6,90.7135682012017
11,1986,7,90.7824644413948
11,1986,8,92.1969584901521
11,1986,9,91.978727218369
11,1986,10,92.6807553558525
11,1986,11,91.1922572442435
11,1986,12,91.9732702242893
11,1987,1,92.0386908291907
11,1987,2,92.5135144314878
11,1987,3,94.5180129631339
11,1987,4,94.1706242649205
11,1987,5,93.1024152381554
11,1987,6,92.300505657686
11,1987,7,92.1086884227296
11,1987,8,93.3428416801965
11,1987,9,92.4638797071346
11,1987,10,94.2119264248162
11,1987,11,94.0432602946308
11,1987,12,95.6417833912778
11,1988,1,94.3329850362997
11,1988,2,94.5883878468054
11,1988,3,94.5104263911267
11,1988,4,95.003998653681
11,1988,5,95.6520733170663
11,1988,6,93.9864176957849
11,1988,7,95.4416721567813
11,1988,8,95.3903651405226
11,1988,9,94.492490920311
11,1988,10,95.4566596972709
11,1988,11,96.4827401951609
11,1988,12,95.6860228101102
11,1989,1,93.5157503367125
11,1989,2,93.7112634888199
11,1989,3,96.7926542032583
11,1989,4,93.6820286845299
11,1989,5,94.5765873851548
11,1989,6,94.2564410608234
11,1989,7,95.8223630963908
11,1989,8,94.5718381530314
11,1989,9,95.0480326298033
11,1989,10,96.4432705066971
11,1989,11,95.4227149204937
11,1989,12,94.8162339175579
11,1990,1,94.9349185584171
11,1990,2,93.5264568514511
11,1990,3,93.6765402322143
11,1990,4,93.0249717544378
11,1990,5,93.1765862282368
11,1990,6,92.97811049811
11,1990,7,92.3507715101217
11,1990,8,95.2279713932991
11,1990,9,93.6556335605348
11,1990,10,93.2736793638438
11,1990,11,92.4418635221829
11,1990,12,94.0743477262662
11,1991,1,92.1766978069765
11,1991,2,93.7675953275497
11,1991,3,93.9139864747528
11,1991,4,92.4828732086039
11,1991,5,91.2461717881725
11,1991,6,91.4367726350017
11,1991,7,91.7361569708097
11,1991,8,92.3309559645328
11,1991,9,90.8349687428831
11,1991,10,90.9283308733203
11,1991,11,91.6607710226613
11,1991,12,88.8891157138861
11,1992,1,90.6068056116341
11,1992,2,90.8441735165691
11,1992,3,90.4043885271555
11,1992,4,93.0925175432556
11,1992,5,91.5147508359875
11,1992,6,91.6932060326052
11,1992,7,92.0766886261528
11,1992,8,92.8684173103396
11,1992,9,92.2570143631815
11,1992,10,91.0150379080606
11,1992,11,89.0416912650796
11,1992,12,91.8840278893992
11,1993,1,88.114837663781
11,1993,2,89.3765607682742
11,1993,3,91.0538925479582
11,1993,4,92.4394382499018
11,1993,5,92.557167274484
11,1993,6,91.2526518982295
11,1993,7,91.9798492816954
11,1993,8,90.7867386841771
11,1993,9,93.2804321701634
11,1993,10,92.178293076404
11,1993,11,90.9121047320717
11,1993,12,91.2821653061312
11,1994,1,88.4003115955522
11,1994,2,90.7605000733081
11,1994,3,90.1729170496618
11,1994,4,94.0664747412385
11,1994,5,92.7532151102722
11,1994,6,91.0345257335228
11,1994,7,91.3264252199034
11,1994,8,92.254704831525
11,1994,9,93.112414740436
11,1994,10,94.4516227458385
11,1994,11,90.8737372552585
11,1994,12,91.8863401434768
11,1995,1,90.7004921897862
11,1995,2,90.5416368415202
11,1995,3,91.2561361893493
11,1995,4,91.1059430590819
11,1995,5,91.3711896256689
11,1995,6,88.7569392384497
11,1995,7,89.1474200456105
11,1995,8,91.34698706931
11,1995,9,90.5750367576242
11,1995,10,91.4467246989599
11,1995,11,90.5077592950967
11,1995,12,91.3460951944993
11,1996,1,91.0213360265122
11,1996,2,91.1706060482412
11,1996,3,90.7403933381232
11,1996,4,92.1421912970977
11,1996,5,89.8104038075295
11,1996,6,90.9449037267533
11,1996,7,89.7420568459755
11,1996,8,90.6770614430264
11,1996,9,91.9047189404979
11,1996,10,91.9645884984144
11,1996,11,92.3712855236535
11,1996,12,91.708902411909
11,1997,1,91.8815303157516
11,1997,2,93.291187480143
11,1997,3,91.4876698266506
11,1997,4,93.6375736566622
11,1997,5,93.616008376506
11,1997,6,91.6477777492223
11,1997,7,90.9596086324289
11,1997,8,90.5098072064386
11,1997,9,91.9049971890496
11,1997,10,90.3052050061341
11,1997,11,92.7097966369411
11,1997,12,91.7235385564466
11,1998,1,90.4958271700926
11,1998,2,88.9049848937056
11,1998,3,89.851454760429
11,1998,4,92.0446818916141
11,1998,5,93.0840308703109
11,1998,6,91.2409554657532
11,1998,7,90.9686777583562
11,1998,8,89.730165751161
11,1998,9,91.17210692611
11,1998,10,90.7056216115904
11,1998,11,92.3827401112365
11,1998,12,94.3014997770196
11,1999,1,93.1004085135751
11,1999,2,92.5371479701566
11,1999,3,92.8506950220617
11,1999,4,93.8676156955562
11,1999,5,94.3286661012278
11,1999,6,92.7730761679361
11,1999,7,92.5415181041284
11,1999,8,93.1817219651321
11,1999,9,93.2165947245462
11,1999,10,94.7340735844137
11,1999,11,94.381104378109
11,1999,12,94.5468156626825
11,2000,1,93.6627896613445
11,2000,2,94.4386402547115
11,2000,3,93.8768306737475
11,2000,4,95.2969551356256
11,2000,5,95.5347174706758
11,2000,6,96.2977618353452
11,2000,7,93.3622038455785
11,2000,8,94.4915379937654
11,2000,9,93.5751699759858
11,2000,10,93.4680966111885
11,2000,11,94.360297047328
11,2000,12,92.5427948530827
11,2001,1,93.5061909973068
11,2001,2,94.4554683027382
11,2001,3,93.5158411667901
11,2001,4,95.5629178890389
11,2001,5,94.8680902717114
11,2001,6,91.3916538475558
11,2001,7,92.2579102786435
11,2001,8,92.8861846069192
11,2001,9,93.2212444837603
11,2001,10,94.0846790413204
11,2001,11,92.8380290767055
11,2001,12,94.5810814223493
11,2002,1,92.3730713368178
11,2002,2,92.1959212609965
11,2002,3,94.3411358640344
11,2002,4,95.4246015955422
11,2002,5,93.9431210926117
11,2002,6,92.9973355536238
11,2002,7,93.262698269048
11,2002,8,93.6962555442748
11,2002,9,93.4659725857435
11,2002,10,93.0748443704733
11,2002,11,93.4853303911393
11,2002,12,93.4598598982414
11,2003,1,93.4824133757153
11,2003,2,92.4429565524135
11,2003,3,93.7905627890381
11,2003,4,92.4082574610249
11,2003,5,94.5133944703179
11,2003,6,92.4332737667946
11,2003,7,92.7932903301192
11,2003,8,90.9064896228254
11,2003,9,94.5560388141065
11,2003,10,91.9346546096729
11,2003,11,92.9808998628996
11,2003,12,93.9907636714452
11,2004,1,93.3615852409507
11,2004,2,93.3178070782195
11,2004,3,91.5234728256801
11,2004,4,92.3578620676627
11,2004,5,92.6831629299889
11,2004,6,92.7480683823322
11,2004,7,90.4452474245713
11,2004,8,91.8043679405683
11,2004,9,90.7122463167539
11,2004,10,90.4936512418435
11,2004,11,90.1868762434786
11,2004,12,90.9031166251743
11,2005,1,93.5460634148823
11,2005,2,93.2807132389399
11,2005,3,93.1078122446803
11,2005,4,93.5270141801699
11,2005,5,91.6096021118698
11,2005,6,93.0581725597159
11,2005,7,94.7474556029231
11,2005,8,94.8211124913652
11,2005,9,94.9092086566195
11,2005,10,94.3108744222378
11,2005,11,93.8808977829792
11,2005,12,92.9652793916655
11,2006,1,93.4639533295681
11,2006,2,94.1501577882816
11,2006,3,94.4140051000631
11,2006,4,94.3323909418593
11,2006,5,93.9625185874195
11,2006,6,94.3404597254242
11,2006,7,93.7958542779269
11,2006,8,93.4239365894583
11,2006,9,94.0076059026848
11,2006,10,94.6120829872399
11,2006,11,94.7405223720231
11,2006,12,93.5023767933024
11,2007,1,93.839053435198
11,2007,2,94.675559778076
11,2007,3,94.9215472874181
11,2007,4,94.6590029885579
11,2007,5,94.6709382442343
11,2007,6,94.3426334038756
11,2007,7,94.4498303042156
11,2007,8,94.0783129644916
11,2007,9,93.6908440319556
11,2007,10,94.3424651157241
11,2007,11,94.1489382615502
11,2007,12,94.6204706868968
11,2008,1,93.0773446305587
11,2008,2,94.1693784857138
11,2008,3,93.4816070304955
11,2008,4,94.6463581129079
11,2008,5,94.0144527166137
11,2008,6,94.0044805927027
11,2008,7,93.7409380551888
11,2008,8,93.785883106789
11,2008,9,93.4170997862745
11,2008,10,92.5453586285346
11,2008,11,91.3315270188761
11,2008,12,91.1533973039631
11,2009,1,91.0983848682103
11,2009,2,91.0553787125348
11,2009,3,92.6597605771926
11,2009,4,92.1029526110803
11,2009,5,90.6015184874915
11,2009,6,89.8177846269576
11,2009,7,91.9168966552021
11,2009,8,89.7565741499163
11,2009,9,88.6981216735477
11,2009,10,88.114382603991
11,2009,11,89.2014920703201
11,2009,12,89.759510970119
11,2010,1,89.6926211356121
11,2010,2,90.3854522230126
11,2010,3,91.055194548279
11,2010,4,91.4614823518928
11,2010,5,91.6022085378502
11,2010,6,89.9735887578055
11,2010,7,90.3155544904318
11,2010,8,90.947718048683
11,2010,9,91.2096323910908
11,2010,10,90.6108380981303
11,2010,11,89.9948046372446
11,2010,12,91.7143542219941
11,2011,1,89.6186752452816
11,2011,2,90.7744702554687
11,2011,3,89.6991044188871
11,2011,4,90.1552815847528
11,2011,5,89.4562905421683
11,2011,6,86.8685591190081
11,2011,7,88.5997453431801
11,2011,8,89.4025603168384
11,2011,9,89.6748403832374
11,2011,10,90.1737759855826
11,2011,11,89.5335852382171
11,2011,12,89.98183705158
11,2012,1,89.4681864910211
11,2012,2,90.1253690656237
11,2012,3,89.6461235041062
11,2012,4,92.0506532304069
11,2012,5,90.9226910130406
11,2012,6,91.6763595846173
11,2012,7,91.2730349742391
11,2012,8,90.8595201359217
11,2012,9,90.9012404578535
11,2012,10,91.6690337907169
11,2012,11,91.8645847618919
11,2012,12,91.1770824177908
11,2013,1,90.1803371712588
11,2013,2,90.8605302553192
11,2013,3,91.2400269989509
11,2013,4,91.8959540381825
11,2013,5,92.3736992615158
11,2013,6,91.4928304291537
11,2013,7,91.0221152377387
11,2013,8,90.8511866246345
11,2013,9,90.4793252503659
11,2013,10,87.8064030381723
11,2013,11,93.7064719641413
11,2013,12,94.0100212155342
11,2014,1,92.8846541256565
11,2014,2,90.8775296167868
11,2014,3,91.8860486665044
11,2014,4,91.9835954092601
11,2014,5,93.9018377535797
11,2014,6,92.5354371900731
11,2014,7,92.5267948838023
11,2014,8,90.7215415511561
11,2014,9,90.7436471208226
11,2014,10,92.0071295338419
11,2014,11,92.7128755701368
11,2014,12,92.3998529083617
11,2015,1,91.7327357332281
11,2015,2,91.6110434333091
11,2015,3,94.1623676808831
11,2015,4,93.4629736336224
11,2015,5,93.8981213078115
11,2015,6,93.8525765409339
11,2015,7,92.5463263361332
11,2015,8,92.5947542020314
11,2015,9,93.8085952116044
11,2015,10,93.358913059434
11,2015,11,93.0497962913249
11,2015,12,93.7801161627807
11,2016,1,93.1535581097462
11,2016,2,92.5243202312943
11,2016,3,94.2399970583481
11,2016,4,94.8431729323345
11,2016,5,95.3445358746456
11,2016,6,93.4932156043718
11,2016,7,93.8808995995473
11,2016,8,92.7773758069927
11,2016,9,93.5278430232088
11,2016,10,93.7696616072913
11,2016,11,94.4806107013533
11,2016,12,94.6906845022846
11,2017,1,93.4609933339285
11,2017,2,93.1350330984827
11,2017,3,94.2424153468362
11,2017,4,94.2453888619094
11,2017,5,94.5475897280567
11,2017,6,93.3073040328383
11,2017,7,91.2937797480791
11,2017,8,93.8211783337007
11,2017,9,91.7266801196576
11,2017,10,93.0036038900255
11,2017,11,95.6763678021544
11,2017,12,95.827399185515
11,2018,1,94.8970444685189
11,2018,2,94.042518622077
11,2018,3,93.1193598100262
11,2018,4,94.7845788344019
11,2018,5,94.6821670007252
11,2018,6,93.2860867210703
11,2018,7,93.6045700797604
11,2018,8,92.4387954446519
11,2018,9,94.2605835766977
11,2018,10,94.6895748767937
11,2018,11,94.8072879126674
11,2018,12,95.5324989619919
11,2019,1,90.945700236034
11,2019,2,92.9808614171292
11,2019,3,94.4541049642587
11,2019,4,94.498239460832
11,2019,5,94.6283753647262
11,2019,6,94.0286072964294
11,2019,7,93.5311795166411
11,2019,8,95.1949088448205
11,2019,9,94.9381818799447
11,2019,10,94.0178740191624
11,2019,11,95.3951245695812
11,2019,12,94.4048172451806
12,1982,1,92.6074451757733
12,1982,2,92.8006956734796
12,1982,3,91.2709954804686
12,1982,4,92.2015274514026
12,1982,5,92.4951477365835
12,1982,6,92.0531435613506
12,1982,7,92.0889002956683
12,1982,8,90.9073628016481
12,1982,9,90.8128321719556
12,1982,10,89.869397452644
12,1982,11,89.3298499451444
12,1982,12,90.0856352945719
12,1983,1,89.5044758832522
12,1983,2,90.2605925610375
12,1983,3,91.110568728821
12,1983,4,91.0163399828061
12,1983,5,90.9439529390365
12,1983,6,91.1362041183261
12,1983,7,91.5866256328668
12,1983,8,91.7435721158737
12,1983,9,91.7350426153444
12,1983,10,91.1199831031879
12,1983,11,92.1645108873812
12,1983,12,92.8807606979203
12,1984,1,92.8225604603783
12,1984,2,94.0975194934496
12,1984,3,94.6108368085506
12,1984,4,94.6517637646013
12,1984,5,93.8245997816777
12,1984,6,93.4609685091045
12,1984,7,92.646771475028
12,1984,8,93.506602111078
12,1984,9,93.7211429816938
12,1984,10,92.4637500790881
12,1984,11,93.333086405992
12,1984,12,94.00134002819
12,1985,1,93.6389513932458
12,1985,2,94.2874213603392
12,1985,3,94.0845020257978
12,1985,4,93.6282308718388
12,1985,5,94.7851864556628
12,1985,6,92.9586576982792
12,1985,7,92.8484625363544
12,1985,8,93.7852045416878
12,1985,9,93.3233594619203
12,1985,10,94.5234208594604
12,1985,11,94.3881721376813
12,1985,12,94.3421018027889
12,1986,1,94.1928010247799
12,1986,2,94.1474151375911
12,1986,3,93.5803565101842
12,1986,4,94.0480688514075
12,1986,5,94.4053341516922
12,1986,6,93.5976871550122
12,1986,7,92.8563493909926
12,1986,8,94.0312958959681
12,1986,9,93.5075147869038
12,1986,10,93.8857216381999
12,1986,11,94.2070258990312
12,1986,12,95.0903491331
12,1987,1,94.3097095204505
12,1987,2,94.6614181384536
12,1987,3,94.713805409314
12,1987,4,94.7410605534672
12,1987,5,94.7349807551472
12,1987,6,94.233398854127
12,1987,7,93.5739059109136
12,1987,8,94.2919433405121
12,1987,9,94.5429893317373
12,1987,10,94.9440059641855
12,1987,11,94.8158320268398
12,1987,12,95.0479229668525
12,1988,1,95.0328105770285
12,1988,2,94.9145378870708
12,1988,3,95.247654498218
12,1988,4,94.8084787189109
12,1988,5,95.0639646737967
12,1988,6,94.8221520988477
12,1988,7,94.7423245644744
12,1988,8,94.9208983161864
12,1988,9,94.8046420490087
12,1988,10,94.934920327758
12,1988,11,94.7231828072714
12,1988,12,94.3160566100631
12,1989,1,93.790715847844
12,1989,2,94.6047771188371
12,1989,3,95.190902487146
12,1989,4,94.8466921303993
12,1989,5,93.6684915052011
12,1989,6,93.4898524512179
12,1989,7,93.7254371887444
12,1989,8,94.5154543022614
12,1989,9,94.2162294820525
12,1989,10,94.2272875538937
12,1989,11,94.2951765229081
12,1989,12,94.1992717465265
12,1990,1,93.8825061760737
12,1990,2,93.7153103408354
12,1990,3,94.9294914175533
12,1990,4,94.3686107521387
12,1990,5,94.479985216931
12,1990,6,92.9797027961231
12,1990,7,93.5289066282345
12,1990,8,93.1063700193442
12,1990,9,93.579074006001
12,1990,10,93.8253445896843
12,1990,11,93.397680094396
12,1990,12,94.131102969196
12,1991,1,93.5153840109604
12,1991,2,92.6812248851556
12,1991,3,92.8602120237075
12,1991,4,93.2232902623147
12,1991,5,92.535578097189
12,1991,6,91.6433956984511
12,1991,7,91.6873795904174
12,1991,8,91.6044349204641
12,1991,9,91.7469152187353
12,1991,10,92.8177431969186
12,1991,11,92.6079874396317
12,1991,12,92.3647650665748
12,1992,1,91.1857776469789
12,1992,2,90.9818002114545
12,1992,3,91.8293151374246
12,1992,4,92.0556223792329
12,1992,5,92.022237309586
12,1992,6,90.4473046988876
12,1992,7,90.8447761896985
12,1992,8,90.3682759267057
12,1992,9,90.8088366715018
12,1992,10,92.7776185512889
12,1992,11,92.5382421170755
12,1992,12,93.6453804235075
12,1993,1,91.963506847897
12,1993,2,92.7931535545922
12,1993,3,93.3722235883966
12,1993,4,93.6395190456846
12,1993,5,92.8148314413016
12,1993,6,91.7773226560024
12,1993,7,92.0552886939165
12,1993,8,91.4054200679012
12,1993,9,92.9306893779019
12,1993,10,93.5332468514019
12,1993,11,93.9555339713634
12,1993,12,93.8490887241628
12,1994,1,92.1845694143195
12,1994,2,94.1781507003717
12,1994,3,93.0235661248927
12,1994,4,93.2123499006771
12,1994,5,93.2186654406627
12,1994,6,92.6921511067121
12,1994,7,93.1406746329706
12,1994,8,93.0589978853399
12,1994,9,93.260038269278
12,1994,10,93.8902700200185
12,1994,11,93.5516105942118
12,1994,12,94.3079433452057
12,1995,1,93.1880389040599
12,1995,2,95.304220727252
12,1995,3,95.6342402313436
12,1995,4,94.7012621888299
12,1995,5,94.6387871718345
12,1995,6,94.0700957531779
12,1995,7,94.2201294108919
12,1995,8,94.3629458089225
12,1995,9,93.5499685282132
12,1995,10,93.2185095441776
12,1995,11,93.8511130991561
12,1995,12,94.2764951399626
12,1996,1,93.9039998797655
12,1996,2,94.2999612830276
12,1996,3,95.2319396325727
12,1996,4,95.4296772715736
12,1996,5,95.1759573679761
12,1996,6,95.1264131345263
12,1996,7,93.9333408612751
12,1996,8,94.3684437184625
12,1996,9,93.0720505955107
12,1996,10,94.8996674917048
12,1996,11,95.153198049609
12,1996,12,95.64075861809
12,1997,1,94.9353071531454
12,1997,2,94.9301935784984
12,1997,3,94.783342544695
12,1997,4,94.9969630328803
12,1997,5,95.1241529057792
12,1997,6,94.4658280636837
12,1997,7,94.9889925991492
12,1997,8,94.6574669647859
12,1997,9,94.524126130008
12,1997,10,95.346595304503
12,1997,11,95.492158084921
12,1997,12,95.5930160954668
12,1998,1,95.104987688269
12,1998,2,95.5326528347119
12,1998,3,95.1839907551751
12,1998,4,95.3806084384085
12,1998,5,95.9469200106212
12,1998,6,95.3877575818175
12,1998,7,95.7170243922226
12,1998,8,95.6930649047617
12,1998,9,96.1015351647652
12,1998,10,95.3820775621837
12,1998,11,95.6505812822378
12,1998,12,96.5820232130619
12,1999,1,95.7428064770923
12,1999,2,95.7415440450486
12,1999,3,96.1926328194749
12,1999,4,95.7139426899335
12,1999,5,96.1162734531163
12,1999,6,96.3946775203917
12,1999,7,95.9927877959216
12,1999,8,95.5569534752988
12,1999,9,95.8824118058115
12,1999,10,96.0390164051185
12,1999,11,95.8124603674656
12,1999,12,96.9694456009825
12,2000,1,96.6801268491711
12,2000,2,96.474871724154
12,2000,3,96.349201578441
12,2000,4,96.2062690979794
12,2000,5,96.2503255540608
12,2000,6,95.4482987285488
12,2000,7,95.9023383992311
12,2000,8,96.1629057408518
12,2000,9,96.2184782281562
12,2000,10,96.5604882269319
12,2000,11,96.6152432696205
12,2000,12,96.7733639876626
12,2001,1,95.7209516972222
12,2001,2,96.0335456208844
12,2001,3,95.9898618329702
12,2001,4,95.8984999860048
12,2001,5,95.8471885023508
12,2001,6,94.6513634757066
12,2001,7,94.7016746165669
12,2001,8,95.0342179430729
12,2001,9,94.8633039643635
12,2001,10,93.6796262820372
12,2001,11,94.2525949934611
12,2001,12,93.786053510528
12,2002,1,94.3112383820227
12,2002,2,94.2231425375572
12,2002,3,94.8263394238188
12,2002,4,94.7342063323888
12,2002,5,94.6990591156913
12,2002,6,94.2282561406946
12,2002,7,94.2943568654099
12,2002,8,93.4074208649061
12,2002,9,94.3543964071819
12,2002,10,94.5153214560923
12,2002,11,94.3696438784088
12,2002,12,94.8482307524007
12,2003,1,94.1443207887274
12,2003,2,94.6206939043859
12,2003,3,94.8262567707845
12,2003,4,94.5541738183352
12,2003,5,95.3359402498769
12,2003,6,94.0022607533421
12,2003,7,94.5155639276668
12,2003,8,94.1606587672003
12,2003,9,94.1316754808873
12,2003,10,95.3342603744534
12,2003,11,95.2342673284799
12,2003,12,95.84980712166
12,2004,1,96.0663806885342
12,2004,2,94.8415924666544
12,2004,3,94.8211419058197
12,2004,4,95.4327512879966
12,2004,5,95.4724014424945
12,2004,6,94.3857078026302
12,2004,7,95.4326550779551
12,2004,8,94.7777908341097
12,2004,9,95.3819269546713
12,2004,10,95.7351476766188
12,2004,11,95.7969400319598
12,2004,12,95.3985285293071
12,2005,1,95.874250255886
12,2005,2,95.3727025252727
12,2005,3,95.8257995673974
12,2005,4,96.3344336778666
12,2005,5,96.4042962563967
12,2005,6,95.929550885744
12,2005,7,96.2466074933367
12,2005,8,96.7476441640086
12,2005,9,96.5641204543386
12,2005,10,96.5992313850661
12,2005,11,96.3880440247819
12,2005,12,97.0510829355583
12,2006,1,96.6700570534353
12,2006,2,96.7694500456802
12,2006,3,96.6345668501348
12,2006,4,97.3078245892335
12,2006,5,96.5636672279881
12,2006,6,96.55830546208
12,2006,7,95.995241200031
12,2006,8,95.976311899673
12,2006,9,96.3105065294568
12,2006,10,96.8214590044806
12,2006,11,96.5073133842111
12,2006,12,96.88124129525
12,2007,1,96.3126746095874
12,2007,2,96.3888905628405
12,2007,3,96.4792677546567
12,2007,4,96.5621737892991
12,2007,5,96.7476956682798
12,2007,6,95.7361835823794
12,2007,7,94.7176015835967
12,2007,8,94.8207547607009
12,2007,9,95.5260887380891
12,2007,10,95.4202122767483
12,2007,11,95.4279923986478
12,2007,12,95.0515773782867
12,2008,1,95.7625266279737
12,2008,2,95.5139559208635
12,2008,3,94.9291250469063
12,2008,4,95.1464767956888
12,2008,5,94.2845319048717
12,2008,6,93.7523536970847
12,2008,7,92.9188697547305
12,2008,8,92.699534185123
12,2008,9,92.9404815274485
12,2008,10,92.8258979317445
12,2008,11,92.7600613579766
12,2008,12,91.7926316426928
12,2009,1,90.5088350984887
12,2009,2,90.1211253694886
12,2009,3,90.6445398147443
12,2009,4,91.226199783895
12,2009,5,90.4692771496811
12,2009,6,89.0571530577386
12,2009,7,89.1401868758527
12,2009,8,89.05009725887
12,2009,9,88.9671492331546
12,2009,10,89.0661752738885
12,2009,11,87.7276872824962
12,2009,12,88.6855215657387
12,2010,1,88.2901616399095
12,2010,2,88.0099481092015
12,2010,3,88.9006609367946
12,2010,4,90.2208569364508
12,2010,5,90.1849274356544
12,2010,6,89.6408764527607
12,2010,7,88.9276263495155
12,2010,8,87.6682850182489
12,2010,9,88.1925760102321
12,2010,10,89.5244607665863
12,2010,11,88.1105603850015
12,2010,12,89.346569620213
12,2011,1,89.0144720947169
12,2011,2,90.5480904621912
12,2011,3,90.5585842459211
12,2011,4,90.3126492829642
12,2011,5,90.222506760088
12,2011,6,89.3461385482908
12,2011,7,89.6121659458641
12,2011,8,89.4637823534805
12,2011,9,89.4426780921694
12,2011,10,89.9912407146566
12,2011,11,89.8131766751748
12,2011,12,90.5327714823271
12,2012,1,91.0936517015069
12,2012,2,91.8127937142396
12,2012,3,92.1314246682413
12,2012,4,91.8484801257038
12,2012,5,91.584480913787
12,2012,6,90.8498485267717
12,2012,7,89.9652259411094
12,2012,8,91.3893072588094
12,2012,9,90.6161469390459
12,2012,10,91.8012822220168
12,2012,11,92.1754749717564
12,2012,12,92.3910475594838
12,2013,1,92.4178146214547
12,2013,2,91.9295486846612
12,2013,3,93.1362081441704
12,2013,4,93.0869181144163
12,2013,5,93.0504916401874
12,2013,6,92.742329196763
12,2013,7,92.2605970866146
12,2013,8,92.9627750967607
12,2013,9,92.737185046291
12,2013,10,93.2280654784431
12,2013,11,93.2675093350695
12,2013,12,93.4439551996502
12,2014,1,92.7167150595031
12,2014,2,92.7433026098882
12,2014,3,93.0846941523275
12,2014,4,94.1970447002042
12,2014,5,93.644458394111
12,2014,6,93.6332049527408
12,2014,7,93.4303810981132
12,2014,8,93.3335030798582
12,2014,9,93.9283667901387
12,2014,10,93.5531009079016
12,2014,11,94.136063148013
12,2014,12,94.1466046278435
12,2015,1,93.9963554722481
12,2015,2,94.2651020119881
12,2015,3,94.2945565105948
12,2015,4,94.5944597587493
12,2015,5,94.3361266149687
12,2015,6,94.6608091062946
12,2015,7,94.6196218284969
12,2015,8,94.1884150396376
12,2015,9,94.3200405111617
12,2015,10,94.9150399989528
12,2015,11,95.0218094424653
12,2015,12,94.6855577982792
12,2016,1,94.1332854957014
12,2016,2,95.5255318856342
12,2016,3,95.3961376064195
12,2016,4,94.9022127410712
12,2016,5,95.5151536687432
12,2016,6,95.1286536166248
12,2016,7,95.1745681114876
12,2016,8,95.8988758525958
12,2016,9,94.4151377735206
12,2016,10,94.6505145935033
12,2016,11,94.7194438525122
12,2016,12,95.679415433831
12,2017,1,94.4909075807869
12,2017,2,95.5148319832184
12,2017,3,96.023094720233
12,2017,4,96.1826313356758
12,2017,5,96.2395633288754
12,2017,6,95.0664997691104
12,2017,7,95.7578803954389
12,2017,8,95.709116857374
12,2017,9,96.5759471251497
12,2017,10,96.0657079732891
12,2017,11,95.766374817345
12,2017,12,96.2121343299489
12,2018,1,95.2701545747617
12,2018,2,96.0375374995194
12,2018,3,96.0538142690356
12,2018,4,96.7605517997993
12,2018,5,96.561910532727
12,2018,6,96.3303472810535
12,2018,7,95.8794859814319
12,2018,8,96.6472311992945
12,2018,9,97.4508176606258
12,2018,10,96.8890654647711
12,2018,11,96.4857521850189
12,2018,12,96.2817312074557
12,2019,1,95.9858411141774
12,2019,2,96.3443941760658
12,2019,3,96.7140384159647
12,2019,4,96.969269213647
12,2019,5,97.1159118114194
12,2019,6,96.286267253513
12,2019,7,96.6416824159984
12,2019,8,96.4425731163082
12,2019,9,96.8747739940204
12,2019,10,97.1112054905529
12,2019,11,97.36847817952
12,2019,12,97.6598681757463
13,1982,1,92.4781309545144
13,1982,2,91.8985283189586
13,1982,3,92.4952267827325
13,1982,4,92.4718482938044
13,1982,5,91.8961210348776
13,1982,6,91.4281900626538
13,1982,7,91.9038633138054
13,1982,8,93.7070295078365
13,1982,9,91.8157398583004
13,1982,10,90.2726343248573
13,1982,11,90.9269295715223
13,1982,12,91.3036904552457
13,1983,1,91.4991962915233
13,1983,2,91.8867229415046
13,1983,3,92.008165147573
13,1983,4,91.9540222957721
13,1983,5,91.7136892662578
13,1983,6,91.4949068344977
13,1983,7,90.7675958087543
13,1983,8,92.1849665652615
13,1983,9,91.1270150235061
13,1983,10,92.7376000859349
13,1983,11,93.8875188114613
13,1983,12,93.6047482735542
13,1984,1,93.3383746478581
13,1984,2,92.9195969936237
13,1984,3,93.4549384137292
13,1984,4,93.6813666178287
13,1984,5,94.3560927381198
13,1984,6,93.7536143653295
13,1984,7,92.5492495411555
13,1984,8,92.9247818536909
13,1984,9,93.6412614483954
13,1984,10,93.876987355316
13,1984,11,94.6746159389577
13,1984,12,94.3232521423098
13,1985,1,93.1590060384064
13,1985,2,92.8154851480264
13,1985,3,94.3882178193283
13,1985,4,93.6679298766789
13,1985,5,92.0898435637402
13,1985,6,91.6045569320851
13,1985,7,92.0515768726651
13,1985,8,93.1826540910956
13,1985,9,93.8466471671708
13,1985,10,93.801603194387
13,1985,11,95.2030634532242
13,1985,12,94.5022458919049
13,1986,1,94.5283653009511
13,1986,2,93.3622077118958
13,1986,3,93.2663794868594
13,1986,4,93.7691969753082
13,1986,5,93.1643081330393
13,1986,6,93.4176706093656
13,1986,7,93.6408752929154
13,1986,8,94.3178991119589
13,1986,9,93.3326532461419
13,1986,10,94.541567767743
13,1986,11,93.3552090142879
13,1986,12,94.7221624811232
13,1987,1,94.6868741489263
13,1987,2,93.9475502475136
13,1987,3,93.0877854573899
13,1987,4,95.601003837229
13,1987,5,95.9171629664758
13,1987,6,93.7319300504498
13,1987,7,93.9986296704625
13,1987,8,92.9382311671256
13,1987,9,93.0995246753205
13,1987,10,94.0999502183174
13,1987,11,94.7797243743853
13,1987,12,94.2449743089845
13,1988,1,93.673309273549
13,1988,2,93.0059655663132
13,1988,3,93.3429477509996
13,1988,4,92.1054599516063
13,1988,5,93.8774753055837
13,1988,6,93.6297151997162
13,1988,7,93.9384719992504
13,1988,8,95.0967603361668
13,1988,9,94.8612008954506
13,1988,10,94.880533652105
13,1988,11,94.161524372417
13,1988,12,94.6676831448053
13,1989,1,94.6361181855914
13,1989,2,94.9970040556679
13,1989,3,94.5162389805742
13,1989,4,94.3041800137152
13,1989,5,94.6800360100724
13,1989,6,94.2456784439525
13,1989,7,93.8997392116075
13,1989,8,94.1275485424384
13,1989,9,93.6605139066588
13,1989,10,93.2728692595298
13,1989,11,94.8342566234643
13,1989,12,95.7955243223246
13,1990,1,95.0301673033118
13,1990,2,95.9992027489459
13,1990,3,94.7143772098727
13,1990,4,95.2731951788943
13,1990,5,95.3453635281582
13,1990,6,93.4705300313745
13,1990,7,93.6891499854614
13,1990,8,94.409443963855
13,1990,9,92.793998709465
13,1990,10,94.4645763217375
13,1990,11,94.0868970633946
13,1990,12,92.8809058267619
13,1991,1,93.6414644231063
13,1991,2,93.1245372763719
13,1991,3,95.1612134551254
13,1991,4,95.2435264026448
13,1991,5,92.9926473969564
13,1991,6,94.5237521406248
13,1991,7,95.511934996513
13,1991,8,95.1723694882118
13,1991,9,94.945637907086
13,1991,10,95.2336633783707
13,1991,11,95.5800549224634
13,1991,12,95.9889294492157
13,1992,1,93.5573593983887
13,1992,2,91.830197685678
13,1992,3,92.4582360776736
13,1992,4,93.1991726359087
13,1992,5,94.2730943514657
13,1992,6,92.3964200054631
13,1992,7,92.1169101018188
13,1992,8,91.6997837601791
13,1992,9,93.5996519655124
13,1992,10,91.8669424294907
13,1992,11,93.2354398286517
13,1992,12,94.0112660441636
13,1993,1,92.7646582774426
13,1993,2,93.3494392611463
13,1993,3,92.9645820366239
13,1993,4,94.6887618504821
13,1993,5,95.688650075794
13,1993,6,94.510609848521
13,1993,7,94.5381053684163
13,1993,8,94.211051700089
13,1993,9,94.9310844169054
13,1993,10,93.983687353152
13,1993,11,94.3347634470946
13,1993,12,93.1592040614731
13,1994,1,92.1407785378606
13,1994,2,93.5845404761479
13,1994,3,93.5551107554664
13,1994,4,95.5297874888232
13,1994,5,95.9925209817992
13,1994,6,94.1816818242697
13,1994,7,94.5511766197768
13,1994,8,95.1674825261387
13,1994,9,94.1759408673134
13,1994,10,95.8192461563113
13,1994,11,94.9818431689955
13,1994,12,95.5669986844111
13,1995,1,95.4825179643081
13,1995,2,95.0425466367635
13,1995,3,95.4768842134223
13,1995,4,95.0870649133771
13,1995,5,95.0551946824114
13,1995,6,93.1154582296626
13,1995,7,93.6400171978276
13,1995,8,94.3689160926836
13,1995,9,95.2258932806678
13,1995,10,94.9159079490341
13,1995,11,95.882008088942
13,1995,12,95.9436340427813
13,1996,1,94.071632503589
13,1996,2,96.4272568052053
13,1996,3,95.7924871616692
13,1996,4,96.1849858883078
13,1996,5,95.3972814334375
13,1996,6,95.38348884814
13,1996,7,95.1917343198275
13,1996,8,95.20746339164
13,1996,9,95.9631906026053
13,1996,10,95.1172761731065
13,1996,11,94.7886237866941
13,1996,12,95.1294636663953
13,1997,1,93.9970340183297
13,1997,2,94.5040551443323
13,1997,3,94.5734447315048
13,1997,4,96.7607259232871
13,1997,5,95.4840726712346
13,1997,6,95.5322126759289
13,1997,7,95.7118825020362
13,1997,8,95.5168803542508
13,1997,9,95.038457837356
13,1997,10,97.2387278272474
13,1997,11,96.31841229643
13,1997,12,95.1857377825572
13,1998,1,95.4895472749511
13,1998,2,94.2786655380127
13,1998,3,95.6206848022355
13,1998,4,96.1261485808805
13,1998,5,95.7798223827883
13,1998,6,94.8523601806463
13,1998,7,95.7549128133148
13,1998,8,95.3815478505991
13,1998,9,96.653891976569
13,1998,10,96.1493749833963
13,1998,11,95.9881103585129
13,1998,12,96.5799351160598
13,1999,1,95.4074370283921
13,1999,2,94.1081860981382
13,1999,3,94.8252133623264
13,1999,4,96.7509064342916
13,1999,5,96.8740958054948
13,1999,6,96.2990266976802
13,1999,7,95.6081076341081
13,1999,8,95.4761414283795
13,1999,9,95.205546218304
13,1999,10,96.6611275376128
13,1999,11,96.1789200548985
13,1999,12,97.1175557259053
13,2000,1,95.7401631281895
13,2000,2,96.2690911325944
13,2000,3,96.3046504762743
13,2000,4,96.1295308521536
13,2000,5,96.2022783595927
13,2000,6,95.5095408655853
13,2000,7,96.7714031804723
13,2000,8,95.0576987257685
13,2000,9,95.420619735826
13,2000,10,96.8466390990636
13,2000,11,97.6875206294414
13,2000,12,96.8742454710245
13,2001,1,96.2705233370243
13,2001,2,96.3290154691175
13,2001,3,95.102572621125
13,2001,4,95.5398764016052
13,2001,5,96.5699837232719
13,2001,6,96.4487942612039
13,2001,7,96.3235261481624
13,2001,8,95.5558800654386
13,2001,9,95.8851683246462
13,2001,10,95.6588433858894
13,2001,11,95.5240083943382
13,2001,12,95.3467570896382
13,2002,1,95.4636813208568
13,2002,2,94.9418388332744
13,2002,3,94.6676354035468
13,2002,4,94.9400991917077
13,2002,5,94.1509902804743
13,2002,6,93.7718248488096
13,2002,7,95.1688413833021
13,2002,8,94.4988332456578
13,2002,9,95.0968448574296
13,2002,10,95.4637219949846
13,2002,11,95.0593132903905
13,2002,12,94.6061936978074
13,2003,1,95.378769745193
13,2003,2,95.5656242079719
13,2003,3,95.6520209671006
13,2003,4,95.6343558459392
13,2003,5,94.3999196050272
13,2003,6,93.5044743623738
13,2003,7,94.152668863308
13,2003,8,95.1266583764907
13,2003,9,95.7494977885351
13,2003,10,95.8971585505144
13,2003,11,95.5930333671687
13,2003,12,95.6714129310712
13,2004,1,94.4191130250897
13,2004,2,96.4577515106141
13,2004,3,96.5008936733096
13,2004,4,95.9198538539529
13,2004,5,95.333246472035
13,2004,6,94.3934279239392
13,2004,7,94.3837690843895
13,2004,8,95.4704070911661
13,2004,9,95.6128074944601
13,2004,10,94.5484232610092
13,2004,11,94.2996941671547
13,2004,12,94.589117456037
13,2005,1,93.9389716976084
13,2005,2,94.605332721607
13,2005,3,94.9497701817056
13,2005,4,95.1710979157723
13,2005,5,94.2876416721684
13,2005,6,93.7961515695251
13,2005,7,94.2523486985568
13,2005,8,95.1741754991436
13,2005,9,94.0453935058908
13,2005,10,94.9794605454132
13,2005,11,94.887145526584
13,2005,12,94.8512108167236
13,2006,1,94.7400825519817
13,2006,2,95.1047153539612
13,2006,3,96.4300635998863
13,2006,4,96.0424497198806
13,2006,5,94.6376129926137
13,2006,6,94.9580371126016
13,2006,7,95.6055526751529
13,2006,8,95.4649998406591
13,2006,9,95.4388491601147
13,2006,10,94.1278666992199
13,2006,11,95.6987351850874
13,2006,12,95.4796976889484
13,2007,1,95.1540397685807
13,2007,2,95.9585008115158
13,2007,3,96.2411243741698
13,2007,4,95.3413490528121
13,2007,5,95.756915632025
13,2007,6,95.3601729966017
13,2007,7,94.9270603072182
13,2007,8,95.7137242218978
13,2007,9,95.3765455666905
13,2007,10,95.0862250225055
13,2007,11,95.9510187625283
13,2007,12,95.3157781466281
13,2008,1,93.5460514139373
13,2008,2,94.0069085347259
13,2008,3,94.7436491632098
13,2008,4,94.6168463930595
13,2008,5,94.8386307508349
13,2008,6,94.2029136603094
13,2008,7,94.1231604346749
13,2008,8,93.8089621668638
13,2008,9,92.6509760351383
13,2008,10,92.0107592156286
13,2008,11,92.4364962145691
13,2008,12,91.956753865797
13,2009,1,90.834626074026
13,2009,2,90.0253176059948
13,2009,3,91.0321711335285
13,2009,4,89.745530923617
13,2009,5,90.4348136010793
13,2009,6,89.6219630430713
13,2009,7,88.6744205900635
13,2009,8,90.5697950163021
13,2009,9,90.4933663906898
13,2009,10,90.4088414809954
13,2009,11,90.4212393030796
13,2009,12,89.5587003728057
13,2010,1,87.4124585939722
13,2010,2,87.7603080419381
13,2010,3,88.5573086266915
13,2010,4,89.8920335187271
13,2010,5,90.1147004355923
13,2010,6,90.5611692829674
13,2010,7,90.4716362713953
13,2010,8,89.790608107062
13,2010,9,90.8356575309597
13,2010,10,90.5373246524454
13,2010,11,86.4005828125662
13,2010,12,87.9674998138503
13,2011,1,88.9680491440293
13,2011,2,88.8490506360802
13,2011,3,90.5151179933712
13,2011,4,90.4531140781825
13,2011,5,90.3909708438713
13,2011,6,89.1824105176468
13,2011,7,89.6642718083359
13,2011,8,89.4682211267175
13,2011,9,89.3844879262094
13,2011,10,89.6859840999325
13,2011,11,90.5363494153721
13,2011,12,90.4436174401479
13,2012,1,90.1914721525733
13,2012,2,90.4728278639158
13,2012,3,90.0586495866553
13,2012,4,90.2117154557717
13,2012,5,90.6005511121607
13,2012,6,89.8528249904542
13,2012,7,90.7119702492969
13,2012,8,91.204211291734
13,2012,9,91.9762263359484
13,2012,10,91.2196787915251
13,2012,11,91.0103222700874
13,2012,12,90.4298603921263
13,2013,1,91.350673148465
13,2013,2,91.9100906349004
13,2013,3,91.8822932055996
13,2013,4,92.0443738762703
13,2013,5,89.9588043753277
13,2013,6,89.6412289800029
13,2013,7,90.651843961134
13,2013,8,92.8743610526821
13,2013,9,93.7447497915911
13,2013,10,91.5935563209249
13,2013,11,92.8841804603126
13,2013,12,92.8627180294365
13,2014,1,92.7939929436585
13,2014,2,93.6368610190749
13,2014,3,93.2018628642305
13,2014,4,92.5584480574405
13,2014,5,91.4763699162806
13,2014,6,91.4361460755725
13,2014,7,90.5724457013317
13,2014,8,91.0745142094331
13,2014,9,92.7683674545974
13,2014,10,93.07297548541
13,2014,11,93.8866108486221
13,2014,12,93.8683149740497
13,2015,1,94.1199204244171
13,2015,2,93.2186329216106
13,2015,3,93.4643179508019
13,2015,4,94.4998994964966
13,2015,5,94.4120297819214
13,2015,6,93.8798145987616
13,2015,7,92.9929143002566
13,2015,8,93.8470364422921
13,2015,9,93.8909532803053
13,2015,10,95.0194390536824
13,2015,11,94.8353228274738
13,2015,12,94.5225472742583
13,2016,1,94.2896222987945
13,2016,2,93.1658453272255
13,2016,3,94.4562535357733
13,2016,4,95.1582842746045
13,2016,5,95.3494937454966
13,2016,6,94.0703743794272
13,2016,7,94.9923222000581
13,2016,8,94.401137451963
13,2016,9,94.6267764563261
13,2016,10,94.7731342378964
13,2016,11,94.386851303336
13,2016,12,94.431553671172
13,2017,1,94.5948514637291
13,2017,2,95.7251676999552
13,2017,3,94.8153079751607
13,2017,4,94.6822892768598
13,2017,5,95.1394368560803
13,2017,6,94.8652964854602
13,2017,7,94.9743816525856
13,2017,8,95.2872187292797
13,2017,9,96.2284874313475
13,2017,10,95.1671184494183
13,2017,11,95.7146799355192
13,2017,12,95.9420763729545
13,2018,1,95.853981373256
13,2018,2,95.5201356621981
13,2018,3,96.4773423581288
13,2018,4,95.8434833669852
13,2018,5,96.4106897321022
13,2018,6,95.5394382670938
13,2018,7,95.8865059317016
13,2018,8,96.0368779491045
13,2018,9,96.398022295202
13,2018,10,95.4420582709954
13,2018,11,96.4175927098937
13,2018,12,95.720840117874
13,2019,1,95.0097295083026
13,2019,2,96.445976393968
13,2019,3,96.4303741727491
13,2019,4,96.9145391386103
13,2019,5,96.0415953680215
13,2019,6,96.2005883759045
13,2019,7,96.7332425561053
13,2019,8,95.6247337064718
13,2019,9,97.0201382114112
13,2019,10,97.2557767662983
13,2019,11,97.3513416246334
13,2019,12,96.786642175664
15,1982,1,93.5961659676169
15,1982,2,93.7771734898176
15,1982,3,93.8564349678008
15,1982,4,92.0221094230969
15,1982,5,91.1352758692668
15,1982,6,90.6319813355233
15,1982,7,93.1475758902686
15,1982,8,93.2401567245472
15,1982,9,94.3118364035306
15,1982,10,94.5441028138152
15,1982,11,94.4110946909141
15,1982,12,95.2841824625734
15,1983,1,93.9830028841107
15,1983,2,91.2012636847926
15,1983,3,91.2604149061072
15,1983,4,91.7338942825127
15,1983,5,93.7974966134992
15,1983,6,92.6363938738509
15,1983,7,94.3361737378853
15,1983,8,94.8290686510946
15,1983,9,93.0288562239464
15,1983,10,94.0299931718632
15,1983,11,93.5386090525995
15,1983,12,94.3235710947822
15,1984,1,94.3298847867591
15,1984,2,94.0205569245273
15,1984,3,93.7165849011874
15,1984,4,92.3629737283472
15,1984,5,93.00306000489
15,1984,6,91.98991348085
15,1984,7,92.8051620985873
15,1984,8,92.9250840344487
15,1984,9,94.1601401327737
15,1984,10,95.0352615362327
15,1984,11,95.6198954605627
15,1984,12,94.2248084054746
15,1985,1,94.2279760088271
15,1985,2,95.5227068179501
15,1985,3,93.7085351243847
15,1985,4,94.5019645963807
15,1985,5,94.9399301558056
15,1985,6,93.1880514482556
15,1985,7,94.6494814406515
15,1985,8,93.7632645612167
15,1985,9,94.0748165843315
15,1985,10,94.5181505380264
15,1985,11,93.2960620697014
15,1985,12,95.5522290037137
15,1986,1,94.7248184573766
15,1986,2,94.758687660014
15,1986,3,94.2474227796545
15,1986,4,94.3700515082328
15,1986,5,95.8042875051371
15,1986,6,95.2239328921347
15,1986,7,95.3543376986365
15,1986,8,94.3855574175289
15,1986,9,94.4158019214034
15,1986,10,95.7509769243639
15,1986,11,95.8169585469006
15,1986,12,96.7184492023866
15,1987,1,96.1926045245773
15,1987,2,95.0641362063084
15,1987,3,95.9047170593245
15,1987,4,96.198836296756
15,1987,5,95.2422509288714
15,1987,6,94.7186340850765
15,1987,7,96.304986928534
15,1987,8,95.4062335811207
15,1987,9,96.2318648641981
15,1987,10,96.1214440179869
15,1987,11,96.2332372249585
15,1987,12,97.613485414651
15,1988,1,96.7632223159725
15,1988,2,97.0117443697329
15,1988,3,96.6775566615794
15,1988,4,97.3762220244939
15,1988,5,96.7865253742715
15,1988,6,96.9893250877146
15,1988,7,96.2644921268287
15,1988,8,97.1141842333952
15,1988,9,96.156571564845
15,1988,10,97.1630169546667
15,1988,11,96.4540584826849
15,1988,12,96.7254330125726
15,1989,1,96.3914413788329
15,1989,2,96.2626856357214
15,1989,3,97.0650580504523
15,1989,4,98.6811831406263
15,1989,5,98.4536778455277
15,1989,6,96.6605924518509
15,1989,7,98.1850625518041
15,1989,8,97.6641926483428
15,1989,9,97.6724411134718
15,1989,10,98.253934736536
15,1989,11,97.7149382768698
15,1989,12,97.1373170281
15,1990,1,96.9971515511222
15,1990,2,96.4359031161428
15,1990,3,96.7215257039205
15,1990,4,96.5390769592419
15,1990,5,97.7472548786276
15,1990,6,96.3814176722298
15,1990,7,97.2788303184976
15,1990,8,98.0433850887906
15,1990,9,97.4738982814176
15,1990,10,97.3307454088044
15,1990,11,97.3850051942174
15,1990,12,98.1213821726285
15,1991,1,96.956096790069
15,1991,2,97.6942522805441
15,1991,3,96.9448529945625
15,1991,4,97.1389600404729
15,1991,5,97.7337626494353
15,1991,6,96.9888705705969
15,1991,7,97.2182365544263
15,1991,8,97.0829117087945
15,1991,9,96.293057846064
15,1991,10,97.5821969315308
15,1991,11,97.4150542621507
15,1991,12,97.0069595751218
15,1992,1,96.5174236456378
15,1992,2,96.5335022428371
15,1992,3,96.7296346691926
15,1992,4,95.9668547899318
15,1992,5,95.8372536299691
15,1992,6,94.6737359710085
15,1992,7,94.2339522075947
15,1992,8,95.8323826446881
15,1992,9,95.1122576328029
15,1992,10,93.7199818131202
15,1992,11,94.1484282276276
15,1992,12,95.4391412436484
15,1993,1,95.78432090321
15,1993,2,95.9806388354577
15,1993,3,96.1726186381626
15,1993,4,96.3822680606784
15,1993,5,95.8323170633638
15,1993,6,95.6506415848552
15,1993,7,94.3736755372722
15,1993,8,95.6935303308156
15,1993,9,94.6242526585562
15,1993,10,97.3997347595474
15,1993,11,96.2226981877788
15,1993,12,94.8381578252914
15,1994,1,95.0313248390586
15,1994,2,94.7306040318549
15,1994,3,93.5828362514152
15,1994,4,93.5239423832219
15,1994,5,94.7573723883905
15,1994,6,93.3437562712511
15,1994,7,92.8527949686434
15,1994,8,91.9001712885245
15,1994,9,91.4917615913617
15,1994,10,94.2995850997531
15,1994,11,95.1335311659101
15,1994,12,94.6175821101882
15,1995,1,93.9731873598171
15,1995,2,95.5048942430643
15,1995,3,94.8476097778789
15,1995,4,95.5020093539814
15,1995,5,95.0735941753271
15,1995,6,94.2925989722145
15,1995,7,94.0622948132442
15,1995,8,91.4924328131617
15,1995,9,91.8847450680613
15,1995,10,93.785679327777
15,1995,11,93.9534656441457
15,1995,12,94.596016719536
15,1996,1,93.4020611959438
15,1996,2,93.3644585948233
15,1996,3,93.400755599118
15,1996,4,93.7477247774754
15,1996,5,91.4571133289919
15,1996,6,91.9533503938709
15,1996,7,94.0101746148984
15,1996,8,92.5496395754929
15,1996,9,95.3088735551175
15,1996,10,93.0707199122809
15,1996,11,93.4568395759328
15,1996,12,93.008766015411
15,1997,1,93.5583032465005
15,1997,2,94.7045430177652
15,1997,3,92.9625324948512
15,1997,4,92.3299731109944
15,1997,5,93.7184004781365
15,1997,6,91.7523315433365
15,1997,7,92.6232895968412
15,1997,8,94.2800493865913
15,1997,9,94.7884405391765
15,1997,10,93.882162558704
15,1997,11,95.0160328478523
15,1997,12,94.3014105075083
15,1998,1,93.874945112095
15,1998,2,93.655567627392
15,1998,3,94.141874851468
15,1998,4,94.7800798786068
15,1998,5,92.6986073735487
15,1998,6,92.1237003545334
15,1998,7,94.198234808323
15,1998,8,94.4670114155974
15,1998,9,92.9556376711102
15,1998,10,94.6805724556617
15,1998,11,93.4679361185423
15,1998,12,94.0834402235456
15,1999,1,93.1847080580738
15,1999,2,93.9315893678729
15,1999,3,94.1471671886042
15,1999,4,95.5330941268013
15,1999,5,94.5347249289751
15,1999,6,92.9161987850444
15,1999,7,94.662382471133
15,1999,8,94.9554686264345
15,1999,9,93.7763984866126
15,1999,10,95.7193847922292
15,1999,11,94.7883251941531
15,1999,12,95.8894165526509
15,2000,1,95.0095070137381
15,2000,2,95.6655663451302
15,2000,3,94.9482393510135
15,2000,4,96.7824617791917
15,2000,5,95.4429377292029
15,2000,6,95.3467806935409
15,2000,7,95.4381415390199
15,2000,8,94.9844351584757
15,2000,9,94.7915278071721
15,2000,10,97.3676913103856
15,2000,11,96.6202346012483
15,2000,12,95.0217159129346
15,2001,1,95.7812936042454
15,2001,2,94.6779136576737
15,2001,3,95.7686579256617
15,2001,4,94.8095715134436
15,2001,5,95.9487890750952
15,2001,6,94.8654805704905
15,2001,7,94.5039815642933
15,2001,8,95.6241138716509
15,2001,9,95.3060778113357
15,2001,10,94.3970731079511
15,2001,11,93.9997230427015
15,2001,12,94.7410840229124
15,2002,1,96.0943657103822
15,2002,2,94.8817244000157
15,2002,3,95.761835712403
15,2002,4,95.9417355009232
15,2002,5,95.8993706942967
15,2002,6,95.2897192865157
15,2002,7,94.5119445395167
15,2002,8,95.3530283872296
15,2002,9,95.2869804604217
15,2002,10,96.0889120662586
15,2002,11,96.3138039884754
15,2002,12,95.5557618265738
15,2003,1,96.8925183237328
15,2003,2,97.7697220449211
15,2003,3,95.0425541877025
15,2003,4,95.7428793995654
15,2003,5,95.0330993462543
15,2003,6,94.9718131528254
15,2003,7,95.4976003520102
15,2003,8,94.7229630772955
15,2003,9,95.1877617234856
15,2003,10,94.8088192077083
15,2003,11,95.4429991169336
15,2003,12,95.9816425697079
15,2004,1,96.491999081999
15,2004,2,95.9546060998364
15,2004,3,96.9346041037498
15,2004,4,96.2895544978086
15,2004,5,97.2934536409386
15,2004,6,96.3977019932782
15,2004,7,96.8700150305698
15,2004,8,97.1937457138544
15,2004,9,96.1672143851609
15,2004,10,95.714494266317
15,2004,11,95.960078530423
15,2004,12,97.4362701613796
15,2005,1,96.5073078327367
15,2005,2,96.9579257426251
15,2005,3,96.9931871837061
15,2005,4,96.3474194961811
15,2005,5,97.5928667311773
15,2005,6,96.6109325744942
15,2005,7,96.6372188936688
15,2005,8,97.3304873049684
15,2005,9,96.6486147567788
15,2005,10,97.0322480122994
15,2005,11,96.9539463345806
15,2005,12,97.4515747337385
15,2006,1,98.1242900079011
15,2006,2,97.8998128782826
15,2006,3,97.4974901666
15,2006,4,96.2137833992047
15,2006,5,95.8365159645045
15,2006,6,95.5130709786578
15,2006,7,96.8235261017903
15,2006,8,97.4383727421667
15,2006,9,97.8706018659173
15,2006,10,98.3934942377643
15,2006,11,97.3672940057318
15,2006,12,98.4153755581522
15,2007,1,97.59174351125
15,2007,2,96.9299732071615
15,2007,3,96.7977275106736
15,2007,4,97.3487080498815
15,2007,5,97.3002530389806
15,2007,6,96.8932028759416
15,2007,7,96.8287419273753
15,2007,8,97.4001924182072
15,2007,9,97.4729806867658
15,2007,10,97.1556828327654
15,2007,11,96.5423235527517
15,2007,12,96.8672925274366
15,2008,1,96.1473180705153
15,2008,2,96.4229769482822
15,2008,3,97.3721069898807
15,2008,4,96.7346341852224
15,2008,5,96.8711376603575
15,2008,6,95.0828755471422
15,2008,7,95.8508070233096
15,2008,8,94.9317352481874
15,2008,9,94.1846731059449
15,2008,10,95.8504480133231
15,2008,11,94.2215650296958
15,2008,12,94.5124949006723
15,2009,1,91.674622184948
15,2009,2,92.1538430962318
15,2009,3,91.3176465215019
15,2009,4,91.8242756166016
15,2009,5,92.4043875684062
15,2009,6,91.8719276888633
15,2009,7,94.1154828109266
15,2009,8,93.4226979755467
15,2009,9,92.5923443132834
15,2009,10,92.1564558398447
15,2009,11,92.9666257812169
15,2009,12,93.3254694466468
15,2010,1,91.9267741674536
15,2010,2,92.2171495392417
15,2010,3,92.5125590165156
15,2010,4,93.7016807219809
15,2010,5,94.0257132033287
15,2010,6,93.5686141942298
15,2010,7,92.5856234484629
15,2010,8,92.6775512426207
15,2010,9,93.484994108085
15,2010,10,91.0047892748322
15,2010,11,92.7951619296546
15,2010,12,93.8831783557355
15,2011,1,92.9264371970887
15,2011,2,92.3913618121815
15,2011,3,93.3120092408999
15,2011,4,94.3766225496905
15,2011,5,93.6989084050299
15,2011,6,92.253618797763
15,2011,7,93.0334806905053
15,2011,8,91.1794446364409
15,2011,9,91.0597371151227
15,2011,10,91.778456661403
15,2011,11,91.6719853251465
15,2011,12,92.6900577358621
15,2012,1,93.3511774237598
15,2012,2,93.6390447986954
15,2012,3,93.0284645786355
15,2012,4,94.0620406695249
15,2012,5,93.1851914983629
15,2012,6,92.4690492424605
15,2012,7,94.1869744303168
15,2012,8,94.9021788037168
15,2012,9,93.5519388803359
15,2012,10,94.0288776165394
15,2012,11,94.4286781017086
15,2012,12,95.1514053675922
15,2013,1,94.7618553119826
15,2013,2,94.7835755626753
15,2013,3,95.1098182060314
15,2013,4,96.2225671792237
15,2013,5,95.922370716371
15,2013,6,95.165000411514
15,2013,7,95.7834725634933
15,2013,8,96.4058325573279
15,2013,9,94.9573931201245
15,2013,10,94.0266461492535
15,2013,11,94.5152326485898
15,2013,12,94.4675574324699
15,2014,1,95.3571452627964
15,2014,2,95.5513706783745
15,2014,3,95.9667569025226
15,2014,4,94.9246979620907
15,2014,5,95.3298369130846
15,2014,6,95.485594336979
15,2014,7,95.3802155565977
15,2014,8,96.1413617282298
15,2014,9,95.4655444832449
15,2014,10,95.3629333159908
15,2014,11,96.4337321989253
15,2014,12,96.0399036055034
15,2015,1,94.9224420140311
15,2015,2,95.564698154362
15,2015,3,96.898686315312
15,2015,4,95.7138395072941
15,2015,5,96.1672337768221
15,2015,6,96.054603134677
15,2015,7,97.8882520844748
15,2015,8,96.0617203467428
15,2015,9,96.1507812739595
15,2015,10,96.1398024657012
15,2015,11,96.7730049181133
15,2015,12,96.7720294997132
15,2016,1,97.3287263274243
15,2016,2,97.149691765384
15,2016,3,96.396380084081
15,2016,4,97.0459434097626
15,2016,5,97.0440293188803
15,2016,6,95.7267881909843
15,2016,7,97.0119814149888
15,2016,8,97.0691720451353
15,2016,9,97.4617815869735
15,2016,10,96.9473090482682
15,2016,11,97.5619799430506
15,2016,12,97.3887623321698
15,2017,1,97.3764689968128
15,2017,2,97.0718815158049
15,2017,3,97.5779764101785
15,2017,4,97.1429525104649
15,2017,5,96.6298479624445
15,2017,6,97.0400748418979
15,2017,7,98.0137951729924
15,2017,8,97.6333498093508
15,2017,9,97.733622780739
15,2017,10,98.8312531772852
15,2017,11,97.2760807776672
15,2017,12,98.1695169854246
15,2018,1,98.005012921725
15,2018,2,97.8011859723258
15,2018,3,97.1755502960736
15,2018,4,97.5978082362973
15,2018,5,97.5295681489261
15,2018,6,95.7483386796272
15,2018,7,97.4630718915282
15,2018,8,97.0748822452803
15,2018,9,96.7897024421235
15,2018,10,96.7015834058311
15,2018,11,97.2198271122404
15,2018,12,97.3162034135987
15,2019,1,96.7163694594907
15,2019,2,97.0086269448989
15,2019,3,96.6073460730529
15,2019,4,96.6990072903027
15,2019,5,97.743027004302
15,2019,6,96.8319020520977
15,2019,7,97.0010438622702
15,2019,8,97.773697202586
15,2019,9,96.6967035456479
15,2019,10,96.8597835898758
15,2019,11,97.2368964648791
15,2019,12,97.3991586934711
16,1982,1,88.1589686818484
16,1982,2,87.878616794253
16,1982,3,87.9709325557997
16,1982,4,88.6156082671204
16,1982,5,90.4393934566084
16,1982,6,91.9692119196851
16,1982,7,91.4416801722947
16,1982,8,91.5132091683911
16,1982,9,91.2476016065068
16,1982,10,89.8248988460512
16,1982,11,90.2354393802471
16,1982,12,86.8498135485457
16,1983,1,86.3921296429651
16,1983,2,86.8897616767445
16,1983,3,87.355683356401
16,1983,4,89.1985505270704
16,1983,5,88.4731125343231
16,1983,6,93.0356419838276
16,1983,7,91.72262936119
16,1983,8,92.4053161674211
16,1983,9,91.9240282054576
16,1983,10,92.9473946480172
16,1983,11,91.7140347358245
16,1983,12,91.9426779163786
16,1984,1,90.9899876738794
16,1984,2,90.2966998867924
16,1984,3,89.4525017285251
16,1984,4,90.3502380023388
16,1984,5,92.7399133100997
16,1984,6,93.505106472272
16,1984,7,93.8943442068781
16,1984,8,92.3351212571864
16,1984,9,93.5987822050736
16,1984,10,94.4987630398908
16,1984,11,93.3928204445427
16,1984,12,91.1048614591355
16,1985,1,90.6028569416648
16,1985,2,90.6195947424314
16,1985,3,91.3186507115496
16,1985,4,91.4683165728837
16,1985,5,93.2361155353702
16,1985,6,91.5747415152617
16,1985,7,93.4927322714211
16,1985,8,92.8220670317616
16,1985,9,93.3363618212983
16,1985,10,91.843293105582
16,1985,11,90.5717906392139
16,1985,12,92.1644178700643
16,1986,1,88.330117155092
16,1986,2,89.7878583853317
16,1986,3,91.5194877534214
16,1986,4,91.6871135870443
16,1986,5,91.9103758435943
16,1986,6,92.9779301969863
16,1986,7,91.7923937907127
16,1986,8,91.5001755003959
16,1986,9,92.2935427573149
16,1986,10,92.2924272943969
16,1986,11,90.9385739122927
16,1986,12,90.2758326492263
16,1987,1,88.5137344237042
16,1987,2,88.5880010209514
16,1987,3,89.5172325294419
16,1987,4,89.7618421075439
16,1987,5,93.916054395296
16,1987,6,92.7080088495335
16,1987,7,94.2466715429866
16,1987,8,94.3010999434347
16,1987,9,93.955730635992
16,1987,10,93.8573247671384
16,1987,11,92.4535610821422
16,1987,12,90.3890809729695
16,1988,1,91.2498236290324
16,1988,2,93.0105604385166
16,1988,3,92.7397034613187
16,1988,4,93.1984409143548
16,1988,5,93.9803810235972
16,1988,6,94.4186452321646
16,1988,7,95.1783732678479
16,1988,8,95.4872889085628
16,1988,9,95.0999832603492
16,1988,10,95.4271804257905
16,1988,11,94.5156544111065
16,1988,12,94.905018075958
16,1989,1,91.5605861098184
16,1989,2,94.0653132431247
16,1989,3,92.5946999298164
16,1989,4,94.2588930479105
16,1989,5,94.6333775992183
16,1989,6,94.4452464148271
16,1989,7,95.1629164039917
16,1989,8,94.8518300895828
16,1989,9,95.8933349297605
16,1989,10,95.9330289141647
16,1989,11,95.1057554175634
16,1989,12,95.8080151304243
16,1990,1,93.5696872147039
16,1990,2,90.0682577493688
16,1990,3,92.4889129587159
16,1990,4,92.6180742397994
16,1990,5,94.3349308696831
16,1990,6,95.6445721663045
16,1990,7,93.9735219301718
16,1990,8,94.994293528422
16,1990,9,95.9915985124315
16,1990,10,95.7014379427867
16,1990,11,94.4235186697868
16,1990,12,93.2448072289334
16,1991,1,90.9811125311937
16,1991,2,91.0247456039648
16,1991,3,93.1945036691507
16,1991,4,93.1199018033427
16,1991,5,92.799846585225
16,1991,6,93.7360199368598
16,1991,7,94.9299070284822
16,1991,8,95.2133613679562
16,1991,9,94.6397431657288
16,1991,10,95.6258623728056
16,1991,11,94.4726058463724
16,1991,12,93.4434446708071
16,1992,1,91.8278353355402
16,1992,2,92.2785559685125
16,1992,3,91.5224424487937
16,1992,4,92.3051413679734
16,1992,5,94.299318256795
16,1992,6,94.0953113261306
16,1992,7,94.0353061377441
16,1992,8,93.4851647685145
16,1992,9,93.6303435646812
16,1992,10,95.2878313626886
16,1992,11,94.1534745197285
16,1992,12,93.1178295097461
16,1993,1,92.7485989627303
16,1993,2,91.7095065642463
16,1993,3,91.2301725275155
16,1993,4,92.5885901990355
16,1993,5,93.4501623607014
16,1993,6,94.6769003804225
16,1993,7,94.2129725231212
16,1993,8,94.7810561556686
16,1993,9,94.7536387331681
16,1993,10,95.030441919481
16,1993,11,95.2535089822503
16,1993,12,94.0101224236949
16,1994,1,93.4052756445768
16,1994,2,92.6699315224089
16,1994,3,93.4046428541668
16,1994,4,95.0943431848965
16,1994,5,95.2965276072772
16,1994,6,94.9167802629879
16,1994,7,95.7776913982296
16,1994,8,96.1396064701911
16,1994,9,95.2692050781831
16,1994,10,94.3496982089828
16,1994,11,93.1840925654116
16,1994,12,92.6335774733283
16,1995,1,93.4901881119712
16,1995,2,92.7164073684015
16,1995,3,94.1552245603614
16,1995,4,95.1531083325262
16,1995,5,96.1499962830607
16,1995,6,96.2573677686191
16,1995,7,94.4708106605385
16,1995,8,96.0743666610597
16,1995,9,95.9198363015415
16,1995,10,94.9961842967148
16,1995,11,92.9570421675603
16,1995,12,93.886944964162
16,1996,1,93.5394899894751
16,1996,2,95.0073400458713
16,1996,3,93.0024473252571
16,1996,4,94.4263717951162
16,1996,5,95.1442310558131
16,1996,6,94.7520834279239
16,1996,7,95.7261587018145
16,1996,8,95.2694328284458
16,1996,9,95.5060846695439
16,1996,10,96.0745038300343
16,1996,11,95.0853361941672
16,1996,12,93.6165379863031
16,1997,1,92.8181303178011
16,1997,2,92.6935215305289
16,1997,3,92.8377088706749
16,1997,4,95.199756461926
16,1997,5,96.0287183164432
16,1997,6,95.8756612567159
16,1997,7,94.368618428737
16,1997,8,93.8441560800549
16,1997,9,95.9647947801044
16,1997,10,95.6739264123059
16,1997,11,95.3269051906536
16,1997,12,93.4464165621836
16,1998,1,93.6007233334134
16,1998,2,92.8381927753939
16,1998,3,93.1460225672817
16,1998,4,93.7204419335208
16,1998,5,95.7948815756874
16,1998,6,95.5535277483393
16,1998,7,94.933443250455
16,1998,8,95.1646339385727
16,1998,9,96.1746945963382
16,1998,10,95.8181299472531
16,1998,11,95.6249035807541
16,1998,12,94.7801097342868
16,1999,1,93.8660282422252
16,1999,2,94.009265298977
16,1999,3,93.4613787246383
16,1999,4,94.6614028085564
16,1999,5,95.1756959742182
16,1999,6,91.7940245967158
16,1999,7,95.3702641855121
16,1999,8,95.9139591175684
16,1999,9,95.559210602208
16,1999,10,95.0726444468114
16,1999,11,96.4716020261753
16,1999,12,96.2937197846041
16,2000,1,92.8753440495117
16,2000,2,93.5567799241123
16,2000,3,95.4234767339099
16,2000,4,94.4048927434788
16,2000,5,96.5210985836916
16,2000,6,95.7432848447699
16,2000,7,95.5781633601875
16,2000,8,95.2573713195553
16,2000,9,95.8001572025221
16,2000,10,95.6062566429961
16,2000,11,95.6111729672105
16,2000,12,95.0650188290773
16,2001,1,93.9790378814429
16,2001,2,94.4688231545191
16,2001,3,94.463375811085
16,2001,4,94.7499309299953
16,2001,5,95.6751490212926
16,2001,6,95.5017577511448
16,2001,7,94.5080515236446
16,2001,8,96.4957819899361
16,2001,9,95.591835836205
16,2001,10,95.7522152932261
16,2001,11,94.4523274018352
16,2001,12,93.0963896093608
16,2002,1,92.4220543031193
16,2002,2,93.2437209275313
16,2002,3,93.3511236411799
16,2002,4,94.986930492172
16,2002,5,94.7394529486417
16,2002,6,94.3698049301801
16,2002,7,94.4857033396365
16,2002,8,94.7390798963596
16,2002,9,94.7036071994115
16,2002,10,94.7011200225653
16,2002,11,93.5250959927629
16,2002,12,94.1089579468849
16,2003,1,93.152048986325
16,2003,2,94.4503680472844
16,2003,3,94.4314326598778
16,2003,4,93.5815276743897
16,2003,5,96.0236328356517
16,2003,6,94.64765183225
16,2003,7,92.9264777337417
16,2003,8,92.8305406900725
16,2003,9,94.4219242222675
16,2003,10,95.5678034038482
16,2003,11,95.358723832908
16,2003,12,96.0955338107962
16,2004,1,92.9597435059597
16,2004,2,93.2844239015646
16,2004,3,94.738595417986
16,2004,4,95.5896911976576
16,2004,5,95.2175161450417
16,2004,6,93.4611573817582
16,2004,7,94.968062025857
16,2004,8,94.2829558057172
16,2004,9,95.749169352153
16,2004,10,94.6245862280065
16,2004,11,94.2101059614963
16,2004,12,97.1630080901389
16,2005,1,94.4173751969298
16,2005,2,95.646322640355
16,2005,3,94.7520993110622
16,2005,4,96.4964115384012
16,2005,5,96.3391548970558
16,2005,6,94.9527537602457
16,2005,7,95.7539940276112
16,2005,8,96.4436499641264
16,2005,9,97.2477475647498
16,2005,10,96.0694344472142
16,2005,11,95.4403606196619
16,2005,12,96.4203750407738
16,2006,1,95.6531598522436
16,2006,2,95.4002570587186
16,2006,3,95.8853170101218
16,2006,4,95.7812248660193
16,2006,5,96.3185680727335
16,2006,6,95.9484889227934
16,2006,7,96.5070266123503
16,2006,8,97.3812233339807
16,2006,9,97.4757018690647
16,2006,10,97.922751147484
16,2006,11,96.0490367736787
16,2006,12,96.7394033144403
16,2007,1,96.2839046277759
16,2007,2,96.4189989327626
16,2007,3,96.2761348840262
16,2007,4,96.7777779463646
16,2007,5,98.5931147896528
16,2007,6,95.7077819070246
16,2007,7,97.7407816467409
16,2007,8,97.3222057799911
16,2007,9,97.9075720653307
16,2007,10,96.693586899324
16,2007,11,95.9965790903798
16,2007,12,96.263757054793
16,2008,1,95.0811758189413
16,2008,2,94.797084907127
16,2008,3,95.5507997813685
16,2008,4,95.4826292109319
16,2008,5,95.8657397168611
16,2008,6,95.032927471492
16,2008,7,95.7325890523419
16,2008,8,94.2223828539001
16,2008,9,93.9976947939811
16,2008,10,93.8965696289659
16,2008,11,92.0419271990791
16,2008,12,91.0734476818281
16,2009,1,91.3361615757313
16,2009,2,92.6892504516066
16,2009,3,92.1869349088178
16,2009,4,92.332806120469
16,2009,5,90.7353549066308
16,2009,6,89.6565871530236
16,2009,7,89.6466027941575
16,2009,8,91.1193342613318
16,2009,9,92.3599958380643
16,2009,10,92.2901423203921
16,2009,11,90.0623469716823
16,2009,12,90.8535013583712
16,2010,1,89.1390165313343
16,2010,2,90.059800044718
16,2010,3,91.7417292542926
16,2010,4,92.0768455412646
16,2010,5,92.0361622009652
16,2010,6,91.6690604569038
16,2010,7,91.1101662116198
16,2010,8,91.712806736477
16,2010,9,91.2655262070671
16,2010,10,89.9393646837209
16,2010,11,89.7176178981309
16,2010,12,90.1228053506979
16,2011,1,89.7619064701458
16,2011,2,89.2498865500948
16,2011,3,90.4941023334269
16,2011,4,91.2217043626427
16,2011,5,92.8449503598677
16,2011,6,90.6389510688987
16,2011,7,92.0802720179038
16,2011,8,91.6028024516451
16,2011,9,91.6497405848588
16,2011,10,92.1781453697605
16,2011,11,90.9911636041655
16,2011,12,91.6674232302122
16,2012,1,91.7613501276181
16,2012,2,90.9588744032899
16,2012,3,92.0257252239765
16,2012,4,93.3001225417652
16,2012,5,92.3811304856341
16,2012,6,93.2894595662961
16,2012,7,94.1028726444616
16,2012,8,92.8588334100756
16,2012,9,92.7024325786689
16,2012,10,93.7909026265577
16,2012,11,93.3657493705359
16,2012,12,94.5979671901026
16,2013,1,92.5845857034206
16,2013,2,92.8312539297606
16,2013,3,93.5590593636676
16,2013,4,93.3430418070522
16,2013,5,92.2765697147194
16,2013,6,92.4964406798025
16,2013,7,92.9088617757596
16,2013,8,93.3898211013031
16,2013,9,93.2064393485288
16,2013,10,93.966879974003
16,2013,11,95.3894834751672
16,2013,12,94.9292159803022
16,2014,1,94.1362446360755
16,2014,2,93.3162683022793
16,2014,3,93.63466982071
16,2014,4,93.9530736887408
16,2014,5,95.2528848531962
16,2014,6,95.5700107629792
16,2014,7,94.867232809298
16,2014,8,95.2350627273095
16,2014,9,96.6624958400921
16,2014,10,97.1127532664666
16,2014,11,95.2873724312785
16,2014,12,96.1337361396804
16,2015,1,95.2850089461134
16,2015,2,94.0992624899342
16,2015,3,95.5828229313218
16,2015,4,95.9069007910568
16,2015,5,96.3354884300594
16,2015,6,96.0133665031895
16,2015,7,95.058495369618
16,2015,8,95.623676610629
16,2015,9,96.2671914521239
16,2015,10,97.2985597396626
16,2015,11,94.9026152196545
16,2015,12,95.9129750519956
16,2016,1,94.5559827399355
16,2016,2,94.726159518632
16,2016,3,96.2927273125206
16,2016,4,96.5674985894282
16,2016,5,95.587737488596
16,2016,6,96.1823800755299
16,2016,7,96.3306378266583
16,2016,8,96.1935788292314
16,2016,9,95.7780060608554
16,2016,10,96.6142194161596
16,2016,11,95.8136098370274
16,2016,12,96.1843679071473
16,2017,1,95.3550635224593
16,2017,2,95.4596001711213
16,2017,3,95.8927988397298
16,2017,4,97.564127232928
16,2017,5,96.3960498715846
16,2017,6,97.5169568222266
16,2017,7,96.6837753340135
16,2017,8,98.0804846542232
16,2017,9,96.2450152404897
16,2017,10,96.2978005517318
16,2017,11,96.7719265197623
16,2017,12,96.8609216230579
16,2018,1,94.8900898757367
16,2018,2,95.9542018040691
16,2018,3,96.67195010537
16,2018,4,96.0127784761727
16,2018,5,96.6225581265163
16,2018,6,97.267856711275
16,2018,7,97.4381551924096
16,2018,8,98.3293360090815
16,2018,9,97.7397439252465
16,2018,10,96.6793013908216
16,2018,11,97.4605844892774
16,2018,12,95.4045505414818
16,2019,1,94.9883167482271
16,2019,2,96.1411014132508
16,2019,3,96.9948258261926
16,2019,4,97.6104281930733
16,2019,5,97.135953265035
16,2019,6,96.8665901826144
16,2019,7,96.6051053076535
16,2019,8,97.0602449972581
16,2019,9,97.8058167143353
16,2019,10,97.7393221040285
16,2019,11,97.2162147331055
16,2019,12,97.2904913519039
17,1982,1,89.9379824310738
17,1982,2,89.9913260354053
17,1982,3,89.8689418183587
17,1982,4,90.1857480869996
17,1982,5,89.3891291615175
17,1982,6,88.2969149826458
17,1982,7,88.0830877509588
17,1982,8,88.6493572569222
17,1982,9,87.8881830858515
17,1982,10,88.1377574974573
17,1982,11,87.1562301269793
17,1982,12,87.4491233864304
17,1983,1,86.6963177815902
17,1983,2,86.5777735606473
17,1983,3,88.0281983025484
17,1983,4,88.1287714201471
17,1983,5,88.0993547803225
17,1983,6,87.1364921142135
17,1983,7,88.2546129406696
17,1983,8,88.6199974972548
17,1983,9,89.9702799973262
17,1983,10,90.1911648629118
17,1983,11,90.1156268313678
17,1983,12,90.2912211956482
17,1984,1,89.1893513123351
17,1984,2,89.7726619951885
17,1984,3,88.9405824173541
17,1984,4,90.1836006257375
17,1984,5,90.669770307713
17,1984,6,90.9001791636946
17,1984,7,91.3612039272846
17,1984,8,90.8499334435913
17,1984,9,91.3079071919142
17,1984,10,90.9192660882467
17,1984,11,91.8742804651044
17,1984,12,91.5972437092555
17,1985,1,90.1424129944848
17,1985,2,90.6140446642472
17,1985,3,91.5871735071539
17,1985,4,90.3653537816113
17,1985,5,90.241711776772
17,1985,6,90.3163063096808
17,1985,7,90.6227746176123
17,1985,8,90.99527209435
17,1985,9,91.036024968337
17,1985,10,90.6991117096383
17,1985,11,90.7762501684728
17,1985,12,91.5494139217975
17,1986,1,91.3558448735433
17,1986,2,89.6190977067442
17,1986,3,90.9725786358572
17,1986,4,91.6159024455676
17,1986,5,91.4824712103862
17,1986,6,91.1087412891863
17,1986,7,91.9082647143012
17,1986,8,92.0431200887901
17,1986,9,92.0574557432024
17,1986,10,92.6118576805996
17,1986,11,92.7297401724774
17,1986,12,93.0582174173875
17,1987,1,91.7241811928462
17,1987,2,91.5219067561455
17,1987,3,91.6632513724136
17,1987,4,91.6095570768279
17,1987,5,91.6983231062199
17,1987,6,92.1491927808338
17,1987,7,92.7783587019288
17,1987,8,93.0217035741608
17,1987,9,93.6884583737884
17,1987,10,93.6281557515935
17,1987,11,93.4838856267255
17,1987,12,92.801121529895
17,1988,1,92.4757760959181
17,1988,2,91.656265490303
17,1988,3,91.8457968295541
17,1988,4,92.4502017493929
17,1988,5,92.977259976184
17,1988,6,92.8442919166434
17,1988,7,93.8504845951575
17,1988,8,93.4040015175407
17,1988,9,94.6276711332028
17,1988,10,93.9138364100739
17,1988,11,93.2070046187347
17,1988,12,93.6732447924342
17,1989,1,93.6838420014679
17,1989,2,93.8905448439655
17,1989,3,93.7900655251383
17,1989,4,94.212958128767
17,1989,5,93.9538842085698
17,1989,6,93.9347627687628
17,1989,7,94.5102331389475
17,1989,8,94.0724169481746
17,1989,9,94.1623484038118
17,1989,10,93.5769848841199
17,1989,11,93.6617022361503
17,1989,12,93.8821081123715
17,1990,1,92.9523815972982
17,1990,2,93.4041601673538
17,1990,3,93.9608160277365
17,1990,4,93.5033214072518
17,1990,5,94.2496923644227
17,1990,6,93.6941602250591
17,1990,7,93.4050543911037
17,1990,8,93.395084920896
17,1990,9,93.2916007954736
17,1990,10,94.0883594460226
17,1990,11,94.0783144940091
17,1990,12,94.0773365077034
17,1991,1,92.7641246144376
17,1991,2,93.7089570689663
17,1991,3,92.841455220538
17,1991,4,93.6081701005996
17,1991,5,93.6623568195282
17,1991,6,92.2540496286711
17,1991,7,93.4812447883011
17,1991,8,92.5482432671154
17,1991,9,93.1749230724302
17,1991,10,92.273362493018
17,1991,11,91.0862685609951
17,1991,12,90.5679457302615
17,1992,1,90.9895816902549
17,1992,2,90.9754758083394
17,1992,3,91.7611011276446
17,1992,4,92.2964270430935
17,1992,5,92.158949203266
17,1992,6,91.3433335248427
17,1992,7,92.0434563882582
17,1992,8,93.5877767198709
17,1992,9,93.6189300303209
17,1992,10,94.254328932978
17,1992,11,93.1030834046877
17,1992,12,92.5356079776709
17,1993,1,92.7100290303948
17,1993,2,91.4743596240222
17,1993,3,91.3785751357722
17,1993,4,91.8013828824698
17,1993,5,91.7922072173667
17,1993,6,91.3349401248798
17,1993,7,93.1849101767512
17,1993,8,92.8960774098338
17,1993,9,92.4329665204924
17,1993,10,93.0230317072519
17,1993,11,94.3541138126546
17,1993,12,94.1173322860832
17,1994,1,92.8248136134816
17,1994,2,93.0535183235299
17,1994,3,93.4647052983839
17,1994,4,94.3248223412298
17,1994,5,94.1862064672613
17,1994,6,94.3399880827302
17,1994,7,94.2507559221975
17,1994,8,94.5697079291246
17,1994,9,94.9426217829636
17,1994,10,94.0500013793401
17,1994,11,95.3174303519167
17,1994,12,95.5831404097019
17,1995,1,94.173002160404
17,1995,2,94.0013860004121
17,1995,3,94.9673663490493
17,1995,4,94.2059276212268
17,1995,5,94.2831407745068
17,1995,6,95.2468287801952
17,1995,7,94.6988693093865
17,1995,8,94.0748680286034
17,1995,9,94.7302783339112
17,1995,10,95.0831963086661
17,1995,11,95.6463831375928
17,1995,12,94.7498304288235
17,1996,1,93.5792330880863
17,1996,2,94.2356357096323
17,1996,3,94.4089509152348
17,1996,4,94.5227911436629
17,1996,5,94.6603526969956
17,1996,6,94.2314372717714
17,1996,7,94.0720151594813
17,1996,8,94.2609266784083
17,1996,9,94.7886350761069
17,1996,10,94.999116164497
17,1996,11,95.7179227825572
17,1996,12,95.0311230916984
17,1997,1,94.2766876894829
17,1997,2,94.339082910289
17,1997,3,94.4651968493128
17,1997,4,95.0895205880731
17,1997,5,96.1412341665395
17,1997,6,95.6681094111107
17,1997,7,95.2563251904899
17,1997,8,95.6759820561352
17,1997,9,95.4291910306575
17,1997,10,95.7387036072204
17,1997,11,95.105592935009
17,1997,12,94.7603676514643
17,1998,1,93.7964249570497
17,1998,2,94.8544234240662
17,1998,3,95.3496905700148
17,1998,4,96.3088754362466
17,1998,5,96.6725480199117
17,1998,6,94.9032197599955
17,1998,7,95.5450289983583
17,1998,8,96.0965861322511
17,1998,9,95.4526738610659
17,1998,10,96.0383468070691
17,1998,11,95.5811720356907
17,1998,12,95.8347331554639
17,1999,1,95.7218956610298
17,1999,2,95.4506768158736
17,1999,3,96.2132305283783
17,1999,4,96.1231691494081
17,1999,5,95.2219667419473
17,1999,6,94.7360063202746
17,1999,7,94.842883140771
17,1999,8,95.0445914828471
17,1999,9,96.0909590939859
17,1999,10,96.3370625607573
17,1999,11,95.9586577004974
17,1999,12,95.9153848950788
17,2000,1,95.3949541315638
17,2000,2,94.9507328507304
17,2000,3,95.0217918061184
17,2000,4,96.0000976509154
17,2000,5,95.6084541133059
17,2000,6,95.2560070365081
17,2000,7,95.3290101458143
17,2000,8,95.770277954903
17,2000,9,95.7332979421868
17,2000,10,96.5485691815416
17,2000,11,95.4651281578393
17,2000,12,95.0533462579666
17,2001,1,94.3922494686225
17,2001,2,94.1228079629211
17,2001,3,93.9646944512461
17,2001,4,94.824709471956
17,2001,5,95.2393239535467
17,2001,6,94.3331616706616
17,2001,7,94.8316251496246
17,2001,8,94.4376579778532
17,2001,9,94.742002784209
17,2001,10,95.077380760403
17,2001,11,94.2596287878364
17,2001,12,93.9722419436849
17,2002,1,93.3111933233635
17,2002,2,93.5198259540407
17,2002,3,93.1474471416671
17,2002,4,93.5107017181347
17,2002,5,93.9097436227809
17,2002,6,92.8676098133029
17,2002,7,92.2729709513327
17,2002,8,93.7032397280425
17,2002,9,93.8384804006765
17,2002,10,93.2600913518802
17,2002,11,93.6974658038272
17,2002,12,93.9062906453327
17,2003,1,92.8890024130871
17,2003,2,92.7658647785956
17,2003,3,92.5784113226864
17,2003,4,93.9916232217286
17,2003,5,94.2601187048377
17,2003,6,92.7951368866405
17,2003,7,93.2027983170468
17,2003,8,92.8423865884787
17,2003,9,92.8038641733001
17,2003,10,94.0400818973604
17,2003,11,93.2832943082017
17,2003,12,93.9198896047556
17,2004,1,93.1140543372485
17,2004,2,93.2556906474097
17,2004,3,93.6483010461224
17,2004,4,93.9979309251557
17,2004,5,93.5947906393937
17,2004,6,94.2413884255724
17,2004,7,93.4762692093631
17,2004,8,93.6656126299901
17,2004,9,94.2432132970621
17,2004,10,94.066038741275
17,2004,11,94.1048252294832
17,2004,12,94.509600588942
17,2005,1,94.0259134406023
17,2005,2,93.5984525870205
17,2005,3,93.9800413998879
17,2005,4,93.9611674786099
17,2005,5,94.189363494455
17,2005,6,93.3982341841893
17,2005,7,93.8832659171094
17,2005,8,94.7116018799889
17,2005,9,94.6359246388388
17,2005,10,95.2281898515129
17,2005,11,95.50464342694
17,2005,12,94.7281433497971
17,2006,1,94.0471864335584
17,2006,2,94.582735089555
17,2006,3,94.4826418062566
17,2006,4,95.1373723010491
17,2006,5,96.1009063429578
17,2006,6,95.2752166753116
17,2006,7,95.24639456289
17,2006,8,95.3037106248432
17,2006,9,95.9782529077769
17,2006,10,96.595698335115
17,2006,11,96.4921432965738
17,2006,12,96.1106135073655
17,2007,1,94.0239871844916
17,2007,2,93.9209024391962
17,2007,3,95.1476402497077
17,2007,4,94.7075544451051
17,2007,5,95.6087741273107
17,2007,6,94.7231579020965
17,2007,7,94.7624139142677
17,2007,8,94.4655621568813
17,2007,9,95.2725294389458
17,2007,10,95.0892689754907
17,2007,11,94.9671994801676
17,2007,12,94.7539951843612
17,2008,1,93.1254338282776
17,2008,2,93.6956167413743
17,2008,3,94.4196590425011
17,2008,4,94.0652838444999
17,2008,5,93.4404495654237
17,2008,6,92.6578312702196
17,2008,7,92.3338067112035
17,2008,8,92.8828748714062
17,2008,9,93.7313128421331
17,2008,10,92.9848603420764
17,2008,11,93.2331782543877
17,2008,12,93.2322974320496
17,2009,1,92.0633822032165
17,2009,2,90.5981790978668
17,2009,3,90.3725404994985
17,2009,4,90.2156083946479
17,2009,5,89.4851947776525
17,2009,6,89.7365865856241
17,2009,7,90.1372072080763
17,2009,8,90.8254402822538
17,2009,9,89.0987941768099
17,2009,10,88.9732308879981
17,2009,11,89.0972811195328
17,2009,12,89.1005262983225
17,2010,1,87.8994900413696
17,2010,2,88.3136738784013
17,2010,3,88.3325361479097
17,2010,4,89.7258114751258
17,2010,5,90.7547662384722
17,2010,6,89.5051232360687
17,2010,7,89.6831767386866
17,2010,8,90.3894469180209
17,2010,9,90.3500049697196
17,2010,10,91.2882234638743
17,2010,11,90.7403864230023
17,2010,12,91.569973000955
17,2011,1,90.255185051908
17,2011,2,90.5347211939638
17,2011,3,90.4023703135516
17,2011,4,90.7979447681823
17,2011,5,90.8104298728388
17,2011,6,90.1779543662806
17,2011,7,89.8386952289532
17,2011,8,89.3719794465634
17,2011,9,90.0853730968203
17,2011,10,90.0219558280357
17,2011,11,89.7736415483454
17,2011,12,91.0503465011225
17,2012,1,90.2925846543796
17,2012,2,91.1898134329027
17,2012,3,91.196048560767
17,2012,4,90.9647541547845
17,2012,5,92.1435854932794
17,2012,6,90.7550194076833
17,2012,7,91.2576225865058
17,2012,8,90.9942911799277
17,2012,9,91.9172240466518
17,2012,10,91.0526242644517
17,2012,11,91.5643760373044
17,2012,12,91.7328037011919
17,2013,1,90.0047368973664
17,2013,2,88.8855957690087
17,2013,3,90.8870392447787
17,2013,4,91.446040875876
17,2013,5,91.8912579482527
17,2013,6,90.7193423357459
17,2013,7,90.8492174340407
17,2013,8,91.3085382657246
17,2013,9,92.0746928335327
17,2013,10,91.879911903727
17,2013,11,91.3288113326841
17,2013,12,90.6235645423973
17,2014,1,90.7446861386989
17,2014,2,90.2740761926792
17,2014,3,92.1082562292817
17,2014,4,93.1429706251349
17,2014,5,93.0455974294969
17,2014,6,93.5423718209998
17,2014,7,93.4912782027638
17,2014,8,93.5474343230937
17,2014,9,93.8092209810329
17,2014,10,93.6359942800222
17,2014,11,94.130400624258
17,2014,12,94.3331340763283
17,2015,1,92.9028687155198
17,2015,2,93.02774848153
17,2015,3,93.4307381652564
17,2015,4,94.6524841876344
17,2015,5,95.0684294920057
17,2015,6,94.3263875202209
17,2015,7,94.058327425588
17,2015,8,94.0464057902755
17,2015,9,94.976219200448
17,2015,10,94.2885939705984
17,2015,11,93.005363659077
17,2015,12,94.0057877744842
17,2016,1,92.1934771137449
17,2016,2,93.1204597546092
17,2016,3,93.5252542376117
17,2016,4,94.1005786296669
17,2016,5,94.8964172079938
17,2016,6,94.7018518101114
17,2016,7,94.6506805902258
17,2016,8,94.7196006330636
17,2016,9,94.048872936222
17,2016,10,94.0822551827079
17,2016,11,94.4552386049552
17,2016,12,94.3531457004218
17,2017,1,93.8617763896001
17,2017,2,95.5370147074769
17,2017,3,95.1063371407455
17,2017,4,95.2113538857031
17,2017,5,95.8253504570569
17,2017,6,94.7244616382776
17,2017,7,95.3943218216424
17,2017,8,94.5919845646956
17,2017,9,95.4693194241057
17,2017,10,95.2382729539409
17,2017,11,95.0533456374075
17,2017,12,95.5849543876358
17,2018,1,94.9922055347942
17,2018,2,95.1236714140854
17,2018,3,95.8518272451293
17,2018,4,96.9906345047492
17,2018,5,96.2717125228415
17,2018,6,95.3678861216758
17,2018,7,95.6004433648798
17,2018,8,95.5405482841115
17,2018,9,95.628882618028
17,2018,10,95.3808383483333
17,2018,11,95.5004059181944
17,2018,12,95.7770528434792
17,2019,1,94.7011102617996
17,2019,2,95.4020602966448
17,2019,3,95.682584052488
17,2019,4,95.7536900811903
17,2019,5,97.0589911686561
17,2019,6,96.4648654433375
17,2019,7,95.4476421707135
17,2019,8,96.4996881685401
17,2019,9,95.872858019644
17,2019,10,96.0690514588793
17,2019,11,96.6843270443581
17,2019,12,96.5086563392632
18,1982,1,87.7327354269962
18,1982,2,87.0178111129214
18,1982,3,86.6418431760169
18,1982,4,87.0416166783455
18,1982,5,90.1228846030371
18,1982,6,88.2335976158565
18,1982,7,88.0501113305639
18,1982,8,88.0511932032084
18,1982,9,87.9327560057249
18,1982,10,88.9817819552926
18,1982,11,87.740500764964
18,1982,12,88.5054149305974
18,1983,1,87.1879273984046
18,1983,2,88.2337524570887
18,1983,3,87.0215732595357
18,1983,4,88.6288013628997
18,1983,5,89.6310131955794
18,1983,6,89.1147776697319
18,1983,7,89.4054304999992
18,1983,8,87.4951446955943
18,1983,9,88.9621372343081
18,1983,10,88.7088211569211
18,1983,11,89.7308065606063
18,1983,12,89.213518911179
18,1984,1,89.0698332474419
18,1984,2,89.0052049722816
18,1984,3,89.4540089374749
18,1984,4,91.7079337647956
18,1984,5,91.9178485949321
18,1984,6,93.6611983537271
18,1984,7,93.2191125552723
18,1984,8,92.6754869507312
18,1984,9,90.8820558393003
18,1984,10,90.2011885591974
18,1984,11,90.4644950907048
18,1984,12,92.2589278047585
18,1985,1,88.7984474165238
18,1985,2,90.5839349793313
18,1985,3,91.5626347262259
18,1985,4,93.7823740267414
18,1985,5,92.0366255231184
18,1985,6,91.1930680279756
18,1985,7,93.6026979913571
18,1985,8,92.3239736011511
18,1985,9,92.7320422480256
18,1985,10,92.5672299786105
18,1985,11,92.5610261996113
18,1985,12,93.1301063651622
18,1986,1,93.2037351212233
18,1986,2,92.6886728353043
18,1986,3,92.3105874979454
18,1986,4,91.5817787755207
18,1986,5,90.9524900452155
18,1986,6,93.0002415290689
18,1986,7,94.8677796228028
18,1986,8,95.3320367950079
18,1986,9,93.6832437376176
18,1986,10,93.4513844116053
18,1986,11,93.9925727134674
18,1986,12,93.8339867709755
18,1987,1,91.623719198684
18,1987,2,92.7880455991742
18,1987,3,92.8141027152429
18,1987,4,94.0618295833071
18,1987,5,92.7689767197355
18,1987,6,93.274286211577
18,1987,7,94.241815795264
18,1987,8,94.0748799809831
18,1987,9,94.4429957365222
18,1987,10,94.1324137417214
18,1987,11,94.5633668778667
18,1987,12,94.2964983869921
18,1988,1,94.7595175817754
18,1988,2,93.8213907779214
18,1988,3,94.1567367991415
18,1988,4,94.2024504048667
18,1988,5,94.7935765586963
18,1988,6,95.8869345039311
18,1988,7,94.7711661445569
18,1988,8,93.6172986253753
18,1988,9,94.5387517817133
18,1988,10,94.7917026360534
18,1988,11,94.0819222491274
18,1988,12,94.862192935122
18,1989,1,94.4606939818373
18,1989,2,94.5667541540987
18,1989,3,95.3736864157952
18,1989,4,95.7374629489989
18,1989,5,95.65642796568
18,1989,6,96.3962084033908
18,1989,7,94.8234292155544
18,1989,8,95.6633736014423
18,1989,9,95.5290142651034
18,1989,10,94.5892701692705
18,1989,11,94.5347339554789
18,1989,12,94.8016640292582
18,1990,1,94.2715059419049
18,1990,2,94.1683946292255
18,1990,3,92.5379013047015
18,1990,4,94.2004707874512
18,1990,5,94.3912868515771
18,1990,6,95.6021015791715
18,1990,7,95.6342712899831
18,1990,8,92.963448846905
18,1990,9,96.3499247498796
18,1990,10,96.6316832939921
18,1990,11,94.9197425483785
18,1990,12,94.2332473415038
18,1991,1,91.9763826576935
18,1991,2,91.1403455263966
18,1991,3,91.8758607280156
18,1991,4,95.401833150618
18,1991,5,94.5100891067279
18,1991,6,93.3918926229805
18,1991,7,93.2192860767596
18,1991,8,95.4067917099773
18,1991,9,95.6073756858683
18,1991,10,94.7901769166804
18,1991,11,95.0235087203847
18,1991,12,94.1001459478365
18,1992,1,93.7147817391135
18,1992,2,92.5707296407835
18,1992,3,93.3475546903006
18,1992,4,92.459872986646
18,1992,5,91.9046850171811
18,1992,6,92.3336348034982
18,1992,7,91.8242250908448
18,1992,8,93.6311421267461
18,1992,9,93.3830993325504
18,1992,10,95.3646014519211
18,1992,11,93.8646409134713
18,1992,12,93.4205661812688
18,1993,1,92.4423168003551
18,1993,2,92.7235586933558
18,1993,3,95.128940011364
18,1993,4,93.6989227127573
18,1993,5,93.0755809147106
18,1993,6,93.6781908782173
18,1993,7,96.7277202246356
18,1993,8,96.2630449094752
18,1993,9,96.0504006656912
18,1993,10,96.3854750172331
18,1993,11,94.9513135599794
18,1993,12,95.4763003017017
18,1994,1,93.5637201305161
18,1994,2,94.6331469206782
18,1994,3,93.755583503483
18,1994,4,94.7520509831216
18,1994,5,95.1660017643393
18,1994,6,94.9969702977
18,1994,7,94.0763547378933
18,1994,8,94.8523031817541
18,1994,9,95.4876515635175
18,1994,10,94.9902049229184
18,1994,11,95.6384649097756
18,1994,12,95.935402611437
18,1995,1,95.4996935824218
18,1995,2,94.7731776671991
18,1995,3,93.8812059674395
18,1995,4,93.5376445068544
18,1995,5,95.257176914508
18,1995,6,94.6207020072015
18,1995,7,95.0795361259275
18,1995,8,96.0420537307303
18,1995,9,97.1421418367774
18,1995,10,95.2954278928574
18,1995,11,95.0589370399258
18,1995,12,95.5960230349114
18,1996,1,94.4617661612739
18,1996,2,94.5861781770079
18,1996,3,95.2048744687987
18,1996,4,94.986823135424
18,1996,5,95.3189348460694
18,1996,6,94.6720344831726
18,1996,7,95.6397788969333
18,1996,8,95.9579834631114
18,1996,9,96.1402459544787
18,1996,10,97.0796939539924
18,1996,11,97.1438173692828
18,1996,12,96.7877955504653
18,1997,1,96.8833281922141
18,1997,2,96.7951299072444
18,1997,3,95.5941726140556
18,1997,4,96.1346712031663
18,1997,5,96.6495167645768
18,1997,6,96.0655901806599
18,1997,7,96.7872665626608
18,1997,8,96.1935438955528
18,1997,9,96.4769262008764
18,1997,10,95.5211041226618
18,1997,11,96.9622470300254
18,1997,12,96.6566778093107
18,1998,1,96.3775625553971
18,1998,2,96.116292148203
18,1998,3,96.0673348328956
18,1998,4,97.0347992510609
18,1998,5,97.1874039641345
18,1998,6,97.2909211687009
18,1998,7,97.8488466615114
18,1998,8,96.6895216605502
18,1998,9,96.0215256279462
18,1998,10,97.5847794074202
18,1998,11,96.7314825349672
18,1998,12,96.6041142457795
18,1999,1,96.5419580255094
18,1999,2,96.7850702958347
18,1999,3,96.9688720196394
18,1999,4,97.2303942464096
18,1999,5,96.4693098703331
18,1999,6,96.7059729638075
18,1999,7,97.9383090813868
18,1999,8,97.1114367540335
18,1999,9,96.6264891666755
18,1999,10,97.4619581835292
18,1999,11,96.5587621960238
18,1999,12,97.1666517574621
18,2000,1,96.0477482178674
18,2000,2,95.8360254875162
18,2000,3,95.3035043665335
18,2000,4,95.8312143983806
18,2000,5,97.2076753520649
18,2000,6,95.4547423570879
18,2000,7,95.9990994814717
18,2000,8,96.8800281574451
18,2000,9,98.4712470661375
18,2000,10,98.1251401318752
18,2000,11,97.5508568938283
18,2000,12,97.0572843967504
18,2001,1,96.1068937306311
18,2001,2,96.3548388001842
18,2001,3,95.7416945612496
18,2001,4,96.4198512866215
18,2001,5,96.2583854649919
18,2001,6,95.3564033137204
18,2001,7,95.4036479415855
18,2001,8,95.3292648259164
18,2001,9,95.9994086069241
18,2001,10,95.1521337352821
18,2001,11,94.9087831100862
18,2001,12,94.8874180756906
18,2002,1,94.6300256967554
18,2002,2,93.5931076388024
18,2002,3,95.0827998486466
18,2002,4,94.4616155893799
18,2002,5,94.8112041667392
18,2002,6,94.2632268048277
18,2002,7,94.2992566407811
18,2002,8,94.4744719196795
18,2002,9,95.378831872261
18,2002,10,95.2411350452297
18,2002,11,95.3287686637258
18,2002,12,95.5432338932901
18,2003,1,94.5414070235992
18,2003,2,94.2483446896828
18,2003,3,95.0077190640848
18,2003,4,94.1090116971423
18,2003,5,95.0092480881421
18,2003,6,95.4542510229144
18,2003,7,93.7307319715053
18,2003,8,94.7267545125907
18,2003,9,95.0008988294472
18,2003,10,94.5135600724671
18,2003,11,95.0127010707999
18,2003,12,94.8123481835489
18,2004,1,94.1208424293458
18,2004,2,93.3226653170331
18,2004,3,94.3776927512646
18,2004,4,95.3219017772853
18,2004,5,94.7230796743439
18,2004,6,95.39368268502
18,2004,7,94.2913793216728
18,2004,8,94.6376575185738
18,2004,9,94.9643948658613
18,2004,10,94.589069810443
18,2004,11,95.1384513627011
18,2004,12,95.4445357032939
18,2005,1,93.2552601982655
18,2005,2,93.1638578458466
18,2005,3,93.3157594058032
18,2005,4,94.7818674523699
18,2005,5,95.9386682778476
18,2005,6,93.5665696382804
18,2005,7,93.6720800446964
18,2005,8,94.1259274407933
18,2005,9,94.3945392927294
18,2005,10,94.3482695758421
18,2005,11,95.24021612342
18,2005,12,94.4443979383228
18,2006,1,95.2720942615134
18,2006,2,94.1619136364896
18,2006,3,94.7113470508724
18,2006,4,95.4625943994903
18,2006,5,94.5455916345398
18,2006,6,94.2393531389157
18,2006,7,93.6860948369223
18,2006,8,95.2324827818502
18,2006,9,95.4824414708249
18,2006,10,95.3631391330095
18,2006,11,95.8202801285625
18,2006,12,95.1254764848697
18,2007,1,93.6024532835439
18,2007,2,95.242955319254
18,2007,3,95.0507694763393
18,2007,4,95.612067124064
18,2007,5,96.0314733814297
18,2007,6,95.1159354934566
18,2007,7,95.5262897099557
18,2007,8,94.8067613896265
18,2007,9,96.2388712289514
18,2007,10,95.5086469432718
18,2007,11,95.2107618509164
18,2007,12,96.246757570146
18,2008,1,95.1511586853862
18,2008,2,94.6345831666626
18,2008,3,93.4605306743715
18,2008,4,95.4145002456964
18,2008,5,94.6877389208905
18,2008,6,93.1921198365998
18,2008,7,93.9621196083094
18,2008,8,93.7120334030987
18,2008,9,94.103171992426
18,2008,10,94.4372327679784
18,2008,11,92.3750919126176
18,2008,12,92.0167012138535
18,2009,1,90.4182206571806
18,2009,2,91.4359043258972
18,2009,3,89.5361931424316
18,2009,4,90.6178248284281
18,2009,5,88.4057468319204
18,2009,6,89.4943453203607
18,2009,7,88.1086175687629
18,2009,8,90.7068230061627
18,2009,9,90.1397707828276
18,2009,10,89.6470950298782
18,2009,11,89.8714744997142
18,2009,12,89.4302896736544
18,2010,1,89.3904267952415
18,2010,2,88.2204170166044
18,2010,3,87.4843613471742
18,2010,4,88.2950318245924
18,2010,5,88.0921414530786
18,2010,6,88.3148987793315
18,2010,7,89.6999921632466
18,2010,8,90.3315594764396
18,2010,9,89.8049539573031
18,2010,10,90.7681446270584
18,2010,11,90.3933554441668
18,2010,12,91.0430567744681
18,2011,1,91.4754076023338
18,2011,2,90.6017232142769
18,2011,3,91.6732724540518
18,2011,4,92.2044709176669
18,2011,5,91.0130581339154
18,2011,6,91.5855462215252
18,2011,7,90.9500624137866
18,2011,8,90.6488126358115
18,2011,9,90.0324555462742
18,2011,10,89.742013709445
18,2011,11,89.9111056928617
18,2011,12,91.031245914018
18,2012,1,90.7021078173349
18,2012,2,91.7463512524461
18,2012,3,90.8001879803216
18,2012,4,92.6155947067127
18,2012,5,92.2440205459279
18,2012,6,92.0146598871972
18,2012,7,92.1105865601482
18,2012,8,92.2305859665419
18,2012,9,92.1397347737684
18,2012,10,92.6630694497356
18,2012,11,90.255083031451
18,2012,12,89.9424069734867
18,2013,1,89.5622254251055
18,2013,2,90.3521275769503
18,2013,3,90.7946306928397
18,2013,4,92.9266170920123
18,2013,5,92.5879525797547
18,2013,6,90.9443587704657
18,2013,7,92.289341156675
18,2013,8,93.668406345293
18,2013,9,93.8839657866406
18,2013,10,93.7685072580225
18,2013,11,92.6103315440803
18,2013,12,94.8371857853086
18,2014,1,93.4909458405924
18,2014,2,93.0623995974412
18,2014,3,94.1759430492586
18,2014,4,94.1982684394041
18,2014,5,93.7169839454227
18,2014,6,92.9345726840424
18,2014,7,94.0407894124055
18,2014,8,94.8192597665695
18,2014,9,94.3649591708787
18,2014,10,93.8664979061249
18,2014,11,92.6472079425569
18,2014,12,93.3304505414663
18,2015,1,92.59964026936
18,2015,2,94.2285072505401
18,2015,3,94.6579356750972
18,2015,4,96.4904252833106
18,2015,5,95.6889135585018
18,2015,6,95.1984482358398
18,2015,7,94.8490999212126
18,2015,8,95.9855070528079
18,2015,9,95.8668996645382
18,2015,10,95.4995319725737
18,2015,11,95.5368545604166
18,2015,12,95.3452767325501
18,2016,1,94.821869856241
18,2016,2,93.7215809782222
18,2016,3,94.8612982122142
18,2016,4,95.827468495013
18,2016,5,96.4321705352872
18,2016,6,95.5570500430862
18,2016,7,95.7955850738003
18,2016,8,95.0412658744063
18,2016,9,96.1755914892225
18,2016,10,96.4699309091644
18,2016,11,95.8266221930214
18,2016,12,95.7884391758425
18,2017,1,94.8654161125321
18,2017,2,94.6811683496288
18,2017,3,96.3422739559712
18,2017,4,97.6342989953093
18,2017,5,97.2087852808469
18,2017,6,96.8062692112606
18,2017,7,95.4407852958835
18,2017,8,95.1906361281998
18,2017,9,96.2517354902214
18,2017,10,96.5964397796787
18,2017,11,96.7927933697774
18,2017,12,97.38741570521
18,2018,1,95.6270979749936
18,2018,2,96.113881814382
18,2018,3,96.923959231025
18,2018,4,96.969076607179
18,2018,5,96.1253078428986
18,2018,6,96.1057883484616
18,2018,7,96.2103382909546
18,2018,8,95.7993503150604
18,2018,9,97.1702829129409
18,2018,10,95.6119021263466
18,2018,11,96.1688340716743
18,2018,12,97.4100355970901
18,2019,1,94.6711931578369
18,2019,2,95.1951103072659
18,2019,3,96.5540804713367
18,2019,4,97.1268936733109
18,2019,5,97.4603221886414
18,2019,6,96.0725082471259
18,2019,7,95.9735585553062
18,2019,8,96.9922216259922
18,2019,9,96.9761009482084
18,2019,10,96.382451276761
18,2019,11,96.5820612235863
18,2019,12,97.2364987773259
19,1982,1,91.4775864052831
19,1982,2,90.9185273343575
19,1982,3,89.2223587108016
19,1982,4,90.2294370458861
19,1982,5,91.0365490304099
19,1982,6,89.3516508042361
19,1982,7,92.060289899924
19,1982,8,93.3609309741619
19,1982,9,91.299372376746
19,1982,10,91.8002154336141
19,1982,11,91.6792839388326
19,1982,12,91.0447870348194
19,1983,1,89.6232166216658
19,1983,2,89.7553942505787
19,1983,3,90.1293826679426
19,1983,4,90.6059055045818
19,1983,5,90.9406810886098
19,1983,6,92.3490675916178
19,1983,7,93.4060145727311
19,1983,8,93.0429326764579
19,1983,9,93.1721755461472
19,1983,10,93.7471058876815
19,1983,11,92.6292817483932
19,1983,12,91.3923344405277
19,1984,1,91.5162358968778
19,1984,2,89.8474345362829
19,1984,3,91.2990330123157
19,1984,4,92.0477979747449
19,1984,5,94.0737099819944
19,1984,6,92.8910016055715
19,1984,7,95.145433886066
19,1984,8,93.2550060073562
19,1984,9,94.1973164745121
19,1984,10,93.4982359936129
19,1984,11,93.4638441946829
19,1984,12,91.8035644305346
19,1985,1,89.4822565711634
19,1985,2,91.0427135666931
19,1985,3,89.4553297133347
19,1985,4,91.077626355885
19,1985,5,93.6663107474576
19,1985,6,92.5551637909571
19,1985,7,93.7274626464813
19,1985,8,92.9049402781291
19,1985,9,93.2432277189496
19,1985,10,93.61766131574
19,1985,11,91.625000617183
19,1985,12,92.6680773945974
19,1986,1,91.4581738285289
19,1986,2,91.5344337706633
19,1986,3,90.8039313343093
19,1986,4,92.710279698173
19,1986,5,92.9505149220082
19,1986,6,91.5899821812858
19,1986,7,93.2252310665504
19,1986,8,93.2095346714152
19,1986,9,93.7892121038816
19,1986,10,94.7757409508698
19,1986,11,94.7096532332988
19,1986,12,95.0678967803676
19,1987,1,93.9908645934086
19,1987,2,94.4323535170131
19,1987,3,93.6058031344635
19,1987,4,93.8962425602555
19,1987,5,94.3633815639528
19,1987,6,93.2967809986789
19,1987,7,94.2191531685476
19,1987,8,94.6573581617629
19,1987,9,94.275437376767
19,1987,10,95.3787255415426
19,1987,11,95.709533353798
19,1987,12,95.4398512877657
19,1988,1,94.6005736221102
19,1988,2,93.7302188454242
19,1988,3,93.6948408433255
19,1988,4,94.5188993687081
19,1988,5,95.5769884728258
19,1988,6,95.6811045028025
19,1988,7,96.3436602259926
19,1988,8,95.871770034603
19,1988,9,96.7191439292306
19,1988,10,96.2031387683478
19,1988,11,96.0303996732811
19,1988,12,96.1314629329839
19,1989,1,95.1555354519634
19,1989,2,95.6364345825066
19,1989,3,95.8383409098458
19,1989,4,96.5088881597459
19,1989,5,96.1455936168966
19,1989,6,95.7894480059652
19,1989,7,95.7570068729852
19,1989,8,95.8462904059175
19,1989,9,96.1198205856756
19,1989,10,96.2206700230354
19,1989,11,94.7793641338237
19,1989,12,95.4241346806138
19,1990,1,95.3197727051043
19,1990,2,94.7781997526995
19,1990,3,95.3805274245482
19,1990,4,95.8098849284022
19,1990,5,96.1837117656636
19,1990,6,96.5914896218883
19,1990,7,96.4144120675038
19,1990,8,95.8564436197671
19,1990,9,96.1165585702408
19,1990,10,95.8749438396592
19,1990,11,94.8614923787553
19,1990,12,94.9878313358894
19,1991,1,93.281890407669
19,1991,2,93.4923867199395
19,1991,3,95.5568477928432
19,1991,4,95.3503495629958
19,1991,5,95.3279831875934
19,1991,6,94.8436312549018
19,1991,7,95.868095474215
19,1991,8,95.3150222753359
19,1991,9,95.8130624161072
19,1991,10,96.1728443689042
19,1991,11,96.3693861654837
19,1991,12,95.4934363923655
19,1992,1,93.8440464650077
19,1992,2,93.6396285767319
19,1992,3,93.6775354188235
19,1992,4,94.3543544237529
19,1992,5,95.4965433466855
19,1992,6,95.2238256331029
19,1992,7,96.2576151511448
19,1992,8,96.9211913356219
19,1992,9,95.265509101199
19,1992,10,95.3374023658823
19,1992,11,96.4621786069168
19,1992,12,95.8412439575375
19,1993,1,94.4858646936436
19,1993,2,94.5950438348754
19,1993,3,94.8839609200184
19,1993,4,96.2868612752809
19,1993,5,96.2731316549241
19,1993,6,96.6051623453457
19,1993,7,95.9271278190329
19,1993,8,96.5774019505795
19,1993,9,97.215240752318
19,1993,10,96.2478656936938
19,1993,11,96.2140071596844
19,1993,12,95.7673596830366
19,1994,1,93.9672325353741
19,1994,2,95.3184989355218
19,1994,3,96.0809562075595
19,1994,4,95.9937899092539
19,1994,5,96.5626729752865
19,1994,6,96.2741978631837
19,1994,7,97.5378405560615
19,1994,8,95.9817834362177
19,1994,9,96.8621800867552
19,1994,10,97.1810737579996
19,1994,11,96.9325560516962
19,1994,12,95.5698833397665
19,1995,1,95.931236721431
19,1995,2,95.6220062934201
19,1995,3,96.1545936718693
19,1995,4,96.3108588504846
19,1995,5,96.785691547294
19,1995,6,96.2405308196438
19,1995,7,97.6462467949771
19,1995,8,97.1072268513133
19,1995,9,95.9289962556885
19,1995,10,96.8412540495709
19,1995,11,96.8111036869593
19,1995,12,95.1243961356974
19,1996,1,94.7871864211476
19,1996,2,95.3450801234935
19,1996,3,96.2422432451863
19,1996,4,96.0981630620125
19,1996,5,96.6767153931857
19,1996,6,97.5799515690447
19,1996,7,96.5497828429202
19,1996,8,97.5289705890501
19,1996,9,96.8777168598116
19,1996,10,95.5932857193794
19,1996,11,95.753425696349
19,1996,12,95.2159647092934
19,1997,1,94.0726373569499
19,1997,2,95.5092065476087
19,1997,3,96.8503215610549
19,1997,4,96.5760213570093
19,1997,5,97.7024944059317
19,1997,6,97.2986007773668
19,1997,7,98.2254675826033
19,1997,8,97.2712934346235
19,1997,9,97.5529181558013
19,1997,10,97.1318687307422
19,1997,11,96.8144114525146
19,1997,12,96.1617492002988
19,1998,1,96.087238494473
19,1998,2,97.109825023972
19,1998,3,97.0970619842898
19,1998,4,97.7825079046509
19,1998,5,97.8318933440752
19,1998,6,96.875688944801
19,1998,7,96.7932283539846
19,1998,8,97.5112496675388
19,1998,9,97.1627624752338
19,1998,10,97.3686719229121
19,1998,11,97.5439465284846
19,1998,12,96.714767608944
19,1999,1,96.1985581399558
19,1999,2,97.05425609987
19,1999,3,96.9378369315915
19,1999,4,96.8180122669045
19,1999,5,97.8571674454678
19,1999,6,97.1753689303065
19,1999,7,97.5704312439499
19,1999,8,97.2175598535556
19,1999,9,98.5041427737908
19,1999,10,98.381846136413
19,1999,11,97.9874493521146
19,1999,12,97.750508711801
19,2000,1,96.6502244736324
19,2000,2,97.6080740148674
19,2000,3,96.7741510966391
19,2000,4,96.9845086389772
19,2000,5,97.0978976931702
19,2000,6,97.7978594948034
19,2000,7,97.8497726034262
19,2000,8,97.0838262031686
19,2000,9,97.2131789415961
19,2000,10,97.0367899833097
19,2000,11,97.3080821200474
19,2000,12,96.9172380894273
19,2001,1,96.0935169736924
19,2001,2,96.6707919732459
19,2001,3,95.737052946975
19,2001,4,97.2186885130628
19,2001,5,97.366075467179
19,2001,6,96.5114417783325
19,2001,7,97.1615778877985
19,2001,8,96.6363746865777
19,2001,9,97.0545654025757
19,2001,10,97.3916526122287
19,2001,11,96.8967459736145
19,2001,12,96.1760442654879
19,2002,1,95.4178877252415
19,2002,2,95.3015079408605
19,2002,3,95.6930104258578
19,2002,4,95.7431644020329
19,2002,5,96.5393115692639
19,2002,6,95.3964914534333
19,2002,7,94.9067229055239
19,2002,8,96.7912219514888
19,2002,9,95.9726967269624
19,2002,10,96.4588143434902
19,2002,11,95.8687297033824
19,2002,12,96.0633368014752
19,2003,1,94.9310301034455
19,2003,2,95.4576187898007
19,2003,3,95.1476604376737
19,2003,4,95.6617759154966
19,2003,5,95.1665177863764
19,2003,6,96.1435468928973
19,2003,7,94.7305143026302
19,2003,8,94.6944625878674
19,2003,9,95.435989046027
19,2003,10,96.0746008429555
19,2003,11,96.1975708807586
19,2003,12,94.8104843671435
19,2004,1,94.5412390441345
19,2004,2,95.5246220920126
19,2004,3,94.9713379386156
19,2004,4,96.0780302587624
19,2004,5,95.627946576822
19,2004,6,95.0690806258934
19,2004,7,95.5062279209627
19,2004,8,95.0917636235815
19,2004,9,95.0362910899526
19,2004,10,95.1959183877448
19,2004,11,95.1312539008347
19,2004,12,95.2689077292382
19,2005,1,93.5317621760166
19,2005,2,94.8331909588592
19,2005,3,94.916402312875
19,2005,4,96.7181555762288
19,2005,5,95.5842135535012
19,2005,6,95.4515821653558
19,2005,7,96.2779081531011
19,2005,8,96.2679382444481
19,2005,9,95.3076736933012
19,2005,10,95.8677696142606
19,2005,11,95.3674906791589
19,2005,12,95.626243101984
19,2006,1,95.552054475223
19,2006,2,94.9775390833375
19,2006,3,96.7533699071529
19,2006,4,97.0069631460164
19,2006,5,97.2464631120704
19,2006,6,95.2161059683478
19,2006,7,95.7123835492054
19,2006,8,96.4724327674816
19,2006,9,96.6718516746958
19,2006,10,96.2418326610761
19,2006,11,96.8071141513092
19,2006,12,96.1538563592028
19,2007,1,96.0457142593486
19,2007,2,96.2205108772312
19,2007,3,96.5104742766549
19,2007,4,96.1401779979867
19,2007,5,96.2836855722573
19,2007,6,95.5044304853789
19,2007,7,96.3450667821578
19,2007,8,96.1851551945977
19,2007,9,96.1441933263798
19,2007,10,96.6844330729264
19,2007,11,96.3022346462525
19,2007,12,95.9787698208723
19,2008,1,96.2251213390661
19,2008,2,96.3278500997638
19,2008,3,96.7542098954649
19,2008,4,96.0165926074031
19,2008,5,96.5512462596951
19,2008,6,94.9369826323249
19,2008,7,95.7393746290749
19,2008,8,95.595234971838
19,2008,9,96.7593427471037
19,2008,10,95.8464355448365
19,2008,11,96.0276379236863
19,2008,12,94.6582436438966
19,2009,1,93.5434134060814
19,2009,2,93.981553010373
19,2009,3,92.2311527232888
19,2009,4,94.015419104293
19,2009,5,93.327097055492
19,2009,6,92.3959796840706
19,2009,7,92.9612479040109
19,2009,8,93.3022490305716
19,2009,9,94.0041401037358
19,2009,10,94.7218890407593
19,2009,11,94.1249561148283
19,2009,12,93.9544729687601
19,2010,1,93.3111496199542
19,2010,2,92.5843931856456
19,2010,3,92.1805792098982
19,2010,4,93.2811915177914
19,2010,5,94.6170605331731
19,2010,6,93.5590914641426
19,2010,7,93.851654618465
19,2010,8,93.8402048049438
19,2010,9,94.4096713731811
19,2010,10,94.5229006707299
19,2010,11,94.8067680943296
19,2010,12,95.0134660896451
19,2011,1,93.3924088638998
19,2011,2,93.1024199116181
19,2011,3,92.7720806516542
19,2011,4,94.1144894513074
19,2011,5,94.7804326898056
19,2011,6,94.3556851772556
19,2011,7,93.8545683921553
19,2011,8,94.3535487562798
19,2011,9,94.9168893593229
19,2011,10,94.8210089019808
19,2011,11,95.1084046659756
19,2011,12,94.1187029293295
19,2012,1,94.3962589179609
19,2012,2,94.9249040831512
19,2012,3,94.9629550569199
19,2012,4,95.245292080183
19,2012,5,94.9714635143153
19,2012,6,94.2297166630401
19,2012,7,94.8963558499741
19,2012,8,93.8698747595686
19,2012,9,96.0808896610384
19,2012,10,95.1553119546649
19,2012,11,95.2995704633795
19,2012,12,94.8195044390366
19,2013,1,93.4925901995064
19,2013,2,94.2019035934126
19,2013,3,95.4254013424959
19,2013,4,95.9038712279628
19,2013,5,96.1109423899113
19,2013,6,94.833401613104
19,2013,7,94.1818923208981
19,2013,8,94.9277146868539
19,2013,9,96.2178286809273
19,2013,10,95.9025588045814
19,2013,11,95.5008444679575
19,2013,12,95.6929232511345
19,2014,1,93.0100483651573
19,2014,2,94.3815885986653
19,2014,3,95.2656623578273
19,2014,4,96.4117644862441
19,2014,5,95.6122815049445
19,2014,6,95.0848406708759
19,2014,7,95.2430032601787
19,2014,8,96.1625074348466
19,2014,9,94.4761792950836
19,2014,10,95.4332940592484
19,2014,11,96.0835727269001
19,2014,12,96.0053438355285
19,2015,1,95.4803122713439
19,2015,2,95.2674809916424
19,2015,3,96.2617095698926
19,2015,4,96.5823009176923
19,2015,5,96.8424448479295
19,2015,6,96.4028807210346
19,2015,7,96.2315458823834
19,2015,8,97.0113059014845
19,2015,9,95.7663088811873
19,2015,10,96.6036685106492
19,2015,11,96.9490267504458
19,2015,12,96.2108564710182
19,2016,1,94.7806228897408
19,2016,2,94.0980408830148
19,2016,3,94.91319440231
19,2016,4,97.2631621327468
19,2016,5,96.4308448056423
19,2016,6,95.5971018979826
19,2016,7,95.5654777739812
19,2016,8,95.7303891619865
19,2016,9,96.887345588561
19,2016,10,96.9955527063443
19,2016,11,97.8526643729225
19,2016,12,96.125782018236
19,2017,1,96.3880879523219
19,2017,2,96.6483623773781
19,2017,3,94.7857508189706
19,2017,4,96.1299130695827
19,2017,5,96.3933530666207
19,2017,6,96.6682521942896
19,2017,7,96.4450729229501
19,2017,8,96.4174064991546
19,2017,9,96.5919023380719
19,2017,10,97.9427671143545
19,2017,11,96.9092811664237
19,2017,12,97.8749122895297
19,2018,1,96.0743153546263
19,2018,2,96.1450981525471
19,2018,3,97.4589733556974
19,2018,4,97.7251444998372
19,2018,5,97.5278780241087
19,2018,6,97.5984324217639
19,2018,7,97.4111181897764
19,2018,8,97.8532406894716
19,2018,9,97.6000265516613
19,2018,10,98.4563824694402
19,2018,11,98.2278722537079
19,2018,12,97.4365618730254
19,2019,1,96.5812422914079
19,2019,2,97.8926795112688
19,2019,3,97.0578489166712
19,2019,4,97.6869614507771
19,2019,5,96.8235684740066
19,2019,6,96.3170838647022
19,2019,7,96.6060574920896
19,2019,8,97.6619813491581
19,2019,9,98.2189295793428
19,2019,10,97.8346987589879
19,2019,11,97.0956269467644
19,2019,12,96.0209125068573
20,1982,1,94.5555245066367
20,1982,2,94.1635741752505
20,1982,3,94.0844205962795
20,1982,4,94.4268875529022
20,1982,5,94.2679859625866
20,1982,6,93.5247197815697
20,1982,7,92.7996704043205
20,1982,8,92.3403941608521
20,1982,9,92.8029633491877
20,1982,10,94.6847618207181
20,1982,11,93.7770397267085
20,1982,12,92.8703643835627
20,1983,1,91.8627028919467
20,1983,2,92.9666023758316
20,1983,3,91.6926353493789
20,1983,4,93.0915358946907
20,1983,5,94.4990860855611
20,1983,6,93.3637383821761
20,1983,7,94.33546297363
20,1983,8,95.4784327989213
20,1983,9,94.9988498039165
20,1983,10,93.769884420958
20,1983,11,94.3366067323765
20,1983,12,93.4768099653662
20,1984,1,92.8445484091287
20,1984,2,93.8724799472778
20,1984,3,93.408966441796
20,1984,4,95.0944174802443
20,1984,5,95.8550474168325
20,1984,6,95.0553498900029
20,1984,7,95.0374916603646
20,1984,8,93.3682474936587
20,1984,9,93.9007760533812
20,1984,10,94.0098204385222
20,1984,11,95.2029200558972
20,1984,12,95.8175597733829
20,1985,1,95.5299145147367
20,1985,2,94.4575540057845
20,1985,3,94.9501349682338
20,1985,4,95.6474581951586
20,1985,5,95.465730814801
20,1985,6,94.9283105330822
20,1985,7,95.3881011399219
20,1985,8,95.4026397517399
20,1985,9,94.3300265327622
20,1985,10,94.2182626657779
20,1985,11,94.0975811140558
20,1985,12,94.7558483430102
20,1986,1,94.7489493005965
20,1986,2,93.4770411451603
20,1986,3,92.8410732849037
20,1986,4,95.8831120610198
20,1986,5,94.143803589956
20,1986,6,94.4744597838508
20,1986,7,94.6487640226238
20,1986,8,93.9618493149176
20,1986,9,93.4622289786572
20,1986,10,95.0976149551485
20,1986,11,95.2431140450226
20,1986,12,94.598950137935
20,1987,1,93.8713407021619
20,1987,2,93.2010930754912
20,1987,3,94.176856183442
20,1987,4,96.237934281479
20,1987,5,95.7253919625149
20,1987,6,94.2267408696209
20,1987,7,95.8630801382109
20,1987,8,95.3191588071496
20,1987,9,95.7737034228894
20,1987,10,94.9215173856908
20,1987,11,94.9674784515774
20,1987,12,96.3221865280414
20,1988,1,95.0224747498435
20,1988,2,93.9175465282749
20,1988,3,95.3170553887332
20,1988,4,95.0167344385621
20,1988,5,94.744208726284
20,1988,6,95.6194476931294
20,1988,7,95.9130032778125
20,1988,8,95.1297173419289
20,1988,9,94.9631426894165
20,1988,10,94.4451528812774
20,1988,11,94.0668256851236
20,1988,12,96.4074209378653
20,1989,1,95.5190793278678
20,1989,2,95.2883953330873
20,1989,3,96.4196691956542
20,1989,4,96.5205654511575
20,1989,5,95.6917606720976
20,1989,6,94.3052814025034
20,1989,7,96.9427503793977
20,1989,8,95.9659114560473
20,1989,9,95.5007588290165
20,1989,10,95.6777829076324
20,1989,11,95.9980361701854
20,1989,12,96.572180615973
20,1990,1,95.5779383560902
20,1990,2,95.7356645561622
20,1990,3,94.9452797064556
20,1990,4,96.3793396369996
20,1990,5,96.5119760652469
20,1990,6,95.4382999174669
20,1990,7,95.7923589785651
20,1990,8,94.0290451626434
20,1990,9,95.0045489427955
20,1990,10,95.703837727591
20,1990,11,95.4475547335676
20,1990,12,95.7954602438137
20,1991,1,93.7195936934061
20,1991,2,94.6852371194082
20,1991,3,94.7026323179673
20,1991,4,95.8061483932072
20,1991,5,96.136558526791
20,1991,6,95.0168839998808
20,1991,7,94.520502688241
20,1991,8,94.7891143244024
20,1991,9,96.2821341638141
20,1991,10,95.8470894315043
20,1991,11,95.6630830022348
20,1991,12,96.3917630458564
20,1992,1,95.6216155711412
20,1992,2,96.4242621917634
20,1992,3,96.2699366173608
20,1992,4,95.4633615559499
20,1992,5,95.4690754267253
20,1992,6,94.7549005242354
20,1992,7,96.3327083413699
20,1992,8,93.9398988431568
20,1992,9,94.9574484822429
20,1992,10,95.4351192433402
20,1992,11,95.4075615869054
20,1992,12,96.9664590788754
20,1993,1,95.3726509124932
20,1993,2,94.3960610269461
20,1993,3,94.3880395265804
20,1993,4,93.9933011360335
20,1993,5,94.1922675879301
20,1993,6,93.6197070174142
20,1993,7,95.191705860368
20,1993,8,94.4658806918209
20,1993,9,95.8112560572607
20,1993,10,95.1763938609042
20,1993,11,95.8038653184535
20,1993,12,96.1500730454721
20,1994,1,93.2241000233742
20,1994,2,94.8331738812087
20,1994,3,93.4243414760749
20,1994,4,93.9300747383194
20,1994,5,96.3102668454887
20,1994,6,95.3243045865496
20,1994,7,94.8464955324638
20,1994,8,95.4058251464805
20,1994,9,94.444390973446
20,1994,10,95.2594521644258
20,1994,11,95.1737412979908
20,1994,12,94.3183638883895
20,1995,1,92.7926534815631
20,1995,2,94.0870592420046
20,1995,3,95.1487630758491
20,1995,4,95.3071825456369
20,1995,5,94.7340983798941
20,1995,6,95.5164713443927
20,1995,7,93.7259023970667
20,1995,8,96.3220246813835
20,1995,9,96.1926885494171
20,1995,10,96.9474890195422
20,1995,11,96.1778129058144
20,1995,12,96.9683858271768
20,1996,1,94.6354108936741
20,1996,2,95.5943208261301
20,1996,3,95.4632300357543
20,1996,4,95.3072965873086
20,1996,5,94.0419743855863
20,1996,6,95.5517334391525
20,1996,7,93.8669162037629
20,1996,8,94.880975582163
20,1996,9,96.6591906161621
20,1996,10,96.09096003512
20,1996,11,96.1283882005041
20,1996,12,95.7849637859896
20,1997,1,95.8504348113414
20,1997,2,96.3460826754294
20,1997,3,95.9331089877214
20,1997,4,95.7343950579577
20,1997,5,94.7544297590702
20,1997,6,96.0973340795817
20,1997,7,95.8963803901789
20,1997,8,97.1220925622761
20,1997,9,96.3188957551287
20,1997,10,96.8646525385955
20,1997,11,96.7844713766744
20,1997,12,97.6333571954543
20,1998,1,96.4817183010752
20,1998,2,96.8547782375001
20,1998,3,97.2078002531887
20,1998,4,97.3111271412382
20,1998,5,96.0383946742462
20,1998,6,95.048374938605
20,1998,7,94.5518452693863
20,1998,8,95.4856567008674
20,1998,9,95.1305665747673
20,1998,10,96.5203341785003
20,1998,11,96.1660725332231
20,1998,12,97.290744485794
20,1999,1,96.8506955200263
20,1999,2,97.2863045228222
20,1999,3,96.7903830177601
20,1999,4,97.3438923637665
20,1999,5,96.7830288587422
20,1999,6,96.8720331803506
20,1999,7,96.5503886180525
20,1999,8,96.6702332500999
20,1999,9,96.5642834290048
20,1999,10,97.3851311935254
20,1999,11,96.2792238614699
20,1999,12,97.0099903737176
20,2000,1,95.5653033155828
20,2000,2,96.2549637018115
20,2000,3,96.9492375818686
20,2000,4,96.9148140427468
20,2000,5,96.6143462288932
20,2000,6,96.9789987269647
20,2000,7,96.0114219478065
20,2000,8,96.6847025592366
20,2000,9,95.7973666282594
20,2000,10,95.4118156190169
20,2000,11,95.4827609606737
20,2000,12,95.8795453446348
20,2001,1,95.40297877397
20,2001,2,95.8154834977049
20,2001,3,96.0607995746451
20,2001,4,96.866870530198
20,2001,5,96.9027031554391
20,2001,6,94.5785345669439
20,2001,7,95.2080874620723
20,2001,8,95.2389906252076
20,2001,9,95.7758348393798
20,2001,10,95.0572849813829
20,2001,11,95.0978625212802
20,2001,12,95.8128525421578
20,2002,1,94.7410578303395
20,2002,2,95.0126651432325
20,2002,3,94.7135382170057
20,2002,4,95.2212821348543
20,2002,5,95.9953086208501
20,2002,6,94.6033758129568
20,2002,7,94.2111176165211
20,2002,8,94.0552157520516
20,2002,9,94.1617877194311
20,2002,10,94.5065500566337
20,2002,11,95.1968049858519
20,2002,12,95.2110166049915
20,2003,1,94.3623455966128
20,2003,2,95.1997393326926
20,2003,3,95.3679461924677
20,2003,4,95.2316929433241
20,2003,5,95.6406487515735
20,2003,6,93.8634703822389
20,2003,7,94.13394045021
20,2003,8,94.8454872646647
20,2003,9,93.9101213152922
20,2003,10,93.6105678871044
20,2003,11,92.731083156771
20,2003,12,93.3214457273375
20,2004,1,92.9897368834639
20,2004,2,93.8061791746252
20,2004,3,93.7204824087811
20,2004,4,94.5107702918628
20,2004,5,94.9808044212025
20,2004,6,94.5752102382986
20,2004,7,94.2666368692779
20,2004,8,93.9747535274597
20,2004,9,94.9305114700784
20,2004,10,94.3823655895438
20,2004,11,95.2118485280408
20,2004,12,95.5398381933002
20,2005,1,93.7875920879805
20,2005,2,92.8850848187295
20,2005,3,94.196703899643
20,2005,4,95.2413564109307
20,2005,5,95.4137974064477
20,2005,6,94.4517079106793
20,2005,7,94.7251531188818
20,2005,8,95.5705551022257
20,2005,9,95.7109968918059
20,2005,10,95.3849023774422
20,2005,11,95.2144952580814
20,2005,12,95.9631109398009
20,2006,1,95.0489823182618
20,2006,2,94.1898870090951
20,2006,3,93.885098505647
20,2006,4,96.0525708916443
20,2006,5,95.5090265993539
20,2006,6,95.5643422222442
20,2006,7,94.7841520342635
20,2006,8,95.1407340172996
20,2006,9,96.44665681847
20,2006,10,96.2968668250637
20,2006,11,96.1073686892209
20,2006,12,94.9826838420678
20,2007,1,95.641080985928
20,2007,2,94.7615563185852
20,2007,3,95.5354436999898
20,2007,4,96.2087506471402
20,2007,5,95.5206204365859
20,2007,6,95.3331116183321
20,2007,7,95.4345568149901
20,2007,8,96.5001969528983
20,2007,9,95.908326525481
20,2007,10,97.6897572484444
20,2007,11,96.2393185883255
20,2007,12,95.335449028899
20,2008,1,95.399158830263
20,2008,2,95.8854626527716
20,2008,3,94.7632621983347
20,2008,4,96.1748946054148
20,2008,5,95.1051404900312
20,2008,6,96.0710382525427
20,2008,7,95.5469595564774
20,2008,8,95.8523016644173
20,2008,9,94.4884635533922
20,2008,10,95.5440371612061
20,2008,11,95.0129136887635
20,2008,12,95.3303401082515
20,2009,1,93.4982270279549
20,2009,2,93.8830124724512
20,2009,3,93.1950441142537
20,2009,4,93.4097258174982
20,2009,5,92.7839604776078
20,2009,6,92.5640251864241
20,2009,7,91.9562832474512
20,2009,8,91.7271352692159
20,2009,9,93.4392778913113
20,2009,10,93.6518829705999
20,2009,11,93.3503559641354
20,2009,12,93.3427260241639
20,2010,1,91.5444459373988
20,2010,2,92.2308534701712
20,2010,3,92.2662730018378
20,2010,4,91.2973579997131
20,2010,5,91.5119025928558
20,2010,6,93.1252836515134
20,2010,7,92.5640746970269
20,2010,8,92.7690582472112
20,2010,9,91.5638050004813
20,2010,10,92.7790678066083
20,2010,11,93.0575556947592
20,2010,12,93.1157760460088
20,2011,1,92.16118102688
20,2011,2,91.6891532600177
20,2011,3,92.2855858976258
20,2011,4,93.2170664664599
20,2011,5,94.0073025726043
20,2011,6,93.1031694876454
20,2011,7,92.6650636426234
20,2011,8,92.2616144424557
20,2011,9,92.7589527249448
20,2011,10,93.274315991234
20,2011,11,94.2208965419832
20,2011,12,94.2645157105545
20,2012,1,94.0947405440989
20,2012,2,93.2658246585699
20,2012,3,92.9080709233756
20,2012,4,94.6233927179293
20,2012,5,95.0135006033254
20,2012,6,94.0806973812914
20,2012,7,93.7004797609616
20,2012,8,94.2762590348209
20,2012,9,95.7699148938497
20,2012,10,95.6636201056521
20,2012,11,95.454484287189
20,2012,12,95.1048776337145
20,2013,1,93.4765838553952
20,2013,2,93.0292681790407
20,2013,3,93.2337242656834
20,2013,4,93.717775696103
20,2013,5,92.969960201252
20,2013,6,94.915497211147
20,2013,7,93.9252207216881
20,2013,8,93.5850486276617
20,2013,9,94.9987785133138
20,2013,10,95.176092785981
20,2013,11,97.0565780778729
20,2013,12,95.8677666506159
20,2014,1,94.4134112275952
20,2014,2,94.1941176152164
20,2014,3,95.5492290234769
20,2014,4,95.1605466743815
20,2014,5,95.6375735244071
20,2014,6,94.2305246357332
20,2014,7,94.7612074197528
20,2014,8,96.1573138522599
20,2014,9,96.5918314647463
20,2014,10,96.893129086315
20,2014,11,96.1515924204351
20,2014,12,96.0788496817689
20,2015,1,95.5630228945022
20,2015,2,95.6758385099493
20,2015,3,95.7190977300382
20,2015,4,93.957999042019
20,2015,5,94.9163063821758
20,2015,6,94.5892372153984
20,2015,7,94.5608167507766
20,2015,8,96.5115756388345
20,2015,9,96.986720689597
20,2015,10,96.3765745533525
20,2015,11,96.7318697737956
20,2015,12,95.764021584795
20,2016,1,95.9217010568421
20,2016,2,96.1329051075607
20,2016,3,96.179419759028
20,2016,4,97.1159249431218
20,2016,5,94.9804731864871
20,2016,6,93.5431213749048
20,2016,7,94.2460424089069
20,2016,8,95.330819739986
20,2016,9,96.5901928818616
20,2016,10,96.0131500331825
20,2016,11,96.1560572721846
20,2016,12,96.0364504630454
20,2017,1,96.5003405853894
20,2017,2,95.9385233171841
20,2017,3,96.6992037673692
20,2017,4,95.9979755114708
20,2017,5,96.1247872057271
20,2017,6,96.0309502311405
20,2017,7,95.8102997014999
20,2017,8,95.7766629487719
20,2017,9,96.9674403488579
20,2017,10,97.3338232936105
20,2017,11,96.0327632983556
20,2017,12,97.6303682332073
20,2018,1,96.701459609638
20,2018,2,95.023646011715
20,2018,3,96.5726945781796
20,2018,4,96.3502392036624
20,2018,5,97.2646825935124
20,2018,6,96.5642735687383
20,2018,7,95.8998362804818
20,2018,8,97.2993822095116
20,2018,9,97.2538508960651
20,2018,10,96.3904197760858
20,2018,11,97.2535467947071
20,2018,12,96.5558470577161
20,2019,1,96.1894338871572
20,2019,2,96.3853518282021
20,2019,3,96.471384552742
20,2019,4,97.4476386583509
20,2019,5,97.1578107439511
20,2019,6,97.6122878414086
20,2019,7,95.8819830934019
20,2019,8,96.1522455108613
20,2019,9,97.4118862006253
20,2019,10,97.2807817020913
20,2019,11,97.4180607077177
20,2019,12,97.0647113922564
21,1982,1,90.9837498426684
21,1982,2,90.6649452004374
21,1982,3,90.3317556658972
21,1982,4,87.9871542843728
21,1982,5,89.0928144640992
21,1982,6,87.3496292365163
21,1982,7,88.4317541161859
21,1982,8,90.4938386392284
21,1982,9,90.4783618368249
21,1982,10,90.2723829076584
21,1982,11,89.1627710309627
21,1982,12,89.4070798482461
21,1983,1,87.6880370906228
21,1983,2,84.9257175533027
21,1983,3,88.7163993096909
21,1983,4,87.8120677131935
21,1983,5,87.3755811238818
21,1983,6,86.6991638319135
21,1983,7,88.2968104465102
21,1983,8,87.4149524963084
21,1983,9,89.6985340342022
21,1983,10,90.597565402664
21,1983,11,89.4450968692098
21,1983,12,91.2326989513452
21,1984,1,88.7453857821538
21,1984,2,87.8628408583483
21,1984,3,88.3113372149119
21,1984,4,89.0762354537758
21,1984,5,90.6483186747789
21,1984,6,90.244141055073
21,1984,7,88.588721972411
21,1984,8,92.8893317296373
21,1984,9,91.3981103922301
21,1984,10,92.5291003375095
21,1984,11,92.7547339782495
21,1984,12,90.8197747324967
21,1985,1,90.2797288794996
21,1985,2,90.0697682975866
21,1985,3,90.7229276850805
21,1985,4,91.6253105234549
21,1985,5,91.3582531942721
21,1985,6,89.462047746619
21,1985,7,89.2893637246628
21,1985,8,92.6838886244547
21,1985,9,90.1033674926238
21,1985,10,90.6597561943357
21,1985,11,90.2451242057564
21,1985,12,89.2911926263041
21,1986,1,87.8374765932749
21,1986,2,87.3228886953141
21,1986,3,88.9749379630696
21,1986,4,91.664222740425
21,1986,5,94.0049108966404
21,1986,6,91.7743742375151
21,1986,7,91.6662219634517
21,1986,8,92.2931095906204
21,1986,9,91.2100307650897
21,1986,10,90.897807820317
21,1986,11,89.7094928996907
21,1986,12,89.1337354086693
21,1987,1,86.7690026690173
21,1987,2,88.1579153765012
21,1987,3,88.5789321411389
21,1987,4,93.0672663620711
21,1987,5,90.5365156345156
21,1987,6,91.1832100996497
21,1987,7,93.3970783103651
21,1987,8,94.183259686423
21,1987,9,93.7618590671017
21,1987,10,93.1737621165686
21,1987,11,91.5172126998976
21,1987,12,92.0502924464191
21,1988,1,89.6009529502778
21,1988,2,88.9866159851648
21,1988,3,90.151222754956
21,1988,4,91.9365572757814
21,1988,5,92.215169922447
21,1988,6,92.5575425447366
21,1988,7,92.7625437443346
21,1988,8,93.4522336498387
21,1988,9,93.2531088954338
21,1988,10,93.6073939586891
21,1988,11,92.4780957517984
21,1988,12,92.9395490488553
21,1989,1,92.1763924481571
21,1989,2,92.9124439845718
21,1989,3,92.7580334143706
21,1989,4,93.0115917962436
21,1989,5,93.792191442582
21,1989,6,92.6392458386986
21,1989,7,94.0220239530132
21,1989,8,94.022385603555
21,1989,9,94.3245418947109
21,1989,10,95.8925429326173
21,1989,11,95.0254535554188
21,1989,12,94.7421731528582
21,1990,1,92.3283010172505
21,1990,2,91.7243435760296
21,1990,3,94.3725770160805
21,1990,4,93.7596655794211
21,1990,5,93.9341169824499
21,1990,6,94.1218617329172
21,1990,7,95.1146332138346
21,1990,8,95.0848461410728
21,1990,9,94.4319302408074
21,1990,10,94.8070880624874
21,1990,11,94.0367597321377
21,1990,12,93.4940724523686
21,1991,1,91.7999717289987
21,1991,2,91.2979414559844
21,1991,3,92.1216768924746
21,1991,4,92.9433003347833
21,1991,5,93.6653448895776
21,1991,6,92.7615296084551
21,1991,7,92.8193959526194
21,1991,8,91.6236693617005
21,1991,9,92.043502071788
21,1991,10,93.7287284039115
21,1991,11,92.8793340622792
21,1991,12,92.8145633796016
21,1992,1,91.6021230326312
21,1992,2,91.8653978656757
21,1992,3,93.4147814814726
21,1992,4,94.7878252845163
21,1992,5,94.3188220214191
21,1992,6,92.7303814458781
21,1992,7,92.2878592178462
21,1992,8,93.3336164604782
21,1992,9,92.8638048493469
21,1992,10,93.1470683070236
21,1992,11,93.8831474468226
21,1992,12,93.0798261425828
21,1993,1,93.1385508461713
21,1993,2,93.9585986065501
21,1993,3,92.4172749061539
21,1993,4,93.0416528308632
21,1993,5,92.3517278185024
21,1993,6,93.5991695526359
21,1993,7,93.6630724043331
21,1993,8,94.4254297856683
21,1993,9,94.3024160540735
21,1993,10,94.8419808244936
21,1993,11,95.563933526969
21,1993,12,95.4455693355026
21,1994,1,94.9285616871705
21,1994,2,91.840903723845
21,1994,3,94.7951337884736
21,1994,4,94.1027305165713
21,1994,5,95.0773008458701
21,1994,6,93.9850270649089
21,1994,7,93.6228181530238
21,1994,8,95.2659533531812
21,1994,9,94.3708617997346
21,1994,10,94.1996735523882
21,1994,11,95.3424945527796
21,1994,12,95.8079995268945
21,1995,1,94.5265631783299
21,1995,2,95.1803452359874
21,1995,3,93.0072695851921
21,1995,4,95.0941737090772
21,1995,5,93.8834351158785
21,1995,6,94.6426559861065
21,1995,7,94.6618144380718
21,1995,8,93.1361948793173
21,1995,9,93.0712079736986
21,1995,10,94.4513766015011
21,1995,11,95.0226091731979
21,1995,12,96.0879452634328
21,1996,1,93.3768942491914
21,1996,2,93.5543716847318
21,1996,3,94.2654033885847
21,1996,4,94.3351900553972
21,1996,5,94.4314187837231
21,1996,6,94.3902912415053
21,1996,7,95.6060650097947
21,1996,8,96.0604000229114
21,1996,9,94.9864416568792
21,1996,10,94.3136794233815
21,1996,11,93.4295195440477
21,1996,12,92.1061895705877
21,1997,1,91.8733915483751
21,1997,2,92.3044452266134
21,1997,3,94.1263103273623
21,1997,4,95.4133911874331
21,1997,5,95.6336322277529
21,1997,6,94.3601779828824
21,1997,7,94.6665353861873
21,1997,8,94.3057235523427
21,1997,9,95.4628973654776
21,1997,10,95.9375842852498
21,1997,11,96.9294504338428
21,1997,12,95.8656781001613
21,1998,1,94.8577690102443
21,1998,2,96.0073707147823
21,1998,3,93.6688697727697
21,1998,4,96.5261159544674
21,1998,5,94.4771285023135
21,1998,6,93.3424715926257
21,1998,7,94.4344501249942
21,1998,8,95.2607496588926
21,1998,9,96.6969062802473
21,1998,10,95.5252033644621
21,1998,11,95.1942787588675
21,1998,12,95.9935032362326
21,1999,1,94.7952168310598
21,1999,2,94.4578511375298
21,1999,3,95.1070501300247
21,1999,4,95.7578701041968
21,1999,5,94.6606944213421
21,1999,6,94.5862527761017
21,1999,7,96.2901738738063
21,1999,8,94.5385527668027
21,1999,9,96.27115579909
21,1999,10,96.881327178038
21,1999,11,96.4366469264034
21,1999,12,95.9540936335105
21,2000,1,95.6745597944017
21,2000,2,93.108275242345
21,2000,3,95.6763937335024
21,2000,4,96.1550910954902
21,2000,5,94.970101871329
21,2000,6,96.431527482942
21,2000,7,96.3537317873788
21,2000,8,96.3954657861444
21,2000,9,96.7343406641993
21,2000,10,95.6602886941133
21,2000,11,96.1655417065705
21,2000,12,95.2114347148847
21,2001,1,94.240537734595
21,2001,2,94.9420697919639
21,2001,3,94.8293798989347
21,2001,4,94.6919472464185
21,2001,5,95.7681867770749
21,2001,6,94.9996985453275
21,2001,7,92.8440308009489
21,2001,8,93.4392652715905
21,2001,9,95.6403274148629
21,2001,10,94.2994210106804
21,2001,11,93.230952963374
21,2001,12,94.2850768645024
21,2002,1,93.6514575050164
21,2002,2,93.9269040710425
21,2002,3,94.5221504719301
21,2002,4,95.0012956792112
21,2002,5,94.0521007072428
21,2002,6,94.0104519328708
21,2002,7,94.6042768527703
21,2002,8,94.6128469774424
21,2002,9,94.1789946956263
21,2002,10,95.5049830832249
21,2002,11,93.6821750663144
21,2002,12,93.856625420776
21,2003,1,93.4659844711894
21,2003,2,93.0900723149153
21,2003,3,93.5834752947053
21,2003,4,94.0444605732676
21,2003,5,93.3969325650568
21,2003,6,92.6265394256715
21,2003,7,93.176132084528
21,2003,8,93.89169368131
21,2003,9,93.772909509685
21,2003,10,93.9328311450988
21,2003,11,93.9251765235808
21,2003,12,94.5272718167669
21,2004,1,94.198026912987
21,2004,2,93.8029074802487
21,2004,3,92.986003432258
21,2004,4,94.2027620644374
21,2004,5,94.2332843257905
21,2004,6,93.5276300304957
21,2004,7,95.2670695100028
21,2004,8,95.138171221153
21,2004,9,96.2845370506207
21,2004,10,95.1070379910876
21,2004,11,96.0008867643111
21,2004,12,95.6804477994465
21,2005,1,94.185562822565
21,2005,2,92.7376692841945
21,2005,3,93.1095421223276
21,2005,4,92.8840996293169
21,2005,5,93.670883043333
21,2005,6,93.3966413512997
21,2005,7,93.0831048054496
21,2005,8,95.6984575052653
21,2005,9,93.9923053484437
21,2005,10,94.4827510427941
21,2005,11,93.8118039781548
21,2005,12,93.4290321885265
21,2006,1,92.9116215088197
21,2006,2,92.9412917187211
21,2006,3,93.563647857456
21,2006,4,94.5646961631496
21,2006,5,95.0836098131036
21,2006,6,93.7154355225056
21,2006,7,93.1965468130008
21,2006,8,94.7713681303537
21,2006,9,95.4913653231268
21,2006,10,95.2807292569028
21,2006,11,94.7046632064045
21,2006,12,95.2599681803596
21,2007,1,93.2820807984781
21,2007,2,92.7586615533254
21,2007,3,94.0033861184993
21,2007,4,94.7777055289792
21,2007,5,94.4488174622222
21,2007,6,93.9083164616989
21,2007,7,93.9094158113792
21,2007,8,94.4075300322531
21,2007,9,94.5829814343198
21,2007,10,95.6407120237357
21,2007,11,96.659364992182
21,2007,12,95.1371530670995
21,2008,1,94.7433198702103
21,2008,2,94.1488600716831
21,2008,3,93.7021250513512
21,2008,4,94.3968914227672
21,2008,5,93.7457166049379
21,2008,6,93.439117726227
21,2008,7,92.6718700308731
21,2008,8,93.6064962409079
21,2008,9,93.395453550817
21,2008,10,94.0167759043875
21,2008,11,93.7067370785749
21,2008,12,92.3304666492153
21,2009,1,90.2889293919536
21,2009,2,89.5316840357371
21,2009,3,88.8223395221202
21,2009,4,89.8883666209926
21,2009,5,89.4099490998605
21,2009,6,88.0501939649896
21,2009,7,88.5742622879021
21,2009,8,89.2600089721856
21,2009,9,91.0793203883126
21,2009,10,88.4556678508633
21,2009,11,91.1392838032184
21,2009,12,91.2202702964078
21,2010,1,88.8320161701104
21,2010,2,88.6182996741191
21,2010,3,89.8678722490256
21,2010,4,89.038854891722
21,2010,5,89.7465647317387
21,2010,6,89.3923822370909
21,2010,7,89.4014891282979
21,2010,8,89.0028395202954
21,2010,9,89.9378717197597
21,2010,10,91.0813033226322
21,2010,11,89.3972988920433
21,2010,12,90.2462986455162
21,2011,1,87.6369491872599
21,2011,2,89.6444509833644
21,2011,3,90.4757353274675
21,2011,4,90.9947579945907
21,2011,5,91.9131351848397
21,2011,6,91.4439610994512
21,2011,7,90.0773896020761
21,2011,8,91.1356844557302
21,2011,9,88.6457159889626
21,2011,10,90.9887304051406
21,2011,11,91.3093528233869
21,2011,12,91.5434520770788
21,2012,1,90.7203038403651
21,2012,2,90.6631544095037
21,2012,3,90.9390568767895
21,2012,4,93.0378353235935
21,2012,5,92.5650683414721
21,2012,6,92.7604919415539
21,2012,7,91.8468503622235
21,2012,8,90.8624536491498
21,2012,9,92.6412279708855
21,2012,10,92.5963038048014
21,2012,11,92.3595184111256
21,2012,12,93.2201172277662
21,2013,1,92.2782708433359
21,2013,2,92.0498161152221
21,2013,3,90.438274571692
21,2013,4,92.9359520996674
21,2013,5,91.072385795905
21,2013,6,90.5920646479064
21,2013,7,91.7053981227356
21,2013,8,93.0256269964645
21,2013,9,92.0682695572065
21,2013,10,91.3359550995921
21,2013,11,91.3685678983619
21,2013,12,92.8966869178677
21,2014,1,92.0902890843873
21,2014,2,90.8623488375057
21,2014,3,92.0325109902473
21,2014,4,92.5956578222686
21,2014,5,92.7463990831932
21,2014,6,93.2648912784726
21,2014,7,92.977242175004
21,2014,8,94.8295000399097
21,2014,9,94.2068340755752
21,2014,10,95.3810844221628
21,2014,11,93.5670525320635
21,2014,12,95.4347956677325
21,2015,1,93.6120319386166
21,2015,2,95.1997444886384
21,2015,3,93.7666470137452
21,2015,4,94.7981006366824
21,2015,5,93.8180353856239
21,2015,6,94.6065151430162
21,2015,7,93.6090097068915
21,2015,8,95.2656614117778
21,2015,9,95.5486049401544
21,2015,10,95.5031713209582
21,2015,11,94.5174912783063
21,2015,12,92.8680803768875
21,2016,1,94.0948920029517
21,2016,2,93.4823708358129
21,2016,3,94.0542617203364
21,2016,4,96.3248934583695
21,2016,5,94.9389873282943
21,2016,6,94.6968106441396
21,2016,7,94.8921944167677
21,2016,8,95.4747261886182
21,2016,9,95.7437421385526
21,2016,10,95.0674809390271
21,2016,11,96.8173864430933
21,2016,12,94.9369795653141
21,2017,1,93.3480547677562
21,2017,2,94.6311093982083
21,2017,3,93.7187586159516
21,2017,4,94.4682516730345
21,2017,5,95.3151550560329
21,2017,6,92.8406933121455
21,2017,7,93.6040647676122
21,2017,8,94.6856667264325
21,2017,9,95.948463522245
21,2017,10,95.5685161564373
21,2017,11,96.7566284346051
21,2017,12,97.0619454652025
21,2018,1,96.4585749291746
21,2018,2,94.8297613888059
21,2018,3,95.4429307115056
21,2018,4,95.6040574595663
21,2018,5,95.351948833728
21,2018,6,94.5353464207278
21,2018,7,95.2334602195279
21,2018,8,96.7335194787781
21,2018,9,95.2292254310368
21,2018,10,95.4972322967493
21,2018,11,97.1652421755587
21,2018,12,95.9560939267648
21,2019,1,96.0126594647844
21,2019,2,95.9326996579663
21,2019,3,94.2389887059492
21,2019,4,95.4835658153261
21,2019,5,96.2184258049362
21,2019,6,93.8653256390736
21,2019,7,94.4223661678637
21,2019,8,95.808985543799
21,2019,9,96.9071706733233
21,2019,10,96.7521846975544
21,2019,11,95.7149754539961
21,2019,12,96.889003453184
22,1982,1,88.0944677147147
22,1982,2,88.9939987599093
22,1982,3,90.0852525328662
22,1982,4,91.314312395041
22,1982,5,90.4394030497043
22,1982,6,87.9397152566307
22,1982,7,89.1686928909153
22,1982,8,89.0828817921589
22,1982,9,89.9386382228585
22,1982,10,89.3665727648647
22,1982,11,90.1181250168245
22,1982,12,87.7700424873326
22,1983,1,86.3766517327774
22,1983,2,86.8647028727145
22,1983,3,87.8575987047374
22,1983,4,87.9107276505515
22,1983,5,87.1950253399517
22,1983,6,86.3343662604862
22,1983,7,86.8712099412146
22,1983,8,88.055512465168
22,1983,9,88.9977402290783
22,1983,10,90.6534149603336
22,1983,11,91.1668056285693
22,1983,12,91.038425047131
22,1984,1,89.3338818189646
22,1984,2,90.8043177705157
22,1984,3,90.955229801622
22,1984,4,89.4535559086314
22,1984,5,89.298573658445
22,1984,6,88.8448934283124
22,1984,7,89.7828660278423
22,1984,8,90.4499305452494
22,1984,9,90.2834069284573
22,1984,10,89.5468344949431
22,1984,11,90.098081695911
22,1984,12,88.742069978617
22,1985,1,87.9967676832818
22,1985,2,87.2786891479642
22,1985,3,88.4098631867361
22,1985,4,89.7394684725234
22,1985,5,88.8260346199762
22,1985,6,88.2266138798625
22,1985,7,88.3449742918703
22,1985,8,88.0096615553558
22,1985,9,89.5054308691975
22,1985,10,88.1868509250356
22,1985,11,87.410932823876
22,1985,12,87.4127597910171
22,1986,1,85.8547348630229
22,1986,2,86.6340646554329
22,1986,3,89.6878327160221
22,1986,4,88.8367223388358
22,1986,5,89.231718374259
22,1986,6,86.1083060471182
22,1986,7,87.8821070007752
22,1986,8,85.6889832523976
22,1986,9,84.1744571574962
22,1986,10,84.7999227932688
22,1986,11,84.9897719862845
22,1986,12,85.8134766837288
22,1987,1,86.8261227713796
22,1987,2,87.5016555130205
22,1987,3,87.4432321341455
22,1987,4,88.4625382571037
22,1987,5,88.1567846807784
22,1987,6,86.8422359252709
22,1987,7,88.1166367710157
22,1987,8,88.4672732775059
22,1987,9,88.3800518892457
22,1987,10,86.5006575579573
22,1987,11,88.6256305384971
22,1987,12,88.1619866748585
22,1988,1,86.6835112411297
22,1988,2,88.822997959157
22,1988,3,89.067276619867
22,1988,4,89.7220564429827
22,1988,5,88.8626096125929
22,1988,6,88.8334690150002
22,1988,7,88.6999400274492
22,1988,8,88.6469304099927
22,1988,9,88.3248891041856
22,1988,10,90.4228548131798
22,1988,11,90.5790221252119
22,1988,12,89.3638450643246
22,1989,1,88.2381892699689
22,1989,2,88.5161478164324
22,1989,3,91.4482047492965
22,1989,4,92.5817324283822
22,1989,5,92.2597394646079
22,1989,6,91.0547841220581
22,1989,7,91.0883194123584
22,1989,8,92.4476419229611
22,1989,9,92.5358385356635
22,1989,10,95.1776395380638
22,1989,11,93.5215800502183
22,1989,12,94.9495347671944
22,1990,1,92.7116613250926
22,1990,2,94.4819048694305
22,1990,3,93.8816210862827
22,1990,4,95.1562196556923
22,1990,5,96.0022364767497
22,1990,6,92.9294218061649
22,1990,7,94.5038890825929
22,1990,8,91.2752629048904
22,1990,9,91.3744424330129
22,1990,10,93.279739162642
22,1990,11,93.923413248793
22,1990,12,92.7749933272478
22,1991,1,92.609556548721
22,1991,2,92.6476629031746
22,1991,3,94.5068474368379
22,1991,4,93.1945580241852
22,1991,5,92.1406189958614
22,1991,6,91.2596080621727
22,1991,7,90.3641720489593
22,1991,8,90.8627919027799
22,1991,9,92.6666885992456
22,1991,10,93.4413877913062
22,1991,11,93.8625927922585
22,1991,12,94.2780457024858
22,1992,1,91.9160940537165
22,1992,2,91.6018693706085
22,1992,3,93.3441903630264
22,1992,4,92.3745438275291
22,1992,5,92.7919319478962
22,1992,6,91.0243153345965
22,1992,7,88.2888313037553
22,1992,8,89.7580319982645
22,1992,9,90.2082377731347
22,1992,10,91.8197006763679
22,1992,11,93.7890658246321
22,1992,12,92.7620572208174
22,1993,1,91.2177324101172
22,1993,2,92.8760292626399
22,1993,3,92.7046787265397
22,1993,4,92.8770753272649
22,1993,5,93.0868733654029
22,1993,6,92.0358341583265
22,1993,7,92.3138188594847
22,1993,8,92.1002097057515
22,1993,9,93.4410235441285
22,1993,10,92.0386572014739
22,1993,11,90.7035080700399
22,1993,12,93.2584858984349
22,1994,1,90.1608668793673
22,1994,2,92.1767004461779
22,1994,3,91.8671181441899
22,1994,4,91.7590418127714
22,1994,5,92.9330754259879
22,1994,6,90.7837559704222
22,1994,7,91.4728601948235
22,1994,8,91.4808921536525
22,1994,9,92.2592182032119
22,1994,10,90.9658911488197
22,1994,11,92.4901874834387
22,1994,12,93.1864228298255
22,1995,1,93.6249915537081
22,1995,2,93.2414613144567
22,1995,3,92.3231431493002
22,1995,4,91.9094319301457
22,1995,5,93.5818606368634
22,1995,6,91.4686515282563
22,1995,7,91.8917000167166
22,1995,8,93.3769911240592
22,1995,9,93.0215196350083
22,1995,10,93.3340290221271
22,1995,11,93.7012271744302
22,1995,12,94.2017048173115
22,1996,1,92.7760914384674
22,1996,2,93.1165926823036
22,1996,3,94.2442775288823
22,1996,4,93.5961261623094
22,1996,5,92.9289888253936
22,1996,6,92.2190287952503
22,1996,7,92.6409495162483
22,1996,8,92.9530756364485
22,1996,9,93.3945082529538
22,1996,10,92.0479615439708
22,1996,11,95.0369679999968
22,1996,12,94.3139581449099
22,1997,1,94.024859350761
22,1997,2,95.2912299339747
22,1997,3,93.3558968090432
22,1997,4,94.7597711748293
22,1997,5,92.2944048597151
22,1997,6,91.6219392213647
22,1997,7,91.2431353407934
22,1997,8,93.6177292188661
22,1997,9,94.302175188769
22,1997,10,93.8766068931839
22,1997,11,93.8191567702664
22,1997,12,94.6627891862993
22,1998,1,95.102497761372
22,1998,2,96.4217292099393
22,1998,3,95.42779683806
22,1998,4,93.4245194276378
22,1998,5,94.4715287802867
22,1998,6,92.8299970102692
22,1998,7,91.0138981678491
22,1998,8,92.1730157936568
22,1998,9,92.9513538492364
22,1998,10,95.7128293120667
22,1998,11,94.8878957835666
22,1998,12,95.5187943461563
22,1999,1,94.0795545875863
22,1999,2,94.1640056382782
22,1999,3,95.2874862798845
22,1999,4,95.0788973309967
22,1999,5,96.321826330941
22,1999,6,94.2907133892931
22,1999,7,93.3715273536395
22,1999,8,94.1239870632619
22,1999,9,94.1810277292147
22,1999,10,93.6056336800343
22,1999,11,95.9361409471278
22,1999,12,96.9135078698001
22,2000,1,93.5976666095213
22,2000,2,94.9276750358831
22,2000,3,93.6806504734006
22,2000,4,96.1869899585801
22,2000,5,94.6769117003153
22,2000,6,94.0745387384601
22,2000,7,94.4320983460881
22,2000,8,94.4016927961206
22,2000,9,94.4073661762315
22,2000,10,93.5970978240867
22,2000,11,92.8953665403806
22,2000,12,94.8252946061944
22,2001,1,93.0540507674497
22,2001,2,94.2850414030844
22,2001,3,94.3160558539221
22,2001,4,94.9340253890989
22,2001,5,94.4711372015709
22,2001,6,93.7334317126642
22,2001,7,94.1827794241872
22,2001,8,95.6624121623704
22,2001,9,92.7529810466197
22,2001,10,93.4228616655034
22,2001,11,92.526194227418
22,2001,12,92.3768745155807
22,2002,1,93.6748393731502
22,2002,2,94.4427182242013
22,2002,3,94.8419401085964
22,2002,4,94.7150475974893
22,2002,5,92.5832205309508
22,2002,6,92.8905811774758
22,2002,7,94.6286392209555
22,2002,8,93.4636417799725
22,2002,9,94.0336197244107
22,2002,10,94.3727975609749
22,2002,11,93.2025877740943
22,2002,12,93.5207218473144
22,2003,1,94.4620183688752
22,2003,2,94.3093159430835
22,2003,3,93.355662649993
22,2003,4,94.3443033744676
22,2003,5,93.3310245430834
22,2003,6,90.8503834479982
22,2003,7,90.3198908494263
22,2003,8,91.7475941408112
22,2003,9,94.9561588236226
22,2003,10,95.35278004611
22,2003,11,95.0404281756546
22,2003,12,94.0114189111915
22,2004,1,92.1408443260211
22,2004,2,94.6850689851101
22,2004,3,95.0170965057445
22,2004,4,93.8839523224709
22,2004,5,92.719291837424
22,2004,6,91.52205071338
22,2004,7,92.697751745256
22,2004,8,95.3668675234183
22,2004,9,94.512353819062
22,2004,10,93.901785221987
22,2004,11,94.218572851924
22,2004,12,94.1736688261671
22,2005,1,93.7833628425346
22,2005,2,93.8388262295677
22,2005,3,95.0335789672187
22,2005,4,95.284974368718
22,2005,5,94.2264543377731
22,2005,6,93.3402245506436
22,2005,7,93.7565694557331
22,2005,8,93.7272954222127
22,2005,9,93.4361329009493
22,2005,10,93.4255124007667
22,2005,11,92.8881586520009
22,2005,12,94.9027553651439
22,2006,1,94.9966518879529
22,2006,2,96.4470825095857
22,2006,3,94.1388525144777
22,2006,4,95.7345280035752
22,2006,5,94.340693545442
22,2006,6,94.8754057199716
22,2006,7,97.4569234929656
22,2006,8,95.277851241479
22,2006,9,95.4839417474997
22,2006,10,94.4370709363025
22,2006,11,94.3503268802507
22,2006,12,95.6670709969546
22,2007,1,95.4308579601367
22,2007,2,95.7086412907847
22,2007,3,95.4797401830799
22,2007,4,95.0204594569564
22,2007,5,93.9262928102693
22,2007,6,95.358150066379
22,2007,7,95.6857923837493
22,2007,8,95.493642360206
22,2007,9,94.649711318207
22,2007,10,96.8079589385295
22,2007,11,95.9739361591466
22,2007,12,95.0770272923516
22,2008,1,95.4060990258391
22,2008,2,96.0885635394546
22,2008,3,93.8764775262359
22,2008,4,96.0848369571271
22,2008,5,96.7587835950941
22,2008,6,95.4385784560708
22,2008,7,95.7938584519324
22,2008,8,94.3486728411812
22,2008,9,93.9162265338139
22,2008,10,93.3946075102896
22,2008,11,94.9943873330553
22,2008,12,94.0036595316058
22,2009,1,95.2208654535756
22,2009,2,93.5499408558474
22,2009,3,93.4490342861042
22,2009,4,92.7781362514472
22,2009,5,92.5450897379016
22,2009,6,91.2327182435324
22,2009,7,91.673793550263
22,2009,8,91.2302858463664
22,2009,9,92.9628911522861
22,2009,10,93.8092158469662
22,2009,11,94.6701470926166
22,2009,12,91.8058603029608
22,2010,1,91.3853545471013
22,2010,2,93.653770449676
22,2010,3,94.2293695283515
22,2010,4,93.2498677009659
22,2010,5,91.2735201143037
22,2010,6,90.0905175455353
22,2010,7,91.8037548140823
22,2010,8,90.0687937861565
22,2010,9,91.3871108815673
22,2010,10,90.6311339073578
22,2010,11,92.2341969018626
22,2010,12,93.4595224596721
22,2011,1,90.7403693626902
22,2011,2,91.049568769226
22,2011,3,90.7022960911274
22,2011,4,92.7528403467629
22,2011,5,92.0289700709742
22,2011,6,93.436299591094
22,2011,7,91.797241555036
22,2011,8,92.5557459228285
22,2011,9,92.9620780776441
22,2011,10,91.201780809599
22,2011,11,92.2969141967195
22,2011,12,92.3826043570421
22,2012,1,91.2262420340986
22,2012,2,92.2580947016984
22,2012,3,91.9698917839132
22,2012,4,93.288701552308
22,2012,5,92.7601140812976
22,2012,6,90.5606140971905
22,2012,7,92.2784943696221
22,2012,8,93.2399111967316
22,2012,9,94.2447097408911
22,2012,10,94.0885104913721
22,2012,11,95.9336523555748
22,2012,12,92.7871493508956
22,2013,1,89.8266438461405
22,2013,2,93.0264219651723
22,2013,3,91.9444864329195
22,2013,4,92.0520050915335
22,2013,5,92.4304180882163
22,2013,6,92.4334081352317
22,2013,7,93.0893699602131
22,2013,8,92.6965545402938
22,2013,9,93.9466724675503
22,2013,10,94.1006531623876
22,2013,11,94.0154603179159
22,2013,12,96.1124717073737
22,2014,1,95.5334533155598
22,2014,2,95.3990146872946
22,2014,3,94.5441913131001
22,2014,4,94.2502633257775
22,2014,5,92.7434782434825
22,2014,6,94.0682338425943
22,2014,7,91.6912624468388
22,2014,8,92.2805382000548
22,2014,9,92.8626994684206
22,2014,10,92.989956459995
22,2014,11,92.0391133825977
22,2014,12,93.5074333584131
22,2015,1,93.7789085389086
22,2015,2,93.2700126429476
22,2015,3,93.3423290127001
22,2015,4,93.5367538452102
22,2015,5,94.2544911317991
22,2015,6,93.5514810752359
22,2015,7,93.6508340029912
22,2015,8,93.6700351832823
22,2015,9,93.2841296362635
22,2015,10,93.4905354674653
22,2015,11,94.978161843606
22,2015,12,95.570260786605
22,2016,1,92.6854435685315
22,2016,2,93.7620554508998
22,2016,3,93.6461760589088
22,2016,4,93.9458495608997
22,2016,5,93.9682884193637
22,2016,6,93.0840339449936
22,2016,7,92.8425321265116
22,2016,8,93.357534384793
22,2016,9,93.0464166895444
22,2016,10,94.6695509874258
22,2016,11,94.2148546791622
22,2016,12,94.9768328007012
22,2017,1,94.2868631907405
22,2017,2,94.6198334997701
22,2017,3,94.558314801315
22,2017,4,93.4587078771324
22,2017,5,95.1635646799193
22,2017,6,94.9515989445302
22,2017,7,94.1371489002558
22,2017,8,94.8119268180771
22,2017,9,94.8331590182899
22,2017,10,96.4999147692415
22,2017,11,95.8612905897811
22,2017,12,96.3245839439548
22,2018,1,96.3254863914385
22,2018,2,95.5594182032668
22,2018,3,95.3529946777102
22,2018,4,95.235676993936
22,2018,5,94.5744405306659
22,2018,6,92.8303214688385
22,2018,7,93.2267576618851
22,2018,8,94.5177551879313
22,2018,9,95.3797121743963
22,2018,10,95.2542289044217
22,2018,11,95.415215502035
22,2018,12,96.2625933924569
22,2019,1,95.413546118518
22,2019,2,95.6845452153412
22,2019,3,96.8162795875189
22,2019,4,96.7239548974934
22,2019,5,95.46922950027
22,2019,6,94.0350080851232
22,2019,7,94.3678206609931
22,2019,8,94.7359849759229
22,2019,9,95.2104480984603
22,2019,10,94.4748964714197
22,2019,11,94.5080596678543
22,2019,12,95.1149353702309
23,1982,1,90.0213874123189
23,1982,2,89.3719680018914
23,1982,3,87.9801823133636
23,1982,4,89.2915017630199
23,1982,5,89.0149745168149
23,1982,6,92.2781674083029
23,1982,7,92.5573319385826
23,1982,8,93.6321865086724
23,1982,9,93.4378403276499
23,1982,10,92.3882154356481
23,1982,11,91.2752318050007
23,1982,12,91.2178002490636
23,1983,1,89.2764650140653
23,1983,2,88.2444935770883
23,1983,3,90.7634874507487
23,1983,4,89.8892682245777
23,1983,5,90.8344709521411
23,1983,6,90.8647222090069
23,1983,7,90.8518548872611
23,1983,8,91.9158955836748
23,1983,9,92.1332021292879
23,1983,10,92.1460152478509
23,1983,11,93.2804371904912
23,1983,12,93.3176174775986
23,1984,1,92.1160455615435
23,1984,2,91.3871424802369
23,1984,3,92.0658240451442
23,1984,4,92.6524772170322
23,1984,5,94.3092326060585
23,1984,6,95.0595541281385
23,1984,7,93.6667315003879
23,1984,8,94.1623232131791
23,1984,9,95.9979239995692
23,1984,10,95.3562414724351
23,1984,11,93.7913844638523
23,1984,12,95.3382828062305
23,1985,1,93.0234075481584
23,1985,2,92.7189640255841
23,1985,3,93.3676858999113
23,1985,4,93.1704432694007
23,1985,5,94.4736515591239
23,1985,6,95.9139389236565
23,1985,7,94.637686657937
23,1985,8,95.9863494924415
23,1985,9,95.4575441420884
23,1985,10,95.2882305268461
23,1985,11,92.7079481819441
23,1985,12,93.5940223589207
23,1986,1,92.7807079057903
23,1986,2,93.9506063049895
23,1986,3,94.1863212071016
23,1986,4,94.8545376033915
23,1986,5,94.3670829579063
23,1986,6,95.2547789407017
23,1986,7,95.153542109965
23,1986,8,94.8773170173161
23,1986,9,95.3528398770841
23,1986,10,96.3885915721185
23,1986,11,95.144149117373
23,1986,12,95.4023105167558
23,1987,1,93.3844396401806
23,1987,2,94.6118571246154
23,1987,3,94.7744023972322
23,1987,4,95.2671373786075
23,1987,5,96.2933633656483
23,1987,6,95.1422629304911
23,1987,7,97.0251908943425
23,1987,8,97.4716295827504
23,1987,9,95.7319362446025
23,1987,10,96.3512624812015
23,1987,11,96.206753811536
23,1987,12,96.3821263804692
23,1988,1,94.3284376705301
23,1988,2,95.2147103092128
23,1988,3,95.0834872019002
23,1988,4,96.6428604526889
23,1988,5,95.8121132785432
23,1988,6,97.0062367115295
23,1988,7,96.6671869531862
23,1988,8,97.511875641547
23,1988,9,96.723644760093
23,1988,10,96.2862231355865
23,1988,11,96.0729302097178
23,1988,12,96.1835194243842
23,1989,1,95.685281807255
23,1989,2,96.2845301412047
23,1989,3,96.0154316804654
23,1989,4,95.3997045301947
23,1989,5,96.0019299903355
23,1989,6,95.1677848253696
23,1989,7,96.2660181996765
23,1989,8,96.056615668706
23,1989,9,96.7966593749706
23,1989,10,95.2791878865391
23,1989,11,94.5772290437334
23,1989,12,95.8464967845921
23,1990,1,95.5311664379014
23,1990,2,94.3635836204376
23,1990,3,93.567020562068
23,1990,4,95.9690319845716
23,1990,5,95.9172792614362
23,1990,6,95.6808196055398
23,1990,7,95.3218721207571
23,1990,8,94.3501504591357
23,1990,9,95.3668747371905
23,1990,10,93.836391485115
23,1990,11,91.6886994067382
23,1990,12,92.3982645200334
23,1991,1,90.5272413444386
23,1991,2,90.6424552862999
23,1991,3,90.9743595647398
23,1991,4,90.2536483178948
23,1991,5,91.457420121085
23,1991,6,92.1200080975478
23,1991,7,93.0271049235047
23,1991,8,94.5360324762278
23,1991,9,93.6892163576928
23,1991,10,95.1340552870954
23,1991,11,93.9406400672941
23,1991,12,92.2838040206863
23,1992,1,90.2955751139304
23,1992,2,89.6346135971826
23,1992,3,91.2805440736315
23,1992,4,91.2674309832555
23,1992,5,94.7723224122406
23,1992,6,92.6776105526546
23,1992,7,94.2567949264894
23,1992,8,93.6243670505661
23,1992,9,93.5852271588586
23,1992,10,93.78684111816
23,1992,11,91.6036018169931
23,1992,12,93.3147584898533
23,1993,1,89.6490225539486
23,1993,2,89.9539028112893
23,1993,3,89.9114995163325
23,1993,4,91.5504376218257
23,1993,5,92.4313289066082
23,1993,6,91.5635165783134
23,1993,7,94.2163073962146
23,1993,8,94.0821960169521
23,1993,9,94.3771784208786
23,1993,10,93.5402296386207
23,1993,11,91.0024009573594
23,1993,12,91.6699740427997
23,1994,1,88.60549949487
23,1994,2,91.6669429661332
23,1994,3,91.4891649743707
23,1994,4,92.6839620860788
23,1994,5,93.9274161936004
23,1994,6,92.528061767159
23,1994,7,93.2425928399799
23,1994,8,94.6614461961113
23,1994,9,93.4621443039361
23,1994,10,92.9044083867439
23,1994,11,93.1390215040605
23,1994,12,92.5234684621277
23,1995,1,94.6860629290808
23,1995,2,92.235456677912
23,1995,3,93.2312870961317
23,1995,4,91.8029431447778
23,1995,5,92.9900669168953
23,1995,6,94.714477575174
23,1995,7,95.1445243021483
23,1995,8,95.0150810547115
23,1995,9,94.7720510931313
23,1995,10,94.9970121552833
23,1995,11,94.9828689016108
23,1995,12,95.8769517686169
23,1996,1,93.1897816040545
23,1996,2,93.32489087423
23,1996,3,93.5444642161002
23,1996,4,93.7017989594049
23,1996,5,93.5429556233302
23,1996,6,94.9362596819554
23,1996,7,95.4055026307407
23,1996,8,95.5518584975257
23,1996,9,96.3126742406023
23,1996,10,96.2709860269694
23,1996,11,97.2747520630664
23,1996,12,95.7036045478974
23,1997,1,93.8357726805415
23,1997,2,93.954808194577
23,1997,3,94.0490319644548
23,1997,4,93.6713552019105
23,1997,5,94.0551033947465
23,1997,6,94.675039899643
23,1997,7,94.3898885207049
23,1997,8,96.3061920489599
23,1997,9,96.0314422174687
23,1997,10,95.2263665277774
23,1997,11,95.6300202389998
23,1997,12,93.3780998630695
23,1998,1,94.2541033380177
23,1998,2,93.438421942253
23,1998,3,95.5550749731802
23,1998,4,95.7566532098068
23,1998,5,97.0036746695001
23,1998,6,95.9457819109091
23,1998,7,94.740526231294
23,1998,8,96.9867289975578
23,1998,9,96.3217363801309
23,1998,10,95.4068048115607
23,1998,11,95.1035632821628
23,1998,12,96.6434334742942
23,1999,1,94.4634869979504
23,1999,2,95.5795835710828
23,1999,3,95.4823396928615
23,1999,4,95.0066504083124
23,1999,5,95.2287575798527
23,1999,6,94.758783119133
23,1999,7,96.225619812721
23,1999,8,97.1137587815214
23,1999,9,97.5598690591817
23,1999,10,96.4602559148714
23,1999,11,97.060513191034
23,1999,12,96.4887012253555
23,2000,1,93.9935108771375
23,2000,2,95.3600481429625
23,2000,3,94.6918575561116
23,2000,4,96.7064621575423
23,2000,5,96.1617276355137
23,2000,6,96.3291592673683
23,2000,7,96.417328065333
23,2000,8,97.4639987689682
23,2000,9,97.0191299234422
23,2000,10,96.8884183333882
23,2000,11,97.9968966454134
23,2000,12,96.8313811407947
23,2001,1,96.1693177077927
23,2001,2,95.5545108521051
23,2001,3,96.9785680408128
23,2001,4,94.6725615948287
23,2001,5,94.1916829835858
23,2001,6,95.7211415229271
23,2001,7,96.1590899473744
23,2001,8,96.3410062278314
23,2001,9,95.5850795006029
23,2001,10,96.2434288276497
23,2001,11,96.3290249544418
23,2001,12,96.7280428488594
23,2002,1,95.3504366098039
23,2002,2,94.6476612888707
23,2002,3,95.0260838271591
23,2002,4,95.6340799558083
23,2002,5,96.4882773010998
23,2002,6,95.2725224512943
23,2002,7,96.0797392206336
23,2002,8,97.0097686064985
23,2002,9,96.020918053794
23,2002,10,96.0215461441543
23,2002,11,95.2378807787345
23,2002,12,94.6327342411448
23,2003,1,94.351036450815
23,2003,2,94.4122673444695
23,2003,3,94.5514546405187
23,2003,4,93.7375824922886
23,2003,5,95.1773963704273
23,2003,6,95.3298076335442
23,2003,7,94.7365484333933
23,2003,8,96.0328853869024
23,2003,9,94.9058441254861
23,2003,10,94.7384395790045
23,2003,11,95.0401777690854
23,2003,12,94.9041743633462
23,2004,1,94.1804123942614
23,2004,2,93.7732191720932
23,2004,3,94.3004753534835
23,2004,4,96.3541417377553
23,2004,5,96.4527317970263
23,2004,6,96.1853788515539
23,2004,7,96.3616255866707
23,2004,8,95.4883627404579
23,2004,9,95.0666475331177
23,2004,10,95.3136388857794
23,2004,11,95.2917076830085
23,2004,12,95.2582094914018
23,2005,1,95.1607873230165
23,2005,2,93.8596542363219
23,2005,3,93.8341495858424
23,2005,4,94.2230692784715
23,2005,5,94.8201322471152
23,2005,6,96.1400592701553
23,2005,7,94.7414777626204
23,2005,8,95.4249718403927
23,2005,9,94.5664042971148
23,2005,10,95.3736552205787
23,2005,11,95.873264075133
23,2005,12,95.7772018208459
23,2006,1,95.1217360250356
23,2006,2,95.1475458450252
23,2006,3,95.8652423335003
23,2006,4,95.9943517175042
23,2006,5,95.438324471677
23,2006,6,94.8873969042189
23,2006,7,94.876713622617
23,2006,8,95.8216168243931
23,2006,9,95.7344781152594
23,2006,10,95.6463161189858
23,2006,11,95.9571285023226
23,2006,12,95.9685776115397
23,2007,1,95.571573474993
23,2007,2,94.6347484127637
23,2007,3,94.6005057763182
23,2007,4,95.8301507824368
23,2007,5,95.3375971557785
23,2007,6,95.6927614496903
23,2007,7,94.439390022641
23,2007,8,95.2088584713068
23,2007,9,95.2787773914776
23,2007,10,95.1500077931545
23,2007,11,95.2477019438883
23,2007,12,95.0864774435001
23,2008,1,94.7945523836702
23,2008,2,95.0143672754013
23,2008,3,94.2190060799919
23,2008,4,95.6817250584932
23,2008,5,94.4792809285738
23,2008,6,95.2399151817617
23,2008,7,94.8257649850446
23,2008,8,95.6245818187225
23,2008,9,95.1780335431356
23,2008,10,94.6214292638917
23,2008,11,93.0056514910219
23,2008,12,92.6592806106767
23,2009,1,90.8754377143313
23,2009,2,91.4840751857156
23,2009,3,91.3473283138379
23,2009,4,92.0098989876336
23,2009,5,90.9168079075714
23,2009,6,91.0659364733691
23,2009,7,91.6492433338817
23,2009,8,91.8948258256767
23,2009,9,92.1610897854034
23,2009,10,93.004524674895
23,2009,11,92.9307549592366
23,2009,12,92.3075859840726
23,2010,1,90.8384571348525
23,2010,2,90.374651202665
23,2010,3,91.1050631876333
23,2010,4,90.9052421225445
23,2010,5,90.9595015147536
23,2010,6,91.237950391585
23,2010,7,90.6096667608624
23,2010,8,93.4301787703047
23,2010,9,94.0025952844028
23,2010,10,93.2952702266126
23,2010,11,92.4787346698652
23,2010,12,91.4149212065942
23,2011,1,90.1946177581092
23,2011,2,90.1991141101814
23,2011,3,88.9050184016835
23,2011,4,91.4543667263277
23,2011,5,90.9432301225754
23,2011,6,92.5852623485686
23,2011,7,93.340217494373
23,2011,8,93.5157612597244
23,2011,9,92.5961149542206
23,2011,10,93.3523858429086
23,2011,11,93.1471578156266
23,2011,12,92.6404969033789
23,2012,1,91.5180863376114
23,2012,2,90.3421252965441
23,2012,3,88.9593553872134
23,2012,4,91.5479803935214
23,2012,5,90.4151402731735
23,2012,6,93.0699166921905
23,2012,7,92.7173501574336
23,2012,8,93.0881966372686
23,2012,9,93.6515529188396
23,2012,10,94.1893923089734
23,2012,11,93.4174529807328
23,2012,12,92.8498227636513
23,2013,1,91.6292477756802
23,2013,2,91.5290929067171
23,2013,3,92.7956981116222
23,2013,4,92.9889621095045
23,2013,5,92.9026381319319
23,2013,6,93.3093936738568
23,2013,7,93.033397604481
23,2013,8,92.7654539222101
23,2013,9,94.784146160684
23,2013,10,95.5503713959765
23,2013,11,93.9395232428274
23,2013,12,93.4124425319469
23,2014,1,92.9592262717184
23,2014,2,93.5942456491352
23,2014,3,94.0115249640516
23,2014,4,94.0544299303102
23,2014,5,93.4079657611294
23,2014,6,95.4522469824121
23,2014,7,95.1005516263852
23,2014,8,93.5056587267898
23,2014,9,94.6243181949659
23,2014,10,94.7121141751011
23,2014,11,95.0138673354949
23,2014,12,95.5779429463911
23,2015,1,94.2260917157316
23,2015,2,92.9908740451383
23,2015,3,94.5300809494857
23,2015,4,95.6158015868974
23,2015,5,95.4572987536462
23,2015,6,95.0508190455767
23,2015,7,97.1026329229674
23,2015,8,95.7303374408251
23,2015,9,96.0054647654332
23,2015,10,96.4868897703985
23,2015,11,95.8798314983826
23,2015,12,96.7559518115684
23,2016,1,95.1816744286139
23,2016,2,96.1887880374342
23,2016,3,95.7291070000908
23,2016,4,95.7711819042998
23,2016,5,96.1564544786528
23,2016,6,95.9479896796499
23,2016,7,95.819015070572
23,2016,8,96.6877453393125
23,2016,9,96.2957025752728
23,2016,10,96.1178191486441
23,2016,11,94.5634576221203
23,2016,12,96.826357967412
23,2017,1,95.6781299317599
23,2017,2,97.0213412164446
23,2017,3,96.3989329704436
23,2017,4,96.4113806807643
23,2017,5,95.2512178022113
23,2017,6,95.5883587147927
23,2017,7,96.5393678055843
23,2017,8,96.5902645101518
23,2017,9,97.4308789099658
23,2017,10,97.2406615970958
23,2017,11,97.7431503205554
23,2017,12,97.3829375942318
23,2018,1,95.5447722344069
23,2018,2,97.4616806151297
23,2018,3,96.5669495550671
23,2018,4,95.2981656534089
23,2018,5,96.6029805138505
23,2018,6,96.3713465219553
23,2018,7,96.1300832662199
23,2018,8,96.6282162200263
23,2018,9,97.2442344694802
23,2018,10,96.4324069955014
23,2018,11,96.8460867540668
23,2018,12,96.5109912497626
23,2019,1,95.8728101826949
23,2019,2,97.4110892274227
23,2019,3,95.8422381294174
23,2019,4,94.9864747816097
23,2019,5,94.904750757563
23,2019,6,97.4976941084853
23,2019,7,98.0387037340757
23,2019,8,96.8594275904817
23,2019,9,96.8950171508134
23,2019,10,97.2427325675256
23,2019,11,97.4921727351415
23,2019,12,95.8923720147752
24,1982,1,91.2273968695315
24,1982,2,90.0474429328036
24,1982,3,90.5175239292162
24,1982,4,91.6582056507705
24,1982,5,90.6913934006345
24,1982,6,92.5330229242503
24,1982,7,93.7258267591866
24,1982,8,92.0048009625349
24,1982,9,92.0784885885512
24,1982,10,92.7714519680217
24,1982,11,91.3618744667383
24,1982,12,91.3728640964761
24,1983,1,90.787758240122
24,1983,2,90.4811475861897
24,1983,3,92.1520997273714
24,1983,4,93.6875048804038
24,1983,5,93.4710515657512
24,1983,6,92.6205436562622
24,1983,7,93.4297063714658
24,1983,8,92.9067682963314
24,1983,9,93.6523673657743
24,1983,10,93.6076886063799
24,1983,11,93.3713705654418
24,1983,12,93.3880608609082
24,1984,1,94.1784876468182
24,1984,2,94.1278081350373
24,1984,3,95.311574381064
24,1984,4,94.1853478638613
24,1984,5,93.973076305519
24,1984,6,93.6680097223923
24,1984,7,94.1824433552458
24,1984,8,94.2193654153421
24,1984,9,95.4798892556639
24,1984,10,95.3045959444535
24,1984,11,94.3676113954334
24,1984,12,94.8926741792533
24,1985,1,94.4264675386531
24,1985,2,95.4212447245865
24,1985,3,96.1704550230281
24,1985,4,95.3536793308611
24,1985,5,95.0428598897611
24,1985,6,94.9136382371015
24,1985,7,94.8641845977255
24,1985,8,95.8141729825769
24,1985,9,95.177848196664
24,1985,10,96.0357755633857
24,1985,11,95.1066114676249
24,1985,12,95.6746487964782
24,1986,1,96.8188654307368
24,1986,2,95.3721439311147
24,1986,3,95.4598724441085
24,1986,4,95.6643641050486
24,1986,5,95.7728794405894
24,1986,6,94.2155063569122
24,1986,7,95.0317012336362
24,1986,8,96.0728033200532
24,1986,9,95.1761407709882
24,1986,10,94.5474580697785
24,1986,11,94.7934908183583
24,1986,12,95.4996315323605
24,1987,1,95.0121312276184
24,1987,2,95.0731692093655
24,1987,3,95.7495963906567
24,1987,4,96.078080106723
24,1987,5,95.3177793521803
24,1987,6,94.4939143482023
24,1987,7,95.5384519509036
24,1987,8,96.6574392880076
24,1987,9,95.6034106794491
24,1987,10,95.6419828807958
24,1987,11,96.2202316220936
24,1987,12,96.1672748454488
24,1988,1,94.7467953944481
24,1988,2,94.6537873999223
24,1988,3,95.8868469710678
24,1988,4,96.3991762324545
24,1988,5,95.8774495934636
24,1988,6,95.7437177614746
24,1988,7,95.452118477685
24,1988,8,95.4860514246616
24,1988,9,93.9274120064285
24,1988,10,94.884809122888
24,1988,11,96.8743919426444
24,1988,12,97.459980981093
24,1989,1,96.7795057069036
24,1989,2,95.0117964963585
24,1989,3,95.2140180339182
24,1989,4,95.6258034864101
24,1989,5,95.5807754565435
24,1989,6,95.1866042178388
24,1989,7,96.5839502423855
24,1989,8,95.9995412898048
24,1989,9,96.1949038653144
24,1989,10,97.0417057293605
24,1989,11,96.7980439405245
24,1989,12,97.169629129759
24,1990,1,94.8871277594168
24,1990,2,95.7889224258243
24,1990,3,96.94232371684
24,1990,4,96.1375338639085
24,1990,5,97.0840768598181
24,1990,6,95.5829922178985
24,1990,7,94.1813079254782
24,1990,8,94.4408189754388
24,1990,9,95.0147284699152
24,1990,10,94.6742573587104
24,1990,11,93.6342762604508
24,1990,12,92.5867288335251
24,1991,1,93.7278453682178
24,1991,2,93.4644571696647
24,1991,3,94.2105400749074
24,1991,4,94.7624425362882
24,1991,5,94.341020506061
24,1991,6,94.7329918250637
24,1991,7,94.6767828934482
24,1991,8,94.3309571214205
24,1991,9,94.9957968247447
24,1991,10,93.3873007187959
24,1991,11,92.5470219952309
24,1991,12,91.2109323647745
24,1992,1,92.6831994834521
24,1992,2,92.0920007433962
24,1992,3,92.6575924581977
24,1992,4,93.5896389607403
24,1992,5,93.2702515436837
24,1992,6,93.4542620513111
24,1992,7,94.1972843820921
24,1992,8,93.0502993018466
24,1992,9,93.032543017472
24,1992,10,93.2883649369538
24,1992,11,93.5841573351036
24,1992,12,94.2638216048786
24,1993,1,94.4178189770671
24,1993,2,92.6867091998567
24,1993,3,93.3762563255783
24,1993,4,92.8302188037483
24,1993,5,93.7361370840413
24,1993,6,91.6772861191387
24,1993,7,92.8889512112188
24,1993,8,92.4313528570909
24,1993,9,93.5255400395221
24,1993,10,93.4760448642071
24,1993,11,95.1102334130735
24,1993,12,94.7835074163439
24,1994,1,93.5692313900328
24,1994,2,93.8268608661048
24,1994,3,94.5672161611955
24,1994,4,94.3031186118783
24,1994,5,94.4899727908918
24,1994,6,94.918529274399
24,1994,7,94.3656951936911
24,1994,8,95.3998363218737
24,1994,9,95.4602009665274
24,1994,10,95.6389032603059
24,1994,11,95.3160782163082
24,1994,12,95.7509427179794
24,1995,1,93.1955702509218
24,1995,2,94.2366461882438
24,1995,3,93.4604266687033
24,1995,4,94.6904809798933
24,1995,5,94.7258439910865
24,1995,6,93.9950159545342
24,1995,7,94.051187866749
24,1995,8,94.8638632172812
24,1995,9,95.3102522342749
24,1995,10,95.9902317428585
24,1995,11,94.6153853188599
24,1995,12,95.6543822277967
24,1996,1,95.601339167621
24,1996,2,94.2178920312392
24,1996,3,92.8544916864467
24,1996,4,93.7887328004208
24,1996,5,94.1724709210661
24,1996,6,95.109695769416
24,1996,7,95.4400263122956
24,1996,8,96.0320624148935
24,1996,9,95.1946168886119
24,1996,10,96.1737774853046
24,1996,11,96.1084408549981
24,1996,12,95.4630548836889
24,1997,1,92.5835260414183
24,1997,2,93.9875525706545
24,1997,3,94.4054087390747
24,1997,4,94.1545144107607
24,1997,5,95.0746878560869
24,1997,6,94.4385047923231
24,1997,7,95.2153187901137
24,1997,8,96.162635392503
24,1997,9,95.3944253904181
24,1997,10,94.3227020744843
24,1997,11,94.8142532226376
24,1997,12,94.5825401074296
24,1998,1,92.9505798456139
24,1998,2,93.3616202177468
24,1998,3,95.6774153437348
24,1998,4,96.4081090617849
24,1998,5,95.3262607386332
24,1998,6,94.9781307536369
24,1998,7,94.4994420971841
24,1998,8,94.3153893953162
24,1998,9,96.4620159131013
24,1998,10,96.5439760002947
24,1998,11,94.9068889795087
24,1998,12,97.368504346178
24,1999,1,96.0531133220311
24,1999,2,94.4121968204481
24,1999,3,96.5396112009464
24,1999,4,95.3694581603157
24,1999,5,96.4238406547297
24,1999,6,95.9512260554098
24,1999,7,94.8645668066212
24,1999,8,96.7032917746378
24,1999,9,97.521525227935
24,1999,10,97.0138088478733
24,1999,11,97.1778551178628
24,1999,12,97.4575227575283
24,2000,1,95.6740244311028
24,2000,2,97.006673066397
24,2000,3,96.0165162415063
24,2000,4,96.2809218910777
24,2000,5,94.953850779451
24,2000,6,96.1260297764291
24,2000,7,96.3758758583167
24,2000,8,96.052458836563
24,2000,9,96.4730893353653
24,2000,10,96.1876562050804
24,2000,11,96.5825355579393
24,2000,12,96.1045442947352
24,2001,1,95.4377873420222
24,2001,2,95.4980551330045
24,2001,3,97.0090410272348
24,2001,4,97.0097868874511
24,2001,5,96.9567034640354
24,2001,6,96.1797330367068
24,2001,7,95.8246397648943
24,2001,8,95.7121584468276
24,2001,9,95.244924896735
24,2001,10,94.7338140520143
24,2001,11,96.0777559804759
24,2001,12,94.9692804734154
24,2002,1,94.1692048528997
24,2002,2,94.3830357094319
24,2002,3,95.0182859771959
24,2002,4,95.2931734197325
24,2002,5,96.4236796809104
24,2002,6,95.9000657797523
24,2002,7,95.5203022288044
24,2002,8,95.0873138253099
24,2002,9,96.3473200263784
24,2002,10,96.6664743905705
24,2002,11,95.4374128028323
24,2002,12,95.7062734555563
24,2003,1,94.9186165972709
24,2003,2,95.3332421665216
24,2003,3,95.5474668171369
24,2003,4,95.5667250107899
24,2003,5,94.7791662782124
24,2003,6,96.170589223167
24,2003,7,94.8417934125113
24,2003,8,96.2767423594041
24,2003,9,95.7761832821662
24,2003,10,96.3289878334408
24,2003,11,95.2167228045365
24,2003,12,95.2587928919597
24,2004,1,94.7921642887827
24,2004,2,95.9078197476468
24,2004,3,95.6137120282372
24,2004,4,96.0358722775411
24,2004,5,96.2926037182561
24,2004,6,96.0025264304868
24,2004,7,95.045266578695
24,2004,8,95.2722002142802
24,2004,9,96.0497342304171
24,2004,10,96.1428426058218
24,2004,11,95.9738622908628
24,2004,12,95.9034165016488
24,2005,1,94.8860361229746
24,2005,2,95.4752496591822
24,2005,3,94.9470170810858
24,2005,4,95.6615680278827
24,2005,5,96.0545404333101
24,2005,6,95.9648056582704
24,2005,7,95.2554554150303
24,2005,8,95.3906279312068
24,2005,9,97.0952619417343
24,2005,10,96.5916359508589
24,2005,11,95.8538137171864
24,2005,12,96.8010330298439
24,2006,1,95.9986578351843
24,2006,2,96.5481453770612
24,2006,3,96.6154642153349
24,2006,4,96.6626477177923
24,2006,5,95.7667018983834
24,2006,6,94.5787054418496
24,2006,7,94.4109705573687
24,2006,8,95.6151109774943
24,2006,9,96.1411494013553
24,2006,10,96.3115161329518
24,2006,11,96.4275513036664
24,2006,12,96.7358218034485
24,2007,1,95.7520596896148
24,2007,2,95.7982887619768
24,2007,3,96.7990004397446
24,2007,4,96.8857321013223
24,2007,5,96.8135726061423
24,2007,6,95.4573448398983
24,2007,7,95.9957719366829
24,2007,8,96.7087750942035
24,2007,9,96.0833786729875
24,2007,10,95.8161818924753
24,2007,11,97.212006497033
24,2007,12,96.9082221100299
24,2008,1,96.891462372403
24,2008,2,96.3807383616052
24,2008,3,96.5491113655713
24,2008,4,96.4267064825474
24,2008,5,95.9043808890768
24,2008,6,95.5915618012901
24,2008,7,95.2351474051296
24,2008,8,95.6059613521159
24,2008,9,95.4574860025824
24,2008,10,94.319603028539
24,2008,11,94.561668084186
24,2008,12,94.4312692161424
24,2009,1,93.7044705008584
24,2009,2,92.2981949290963
24,2009,3,93.0601777153954
24,2009,4,93.4892877493874
24,2009,5,92.7624361210175
24,2009,6,93.0297643054968
24,2009,7,93.1625795788111
24,2009,8,92.7233927772427
24,2009,9,92.5224130111695
24,2009,10,91.9196228093014
24,2009,11,91.9138738168342
24,2009,12,92.6463772756697
24,2010,1,90.3118460786312
24,2010,2,92.2581585973978
24,2010,3,92.3036347317596
24,2010,4,92.9150050910631
24,2010,5,92.6905933975043
24,2010,6,92.2566045185998
24,2010,7,91.7965556396348
24,2010,8,91.2180811184884
24,2010,9,92.0829275222403
24,2010,10,93.5290245853694
24,2010,11,92.4353564248068
24,2010,12,92.5282369877824
24,2011,1,93.13005471675
24,2011,2,93.1462849522449
24,2011,3,92.6218342505862
24,2011,4,93.1332417678478
24,2011,5,92.4800098798427
24,2011,6,92.024162949358
24,2011,7,92.041169552644
24,2011,8,92.0525497381367
24,2011,9,92.3223194327292
24,2011,10,93.6303063899071
24,2011,11,94.6303266178339
24,2011,12,93.74599073891
24,2012,1,92.3292811384254
24,2012,2,91.6435572080554
24,2012,3,92.46938965599
24,2012,4,92.9844338368771
24,2012,5,93.6067437631704
24,2012,6,92.7472858013511
24,2012,7,93.3716450167499
24,2012,8,92.6511105447863
24,2012,9,93.676864213331
24,2012,10,93.829161727134
24,2012,11,92.8599031873686
24,2012,12,93.3695769521607
24,2013,1,93.1700888705211
24,2013,2,93.063821302944
24,2013,3,92.6048657065286
24,2013,4,92.9683041073487
24,2013,5,92.4788364403018
24,2013,6,92.0249044310657
24,2013,7,93.3184492850172
24,2013,8,93.6790544723498
24,2013,9,94.3395488114614
24,2013,10,93.0506087936509
24,2013,11,94.3828521900945
24,2013,12,94.4153971343653
24,2014,1,93.6641423227852
24,2014,2,94.1302946030064
24,2014,3,94.1960633373116
24,2014,4,94.4691546271951
24,2014,5,94.5004742190777
24,2014,6,92.9651616421185
24,2014,7,92.8671481345871
24,2014,8,93.8468945040967
24,2014,9,94.9576728986186
24,2014,10,95.1918518278437
24,2014,11,94.9263614100577
24,2014,12,94.7104597200998
24,2015,1,94.0245888353192
24,2015,2,94.9116542052218
24,2015,3,93.9579780568073
24,2015,4,95.4931197177787
24,2015,5,94.5229619707083
24,2015,6,93.6909546128447
24,2015,7,95.1944150546749
24,2015,8,94.9848655206216
24,2015,9,94.0838896502117
24,2015,10,93.6968207243635
24,2015,11,94.952737170803
24,2015,12,96.2306892339346
24,2016,1,95.6709193096261
24,2016,2,95.4449724460946
24,2016,3,94.94395556369
24,2016,4,95.8419076612267
24,2016,5,96.752537576782
24,2016,6,95.5566233458909
24,2016,7,94.6744542422398
24,2016,8,95.2963241635943
24,2016,9,96.8294559731819
24,2016,10,94.6058652921182
24,2016,11,95.8552191881843
24,2016,12,96.6967994286439
24,2017,1,95.2085990095354
24,2017,2,94.2294723549569
24,2017,3,94.8067236366971
24,2017,4,96.2954746582429
24,2017,5,95.9951589260944
24,2017,6,96.0364997524294
24,2017,7,95.5694195692742
24,2017,8,96.4984478026452
24,2017,9,97.0603984930325
24,2017,10,95.0283236534802
24,2017,11,95.3584303469002
24,2017,12,96.2030048877506
24,2018,1,94.0721003774701
24,2018,2,95.25681375934
24,2018,3,94.949051092934
24,2018,4,96.9841439854924
24,2018,5,96.8448906786977
24,2018,6,94.6720123507426
24,2018,7,95.181939461934
24,2018,8,96.1228312413274
24,2018,9,95.7425479914962
24,2018,10,96.8044933559411
24,2018,11,97.0365360249908
24,2018,12,97.1395747936596
24,2019,1,94.9699495628417
24,2019,2,95.3980233512581
24,2019,3,96.3696755982657
24,2019,4,96.504338268129
24,2019,5,97.0637376183227
24,2019,6,96.2647339000514
24,2019,7,95.7161156884991
24,2019,8,96.0488135830216
24,2019,9,96.7612572490619
24,2019,10,97.3975080647168
24,2019,11,96.5558418828966
24,2019,12,96.8878144636055
25,1982,1,91.8090376149741
25,1982,2,91.6350134520429
25,1982,3,92.1314349122358
25,1982,4,92.1733966097067
25,1982,5,91.4617862276572
25,1982,6,90.7570756921162
25,1982,7,89.972571205363
25,1982,8,92.4559199979582
25,1982,9,92.6781806708636
25,1982,10,92.5717828675651
25,1982,11,93.0739168888881
25,1982,12,92.9371592531713
25,1983,1,91.0146292307728
25,1983,2,91.6932445382806
25,1983,3,92.2808609204906
25,1983,4,93.0616066976593
25,1983,5,93.1406219753496
25,1983,6,91.817364331431
25,1983,7,93.3134354205864
25,1983,8,93.8320554129229
25,1983,9,93.062811915606
25,1983,10,93.5505795172527
25,1983,11,93.9404636390274
25,1983,12,93.8265897899232
25,1984,1,92.6960088867507
25,1984,2,93.925340069001
25,1984,3,94.6362766119529
25,1984,4,94.9645430558677
25,1984,5,95.7879451756605
25,1984,6,95.2692934335962
25,1984,7,95.6474029680661
25,1984,8,95.4625676347533
25,1984,9,95.5289347308223
25,1984,10,96.4515567257063
25,1984,11,96.4612943752728
25,1984,12,95.809035832306
25,1985,1,95.4628771551465
25,1985,2,95.5968559182347
25,1985,3,95.4618790890661
25,1985,4,96.3097618618296
25,1985,5,96.3474460232567
25,1985,6,95.8167281101416
25,1985,7,95.3902994000502
25,1985,8,96.0749770556049
25,1985,9,95.9460803173595
25,1985,10,96.5442961464997
25,1985,11,96.4213677955001
25,1985,12,95.9925390524108
25,1986,1,95.9104294930348
25,1986,2,95.6879068751281
25,1986,3,95.7965944224607
25,1986,4,96.1389149133939
25,1986,5,96.1375141588117
25,1986,6,96.2920299669309
25,1986,7,96.2211678694851
25,1986,8,96.3887951718028
25,1986,9,95.6454087923625
25,1986,10,96.4223887695474
25,1986,11,96.0832227954471
25,1986,12,96.7440536145649
25,1987,1,95.655189486707
25,1987,2,96.0440226393207
25,1987,3,95.7162382323937
25,1987,4,96.1205363204728
25,1987,5,96.6197843851818
25,1987,6,96.9546117437678
25,1987,7,97.4163797218005
25,1987,8,97.0957974951438
25,1987,9,97.207993323947
25,1987,10,97.024863794855
25,1987,11,97.6242122530664
25,1987,12,97.3363238144465
25,1988,1,96.1798133419111
25,1988,2,96.4470938822578
25,1988,3,96.3381905581997
25,1988,4,96.9555883145286
25,1988,5,97.1370984209274
25,1988,6,96.2841443012827
25,1988,7,96.0764762265628
25,1988,8,96.6873375393242
25,1988,9,96.8319140791567
25,1988,10,97.0078416344546
25,1988,11,96.4491746408388
25,1988,12,96.9994700453946
25,1989,1,96.0077256409665
25,1989,2,96.0121502741894
25,1989,3,95.5958498245301
25,1989,4,96.0939774023559
25,1989,5,96.811854378355
25,1989,6,95.759066747612
25,1989,7,95.3095855867982
25,1989,8,96.017165397174
25,1989,9,95.625393691074
25,1989,10,95.8412093029911
25,1989,11,95.9795129926328
25,1989,12,95.922216838221
25,1990,1,95.0353393579587
25,1990,2,94.1506913076397
25,1990,3,93.7753033968159
25,1990,4,94.2700291101973
25,1990,5,94.7980435874154
25,1990,6,94.0000285332613
25,1990,7,93.2678322691507
25,1990,8,93.3437278515314
25,1990,9,93.8472254971117
25,1990,10,94.0293338105141
25,1990,11,93.3678302521323
25,1990,12,92.8762844169642
25,1991,1,90.6803396985664
25,1991,2,90.0538701395276
25,1991,3,89.6943333930374
25,1991,4,91.7094706153596
25,1991,5,90.8421571403807
25,1991,6,90.7112903540424
25,1991,7,90.5846307706632
25,1991,8,90.9479422798126
25,1991,9,90.9945484481488
25,1991,10,91.7407348673395
25,1991,11,91.8298182292295
25,1991,12,92.1373430415395
25,1992,1,91.3357512904646
25,1992,2,91.1622164078164
25,1992,3,89.7337134613382
25,1992,4,91.3575407544101
25,1992,5,91.8990136626696
25,1992,6,90.8756864892364
25,1992,7,91.1807869731316
25,1992,8,91.7836948108595
25,1992,9,91.2165758098701
25,1992,10,92.1102798178885
25,1992,11,91.6966407515959
25,1992,12,91.9994539461287
25,1993,1,91.4782588895854
25,1993,2,91.667948163534
25,1993,3,92.7485386286916
25,1993,4,93.461594770864
25,1993,5,93.618393203444
25,1993,6,93.6437116723751
25,1993,7,93.2630691850227
25,1993,8,93.3910112317834
25,1993,9,92.8499111100696
25,1993,10,94.0324678081219
25,1993,11,93.8599868312842
25,1993,12,94.1104929096856
25,1994,1,92.2602776645922
25,1994,2,92.767733701644
25,1994,3,93.3374777304342
25,1994,4,93.9212368766466
25,1994,5,94.382177741204
25,1994,6,93.7206824321149
25,1994,7,93.675403174231
25,1994,8,94.166663709284
25,1994,9,94.4378176624932
25,1994,10,94.0181659859044
25,1994,11,94.7410859340528
25,1994,12,94.7899894827733
25,1995,1,93.5765865085359
25,1995,2,94.0185954798159
25,1995,3,94.6915552084006
25,1995,4,93.9793181244911
25,1995,5,95.0856253143352
25,1995,6,94.1585415199561
25,1995,7,94.0857128999471
25,1995,8,94.9397315871236
25,1995,9,94.6701287336511
25,1995,10,95.0238052214194
25,1995,11,95.0507799753772
25,1995,12,95.261148364236
25,1996,1,94.4609612097496
25,1996,2,94.691364717843
25,1996,3,94.8279493010145
25,1996,4,95.4226312182657
25,1996,5,95.6601649390679
25,1996,6,95.1930159300963
25,1996,7,95.7151919818099
25,1996,8,96.7235897562481
25,1996,9,96.0853052776181
25,1996,10,96.4656190676843
25,1996,11,96.3666697432766
25,1996,12,95.9718044209826
25,1997,1,94.8600873923961
25,1997,2,95.8599856706224
25,1997,3,95.2659281674743
25,1997,4,96.1873854126781
25,1997,5,95.897399008692
25,1997,6,96.0970029576787
25,1997,7,95.9645735268026
25,1997,8,95.4573622425296
25,1997,9,96.1231428772693
25,1997,10,97.0181956248287
25,1997,11,96.4355929762095
25,1997,12,96.6306756147134
25,1998,1,95.7556806203862
25,1998,2,96.2656038060199
25,1998,3,95.2105746461156
25,1998,4,97.2377467435838
25,1998,5,95.6966930456649
25,1998,6,96.2532659499521
25,1998,7,96.8830686162302
25,1998,8,97.350963202896
25,1998,9,96.2684788594316
25,1998,10,96.7031609559191
25,1998,11,97.5029533105782
25,1998,12,97.1064219553507
25,1999,1,95.9628853134206
25,1999,2,97.0005201723686
25,1999,3,96.6201260363902
25,1999,4,96.9028432111168
25,1999,5,96.5421879446892
25,1999,6,96.69648950741
25,1999,7,96.4833824026774
25,1999,8,96.6197067599745
25,1999,9,97.0975795274242
25,1999,10,96.7143702055124
25,1999,11,97.0191210948398
25,1999,12,96.7655722233749
25,2000,1,96.1657688485241
25,2000,2,96.3504525162372
25,2000,3,97.5738848581693
25,2000,4,97.2063406049271
25,2000,5,97.8131380152799
25,2000,6,97.1060680808772
25,2000,7,96.5756059683842
25,2000,8,97.682070451977
25,2000,9,97.6049374065414
25,2000,10,97.6776401160007
25,2000,11,97.1367360396939
25,2000,12,97.6469931641883
25,2001,1,96.325223356692
25,2001,2,96.3753610006267
25,2001,3,95.9787607183121
25,2001,4,96.8051407503941
25,2001,5,96.2506027401856
25,2001,6,96.7914829254127
25,2001,7,95.3872478695527
25,2001,8,96.710984076996
25,2001,9,96.2667007867695
25,2001,10,95.975423229371
25,2001,11,95.9555390076665
25,2001,12,95.8850705855133
25,2002,1,95.207504919124
25,2002,2,95.2383764459803
25,2002,3,95.3698250541532
25,2002,4,94.438829549053
25,2002,5,95.2216221145324
25,2002,6,93.5435290703074
25,2002,7,94.0991142499075
25,2002,8,94.1866408742735
25,2002,9,93.9650470240193
25,2002,10,94.8588583259793
25,2002,11,95.4233186162653
25,2002,12,95.0787726525441
25,2003,1,94.6297563529499
25,2003,2,94.4188793146168
25,2003,3,92.8902659416377
25,2003,4,94.5316451124488
25,2003,5,93.9699091464052
25,2003,6,93.7053752965474
25,2003,7,94.3731608493001
25,2003,8,93.234093570982
25,2003,9,93.9389326634649
25,2003,10,94.5604536987574
25,2003,11,94.7909055774323
25,2003,12,94.6146059239814
25,2004,1,94.2183804994597
25,2004,2,94.6356535181072
25,2004,3,94.481119589471
25,2004,4,95.7493724578369
25,2004,5,94.1083874804424
25,2004,6,94.2576079928084
25,2004,7,94.1071541921466
25,2004,8,94.0686656442375
25,2004,9,95.9899714436122
25,2004,10,95.7617070755161
25,2004,11,95.7022386775595
25,2004,12,96.0336518726385
25,2005,1,93.7149330415021
25,2005,2,94.3561190097368
25,2005,3,94.0226615351832
25,2005,4,95.6947818102686
25,2005,5,95.357618297215
25,2005,6,94.8627818529258
25,2005,7,94.9588398341694
25,2005,8,96.293438115041
25,2005,9,94.8693713110075
25,2005,10,95.4408995662852
25,2005,11,95.115252273091
25,2005,12,94.8706718572599
25,2006,1,94.4759636345445
25,2006,2,93.6087042226046
25,2006,3,94.0328529444689
25,2006,4,95.3310070520373
25,2006,5,95.2264503222732
25,2006,6,95.3579815498762
25,2006,7,95.7819392124968
25,2006,8,95.2695224591306
25,2006,9,94.4295846305144
25,2006,10,95.6909017623404
25,2006,11,94.6244123661002
25,2006,12,94.0805840116803
25,2007,1,93.5041416490301
25,2007,2,93.7621320348559
25,2007,3,96.0091419325941
25,2007,4,95.7574484898479
25,2007,5,94.1718889701225
25,2007,6,95.3898759586373
25,2007,7,94.5680537041112
25,2007,8,96.3931733962548
25,2007,9,95.6392999341945
25,2007,10,96.1938075206931
25,2007,11,96.23676416319
25,2007,12,95.8548317641821
25,2008,1,93.781086791257
25,2008,2,94.4360065988811
25,2008,3,95.3284349673678
25,2008,4,96.3087879435924
25,2008,5,94.413223497429
25,2008,6,93.6631208377053
25,2008,7,95.033238361078
25,2008,8,95.1467352514928
25,2008,9,94.9837178159512
25,2008,10,95.4516200696644
25,2008,11,94.1418391436567
25,2008,12,92.286122476872
25,2009,1,91.4604305539885
25,2009,2,91.3128211599284
25,2009,3,92.5467089391073
25,2009,4,92.2005017719468
25,2009,5,92.653578074075
25,2009,6,91.1975111382479
25,2009,7,90.9570044975166
25,2009,8,91.1165947876029
25,2009,9,91.0555462092359
25,2009,10,92.5353567171151
25,2009,11,91.5051439404497
25,2009,12,89.7420046265844
25,2010,1,88.9834324650815
25,2010,2,89.8255197373724
25,2010,3,91.6749729535457
25,2010,4,90.772773404443
25,2010,5,91.4814415083146
25,2010,6,92.1747682322801
25,2010,7,91.0600003036867
25,2010,8,93.3006101083526
25,2010,9,92.8408990999388
25,2010,10,92.6059802182821
25,2010,11,91.6831102176172
25,2010,12,91.855016782125
25,2011,1,91.3968719380627
25,2011,2,91.5855722357858
25,2011,3,92.4315036105845
25,2011,4,93.4425938577371
25,2011,5,93.0097080008563
25,2011,6,92.668932104873
25,2011,7,92.2005596224077
25,2011,8,93.6505079071227
25,2011,9,92.8546481381009
25,2011,10,92.8213120454359
25,2011,11,94.2562322232866
25,2011,12,93.3086290047636
25,2012,1,91.7845215608423
25,2012,2,92.2475173713132
25,2012,3,94.3379268213265
25,2012,4,93.8937980986668
25,2012,5,94.5369256881287
25,2012,6,93.7016455931439
25,2012,7,92.3222701308621
25,2012,8,92.5535641668319
25,2012,9,92.630653275413
25,2012,10,93.1008670027429
25,2012,11,93.767165141339
25,2012,12,92.8858171053921
25,2013,1,92.9731826529462
25,2013,2,93.5047459911643
25,2013,3,92.3296457558289
25,2013,4,93.0616680775096
25,2013,5,92.2513025283832
25,2013,6,91.4831221981379
25,2013,7,92.5534078279528
25,2013,8,92.7514704161658
25,2013,9,92.8962161711249
25,2013,10,92.5019359321492
25,2013,11,93.0415764360673
25,2013,12,93.0716659796203
25,2014,1,93.7833924161079
25,2014,2,94.6178873360874
25,2014,3,93.7579100155593
25,2014,4,94.8522849340679
25,2014,5,95.5821638071996
25,2014,6,93.7271918382679
25,2014,7,92.91532866489
25,2014,8,93.0663634026401
25,2014,9,92.1464724909753
25,2014,10,95.0326579540113
25,2014,11,94.4096634777395
25,2014,12,95.669398915637
25,2015,1,94.4912785930908
25,2015,2,94.0601825608125
25,2015,3,94.6404222236359
25,2015,4,95.937329647542
25,2015,5,95.3407183995702
25,2015,6,94.1362144544089
25,2015,7,94.6655542014078
25,2015,8,95.4755898859801
25,2015,9,95.6839762624002
25,2015,10,94.847341603832
25,2015,11,95.2214800177211
25,2015,12,95.4533267750443
25,2016,1,95.7995724829322
25,2016,2,95.4428329338054
25,2016,3,95.4304361628716
25,2016,4,96.4539390563881
25,2016,5,95.9636873755434
25,2016,6,96.1750675104595
25,2016,7,96.3385114178964
25,2016,8,96.2990359973628
25,2016,9,97.3380540549379
25,2016,10,96.7888753743
25,2016,11,96.7924720169341
25,2016,12,96.5855094570793
25,2017,1,95.4984970032168
25,2017,2,95.1564288593619
25,2017,3,95.9893855879099
25,2017,4,95.3489015791009
25,2017,5,95.4858172513822
25,2017,6,96.0725846633722
25,2017,7,95.5378239674446
25,2017,8,96.7181202922496
25,2017,9,96.6451298703918
25,2017,10,96.4849995460632
25,2017,11,96.7203416699885
25,2017,12,96.7966836862229
25,2018,1,96.0570138467414
25,2018,2,95.2408743611441
25,2018,3,95.9587780355905
25,2018,4,96.7317481607851
25,2018,5,96.1581396170885
25,2018,6,96.0020543786762
25,2018,7,95.9278488047114
25,2018,8,96.397785175889
25,2018,9,97.3277520171459
25,2018,10,97.2140445689781
25,2018,11,97.6690120729458
25,2018,12,97.417486706003
25,2019,1,96.1278712223546
25,2019,2,96.5103031813047
25,2019,3,96.4407105417799
25,2019,4,97.2349735353234
25,2019,5,96.089170916036
25,2019,6,97.0454130201109
25,2019,7,97.2447476515272
25,2019,8,96.7994022769464
25,2019,9,97.0367820693285
25,2019,10,97.8310882092399
25,2019,11,97.8316548600723
25,2019,12,97.8508810434498
26,1982,1,83.2091161213651
26,1982,2,83.5030485121767
26,1982,3,83.0003699045938
26,1982,4,83.5884334906322
26,1982,5,85.7720341215904
26,1982,6,85.7798826470372
26,1982,7,85.4335116609719
26,1982,8,85.5811319272461
26,1982,9,85.4694805001011
26,1982,10,85.3385545377319
26,1982,11,83.549601057071
26,1982,12,83.0473372446351
26,1983,1,83.5536923904382
26,1983,2,82.9302958012722
26,1983,3,82.5684276991641
26,1983,4,83.589304871011
26,1983,5,84.9449907616532
26,1983,6,84.9663318177712
26,1983,7,86.4893331718152
26,1983,8,87.0226159220013
26,1983,9,88.1983079816225
26,1983,10,87.9368104645274
26,1983,11,88.1350760408662
26,1983,12,88.1367338918384
26,1984,1,87.3132081559715
26,1984,2,87.3606204554937
26,1984,3,87.8590227746907
26,1984,4,89.2516920560106
26,1984,5,88.9361570693676
26,1984,6,88.8721467500228
26,1984,7,89.0609637854986
26,1984,8,90.1084693994592
26,1984,9,90.6208137443266
26,1984,10,89.6148106363248
26,1984,11,88.8970003971954
26,1984,12,88.9283680451226
26,1985,1,88.1326347673771
26,1985,2,90.1699044465615
26,1985,3,89.7677362932083
26,1985,4,89.6743744249845
26,1985,5,89.7614522862343
26,1985,6,88.9501626081356
26,1985,7,88.7604089410649
26,1985,8,90.1321952659688
26,1985,9,90.2965590102164
26,1985,10,90.7739093332553
26,1985,11,91.4601523392334
26,1985,12,92.7915334902201
26,1986,1,90.6345146180155
26,1986,2,90.7802437205411
26,1986,3,90.0120966064806
26,1986,4,90.4308082618863
26,1986,5,90.1909457071775
26,1986,6,89.9920549096318
26,1986,7,90.9127635395218
26,1986,8,92.1186092342205
26,1986,9,91.939012443682
26,1986,10,92.0110142394919
26,1986,11,92.0354013126659
26,1986,12,92.2510942718274
26,1987,1,91.6488107559459
26,1987,2,90.8399665838141
26,1987,3,91.086347469014
26,1987,4,90.7522589139312
26,1987,5,91.2173398384463
26,1987,6,90.5924469876762
26,1987,7,91.4380520190001
26,1987,8,92.0155288000721
26,1987,9,92.7471162970145
26,1987,10,92.9436859569699
26,1987,11,92.4366637871128
26,1987,12,91.3333292443189
26,1988,1,89.3565908233459
26,1988,2,91.0735625134257
26,1988,3,91.2110456402948
26,1988,4,92.5378427550372
26,1988,5,93.2080947120929
26,1988,6,92.6151355054807
26,1988,7,92.0778961314105
26,1988,8,92.771117763789
26,1988,9,93.3505841566753
26,1988,10,93.06780403225
26,1988,11,93.020391019597
26,1988,12,93.1858768085887
26,1989,1,92.423917458841
26,1989,2,93.5378985341737
26,1989,3,92.9246289785089
26,1989,4,93.7455437908464
26,1989,5,93.4222187807615
26,1989,6,92.1111881618001
26,1989,7,92.5330716274301
26,1989,8,93.1762681533736
26,1989,9,92.3372951053885
26,1989,10,92.2494954999798
26,1989,11,93.0396341615487
26,1989,12,92.7115429568269
26,1990,1,90.3677570196168
26,1990,2,91.8397518085459
26,1990,3,92.3006369749785
26,1990,4,92.8207839722612
26,1990,5,92.870398214279
26,1990,6,92.5611035006091
26,1990,7,92.0825670163431
26,1990,8,92.245306953808
26,1990,9,93.122310237676
26,1990,10,92.9989240322089
26,1990,11,92.690652332808
26,1990,12,92.8801841072383
26,1991,1,91.4183887345757
26,1991,2,89.3340455531365
26,1991,3,88.7770240409444
26,1991,4,89.9461299693366
26,1991,5,90.606728240713
26,1991,6,90.4836941597001
26,1991,7,90.8147616692451
26,1991,8,91.1549508284471
26,1991,9,90.6781435364608
26,1991,10,91.1960470824755
26,1991,11,90.7567575639797
26,1991,12,91.4256708677888
26,1992,1,90.179891504622
26,1992,2,90.1405936216529
26,1992,3,89.9717602052692
26,1992,4,90.1665620733509
26,1992,5,91.1643212054925
26,1992,6,90.745730382157
26,1992,7,90.3285148743621
26,1992,8,91.3065074748995
26,1992,9,91.3730993871716
26,1992,10,91.8091319596548
26,1992,11,92.5511155709176
26,1992,12,92.5796818576465
26,1993,1,91.9881050505419
26,1993,2,92.4229581522527
26,1993,3,92.8842909423885
26,1993,4,93.0416043918816
26,1993,5,93.1920983199793
26,1993,6,92.4181247479428
26,1993,7,91.8890632700649
26,1993,8,93.2057044322938
26,1993,9,92.9715956543134
26,1993,10,93.4497873541326
26,1993,11,93.2708054609159
26,1993,12,93.1650873251755
26,1994,1,91.8765298068896
26,1994,2,91.5079653022854
26,1994,3,92.9472233910233
26,1994,4,94.1100577792631
26,1994,5,94.5823205810814
26,1994,6,93.9829691625621
26,1994,7,93.1967829887775
26,1994,8,94.1417969784372
26,1994,9,94.7886162174128
26,1994,10,95.3418963898824
26,1994,11,95.7497714381833
26,1994,12,95.6082998983553
26,1995,1,93.4794447810316
26,1995,2,93.4395583868693
26,1995,3,93.032827336606
26,1995,4,94.12311308823
26,1995,5,94.886815636843
26,1995,6,93.7963660720583
26,1995,7,94.0048568365862
26,1995,8,94.959397388035
26,1995,9,95.3702798056774
26,1995,10,96.1833568305516
26,1995,11,95.7708650942299
26,1995,12,95.0859362473153
26,1996,1,93.7990071544011
26,1996,2,94.1723386784638
26,1996,3,94.8450829575775
26,1996,4,95.0682657425814
26,1996,5,94.9930201071364
26,1996,6,94.6509126308747
26,1996,7,93.9435180950566
26,1996,8,95.5843276494136
26,1996,9,95.2352977530282
26,1996,10,95.306044778946
26,1996,11,95.643592753324
26,1996,12,95.4043368846737
26,1997,1,93.708145947622
26,1997,2,94.9332397583168
26,1997,3,95.3131673768083
26,1997,4,95.6750663062889
26,1997,5,96.1212416707797
26,1997,6,95.140996661823
26,1997,7,95.8185006751809
26,1997,8,96.5029674775648
26,1997,9,95.8511932209563
26,1997,10,96.4098439080009
26,1997,11,95.8483773238258
26,1997,12,96.100889497183
26,1998,1,94.7704026365962
26,1998,2,94.8716402818743
26,1998,3,95.3441782330046
26,1998,4,96.3825768942533
26,1998,5,96.2088925761598
26,1998,6,96.3686114965248
26,1998,7,95.242700531153
26,1998,8,96.6183283605421
26,1998,9,96.8858764785759
26,1998,10,96.7362699891175
26,1998,11,96.8225556687227
26,1998,12,96.0242058279616
26,1999,1,95.4221158108026
26,1999,2,94.5242562030355
26,1999,3,95.1493928768074
26,1999,4,95.8073919178177
26,1999,5,96.5262395593987
26,1999,6,96.1231002540631
26,1999,7,96.0352930610978
26,1999,8,97.2478705719918
26,1999,9,96.6854017991083
26,1999,10,96.3814603829478
26,1999,11,96.2141737923042
26,1999,12,96.6214635144204
26,2000,1,96.0436309543119
26,2000,2,97.1564809093671
26,2000,3,96.4490363162384
26,2000,4,97.0539414354213
26,2000,5,96.4452957153234
26,2000,6,95.5984778001694
26,2000,7,94.9628260112636
26,2000,8,96.3911667246153
26,2000,9,96.4485107711841
26,2000,10,96.6509675427451
26,2000,11,96.2818312335293
26,2000,12,96.6123438421904
26,2001,1,94.4737138753828
26,2001,2,94.3968142773131
26,2001,3,94.5395966011647
26,2001,4,95.2443036737362
26,2001,5,94.8248427973509
26,2001,6,94.8621621861283
26,2001,7,94.9687402392533
26,2001,8,94.3704405246596
26,2001,9,94.7301827337756
26,2001,10,95.1337695852498
26,2001,11,93.911649006381
26,2001,12,93.4945564959566
26,2002,1,91.0012870910946
26,2002,2,93.8703693353292
26,2002,3,92.9727793388947
26,2002,4,94.0293134352432
26,2002,5,93.6581569024078
26,2002,6,92.5279419788929
26,2002,7,92.084547748739
26,2002,8,94.2871239726033
26,2002,9,95.2796101848529
26,2002,10,95.055450686056
26,2002,11,94.1644550743904
26,2002,12,93.5322810363292
26,2003,1,91.8768920346384
26,2003,2,92.0396622346778
26,2003,3,92.0083889274736
26,2003,4,93.7610322903897
26,2003,5,92.7209904134869
26,2003,6,91.2154243547806
26,2003,7,90.9891157503246
26,2003,8,92.8270637923456
26,2003,9,93.5582238485219
26,2003,10,92.7927469212914
26,2003,11,94.0877581231941
26,2003,12,93.3233791545574
26,2004,1,93.3999768607138
26,2004,2,92.8613424511849
26,2004,3,91.4136413574345
26,2004,4,94.3566059940428
26,2004,5,92.7008133085056
26,2004,6,92.5550140381392
26,2004,7,91.581748541918
26,2004,8,93.742091808361
26,2004,9,93.1840139418826
26,2004,10,93.6612231561437
26,2004,11,92.7189357474499
26,2004,12,92.2489415774854
26,2005,1,92.468104821802
26,2005,2,91.7585231194214
26,2005,3,92.9975802673278
26,2005,4,93.5551761881461
26,2005,5,92.9226530994032
26,2005,6,92.961071256754
26,2005,7,92.1937360412102
26,2005,8,94.0728473306006
26,2005,9,94.4876210545433
26,2005,10,94.947088933205
26,2005,11,93.4393741046464
26,2005,12,93.3718425827648
26,2006,1,92.715430466932
26,2006,2,92.1163667333851
26,2006,3,91.4154620431499
26,2006,4,92.6156027125458
26,2006,5,94.5590084549732
26,2006,6,92.9290521906063
26,2006,7,91.6194108597504
26,2006,8,93.0262326281747
26,2006,9,93.1304137499736
26,2006,10,93.6698389110151
26,2006,11,93.6712712069716
26,2006,12,92.7049091155181
26,2007,1,92.9339792063788
26,2007,2,92.9252276393476
26,2007,3,93.1001878317277
26,2007,4,92.9439629583195
26,2007,5,93.8746157905794
26,2007,6,92.4371959529042
26,2007,7,91.9349102888656
26,2007,8,93.1026343072517
26,2007,9,92.7013252197274
26,2007,10,92.9264737463303
26,2007,11,93.3609396525946
26,2007,12,92.985169473472
26,2008,1,92.8113096940018
26,2008,2,92.0263290930246
26,2008,3,92.4929928666049
26,2008,4,93.4908422863105
26,2008,5,90.0756844008598
26,2008,6,91.1149518819748
26,2008,7,91.3119601766822
26,2008,8,91.7264706165382
26,2008,9,92.3512597961338
26,2008,10,91.2978872518234
26,2008,11,90.9554337625462
26,2008,12,89.1979457370752
26,2009,1,88.1752649113207
26,2009,2,88.4998484148391
26,2009,3,87.066517735685
26,2009,4,87.8677065632808
26,2009,5,86.2937252848735
26,2009,6,83.4151213933926
26,2009,7,84.8532533296013
26,2009,8,85.6762860348158
26,2009,9,86.1003184560211
26,2009,10,87.4856454342909
26,2009,11,87.7706841282822
26,2009,12,87.6689316595235
26,2010,1,87.0218069842445
26,2010,2,86.8866531711829
26,2010,3,85.3836989820761
26,2010,4,86.7726769916169
26,2010,5,88.1053237974359
26,2010,6,87.3180963872242
26,2010,7,85.3544708255405
26,2010,8,87.2160022071706
26,2010,9,88.1236490046967
26,2010,10,88.4161071376556
26,2010,11,90.4638155633906
26,2010,12,90.8475557796387
26,2011,1,89.5140010266034
26,2011,2,89.2650292347858
26,2011,3,88.4410525706839
26,2011,4,89.6796573486048
26,2011,5,89.4139577148948
26,2011,6,88.5053882324376
26,2011,7,86.7330203570591
26,2011,8,88.4070339521746
26,2011,9,90.1591627946132
26,2011,10,91.8249949006417
26,2011,11,92.2038456656627
26,2011,12,90.8443074020927
26,2012,1,90.2396839702913
26,2012,2,90.8331392942623
26,2012,3,91.3029963527951
26,2012,4,91.8913661211328
26,2012,5,90.7149944006989
26,2012,6,90.7877317207406
26,2012,7,88.606648201499
26,2012,8,89.891650583543
26,2012,9,91.8913299187961
26,2012,10,91.7491834432605
26,2012,11,92.63714961163
26,2012,12,91.0068741299004
26,2013,1,91.1739308104665
26,2013,2,91.4584598816735
26,2013,3,91.9027843098847
26,2013,4,91.5446871590724
26,2013,5,91.3357318879502
26,2013,6,90.2440333783934
26,2013,7,90.4394714064186
26,2013,8,90.8316076597975
26,2013,9,91.7426069751609
26,2013,10,91.572231855072
26,2013,11,92.1355983447477
26,2013,12,92.4302322730147
26,2014,1,92.5786752785564
26,2014,2,91.3440624410209
26,2014,3,92.2166660269211
26,2014,4,92.2010427323458
26,2014,5,92.4974701300273
26,2014,6,91.7704122933145
26,2014,7,91.1256498081524
26,2014,8,93.7605831220071
26,2014,9,92.6932790478659
26,2014,10,93.8446303701423
26,2014,11,94.3495206523322
26,2014,12,94.6755729106496
26,2015,1,93.42267142509
26,2015,2,94.7961752281307
26,2015,3,94.6371527033224
26,2015,4,94.7514545744514
26,2015,5,93.1079290210114
26,2015,6,94.0119320067271
26,2015,7,94.2220980833615
26,2015,8,93.8877934458969
26,2015,9,95.634661085259
26,2015,10,94.647922177034
26,2015,11,95.993014132831
26,2015,12,96.0603232332277
26,2016,1,95.0424583999753
26,2016,2,94.691546260648
26,2016,3,94.7671049672952
26,2016,4,95.2675541465977
26,2016,5,95.2553386504847
26,2016,6,94.7817041100368
26,2016,7,94.4788473025536
26,2016,8,94.2742277012898
26,2016,9,95.9120554959806
26,2016,10,95.2320551700179
26,2016,11,94.56964495703
26,2016,12,96.2466387527665
26,2017,1,93.7553650872616
26,2017,2,93.854980391133
26,2017,3,95.6581494877803
26,2017,4,96.2919175406757
26,2017,5,96.8806160272549
26,2017,6,96.4292022740934
26,2017,7,94.7351254993871
26,2017,8,94.9294356343678
26,2017,9,94.514259043217
26,2017,10,95.7720014104261
26,2017,11,95.7878347276469
26,2017,12,95.3985885075265
26,2018,1,94.9304891335211
26,2018,2,94.2841290382379
26,2018,3,95.8439603745202
26,2018,4,95.88969250903
26,2018,5,96.6979705666227
26,2018,6,96.2017649957905
26,2018,7,95.064077615582
26,2018,8,96.3440595955635
26,2018,9,96.2763265164292
26,2018,10,96.2635110853531
26,2018,11,96.4815432774444
26,2018,12,96.102704758715
26,2019,1,96.3385621121666
26,2019,2,95.6582343378282
26,2019,3,94.6276160198788
26,2019,4,95.8205705469513
26,2019,5,96.0363428903632
26,2019,6,96.0696185595237
26,2019,7,95.448319897554
26,2019,8,95.65738036104
26,2019,9,96.2572617549108
26,2019,10,97.0400127944826
26,2019,11,96.892211357981
26,2019,12,96.2406064080552
27,1982,1,93.3334195348405
27,1982,2,92.6459397446579
27,1982,3,92.7820126420206
27,1982,4,93.2698368736533
27,1982,5,92.9264666367574
27,1982,6,92.8282591309946
27,1982,7,92.8589956988691
27,1982,8,92.8411589809972
27,1982,9,91.5906515701614
27,1982,10,91.057093243469
27,1982,11,90.9754888344429
27,1982,12,92.5021741736726
27,1983,1,89.8236960884158
27,1983,2,89.8088536872153
27,1983,3,88.1766976558682
27,1983,4,90.29772140327
27,1983,5,91.4035030905985
27,1983,6,91.5747651785011
27,1983,7,94.1799870872741
27,1983,8,93.6189373160222
27,1983,9,93.0723707829698
27,1983,10,93.7707206809963
27,1983,11,93.9244521714487
27,1983,12,93.3455060498845
27,1984,1,92.5586861121742
27,1984,2,92.7801852803156
27,1984,3,92.4316339308443
27,1984,4,90.9771149018833
27,1984,5,93.6675066492204
27,1984,6,93.6493435924604
27,1984,7,94.5099690610325
27,1984,8,94.2871170563461
27,1984,9,94.6150576585179
27,1984,10,94.250165074829
27,1984,11,94.7937816060737
27,1984,12,93.7460869140599
27,1985,1,92.827414079057
27,1985,2,93.8187361594695
27,1985,3,93.8377005673418
27,1985,4,93.8180304189939
27,1985,5,95.6559027427119
27,1985,6,94.1942866183165
27,1985,7,92.4771866215981
27,1985,8,93.9653148691569
27,1985,9,93.8929194448207
27,1985,10,94.5723892742049
27,1985,11,94.2331099792973
27,1985,12,92.9486593087549
27,1986,1,93.1600644050973
27,1986,2,92.8048790778044
27,1986,3,93.2452875902797
27,1986,4,94.2171451315076
27,1986,5,96.5469926826763
27,1986,6,94.3461100478063
27,1986,7,94.3153215253612
27,1986,8,96.0145253107852
27,1986,9,94.4484887995016
27,1986,10,95.4747273241452
27,1986,11,95.743820502498
27,1986,12,95.2563798115073
27,1987,1,92.4378116059129
27,1987,2,93.5150575435219
27,1987,3,94.1158929487028
27,1987,4,95.3752870376192
27,1987,5,94.8576908560289
27,1987,6,93.6479095653847
27,1987,7,93.9034130524007
27,1987,8,94.2084481982357
27,1987,9,94.6756661985535
27,1987,10,95.5554713401103
27,1987,11,95.620741626011
27,1987,12,96.3502989608989
27,1988,1,95.5094196044529
27,1988,2,95.3553051359282
27,1988,3,95.6258906297078
27,1988,4,96.3419686990294
27,1988,5,96.7820197453199
27,1988,6,95.2847271621218
27,1988,7,95.5233186901468
27,1988,8,95.0475318826217
27,1988,9,96.2568012982019
27,1988,10,96.2510437575975
27,1988,11,96.6983550603595
27,1988,12,96.5990437977269
27,1989,1,94.5639323459572
27,1989,2,95.1963966106648
27,1989,3,96.1479137193447
27,1989,4,94.9825660417072
27,1989,5,95.4617733097283
27,1989,6,94.8218954870627
27,1989,7,96.1017558245379
27,1989,8,95.4821562553481
27,1989,9,96.0631557537026
27,1989,10,96.7738574911383
27,1989,11,96.6272337082508
27,1989,12,96.1403739957345
27,1990,1,95.5875735916526
27,1990,2,94.8360513371467
27,1990,3,92.7739137815206
27,1990,4,94.0281300559246
27,1990,5,96.0596556866943
27,1990,6,95.8826233327258
27,1990,7,95.0530637364791
27,1990,8,95.4047093413159
27,1990,9,94.7646995809514
27,1990,10,95.5052347473377
27,1990,11,96.3499476263888
27,1990,12,94.8132068954749
27,1991,1,94.0437822071256
27,1991,2,92.7627829624643
27,1991,3,94.3761682922012
27,1991,4,95.0452475783501
27,1991,5,94.1174781444516
27,1991,6,95.1040582936859
27,1991,7,95.974216014436
27,1991,8,95.5886448482733
27,1991,9,94.3604429430519
27,1991,10,95.4908660607246
27,1991,11,94.7500246019922
27,1991,12,95.1267051359294
27,1992,1,93.603692997722
27,1992,2,94.1988133318636
27,1992,3,93.1260629489844
27,1992,4,94.7320148854938
27,1992,5,94.582059658612
27,1992,6,93.776840494561
27,1992,7,95.7877342968074
27,1992,8,95.0311267832273
27,1992,9,95.3987838253368
27,1992,10,96.3001323415131
27,1992,11,93.4598359368306
27,1992,12,94.7035959442169
27,1993,1,93.1165681992254
27,1993,2,92.3903904164797
27,1993,3,94.8371120743701
27,1993,4,94.0533147036011
27,1993,5,94.4606136687511
27,1993,6,94.3299243400738
27,1993,7,95.9084596145354
27,1993,8,95.9969826116412
27,1993,9,95.3549315853246
27,1993,10,95.5981410872225
27,1993,11,96.1641910065336
27,1993,12,95.3330347997179
27,1994,1,94.4182064016053
27,1994,2,95.0783614049394
27,1994,3,94.4273302402466
27,1994,4,95.5024346555301
27,1994,5,97.4797334437553
27,1994,6,95.4226457899301
27,1994,7,96.7460059090965
27,1994,8,96.0113803794166
27,1994,9,95.7050067395926
27,1994,10,96.2895125554776
27,1994,11,96.7374501006444
27,1994,12,96.4112026930105
27,1995,1,95.7443534948227
27,1995,2,95.6397428046331
27,1995,3,96.441391017754
27,1995,4,95.9620001580501
27,1995,5,96.3242699066598
27,1995,6,95.2745474513022
27,1995,7,96.5316895422221
27,1995,8,98.0685032676135
27,1995,9,96.7685108930766
27,1995,10,95.3710950197612
27,1995,11,96.6648009061949
27,1995,12,95.6940251614526
27,1996,1,95.8707558850442
27,1996,2,95.8358905187794
27,1996,3,94.8140162561252
27,1996,4,96.1149436315805
27,1996,5,97.3023438071116
27,1996,6,95.3026229862078
27,1996,7,95.6936112093906
27,1996,8,96.0379706088696
27,1996,9,95.8339963586534
27,1996,10,96.8281357217221
27,1996,11,96.3488203013705
27,1996,12,96.9968248287557
27,1997,1,95.1760866847777
27,1997,2,97.1505837781187
27,1997,3,96.7712310542388
27,1997,4,95.5801949949894
27,1997,5,96.9802286998645
27,1997,6,96.0825626011481
27,1997,7,96.7622964257657
27,1997,8,96.1035905912281
27,1997,9,96.5164732089058
27,1997,10,96.3986333455677
27,1997,11,97.4048814641123
27,1997,12,97.0767521623693
27,1998,1,96.6368216071089
27,1998,2,97.0941895424308
27,1998,3,96.3162194513075
27,1998,4,97.074421558669
27,1998,5,97.6428112474142
27,1998,6,96.7574223359023
27,1998,7,98.1593766431298
27,1998,8,98.4202771214543
27,1998,9,97.5507716196145
27,1998,10,97.9729386807881
27,1998,11,97.0439294712375
27,1998,12,96.4523862653386
27,1999,1,96.4100343654578
27,1999,2,96.7121659015167
27,1999,3,97.3238265461737
27,1999,4,97.6554824026998
27,1999,5,97.9556253385533
27,1999,6,96.2307817033885
27,1999,7,96.3583782381365
27,1999,8,97.7495228646751
27,1999,9,97.6299639087515
27,1999,10,98.3575505146172
27,1999,11,96.4194812525345
27,1999,12,97.1562857776296
27,2000,1,95.3142462736927
27,2000,2,96.6456999866522
27,2000,3,95.6743070674852
27,2000,4,96.8835553601078
27,2000,5,96.4016521634417
27,2000,6,97.6624688370449
27,2000,7,97.2469527032758
27,2000,8,96.8932359000176
27,2000,9,97.2598758961431
27,2000,10,97.5033933932234
27,2000,11,96.5726344082325
27,2000,12,96.6174002689584
27,2001,1,94.5952767568159
27,2001,2,95.7641411603447
27,2001,3,95.0663601913724
27,2001,4,95.4796312298189
27,2001,5,96.0843558939674
27,2001,6,96.1698054406642
27,2001,7,96.3657925962862
27,2001,8,96.4737023088181
27,2001,9,97.136114283624
27,2001,10,96.7513802542655
27,2001,11,96.2583775128912
27,2001,12,95.8230586116035
27,2002,1,94.1947770441201
27,2002,2,94.3015855607421
27,2002,3,94.0937173868478
27,2002,4,95.1418474183487
27,2002,5,95.7397207118965
27,2002,6,95.5158290318551
27,2002,7,94.8281380298113
27,2002,8,95.4137954457118
27,2002,9,96.456579765984
27,2002,10,96.8310124198629
27,2002,11,96.2792837445385
27,2002,12,96.3370631984639
27,2003,1,93.1028374699172
27,2003,2,94.3499152211727
27,2003,3,94.181668996881
27,2003,4,95.4465356293857
27,2003,5,95.5653407284479
27,2003,6,95.0667699750698
27,2003,7,95.0085890478231
27,2003,8,95.7657305156198
27,2003,9,94.5111054644744
27,2003,10,95.3160014314085
27,2003,11,95.2096342110016
27,2003,12,94.9023802078488
27,2004,1,94.2563799064893
27,2004,2,93.8945039881491
27,2004,3,94.2188499638904
27,2004,4,95.6634831446065
27,2004,5,96.4742465333515
27,2004,6,94.7011606199515
27,2004,7,95.3657096237954
27,2004,8,94.2181991037353
27,2004,9,95.4129932335775
27,2004,10,96.3111516591046
27,2004,11,96.1057933733811
27,2004,12,95.6033702356289
27,2005,1,95.5886713939386
27,2005,2,95.9787577318065
27,2005,3,94.6017107592851
27,2005,4,96.2911831520688
27,2005,5,95.5649894915403
27,2005,6,96.2158902709441
27,2005,7,96.870709978898
27,2005,8,96.147724424721
27,2005,9,96.1532010038771
27,2005,10,96.7995845615527
27,2005,11,96.0691387800565
27,2005,12,95.2618582707764
27,2006,1,94.4188772726438
27,2006,2,94.5238145864668
27,2006,3,95.1942029802158
27,2006,4,95.5905590429053
27,2006,5,97.1085069442581
27,2006,6,96.4579571870042
27,2006,7,96.3131856431548
27,2006,8,96.8822904309194
27,2006,9,96.2370073252889
27,2006,10,96.4369342825899
27,2006,11,96.3808090214683
27,2006,12,95.2781467212277
27,2007,1,94.3196221847668
27,2007,2,94.1439294357779
27,2007,3,95.2645955013161
27,2007,4,95.3444559803267
27,2007,5,95.4362125996811
27,2007,6,95.2564939849412
27,2007,7,95.6742640220075
27,2007,8,95.5028972372419
27,2007,9,95.1230202696682
27,2007,10,96.0735447697838
27,2007,11,96.4024573628182
27,2007,12,95.0837928069246
27,2008,1,95.0721999805764
27,2008,2,94.8219143280933
27,2008,3,94.5503595183352
27,2008,4,94.9087181392915
27,2008,5,94.4984135356856
27,2008,6,94.3910692550092
27,2008,7,93.732800365414
27,2008,8,93.7049609623984
27,2008,9,94.5194765747853
27,2008,10,95.1841582305233
27,2008,11,93.938514705828
27,2008,12,94.0933181096287
27,2009,1,91.9673982224741
27,2009,2,91.2470918757878
27,2009,3,91.6642895214477
27,2009,4,91.7865927997684
27,2009,5,92.9741591043241
27,2009,6,90.9686592820942
27,2009,7,92.0632005717888
27,2009,8,92.2810656801461
27,2009,9,93.2391711939732
27,2009,10,92.0978569027733
27,2009,11,92.3806829799124
27,2009,12,92.7710014698745
27,2010,1,92.3414538307539
27,2010,2,91.9841592099266
27,2010,3,91.383287381994
27,2010,4,92.8574953826648
27,2010,5,93.1289936610315
27,2010,6,92.0631280115172
27,2010,7,91.771413469525
27,2010,8,92.1725097604096
27,2010,9,93.2696852584308
27,2010,10,93.3997059325123
27,2010,11,93.4695641174097
27,2010,12,93.3718084569675
27,2011,1,92.8344268638686
27,2011,2,92.4156321823884
27,2011,3,92.6541813772926
27,2011,4,93.1291324089774
27,2011,5,92.7996726723533
27,2011,6,91.9856032577805
27,2011,7,91.8160822882249
27,2011,8,93.0890644665664
27,2011,9,94.9827801314809
27,2011,10,95.402869386387
27,2011,11,95.1140057812201
27,2011,12,94.2342052325189
27,2012,1,93.6907814205371
27,2012,2,92.6272495581986
27,2012,3,92.745851520898
27,2012,4,95.0163579441725
27,2012,5,94.3227310752352
27,2012,6,93.6127514907659
27,2012,7,93.1560585866248
27,2012,8,94.3936667212629
27,2012,9,94.5638929305509
27,2012,10,94.7192066848859
27,2012,11,95.3412271161471
27,2012,12,95.2149501584197
27,2013,1,93.6117772196558
27,2013,2,94.5373337465289
27,2013,3,94.5112936743153
27,2013,4,94.794399562825
27,2013,5,95.3844347413637
27,2013,6,95.2773970853548
27,2013,7,94.8792198356224
27,2013,8,95.3693627407316
27,2013,9,95.3955067363595
27,2013,10,96.041210796575
27,2013,11,95.6780934907804
27,2013,12,95.0800287685852
27,2014,1,94.5906113723907
27,2014,2,94.6504759673348
27,2014,3,94.5003186893224
27,2014,4,95.7828424624471
27,2014,5,95.919393514813
27,2014,6,95.4278757636185
27,2014,7,95.8352079467652
27,2014,8,96.1974523826675
27,2014,9,96.634697947422
27,2014,10,96.7505420677862
27,2014,11,97.1989174468923
27,2014,12,96.3986846430262
27,2015,1,94.7313742434933
27,2015,2,94.8211083056821
27,2015,3,94.8059018718777
27,2015,4,95.8604570196898
27,2015,5,96.3089407726737
27,2015,6,95.7700596385986
27,2015,7,96.3722522575745
27,2015,8,96.5210364708687
27,2015,9,97.4448030086165
27,2015,10,96.7039871337135
27,2015,11,96.7997484781632
27,2015,12,96.0278529696007
27,2016,1,95.435984889594
27,2016,2,95.4411868947949
27,2016,3,94.8775351185478
27,2016,4,95.615922648717
27,2016,5,96.6429494351816
27,2016,6,96.0153863892036
27,2016,7,96.7813898515949
27,2016,8,96.0894568085913
27,2016,9,97.1651136518515
27,2016,10,96.2552614663144
27,2016,11,96.3317343482061
27,2016,12,95.3675994136879
27,2017,1,95.0157446580272
27,2017,2,95.2916497146894
27,2017,3,96.236423036186
27,2017,4,96.3493657992131
27,2017,5,97.0987340802636
27,2017,6,96.0738096954597
27,2017,7,96.8031698990936
27,2017,8,96.2521385549956
27,2017,9,97.8192521432205
27,2017,10,97.6568577354289
27,2017,11,97.8441239615641
27,2017,12,96.0568724615374
27,2018,1,96.3506389883237
27,2018,2,96.5514385514962
27,2018,3,96.2038206614311
27,2018,4,97.0582329504325
27,2018,5,97.6430351659807
27,2018,6,96.814092088378
27,2018,7,97.6583672688862
27,2018,8,97.4609644422681
27,2018,9,97.3944273403895
27,2018,10,97.8265768367411
27,2018,11,97.5530581732323
27,2018,12,96.2096255010947
27,2019,1,95.1374250655663
27,2019,2,95.8626590231031
27,2019,3,95.4533970960336
27,2019,4,96.9656475539201
27,2019,5,97.4553752399461
27,2019,6,96.6264940362458
27,2019,7,96.6048057870351
27,2019,8,97.362744620359
27,2019,9,97.5122291694266
27,2019,10,97.20935270757
27,2019,11,96.4302502540975
27,2019,12,96.9836951183411
28,1982,1,90.8780956503082
28,1982,2,88.1756707171697
28,1982,3,89.0464921366225
28,1982,4,89.0651110615652
28,1982,5,87.0907083667026
28,1982,6,85.0564306109266
28,1982,7,88.8841857767644
28,1982,8,87.7828524198933
28,1982,9,88.1644311507542
28,1982,10,89.9317569795837
28,1982,11,89.7228079910261
28,1982,12,89.5534046011838
28,1983,1,85.5628859303812
28,1983,2,84.4453931708574
28,1983,3,86.6886803478535
28,1983,4,86.2335873951891
28,1983,5,84.8612332424752
28,1983,6,83.4910287196026
28,1983,7,88.0692278877754
28,1983,8,88.8785003482314
28,1983,9,89.1958746507479
28,1983,10,89.8964339718191
28,1983,11,90.5066952396007
28,1983,12,89.2640249265515
28,1984,1,88.5066617835581
28,1984,2,89.1198098360185
28,1984,3,89.47355657245
28,1984,4,90.1299451117252
28,1984,5,90.421782646626
28,1984,6,87.3843276642599
28,1984,7,87.1410115555312
28,1984,8,88.0948621290936
28,1984,9,87.9252372456061
28,1984,10,91.1441286844952
28,1984,11,91.0078945441547
28,1984,12,90.4141475128165
28,1985,1,90.6216104796813
28,1985,2,89.1335245414158
28,1985,3,88.5544398190405
28,1985,4,89.2572668954423
28,1985,5,90.7872890500708
28,1985,6,89.3847969561589
28,1985,7,88.5921907629411
28,1985,8,88.9717812722426
28,1985,9,88.8833691899664
28,1985,10,90.2189333728102
28,1985,11,91.5989049143241
28,1985,12,89.3560280202823
28,1986,1,89.966040873437
28,1986,2,88.853470821169
28,1986,3,86.6995800168613
28,1986,4,88.266953616181
28,1986,5,88.13373567205
28,1986,6,86.7046040271678
28,1986,7,88.2105297500522
28,1986,8,86.9501859684112
28,1986,9,88.2221982606157
28,1986,10,88.6829308820727
28,1986,11,89.138550045427
28,1986,12,89.073012228593
28,1987,1,88.0811965485234
28,1987,2,89.30137553536
28,1987,3,90.1863072434826
28,1987,4,90.764118144973
28,1987,5,90.0190845803505
28,1987,6,88.7100289946195
28,1987,7,88.6940170712077
28,1987,8,87.3559115292454
28,1987,9,90.7776506092266
28,1987,10,90.4112518312493
28,1987,11,90.6244206436435
28,1987,12,91.6742766138473
28,1988,1,91.1576134663408
28,1988,2,92.3848134747447
28,1988,3,93.510347502316
28,1988,4,93.9898085619686
28,1988,5,92.6566534701498
28,1988,6,91.0252101469041
28,1988,7,89.9758531009879
28,1988,8,92.163507218791
28,1988,9,90.6143750117976
28,1988,10,90.4631448463723
28,1988,11,90.1433729938485
28,1988,12,91.7062181119692
28,1989,1,89.6117276078288
28,1989,2,91.581320614941
28,1989,3,91.6600463412431
28,1989,4,91.7452298663695
28,1989,5,91.7655917490862
28,1989,6,91.3493614666676
28,1989,7,93.0352975220413
28,1989,8,94.3441850773557
28,1989,9,92.2957388087058
28,1989,10,93.0452272501869
28,1989,11,91.7067671890595
28,1989,12,92.9332376037727
28,1990,1,91.0461325737382
28,1990,2,91.3126820364145
28,1990,3,93.0367647107437
28,1990,4,92.1442813519292
28,1990,5,93.9729134630167
28,1990,6,91.360662972339
28,1990,7,90.7933368344589
28,1990,8,92.2804882733602
28,1990,9,93.8528673948698
28,1990,10,93.0452910124467
28,1990,11,91.8829571342204
28,1990,12,91.6831040651842
28,1991,1,90.4647390774469
28,1991,2,90.1910539699821
28,1991,3,91.4298825557731
28,1991,4,91.7755025285663
28,1991,5,89.3671851364842
28,1991,6,87.9503433574815
28,1991,7,90.1510657048638
28,1991,8,91.7349955269709
28,1991,9,92.7679584068102
28,1991,10,93.1317445330811
28,1991,11,93.5043453872249
28,1991,12,92.3738137352066
28,1992,1,91.0034254247648
28,1992,2,91.8576928446396
28,1992,3,92.2745653932759
28,1992,4,91.9486155926076
28,1992,5,89.9159913180199
28,1992,6,88.2427020487651
28,1992,7,91.3103654479188
28,1992,8,90.1515952804232
28,1992,9,92.316511215979
28,1992,10,91.7757000018553
28,1992,11,94.111577368402
28,1992,12,94.0257051542059
28,1993,1,93.7648416199415
28,1993,2,92.9577558143334
28,1993,3,92.0593264260434
28,1993,4,92.6853744496141
28,1993,5,91.9738617325884
28,1993,6,91.391993827209
28,1993,7,93.999620753175
28,1993,8,93.1623843740502
28,1993,9,94.4971633310564
28,1993,10,94.3272836737437
28,1993,11,95.226572864203
28,1993,12,94.1200522269927
28,1994,1,92.6779796492453
28,1994,2,92.4649048595991
28,1994,3,92.5968323016681
28,1994,4,92.7317351502637
28,1994,5,92.3629397926012
28,1994,6,92.6470849972845
28,1994,7,93.3361296554778
28,1994,8,94.3974025009719
28,1994,9,95.6754868056159
28,1994,10,93.939583881199
28,1994,11,92.5935674753574
28,1994,12,93.7854827889298
28,1995,1,94.3219403134933
28,1995,2,95.0772115110069
28,1995,3,95.0363602346413
28,1995,4,94.5624989939176
28,1995,5,92.6016486755463
28,1995,6,91.7294027683393
28,1995,7,94.4684912364307
28,1995,8,91.1396577048802
28,1995,9,92.3019911679713
28,1995,10,95.1888430520754
28,1995,11,95.3358775679045
28,1995,12,93.9009833491536
28,1996,1,92.0333800933016
28,1996,2,92.7214285832184
28,1996,3,94.1930014713392
28,1996,4,93.2645819979179
28,1996,5,93.1575379892516
28,1996,6,93.4355368980599
28,1996,7,93.9579713454337
28,1996,8,92.9710931199517
28,1996,9,95.3827865152945
28,1996,10,93.7613124534731
28,1996,11,94.8861032414033
28,1996,12,94.9682073157258
28,1997,1,92.5423297327167
28,1997,2,93.5313471568699
28,1997,3,93.7536535336399
28,1997,4,95.2552187979866
28,1997,5,94.7171033226458
28,1997,6,94.3397989150239
28,1997,7,94.2387973758417
28,1997,8,93.1002023443374
28,1997,9,93.2750563099145
28,1997,10,93.6330383870322
28,1997,11,94.4786266973995
28,1997,12,96.2114782385908
28,1998,1,92.6784195831254
28,1998,2,94.0745779518377
28,1998,3,93.6712531171682
28,1998,4,95.2827028350515
28,1998,5,94.7445943260966
28,1998,6,94.703624536705
28,1998,7,94.5036385512162
28,1998,8,94.370664870878
28,1998,9,94.4563756400617
28,1998,10,95.3612444660737
28,1998,11,95.5841065507707
28,1998,12,94.6883428744118
28,1999,1,93.0447319984817
28,1999,2,95.701692308598
28,1999,3,93.2476711347628
28,1999,4,96.1084391121229
28,1999,5,94.6381568491272
28,1999,6,94.8239145187268
28,1999,7,95.1166217845274
28,1999,8,95.6866448962996
28,1999,9,94.3944339252142
28,1999,10,94.7787726983931
28,1999,11,96.5406194675743
28,1999,12,94.6649056037562
28,2000,1,93.406175038343
28,2000,2,93.3568085558241
28,2000,3,94.1365812579801
28,2000,4,95.4525514210289
28,2000,5,93.8567335749534
28,2000,6,92.7447442968125
28,2000,7,94.3556520545858
28,2000,8,95.2452418909206
28,2000,9,95.7233886786567
28,2000,10,94.4342081191207
28,2000,11,94.4908475280524
28,2000,12,96.1202437134643
28,2001,1,95.187077711302
28,2001,2,94.2877052680302
28,2001,3,93.987003684113
28,2001,4,95.8039408032368
28,2001,5,94.7117230209086
28,2001,6,95.2651482968554
28,2001,7,95.4386934662769
28,2001,8,94.3074743300419
28,2001,9,93.1150464637596
28,2001,10,93.9604658065477
28,2001,11,93.6690834521016
28,2001,12,92.3125504691346
28,2002,1,91.9323286528325
28,2002,2,92.5004068049208
28,2002,3,92.8158774488624
28,2002,4,92.6041588644688
28,2002,5,93.0513999184531
28,2002,6,93.1122028344998
28,2002,7,94.2628536040187
28,2002,8,94.587116460429
28,2002,9,94.6630926297328
28,2002,10,91.7590891483306
28,2002,11,93.36580475336
28,2002,12,93.2787857019673
28,2003,1,92.1388319371791
28,2003,2,94.2035062142983
28,2003,3,93.9700395887926
28,2003,4,92.9192585375304
28,2003,5,93.3091596118821
28,2003,6,90.6902828739388
28,2003,7,91.5323432032132
28,2003,8,94.382780172492
28,2003,9,95.9396536357594
28,2003,10,92.9724280639081
28,2003,11,95.3047837754617
28,2003,12,94.8287488186985
28,2004,1,93.7785418758661
28,2004,2,94.3756967308524
28,2004,3,96.1209847684582
28,2004,4,94.6798159925416
28,2004,5,93.512965390077
28,2004,6,93.3127637261754
28,2004,7,92.873978149516
28,2004,8,93.818942864604
28,2004,9,93.8212818454427
28,2004,10,91.8479624156187
28,2004,11,92.6660589043437
28,2004,12,93.2730823194398
28,2005,1,92.1458027464986
28,2005,2,93.8502325278739
28,2005,3,92.8870739748994
28,2005,4,94.0049462431115
28,2005,5,92.8139883705761
28,2005,6,91.7930245734862
28,2005,7,93.5175722390988
28,2005,8,92.3158166183934
28,2005,9,94.1373458901577
28,2005,10,94.7266009629229
28,2005,11,92.7076709603896
28,2005,12,92.8061207100607
28,2006,1,93.0390191299451
28,2006,2,93.4322983531485
28,2006,3,94.0489623138762
28,2006,4,92.8802614521666
28,2006,5,94.0206763145165
28,2006,6,93.3911572373795
28,2006,7,91.5478198755238
28,2006,8,94.3925332511948
28,2006,9,92.7998568429031
28,2006,10,94.3537979592462
28,2006,11,92.6345267348751
28,2006,12,92.8849984208176
28,2007,1,94.4008799737491
28,2007,2,92.4908539797659
28,2007,3,93.291865856413
28,2007,4,93.8957049760039
28,2007,5,95.6265286877833
28,2007,6,93.6236168893114
28,2007,7,92.5069887730859
28,2007,8,95.7264342710052
28,2007,9,94.6528642276599
28,2007,10,94.4511721069383
28,2007,11,94.9135171779835
28,2007,12,94.0392779599436
28,2008,1,94.6898585299102
28,2008,2,94.708093450961
28,2008,3,94.6667685485602
28,2008,4,94.9828513807019
28,2008,5,93.8740796776728
28,2008,6,91.6731685161955
28,2008,7,89.45284558154
28,2008,8,92.4687467758565
28,2008,9,92.4903645695659
28,2008,10,94.3510551728431
28,2008,11,94.1848854102994
28,2008,12,92.7758464652157
28,2009,1,90.9412142764845
28,2009,2,90.5990128375243
28,2009,3,90.5679739062586
28,2009,4,92.9309025959877
28,2009,5,90.7640176416644
28,2009,6,91.4699388080374
28,2009,7,88.0433028035714
28,2009,8,90.1082973292928
28,2009,9,91.9966913326114
28,2009,10,90.0537272876553
28,2009,11,91.787995842066
28,2009,12,87.8895405482412
28,2010,1,86.0718725305596
28,2010,2,85.3928112239518
28,2010,3,88.4354737240347
28,2010,4,89.1535508941273
28,2010,5,88.8891948395082
28,2010,6,91.2065707576599
28,2010,7,89.3718411967049
28,2010,8,93.5997770173706
28,2010,9,88.7957676414681
28,2010,10,89.2646474103424
28,2010,11,89.5161918959261
28,2010,12,88.9453361821757
28,2011,1,88.9172433676657
28,2011,2,89.5921651367184
28,2011,3,88.6081969353828
28,2011,4,89.809843098049
28,2011,5,91.6670592328571
28,2011,6,89.6891788700873
28,2011,7,89.0985631359608
28,2011,8,90.1089211223163
28,2011,9,88.6501553835008
28,2011,10,89.555910503345
28,2011,11,89.4133281138431
28,2011,12,88.6198465699694
28,2012,1,91.3099160993962
28,2012,2,90.5432552181417
28,2012,3,91.8421713678599
28,2012,4,92.0450790907345
28,2012,5,91.7472782700966
28,2012,6,90.4889044744157
28,2012,7,89.6296190753754
28,2012,8,91.8364381508737
28,2012,9,88.9429256425282
28,2012,10,92.5570770419215
28,2012,11,92.3188835202595
28,2012,12,88.1016666354934
28,2013,1,87.1829170576328
28,2013,2,88.5857970798502
28,2013,3,91.5553884048804
28,2013,4,92.9886359084483
28,2013,5,90.833212933347
28,2013,6,90.1890595735736
28,2013,7,92.8347467579888
28,2013,8,90.5164617879857
28,2013,9,91.7952542548066
28,2013,10,91.4475858887296
28,2013,11,91.5910799485653
28,2013,12,93.6868157255976
28,2014,1,92.2850351139126
28,2014,2,91.080470398279
28,2014,3,90.8883991046888
28,2014,4,92.2844151066199
28,2014,5,91.5273961597488
28,2014,6,90.7575953824685
28,2014,7,92.6081746690239
28,2014,8,92.3553966082885
28,2014,9,92.8951477998123
28,2014,10,92.2615592805849
28,2014,11,93.657385815598
28,2014,12,92.6596627811914
28,2015,1,91.9225333862118
28,2015,2,93.6718158985849
28,2015,3,94.1728450592887
28,2015,4,94.3022255144885
28,2015,5,92.5520224892632
28,2015,6,93.172567703235
28,2015,7,93.2411783050753
28,2015,8,94.2880733325787
28,2015,9,94.2412742841127
28,2015,10,93.8544569303182
28,2015,11,93.3504756678094
28,2015,12,91.8299553450524
28,2016,1,93.3385656547724
28,2016,2,94.2876414634925
28,2016,3,94.8093450572045
28,2016,4,95.1881836155304
28,2016,5,93.9541923862851
28,2016,6,92.9607011934268
28,2016,7,93.4406254069887
28,2016,8,94.0960216663357
28,2016,9,94.3193691783325
28,2016,10,94.1836515361244
28,2016,11,94.61572578287
28,2016,12,94.8112025256614
28,2017,1,93.7593343576296
28,2017,2,96.1511064014857
28,2017,3,95.1166053456269
28,2017,4,95.7973671137908
28,2017,5,93.5111556047935
28,2017,6,93.6337497143376
28,2017,7,94.1392294221379
28,2017,8,95.2310207045805
28,2017,9,95.8992001190453
28,2017,10,96.1075061884576
28,2017,11,95.0364476221468
28,2017,12,96.3648207948401
28,2018,1,96.107537797767
28,2018,2,94.1190916434145
28,2018,3,95.667748382854
28,2018,4,94.5352073939771
28,2018,5,94.8581156189645
28,2018,6,94.3036687642088
28,2018,7,94.7377574347362
28,2018,8,94.4132703197502
28,2018,9,95.4781822063982
28,2018,10,96.2777970505447
28,2018,11,95.3049212183725
28,2018,12,94.6074766589436
28,2019,1,95.1103887354303
28,2019,2,94.0891542760204
28,2019,3,94.5400188975238
28,2019,4,94.3446071929688
28,2019,5,95.9053175829696
28,2019,6,92.6935561538249
28,2019,7,92.3386480526537
28,2019,8,93.3189870814665
28,2019,9,93.7817430771714
28,2019,10,94.995431249235
28,2019,11,93.7291150910809
28,2019,12,96.1106029131681
29,1982,1,90.5012532594418
29,1982,2,91.1300961583634
29,1982,3,90.6190229696953
29,1982,4,90.549548506969
29,1982,5,91.3121265144182
29,1982,6,89.9959771950594
29,1982,7,90.7111361706243
29,1982,8,90.9205210028663
29,1982,9,91.1596589033634
29,1982,10,91.7436518675595
29,1982,11,89.4279665818554
29,1982,12,88.7190511738053
29,1983,1,89.0929817849748
29,1983,2,88.046023668791
29,1983,3,89.2855668851363
29,1983,4,88.7103741126608
29,1983,5,89.8867361986373
29,1983,6,90.5560698254498
29,1983,7,89.5168515687071
29,1983,8,89.2829958463959
29,1983,9,90.5006901256451
29,1983,10,91.3675526801582
29,1983,11,91.9153220026977
29,1983,12,91.344683478513
29,1984,1,90.2085934952267
29,1984,2,89.7780501148728
29,1984,3,91.974905931665
29,1984,4,91.8821208469603
29,1984,5,93.0599359037112
29,1984,6,93.555204484612
29,1984,7,94.1318217720476
29,1984,8,91.9590975973444
29,1984,9,94.0233243245339
29,1984,10,94.6818003940535
29,1984,11,92.8994020422251
29,1984,12,92.884382929878
29,1985,1,92.0451509866596
29,1985,2,92.4280997342329
29,1985,3,93.0221393995907
29,1985,4,93.0638914610819
29,1985,5,92.580052546946
29,1985,6,94.186811498474
29,1985,7,94.2969396471869
29,1985,8,94.3874621105437
29,1985,9,93.3159017952488
29,1985,10,93.951875913934
29,1985,11,94.8175033981849
29,1985,12,94.3127667925785
29,1986,1,92.9730760824814
29,1986,2,93.3834254450004
29,1986,3,94.0085930062652
29,1986,4,94.3981967180683
29,1986,5,92.1868762233551
29,1986,6,92.7353516096217
29,1986,7,93.2862005404281
29,1986,8,93.9970407931505
29,1986,9,94.0818405393075
29,1986,10,95.0446818012897
29,1986,11,93.6814566117575
29,1986,12,94.9550232399728
29,1987,1,92.7452573358468
29,1987,2,91.7742579863696
29,1987,3,92.8740331706864
29,1987,4,94.1450879516081
29,1987,5,93.1668844352533
29,1987,6,93.1437367887393
29,1987,7,93.153894776471
29,1987,8,93.2926039051235
29,1987,9,95.2666755500864
29,1987,10,94.7538176190386
29,1987,11,93.7884401690321
29,1987,12,95.2665844398726
29,1988,1,94.513325336918
29,1988,2,94.0819487420383
29,1988,3,94.8857287067556
29,1988,4,94.1048741057871
29,1988,5,93.7775861844118
29,1988,6,93.1665297959189
29,1988,7,94.2636424222308
29,1988,8,93.3573769953475
29,1988,9,94.7016621085308
29,1988,10,95.1263836109874
29,1988,11,94.2382998637064
29,1988,12,93.8054840065086
29,1989,1,92.834469658155
29,1989,2,93.3603957481598
29,1989,3,93.6887856731434
29,1989,4,94.8640128995317
29,1989,5,95.4785127690387
29,1989,6,94.9985046134116
29,1989,7,94.6407041044695
29,1989,8,95.1711577168963
29,1989,9,94.4692571561588
29,1989,10,95.0380619146716
29,1989,11,94.7257730684701
29,1989,12,94.391486144248
29,1990,1,92.2759382181032
29,1990,2,93.6206241146412
29,1990,3,95.0096116552665
29,1990,4,94.658837903064
29,1990,5,95.2738268327348
29,1990,6,94.3248455582847
29,1990,7,93.7545461437848
29,1990,8,93.4229093292127
29,1990,9,93.6253188581118
29,1990,10,93.7081811505654
29,1990,11,93.9517808833199
29,1990,12,94.0000001143761
29,1991,1,94.0120712968609
29,1991,2,92.7808574047174
29,1991,3,92.3615616253173
29,1991,4,93.0314187248287
29,1991,5,92.3935071848409
29,1991,6,91.8859008627109
29,1991,7,94.1923052273588
29,1991,8,93.2515434025532
29,1991,9,94.0723993920317
29,1991,10,93.4590885938382
29,1991,11,94.6487662739862
29,1991,12,94.4838550351021
29,1992,1,93.3237510733005
29,1992,2,94.615884135367
29,1992,3,95.0104652616329
29,1992,4,93.8461044640051
29,1992,5,92.401903757984
29,1992,6,93.2865242676233
29,1992,7,93.7554005661057
29,1992,8,94.2081615479095
29,1992,9,94.0905996610669
29,1992,10,94.5005443961621
29,1992,11,96.1265154140324
29,1992,12,94.6387833665908
29,1993,1,92.5047973236553
29,1993,2,92.3386645700867
29,1993,3,92.1918838274463
29,1993,4,93.6979434708438
29,1993,5,93.2578777358167
29,1993,6,91.6499347382043
29,1993,7,94.2183970142447
29,1993,8,94.1587989806073
29,1993,9,94.6990147024051
29,1993,10,94.3460883884201
29,1993,11,93.8191829417917
29,1993,12,94.3984250268804
29,1994,1,93.6444742247326
29,1994,2,93.9587467431606
29,1994,3,92.8587481257985
29,1994,4,95.6609470131473
29,1994,5,94.9109705503223
29,1994,6,95.118713535654
29,1994,7,95.6672590115637
29,1994,8,95.066013782913
29,1994,9,95.4921504274705
29,1994,10,95.8334431103794
29,1994,11,96.3153876287002
29,1994,12,95.2617174152771
29,1995,1,94.9407165420902
29,1995,2,94.8562439679346
29,1995,3,94.1395586682291
29,1995,4,94.7620495993555
29,1995,5,94.3212305993264
29,1995,6,95.3053720368449
29,1995,7,94.0470233177212
29,1995,8,94.9646882812735
29,1995,9,95.2243056944627
29,1995,10,97.2905650476778
29,1995,11,97.2071728227045
29,1995,12,96.4401380921524
29,1996,1,95.5679264642225
29,1996,2,94.9565004581756
29,1996,3,94.7019768983723
29,1996,4,94.5616878571478
29,1996,5,95.1317485323336
29,1996,6,94.9171733031695
29,1996,7,94.0720708311306
29,1996,8,95.4685502887301
29,1996,9,96.6937758822464
29,1996,10,96.1259103817496
29,1996,11,94.7349681642301
29,1996,12,95.0473409021036
29,1997,1,94.0542765091985
29,1997,2,94.1722629134835
29,1997,3,95.8446670459824
29,1997,4,95.0516943686623
29,1997,5,96.4884055357544
29,1997,6,96.2314041582382
29,1997,7,96.5124144444607
29,1997,8,96.4080048890135
29,1997,9,95.9716923080945
29,1997,10,95.7036882534531
29,1997,11,96.2200382478673
29,1997,12,95.2726160192945
29,1998,1,94.1934413114723
29,1998,2,94.1690621221101
29,1998,3,94.7191421873617
29,1998,4,94.4679618721523
29,1998,5,95.0729679101312
29,1998,6,95.8805622547448
29,1998,7,95.7741543422875
29,1998,8,95.8172626827032
29,1998,9,97.0505646652069
29,1998,10,96.6607894054121
29,1998,11,96.2595597542344
29,1998,12,97.2028800116714
29,1999,1,97.313139909664
29,1999,2,96.4814387272426
29,1999,3,96.0633414447885
29,1999,4,95.4955243744299
29,1999,5,95.758476349063
29,1999,6,94.5792680107541
29,1999,7,95.9262586496847
29,1999,8,96.9411559186346
29,1999,9,96.8509794187269
29,1999,10,97.8722211402288
29,1999,11,97.6245002067279
29,1999,12,96.4294213911001
29,2000,1,97.5401542914855
29,2000,2,96.6769046966386
29,2000,3,95.7139079172183
29,2000,4,97.6253826175108
29,2000,5,96.2992532107909
29,2000,6,97.0138032456183
29,2000,7,97.0724534966644
29,2000,8,96.818804969845
29,2000,9,95.7949526235963
29,2000,10,95.2248238634895
29,2000,11,97.2043119868657
29,2000,12,95.4068269374114
29,2001,1,94.4907510434265
29,2001,2,94.2421978599527
29,2001,3,95.4678654940915
29,2001,4,95.4821692228193
29,2001,5,95.9028450014762
29,2001,6,94.784150554399
29,2001,7,95.7822084789863
29,2001,8,95.6050943329978
29,2001,9,95.2073038040874
29,2001,10,95.1763149097387
29,2001,11,95.1195261802998
29,2001,12,95.4354439692438
29,2002,1,93.1355051950235
29,2002,2,93.8351239856482
29,2002,3,93.0077157608191
29,2002,4,94.2983479667407
29,2002,5,95.7133438284593
29,2002,6,93.0690569620147
29,2002,7,95.0138514173177
29,2002,8,95.5612082614255
29,2002,9,94.8176687230505
29,2002,10,94.8966299212453
29,2002,11,94.937081046911
29,2002,12,95.0155385238069
29,2003,1,93.2915488653692
29,2003,2,94.9018532827279
29,2003,3,94.0163610747406
29,2003,4,94.3582512702291
29,2003,5,94.288712576334
29,2003,6,92.7728323544865
29,2003,7,93.7268832591528
29,2003,8,93.8190955191934
29,2003,9,94.8208347202878
29,2003,10,94.9899763753026
29,2003,11,95.5334903314098
29,2003,12,95.4465121044555
29,2004,1,94.7199618856812
29,2004,2,93.725694836115
29,2004,3,94.4779189828828
29,2004,4,95.0878205990075
29,2004,5,93.5455314501518
29,2004,6,93.1940761435481
29,2004,7,93.4257225043701
29,2004,8,93.8391737438738
29,2004,9,93.8126690855141
29,2004,10,94.2871956228984
29,2004,11,93.7646209731536
29,2004,12,94.5393975724974
29,2005,1,92.60116280373
29,2005,2,94.1115907099491
29,2005,3,94.2963612969458
29,2005,4,94.4103457667497
29,2005,5,95.2458124180789
29,2005,6,94.578069306658
29,2005,7,94.6158423955691
29,2005,8,96.3119488153171
29,2005,9,95.3000405881208
29,2005,10,95.0015058785186
29,2005,11,93.9628398677999
29,2005,12,94.9244528509877
29,2006,1,95.0793514358306
29,2006,2,94.691001543069
29,2006,3,95.9206012329675
29,2006,4,95.8026045649244
29,2006,5,95.7043243536739
29,2006,6,94.9993600228699
29,2006,7,95.4272444746972
29,2006,8,94.5076358272876
29,2006,9,94.620643029764
29,2006,10,94.0728138786157
29,2006,11,94.9467407866518
29,2006,12,95.7511933325137
29,2007,1,95.5884682694363
29,2007,2,94.0367484210671
29,2007,3,95.2785488116409
29,2007,4,95.9766952241174
29,2007,5,96.0116898075077
29,2007,6,95.127307898553
29,2007,7,94.8957507291419
29,2007,8,93.9196864527055
29,2007,9,94.3345498345044
29,2007,10,93.9955882346867
29,2007,11,94.906431963054
29,2007,12,94.8972467365098
29,2008,1,93.5477955736087
29,2008,2,94.0018974708707
29,2008,3,93.9326250382649
29,2008,4,95.7089376337933
29,2008,5,94.5728842662934
29,2008,6,94.7370575561875
29,2008,7,93.3191856824343
29,2008,8,93.3454996732903
29,2008,9,93.7100884406084
29,2008,10,94.0150215055779
29,2008,11,93.3961908703714
29,2008,12,92.8281566367735
29,2009,1,90.4282776805273
29,2009,2,90.3851848708842
29,2009,3,90.3025413406562
29,2009,4,92.497495222261
29,2009,5,90.333283383314
29,2009,6,90.452480623425
29,2009,7,89.9539002570906
29,2009,8,90.1443481328054
29,2009,9,90.275671724719
29,2009,10,91.5016032166409
29,2009,11,89.8892026078916
29,2009,12,90.0505726176859
29,2010,1,90.6186594991543
29,2010,2,88.759752110504
29,2010,3,88.3667444230562
29,2010,4,91.2453088786592
29,2010,5,91.4103494051687
29,2010,6,90.7987453062795
29,2010,7,90.4432999349368
29,2010,8,89.8728290166868
29,2010,9,90.8202163420124
29,2010,10,91.3219615237689
29,2010,11,90.4956158268091
29,2010,12,90.4785713131442
29,2011,1,89.4957528118993
29,2011,2,90.5640083265972
29,2011,3,91.8032343041097
29,2011,4,91.8705439247555
29,2011,5,91.282581930427
29,2011,6,92.0050281116197
29,2011,7,91.5731943223096
29,2011,8,90.9726322618717
29,2011,9,92.3264085285939
29,2011,10,91.9216406703301
29,2011,11,92.5988024384296
29,2011,12,92.5153367231069
29,2012,1,93.3261537268046
29,2012,2,90.9969001193411
29,2012,3,92.3027396765832
29,2012,4,93.0759225460022
29,2012,5,93.0825013208445
29,2012,6,94.2640081469402
29,2012,7,92.0954858019847
29,2012,8,92.9503867467749
29,2012,9,93.6600467266333
29,2012,10,92.5874721437876
29,2012,11,93.6215146972944
29,2012,12,94.0158125311793
29,2013,1,92.684088028899
29,2013,2,92.093560686963
29,2013,3,92.676438116325
29,2013,4,93.067606976758
29,2013,5,92.9377025510432
29,2013,6,92.8446982180692
29,2013,7,92.1254355428285
29,2013,8,93.1391185093917
29,2013,9,94.6186079382431
29,2013,10,95.2121218540308
29,2013,11,94.3544450455031
29,2013,12,93.521118669821
29,2014,1,92.3645335878238
29,2014,2,90.6460084921612
29,2014,3,91.1344618909225
29,2014,4,93.7309512514399
29,2014,5,93.9412106190614
29,2014,6,93.204230525079
29,2014,7,93.4035136336722
29,2014,8,94.1476678380242
29,2014,9,93.6322478629461
29,2014,10,95.8196343780867
29,2014,11,94.683187807179
29,2014,12,94.9832080158116
29,2015,1,93.998498331232
29,2015,2,94.2065167474428
29,2015,3,94.2578685294445
29,2015,4,95.1940989843477
29,2015,5,94.3100864191844
29,2015,6,94.4040469226935
29,2015,7,94.2584721894637
29,2015,8,95.134423614232
29,2015,9,95.7162243417274
29,2015,10,96.1034919006191
29,2015,11,96.560132297303
29,2015,12,96.9196406209167
29,2016,1,95.0110004082494
29,2016,2,95.4292706242248
29,2016,3,95.38999447652
29,2016,4,95.3817015234256
29,2016,5,96.031935337983
29,2016,6,94.7684032118024
29,2016,7,94.7367331547633
29,2016,8,94.4293221291053
29,2016,9,95.462989383061
29,2016,10,96.3681445049249
29,2016,11,96.8228013713231
29,2016,12,96.1446767148984
29,2017,1,95.2447153754365
29,2017,2,95.1524542857375
29,2017,3,96.3123164999251
29,2017,4,95.9335383604539
29,2017,5,95.4455571962983
29,2017,6,97.2046384071489
29,2017,7,96.2740542678061
29,2017,8,95.7326634839546
29,2017,9,96.5286296954841
29,2017,10,97.6146909578896
29,2017,11,96.067579261972
29,2017,12,96.5103580094692
29,2018,1,95.3676538265688
29,2018,2,96.810179048034
29,2018,3,95.5740552342538
29,2018,4,96.1543162644994
29,2018,5,96.4426393558598
29,2018,6,96.7402309630177
29,2018,7,96.1525248196705
29,2018,8,96.4068705232342
29,2018,9,97.7516236282032
29,2018,10,97.6932491637612
29,2018,11,97.5650535414815
29,2018,12,96.8266005708762
29,2019,1,96.6903399982409
29,2019,2,96.1495562611148
29,2019,3,95.7801369808446
29,2019,4,97.1011859177771
29,2019,5,97.0989671329057
29,2019,6,96.4459774674378
29,2019,7,96.5832998126315
29,2019,8,96.666114794007
29,2019,9,97.7042255548732
29,2019,10,96.9784467440485
29,2019,11,96.6186079184665
29,2019,12,96.1965537694271
30,1982,1,88.4524697248767
30,1982,2,89.21923829354
30,1982,3,89.8177975721738
30,1982,4,90.1650689270776
30,1982,5,92.360504436413
30,1982,6,90.522000270245
30,1982,7,91.5438956412474
30,1982,8,93.1664768413244
30,1982,9,92.0581351091143
30,1982,10,90.8997564821948
30,1982,11,91.7591274025871
30,1982,12,91.7468154944355
30,1983,1,90.0958333295791
30,1983,2,90.5451213573477
30,1983,3,88.8247394375231
30,1983,4,90.1538888868091
30,1983,5,90.9247979019425
30,1983,6,89.4759156891013
30,1983,7,90.811655056558
30,1983,8,92.7191995225791
30,1983,9,92.5352871444473
30,1983,10,90.8465653373388
30,1983,11,90.2899651755752
30,1983,12,91.462203571487
30,1984,1,90.6198027766817
30,1984,2,90.892545431029
30,1984,3,90.1549839241347
30,1984,4,91.0732684248336
30,1984,5,93.121019087407
30,1984,6,91.1377528335997
30,1984,7,92.9430814605436
30,1984,8,92.347969905307
30,1984,9,93.0877319911736
30,1984,10,94.6220163086407
30,1984,11,93.1008424772314
30,1984,12,93.3810155902334
30,1985,1,91.28690805061
30,1985,2,91.1625439021626
30,1985,3,92.1976087751013
30,1985,4,91.4357285392965
30,1985,5,92.7961337924071
30,1985,6,91.4188813734965
30,1985,7,92.3946882529724
30,1985,8,92.1514030889711
30,1985,9,93.105574289893
30,1985,10,93.5354866788241
30,1985,11,92.1824637776806
30,1985,12,91.9234757702909
30,1986,1,90.4367920100601
30,1986,2,90.2947350901795
30,1986,3,90.3695014634251
30,1986,4,92.4278359982234
30,1986,5,91.5876247069701
30,1986,6,91.1602618945743
30,1986,7,92.6866540445229
30,1986,8,93.3287496879154
30,1986,9,91.4820756119876
30,1986,10,93.6548276607288
30,1986,11,91.2110976890672
30,1986,12,91.3187188425159
30,1987,1,90.364968701885
30,1987,2,91.5553565973072
30,1987,3,92.4285157949604
30,1987,4,93.3530177629551
30,1987,5,92.8214467870233
30,1987,6,91.13212445019
30,1987,7,93.2493359614116
30,1987,8,93.2025366021149
30,1987,9,94.7111166130051
30,1987,10,92.2428771362048
30,1987,11,92.877021046513
30,1987,12,90.9969879012331
30,1988,1,91.9689742821346
30,1988,2,90.9527810944119
30,1988,3,89.9053240212496
30,1988,4,92.4971087542569
30,1988,5,92.1619424087958
30,1988,6,93.511776576373
30,1988,7,93.8961594248609
30,1988,8,94.8839206032819
30,1988,9,96.042072828461
30,1988,10,94.483040303542
30,1988,11,93.8802925924038
30,1988,12,93.6257796636433
30,1989,1,92.9185783244422
30,1989,2,92.4246824374979
30,1989,3,91.4379744573388
30,1989,4,94.8553019599663
30,1989,5,95.0146285556818
30,1989,6,94.2787339008448
30,1989,7,94.248407108052
30,1989,8,94.651206739379
30,1989,9,95.4010673274211
30,1989,10,95.0924095744
30,1989,11,94.3141482269814
30,1989,12,94.590659952523
30,1990,1,93.1480988207111
30,1990,2,94.3265384520763
30,1990,3,93.4759679947516
30,1990,4,94.1739917989135
30,1990,5,94.4000459508181
30,1990,6,94.3279220255281
30,1990,7,95.1958765713435
30,1990,8,96.080651122429
30,1990,9,94.477194516451
30,1990,10,92.7798570808294
30,1990,11,92.2642640864878
30,1990,12,92.3774594302999
30,1991,1,91.977120404843
30,1991,2,92.0770098858406
30,1991,3,90.1329412056308
30,1991,4,93.0327074969788
30,1991,5,93.897456018434
30,1991,6,93.827339521548
30,1991,7,94.0042191364511
30,1991,8,94.1893846154446
30,1991,9,94.4879822654083
30,1991,10,93.5183792715965
30,1991,11,91.4722240446585
30,1991,12,91.7910327634653
30,1992,1,89.9803377642435
30,1992,2,91.3705138284604
30,1992,3,93.0904963360301
30,1992,4,93.9121420795702
30,1992,5,93.5483245187032
30,1992,6,92.2882838772299
30,1992,7,95.5251329391191
30,1992,8,94.405513780977
30,1992,9,92.6814395936856
30,1992,10,94.0119640675002
30,1992,11,93.5879463520488
30,1992,12,92.9889166659718
30,1993,1,91.9564491089473
30,1993,2,91.1415114964454
30,1993,3,92.9621809922735
30,1993,4,95.0533628442892
30,1993,5,95.1025623194812
30,1993,6,93.3810175871091
30,1993,7,94.2860746066802
30,1993,8,93.9330198500907
30,1993,9,95.8148621434644
30,1993,10,94.223699672688
30,1993,11,94.0213274023691
30,1993,12,95.1448009265141
30,1994,1,93.130357490266
30,1994,2,93.5396399723223
30,1994,3,94.2366242066133
30,1994,4,94.9968090822426
30,1994,5,96.1278745380025
30,1994,6,96.0492313389295
30,1994,7,95.3785118951084
30,1994,8,95.4217706287121
30,1994,9,94.0173104626684
30,1994,10,94.6624603613582
30,1994,11,95.0993464050311
30,1994,12,93.4073907170491
30,1995,1,93.2807512155801
30,1995,2,92.5490880542095
30,1995,3,93.7211396389114
30,1995,4,94.0719608828871
30,1995,5,94.6357586466469
30,1995,6,94.2371465952405
30,1995,7,94.9305570204533
30,1995,8,93.171107925711
30,1995,9,94.0297011644812
30,1995,10,93.5918241815341
30,1995,11,93.9070355316018
30,1995,12,93.9585571083316
30,1996,1,92.8609436537591
30,1996,2,92.8232759070226
30,1996,3,94.7434897000684
30,1996,4,93.5082364932829
30,1996,5,95.4859595269355
30,1996,6,94.6815501136483
30,1996,7,94.5681348477116
30,1996,8,94.3690361894396
30,1996,9,95.0562368328011
30,1996,10,96.2399613475022
30,1996,11,95.5637353504109
30,1996,12,95.1741269575426
30,1997,1,94.0013275283739
30,1997,2,93.3901746610564
30,1997,3,93.1584159841491
30,1997,4,93.9825400048284
30,1997,5,95.3738883877085
30,1997,6,94.2769720724867
30,1997,7,95.1146427847572
30,1997,8,95.6945142946179
30,1997,9,95.8819149131038
30,1997,10,95.3473348332656
30,1997,11,94.3442525953063
30,1997,12,93.1423899316484
30,1998,1,92.9655796928613
30,1998,2,93.6836767346667
30,1998,3,93.3726298434707
30,1998,4,94.0049318520649
30,1998,5,94.6161799042542
30,1998,6,94.6633145622451
30,1998,7,95.5725613788663
30,1998,8,95.9705505245427
30,1998,9,95.2566537745961
30,1998,10,93.9829344751389
30,1998,11,93.1750550642536
30,1998,12,93.4352716921895
30,1999,1,93.2277207854079
30,1999,2,92.7731721304205
30,1999,3,93.0019279779049
30,1999,4,94.409125564455
30,1999,5,95.5940006302325
30,1999,6,95.6168465054006
30,1999,7,96.0635768718531
30,1999,8,94.2222454201997
30,1999,9,95.3725175216271
30,1999,10,96.0191246359734
30,1999,11,95.3134099180518
30,1999,12,94.761533798068
30,2000,1,93.3559465042816
30,2000,2,93.6017534776152
30,2000,3,93.9129221962579
30,2000,4,94.7113741008025
30,2000,5,95.2621269750653
30,2000,6,95.1402767817944
30,2000,7,94.1259899517344
30,2000,8,96.0233178558477
30,2000,9,96.2362209365276
30,2000,10,95.6339896141075
30,2000,11,94.769489052125
30,2000,12,95.6106065096694
30,2001,1,93.9278245957278
30,2001,2,94.770723709375
30,2001,3,94.6477688099739
30,2001,4,94.5146319711054
30,2001,5,95.2762561541863
30,2001,6,96.2259584766564
30,2001,7,96.5306933932264
30,2001,8,95.4499912329704
30,2001,9,95.5474959631213
30,2001,10,95.8008367794683
30,2001,11,95.4309010077987
30,2001,12,95.4424604709263
30,2002,1,94.5680556701965
30,2002,2,93.7621630826451
30,2002,3,93.9531821570508
30,2002,4,95.6070257975827
30,2002,5,96.833336657999
30,2002,6,94.7341155919879
30,2002,7,95.3795080550365
30,2002,8,96.6788962749922
30,2002,9,97.1148712035018
30,2002,10,94.8576448748387
30,2002,11,95.4184066019081
30,2002,12,95.3793560958077
30,2003,1,94.2246362752975
30,2003,2,94.8236139315391
30,2003,3,94.2781184188783
30,2003,4,96.1283279223237
30,2003,5,95.60522823303
30,2003,6,94.054332684788
30,2003,7,95.007028268335
30,2003,8,95.1889572871338
30,2003,9,95.1316793233246
30,2003,10,96.3912901758841
30,2003,11,95.0264074352096
30,2003,12,94.1855768025774
30,2004,1,93.7443166567107
30,2004,2,95.3169657964089
30,2004,3,94.1334735007226
30,2004,4,94.2111551161829
30,2004,5,95.0702412561224
30,2004,6,94.1069572680767
30,2004,7,96.6283372213123
30,2004,8,94.6189899185041
30,2004,9,94.7995231475791
30,2004,10,95.2866572093166
30,2004,11,95.92137375022
30,2004,12,96.676113721087
30,2005,1,93.8362950664095
30,2005,2,94.0157649444366
30,2005,3,93.7903816685339
30,2005,4,95.7354187510219
30,2005,5,95.8079212275286
30,2005,6,94.9071463351511
30,2005,7,96.4510583382604
30,2005,8,94.5528162062784
30,2005,9,96.1844653298102
30,2005,10,96.1902042543499
30,2005,11,96.1850551347524
30,2005,12,97.0264560317457
30,2006,1,94.4314302486878
30,2006,2,95.7837244005991
30,2006,3,95.6929664653906
30,2006,4,95.8238178129441
30,2006,5,95.2255180262732
30,2006,6,96.3472697105987
30,2006,7,96.7264496410029
30,2006,8,97.4039853495199
30,2006,9,97.1011434265117
30,2006,10,96.7828728887292
30,2006,11,98.0008852422414
30,2006,12,96.5682199992626
30,2007,1,96.8854260914533
30,2007,2,96.3790807895998
30,2007,3,97.8391823471422
30,2007,4,96.6732121513005
30,2007,5,96.8648519865232
30,2007,6,95.5311068286513
30,2007,7,94.9922481939613
30,2007,8,96.3211801153479
30,2007,9,96.9768112762275
30,2007,10,96.5587199437157
30,2007,11,95.3087178492732
30,2007,12,95.6141933924015
30,2008,1,95.6911802842295
30,2008,2,94.3753700089796
30,2008,3,94.3930518863798
30,2008,4,93.8131826516599
30,2008,5,94.8965562622339
30,2008,6,96.0129397768196
30,2008,7,96.7997775961207
30,2008,8,94.5297216734401
30,2008,9,94.164069053928
30,2008,10,94.6620479935435
30,2008,11,93.8018143272554
30,2008,12,93.7429187431062
30,2009,1,91.0526816329966
30,2009,2,90.252677569739
30,2009,3,91.7923688487666
30,2009,4,92.9576364977392
30,2009,5,94.4470795013814
30,2009,6,94.163455457364
30,2009,7,93.2392283060104
30,2009,8,94.3078317169932
30,2009,9,93.7841262617734
30,2009,10,95.0903225681836
30,2009,11,92.6086788554904
30,2009,12,92.0389297858299
30,2010,1,91.420973019654
30,2010,2,91.1638310137687
30,2010,3,90.5135981002903
30,2010,4,93.8192572724321
30,2010,5,92.4376692404787
30,2010,6,92.1918197380706
30,2010,7,93.7009211088413
30,2010,8,93.2170282874315
30,2010,9,93.775284694377
30,2010,10,94.1315796952957
30,2010,11,93.9921734902065
30,2010,12,91.8988760795148
30,2011,1,90.6451771883114
30,2011,2,92.544555382296
30,2011,3,91.4375145026585
30,2011,4,92.0197612072147
30,2011,5,92.5472693756373
30,2011,6,91.5421352761671
30,2011,7,92.6817063095908
30,2011,8,93.7705699832725
30,2011,9,94.6192172999948
30,2011,10,93.5603862047819
30,2011,11,95.2454726421188
30,2011,12,94.5685298029202
30,2012,1,93.1948965362189
30,2012,2,94.8738187418859
30,2012,3,91.4382501979803
30,2012,4,92.5997920784433
30,2012,5,92.3388113103796
30,2012,6,94.3955272576089
30,2012,7,94.5756545886494
30,2012,8,94.473825492213
30,2012,9,94.9963658388347
30,2012,10,94.3586001340856
30,2012,11,94.0136867623363
30,2012,12,94.3803331829725
30,2013,1,93.6599091342257
30,2013,2,94.0146368685177
30,2013,3,93.7073595720993
30,2013,4,94.7004418095461
30,2013,5,95.4409709281416
30,2013,6,94.4668191902096
30,2013,7,94.6785590462269
30,2013,8,94.6504235686625
30,2013,9,95.0113985055853
30,2013,10,94.9065464842098
30,2013,11,94.1987077624063
30,2013,12,93.0878053594652
30,2014,1,93.4416329414785
30,2014,2,95.5763877688421
30,2014,3,94.1837029341143
30,2014,4,96.3542608839633
30,2014,5,96.3350185157589
30,2014,6,95.3679927730101
30,2014,7,94.2522692494919
30,2014,8,95.0225175693179
30,2014,9,95.9567330705504
30,2014,10,96.5740363729933
30,2014,11,95.9984373286309
30,2014,12,95.5406433201532
30,2015,1,94.445491888065
30,2015,2,95.7106514767066
30,2015,3,95.2654632020977
30,2015,4,96.4520998935622
30,2015,5,96.6114313531542
30,2015,6,95.312297581798
30,2015,7,94.5923193047571
30,2015,8,96.3265976958914
30,2015,9,96.974666339958
30,2015,10,95.815930965422
30,2015,11,95.7839028113045
30,2015,12,95.1650173320372
30,2016,1,94.4750323062953
30,2016,2,93.806636873067
30,2016,3,95.0018491942158
30,2016,4,96.3486421717911
30,2016,5,96.0148431319808
30,2016,6,95.1866627230007
30,2016,7,95.3657585091292
30,2016,8,95.8644667732321
30,2016,9,96.8633374012645
30,2016,10,95.7015647169871
30,2016,11,96.6911065354369
30,2016,12,95.526882528862
30,2017,1,95.3792571895363
30,2017,2,95.5847012910654
30,2017,3,95.4217205113667
30,2017,4,95.3975285268637
30,2017,5,95.5017796782603
30,2017,6,96.5517484445817
30,2017,7,96.5346620403147
30,2017,8,96.7136473248918
30,2017,9,96.0351663286215
30,2017,10,96.0093856558157
30,2017,11,95.1987992447433
30,2017,12,95.3013303208609
30,2018,1,94.5701374704618
30,2018,2,94.9783045378797
30,2018,3,96.1431064338858
30,2018,4,97.2281599713199
30,2018,5,97.3747599690274
30,2018,6,96.4482231943425
30,2018,7,96.2176771399944
30,2018,8,96.8660395338067
30,2018,9,96.4136856573556
30,2018,10,97.1420584589932
30,2018,11,96.1652433226325
30,2018,12,95.7230266657412
30,2019,1,93.8045261059177
30,2019,2,96.8486065860429
30,2019,3,96.5494953854694
30,2019,4,96.8100657353504
30,2019,5,97.3704040656579
30,2019,6,97.2872616530017
30,2019,7,97.29595380165
30,2019,8,95.5571693719957
30,2019,9,95.6041428262972
30,2019,10,96.9663682341415
30,2019,11,96.2397368911613
30,2019,12,96.3241951578842
31,1982,1,94.1350715740826
31,1982,2,92.6729692580478
31,1982,3,93.1179726351855
31,1982,4,94.823930221658
31,1982,5,93.8884533436022
31,1982,6,93.8351929357202
31,1982,7,93.3339301036756
31,1982,8,93.8313785637625
31,1982,9,93.7105499225805
31,1982,10,93.8000863387623
31,1982,11,93.853984403368
31,1982,12,92.3553666732278
31,1983,1,92.4261204904309
31,1983,2,92.9228230804911
31,1983,3,93.5426990520558
31,1983,4,94.106685083564
31,1983,5,93.1478950963093
31,1983,6,93.5836943836518
31,1983,7,94.4502665131773
31,1983,8,95.0444368141029
31,1983,9,95.5427621075953
31,1983,10,95.2025440548459
31,1983,11,96.1087086214366
31,1983,12,95.7099176079959
31,1984,1,95.245020359983
31,1984,2,93.1683074285776
31,1984,3,96.1313388039677
31,1984,4,95.5550315971006
31,1984,5,95.8517504628452
31,1984,6,95.8606985967568
31,1984,7,93.4118213260183
31,1984,8,96.2128772765036
31,1984,9,94.2418587682409
31,1984,10,95.4795904397366
31,1984,11,94.7937653020184
31,1984,12,94.9822102058551
31,1985,1,93.787171832555
31,1985,2,94.0777387724212
31,1985,3,93.6529990570815
31,1985,4,94.7955598397494
31,1985,5,94.9936084223897
31,1985,6,93.6387610219239
31,1985,7,95.1086839296221
31,1985,8,94.081018032317
31,1985,9,94.8310524214725
31,1985,10,93.9947429602666
31,1985,11,94.772950213673
31,1985,12,94.1960335227684
31,1986,1,92.6910477737115
31,1986,2,93.1227208456286
31,1986,3,94.2646723695791
31,1986,4,95.6909105957239
31,1986,5,95.8829872423384
31,1986,6,95.3738984616887
31,1986,7,94.1277420339563
31,1986,8,95.6127791049372
31,1986,9,94.9914603880681
31,1986,10,94.768786553512
31,1986,11,94.9797724866354
31,1986,12,96.0755287673036
31,1987,1,93.7241756659781
31,1987,2,92.8440185107188
31,1987,3,93.7579079286172
31,1987,4,94.0825223514712
31,1987,5,95.0456039020659
31,1987,6,96.0547393558658
31,1987,7,96.0813471459849
31,1987,8,95.5148973322164
31,1987,9,96.1966108145023
31,1987,10,95.8195673973989
31,1987,11,95.9746851113532
31,1987,12,96.0331798377041
31,1988,1,95.1072352262709
31,1988,2,95.6025366439416
31,1988,3,96.0038997910828
31,1988,4,96.4796660085214
31,1988,5,96.7648617354439
31,1988,6,96.0690672277611
31,1988,7,95.8215973608423
31,1988,8,96.4076251867194
31,1988,9,96.2719838303088
31,1988,10,97.4881006939612
31,1988,11,97.1310732065589
31,1988,12,96.7117404509815
31,1989,1,96.8468742605639
31,1989,2,97.4160377031245
31,1989,3,95.3148909094454
31,1989,4,97.302898270715
31,1989,5,97.5747463661909
31,1989,6,95.7879538434022
31,1989,7,96.3407125570661
31,1989,8,97.3508639027113
31,1989,9,97.6019271092618
31,1989,10,97.3044647765812
31,1989,11,96.686035281603
31,1989,12,97.3736091341456
31,1990,1,96.7780540648584
31,1990,2,97.3923817521319
31,1990,3,96.9070526559515
31,1990,4,97.869668130441
31,1990,5,98.2006843155205
31,1990,6,98.228447229713
31,1990,7,97.8270693387783
31,1990,8,97.1326893049983
31,1990,9,97.741321096627
31,1990,10,98.0638836998171
31,1990,11,98.449152485941
31,1990,12,97.9114120412432
31,1991,1,96.9273870057699
31,1991,2,97.2451683366136
31,1991,3,97.5042005335572
31,1991,4,97.8995325060858
31,1991,5,97.5442111402558
31,1991,6,97.4176391723596
31,1991,7,96.0123347643271
31,1991,8,97.7002939789242
31,1991,9,96.6975450501819
31,1991,10,97.9583805106059
31,1991,11,96.4146543908226
31,1991,12,97.5219130124762
31,1992,1,96.5162774446918
31,1992,2,97.2586996019861
31,1992,3,97.6278256483312
31,1992,4,96.8009170115307
31,1992,5,96.6922201247319
31,1992,6,95.6042334326192
31,1992,7,96.8847086468839
31,1992,8,96.2683640325667
31,1992,9,97.5081743271186
31,1992,10,96.7298937164993
31,1992,11,97.9292384054404
31,1992,12,97.1295516688092
31,1993,1,97.0646470799034
31,1993,2,97.0913096186056
31,1993,3,96.3803151912667
31,1993,4,97.6096310237833
31,1993,5,97.0590502107593
31,1993,6,96.0105048639834
31,1993,7,97.3925985373348
31,1993,8,97.507090170945
31,1993,9,97.6544049880218
31,1993,10,97.4917273277435
31,1993,11,98.2783720328881
31,1993,12,97.1815806597723
31,1994,1,96.7062806579389
31,1994,2,96.8425343384253
31,1994,3,95.9917535601467
31,1994,4,96.6686502871815
31,1994,5,96.3132185630211
31,1994,6,96.291912967273
31,1994,7,97.6060420042856
31,1994,8,97.8334787241889
31,1994,9,97.522670495462
31,1994,10,98.3827267211003
31,1994,11,97.7638340262434
31,1994,12,97.4572611156762
31,1995,1,96.6892942293821
31,1995,2,97.3989542400695
31,1995,3,97.6701957912043
31,1995,4,96.9683489280405
31,1995,5,97.0132663801878
31,1995,6,96.8481662037999
31,1995,7,96.8240877800203
31,1995,8,97.7801968399146
31,1995,9,98.3342477875221
31,1995,10,97.2205421011099
31,1995,11,97.2050587176609
31,1995,12,97.0668352887592
31,1996,1,95.9705354031551
31,1996,2,95.9907175778918
31,1996,3,96.7539315137391
31,1996,4,96.6769086057511
31,1996,5,96.2332030836538
31,1996,6,96.2048350337425
31,1996,7,96.7793854799586
31,1996,8,97.6128680379208
31,1996,9,98.247677476642
31,1996,10,97.1938603727866
31,1996,11,97.4599023995099
31,1996,12,97.6249783628802
31,1997,1,96.4609834617561
31,1997,2,96.9434559549734
31,1997,3,96.5359866977563
31,1997,4,98.2755830383479
31,1997,5,96.5961504695497
31,1997,6,95.4230333575622
31,1997,7,95.9705661588239
31,1997,8,97.4274886681593
31,1997,9,96.9990465899837
31,1997,10,97.8717374330487
31,1997,11,98.5672844779868
31,1997,12,98.6539325744217
31,1998,1,96.9465068782032
31,1998,2,96.3182074248168
31,1998,3,97.0303476558162
31,1998,4,97.7543921920711
31,1998,5,97.6151518034951
31,1998,6,97.8181605063045
31,1998,7,96.2395727037457
31,1998,8,96.6947605268942
31,1998,9,98.1361370588146
31,1998,10,97.0933583242741
31,1998,11,97.4111715085443
31,1998,12,96.8500708336154
31,1999,1,96.3472769279119
31,1999,2,96.5932531251529
31,1999,3,97.5687170491631
31,1999,4,97.4767176916963
31,1999,5,96.4215503763068
31,1999,6,95.997379020951
31,1999,7,96.8780538288454
31,1999,8,97.003869630112
31,1999,9,97.5270414328948
31,1999,10,97.5721393583632
31,1999,11,97.4428637733595
31,1999,12,96.8706695032619
31,2000,1,96.6177505221509
31,2000,2,95.9855624533987
31,2000,3,97.2413364423428
31,2000,4,96.0870383486811
31,2000,5,96.6715103342823
31,2000,6,95.8086990062682
31,2000,7,96.4465910255897
31,2000,8,97.9656279869272
31,2000,9,97.8347091671056
31,2000,10,96.8941549718993
31,2000,11,97.6379737271034
31,2000,12,97.3190881955847
31,2001,1,96.5880086858697
31,2001,2,96.2593580212065
31,2001,3,95.9959173850946
31,2001,4,97.4442368502479
31,2001,5,97.3679572033235
31,2001,6,96.170609577275
31,2001,7,96.2112580697482
31,2001,8,96.635311642577
31,2001,9,97.0311222891411
31,2001,10,97.4010227858977
31,2001,11,96.3664157291606
31,2001,12,96.1987540357659
31,2002,1,95.9303182163431
31,2002,2,95.8641301692172
31,2002,3,95.4023554483857
31,2002,4,95.1442376022259
31,2002,5,95.8694903930953
31,2002,6,96.2516564336529
31,2002,7,96.21929501923
31,2002,8,96.9310421099726
31,2002,9,97.1039350653492
31,2002,10,97.3780943321803
31,2002,11,96.7060068510806
31,2002,12,96.6967677889575
31,2003,1,96.4103255448569
31,2003,2,95.764363125468
31,2003,3,95.1760000257765
31,2003,4,95.0004097165276
31,2003,5,95.4125039242346
31,2003,6,95.0390595286102
31,2003,7,95.9947160153571
31,2003,8,96.3549807764862
31,2003,9,95.6092183347856
31,2003,10,96.8015715542928
31,2003,11,96.9854590402365
31,2003,12,96.0120072712558
31,2004,1,95.1295745438907
31,2004,2,95.5254652692286
31,2004,3,95.5128637113031
31,2004,4,95.7476442513484
31,2004,5,95.3215933522631
31,2004,6,96.4967505941994
31,2004,7,96.5005136401031
31,2004,8,96.0514717473996
31,2004,9,96.0956161995688
31,2004,10,96.8114306266152
31,2004,11,96.4261319961618
31,2004,12,95.8719160712416
31,2005,1,94.0514632130706
31,2005,2,95.3957360705648
31,2005,3,94.8956605907262
31,2005,4,96.1048565559389
31,2005,5,95.9160271045985
31,2005,6,96.0348119928783
31,2005,7,95.3529085259103
31,2005,8,96.0961359891597
31,2005,9,96.4908724017473
31,2005,10,97.1591102623814
31,2005,11,96.4955064638149
31,2005,12,96.9118262088013
31,2006,1,95.1864837184641
31,2006,2,96.6217867751335
31,2006,3,96.4922482778939
31,2006,4,96.1122747464776
31,2006,5,97.3020795796185
31,2006,6,96.5603037917027
31,2006,7,96.8898322480856
31,2006,8,96.6443142715725
31,2006,9,97.3145928204833
31,2006,10,97.4024704121574
31,2006,11,96.7203914264373
31,2006,12,97.4803586803353
31,2007,1,95.0751872335132
31,2007,2,97.0350431573237
31,2007,3,96.9979585064902
31,2007,4,96.8267195588039
31,2007,5,96.8809715925256
31,2007,6,96.5110966295779
31,2007,7,96.5658243868868
31,2007,8,97.1855993266164
31,2007,9,97.5303959869648
31,2007,10,96.8849061679571
31,2007,11,96.6403657308281
31,2007,12,96.9832289041042
31,2008,1,96.6168791116832
31,2008,2,96.5060351984663
31,2008,3,96.8738772163417
31,2008,4,96.5450557186509
31,2008,5,97.0914331958391
31,2008,6,96.686741712149
31,2008,7,96.6642333415365
31,2008,8,97.0536578332279
31,2008,9,96.2631338013291
31,2008,10,96.7230306418035
31,2008,11,96.1002451480081
31,2008,12,96.3337390755595
31,2009,1,94.8028578146067
31,2009,2,95.7467326122268
31,2009,3,95.5640782661776
31,2009,4,95.706179050247
31,2009,5,94.9172728495011
31,2009,6,94.6344904638202
31,2009,7,94.6357964041754
31,2009,8,95.3978425575627
31,2009,9,95.0148235672935
31,2009,10,95.3933997635099
31,2009,11,96.4631271544576
31,2009,12,95.7358281065875
31,2010,1,94.6171888053039
31,2010,2,94.1519779769046
31,2010,3,94.0324925961597
31,2010,4,94.2502764916186
31,2010,5,95.578244177064
31,2010,6,93.7902148079248
31,2010,7,96.206047801456
31,2010,8,96.1033795332911
31,2010,9,94.3923845402029
31,2010,10,95.7676871909883
31,2010,11,96.6822595051667
31,2010,12,96.0165120571976
31,2011,1,96.2990896787124
31,2011,2,95.002169687206
31,2011,3,95.4732081920901
31,2011,4,95.4546016748285
31,2011,5,95.8126772824363
31,2011,6,95.3235114794345
31,2011,7,94.9446065098055
31,2011,8,95.5499812808183
31,2011,9,95.9490221470274
31,2011,10,95.9428209590105
31,2011,11,95.6109317106383
31,2011,12,94.766190671962
31,2012,1,95.4593657380595
31,2012,2,94.9645645201658
31,2012,3,96.504130555475
31,2012,4,96.4543240489646
31,2012,5,96.3630029342907
31,2012,6,96.4181992788099
31,2012,7,95.0114671605789
31,2012,8,95.8707014885976
31,2012,9,96.6198072298304
31,2012,10,96.4078534538134
31,2012,11,96.1972308891266
31,2012,12,94.886895129196
31,2013,1,94.4926646447823
31,2013,2,96.1046027905314
31,2013,3,96.0217234762764
31,2013,4,95.4970022922542
31,2013,5,95.6595732290458
31,2013,6,94.6387847741021
31,2013,7,95.0721734318918
31,2013,8,96.2408084251433
31,2013,9,96.0216784854238
31,2013,10,96.7956257470258
31,2013,11,96.8822618651226
31,2013,12,96.1744348054494
31,2014,1,96.0658645593449
31,2014,2,95.8161750856388
31,2014,3,95.7312291553196
31,2014,4,96.9604630436346
31,2014,5,96.8736112076506
31,2014,6,96.878960435216
31,2014,7,96.4440541740285
31,2014,8,96.211146805037
31,2014,9,97.1661642365342
31,2014,10,97.6611569522881
31,2014,11,98.1557987442038
31,2014,12,96.6056625707874
31,2015,1,97.5895376143361
31,2015,2,97.6686547933286
31,2015,3,96.7880996331384
31,2015,4,97.1549805904161
31,2015,5,97.1546900244432
31,2015,6,96.3169641124211
31,2015,7,96.0240986443857
31,2015,8,95.9236422245569
31,2015,9,96.7618238075448
31,2015,10,95.788803216415
31,2015,11,96.9030645577191
31,2015,12,96.5067845028501
31,2016,1,95.8838315237206
31,2016,2,96.6802697921956
31,2016,3,96.1012521641561
31,2016,4,96.9748341651551
31,2016,5,97.7944739576047
31,2016,6,96.2644013102517
31,2016,7,95.4805097712865
31,2016,8,96.2029341939067
31,2016,9,96.4829396305876
31,2016,10,95.765777233575
31,2016,11,97.427422065905
31,2016,12,97.3049244334469
31,2017,1,96.6563064582025
31,2017,2,96.9098794158677
31,2017,3,97.389049911466
31,2017,4,97.7841315242651
31,2017,5,97.252238109223
31,2017,6,96.9441254890345
31,2017,7,97.2248229234956
31,2017,8,97.1998463800489
31,2017,9,97.2948201183707
31,2017,10,97.2718973272535
31,2017,11,96.8609563802289
31,2017,12,96.4643770207306
31,2018,1,98.1943016211964
31,2018,2,97.267790986081
31,2018,3,96.0930603555366
31,2018,4,95.5324901810622
31,2018,5,96.9558768980968
31,2018,6,97.0023843097472
31,2018,7,97.0237094724196
31,2018,8,96.8432693349669
31,2018,9,97.3388782197703
31,2018,10,96.527219141874
31,2018,11,98.0432325374777
31,2018,12,98.025663534473
31,2019,1,96.4326472721256
31,2019,2,95.8270762466834
31,2019,3,96.3019099491517
31,2019,4,96.5615760765039
31,2019,5,96.2615925724306
31,2019,6,95.7099758164287
31,2019,7,97.0716674267014
31,2019,8,96.2376840251486
31,2019,9,96.5300823430155
31,2019,10,96.6675347244571
31,2019,11,97.6067625896745
31,2019,12,98.4194296801505
32,1982,1,90.6737431827646
32,1982,2,88.9273646777152
32,1982,3,90.1464211593492
32,1982,4,88.9546169474963
32,1982,5,89.6535080544185
32,1982,6,90.6742944651363
32,1982,7,88.821711854675
32,1982,8,89.0510466755078
32,1982,9,89.3920264239786
32,1982,10,89.8134228795292
32,1982,11,89.9792644872513
32,1982,12,89.764960034212
32,1983,1,88.3800979915685
32,1983,2,87.6794878885357
32,1983,3,90.1331389932561
32,1983,4,89.7794951398478
32,1983,5,89.0757848024319
32,1983,6,91.0376377871415
32,1983,7,89.9798683791041
32,1983,8,90.2299068105871
32,1983,9,92.2118448305859
32,1983,10,93.1005026125478
32,1983,11,91.1423998560783
32,1983,12,90.1305693874195
32,1984,1,92.1774514786727
32,1984,2,92.6783448331581
32,1984,3,91.8557628834566
32,1984,4,94.5627414592847
32,1984,5,93.5357742695611
32,1984,6,89.9781619149952
32,1984,7,91.8861308982919
32,1984,8,91.121809158591
32,1984,9,91.7606656417237
32,1984,10,93.8565995567551
32,1984,11,91.2921963167274
32,1984,12,91.8785447859144
32,1985,1,92.4698025974984
32,1985,2,91.1412929923823
32,1985,3,90.9086063973578
32,1985,4,90.3049007525025
32,1985,5,93.8783916899759
32,1985,6,90.6665652111598
32,1985,7,90.6558088011807
32,1985,8,93.7054167630447
32,1985,9,92.7269824010538
32,1985,10,91.8401212923513
32,1985,11,92.8471129506251
32,1985,12,91.4944384128125
32,1986,1,91.3571402966267
32,1986,2,93.3988374117586
32,1986,3,93.8577205406847
32,1986,4,94.5975395258558
32,1986,5,94.7912850779261
32,1986,6,93.070017857725
32,1986,7,94.1394639954067
32,1986,8,95.206580029144
32,1986,9,95.0614754398807
32,1986,10,94.7219991145922
32,1986,11,94.5240218646039
32,1986,12,93.2319072386207
32,1987,1,91.9367643976416
32,1987,2,92.8362172773125
32,1987,3,92.6218673978132
32,1987,4,94.1509722291756
32,1987,5,93.9473598999917
32,1987,6,94.1713215040451
32,1987,7,93.9597776480726
32,1987,8,93.8538975983905
32,1987,9,94.9305408772024
32,1987,10,93.7060120651667
32,1987,11,93.4607741231435
32,1987,12,94.4493981946088
32,1988,1,91.3074268275153
32,1988,2,94.0960152509933
32,1988,3,94.3718250747103
32,1988,4,94.6735709755922
32,1988,5,95.2838075635863
32,1988,6,95.3072737076475
32,1988,7,95.1072679761623
32,1988,8,95.5144552303922
32,1988,9,95.4114259870451
32,1988,10,95.8256290845996
32,1988,11,95.4273160111156
32,1988,12,94.4773939908739
32,1989,1,92.1529764555749
32,1989,2,92.4855506410231
32,1989,3,95.3262162249863
32,1989,4,95.3009738545214
32,1989,5,96.027459263852
32,1989,6,95.0843202438916
32,1989,7,94.501232277106
32,1989,8,96.263456426344
32,1989,9,94.1591899206788
32,1989,10,94.7836790378724
32,1989,11,95.6671869247725
32,1989,12,96.8745757368646
32,1990,1,95.0507136659138
32,1990,2,95.8381168366807
32,1990,3,95.4075397825995
32,1990,4,94.7240437284522
32,1990,5,95.5734269096569
32,1990,6,95.5860139975886
32,1990,7,96.1860635936506
32,1990,8,96.3234418286626
32,1990,9,94.0847657428891
32,1990,10,92.8393083892045
32,1990,11,94.7961426247457
32,1990,12,95.0147978156991
32,1991,1,94.3991315940893
32,1991,2,94.7543107625983
32,1991,3,94.4654994070307
32,1991,4,94.4222913064744
32,1991,5,94.2198030377367
32,1991,6,93.9246846435938
32,1991,7,93.7845691631723
32,1991,8,94.3655867321578
32,1991,9,94.4290200353543
32,1991,10,95.1168030406569
32,1991,11,94.013850675585
32,1991,12,93.4347221230345
32,1992,1,91.8662056423209
32,1992,2,91.8781357668361
32,1992,3,93.4319704463275
32,1992,4,93.5878143856639
32,1992,5,94.7393080462964
32,1992,6,92.6147507383278
32,1992,7,91.0848962659001
32,1992,8,93.2795162221977
32,1992,9,93.4355591924669
32,1992,10,94.7775578650274
32,1992,11,94.7799701668717
32,1992,12,94.0756858819722
32,1993,1,90.912972261777
32,1993,2,93.4936088093329
32,1993,3,92.5870763998138
32,1993,4,92.9951867819026
32,1993,5,92.5071609150165
32,1993,6,90.8569400801973
32,1993,7,93.8516176335513
32,1993,8,93.1249950717852
32,1993,9,92.3732332792431
32,1993,10,94.3217882396328
32,1993,11,93.0998044509773
32,1993,12,94.2330770710906
32,1994,1,94.2567346372385
32,1994,2,94.7424777665813
32,1994,3,94.2264900503537
32,1994,4,93.828361260486
32,1994,5,94.1901539686939
32,1994,6,92.2421976307137
32,1994,7,93.3244438766535
32,1994,8,92.7251489449743
32,1994,9,94.4812326498779
32,1994,10,93.8246668302743
32,1994,11,93.9881012253514
32,1994,12,94.3612360686299
32,1995,1,93.714148431869
32,1995,2,93.3784817627417
32,1995,3,94.618221261746
32,1995,4,93.5496753550849
32,1995,5,93.76000889662
32,1995,6,93.3764391997592
32,1995,7,93.4847638432452
32,1995,8,94.5343182066494
32,1995,9,95.2180216740052
32,1995,10,96.1630629275536
32,1995,11,95.0415894869493
32,1995,12,94.8769947377521
32,1996,1,92.9329509813101
32,1996,2,94.799505217953
32,1996,3,96.0140479817539
32,1996,4,94.2199845830584
32,1996,5,93.1425369873232
32,1996,6,94.7762681048214
32,1996,7,94.7095355006745
32,1996,8,94.1944955792994
32,1996,9,94.2355068047437
32,1996,10,95.0568249714571
32,1996,11,94.750204035635
32,1996,12,94.225509921837
32,1997,1,95.30321518858
32,1997,2,95.4205851528827
32,1997,3,95.5037981843095
32,1997,4,95.6242367813011
32,1997,5,95.9530648338556
32,1997,6,95.0484287283889
32,1997,7,95.0480893031696
32,1997,8,95.3634928339141
32,1997,9,95.6763603129282
32,1997,10,96.0715835778313
32,1997,11,96.1328465438639
32,1997,12,96.8079525773341
32,1998,1,94.0070077123494
32,1998,2,93.7207195456106
32,1998,3,94.6232418795372
32,1998,4,94.0328851721339
32,1998,5,95.2902071567874
32,1998,6,95.4393263632863
32,1998,7,95.446432551794
32,1998,8,95.8665204549983
32,1998,9,96.5266927852906
32,1998,10,96.7048100487647
32,1998,11,96.7590930263452
32,1998,12,97.4204394815919
32,1999,1,95.0227311672737
32,1999,2,95.7499214428578
32,1999,3,94.4574355829091
32,1999,4,94.729665174093
32,1999,5,94.9902006994023
32,1999,6,95.1322331214405
32,1999,7,95.9047104403509
32,1999,8,95.1165697617694
32,1999,9,96.2564078029095
32,1999,10,95.3482850214711
32,1999,11,95.4394718358396
32,1999,12,96.9313780607372
32,2000,1,95.6333242784286
32,2000,2,96.6495516509282
32,2000,3,95.9551786222312
32,2000,4,95.4233320348982
32,2000,5,96.6126146577661
32,2000,6,95.450778081512
32,2000,7,95.5642713630123
32,2000,8,95.1954206653214
32,2000,9,95.9726241841028
32,2000,10,95.6998606338491
32,2000,11,95.978206861644
32,2000,12,94.975488126648
32,2001,1,94.9662150548497
32,2001,2,94.8153743524392
32,2001,3,94.7236004779122
32,2001,4,94.3836515990317
32,2001,5,96.5264549701203
32,2001,6,94.9217052099489
32,2001,7,95.3682644439205
32,2001,8,94.9733778985766
32,2001,9,95.1053453375228
32,2001,10,93.2250866406773
32,2001,11,93.8454691807806
32,2001,12,94.0196437794548
32,2002,1,93.4005597852693
32,2002,2,93.103201517352
32,2002,3,94.1336729421346
32,2002,4,93.9877956938538
32,2002,5,94.5147700532444
32,2002,6,93.3512446594189
32,2002,7,94.6950303625875
32,2002,8,94.9976017205194
32,2002,9,94.8441554917063
32,2002,10,95.7019947485735
32,2002,11,95.0641392552345
32,2002,12,94.294561520529
32,2003,1,93.8117625096135
32,2003,2,94.2179262989946
32,2003,3,93.5338647145553
32,2003,4,94.5950832397168
32,2003,5,95.3715478960011
32,2003,6,94.9458123564843
32,2003,7,94.7822826899651
32,2003,8,95.4824828895533
32,2003,9,94.8841376822312
32,2003,10,95.1352976499478
32,2003,11,95.7513099245118
32,2003,12,95.5737005913382
32,2004,1,94.7166827998024
32,2004,2,95.163779014104
32,2004,3,95.3932316270584
32,2004,4,95.5026715096124
32,2004,5,96.5723509300961
32,2004,6,95.4079216792902
32,2004,7,94.716325367011
32,2004,8,96.5988958791347
32,2004,9,95.9685511595252
32,2004,10,96.6898074067955
32,2004,11,96.0530738174942
32,2004,12,95.7479049932938
32,2005,1,94.8251352148079
32,2005,2,95.2510829681702
32,2005,3,95.2513288613841
32,2005,4,95.3252375822026
32,2005,5,96.0148879216277
32,2005,6,95.4175362071393
32,2005,7,95.2642651001965
32,2005,8,95.4216036711391
32,2005,9,95.6349375144812
32,2005,10,96.0238864154734
32,2005,11,95.443459454607
32,2005,12,96.6735365048129
32,2006,1,95.4806493945499
32,2006,2,95.4501713566675
32,2006,3,95.6872571985607
32,2006,4,95.0368359068828
32,2006,5,96.5815876630709
32,2006,6,95.1980512027317
32,2006,7,95.1083956604879
32,2006,8,96.3902295733557
32,2006,9,96.1607142751707
32,2006,10,95.5341219931887
32,2006,11,96.1668060664514
32,2006,12,95.6243875871787
32,2007,1,94.3349640773379
32,2007,2,95.079141229499
32,2007,3,96.0927270719362
32,2007,4,96.2979884794612
32,2007,5,95.191344132734
32,2007,6,95.1828423442448
32,2007,7,94.843505249994
32,2007,8,95.1720875237144
32,2007,9,94.1252778506613
32,2007,10,94.7515428375449
32,2007,11,95.5076178184539
32,2007,12,94.9155107829989
32,2008,1,93.8491824323462
32,2008,2,94.4384839585839
32,2008,3,94.2501292116921
32,2008,4,95.1344267360057
32,2008,5,94.4087153222568
32,2008,6,93.6736061851314
32,2008,7,93.5644132706715
32,2008,8,93.0211314166017
32,2008,9,92.1162884059241
32,2008,10,92.4689718069234
32,2008,11,93.213784854635
32,2008,12,91.6281813958404
32,2009,1,90.7270918668878
32,2009,2,89.8022960536543
32,2009,3,89.674570536049
32,2009,4,89.7369003653445
32,2009,5,89.7299246508121
32,2009,6,88.0348365222912
32,2009,7,87.7883165607884
32,2009,8,86.2450396996797
32,2009,9,85.6190575143788
32,2009,10,88.2688363266176
32,2009,11,88.3592126604845
32,2009,12,86.635959015192
32,2010,1,86.8089856237659
32,2010,2,85.7012126152708
32,2010,3,85.6698658070674
32,2010,4,84.159188390632
32,2010,5,84.9450075206743
32,2010,6,84.1385929690913
32,2010,7,85.3028772016841
32,2010,8,85.0757630455614
32,2010,9,84.8286166287282
32,2010,10,87.3344364174896
32,2010,11,85.9171351161906
32,2010,12,85.2260625844989
32,2011,1,88.2221165395674
32,2011,2,86.2862709925247
32,2011,3,87.1244658353872
32,2011,4,88.8651098855301
32,2011,5,87.2919843125209
32,2011,6,85.4778585852329
32,2011,7,85.3998719167717
32,2011,8,85.0452304983323
32,2011,9,86.3775699368324
32,2011,10,86.7572609956047
32,2011,11,86.8069985407849
32,2011,12,87.3911408453848
32,2012,1,87.8850838316475
32,2012,2,90.1598540986236
32,2012,3,88.9108499740397
32,2012,4,89.3363159632587
32,2012,5,88.4246128000652
32,2012,6,87.2859018483316
32,2012,7,85.7670937812928
32,2012,8,87.5027313240482
32,2012,9,88.6733970130175
32,2012,10,90.1370212682994
32,2012,11,90.6826402902869
32,2012,12,91.8760314674985
32,2013,1,90.0806348827298
32,2013,2,89.651032498538
32,2013,3,88.9322894069408
32,2013,4,90.1512625202941
32,2013,5,91.2356777915097
32,2013,6,89.6865489771606
32,2013,7,91.2910795664468
32,2013,8,90.7008889399737
32,2013,9,90.2628232057902
32,2013,10,89.4262742633096
32,2013,11,91.2559443681595
32,2013,12,90.4756442002731
32,2014,1,91.1106743928998
32,2014,2,91.6244562175704
32,2014,3,90.6006373585705
32,2014,4,93.2035133380365
32,2014,5,91.1111211943299
32,2014,6,92.9764000738926
32,2014,7,91.8058510114349
32,2014,8,93.2011171884985
32,2014,9,92.7237619055537
32,2014,10,92.9613945145731
32,2014,11,92.0291494677944
32,2014,12,92.6164259340667
32,2015,1,91.3076296595024
32,2015,2,92.4460382813123
32,2015,3,91.2803965800604
32,2015,4,93.5301914091704
32,2015,5,94.3576514326663
32,2015,6,93.4006657034894
32,2015,7,94.1645937191279
32,2015,8,91.4415374212859
32,2015,9,93.4695146405034
32,2015,10,93.86427887227
32,2015,11,92.7406275887538
32,2015,12,93.6059502572825
32,2016,1,92.7297582699681
32,2016,2,95.4881958641531
32,2016,3,92.4987289294833
32,2016,4,93.1896555771569
32,2016,5,92.25243554207
32,2016,6,92.3810733023633
32,2016,7,94.3895406895948
32,2016,8,94.6611079809467
32,2016,9,95.6426192061985
32,2016,10,94.6016569550045
32,2016,11,95.428566733154
32,2016,12,95.3165185675461
32,2017,1,95.327767335953
32,2017,2,94.4353511975794
32,2017,3,95.2492617309906
32,2017,4,94.6987394827459
32,2017,5,94.7275990758822
32,2017,6,94.8742804162951
32,2017,7,93.0507783532885
32,2017,8,93.80337234694
32,2017,9,94.609267105841
32,2017,10,95.2108565836179
32,2017,11,95.4537971356991
32,2017,12,96.66487402762
32,2018,1,93.8276064419137
32,2018,2,95.0507478493692
32,2018,3,94.5040456505656
32,2018,4,94.6781471708894
32,2018,5,96.7686129278163
32,2018,6,96.1495301273962
32,2018,7,95.7849506470112
32,2018,8,94.9810700380858
32,2018,9,96.0360325769634
32,2018,10,95.7686683094802
32,2018,11,95.7296032899516
32,2018,12,96.3577006677298
32,2019,1,95.0779820184342
32,2019,2,95.948212774026
32,2019,3,97.1950507379992
32,2019,4,95.6530324421152
32,2019,5,95.0161871037296
32,2019,6,93.8766780850028
32,2019,7,96.7619954192963
32,2019,8,96.6521300503474
32,2019,9,96.515738646932
32,2019,10,96.0633336128792
32,2019,11,96.9317529202649
32,2019,12,96.7032800854795
33,1982,1,92.942860960256
33,1982,2,91.6164826357619
33,1982,3,93.2036063570455
33,1982,4,91.8641862589357
33,1982,5,91.7207671360486
33,1982,6,91.717463748486
33,1982,7,93.6806939467392
33,1982,8,93.8125768338084
33,1982,9,93.0723302451918
33,1982,10,93.2032254904868
33,1982,11,90.9900594745395
33,1982,12,91.8898969396902
33,1983,1,93.6037105487504
33,1983,2,92.6324579032237
33,1983,3,93.2213597420876
33,1983,4,94.2934535872267
33,1983,5,94.4409276569806
33,1983,6,93.4146110124332
33,1983,7,95.573449780615
33,1983,8,96.4224100721512
33,1983,9,94.8167622288583
33,1983,10,95.7657079625265
33,1983,11,95.7786658271671
33,1983,12,95.7837450858013
33,1984,1,95.6289677507811
33,1984,2,94.6337285981757
33,1984,3,94.8153675693629
33,1984,4,95.394400786249
33,1984,5,95.56995612106
33,1984,6,96.0672414953825
33,1984,7,95.5449852559964
33,1984,8,96.2463313357365
33,1984,9,95.6627537350723
33,1984,10,95.3677281189606
33,1984,11,94.9512085106845
33,1984,12,95.4318146599098
33,1985,1,94.3377146626842
33,1985,2,95.038109846067
33,1985,3,94.390246003797
33,1985,4,94.5929228667542
33,1985,5,96.6986082162458
33,1985,6,95.2757574439784
33,1985,7,96.1807954389517
33,1985,8,96.9872313917667
33,1985,9,96.6883555728687
33,1985,10,97.6298198328729
33,1985,11,96.821984315807
33,1985,12,96.8342556498606
33,1986,1,96.2923998281373
33,1986,2,95.2269723518272
33,1986,3,95.6080583030933
33,1986,4,96.2231112118153
33,1986,5,95.6602426306863
33,1986,6,97.8629332053298
33,1986,7,97.5607130090924
33,1986,8,96.2943978971919
33,1986,9,98.9753144823787
33,1986,10,98.4132918613766
33,1986,11,98.2239586164401
33,1986,12,97.3217337209698
33,1987,1,96.9582801854267
33,1987,2,96.3309375096984
33,1987,3,96.7797612141727
33,1987,4,98.6174971273511
33,1987,5,97.1227658799424
33,1987,6,97.4008292465337
33,1987,7,96.7980457882192
33,1987,8,97.8296982187954
33,1987,9,97.970545350248
33,1987,10,97.8745008305572
33,1987,11,97.482707513916
33,1987,12,97.5650736327632
33,1988,1,97.1390448521017
33,1988,2,97.2076872170847
33,1988,3,97.9397514028393
33,1988,4,96.6095308218717
33,1988,5,98.3315766069483
33,1988,6,97.747000460666
33,1988,7,96.585870644328
33,1988,8,97.0102217213505
33,1988,9,97.0561075208599
33,1988,10,97.9140968123806
33,1988,11,97.6613285859434
33,1988,12,98.0651700975488
33,1989,1,96.7533454674255
33,1989,2,97.8459169465192
33,1989,3,97.5085831675435
33,1989,4,97.7410591336471
33,1989,5,96.8382511140143
33,1989,6,95.8879403093527
33,1989,7,96.3753716658251
33,1989,8,95.551572161759
33,1989,9,95.5321882110381
33,1989,10,96.2551617660443
33,1989,11,96.0079563580751
33,1989,12,96.410599627742
33,1990,1,95.6165546013229
33,1990,2,95.0399708466764
33,1990,3,94.4331004114232
33,1990,4,95.4316719937682
33,1990,5,93.7219314380146
33,1990,6,92.8572092611075
33,1990,7,94.8463702161108
33,1990,8,94.5424620569731
33,1990,9,94.1792560900908
33,1990,10,95.1241455225597
33,1990,11,91.5836389612788
33,1990,12,94.5649045887878
33,1991,1,92.3729601736041
33,1991,2,93.3034610586699
33,1991,3,92.5547482684243
33,1991,4,92.8693767992959
33,1991,5,92.8976405585942
33,1991,6,92.7068839831019
33,1991,7,94.1054299451502
33,1991,8,91.7906008337773
33,1991,9,92.7757771828995
33,1991,10,93.2944578577595
33,1991,11,92.2279772122033
33,1991,12,91.1762651535019
33,1992,1,92.2271600871401
33,1992,2,93.0114467071078
33,1992,3,91.7295902817913
33,1992,4,91.3489918368807
33,1992,5,92.2373892651475
33,1992,6,92.3387333622509
33,1992,7,93.9576929793265
33,1992,8,93.2225281688251
33,1992,9,92.3531670273652
33,1992,10,92.7152839348308
33,1992,11,92.6271084136387
33,1992,12,92.3478186233687
33,1993,1,90.4661971074354
33,1993,2,90.6587883247049
33,1993,3,91.3522434878648
33,1993,4,93.179339947969
33,1993,5,95.7927960671559
33,1993,6,93.9019138242552
33,1993,7,94.6029879562845
33,1993,8,93.8570924591216
33,1993,9,94.2690003198678
33,1993,10,93.5331096127921
33,1993,11,95.0197382723386
33,1993,12,94.6460287311571
33,1994,1,94.4093647636798
33,1994,2,93.4839457314396
33,1994,3,95.3396321007839
33,1994,4,94.7015017930752
33,1994,5,95.1657067417392
33,1994,6,95.2893449157522
33,1994,7,95.2160929083108
33,1994,8,95.586444907729
33,1994,9,97.5706161625089
33,1994,10,95.5897337219346
33,1994,11,96.4487671169171
33,1994,12,94.7003938639812
33,1995,1,94.7487965806236
33,1995,2,95.651824505527
33,1995,3,93.5589471671269
33,1995,4,95.7902982668749
33,1995,5,96.2921262356523
33,1995,6,96.4277392192898
33,1995,7,95.5069431717357
33,1995,8,96.1816871547474
33,1995,9,94.682973076825
33,1995,10,96.6203030846596
33,1995,11,97.4780277870521
33,1995,12,96.6864419492327
33,1996,1,95.180154663279
33,1996,2,94.6487421077877
33,1996,3,95.0659131821384
33,1996,4,96.2449090920007
33,1996,5,95.7160577997721
33,1996,6,95.6501245609797
33,1996,7,96.5277068893102
33,1996,8,96.2279429365007
33,1996,9,94.6670988718936
33,1996,10,96.0371989266263
33,1996,11,97.0026408863777
33,1996,12,97.5649293880705
33,1997,1,96.0742689671456
33,1997,2,95.4956779983509
33,1997,3,97.7717261387849
33,1997,4,96.0095693117073
33,1997,5,96.4836963436342
33,1997,6,96.1771847415202
33,1997,7,96.8852978800554
33,1997,8,97.3443034535941
33,1997,9,97.084970096516
33,1997,10,97.3196217536961
33,1997,11,96.4963545249701
33,1997,12,97.3400434968799
33,1998,1,96.2606716038365
33,1998,2,96.5040442378596
33,1998,3,95.665291492805
33,1998,4,96.9002804234963
33,1998,5,97.1052365099098
33,1998,6,97.409805162558
33,1998,7,98.1409663404128
33,1998,8,98.1218168782133
33,1998,9,97.0042259894038
33,1998,10,96.5277556098165
33,1998,11,95.8394131702123
33,1998,12,97.2469434152798
33,1999,1,96.3277995749772
33,1999,2,96.0287421112226
33,1999,3,96.5418273418399
33,1999,4,97.3926903294484
33,1999,5,97.6615224583653
33,1999,6,97.4113750868229
33,1999,7,97.653406389404
33,1999,8,97.7961761876393
33,1999,9,98.0657184885024
33,1999,10,97.1218750273958
33,1999,11,96.4334289302285
33,1999,12,97.2026657891349
33,2000,1,95.8849278158464
33,2000,2,96.6233153986922
33,2000,3,97.8282222936941
33,2000,4,96.490021665181
33,2000,5,97.2608298538059
33,2000,6,96.598012738031
33,2000,7,96.685177798821
33,2000,8,97.3663095130916
33,2000,9,98.3362128402141
33,2000,10,97.7032283555719
33,2000,11,98.3698168678315
33,2000,12,96.7411309107943
33,2001,1,97.3146512175088
33,2001,2,96.941430194607
33,2001,3,95.9324875798395
33,2001,4,96.3742392191454
33,2001,5,97.098317436034
33,2001,6,96.7351382910669
33,2001,7,95.9147699659132
33,2001,8,95.5988979647726
33,2001,9,95.9939800564916
33,2001,10,96.7565404681978
33,2001,11,95.4199787077051
33,2001,12,96.5181787909504
33,2002,1,94.7917168109677
33,2002,2,95.4066058620641
33,2002,3,95.0378575307001
33,2002,4,95.3162834353023
33,2002,5,94.7543485152692
33,2002,6,94.8478574197183
33,2002,7,95.631907978327
33,2002,8,94.6357683633904
33,2002,9,95.698826691876
33,2002,10,94.8605102456882
33,2002,11,95.1256128491103
33,2002,12,95.1596166132968
33,2003,1,94.9641012583184
33,2003,2,96.6939935387832
33,2003,3,95.7578569424475
33,2003,4,95.7887094186513
33,2003,5,96.0392558830353
33,2003,6,95.3609323677385
33,2003,7,95.0479910426491
33,2003,8,95.0527097961129
33,2003,9,95.369396140153
33,2003,10,95.4590088936048
33,2003,11,95.4573325301166
33,2003,12,95.8640769757313
33,2004,1,95.5406916487503
33,2004,2,95.6512825751445
33,2004,3,95.7593401573858
33,2004,4,95.4363809986608
33,2004,5,96.1579347677673
33,2004,6,96.0344058954472
33,2004,7,95.9612308707134
33,2004,8,96.711833736489
33,2004,9,96.6194814212894
33,2004,10,97.1376609868349
33,2004,11,97.102943976016
33,2004,12,96.9370822466253
33,2005,1,95.6440824409142
33,2005,2,94.6076022135997
33,2005,3,95.5827928577008
33,2005,4,96.7559083701739
33,2005,5,96.4985081093334
33,2005,6,96.4054802579414
33,2005,7,96.2459230791491
33,2005,8,96.2698527393232
33,2005,9,96.2883139061604
33,2005,10,96.2720997258943
33,2005,11,96.6823289267843
33,2005,12,96.9602433566984
33,2006,1,96.3785061389742
33,2006,2,96.3884748248574
33,2006,3,96.3488880846766
33,2006,4,96.9474347416457
33,2006,5,96.9497423803705
33,2006,6,96.4415378185802
33,2006,7,95.9524641660732
33,2006,8,96.6675891048669
33,2006,9,97.4076436112221
33,2006,10,96.782492460455
33,2006,11,96.2792500592723
33,2006,12,96.6798964104386
33,2007,1,95.2850465996391
33,2007,2,95.5904071038744
33,2007,3,95.4966767832767
33,2007,4,95.8654784253619
33,2007,5,96.7665930212876
33,2007,6,96.1369358901847
33,2007,7,97.0367140866427
33,2007,8,97.0256265726778
33,2007,9,97.2203507360625
33,2007,10,97.2950853521811
33,2007,11,96.6190816976726
33,2007,12,96.8833901584236
33,2008,1,96.1008224138657
33,2008,2,95.0807480902741
33,2008,3,95.5648760934784
33,2008,4,95.8085684355099
33,2008,5,96.8419544732574
33,2008,6,96.2690314669671
33,2008,7,96.6951398321914
33,2008,8,96.1237613184499
33,2008,9,96.2658403866236
33,2008,10,96.904881372584
33,2008,11,96.3061190613944
33,2008,12,96.6779213950961
33,2009,1,94.3749557158269
33,2009,2,93.336403577189
33,2009,3,92.4024586025025
33,2009,4,93.065708867417
33,2009,5,93.9494033230057
33,2009,6,93.3427235685405
33,2009,7,93.7623478099747
33,2009,8,93.0966061304507
33,2009,9,92.9343504906169
33,2009,10,94.4573961782605
33,2009,11,93.3566695852518
33,2009,12,93.6760996238242
33,2010,1,92.4312229790492
33,2010,2,92.6340503841068
33,2010,3,92.9355784768134
33,2010,4,94.4160079667592
33,2010,5,94.7145239892984
33,2010,6,94.7000450057771
33,2010,7,93.7459531443458
33,2010,8,94.2556047697121
33,2010,9,95.4160732508327
33,2010,10,95.1456705934801
33,2010,11,94.3599449045622
33,2010,12,94.0808696622489
33,2011,1,93.3194384935733
33,2011,2,94.5238014060281
33,2011,3,95.429170518663
33,2011,4,95.359228413936
33,2011,5,94.4337157554375
33,2011,6,94.2672407914241
33,2011,7,93.6988410541063
33,2011,8,94.6429920875969
33,2011,9,94.6738689563507
33,2011,10,95.0351984963372
33,2011,11,94.7816628523209
33,2011,12,95.1718660655265
33,2012,1,94.1527425672416
33,2012,2,94.0352200692576
33,2012,3,94.1810958150662
33,2012,4,95.8016218823579
33,2012,5,95.0353813354703
33,2012,6,93.7110055511416
33,2012,7,92.966975173296
33,2012,8,93.9238961140858
33,2012,9,94.9348721648006
33,2012,10,94.8309492446476
33,2012,11,94.3423215387425
33,2012,12,94.1762231753576
33,2013,1,92.4387350317342
33,2013,2,93.74424503871
33,2013,3,93.7027897453349
33,2013,4,95.2925849430837
33,2013,5,95.6606254226506
33,2013,6,95.6762312275438
33,2013,7,94.6966629592683
33,2013,8,95.3725705307005
33,2013,9,95.0002531609959
33,2013,10,94.4084719745255
33,2013,11,95.1810820178463
33,2013,12,94.5477067309218
33,2014,1,95.0792779001969
33,2014,2,94.8397917955918
33,2014,3,95.3265980583003
33,2014,4,95.62751237369
33,2014,5,95.5446715310685
33,2014,6,95.9812902437397
33,2014,7,95.5612906384373
33,2014,8,95.9817519412891
33,2014,9,96.3773236315305
33,2014,10,96.8298599724078
33,2014,11,96.0622150002581
33,2014,12,95.9476566649663
33,2015,1,95.4735968597793
33,2015,2,95.5171800701924
33,2015,3,96.0887728273685
33,2015,4,96.2128119571044
33,2015,5,96.4510353704912
33,2015,6,96.8726194273805
33,2015,7,96.1407000751407
33,2015,8,97.3702814437857
33,2015,9,97.7744407033693
33,2015,10,96.5305104916424
33,2015,11,96.8481747696345
33,2015,12,97.5635417710868
33,2016,1,97.1836445803639
33,2016,2,96.9150350098843
33,2016,3,96.9699725816622
33,2016,4,97.332976331167
33,2016,5,97.4726779622039
33,2016,6,97.3112172618979
33,2016,7,96.5371304595532
33,2016,8,96.5206398628345
33,2016,9,97.6904897777556
33,2016,10,97.9163639694725
33,2016,11,97.1712400308179
33,2016,12,96.8912319795097
33,2017,1,97.0216820180684
33,2017,2,95.8535019005701
33,2017,3,96.7896202635147
33,2017,4,97.3352427961627
33,2017,5,97.3120092651684
33,2017,6,97.9741590843548
33,2017,7,97.8139300020342
33,2017,8,97.0925569669794
33,2017,9,96.9734775601857
33,2017,10,97.9609173334608
33,2017,11,97.8599318983611
33,2017,12,97.8319644527232
33,2018,1,96.1502508096218
33,2018,2,97.0748480546854
33,2018,3,96.5624719441144
33,2018,4,96.7300930206488
33,2018,5,97.2472874591111
33,2018,6,97.689675689845
33,2018,7,97.1029814210211
33,2018,8,97.3892288701742
33,2018,9,98.4503847893556
33,2018,10,98.1576055750008
33,2018,11,97.7585242911851
33,2018,12,98.0256559379711
33,2019,1,96.7762360163402
33,2019,2,96.8870257749078
33,2019,3,97.0135123397953
33,2019,4,97.5206830889497
33,2019,5,98.0715698045387
33,2019,6,98.0300026742735
33,2019,7,97.4402515295878
33,2019,8,97.3042207186285
33,2019,9,97.5936294745696
33,2019,10,97.2353824831752
33,2019,11,98.127936768947
33,2019,12,97.5797311793407
34,1982,1,90.1433131574136
34,1982,2,90.6135822660164
34,1982,3,90.6840919393554
34,1982,4,90.7770397265656
34,1982,5,90.773612966466
34,1982,6,91.4172878995292
34,1982,7,91.4947672814963
34,1982,8,91.1160594370885
34,1982,9,90.712453333712
34,1982,10,91.3406097466008
34,1982,11,90.4903904153496
34,1982,12,91.0345868549048
34,1983,1,90.9402857298398
34,1983,2,90.7460884010154
34,1983,3,91.0241021766059
34,1983,4,92.4817725575862
34,1983,5,92.1953477141339
34,1983,6,90.9740197929302
34,1983,7,91.3109621882268
34,1983,8,91.219464652862
34,1983,9,91.9987939692435
34,1983,10,93.7048895050316
34,1983,11,93.0320621053471
34,1983,12,93.4318973396896
34,1984,1,92.5165363783671
34,1984,2,92.9452703361463
34,1984,3,92.4976212891489
34,1984,4,93.2442078321296
34,1984,5,93.5322197318843
34,1984,6,94.5710726968621
34,1984,7,93.4040574437481
34,1984,8,93.5534720918731
34,1984,9,94.2167062532565
34,1984,10,94.9721342878558
34,1984,11,94.3914451717152
34,1984,12,94.56806501643
34,1985,1,93.4384852521956
34,1985,2,93.1929830946141
34,1985,3,93.378913740672
34,1985,4,93.7708167535105
34,1985,5,94.9866741083133
34,1985,6,94.2535380781168
34,1985,7,93.6867698994946
34,1985,8,95.7235338134511
34,1985,9,95.1369268908335
34,1985,10,94.4142602186492
34,1985,11,94.1562278678887
34,1985,12,94.6038982843995
34,1986,1,92.9421644406938
34,1986,2,93.7752734754624
34,1986,3,95.1693199753361
34,1986,4,95.2862354264511
34,1986,5,94.6902177558316
34,1986,6,94.8028657005395
34,1986,7,94.1233028706231
34,1986,8,95.5975553484357
34,1986,9,95.8323888828557
34,1986,10,95.0800970742018
34,1986,11,95.8331197964628
34,1986,12,95.8323715546619
34,1987,1,95.4168731766808
34,1987,2,95.2487278053195
34,1987,3,95.795720628833
34,1987,4,96.3537161984406
34,1987,5,95.7986971337589
34,1987,6,95.8047182204701
34,1987,7,95.280201401139
34,1987,8,96.0404116175148
34,1987,9,96.0837186271717
34,1987,10,96.0727521409035
34,1987,11,96.8326763668643
34,1987,12,96.3607714840873
34,1988,1,95.4693266883494
34,1988,2,96.0661354016044
34,1988,3,95.7930103783363
34,1988,4,97.0436187335082
34,1988,5,95.8764733530731
34,1988,6,96.2127495405883
34,1988,7,95.6195494515075
34,1988,8,96.3483559688153
34,1988,9,96.726092996944
34,1988,10,96.4930534561527
34,1988,11,96.4988701319989
34,1988,12,95.9005360960534
34,1989,1,95.4499479849673
34,1989,2,95.718361546594
34,1989,3,96.7344740790395
34,1989,4,96.4196687556017
34,1989,5,96.765889443464
34,1989,6,95.73095339087
34,1989,7,95.1928195098903
34,1989,8,95.7014820280649
34,1989,9,95.959492550958
34,1989,10,95.4601986650366
34,1989,11,95.5843256852243
34,1989,12,96.6747116826064
34,1990,1,94.8652965438728
34,1990,2,95.1356705980189
34,1990,3,95.090589716381
34,1990,4,95.4015325487186
34,1990,5,95.1731415356485
34,1990,6,95.372363738784
34,1990,7,94.8132206786021
34,1990,8,95.2702474372796
34,1990,9,94.7304625481299
34,1990,10,94.4078598642776
34,1990,11,94.6606532277235
34,1990,12,94.0765360873926
34,1991,1,92.7712349375363
34,1991,2,93.0487285904617
34,1991,3,92.8737883223385
34,1991,4,93.7547457938893
34,1991,5,93.2998388787427
34,1991,6,93.2671137196416
34,1991,7,93.3598090510011
34,1991,8,93.5136967810739
34,1991,9,93.9574537652183
34,1991,10,93.054754532565
34,1991,11,93.0211977008128
34,1991,12,92.8917620042814
34,1992,1,92.232557931057
34,1992,2,91.8809221953985
34,1992,3,92.4847511944622
34,1992,4,92.2568565772558
34,1992,5,90.7994753804879
34,1992,6,90.8182802628001
34,1992,7,89.8949642827113
34,1992,8,91.0427360665641
34,1992,9,91.5027381484094
34,1992,10,91.9197785485684
34,1992,11,91.4867561280012
34,1992,12,92.1566913499897
34,1993,1,91.8120429011624
34,1993,2,91.3455209544168
34,1993,3,91.1423542652396
34,1993,4,91.0710019719704
34,1993,5,92.1366392542684
34,1993,6,92.9451647685719
34,1993,7,92.442066049108
34,1993,8,92.8413652075925
34,1993,9,92.4091212396756
34,1993,10,93.4033468160381
34,1993,11,93.836084521781
34,1993,12,93.1866984477227
34,1994,1,92.7491391183218
34,1994,2,92.2199897377362
34,1994,3,91.5270468660508
34,1994,4,92.9079360176316
34,1994,5,92.8316984070359
34,1994,6,92.8128775809012
34,1994,7,93.1684361083984
34,1994,8,93.882452700148
34,1994,9,93.6496252498231
34,1994,10,93.6758863301206
34,1994,11,93.6777079038958
34,1994,12,94.0466701155148
34,1995,1,92.2933137549698
34,1995,2,93.2492785659077
34,1995,3,93.241571446798
34,1995,4,93.6826314095297
34,1995,5,93.1418409488688
34,1995,6,93.1158025490421
34,1995,7,92.9109810573412
34,1995,8,93.5551815650355
34,1995,9,94.5760677831371
34,1995,10,94.5401704336812
34,1995,11,94.4321680987927
34,1995,12,92.9339562669766
34,1996,1,93.3309836334448
34,1996,2,91.9200878675888
34,1996,3,92.6993375030118
34,1996,4,93.5108120551912
34,1996,5,94.4165893369136
34,1996,6,93.9055476787526
34,1996,7,93.6616843496147
34,1996,8,94.1907525938415
34,1996,9,94.584274448463
34,1996,10,95.0064972650471
34,1996,11,93.8065609043388
34,1996,12,93.8701640125896
34,1997,1,92.6857490431516
34,1997,2,94.3088644379621
34,1997,3,94.1653953650622
34,1997,4,95.6919073909415
34,1997,5,94.7604274073555
34,1997,6,94.3083459138085
34,1997,7,94.0639697355486
34,1997,8,95.4561617577142
34,1997,9,94.6059803743653
34,1997,10,95.3305076528744
34,1997,11,95.9173759549259
34,1997,12,95.073792257854
34,1998,1,93.4905050356024
34,1998,2,93.8355029229244
34,1998,3,94.3016606312821
34,1998,4,95.3604490544099
34,1998,5,95.2393724665914
34,1998,6,95.6134687443026
34,1998,7,94.8885239949303
34,1998,8,95.3898260398282
34,1998,9,95.9846064091617
34,1998,10,96.1528469587862
34,1998,11,96.5899347028845
34,1998,12,96.5112717440679
34,1999,1,94.6823021103467
34,1999,2,95.7768400808521
34,1999,3,94.3457325979009
34,1999,4,95.1132882788664
34,1999,5,95.288360446883
34,1999,6,93.7674781193641
34,1999,7,93.8617147322353
34,1999,8,95.7755130414466
34,1999,9,96.1448370082427
34,1999,10,96.6109475553323
34,1999,11,96.4810908361058
34,1999,12,96.756114522843
34,2000,1,95.6680883482326
34,2000,2,95.559945615748
34,2000,3,96.5171582275344
34,2000,4,96.4432814557703
34,2000,5,96.5899975202418
34,2000,6,97.0534808252448
34,2000,7,95.229314850693
34,2000,8,95.7206656859065
34,2000,9,96.7370242263407
34,2000,10,96.7133542865773
34,2000,11,95.7821006909923
34,2000,12,96.3996341903362
34,2001,1,96.1117752373325
34,2001,2,96.1771142819424
34,2001,3,96.0310086771334
34,2001,4,96.1043815659059
34,2001,5,96.0757917389402
34,2001,6,95.4134355142139
34,2001,7,96.1413681583999
34,2001,8,95.5545248048821
34,2001,9,95.4426021410568
34,2001,10,95.8877267251763
34,2001,11,95.7474498042024
34,2001,12,95.1167801519034
34,2002,1,94.4307735576638
34,2002,2,93.3815699984053
34,2002,3,93.3565388287596
34,2002,4,93.9252580472719
34,2002,5,94.1937200797554
34,2002,6,93.5902843357851
34,2002,7,94.021312301586
34,2002,8,94.8426178817264
34,2002,9,94.3177162992553
34,2002,10,93.9518849525114
34,2002,11,94.0264957345337
34,2002,12,94.5565235323188
34,2003,1,93.9859238368162
34,2003,2,94.0201053126092
34,2003,3,93.3822542566943
34,2003,4,93.8414310312281
34,2003,5,94.0871885898098
34,2003,6,93.7949216837332
34,2003,7,93.1364160176187
34,2003,8,93.9540697348292
34,2003,9,93.5603474711916
34,2003,10,94.3522306207777
34,2003,11,94.6385786738424
34,2003,12,95.4148183113593
34,2004,1,93.9530152810964
34,2004,2,94.6509071438485
34,2004,3,94.9020171544085
34,2004,4,94.9172416317306
34,2004,5,95.6639656999233
34,2004,6,95.5475325090141
34,2004,7,94.0160477630085
34,2004,8,95.408333797133
34,2004,9,95.5150603155789
34,2004,10,95.6474075002719
34,2004,11,96.4849504673367
34,2004,12,96.4868479037852
34,2005,1,95.5511549362011
34,2005,2,94.4510190108979
34,2005,3,95.2236231951788
34,2005,4,95.9833530952364
34,2005,5,96.3762377535522
34,2005,6,95.6982387543704
34,2005,7,95.2555070530825
34,2005,8,95.4269642322594
34,2005,9,95.4724839093902
34,2005,10,96.3886790979916
34,2005,11,94.7977644030527
34,2005,12,94.7554498290761
34,2006,1,93.7718762150573
34,2006,2,94.2184427038427
34,2006,3,94.9585918288093
34,2006,4,94.504661167972
34,2006,5,95.3449120414859
34,2006,6,95.099967240332
34,2006,7,94.8395787861083
34,2006,8,94.6707287171915
34,2006,9,95.0812055382638
34,2006,10,96.679940638907
34,2006,11,96.0250172673665
34,2006,12,96.4949165972449
34,2007,1,95.3570851061515
34,2007,2,95.358927411061
34,2007,3,94.6137670325261
34,2007,4,96.1429630263725
34,2007,5,95.8778882060383
34,2007,6,95.8685545692222
34,2007,7,95.230789602726
34,2007,8,95.9910796620466
34,2007,9,95.9238947421592
34,2007,10,96.2417054969963
34,2007,11,95.9135854530799
34,2007,12,96.1737886683262
34,2008,1,94.90961139884
34,2008,2,94.3057239526041
34,2008,3,94.9081438796978
34,2008,4,94.7506646642344
34,2008,5,94.7110015459433
34,2008,6,94.8397140512576
34,2008,7,94.5294336952705
34,2008,8,94.1559524064878
34,2008,9,94.7251296910659
34,2008,10,94.2626718166148
34,2008,11,94.6282101693103
34,2008,12,92.7638001125283
34,2009,1,92.8067064939083
34,2009,2,90.9912249478565
34,2009,3,92.0961018948586
34,2009,4,91.7200080118743
34,2009,5,90.8208614992549
34,2009,6,89.8532688604228
34,2009,7,89.7502820906173
34,2009,8,89.4281173865621
34,2009,9,89.4926706049616
34,2009,10,90.5142153665971
34,2009,11,89.6593142907986
34,2009,12,89.8760450919953
34,2010,1,90.7282605087726
34,2010,2,89.7007623949225
34,2010,3,89.6039431092915
34,2010,4,90.3177579498833
34,2010,5,90.2687526885484
34,2010,6,90.5555848170853
34,2010,7,89.9704479737657
34,2010,8,91.1313996154351
34,2010,9,91.8808478493459
34,2010,10,91.7741328630604
34,2010,11,91.2267520071778
34,2010,12,91.4678997460215
34,2011,1,89.349942179436
34,2011,2,88.6709399273751
34,2011,3,89.7871000257577
34,2011,4,90.1868627879471
34,2011,5,90.6702541748833
34,2011,6,90.458674128556
34,2011,7,91.1085761215258
34,2011,8,91.8565133392775
34,2011,9,90.775976355394
34,2011,10,90.6230485599221
34,2011,11,90.4756671885302
34,2011,12,91.4310728090792
34,2012,1,90.7363224020966
34,2012,2,90.0515238240394
34,2012,3,91.0928926943854
34,2012,4,90.6708664341873
34,2012,5,90.9624188726165
34,2012,6,88.1985461862912
34,2012,7,90.6817146636407
34,2012,8,89.9115617620822
34,2012,9,90.9871777714959
34,2012,10,89.9899401638971
34,2012,11,90.5819501747074
34,2012,12,90.8910197228366
34,2013,1,90.8891380102454
34,2013,2,91.5369499041611
34,2013,3,91.2135468251947
34,2013,4,91.405861686699
34,2013,5,90.5162977667877
34,2013,6,90.503314512641
34,2013,7,92.2021813306903
34,2013,8,91.2423610584139
34,2013,9,91.2865713823386
34,2013,10,91.7666312477806
34,2013,11,94.3045435915921
34,2013,12,93.491595478267
34,2014,1,91.920073094486
34,2014,2,92.0368163765953
34,2014,3,91.8042893577867
34,2014,4,93.534781373456
34,2014,5,93.5588149697436
34,2014,6,93.9329994115983
34,2014,7,93.2263915178309
34,2014,8,93.6966296736418
34,2014,9,93.3164815309107
34,2014,10,93.3478943540114
34,2014,11,94.0867121195398
34,2014,12,94.0346816442912
34,2015,1,91.7074962384276
34,2015,2,92.2289350143687
34,2015,3,92.7581194653702
34,2015,4,93.7912463889857
34,2015,5,94.465617542461
34,2015,6,95.9120970376907
34,2015,7,93.4252826280845
34,2015,8,94.6386969939448
34,2015,9,94.6314249903509
34,2015,10,95.6471084504853
34,2015,11,94.7897381121957
34,2015,12,96.1310284372836
34,2016,1,95.560351596613
34,2016,2,94.7993104020988
34,2016,3,94.4066308277985
34,2016,4,94.4136571766776
34,2016,5,94.3314320006052
34,2016,6,95.3498356752246
34,2016,7,93.8988579883424
34,2016,8,94.4098911392462
34,2016,9,94.751804893831
34,2016,10,95.3037440713575
34,2016,11,96.0607335654574
34,2016,12,95.5371226662391
34,2017,1,95.1471653283096
34,2017,2,94.899194800688
34,2017,3,95.9904798557357
34,2017,4,96.2663342072703
34,2017,5,94.6980275131026
34,2017,6,95.5322085885679
34,2017,7,94.9417053858444
34,2017,8,93.7557045329716
34,2017,9,94.6772323306793
34,2017,10,95.043427960453
34,2017,11,95.3018689466293
34,2017,12,97.0226442258835
34,2018,1,95.1154216682417
34,2018,2,95.0212226732246
34,2018,3,94.8888360504272
34,2018,4,95.9449023465169
34,2018,5,96.223612711702
34,2018,6,95.2793378909601
34,2018,7,94.7422776312203
34,2018,8,95.5351647645805
34,2018,9,96.208233129901
34,2018,10,96.9679871283104
34,2018,11,97.2587221225777
34,2018,12,95.6153634735648
34,2019,1,95.027596711901
34,2019,2,94.2548207046308
34,2019,3,96.0894615038617
34,2019,4,97.6624618652432
34,2019,5,97.5599662800119
34,2019,6,97.5053291990829
34,2019,7,96.7130796466784
34,2019,8,95.6290336936298
34,2019,9,96.4396790217393
34,2019,10,96.6060525893525
34,2019,11,96.6777693240556
34,2019,12,96.2152029870569
35,1982,1,90.3170540671253
35,1982,2,91.1737268445495
35,1982,3,91.3002355241926
35,1982,4,91.4211445221422
35,1982,5,87.7600072323547
35,1982,6,89.5207766921704
35,1982,7,90.438179739528
35,1982,8,88.4487158208972
35,1982,9,90.6573021404007
35,1982,10,88.5860336165858
35,1982,11,92.9413514356612
35,1982,12,91.1736440931712
35,1983,1,88.3134622675115
35,1983,2,87.5866958559629
35,1983,3,88.6152008435278
35,1983,4,87.919171039318
35,1983,5,87.3291904853741
35,1983,6,88.7793023758425
35,1983,7,88.4571670190488
35,1983,8,91.2348797320055
35,1983,9,91.0395647533021
35,1983,10,90.6057854275655
35,1983,11,91.1287467235418
35,1983,12,92.8608914504337
35,1984,1,90.1334402766237
35,1984,2,91.9276373316372
35,1984,3,91.886772852601
35,1984,4,92.2692014620819
35,1984,5,91.9510810579991
35,1984,6,90.1255014627433
35,1984,7,91.4752292406864
35,1984,8,93.0735414070784
35,1984,9,93.3415843249097
35,1984,10,94.1001856659549
35,1984,11,91.4937788740256
35,1984,12,92.6200211001181
35,1985,1,90.4163536085973
35,1985,2,91.2349937428123
35,1985,3,90.2865290907901
35,1985,4,89.5466669715449
35,1985,5,90.3178770642004
35,1985,6,88.9169378958897
35,1985,7,89.2932662902529
35,1985,8,91.8167347918487
35,1985,9,92.7656386149296
35,1985,10,91.4740596154687
35,1985,11,93.3251599345348
35,1985,12,91.5536988770174
35,1986,1,89.3472543395982
35,1986,2,90.9322888668483
35,1986,3,90.8216094740588
35,1986,4,90.4351663606473
35,1986,5,91.676045057872
35,1986,6,89.7273660615608
35,1986,7,89.8968145524733
35,1986,8,90.2540375957439
35,1986,9,90.2821713107134
35,1986,10,92.1252701474639
35,1986,11,90.3904967709572
35,1986,12,91.1657354351365
35,1987,1,90.0484872131733
35,1987,2,90.0182239667929
35,1987,3,92.1644052670288
35,1987,4,90.7440750491308
35,1987,5,90.6391599791428
35,1987,6,88.4905106559369
35,1987,7,90.7785254953999
35,1987,8,91.0658770111393
35,1987,9,91.0207714456931
35,1987,10,92.5961695021466
35,1987,11,90.2837985196764
35,1987,12,93.1741444224444
35,1988,1,91.0620548701188
35,1988,2,91.4129512677915
35,1988,3,88.8842747804956
35,1988,4,90.0785266103333
35,1988,5,90.5036766472682
35,1988,6,91.7904483925824
35,1988,7,92.2431335715951
35,1988,8,92.2994960858436
35,1988,9,94.0069289097644
35,1988,10,92.6576182288525
35,1988,11,95.3999498949933
35,1988,12,92.7024143891436
35,1989,1,91.8908507939549
35,1989,2,94.2893862812406
35,1989,3,93.0530143479901
35,1989,4,94.3973564849476
35,1989,5,93.8592737083855
35,1989,6,91.1071678210379
35,1989,7,92.6194570272528
35,1989,8,92.821976715101
35,1989,9,92.8279722613489
35,1989,10,93.1144786021788
35,1989,11,93.1044039424963
35,1989,12,94.8761300399042
35,1990,1,93.850874933022
35,1990,2,93.928415365193
35,1990,3,93.6690272036689
35,1990,4,93.0622937237814
35,1990,5,92.9737619063451
35,1990,6,92.0975416511244
35,1990,7,92.4934352099637
35,1990,8,93.7829809825052
35,1990,9,94.0001408292484
35,1990,10,94.5536312089756
35,1990,11,93.0744094632192
35,1990,12,92.3513199119591
35,1991,1,91.8218767899041
35,1991,2,92.4091709760027
35,1991,3,92.1586849059072
35,1991,4,89.6503330711444
35,1991,5,91.3650149132654
35,1991,6,91.6670324789293
35,1991,7,92.9865065377998
35,1991,8,94.1594927754035
35,1991,9,93.9828920813776
35,1991,10,94.9052068594506
35,1991,11,94.4982187391893
35,1991,12,92.9505995801065
35,1992,1,91.9478077829625
35,1992,2,91.279475782348
35,1992,3,92.13024543207
35,1992,4,92.4982431816338
35,1992,5,93.0911443818846
35,1992,6,91.8407653145377
35,1992,7,93.1308814174183
35,1992,8,93.8452537852482
35,1992,9,92.5145076898535
35,1992,10,94.834834060427
35,1992,11,94.1597662355761
35,1992,12,94.7104681700084
35,1993,1,91.7647792428385
35,1993,2,92.0341379384702
35,1993,3,91.1501920903687
35,1993,4,91.6319283583356
35,1993,5,92.181516372383
35,1993,6,91.4629449385294
35,1993,7,92.7605745254959
35,1993,8,92.4966346894597
35,1993,9,94.3170438000053
35,1993,10,92.4254663060941
35,1993,11,91.7746644296935
35,1993,12,93.5012742989231
35,1994,1,93.136867041837
35,1994,2,94.8066717773835
35,1994,3,94.0484761819755
35,1994,4,94.2274669238406
35,1994,5,93.6699586794745
35,1994,6,93.7717644759634
35,1994,7,93.1713516000425
35,1994,8,93.4907455767749
35,1994,9,92.809497520862
35,1994,10,93.2039506220061
35,1994,11,93.6629190643355
35,1994,12,92.8735027523642
35,1995,1,93.5219301645895
35,1995,2,94.4127519823327
35,1995,3,92.0253532048565
35,1995,4,94.4611734516039
35,1995,5,95.4505553174331
35,1995,6,93.2728095914172
35,1995,7,92.8919442972121
35,1995,8,92.5758085435522
35,1995,9,92.9770890691064
35,1995,10,92.6577149119517
35,1995,11,92.916791898152
35,1995,12,94.2619060120143
35,1996,1,90.5511165679976
35,1996,2,91.3149879708685
35,1996,3,91.2923518997044
35,1996,4,91.8875258522612
35,1996,5,91.380980774398
35,1996,6,91.1180323059879
35,1996,7,92.2209265711433
35,1996,8,91.7755845411224
35,1996,9,92.2014484763945
35,1996,10,93.4043119796194
35,1996,11,92.5375027222739
35,1996,12,92.9093281722405
35,1997,1,93.4727728791398
35,1997,2,92.6423002529315
35,1997,3,91.7855694588822
35,1997,4,93.0127400199137
35,1997,5,93.5429071367535
35,1997,6,92.3194188792686
35,1997,7,94.2831211403492
35,1997,8,94.5335722148074
35,1997,9,95.6163945894219
35,1997,10,95.0083143639876
35,1997,11,94.0678015741619
35,1997,12,93.0607464899537
35,1998,1,94.0483638647394
35,1998,2,93.0666441138083
35,1998,3,93.6988263541046
35,1998,4,95.2553090698782
35,1998,5,92.8260714453927
35,1998,6,91.6744875093711
35,1998,7,94.0861429194775
35,1998,8,93.9005874022607
35,1998,9,93.5969030723596
35,1998,10,94.5796847493006
35,1998,11,95.031358089149
35,1998,12,94.5368050950373
35,1999,1,94.3176684792015
35,1999,2,94.5768557048977
35,1999,3,95.6014023881434
35,1999,4,94.3356087958112
35,1999,5,95.5377330977138
35,1999,6,93.7805608241918
35,1999,7,93.7619640778266
35,1999,8,92.5157246454723
35,1999,9,93.2131012331213
35,1999,10,94.2707495717499
35,1999,11,93.8119033291725
35,1999,12,95.7109356940424
35,2000,1,95.7710247907032
35,2000,2,95.2045815032008
35,2000,3,95.0636964005117
35,2000,4,95.5840650163704
35,2000,5,94.473018202342
35,2000,6,93.5500547063211
35,2000,7,94.8478887191532
35,2000,8,95.5343328128641
35,2000,9,94.9559647723262
35,2000,10,94.3002827159235
35,2000,11,93.6306077855711
35,2000,12,95.6521501936094
35,2001,1,94.9373568241963
35,2001,2,93.6840804392556
35,2001,3,95.1643326009927
35,2001,4,95.0925581008489
35,2001,5,94.1843893167997
35,2001,6,95.0090736657795
35,2001,7,95.6267387169314
35,2001,8,96.5194656449198
35,2001,9,95.7162537389232
35,2001,10,95.4983445034484
35,2001,11,95.112835106329
35,2001,12,95.2678650706368
35,2002,1,93.1542293464998
35,2002,2,94.2338429416674
35,2002,3,95.2622555028106
35,2002,4,95.537942591593
35,2002,5,94.8684199271915
35,2002,6,93.2606816380359
35,2002,7,93.2844806120433
35,2002,8,94.7402726203848
35,2002,9,94.8335115226854
35,2002,10,95.1548139226848
35,2002,11,95.3923365407189
35,2002,12,94.1341677521658
35,2003,1,95.3845956950591
35,2003,2,89.9849352512982
35,2003,3,92.7624791419192
35,2003,4,93.6017856174547
35,2003,5,93.0059056340498
35,2003,6,94.5889810318668
35,2003,7,93.0363485004884
35,2003,8,92.5182814993298
35,2003,9,93.4065754397835
35,2003,10,92.0920782271323
35,2003,11,93.2813126684367
35,2003,12,95.7323790120309
35,2004,1,93.735450436591
35,2004,2,93.2438753644624
35,2004,3,94.5306509801388
35,2004,4,93.5756630981062
35,2004,5,94.7996744843656
35,2004,6,94.6620165840472
35,2004,7,94.7561954853017
35,2004,8,95.469090018342
35,2004,9,93.8408542992083
35,2004,10,94.720457740191
35,2004,11,95.2130505842328
35,2004,12,93.7015712338654
35,2005,1,94.3178644348453
35,2005,2,93.4092722962339
35,2005,3,93.582293559449
35,2005,4,94.2651447620507
35,2005,5,94.4741396475552
35,2005,6,94.3599643816971
35,2005,7,94.1850973208588
35,2005,8,96.3452941320607
35,2005,9,95.0430395927889
35,2005,10,95.3382237067154
35,2005,11,96.1220482671693
35,2005,12,96.068709740044
35,2006,1,94.4811119634733
35,2006,2,95.0931461027957
35,2006,3,97.0323760005554
35,2006,4,95.2743261775757
35,2006,5,96.2669765668663
35,2006,6,95.552321909924
35,2006,7,94.096226435219
35,2006,8,95.6064104776536
35,2006,9,95.7331755891489
35,2006,10,95.2194195350764
35,2006,11,96.3224569970627
35,2006,12,97.1957246240041
35,2007,1,96.1863290224847
35,2007,2,96.5000306925438
35,2007,3,95.2576364018491
35,2007,4,96.1207346986739
35,2007,5,96.0496976193157
35,2007,6,96.6122299953198
35,2007,7,94.3103634780282
35,2007,8,95.1622694573881
35,2007,9,96.8842766802423
35,2007,10,97.6794121843435
35,2007,11,96.2794171040919
35,2007,12,96.6320951967568
35,2008,1,96.8229096564418
35,2008,2,94.9999115029201
35,2008,3,94.1678178448969
35,2008,4,95.2885236954092
35,2008,5,96.0366280765153
35,2008,6,95.394704397074
35,2008,7,95.1791669509832
35,2008,8,93.0153551860552
35,2008,9,96.3767943853071
35,2008,10,95.0194406547533
35,2008,11,95.9207337248673
35,2008,12,94.0101570149977
35,2009,1,93.9942478235865
35,2009,2,93.9407150011077
35,2009,3,92.0328468276706
35,2009,4,93.7288693280686
35,2009,5,91.1519910521104
35,2009,6,91.9099947605463
35,2009,7,91.907183696531
35,2009,8,90.317556329108
35,2009,9,91.4873039603933
35,2009,10,92.4114343090836
35,2009,11,92.8679392923745
35,2009,12,91.3681288946942
35,2010,1,90.5390894467098
35,2010,2,91.6979190483886
35,2010,3,89.2899277197189
35,2010,4,93.0967572307374
35,2010,5,92.8020258023028
35,2010,6,91.4931496381159
35,2010,7,89.6833665473339
35,2010,8,91.7445433734305
35,2010,9,91.7991952854681
35,2010,10,89.8152129305645
35,2010,11,92.2124170869414
35,2010,12,91.490170427235
35,2011,1,91.3732433974973
35,2011,2,91.004040804505
35,2011,3,94.4260209944171
35,2011,4,94.2633370570801
35,2011,5,95.4533316453713
35,2011,6,89.5581859834111
35,2011,7,92.8699226658035
35,2011,8,92.6851397568272
35,2011,9,91.4805494325525
35,2011,10,91.881885964647
35,2011,11,91.6005746370706
35,2011,12,91.8988780509355
35,2012,1,91.727451967626
35,2012,2,89.8188272807285
35,2012,3,93.6146951035562
35,2012,4,94.903587022539
35,2012,5,94.1881725458482
35,2012,6,92.571489549177
35,2012,7,90.7413278931118
35,2012,8,93.8342923775834
35,2012,9,92.7436235826211
35,2012,10,93.5239682772128
35,2012,11,92.9474199878634
35,2012,12,91.099622296312
35,2013,1,92.1434302924547
35,2013,2,90.4666291293491
35,2013,3,92.3090778951974
35,2013,4,94.5951024921634
35,2013,5,93.6121559836687
35,2013,6,92.1112817610694
35,2013,7,91.6553737032369
35,2013,8,93.4938128609429
35,2013,9,93.3275203120707
35,2013,10,93.429569212424
35,2013,11,92.4556118445877
35,2013,12,92.3611420782759
35,2014,1,91.4342337066677
35,2014,2,91.9630297860461
35,2014,3,91.4561695055794
35,2014,4,93.8876719672838
35,2014,5,94.9130189825636
35,2014,6,90.3878856416605
35,2014,7,91.8746354102769
35,2014,8,91.8237303188081
35,2014,9,93.163839549283
35,2014,10,94.1558517283745
35,2014,11,93.0994229264645
35,2014,12,95.1149051372098
35,2015,1,93.8008844567997
35,2015,2,92.2527546259077
35,2015,3,94.4815069635808
35,2015,4,93.8261536979403
35,2015,5,92.9583561018367
35,2015,6,90.8267562417726
35,2015,7,91.2888923183476
35,2015,8,91.9580909038542
35,2015,9,92.9983223133567
35,2015,10,93.878312187771
35,2015,11,93.8671914647903
35,2015,12,94.7672822157721
35,2016,1,94.2847139110498
35,2016,2,93.7891552587478
35,2016,3,94.3793047663859
35,2016,4,94.233227234047
35,2016,5,93.1925648030421
35,2016,6,92.732317233968
35,2016,7,91.2032498605711
35,2016,8,90.9840123937709
35,2016,9,92.7740440343154
35,2016,10,92.9354954894187
35,2016,11,92.8611206802068
35,2016,12,93.4843415166999
35,2017,1,92.5394288103836
35,2017,2,93.2731335947989
35,2017,3,93.1934989448886
35,2017,4,93.5449308710662
35,2017,5,94.6181265906074
35,2017,6,94.0697094813432
35,2017,7,91.6512302171908
35,2017,8,93.9929218574449
35,2017,9,94.5723940185345
35,2017,10,94.6545632514143
35,2017,11,95.025446905683
35,2017,12,95.1061895134891
35,2018,1,94.5599998683466
35,2018,2,95.2084712709784
35,2018,3,95.2563996455526
35,2018,4,96.5339806791409
35,2018,5,96.9542189465763
35,2018,6,94.4931810505872
35,2018,7,95.3554731638746
35,2018,8,95.1238207985477
35,2018,9,94.904338137185
35,2018,10,94.5249781459443
35,2018,11,94.6962612295508
35,2018,12,94.0557831579163
35,2019,1,94.5714653840845
35,2019,2,94.8747233946147
35,2019,3,96.3576701797903
35,2019,4,95.0553380223596
35,2019,5,95.2792974836458
35,2019,6,94.7526336638127
35,2019,7,93.1320085510821
35,2019,8,96.0602654853898
35,2019,9,95.8741321752891
35,2019,10,95.3375334197603
35,2019,11,95.1899069768492
35,2019,12,95.1237281788
36,1982,1,91.7740915710364
36,1982,2,91.0917777052931
36,1982,3,91.3857822423497
36,1982,4,92.073314826371
36,1982,5,91.8450746642898
36,1982,6,91.1951521579732
36,1982,7,91.3520649667501
36,1982,8,91.4412401444977
36,1982,9,91.5627622751155
36,1982,10,90.9660722930515
36,1982,11,90.2738013422073
36,1982,12,91.3390054251755
36,1983,1,90.3017964548776
36,1983,2,90.1860354236456
36,1983,3,90.2846971698385
36,1983,4,90.8153512168997
36,1983,5,91.660000767733
36,1983,6,90.9157174709995
36,1983,7,91.2241023436811
36,1983,8,91.7911768101322
36,1983,9,91.836855905454
36,1983,10,92.6672070846535
36,1983,11,92.7295513979469
36,1983,12,92.7826571053566
36,1984,1,91.6667298288093
36,1984,2,91.4124715581061
36,1984,3,92.1904056143883
36,1984,4,93.4265477495716
36,1984,5,93.5196780718064
36,1984,6,92.5717903710005
36,1984,7,91.5440518296442
36,1984,8,92.3518995520416
36,1984,9,93.1610955679032
36,1984,10,92.493634303569
36,1984,11,93.09706816864
36,1984,12,93.6482727093603
36,1985,1,92.9134331180466
36,1985,2,92.8259896470481
36,1985,3,92.6515718992691
36,1985,4,93.1612791722915
36,1985,5,93.1680418909763
36,1985,6,93.4185179637294
36,1985,7,93.7623302711281
36,1985,8,93.9525842718806
36,1985,9,93.5955705798615
36,1985,10,93.618296310312
36,1985,11,94.2538686022978
36,1985,12,94.3390590788554
36,1986,1,93.3998992813803
36,1986,2,92.6840379859903
36,1986,3,92.6573804209202
36,1986,4,93.3248270647644
36,1986,5,93.1757077349665
36,1986,6,94.0014500225414
36,1986,7,93.6311225240431
36,1986,8,94.0270364782281
36,1986,9,93.9585567046126
36,1986,10,94.1896132609426
36,1986,11,94.4551086326699
36,1986,12,94.4702730279298
36,1987,1,93.7628572816223
36,1987,2,94.2273765124455
36,1987,3,94.6799537002712
36,1987,4,94.9380981682173
36,1987,5,95.2693925123241
36,1987,6,95.2747698774926
36,1987,7,95.2754525641507
36,1987,8,95.684788480484
36,1987,9,95.4529010249779
36,1987,10,95.113550939732
36,1987,11,95.0083125812609
36,1987,12,95.9078702081535
36,1988,1,94.8870401808246
36,1988,2,95.584014320915
36,1988,3,95.7488862156036
36,1988,4,96.2781430282739
36,1988,5,95.7320288062969
36,1988,6,96.5535417982611
36,1988,7,95.6093106633121
36,1988,8,95.6867647692459
36,1988,9,95.8228339109512
36,1988,10,95.7329034299437
36,1988,11,95.6070462013154
36,1988,12,95.4616660270327
36,1989,1,94.4404306478547
36,1989,2,94.4405152108371
36,1989,3,95.4442075600473
36,1989,4,94.5181848331736
36,1989,5,94.6905405982537
36,1989,6,95.2723483619929
36,1989,7,95.3954209544763
36,1989,8,95.1810792588384
36,1989,9,94.787114530775
36,1989,10,95.3960295987282
36,1989,11,95.0252753229966
36,1989,12,94.4334729885179
36,1990,1,94.450106707675
36,1990,2,94.3571996201694
36,1990,3,94.5938087335621
36,1990,4,95.2115489238921
36,1990,5,94.856535885502
36,1990,6,95.2745930689689
36,1990,7,94.8762095600866
36,1990,8,95.2990997285661
36,1990,9,94.5117065056125
36,1990,10,94.4352989652446
36,1990,11,94.6619843242247
36,1990,12,94.460434415287
36,1991,1,92.675413660839
36,1991,2,93.1377735432125
36,1991,3,92.7767161366772
36,1991,4,92.4786533460131
36,1991,5,92.4512728181251
36,1991,6,93.0090236137842
36,1991,7,93.0892384036398
36,1991,8,92.8310676514929
36,1991,9,93.2678223685227
36,1991,10,92.903312037026
36,1991,11,92.1241711906298
36,1991,12,92.0753036065941
36,1992,1,90.7219142806022
36,1992,2,90.5255803809766
36,1992,3,91.4217083185797
36,1992,4,92.487453981778
36,1992,5,91.911415286232
36,1992,6,91.0772301897091
36,1992,7,90.4993405276792
36,1992,8,91.6386578444046
36,1992,9,91.1390690186795
36,1992,10,91.8294584165587
36,1992,11,92.303474585628
36,1992,12,91.753564764699
36,1993,1,90.4245138844876
36,1993,2,91.164003341009
36,1993,3,92.152737181737
36,1993,4,92.7450410516554
36,1993,5,92.3143550660128
36,1993,6,92.0171366292748
36,1993,7,92.3442071773182
36,1993,8,92.3860796221681
36,1993,9,92.6988626015882
36,1993,10,92.4300459206748
36,1993,11,92.6797767819517
36,1993,12,92.3083374902136
36,1994,1,91.8012076855873
36,1994,2,91.4842679809048
36,1994,3,91.7675421177875
36,1994,4,92.1559150249014
36,1994,5,93.5140462952863
36,1994,6,92.7402927111103
36,1994,7,93.0291564990273
36,1994,8,93.0838167519699
36,1994,9,93.844388495385
36,1994,10,93.6914856821125
36,1994,11,94.1596647327754
36,1994,12,94.6648956955821
36,1995,1,93.1099022621943
36,1995,2,93.0833948874196
36,1995,3,92.9973265359295
36,1995,4,93.3004534371917
36,1995,5,93.773219764079
36,1995,6,93.9779490621585
36,1995,7,93.7605299444896
36,1995,8,92.9272586614744
36,1995,9,93.6034355250873
36,1995,10,94.0923458071378
36,1995,11,94.3535907127132
36,1995,12,93.7512283287512
36,1996,1,93.1501359639827
36,1996,2,93.5716595375922
36,1996,3,92.0265024488753
36,1996,4,93.6458279608308
36,1996,5,93.5204411883151
36,1996,6,93.5787697043063
36,1996,7,92.6848692200572
36,1996,8,94.128777814426
36,1996,9,94.4363821500608
36,1996,10,94.356574243512
36,1996,11,94.0172878217184
36,1996,12,93.4980975983744
36,1997,1,92.4521536554651
36,1997,2,92.7262872106332
36,1997,3,92.8305473565454
36,1997,4,93.1945086549738
36,1997,5,93.5362852905529
36,1997,6,93.6083411355364
36,1997,7,92.9937908042031
36,1997,8,93.7123218481999
36,1997,9,93.8368250274334
36,1997,10,93.7073225922863
36,1997,11,94.0261129307274
36,1997,12,94.3076737281013
36,1998,1,93.2424790450414
36,1998,2,92.8346005634198
36,1998,3,93.2750363999502
36,1998,4,94.5866879174521
36,1998,5,94.5787294626444
36,1998,6,94.8002510137917
36,1998,7,94.5228873551113
36,1998,8,94.9347759746482
36,1998,9,94.5593368041023
36,1998,10,94.7793070379855
36,1998,11,94.6736280224635
36,1998,12,94.4239202815629
36,1999,1,93.9398448939195
36,1999,2,93.5002921142142
36,1999,3,94.2771754221906
36,1999,4,94.8134380231779
36,1999,5,94.7081843932908
36,1999,6,94.5962211283839
36,1999,7,94.4840458058751
36,1999,8,95.1823588145372
36,1999,9,94.7006205396066
36,1999,10,95.0127375825039
36,1999,11,95.344663891823
36,1999,12,95.4888539425434
36,2000,1,94.369238587891
36,2000,2,94.5858718888837
36,2000,3,95.2529496096241
36,2000,4,95.5843291370277
36,2000,5,95.8407549337905
36,2000,6,95.5969107134475
36,2000,7,95.5865667390508
36,2000,8,95.3748024514313
36,2000,9,95.4116424368665
36,2000,10,95.6923686607056
36,2000,11,95.384768832623
36,2000,12,95.7115522256718
36,2001,1,95.2945232097532
36,2001,2,95.2466052289589
36,2001,3,95.9452967767905
36,2001,4,95.80036172675
36,2001,5,96.0282642598773
36,2001,6,95.691542877696
36,2001,7,95.3176679514234
36,2001,8,94.9876407804961
36,2001,9,94.6091241254304
36,2001,10,94.8660978218283
36,2001,11,93.8940753606055
36,2001,12,93.7346017777041
36,2002,1,93.4281324541535
36,2002,2,93.0858522779068
36,2002,3,93.6480759145582
36,2002,4,93.9684964412448
36,2002,5,93.9608976384964
36,2002,6,93.9778531400323
36,2002,7,93.8881022434305
36,2002,8,94.3807910998814
36,2002,9,94.5585977648228
36,2002,10,94.0887295228121
36,2002,11,93.5643423426772
36,2002,12,93.1314956228309
36,2003,1,92.8174921536675
36,2003,2,93.2786383818879
36,2003,3,93.8160761683205
36,2003,4,93.8989664464915
36,2003,5,94.1581237779705
36,2003,6,94.0542396291018
36,2003,7,93.9160658065116
36,2003,8,93.6795358525103
36,2003,9,93.1523232449441
36,2003,10,93.8251859305717
36,2003,11,93.6831022936256
36,2003,12,93.4467729681308
36,2004,1,92.2758257889254
36,2004,2,93.0422188778177
36,2004,3,92.847013773939
36,2004,4,94.3844564621064
36,2004,5,95.1262763873735
36,2004,6,93.8472413012777
36,2004,7,94.2594107516862
36,2004,8,94.6506499272851
36,2004,9,94.6494455926278
36,2004,10,95.1309750838625
36,2004,11,95.2300953034377
36,2004,12,94.13691121273
36,2005,1,94.4111364923097
36,2005,2,94.40312463801
36,2005,3,95.1570838440367
36,2005,4,95.1033553321825
36,2005,5,94.7867959222877
36,2005,6,95.3185254939332
36,2005,7,94.7016587905787
36,2005,8,95.5443463207883
36,2005,9,94.7232890506497
36,2005,10,95.6376653465962
36,2005,11,94.5206444073972
36,2005,12,95.0063682641157
36,2006,1,94.9622611400821
36,2006,2,94.7570039281887
36,2006,3,95.1028345808097
36,2006,4,95.0098562170788
36,2006,5,95.7770054562873
36,2006,6,95.4776992314682
36,2006,7,94.1588438161767
36,2006,8,95.4398582280619
36,2006,9,95.9403189139603
36,2006,10,96.1541865146979
36,2006,11,95.9222430681259
36,2006,12,96.105790573456
36,2007,1,94.6463376212723
36,2007,2,94.7964722847668
36,2007,3,95.6567117513451
36,2007,4,96.1587820732118
36,2007,5,95.405066480149
36,2007,6,95.1606515083713
36,2007,7,94.5432812833321
36,2007,8,95.0569780780215
36,2007,9,95.8863224191702
36,2007,10,95.4042761303074
36,2007,11,95.3169582864551
36,2007,12,95.2659512415856
36,2008,1,94.0326832892444
36,2008,2,95.0919671783391
36,2008,3,94.7037657861808
36,2008,4,95.4627230948799
36,2008,5,94.8563269156555
36,2008,6,94.6947265436009
36,2008,7,95.0703618149204
36,2008,8,94.1490528207431
36,2008,9,94.3833265254969
36,2008,10,95.0994241937242
36,2008,11,94.0281365115298
36,2008,12,92.780491937814
36,2009,1,92.5178588182892
36,2009,2,90.8572702210536
36,2009,3,92.1633973090516
36,2009,4,92.6903212733133
36,2009,5,91.8498123038045
36,2009,6,90.7631315123582
36,2009,7,91.5373711169206
36,2009,8,90.5172622553313
36,2009,9,91.40322167953
36,2009,10,91.176512395057
36,2009,11,91.6555723980545
36,2009,12,91.1969719358163
36,2010,1,91.1138093538578
36,2010,2,90.846308295861
36,2010,3,91.6334210159956
36,2010,4,91.8167946875888
36,2010,5,91.8088513832313
36,2010,6,91.4968749336703
36,2010,7,91.4548612542277
36,2010,8,91.3457427771127
36,2010,9,91.4153159225259
36,2010,10,91.3150710962942
36,2010,11,91.4892257011564
36,2010,12,91.3022525020356
36,2011,1,90.5025412353381
36,2011,2,90.9537240412994
36,2011,3,92.2371970558098
36,2011,4,92.2838936106816
36,2011,5,92.2169758012708
36,2011,6,92.1387743802267
36,2011,7,92.2002966235863
36,2011,8,92.061681427672
36,2011,9,92.0311117594621
36,2011,10,91.7712503187039
36,2011,11,90.8787346925535
36,2011,12,91.2089894339465
36,2012,1,89.3543527879556
36,2012,2,90.4443454365149
36,2012,3,91.1484973832785
36,2012,4,91.9413448051928
36,2012,5,90.719191986362
36,2012,6,90.6814815598801
36,2012,7,91.3338063213516
36,2012,8,91.2433558791485
36,2012,9,92.3450850790435
36,2012,10,91.7441301089013
36,2012,11,91.9416684744203
36,2012,12,91.6983830282735
36,2013,1,90.3388472613371
36,2013,2,91.1905619664799
36,2013,3,92.0875676753426
36,2013,4,93.0573582663486
36,2013,5,92.6820417731051
36,2013,6,92.6449535719929
36,2013,7,92.4839659000437
36,2013,8,92.1674599854305
36,2013,9,92.7045643348305
36,2013,10,92.1677741955513
36,2013,11,92.9310649871059
36,2013,12,93.3721028658913
36,2014,1,92.5336079299788
36,2014,2,91.5770983190325
36,2014,3,92.5975574466977
36,2014,4,93.8815458521014
36,2014,5,93.4921287368985
36,2014,6,93.6574431770888
36,2014,7,93.4676774930869
36,2014,8,94.4841681676889
36,2014,9,94.9000443781942
36,2014,10,94.1604377947454
36,2014,11,94.1364947309896
36,2014,12,94.4704631796089
36,2015,1,93.5557691649638
36,2015,2,93.4734038842389
36,2015,3,94.5129195324493
36,2015,4,94.4872944498045
36,2015,5,95.041853875228
36,2015,6,94.6371834265966
36,2015,7,94.549096074424
36,2015,8,94.7005629242646
36,2015,9,95.3870045040269
36,2015,10,95.7719677834169
36,2015,11,94.8156924167473
36,2015,12,94.9498040330961
36,2016,1,94.3981944062252
36,2016,2,94.8956635357547
36,2016,3,95.0946916887211
36,2016,4,95.7063530322867
36,2016,5,95.8091613281138
36,2016,6,95.3947534844587
36,2016,7,94.7880310587137
36,2016,8,94.6694350485794
36,2016,9,94.6861066199057
36,2016,10,95.18780033113
36,2016,11,95.3540543912261
36,2016,12,95.9158902616064
36,2017,1,95.3652183771758
36,2017,2,94.7804086955584
36,2017,3,95.7473272744695
36,2017,4,95.3829386958249
36,2017,5,95.8366151596734
36,2017,6,95.1815149254739
36,2017,7,95.0002355287708
36,2017,8,95.1154750285185
36,2017,9,95.3913616668967
36,2017,10,95.4025272186778
36,2017,11,95.7463703688592
36,2017,12,95.6197968358845
36,2018,1,94.7448372235738
36,2018,2,94.8502806931891
36,2018,3,94.9030135212998
36,2018,4,95.4817490891755
36,2018,5,96.3612376756201
36,2018,6,95.8730343652639
36,2018,7,95.9419013394401
36,2018,8,95.616223662017
36,2018,9,96.5403049830659
36,2018,10,96.6473144163818
36,2018,11,96.5695253324561
36,2018,12,96.071520599263
36,2019,1,95.3963356230425
36,2019,2,95.5200783103335
36,2019,3,95.5479047691364
36,2019,4,96.225854891449
36,2019,5,95.9560759127868
36,2019,6,96.5909819152774
36,2019,7,95.8309420346538
36,2019,8,95.4025611120688
36,2019,9,96.4392228773045
36,2019,10,96.2832805037952
36,2019,11,96.7508772616461
36,2019,12,96.0839023636801
37,1982,1,90.8720495862714
37,1982,2,90.7014719383429
37,1982,3,91.4408492945924
37,1982,4,91.7624213774773
37,1982,5,89.6689298278112
37,1982,6,90.2896195302208
37,1982,7,90.9661792792732
37,1982,8,90.6846706648642
37,1982,9,91.9213878118005
37,1982,10,90.9377380323145
37,1982,11,90.7334637986699
37,1982,12,91.8263916820037
37,1983,1,91.0883920277727
37,1983,2,88.7263525320167
37,1983,3,88.7133699184935
37,1983,4,90.0436447580502
37,1983,5,90.6727727034233
37,1983,6,90.0599713164044
37,1983,7,90.6992515787467
37,1983,8,91.3378145504214
37,1983,9,92.1117641181617
37,1983,10,91.3660326953523
37,1983,11,92.5119474040161
37,1983,12,94.0557527173247
37,1984,1,92.9133933067707
37,1984,2,93.2069126660757
37,1984,3,93.3605797566912
37,1984,4,93.7682497624147
37,1984,5,93.671685476351
37,1984,6,92.6107103216889
37,1984,7,93.3006709421528
37,1984,8,92.9319730364304
37,1984,9,93.3338854170323
37,1984,10,92.7567882399109
37,1984,11,93.3117317181857
37,1984,12,93.5553712130572
37,1985,1,92.8820530639161
37,1985,2,93.1449342287202
37,1985,3,94.0798396924097
37,1985,4,94.3676868893279
37,1985,5,94.3815802211011
37,1985,6,94.2912265740051
37,1985,7,94.2732378491625
37,1985,8,94.1158254245536
37,1985,9,95.6190362242529
37,1985,10,95.216831112521
37,1985,11,94.9798402948439
37,1985,12,95.8108001301711
37,1986,1,93.8443610882627
37,1986,2,94.1351298216129
37,1986,3,94.1337590102232
37,1986,4,94.7018648506943
37,1986,5,94.5567968254099
37,1986,6,94.4086152584984
37,1986,7,94.7727649418078
37,1986,8,94.9258155815131
37,1986,9,94.9916159367329
37,1986,10,94.8629190454577
37,1986,11,94.6299653400091
37,1986,12,95.0869754363878
37,1987,1,94.7950093475158
37,1987,2,94.539883628563
37,1987,3,95.1870350464049
37,1987,4,95.5720302867021
37,1987,5,95.6072912426198
37,1987,6,94.6444591583455
37,1987,7,95.1920174572424
37,1987,8,95.7624547603355
37,1987,9,96.3635821645219
37,1987,10,96.2418100320944
37,1987,11,95.9073153324094
37,1987,12,95.8660595975721
37,1988,1,94.7647786175905
37,1988,2,95.7323464310958
37,1988,3,95.8663960818236
37,1988,4,96.3965536313062
37,1988,5,96.6211015352333
37,1988,6,96.5244001230209
37,1988,7,96.7237247704246
37,1988,8,97.0314060981091
37,1988,9,96.8749882882443
37,1988,10,95.9636854885327
37,1988,11,96.1918854694138
37,1988,12,96.6499706527854
37,1989,1,95.4826209288176
37,1989,2,96.1143903894818
37,1989,3,96.6009576702949
37,1989,4,96.0789181613964
37,1989,5,96.5097106473868
37,1989,6,96.1512979291515
37,1989,7,96.6593703433407
37,1989,8,96.4948224087701
37,1989,9,96.4131401827402
37,1989,10,96.6232809324036
37,1989,11,97.0186679383578
37,1989,12,96.8496160025402
37,1990,1,95.2016295789345
37,1990,2,95.7364802599098
37,1990,3,96.1919400147794
37,1990,4,96.1696222580249
37,1990,5,95.9424906269953
37,1990,6,95.9383686532926
37,1990,7,95.3345967724759
37,1990,8,96.5176175913752
37,1990,9,96.5067038205747
37,1990,10,95.2188161339441
37,1990,11,94.7735526976723
37,1990,12,94.7024862948402
37,1991,1,93.9085141355722
37,1991,2,94.1348219901509
37,1991,3,94.1054179567118
37,1991,4,94.5206662051299
37,1991,5,93.3738970951934
37,1991,6,93.8694550253031
37,1991,7,94.0116347652197
37,1991,8,94.5493965996467
37,1991,9,94.6046764712393
37,1991,10,94.7491375955448
37,1991,11,94.0573169246625
37,1991,12,93.9673724801387
37,1992,1,92.8858329464117
37,1992,2,93.2989749512096
37,1992,3,93.6772818421421
37,1992,4,94.4169628609335
37,1992,5,93.926777759087
37,1992,6,93.0060984119685
37,1992,7,93.3430292989041
37,1992,8,94.0535397371685
37,1992,9,94.4163497230097
37,1992,10,94.8901818602748
37,1992,11,93.9659016713016
37,1992,12,94.5024062827594
37,1993,1,93.5869265581589
37,1993,2,94.3198663849542
37,1993,3,94.3643989130913
37,1993,4,94.6413240930656
37,1993,5,94.8437523586335
37,1993,6,94.1306022866862
37,1993,7,95.2160037271789
37,1993,8,95.99914071532
37,1993,9,96.2055356202394
37,1993,10,95.5161253293747
37,1993,11,95.8701622926045
37,1993,12,95.9587206178771
37,1994,1,95.2717408382056
37,1994,2,94.4021875242759
37,1994,3,95.4124114509871
37,1994,4,96.1234346143424
37,1994,5,95.8923520398
37,1994,6,95.6486805590562
37,1994,7,95.0948945700375
37,1994,8,94.857613633947
37,1994,9,95.1714322337792
37,1994,10,95.1630126948674
37,1994,11,95.7695428683782
37,1994,12,97.0560932734359
37,1995,1,95.513750872813
37,1995,2,94.9136987834553
37,1995,3,95.9768492005209
37,1995,4,95.562149136048
37,1995,5,95.6826149246674
37,1995,6,95.3842199599306
37,1995,7,95.6916218443385
37,1995,8,95.5939371984883
37,1995,9,95.6436917310443
37,1995,10,95.9687098549082
37,1995,11,95.9397721674311
37,1995,12,95.4317078595448
37,1996,1,94.2780395310583
37,1996,2,95.2029101772045
37,1996,3,95.550492269982
37,1996,4,95.7702079666714
37,1996,5,95.6505635395385
37,1996,6,95.5858543003271
37,1996,7,95.3966691310717
37,1996,8,95.6815813017957
37,1996,9,95.6545080939595
37,1996,10,95.7951081071288
37,1996,11,95.9867602009363
37,1996,12,95.6690859836482
37,1997,1,95.8473145222018
37,1997,2,95.9963753307288
37,1997,3,96.8600752958253
37,1997,4,97.2473749203852
37,1997,5,96.258858022472
37,1997,6,95.2766608553196
37,1997,7,95.4494867313841
37,1997,8,95.9170325105427
37,1997,9,96.6904947221786
37,1997,10,96.9771529659148
37,1997,11,96.2074941117793
37,1997,12,96.4974856044582
37,1998,1,95.8913062343387
37,1998,2,95.7476662641355
37,1998,3,96.1519917055901
37,1998,4,96.7982202987827
37,1998,5,96.8347462809441
37,1998,6,96.5866874465812
37,1998,7,95.8072869590813
37,1998,8,96.1075124632872
37,1998,9,96.5463573819272
37,1998,10,96.4859396342442
37,1998,11,97.1906035793177
37,1998,12,97.4382981821985
37,1999,1,96.6023562638969
37,1999,2,96.5244292533846
37,1999,3,96.8800971187702
37,1999,4,97.7906912772256
37,1999,5,97.0990076310769
37,1999,6,97.3410331188494
37,1999,7,95.9482108788144
37,1999,8,95.9985469552871
37,1999,9,97.1591651453596
37,1999,10,96.4875710526687
37,1999,11,96.6002939271034
37,1999,12,97.103784116914
37,2000,1,95.9891095391066
37,2000,2,95.8594572646429
37,2000,3,96.528123595482
37,2000,4,97.3613652517548
37,2000,5,96.4635584169809
37,2000,6,96.1269742704697
37,2000,7,96.5306762340634
37,2000,8,96.3273315198043
37,2000,9,96.3053533758161
37,2000,10,96.1525952115661
37,2000,11,95.8094623743886
37,2000,12,96.0255860934333
37,2001,1,94.4326684804445
37,2001,2,94.672776478159
37,2001,3,95.3301172087374
37,2001,4,94.6504102828965
37,2001,5,94.630217332605
37,2001,6,94.8802774340102
37,2001,7,93.7860946706865
37,2001,8,94.8357625305403
37,2001,9,94.562110340718
37,2001,10,93.8006361239705
37,2001,11,92.9633700086276
37,2001,12,93.6927059975966
37,2002,1,92.5404259930981
37,2002,2,92.6319000909985
37,2002,3,92.2463131165086
37,2002,4,92.7338635910539
37,2002,5,92.5560880634499
37,2002,6,92.8656110850682
37,2002,7,92.4225486075394
37,2002,8,93.7026361854153
37,2002,9,94.3169155706726
37,2002,10,94.2531641901054
37,2002,11,93.7063204750595
37,2002,12,93.218734044333
37,2003,1,93.720095555967
37,2003,2,93.6238436445236
37,2003,3,93.1102146945763
37,2003,4,93.126431177032
37,2003,5,93.4607440829899
37,2003,6,91.7070563803035
37,2003,7,92.709118694975
37,2003,8,93.5362858733676
37,2003,9,93.9725729706212
37,2003,10,94.5327896034454
37,2003,11,93.1710691682965
37,2003,12,93.8995001608079
37,2004,1,93.9948688133998
37,2004,2,93.1502317619073
37,2004,3,95.6452177811163
37,2004,4,95.0029359772333
37,2004,5,94.3645219367448
37,2004,6,93.6696925790262
37,2004,7,94.2979763530806
37,2004,8,95.0894006952031
37,2004,9,95.4985407564107
37,2004,10,95.1366462409318
37,2004,11,94.0880658837783
37,2004,12,93.8040102733628
37,2005,1,94.9329878654058
37,2005,2,93.6180066105707
37,2005,3,94.9244723499717
37,2005,4,95.0152024906034
37,2005,5,95.3162393529759
37,2005,6,93.8468791779342
37,2005,7,93.2356026434647
37,2005,8,94.5394551139156
37,2005,9,94.9071004482697
37,2005,10,95.302945854518
37,2005,11,95.4140281921788
37,2005,12,95.6861989607852
37,2006,1,95.7838087275548
37,2006,2,94.5834215389574
37,2006,3,95.3100791273962
37,2006,4,96.0124862267288
37,2006,5,94.879842879422
37,2006,6,95.2661870206574
37,2006,7,94.2862579016131
37,2006,8,95.1794670452252
37,2006,9,94.8955331060049
37,2006,10,95.5323030904045
37,2006,11,94.6329820942453
37,2006,12,94.7988068955229
37,2007,1,95.5914295986201
37,2007,2,95.8253441147366
37,2007,3,95.3045539360192
37,2007,4,95.6171699657745
37,2007,5,94.944593322864
37,2007,6,94.0906059632489
37,2007,7,95.5068534090304
37,2007,8,95.9030949122272
37,2007,9,95.4510007441297
37,2007,10,95.5323893001552
37,2007,11,95.7099753697033
37,2007,12,95.3341213816541
37,2008,1,94.1017195822482
37,2008,2,94.0678037719326
37,2008,3,94.5017555545745
37,2008,4,94.4411346669904
37,2008,5,94.1451737422998
37,2008,6,93.6744514870213
37,2008,7,92.3074493382434
37,2008,8,93.8327086698715
37,2008,9,93.5628902406055
37,2008,10,94.3249638088676
37,2008,11,91.0892361459594
37,2008,12,91.3917395147281
37,2009,1,89.4505673929177
37,2009,2,88.4078410515455
37,2009,3,90.2340796204769
37,2009,4,91.0600064365677
37,2009,5,89.3868940675724
37,2009,6,89.4635571994612
37,2009,7,89.4804884746167
37,2009,8,90.012880996174
37,2009,9,88.4558833711657
37,2009,10,88.4762012284746
37,2009,11,89.4331626497158
37,2009,12,88.8891450173291
37,2010,1,89.0823958727393
37,2010,2,88.4793623555491
37,2010,3,90.3532603497889
37,2010,4,89.8136096534354
37,2010,5,89.8054160531119
37,2010,6,87.9061297993325
37,2010,7,88.9462865929189
37,2010,8,88.4704382199289
37,2010,9,89.142182948142
37,2010,10,90.3120310334355
37,2010,11,89.6465842217162
37,2010,12,90.3958746697035
37,2011,1,89.4483216961831
37,2011,2,89.627220738386
37,2011,3,89.4491611029466
37,2011,4,89.0822609386217
37,2011,5,90.1571619051618
37,2011,6,88.5038923108609
37,2011,7,89.4216883638839
37,2011,8,88.7309814037401
37,2011,9,89.6395274882462
37,2011,10,90.8477525070427
37,2011,11,90.5433644949885
37,2011,12,89.6588812905321
37,2012,1,89.7507188953707
37,2012,2,90.8751496545336
37,2012,3,90.4786622215469
37,2012,4,91.424825491887
37,2012,5,91.0147105897187
37,2012,6,90.1006018054627
37,2012,7,91.2355616849661
37,2012,8,90.1379335742338
37,2012,9,91.4678667747084
37,2012,10,91.9667331523287
37,2012,11,90.6115455866449
37,2012,12,89.8733148939718
37,2013,1,88.059939657297
37,2013,2,90.3938722362034
37,2013,3,90.4627239239538
37,2013,4,91.359606987663
37,2013,5,91.5089701731583
37,2013,6,91.3827345340087
37,2013,7,91.9314458661624
37,2013,8,92.3237395881703
37,2013,9,92.5584318206804
37,2013,10,92.9935188574557
37,2013,11,93.5731237813842
37,2013,12,93.5810713856331
37,2014,1,93.1142908996902
37,2014,2,93.8728058330876
37,2014,3,92.3347389159074
37,2014,4,93.4342378710475
37,2014,5,92.9526693659515
37,2014,6,93.8196150691754
37,2014,7,92.7180823616639
37,2014,8,92.6972299154093
37,2014,9,94.3303049101276
37,2014,10,95.3800662281819
37,2014,11,95.1071574517514
37,2014,12,94.5021900779356
37,2015,1,93.3323038738792
37,2015,2,94.5552120657167
37,2015,3,94.124220906619
37,2015,4,94.4064025237705
37,2015,5,93.5346961228689
37,2015,6,92.8148945959949
37,2015,7,93.2503598216256
37,2015,8,92.7222596407574
37,2015,9,95.2155985446782
37,2015,10,94.6043090801257
37,2015,11,94.2727534291496
37,2015,12,94.8821008071895
37,2016,1,94.0671089893884
37,2016,2,93.9321254409128
37,2016,3,94.8195278896934
37,2016,4,94.9313190951727
37,2016,5,95.5322372735489
37,2016,6,95.2403329553545
37,2016,7,95.7491184299035
37,2016,8,94.1032898175964
37,2016,9,94.8571110166605
37,2016,10,95.2370346513167
37,2016,11,94.6993639411187
37,2016,12,94.4984873991659
37,2017,1,94.7774529039496
37,2017,2,95.6449729543835
37,2017,3,94.9781217677622
37,2017,4,96.1929011473817
37,2017,5,95.6018590663553
37,2017,6,96.1662038249313
37,2017,7,95.161429985691
37,2017,8,95.028653871555
37,2017,9,94.6586240168236
37,2017,10,95.6625629836345
37,2017,11,95.2386764261719
37,2017,12,95.3611583285943
37,2018,1,95.8135056686342
37,2018,2,95.6405585305739
37,2018,3,95.9205899999908
37,2018,4,96.3192143632588
37,2018,5,96.5935176907593
37,2018,6,95.8258779676467
37,2018,7,96.4886969199944
37,2018,8,96.0864278860146
37,2018,9,97.1736472984566
37,2018,10,95.844288678336
37,2018,11,96.7490140509452
37,2018,12,95.6308103015222
37,2019,1,94.8645761206637
37,2019,2,95.5283260998035
37,2019,3,95.5035981091545
37,2019,4,96.6040165712388
37,2019,5,96.0116961901832
37,2019,6,95.2096162592083
37,2019,7,96.3329704273979
37,2019,8,95.6174388250212
37,2019,9,96.3584960317896
37,2019,10,96.1785726748061
37,2019,11,97.1160581261616
37,2019,12,96.3980648171357
38,1982,1,94.4944406103775
38,1982,2,94.819266519931
38,1982,3,94.0521595416569
38,1982,4,94.1657841526527
38,1982,5,95.7048890837108
38,1982,6,94.0369997062378
38,1982,7,95.4961442908464
38,1982,8,95.0268274173599
38,1982,9,93.4088047560661
38,1982,10,93.640152018844
38,1982,11,93.373975248854
38,1982,12,93.1322038121405
38,1983,1,92.951754443873
38,1983,2,93.5646682528503
38,1983,3,93.5964451531902
38,1983,4,93.2343033859205
38,1983,5,95.9167508048511
38,1983,6,94.5606503934401
38,1983,7,95.3575318347008
38,1983,8,95.0271652578513
38,1983,9,94.352197138745
38,1983,10,94.6809567624976
38,1983,11,94.0675326971596
38,1983,12,94.3050193414806
38,1984,1,94.262992232333
38,1984,2,94.1595029507403
38,1984,3,95.522131933138
38,1984,4,94.6388135842154
38,1984,5,95.2737689327489
38,1984,6,94.4911049852899
38,1984,7,94.9017752632878
38,1984,8,94.7962242477946
38,1984,9,94.4421429528307
38,1984,10,94.3969703951306
38,1984,11,95.2325392996582
38,1984,12,95.0003161306309
38,1985,1,93.2844309532534
38,1985,2,92.4923162817159
38,1985,3,92.7368311597635
38,1985,4,93.808970441933
38,1985,5,93.5451285221575
38,1985,6,93.8729494547937
38,1985,7,94.3560622312993
38,1985,8,94.0659440520053
38,1985,9,96.2725808572008
38,1985,10,94.5779161730616
38,1985,11,94.4914564912158
38,1985,12,93.8860715470179
38,1986,1,92.0065619613033
38,1986,2,91.8911140125618
38,1986,3,91.7796160449141
38,1986,4,92.7212089718547
38,1986,5,93.9272072045455
38,1986,6,93.5463639114492
38,1986,7,94.2279362689992
38,1986,8,94.1482446606552
38,1986,9,96.3509092731177
38,1986,10,96.3467195380444
38,1986,11,95.3039295011593
38,1986,12,94.3694625396197
38,1987,1,93.1588914505955
38,1987,2,93.520575926664
38,1987,3,93.3200188032229
38,1987,4,93.6917069452603
38,1987,5,96.0324268462153
38,1987,6,94.7238949342027
38,1987,7,96.0373572234273
38,1987,8,95.1735630071232
38,1987,9,95.1865812248084
38,1987,10,95.9870967039116
38,1987,11,94.3426562102746
38,1987,12,95.3709155186518
38,1988,1,95.3791090851146
38,1988,2,95.6542041338575
38,1988,3,95.4213763614235
38,1988,4,94.0586924339543
38,1988,5,94.5414910366584
38,1988,6,93.8303952338061
38,1988,7,94.3080615198169
38,1988,8,95.1339859295552
38,1988,9,95.2682254609174
38,1988,10,96.1750587724467
38,1988,11,95.4217486193621
38,1988,12,95.7949120734324
38,1989,1,94.4773230613944
38,1989,2,95.4228823875977
38,1989,3,94.8708305384945
38,1989,4,95.8463758319548
38,1989,5,96.644210345444
38,1989,6,95.3533966806422
38,1989,7,96.1847952588111
38,1989,8,95.2086183609996
38,1989,9,95.2963671810969
38,1989,10,96.5124753973275
38,1989,11,96.5377118524075
38,1989,12,95.0792320829822
38,1990,1,94.8553036385146
38,1990,2,94.8670356026435
38,1990,3,93.9142604794658
38,1990,4,96.7874635362832
38,1990,5,96.450773557485
38,1990,6,95.3794999186724
38,1990,7,96.6210684681178
38,1990,8,97.24527787525
38,1990,9,96.5285304107416
38,1990,10,96.2983915270016
38,1990,11,96.662419669671
38,1990,12,95.8210831372149
38,1991,1,95.2282309673034
38,1991,2,95.5016972328197
38,1991,3,95.827124955975
38,1991,4,96.1434108382645
38,1991,5,95.2155386315887
38,1991,6,94.8567662515076
38,1991,7,96.1568030165704
38,1991,8,95.0485953189763
38,1991,9,96.5782248340539
38,1991,10,96.9310959655733
38,1991,11,95.3996470748606
38,1991,12,95.8946801613565
38,1992,1,93.4802120135142
38,1992,2,94.2793121263771
38,1992,3,93.7563650249257
38,1992,4,95.415137419082
38,1992,5,94.5960774354117
38,1992,6,93.7009348182808
38,1992,7,94.4807102696115
38,1992,8,95.118958455211
38,1992,9,95.2341060622774
38,1992,10,96.0516340846723
38,1992,11,95.2184041054793
38,1992,12,95.3656396536953
38,1993,1,94.7560688624533
38,1993,2,94.398608957663
38,1993,3,93.9587363464194
38,1993,4,94.9546274789923
38,1993,5,95.1921499451592
38,1993,6,95.6117135397629
38,1993,7,96.2052152021901
38,1993,8,96.254626185071
38,1993,9,96.8897499226407
38,1993,10,96.3672134076148
38,1993,11,96.9211238756107
38,1993,12,96.2757526992116
38,1994,1,94.467206027017
38,1994,2,95.2058469546894
38,1994,3,93.2806052897002
38,1994,4,96.6942282627852
38,1994,5,96.9375222657505
38,1994,6,95.7433404391213
38,1994,7,96.9615226837821
38,1994,8,97.2498882420795
38,1994,9,97.1883014134503
38,1994,10,97.5836424624737
38,1994,11,96.2507418902578
38,1994,12,94.8123460699263
38,1995,1,94.6300533078593
38,1995,2,95.9900831890267
38,1995,3,96.4237357661587
38,1995,4,95.9846826423635
38,1995,5,96.5155552263508
38,1995,6,96.1864604575714
38,1995,7,96.5396505505129
38,1995,8,97.9879609981219
38,1995,9,97.4266734219572
38,1995,10,97.6594735130694
38,1995,11,97.1346282132289
38,1995,12,97.3518729205524
38,1996,1,95.6942111882944
38,1996,2,95.9140461063176
38,1996,3,96.0871009909435
38,1996,4,96.6765452358125
38,1996,5,96.5802515592381
38,1996,6,96.5799474470943
38,1996,7,97.6729648040033
38,1996,8,97.66056157965
38,1996,9,97.1900706655349
38,1996,10,98.0495237705054
38,1996,11,97.4244390971383
38,1996,12,96.7575773729187
38,1997,1,95.6898041751416
38,1997,2,97.1682912293538
38,1997,3,96.6577050412182
38,1997,4,97.0998487173862
38,1997,5,97.8579806875739
38,1997,6,96.4725181339984
38,1997,7,96.7802157373181
38,1997,8,97.6163621494744
38,1997,9,98.401140115538
38,1997,10,98.0615949556263
38,1997,11,98.0559779133373
38,1997,12,97.8434850042577
38,1998,1,98.0253768388478
38,1998,2,97.0016772878082
38,1998,3,95.2366834921078
38,1998,4,96.8090017995306
38,1998,5,95.5815089652791
38,1998,6,96.4179191469172
38,1998,7,96.3158155262362
38,1998,8,96.7652703268056
38,1998,9,97.0427947901778
38,1998,10,97.7384719500967
38,1998,11,96.729632829618
38,1998,12,96.2902780898133
38,1999,1,96.7962759340619
38,1999,2,95.9987505076458
38,1999,3,94.9416922120805
38,1999,4,96.4591266201843
38,1999,5,96.6122340071448
38,1999,6,96.212265643195
38,1999,7,96.4903987993949
38,1999,8,96.0931851303523
38,1999,9,96.609875170087
38,1999,10,97.9150455867593
38,1999,11,96.900178860393
38,1999,12,97.7693637423348
38,2000,1,93.7510974337918
38,2000,2,95.8928227910588
38,2000,3,96.7841562886408
38,2000,4,96.8304988947676
38,2000,5,97.5629779727382
38,2000,6,96.9122930066082
38,2000,7,97.190914173195
38,2000,8,96.9831494751654
38,2000,9,97.576552932639
38,2000,10,97.8522160001394
38,2000,11,96.7673122052834
38,2000,12,98.0049651137843
38,2001,1,97.1344185619988
38,2001,2,95.8790356216702
38,2001,3,96.886376803508
38,2001,4,97.189045059329
38,2001,5,97.879002247786
38,2001,6,95.9996572625203
38,2001,7,97.0099481228532
38,2001,8,97.0294692596407
38,2001,9,98.9159265113482
38,2001,10,97.8883378516298
38,2001,11,96.7934816119152
38,2001,12,96.0945349728117
38,2002,1,94.0238921509032
38,2002,2,96.0176079184936
38,2002,3,94.3077885751845
38,2002,4,94.8514508810774
38,2002,5,96.06011460572
38,2002,6,95.9208511821874
38,2002,7,96.0782358835844
38,2002,8,96.9893192418661
38,2002,9,96.5376492702457
38,2002,10,97.7501638717554
38,2002,11,97.0301419760784
38,2002,12,96.9426528802012
38,2003,1,94.0425893157325
38,2003,2,94.6097251868375
38,2003,3,93.8191022768234
38,2003,4,95.8681181498137
38,2003,5,96.6524146202763
38,2003,6,95.4639785985262
38,2003,7,96.3935101282157
38,2003,8,96.6577962521624
38,2003,9,97.1388393307837
38,2003,10,97.7376667449845
38,2003,11,97.7675482574014
38,2003,12,97.0758507388664
38,2004,1,96.5171084212759
38,2004,2,95.6281132999309
38,2004,3,95.5991220222655
38,2004,4,95.9796701215567
38,2004,5,96.5391324768982
38,2004,6,96.3912556973524
38,2004,7,96.0494961805646
38,2004,8,95.9175028350624
38,2004,9,96.4032523254809
38,2004,10,97.1849707949966
38,2004,11,96.5775574304715
38,2004,12,96.9395322053171
38,2005,1,96.3329352492902
38,2005,2,95.4010684687129
38,2005,3,95.9307312307242
38,2005,4,96.1236078753496
38,2005,5,96.6542044158008
38,2005,6,96.0031663418298
38,2005,7,96.096077238079
38,2005,8,96.5415520400508
38,2005,9,97.2915749393855
38,2005,10,97.8778012430458
38,2005,11,97.5669764528098
38,2005,12,96.6483621881153
38,2006,1,95.8684126545224
38,2006,2,94.9782419280971
38,2006,3,95.1842840722348
38,2006,4,96.0394486617092
38,2006,5,96.4847035734111
38,2006,6,95.8261204623085
38,2006,7,97.4513509394582
38,2006,8,96.9734646689084
38,2006,9,98.0781198367983
38,2006,10,97.8016669733811
38,2006,11,97.338583242276
38,2006,12,96.1519794348852
38,2007,1,95.8420001026534
38,2007,2,96.2144705868455
38,2007,3,95.448368077965
38,2007,4,96.5240344681714
38,2007,5,96.8203576294622
38,2007,6,96.4646097696622
38,2007,7,97.7137776078993
38,2007,8,96.8489347487258
38,2007,9,96.9357645697968
38,2007,10,96.8371295827696
38,2007,11,97.1870688226209
38,2007,12,97.1412112530284
38,2008,1,96.1072229174821
38,2008,2,95.4555929814989
38,2008,3,96.4691466653322
38,2008,4,96.533694963418
38,2008,5,97.5827156199853
38,2008,6,97.1600508634533
38,2008,7,97.2922096619664
38,2008,8,97.0248789768872
38,2008,9,96.1719120507853
38,2008,10,97.385978742136
38,2008,11,97.2496702626571
38,2008,12,96.4342528651475
38,2009,1,95.2747005549302
38,2009,2,95.2185089582993
38,2009,3,95.1161890134043
38,2009,4,95.3771901311402
38,2009,5,96.030564874702
38,2009,6,95.7501531794128
38,2009,7,95.7191981117598
38,2009,8,95.7125741269189
38,2009,9,96.4791593371616
38,2009,10,96.8862616726613
38,2009,11,95.5343799047764
38,2009,12,95.300007518072
38,2010,1,95.5880357282334
38,2010,2,96.0632592267414
38,2010,3,95.7492035233039
38,2010,4,96.8104466704499
38,2010,5,97.2129004614086
38,2010,6,95.0971174055511
38,2010,7,96.2710926854919
38,2010,8,96.6379116635173
38,2010,9,96.6390116707744
38,2010,10,96.8832675021474
38,2010,11,96.1461168632701
38,2010,12,94.9909711083231
38,2011,1,95.3700379774296
38,2011,2,95.248170371054
38,2011,3,96.4862339597353
38,2011,4,97.9183551565051
38,2011,5,96.4896865124194
38,2011,6,95.3718339851816
38,2011,7,95.8410048382584
38,2011,8,96.5157817224448
38,2011,9,97.1726732866097
38,2011,10,96.4605126911993
38,2011,11,96.7352970376996
38,2011,12,96.2809675890605
38,2012,1,96.1061454013934
38,2012,2,95.453403842144
38,2012,3,96.4894718464782
38,2012,4,96.4873801409541
38,2012,5,97.57531153155
38,2012,6,97.110706255232
38,2012,7,96.9365655566134
38,2012,8,96.41058378848
38,2012,9,97.4164327958628
38,2012,10,97.1849567106974
38,2012,11,96.7574540195553
38,2012,12,95.8949391467074
38,2013,1,95.3108915044006
38,2013,2,96.3483070645073
38,2013,3,96.2512918596711
38,2013,4,96.5134617812614
38,2013,5,98.1109948766097
38,2013,6,97.5638692017999
38,2013,7,96.9061095061324
38,2013,8,97.7080399375841
38,2013,9,98.3105593060299
38,2013,10,98.188181712948
38,2013,11,97.3506828119022
38,2013,12,97.0259464824993
38,2014,1,96.7614851442225
38,2014,2,96.4777872685295
38,2014,3,97.1636523150674
38,2014,4,96.9973094600711
38,2014,5,97.1809831362563
38,2014,6,96.8416840151762
38,2014,7,96.9558150657474
38,2014,8,97.9989724478618
38,2014,9,97.4723080572059
38,2014,10,97.3247409891235
38,2014,11,97.9026639742326
38,2014,12,96.7641251361285
38,2015,1,96.0290413777467
38,2015,2,96.1114903664289
38,2015,3,96.1892899372905
38,2015,4,97.6316006473845
38,2015,5,97.6592171820395
38,2015,6,97.7177971184969
38,2015,7,98.2306032846489
38,2015,8,97.4308347615626
38,2015,9,97.5317088278973
38,2015,10,98.0837141890669
38,2015,11,97.7175904622357
38,2015,12,97.7300118217669
38,2016,1,95.8609813046314
38,2016,2,96.1692259522575
38,2016,3,95.10359230018
38,2016,4,96.3110433196789
38,2016,5,95.9712091044725
38,2016,6,96.234161152228
38,2016,7,97.6005201494437
38,2016,8,96.7829650497028
38,2016,9,96.7352663399032
38,2016,10,98.3093554530724
38,2016,11,96.9929584754883
38,2016,12,96.9917864867646
38,2017,1,96.193777218154
38,2017,2,96.6290418042393
38,2017,3,97.2575210018698
38,2017,4,97.5076374634424
38,2017,5,98.5400848595582
38,2017,6,97.5212714994757
38,2017,7,97.7963460817813
38,2017,8,97.5136210392993
38,2017,9,97.8983453484929
38,2017,10,98.1039772277954
38,2017,11,97.4090700795724
38,2017,12,97.1403967789389
38,2018,1,96.3027290513884
38,2018,2,96.4668325201474
38,2018,3,97.5942871996859
38,2018,4,96.6943358597878
38,2018,5,97.5450423108949
38,2018,6,96.1944489006689
38,2018,7,97.4128006781592
38,2018,8,96.4966969120965
38,2018,9,97.2200564004847
38,2018,10,98.513605533745
38,2018,11,98.2001788099339
38,2018,12,97.9294482985918
38,2019,1,96.950324862058
38,2019,2,97.0640090399885
38,2019,3,96.6604267631955
38,2019,4,97.0245658844758
38,2019,5,97.8006019903165
38,2019,6,97.332289916427
38,2019,7,97.4472450019958
38,2019,8,97.9605174088066
38,2019,9,97.7059299220444
38,2019,10,98.5937226641105
38,2019,11,98.0924285001254
38,2019,12,98.2536401466296
39,1982,1,88.3513924194531
39,1982,2,88.227195837043
39,1982,3,88.0703514937017
39,1982,4,88.5837789862165
39,1982,5,89.1377090163535
39,1982,6,87.9090253910433
39,1982,7,87.7078780436446
39,1982,8,87.2819497462899
39,1982,9,87.5262925914302
39,1982,10,86.7282824961679
39,1982,11,85.9427348544581
39,1982,12,85.8275077977193
39,1983,1,85.0825121001062
39,1983,2,85.2556303965092
39,1983,3,86.2275977712684
39,1983,4,87.1098326692772
39,1983,5,87.0409762677938
39,1983,6,87.0371997758466
39,1983,7,88.9851012177652
39,1983,8,89.2765483162254
39,1983,9,88.8305067314843
39,1983,10,89.3550340875164
39,1983,11,89.2118806568493
39,1983,12,89.6225123336495
39,1984,1,90.0888648013954
39,1984,2,89.9148803578958
39,1984,3,89.5474409405159
39,1984,4,90.4541949999761
39,1984,5,90.343072086969
39,1984,6,90.7618680687446
39,1984,7,91.180238496265
39,1984,8,90.6741127835612
39,1984,9,90.9060773089745
39,1984,10,90.4328593548078
39,1984,11,90.9997038395086
39,1984,12,90.6058115432495
39,1985,1,91.0144456121794
39,1985,2,90.8821053838705
39,1985,3,90.5080825976747
39,1985,4,91.1606387819206
39,1985,5,92.4344496589872
39,1985,6,91.3406177253907
39,1985,7,90.577801260729
39,1985,8,91.2487595511749
39,1985,9,90.9966944277229
39,1985,10,90.9036059697954
39,1985,11,90.8942949151211
39,1985,12,91.3483674412136
39,1986,1,90.7625604495482
39,1986,2,91.3630322129681
39,1986,3,92.2306692587216
39,1986,4,91.8183102895251
39,1986,5,92.413934171991
39,1986,6,90.9983605701119
39,1986,7,91.9092575704476
39,1986,8,91.6931019568389
39,1986,9,91.3691123089186
39,1986,10,92.3689790968574
39,1986,11,92.6864838116328
39,1986,12,92.0606443077577
39,1987,1,91.1871524240953
39,1987,2,90.9203549595311
39,1987,3,92.2206993330314
39,1987,4,92.9480226924512
39,1987,5,93.2016508014022
39,1987,6,92.8129563108455
39,1987,7,93.2538221384368
39,1987,8,93.0764027982305
39,1987,9,94.266181410532
39,1987,10,94.1328929272674
39,1987,11,94.0582529658323
39,1987,12,93.4549666263257
39,1988,1,92.5932480902988
39,1988,2,92.8010961149455
39,1988,3,92.0876763503447
39,1988,4,94.0117137025104
39,1988,5,94.3266477132716
39,1988,6,93.9259026774762
39,1988,7,94.7432989712676
39,1988,8,94.3743386651224
39,1988,9,94.3378419259886
39,1988,10,94.8969503747255
39,1988,11,94.6835473146635
39,1988,12,94.535467023308
39,1989,1,92.9310657961686
39,1989,2,94.2415719567764
39,1989,3,94.1587616822609
39,1989,4,94.9487492730759
39,1989,5,94.8342850082739
39,1989,6,93.9269292428859
39,1989,7,94.9394518711503
39,1989,8,95.2938063884081
39,1989,9,94.985828552274
39,1989,10,94.1578653911482
39,1989,11,93.8017848354225
39,1989,12,93.8476138100118
39,1990,1,92.2830611189595
39,1990,2,93.4840920114765
39,1990,3,94.1834467511522
39,1990,4,94.2856612009883
39,1990,5,93.9006221334182
39,1990,6,94.2131483806185
39,1990,7,94.8266450810247
39,1990,8,95.3141870604411
39,1990,9,95.206517089979
39,1990,10,94.2533251497366
39,1990,11,94.5809397176092
39,1990,12,94.0316218373088
39,1991,1,92.5704316253095
39,1991,2,92.2094470951212
39,1991,3,92.3839313522759
39,1991,4,92.9108436089707
39,1991,5,94.452672048232
39,1991,6,93.347270194503
39,1991,7,93.6227430019823
39,1991,8,93.8295677493562
39,1991,9,94.2031715767425
39,1991,10,94.7131240946286
39,1991,11,94.5626362513509
39,1991,12,93.288008648881
39,1992,1,91.4329694580848
39,1992,2,91.5363906258775
39,1992,3,91.8493070444986
39,1992,4,92.7559575251598
39,1992,5,92.5153822714035
39,1992,6,91.8996923710788
39,1992,7,92.7702174100357
39,1992,8,92.8154872914734
39,1992,9,93.5892231457227
39,1992,10,93.1807125123603
39,1992,11,93.0786874435903
39,1992,12,92.8480332929416
39,1993,1,91.6383635558874
39,1993,2,92.2915366510836
39,1993,3,92.7343861716045
39,1993,4,93.2807460469956
39,1993,5,93.7274506477666
39,1993,6,93.6945404231578
39,1993,7,93.147807863389
39,1993,8,94.7924985450612
39,1993,9,93.2477686780344
39,1993,10,93.8335752093954
39,1993,11,94.0083308090761
39,1993,12,93.7456811688746
39,1994,1,92.616945747067
39,1994,2,93.6113401199501
39,1994,3,93.3314467871867
39,1994,4,93.6396139700189
39,1994,5,93.5892868406159
39,1994,6,94.5154149161762
39,1994,7,94.162692763314
39,1994,8,94.971891552993
39,1994,9,94.8953572072323
39,1994,10,95.5099095048178
39,1994,11,95.8252518308808
39,1994,12,95.771769627847
39,1995,1,94.8971529175179
39,1995,2,95.2727976489546
39,1995,3,95.5181496915582
39,1995,4,95.3112787754277
39,1995,5,95.4003911509333
39,1995,6,95.1167813156622
39,1995,7,94.7993617919785
39,1995,8,95.0466974605199
39,1995,9,95.270591167294
39,1995,10,95.5350051521043
39,1995,11,94.7138303139852
39,1995,12,95.0928979748851
39,1996,1,93.8246994386785
39,1996,2,94.6694020472374
39,1996,3,94.4813446569637
39,1996,4,95.6649071841335
39,1996,5,95.0307806318392
39,1996,6,95.0807314371572
39,1996,7,95.0053476594911
39,1996,8,95.7726045032077
39,1996,9,95.0368683501476
39,1996,10,95.6526436384259
39,1996,11,94.7918863511743
39,1996,12,94.7615643694456
39,1997,1,94.3394406810732
39,1997,2,93.7796006858447
39,1997,3,94.981359306098
39,1997,4,95.2427563896256
39,1997,5,95.8673172151551
39,1997,6,95.9306278231982
39,1997,7,95.8552926467403
39,1997,8,96.1885497843911
39,1997,9,95.642180101905
39,1997,10,95.8177866986634
39,1997,11,95.3598730262409
39,1997,12,95.5937535172355
39,1998,1,95.0740021387623
39,1998,2,95.1416983937645
39,1998,3,95.0108496924326
39,1998,4,96.1882758275905
39,1998,5,95.7937259846381
39,1998,6,95.2129105096543
39,1998,7,95.5916027908808
39,1998,8,96.0395177436124
39,1998,9,95.8734414847591
39,1998,10,96.0806095918673
39,1998,11,95.8063635462844
39,1998,12,96.2262456206631
39,1999,1,95.254381551875
39,1999,2,95.1543212192701
39,1999,3,95.8468648867065
39,1999,4,95.5016482870861
39,1999,5,96.1254464109953
39,1999,6,94.9290638555561
39,1999,7,95.0030989222187
39,1999,8,95.999866386908
39,1999,9,95.7750632123935
39,1999,10,96.3140634609232
39,1999,11,96.159706425109
39,1999,12,96.1461793572369
39,2000,1,95.2432846669069
39,2000,2,94.9708605571036
39,2000,3,95.5844412749462
39,2000,4,96.1846193019836
39,2000,5,96.0541136663011
39,2000,6,95.4815522736081
39,2000,7,95.6266084165549
39,2000,8,95.9788158881148
39,2000,9,95.803166861031
39,2000,10,96.3900084579486
39,2000,11,96.159090698866
39,2000,12,96.3265901363499
39,2001,1,95.1722376752015
39,2001,2,96.0577810366279
39,2001,3,96.4773870250941
39,2001,4,96.3256383246439
39,2001,5,96.2451377679751
39,2001,6,94.7648069768318
39,2001,7,95.0850490797933
39,2001,8,95.6766813848873
39,2001,9,95.400109684141
39,2001,10,95.8319244410545
39,2001,11,95.129456348023
39,2001,12,95.433036747084
39,2002,1,93.9956110870861
39,2002,2,93.6146248825085
39,2002,3,93.6299272372262
39,2002,4,94.1726091234593
39,2002,5,93.8163230767842
39,2002,6,93.6913032807227
39,2002,7,93.8854336524621
39,2002,8,94.620533828655
39,2002,9,94.6471665408254
39,2002,10,94.7611221686542
39,2002,11,95.0522409493186
39,2002,12,95.3531449521485
39,2003,1,93.2493680548693
39,2003,2,92.437193425214
39,2003,3,92.649467232948
39,2003,4,93.0763460974929
39,2003,5,93.8526036999859
39,2003,6,92.8260037724492
39,2003,7,93.3316472089959
39,2003,8,94.4540893225536
39,2003,9,94.287323584552
39,2003,10,94.7350984660972
39,2003,11,94.4842041882229
39,2003,12,93.992464361189
39,2004,1,91.945021901288
39,2004,2,93.3935729005336
39,2004,3,93.6890031379659
39,2004,4,93.6554579307243
39,2004,5,94.6882659516721
39,2004,6,93.1860010076256
39,2004,7,93.0154070359725
39,2004,8,93.8128805829572
39,2004,9,94.3294804704277
39,2004,10,93.3185353558275
39,2004,11,93.4150030262764
39,2004,12,94.3943250755145
39,2005,1,93.1249278383972
39,2005,2,92.517278885695
39,2005,3,93.181623983118
39,2005,4,94.0543668223084
39,2005,5,94.539050078665
39,2005,6,93.7267571091273
39,2005,7,94.804386585839
39,2005,8,93.9993790112963
39,2005,9,94.6103346561718
39,2005,10,94.6825488086572
39,2005,11,94.980142975474
39,2005,12,94.2413666503206
39,2006,1,94.2149923604573
39,2006,2,94.2695691083641
39,2006,3,95.4043051559072
39,2006,4,94.4083159252708
39,2006,5,95.0226240977521
39,2006,6,94.9785224292722
39,2006,7,93.4337569695236
39,2006,8,93.973237004134
39,2006,9,94.9181428895343
39,2006,10,95.2729874103906
39,2006,11,94.5788017709887
39,2006,12,94.1275223621856
39,2007,1,93.8815182262498
39,2007,2,94.6852229203906
39,2007,3,94.3629467756812
39,2007,4,93.996023877438
39,2007,5,94.0696796935613
39,2007,6,92.9623531974759
39,2007,7,94.9027076234357
39,2007,8,94.9669381319779
39,2007,9,94.2372973879796
39,2007,10,94.5124729064854
39,2007,11,94.9206519762389
39,2007,12,93.8067619831866
39,2008,1,93.693077584876
39,2008,2,94.2628546611543
39,2008,3,93.5824927120864
39,2008,4,94.2631680432263
39,2008,5,93.9788269329112
39,2008,6,92.9488616244327
39,2008,7,91.8828051905519
39,2008,8,92.6142421522787
39,2008,9,92.843032106436
39,2008,10,93.2447618221042
39,2008,11,93.5054135824287
39,2008,12,92.8091872545144
39,2009,1,89.5711273206626
39,2009,2,89.3213455870085
39,2009,3,90.1850463048155
39,2009,4,89.1789130741677
39,2009,5,89.251997941848
39,2009,6,88.8551424353476
39,2009,7,88.926472936119
39,2009,8,89.9204365804256
39,2009,9,91.8574934320823
39,2009,10,89.9767567143424
39,2009,11,89.4512939693205
39,2009,12,88.8754039790442
39,2010,1,87.8817082390704
39,2010,2,88.1978041130864
39,2010,3,88.5718749702383
39,2010,4,89.3899258494826
39,2010,5,90.2029724135333
39,2010,6,89.9146665784943
39,2010,7,90.5065794846315
39,2010,8,90.8569310830581
39,2010,9,90.3675944050848
39,2010,10,90.1008520100546
39,2010,11,91.0694926486446
39,2010,12,90.8832934703388
39,2011,1,89.9002715881446
39,2011,2,90.3882802900661
39,2011,3,91.3514701175536
39,2011,4,91.714807980874
39,2011,5,91.3008097487231
39,2011,6,90.5514024453392
39,2011,7,90.8942432799494
39,2011,8,91.3399990156626
39,2011,9,91.2239162434217
39,2011,10,91.3300601007609
39,2011,11,92.7568032832279
39,2011,12,92.6833639588962
39,2012,1,91.0726820780847
39,2012,2,90.9246941212633
39,2012,3,92.0458427248686
39,2012,4,92.6386099067771
39,2012,5,93.4965886542513
39,2012,6,93.0054986276312
39,2012,7,92.6403685240919
39,2012,8,93.0299260558128
39,2012,9,92.8236590166698
39,2012,10,93.8693467025919
39,2012,11,93.1451200693938
39,2012,12,93.4598163536213
39,2013,1,89.9443551266204
39,2013,2,91.2252366165917
39,2013,3,91.6955194771034
39,2013,4,92.8295099701466
39,2013,5,92.7158960423665
39,2013,6,92.65153210207
39,2013,7,92.8690957112394
39,2013,8,92.7552420553472
39,2013,9,92.0169570027692
39,2013,10,92.7328593895963
39,2013,11,92.3532555562747
39,2013,12,93.6166973667241
39,2014,1,93.0166262669271
39,2014,2,93.6967343606766
39,2014,3,93.7962977671581
39,2014,4,94.5991567818922
39,2014,5,94.8466675992042
39,2014,6,93.648229652826
39,2014,7,93.4935250906934
39,2014,8,94.559647312929
39,2014,9,94.8058302192921
39,2014,10,95.6325323506895
39,2014,11,95.335669761244
39,2014,12,94.4305112200044
39,2015,1,93.5382092102835
39,2015,2,94.3184423496422
39,2015,3,94.3327492940448
39,2015,4,95.3404504838872
39,2015,5,95.1151394637729
39,2015,6,94.741018953596
39,2015,7,95.1490898726423
39,2015,8,95.8671106359975
39,2015,9,95.159325926549
39,2015,10,96.1336004854709
39,2015,11,95.4211325906581
39,2015,12,95.1380588242165
39,2016,1,93.9828501117523
39,2016,2,94.2474596040986
39,2016,3,94.4962407827695
39,2016,4,95.4753333897736
39,2016,5,94.720627518363
39,2016,6,95.4420875500561
39,2016,7,95.2551787913902
39,2016,8,95.1536308977843
39,2016,9,94.6061867156137
39,2016,10,95.1251844699209
39,2016,11,95.4648124691378
39,2016,12,94.6144823773074
39,2017,1,93.6301491611751
39,2017,2,93.3128514376824
39,2017,3,94.3484273235982
39,2017,4,95.6148323444385
39,2017,5,94.7029214164457
39,2017,6,94.0737154767456
39,2017,7,94.5849212857758
39,2017,8,94.8242305101255
39,2017,9,95.7649521881737
39,2017,10,95.4693030319129
39,2017,11,96.2784359375324
39,2017,12,95.2896876801075
39,2018,1,95.3907070230635
39,2018,2,95.2909439001388
39,2018,3,95.6249832724316
39,2018,4,95.3707461232318
39,2018,5,95.265883437442
39,2018,6,94.0659418808123
39,2018,7,95.3381347423054
39,2018,8,95.6408995551543
39,2018,9,95.863381262393
39,2018,10,95.4906838053266
39,2018,11,95.8579416488242
39,2018,12,94.7066594457987
39,2019,1,95.3078551900299
39,2019,2,95.7726599378913
39,2019,3,96.5648559645611
39,2019,4,96.8703365054925
39,2019,5,96.0883538052321
39,2019,6,95.6723425338356
39,2019,7,94.6025232538923
39,2019,8,95.9121183319003
39,2019,9,95.8045042610897
39,2019,10,96.3890738883196
39,2019,11,96.1471140547914
39,2019,12,96.3328770632331
40,1982,1,95.5016270826043
40,1982,2,94.6439725089269
40,1982,3,94.9728409277715
40,1982,4,95.0786804355512
40,1982,5,94.4966148515512
40,1982,6,94.7519731269405
40,1982,7,94.3279740992704
40,1982,8,94.9085615228512
40,1982,9,93.0053166960632
40,1982,10,91.4358545377993
40,1982,11,92.2161923160374
40,1982,12,91.668113415066
40,1983,1,90.9463248074868
40,1983,2,90.1938751305218
40,1983,3,90.5066673752271
40,1983,4,91.430917779917
40,1983,5,90.6023182400082
40,1983,6,89.3231862937737
40,1983,7,90.5913542816469
40,1983,8,92.4106823111217
40,1983,9,91.3042788880856
40,1983,10,90.2419218469437
40,1983,11,91.6278919319817
40,1983,12,91.4056535491174
40,1984,1,91.9610710779335
40,1984,2,92.6458980581152
40,1984,3,92.6754285311903
40,1984,4,92.8500079908392
40,1984,5,93.0432074541303
40,1984,6,93.2407218439966
40,1984,7,92.3754384896038
40,1984,8,92.4444519820607
40,1984,9,91.4886169432856
40,1984,10,92.9308186433274
40,1984,11,94.0115019923257
40,1984,12,93.7399368221976
40,1985,1,91.3996063090476
40,1985,2,91.9289708699885
40,1985,3,92.6152975498258
40,1985,4,94.1069288767549
40,1985,5,92.9362467213649
40,1985,6,92.6987548603903
40,1985,7,93.4633014029744
40,1985,8,92.9131513720653
40,1985,9,92.2393064789811
40,1985,10,92.7637316771011
40,1985,11,93.0557024302223
40,1985,12,93.0071466386001
40,1986,1,92.3962595957875
40,1986,2,91.2606903250208
40,1986,3,91.5090436864487
40,1986,4,91.2862368113851
40,1986,5,90.2653111285552
40,1986,6,91.7955184730472
40,1986,7,92.9553402747305
40,1986,8,91.5676701678927
40,1986,9,91.0038825944879
40,1986,10,92.4326759633615
40,1986,11,91.5932510688579
40,1986,12,91.9660768745614
40,1987,1,90.1716927310453
40,1987,2,92.0587429090139
40,1987,3,91.4122859063184
40,1987,4,92.7885631722245
40,1987,5,92.4330212661181
40,1987,6,91.6164949998216
40,1987,7,92.7300442935498
40,1987,8,93.3010580193575
40,1987,9,93.652357351174
40,1987,10,92.7480336232501
40,1987,11,93.6584845000699
40,1987,12,92.8127440311686
40,1988,1,90.8365861220485
40,1988,2,93.6300865602034
40,1988,3,92.5194901128958
40,1988,4,94.6150356247765
40,1988,5,93.3121060117336
40,1988,6,92.7304508464413
40,1988,7,92.2562347554252
40,1988,8,91.1923107645691
40,1988,9,93.9782526074221
40,1988,10,93.9947643718801
40,1988,11,95.1433880551687
40,1988,12,93.7021010628398
40,1989,1,93.8306531910759
40,1989,2,93.7272731471242
40,1989,3,93.875067934515
40,1989,4,94.6647498128521
40,1989,5,93.8350075706899
40,1989,6,93.6153466961115
40,1989,7,94.0830331182136
40,1989,8,94.9371002119077
40,1989,9,94.340204037038
40,1989,10,96.3795299240126
40,1989,11,95.9346847992948
40,1989,12,93.892188411233
40,1990,1,92.9915346769104
40,1990,2,92.6709563859233
40,1990,3,94.0998240117395
40,1990,4,94.6424810665414
40,1990,5,93.9084546265923
40,1990,6,95.1014673831989
40,1990,7,94.8148244576295
40,1990,8,94.0674118022756
40,1990,9,94.9499787809688
40,1990,10,94.895636583558
40,1990,11,94.061581689587
40,1990,12,93.5929095909935
40,1991,1,92.3052693022838
40,1991,2,92.0305986603689
40,1991,3,92.4288033808094
40,1991,4,94.8404575038154
40,1991,5,92.2559554736257
40,1991,6,93.1540574182463
40,1991,7,95.1041652006337
40,1991,8,93.1425777180302
40,1991,9,93.9190454955793
40,1991,10,94.4642560335647
40,1991,11,92.4336113212062
40,1991,12,93.2095947385672
40,1992,1,92.4054991284309
40,1992,2,92.5937452371613
40,1992,3,93.5651488694017
40,1992,4,95.4223198767082
40,1992,5,93.8580745111002
40,1992,6,92.7883925717686
40,1992,7,95.0834204803663
40,1992,8,93.6668981789892
40,1992,9,94.8477391125428
40,1992,10,95.892319470984
40,1992,11,95.6375926288338
40,1992,12,93.6807245289458
40,1993,1,92.6247622361562
40,1993,2,93.9881757045058
40,1993,3,93.2277533057197
40,1993,4,93.2391714816498
40,1993,5,94.2688413160961
40,1993,6,92.9829564225748
40,1993,7,93.1176127471908
40,1993,8,93.309591874546
40,1993,9,94.7078729745616
40,1993,10,95.115505969379
40,1993,11,93.6871983914673
40,1993,12,95.0187086779307
40,1994,1,93.0504242942588
40,1994,2,91.8343878814879
40,1994,3,93.4691906796997
40,1994,4,93.8988931006385
40,1994,5,94.8591973685332
40,1994,6,94.2412552869876
40,1994,7,94.333111823455
40,1994,8,92.9874236211685
40,1994,9,95.1993582955865
40,1994,10,95.5065456770279
40,1994,11,95.2066264656551
40,1994,12,94.8800201181751
40,1995,1,94.2246803175686
40,1995,2,93.8379085524881
40,1995,3,94.2661763632247
40,1995,4,96.6955675062126
40,1995,5,96.7813966426301
40,1995,6,95.905603182076
40,1995,7,94.9483231260486
40,1995,8,95.4972974823112
40,1995,9,94.2983205789806
40,1995,10,94.814894735239
40,1995,11,96.100767239275
40,1995,12,96.1388579241231
40,1996,1,94.3945732403019
40,1996,2,94.5822817390297
40,1996,3,95.2471002892946
40,1996,4,95.4428228546028
40,1996,5,96.2093269947483
40,1996,6,96.0769869576754
40,1996,7,96.1466441216468
40,1996,8,95.5517446846696
40,1996,9,96.1411570563053
40,1996,10,97.2388668439126
40,1996,11,95.1476873199846
40,1996,12,95.6153508202366
40,1997,1,95.5380258703921
40,1997,2,95.1409621742157
40,1997,3,95.2037262600839
40,1997,4,97.2190912729281
40,1997,5,95.1398533728326
40,1997,6,94.7721906556254
40,1997,7,94.8414023943522
40,1997,8,95.3613668712392
40,1997,9,95.9863210718415
40,1997,10,95.9033646755961
40,1997,11,96.8161838955058
40,1997,12,96.8740732070657
40,1998,1,95.7405943531574
40,1998,2,95.493501621396
40,1998,3,96.2490538947201
40,1998,4,95.8351408109046
40,1998,5,95.4440503925193
40,1998,6,93.7302736735085
40,1998,7,94.4749553299955
40,1998,8,94.4916726694937
40,1998,9,95.1539977943051
40,1998,10,95.7542636856767
40,1998,11,96.2925237752989
40,1998,12,95.2631619336999
40,1999,1,96.4182452531837
40,1999,2,95.4282660160367
40,1999,3,95.4804334010855
40,1999,4,96.2277130676707
40,1999,5,97.0940338666571
40,1999,6,96.1911380847529
40,1999,7,96.7730904964756
40,1999,8,96.9844274992974
40,1999,9,96.9539257878865
40,1999,10,96.83483365329
40,1999,11,96.649341548438
40,1999,12,96.3797965662918
40,2000,1,96.9069594728947
40,2000,2,96.230905729971
40,2000,3,96.0937631710761
40,2000,4,97.5161664223055
40,2000,5,96.66240205708
40,2000,6,95.8852560135556
40,2000,7,96.4281627017612
40,2000,8,96.5211675030215
40,2000,9,97.2046203655067
40,2000,10,96.9272182362591
40,2000,11,97.1078600241228
40,2000,12,97.5854407246591
40,2001,1,96.7585402860513
40,2001,2,97.1998919487091
40,2001,3,96.0624128026685
40,2001,4,96.9502618430319
40,2001,5,96.8276074188371
40,2001,6,96.7867903132914
40,2001,7,96.4833821901526
40,2001,8,96.1838857688795
40,2001,9,95.2584108690433
40,2001,10,95.1384413835559
40,2001,11,95.2305894273943
40,2001,12,94.1814323941188
40,2002,1,95.7355926500096
40,2002,2,95.5312045492268
40,2002,3,96.0308311276157
40,2002,4,95.3063927373696
40,2002,5,94.6343853504539
40,2002,6,95.0978458273523
40,2002,7,95.7955200381323
40,2002,8,95.7200256846062
40,2002,9,96.0923609818799
40,2002,10,95.1890906571916
40,2002,11,94.6934491268813
40,2002,12,93.4653116296597
40,2003,1,93.3638191543702
40,2003,2,93.7990166269252
40,2003,3,94.6416555395454
40,2003,4,94.8813672265178
40,2003,5,93.5646490887587
40,2003,6,93.8058568209514
40,2003,7,94.4647982044879
40,2003,8,95.0352360371326
40,2003,9,95.3935278230887
40,2003,10,92.8289483034548
40,2003,11,94.9657799717989
40,2003,12,94.6260331057049
40,2004,1,93.7853566083209
40,2004,2,95.2617399860896
40,2004,3,95.0141377892276
40,2004,4,94.9370996094504
40,2004,5,95.4057360814116
40,2004,6,94.0508109362516
40,2004,7,95.6687569568419
40,2004,8,96.4845184068313
40,2004,9,94.399974747689
40,2004,10,95.3476934255954
40,2004,11,94.6981554902677
40,2004,12,95.9141299469336
40,2005,1,94.6478264470677
40,2005,2,95.7804533564052
40,2005,3,94.8223001708621
40,2005,4,94.7964155095625
40,2005,5,95.0567646661692
40,2005,6,95.214677489916
40,2005,7,95.2849182869617
40,2005,8,95.5186637430969
40,2005,9,95.0053495751211
40,2005,10,95.7140284409118
40,2005,11,96.3889142743293
40,2005,12,95.5428028627765
40,2006,1,95.7113061164389
40,2006,2,96.507604476756
40,2006,3,94.9629388503671
40,2006,4,96.7311977194166
40,2006,5,95.8257395341968
40,2006,6,96.2236795245687
40,2006,7,96.1991551725442
40,2006,8,95.3206316275506
40,2006,9,96.375116821458
40,2006,10,96.3690566147264
40,2006,11,95.7457979410241
40,2006,12,95.9103673290987
40,2007,1,95.087098859755
40,2007,2,94.7351976514688
40,2007,3,94.9443675689766
40,2007,4,95.9780220637941
40,2007,5,94.9451624554054
40,2007,6,94.6872453212878
40,2007,7,94.6401115577481
40,2007,8,96.4092225147686
40,2007,9,96.8920959245219
40,2007,10,95.9962872559125
40,2007,11,95.7231791265057
40,2007,12,96.2427298672585
40,2008,1,96.7929345109591
40,2008,2,97.3438168768089
40,2008,3,97.1650559618958
40,2008,4,97.0635178720731
40,2008,5,96.523725163062
40,2008,6,94.8025359065505
40,2008,7,95.2455631943764
40,2008,8,96.417276777473
40,2008,9,96.8097763721049
40,2008,10,94.9475733735034
40,2008,11,94.7204912017666
40,2008,12,94.9924047561983
40,2009,1,95.030260955082
40,2009,2,93.8398076786027
40,2009,3,94.254768766722
40,2009,4,93.5131995159478
40,2009,5,94.4267117118429
40,2009,6,93.6358979297043
40,2009,7,93.0961622587543
40,2009,8,93.4412068608823
40,2009,9,93.8676563554642
40,2009,10,91.6139530448228
40,2009,11,92.3749667408159
40,2009,12,94.6182796002098
40,2010,1,93.2938916374264
40,2010,2,92.6877252141441
40,2010,3,93.5303454816156
40,2010,4,92.5555600791728
40,2010,5,90.5364503201689
40,2010,6,91.8518746038205
40,2010,7,92.1579051937669
40,2010,8,93.5092350634909
40,2010,9,93.7961603342406
40,2010,10,93.0282566682416
40,2010,11,93.8074055453196
40,2010,12,93.4604579954746
40,2011,1,93.2835979461526
40,2011,2,92.382520548646
40,2011,3,94.9894455441681
40,2011,4,95.595562642589
40,2011,5,95.1804543692599
40,2011,6,92.5245123057093
40,2011,7,93.0415544046447
40,2011,8,94.5016694670979
40,2011,9,91.9927427217093
40,2011,10,92.8852432639343
40,2011,11,93.8363577823843
40,2011,12,93.3194809175122
40,2012,1,93.7225729160581
40,2012,2,94.0659875274113
40,2012,3,96.3152390048213
40,2012,4,95.9850904874403
40,2012,5,95.5350974756718
40,2012,6,94.8115744401574
40,2012,7,94.4413588160964
40,2012,8,94.376031942764
40,2012,9,94.3624263974812
40,2012,10,94.0870646623336
40,2012,11,95.1477043345139
40,2012,12,94.9602322937514
40,2013,1,93.9901182834719
40,2013,2,94.2885151621156
40,2013,3,94.2793222141551
40,2013,4,95.7780190640056
40,2013,5,93.4722541133011
40,2013,6,93.6222780330277
40,2013,7,95.0733100073277
40,2013,8,94.6426095639518
40,2013,9,93.5972951690356
40,2013,10,93.7997480948553
40,2013,11,95.1618107651304
40,2013,12,93.8613723539481
40,2014,1,94.665983385998
40,2014,2,94.2564689071675
40,2014,3,94.5839972273134
40,2014,4,96.5367221415532
40,2014,5,95.1850134597228
40,2014,6,94.8268471224006
40,2014,7,94.8732567345164
40,2014,8,94.9428208404181
40,2014,9,95.571625800756
40,2014,10,96.6600957284276
40,2014,11,95.9412410707211
40,2014,12,96.9409926157239
40,2015,1,95.7901981082749
40,2015,2,95.7475455739257
40,2015,3,96.7123852136651
40,2015,4,94.7718715887247
40,2015,5,95.203828183711
40,2015,6,94.2924667214272
40,2015,7,95.141565128886
40,2015,8,94.8439320987457
40,2015,9,96.4134787010488
40,2015,10,96.3936263158567
40,2015,11,95.5964525216867
40,2015,12,97.0302518227233
40,2016,1,95.5389598083012
40,2016,2,94.0560058732334
40,2016,3,94.973688791737
40,2016,4,95.2892495877041
40,2016,5,94.0667360456671
40,2016,6,94.7822034717484
40,2016,7,94.6226191977653
40,2016,8,94.7974514265245
40,2016,9,92.8075415604552
40,2016,10,96.1150479898905
40,2016,11,95.8674738190931
40,2016,12,96.0631834733186
40,2017,1,96.4673213559195
40,2017,2,95.1610996871304
40,2017,3,95.5064566999039
40,2017,4,95.2789045898087
40,2017,5,94.0419636504559
40,2017,6,95.3017140863656
40,2017,7,95.2856341114564
40,2017,8,94.5516453152344
40,2017,9,95.9174029127026
40,2017,10,95.864786237062
40,2017,11,96.9253175821011
40,2017,12,95.9617268630325
40,2018,1,95.654504495675
40,2018,2,96.8540810725912
40,2018,3,95.2958815892239
40,2018,4,95.5261970682089
40,2018,5,96.6943809212297
40,2018,6,96.5444545452309
40,2018,7,96.1898148355725
40,2018,8,96.6499792476697
40,2018,9,97.6140326596198
40,2018,10,96.727499742834
40,2018,11,97.2040016153243
40,2018,12,96.7475258119166
40,2019,1,95.1723533033051
40,2019,2,96.2257525518057
40,2019,3,96.2253242928483
40,2019,4,97.0589696885973
40,2019,5,96.8402108331547
40,2019,6,96.901583387977
40,2019,7,95.9797156127718
40,2019,8,96.6910052559136
40,2019,9,97.2108244687821
40,2019,10,96.3647795270012
40,2019,11,95.602029278252
40,2019,12,97.3409691735353
41,1982,1,87.9441195336088
41,1982,2,87.3931413510887
41,1982,3,87.8258627530748
41,1982,4,88.3695847787683
41,1982,5,89.1346702564612
41,1982,6,88.7617516811735
41,1982,7,90.5729401832684
41,1982,8,90.415280015743
41,1982,9,89.2165918235091
41,1982,10,89.1081028479708
41,1982,11,86.7212858994521
41,1982,12,87.2709640383109
41,1983,1,86.8931244735682
41,1983,2,87.1448367812466
41,1983,3,87.9237555711012
41,1983,4,88.6388443256932
41,1983,5,90.7796563336582
41,1983,6,89.1691415110499
41,1983,7,88.650412496213
41,1983,8,89.0605394579309
41,1983,9,90.2325206950493
41,1983,10,88.7975142830862
41,1983,11,89.6952162586911
41,1983,12,90.6780734053315
41,1984,1,90.0398872780784
41,1984,2,89.5756113802009
41,1984,3,89.3360629883159
41,1984,4,88.8701165480081
41,1984,5,90.4649135997778
41,1984,6,90.0025126643207
41,1984,7,92.9966351550271
41,1984,8,92.5681583744147
41,1984,9,91.023877552545
41,1984,10,89.1983295147033
41,1984,11,90.1437949829719
41,1984,12,88.9951485586021
41,1985,1,87.3952439931608
41,1985,2,88.5580150922413
41,1985,3,88.8902707626355
41,1985,4,89.1630258124672
41,1985,5,91.7016901249555
41,1985,6,91.4906654592848
41,1985,7,93.0894480197478
41,1985,8,93.1565560675435
41,1985,9,93.0439182468119
41,1985,10,92.3644232148389
41,1985,11,92.3553948829805
41,1985,12,90.9074015532168
41,1986,1,88.2707308264885
41,1986,2,89.1345458775766
41,1986,3,89.1245258347645
41,1986,4,88.1366792042515
41,1986,5,91.369342545017
41,1986,6,90.8737734957826
41,1986,7,91.7759008238614
41,1986,8,92.3433869410383
41,1986,9,93.0175431311149
41,1986,10,94.0593530536931
41,1986,11,94.2645340105639
41,1986,12,94.5741898235529
41,1987,1,93.2508661483593
41,1987,2,92.9836434659164
41,1987,3,91.5774966391468
41,1987,4,92.4236543255108
41,1987,5,93.8682655270713
41,1987,6,94.3557470109288
41,1987,7,94.1698944024109
41,1987,8,95.0122232754403
41,1987,9,94.3842935393776
41,1987,10,93.8804178864131
41,1987,11,94.3518188118059
41,1987,12,94.2322660187821
41,1988,1,91.9839121696728
41,1988,2,92.2939161633865
41,1988,3,93.7933306638774
41,1988,4,94.0484042953332
41,1988,5,93.5237382769109
41,1988,6,92.8598217236781
41,1988,7,94.5712554944331
41,1988,8,94.2378004516326
41,1988,9,96.2994683609639
41,1988,10,95.2011159500399
41,1988,11,95.2405550282071
41,1988,12,95.1797722633364
41,1989,1,92.43777653513
41,1989,2,93.3814837959521
41,1989,3,92.3010199368722
41,1989,4,94.2681147566849
41,1989,5,95.43540952095
41,1989,6,94.9977000564609
41,1989,7,95.8503807408317
41,1989,8,95.5486124696728
41,1989,9,94.0317545872756
41,1989,10,95.2294655833928
41,1989,11,93.1371105427953
41,1989,12,94.7934178594087
41,1990,1,94.9684880400846
41,1990,2,94.5913322345915
41,1990,3,93.8656923199537
41,1990,4,94.901015043792
41,1990,5,94.8039816675169
41,1990,6,93.4120978828306
41,1990,7,93.0025689360252
41,1990,8,94.9952469031557
41,1990,9,94.2787951669202
41,1990,10,94.654991090281
41,1990,11,94.8007099262012
41,1990,12,94.1190664015897
41,1991,1,93.997927825895
41,1991,2,93.5643509922051
41,1991,3,94.2420914961067
41,1991,4,94.7866721025712
41,1991,5,94.4692034787112
41,1991,6,92.7411104779787
41,1991,7,94.4449964486775
41,1991,8,93.2588458439259
41,1991,9,93.6575716414206
41,1991,10,93.296056100972
41,1991,11,92.5283611387452
41,1991,12,92.8770201727599
41,1992,1,90.0923342314601
41,1992,2,90.1803250676865
41,1992,3,89.749186002939
41,1992,4,92.1599279001362
41,1992,5,94.6866178685909
41,1992,6,93.5992321364969
41,1992,7,91.9478677081984
41,1992,8,93.0470320862125
41,1992,9,93.6328333175654
41,1992,10,92.1851053106935
41,1992,11,93.2892175186784
41,1992,12,93.4137385995833
41,1993,1,91.6390824772608
41,1993,2,90.2392689669186
41,1993,3,91.8362044455596
41,1993,4,91.3322521544478
41,1993,5,93.6180426162138
41,1993,6,93.7378182873243
41,1993,7,91.0899250486738
41,1993,8,93.7480225537829
41,1993,9,91.8659057876782
41,1993,10,94.0299228255788
41,1993,11,94.9622171953595
41,1993,12,94.0179546182688
41,1994,1,91.8383223124195
41,1994,2,91.5120373900407
41,1994,3,93.8298268844615
41,1994,4,94.4538645707853
41,1994,5,95.1495041859096
41,1994,6,94.2364709407098
41,1994,7,95.3930223897397
41,1994,8,95.1342367095329
41,1994,9,95.499678360952
41,1994,10,95.3729291300589
41,1994,11,95.7065452338327
41,1994,12,93.2703248782363
41,1995,1,93.2469921304116
41,1995,2,93.989219527178
41,1995,3,95.2152380704283
41,1995,4,96.0283202914138
41,1995,5,94.4339656546128
41,1995,6,94.5098645829887
41,1995,7,96.7453576007478
41,1995,8,95.790611752172
41,1995,9,96.0147220633318
41,1995,10,96.0994755223074
41,1995,11,93.8316256574658
41,1995,12,93.5219603123093
41,1996,1,92.3133047537573
41,1996,2,93.6896971391027
41,1996,3,93.1828725490779
41,1996,4,93.6177169864097
41,1996,5,95.4042220504985
41,1996,6,94.6895265457705
41,1996,7,93.4999244886856
41,1996,8,93.8939404161683
41,1996,9,95.7631395747925
41,1996,10,93.8641819389213
41,1996,11,92.5822541440454
41,1996,12,92.6573612959778
41,1997,1,92.7967943540415
41,1997,2,91.7959290399353
41,1997,3,92.8574219537962
41,1997,4,94.3353551684599
41,1997,5,95.9225242385614
41,1997,6,94.755688135189
41,1997,7,94.8081782258978
41,1997,8,93.5135959447551
41,1997,9,94.5929554029929
41,1997,10,95.7557925496707
41,1997,11,93.4280895848864
41,1997,12,94.3497015046669
41,1998,1,94.0120015545692
41,1998,2,94.7025955483342
41,1998,3,94.3857430227034
41,1998,4,94.0473612884965
41,1998,5,94.6206131592192
41,1998,6,93.971470597729
41,1998,7,94.3627387186373
41,1998,8,93.7605899011103
41,1998,9,94.9517119487284
41,1998,10,94.6639452148499
41,1998,11,93.4168606527178
41,1998,12,94.5226660102677
41,1999,1,92.3426340132635
41,1999,2,92.6163212270647
41,1999,3,93.6519018366464
41,1999,4,94.6388086153766
41,1999,5,95.5026771694002
41,1999,6,93.1745033044131
41,1999,7,94.3929819866031
41,1999,8,94.1872381725721
41,1999,9,94.0477751712272
41,1999,10,95.344166726327
41,1999,11,95.8012924849824
41,1999,12,95.2689216861387
41,2000,1,94.5283101652765
41,2000,2,93.7290271459329
41,2000,3,94.742432849179
41,2000,4,95.2668125380473
41,2000,5,94.2088629436055
41,2000,6,94.0417727597963
41,2000,7,94.6329265198119
41,2000,8,94.1523910128857
41,2000,9,95.5050612732093
41,2000,10,94.7265988427307
41,2000,11,96.9795857684334
41,2000,12,96.0537570832264
41,2001,1,94.0501150763473
41,2001,2,93.2814157128128
41,2001,3,94.8266671043897
41,2001,4,93.8914857250954
41,2001,5,93.7587221695716
41,2001,6,95.0098299487235
41,2001,7,92.4371980063442
41,2001,8,93.3597795952555
41,2001,9,94.2242419823605
41,2001,10,93.8562886870707
41,2001,11,92.236036351726
41,2001,12,92.1926757436086
41,2002,1,90.3072676921277
41,2002,2,89.342082330131
41,2002,3,90.6502076168325
41,2002,4,92.210825770443
41,2002,5,93.102059656115
41,2002,6,93.4989802687564
41,2002,7,92.8410233736477
41,2002,8,93.2226161300791
41,2002,9,94.3458624520605
41,2002,10,93.2527364952517
41,2002,11,93.7411907323421
41,2002,12,92.9628157618153
41,2003,1,90.7390889198243
41,2003,2,91.269719532891
41,2003,3,90.8285125152106
41,2003,4,91.7998082356844
41,2003,5,90.479896586779
41,2003,6,90.8541195268812
41,2003,7,92.2226670048284
41,2003,8,91.9261430757368
41,2003,9,91.9558661890651
41,2003,10,93.2502743535436
41,2003,11,92.858746934273
41,2003,12,93.0077646093462
41,2004,1,90.3916123484185
41,2004,2,91.8460844355515
41,2004,3,90.8659794835532
41,2004,4,92.5687969449215
41,2004,5,92.2886135120198
41,2004,6,92.7371067494376
41,2004,7,92.7837993049286
41,2004,8,90.9294549734366
41,2004,9,92.8926713653258
41,2004,10,93.1347683984127
41,2004,11,92.3059701667381
41,2004,12,93.806561753992
41,2005,1,93.6260717531002
41,2005,2,92.871417969733
41,2005,3,93.4437811271693
41,2005,4,92.73381699369
41,2005,5,94.0494428840087
41,2005,6,93.4320668409056
41,2005,7,93.3424727792514
41,2005,8,93.2572405005221
41,2005,9,95.1889181753745
41,2005,10,95.3579547347946
41,2005,11,95.0405374183189
41,2005,12,93.884578537202
41,2006,1,93.8187597492021
41,2006,2,92.6707372937155
41,2006,3,93.6481313182224
41,2006,4,94.026009597778
41,2006,5,94.589540637922
41,2006,6,94.9712562153997
41,2006,7,94.5016147046262
41,2006,8,94.982780571144
41,2006,9,95.0448059816179
41,2006,10,95.7865855064373
41,2006,11,94.9551367594071
41,2006,12,94.5006217173493
41,2007,1,94.1443963120749
41,2007,2,93.5148103775124
41,2007,3,94.0672206772359
41,2007,4,95.3593120712106
41,2007,5,95.6080036975898
41,2007,6,95.0073157221144
41,2007,7,94.1983518416539
41,2007,8,95.0480922162432
41,2007,9,95.3823107801208
41,2007,10,94.5341795490683
41,2007,11,94.9527675934118
41,2007,12,95.0021990214861
41,2008,1,93.7213858327751
41,2008,2,93.4835077222981
41,2008,3,94.2012064583905
41,2008,4,95.1131342851819
41,2008,5,95.7265595667486
41,2008,6,95.4889391063355
41,2008,7,93.8729884341378
41,2008,8,92.5447384800974
41,2008,9,94.0060266122547
41,2008,10,91.4736182992365
41,2008,11,90.3388006095169
41,2008,12,90.5603616967131
41,2009,1,88.6112882570669
41,2009,2,88.1884428957991
41,2009,3,84.8281901140189
41,2009,4,86.221265741827
41,2009,5,87.9357306106648
41,2009,6,88.7145890512025
41,2009,7,89.1644267324621
41,2009,8,88.0709835070557
41,2009,9,91.2556003520481
41,2009,10,90.010839612928
41,2009,11,90.0507254689015
41,2009,12,90.2221926933973
41,2010,1,88.4814800265375
41,2010,2,90.3691751123439
41,2010,3,85.9786811364231
41,2010,4,86.808679166483
41,2010,5,88.4010822572156
41,2010,6,89.2779956617831
41,2010,7,87.6341585240825
41,2010,8,89.4136546059308
41,2010,9,89.6693361941152
41,2010,10,89.9530092839544
41,2010,11,89.7067427434499
41,2010,12,89.3952502132344
41,2011,1,88.9902696093654
41,2011,2,89.3190293555427
41,2011,3,90.5855944711984
41,2011,4,91.2397998694161
41,2011,5,91.5579500348968
41,2011,6,88.9539290053304
41,2011,7,90.6453682328781
41,2011,8,90.1483138681366
41,2011,9,90.6922948729643
41,2011,10,91.2433634305123
41,2011,11,92.6830285620179
41,2011,12,89.8858324061783
41,2012,1,88.849558675214
41,2012,2,89.8947856549272
41,2012,3,91.4324382588048
41,2012,4,90.9277054919616
41,2012,5,91.5651974597602
41,2012,6,91.3151367821518
41,2012,7,90.5095786335254
41,2012,8,90.7891160678826
41,2012,9,92.8245740895669
41,2012,10,91.0849917623561
41,2012,11,91.3469561250262
41,2012,12,91.3369129119548
41,2013,1,88.5763791079154
41,2013,2,89.5190576103389
41,2013,3,91.0142917971498
41,2013,4,91.5958114177612
41,2013,5,92.0837687788956
41,2013,6,91.9217855840436
41,2013,7,91.4954614053805
41,2013,8,92.3941984661568
41,2013,9,93.8377598806311
41,2013,10,93.4358650809395
41,2013,11,94.0953586245016
41,2013,12,93.0126573741
41,2014,1,90.8638877240699
41,2014,2,91.8297983588331
41,2014,3,90.5922117325769
41,2014,4,92.2074400182268
41,2014,5,94.0075560405089
41,2014,6,93.5089170865058
41,2014,7,92.8584060639691
41,2014,8,92.2977433607
41,2014,9,94.5383976815535
41,2014,10,93.46501736833
41,2014,11,93.1322517403594
41,2014,12,94.3918160597702
41,2015,1,94.1021493112804
41,2015,2,95.0265841514793
41,2015,3,94.3152172874184
41,2015,4,94.8185672341585
41,2015,5,94.1826241964773
41,2015,6,92.6563882522429
41,2015,7,92.5607725236147
41,2015,8,94.6115368967243
41,2015,9,93.8076352607542
41,2015,10,95.9418891428307
41,2015,11,95.3886883428019
41,2015,12,95.5633087671666
41,2016,1,95.8782744573695
41,2016,2,94.6605652895022
41,2016,3,95.8808520261245
41,2016,4,95.2235284144911
41,2016,5,94.8238749640266
41,2016,6,92.6219330807751
41,2016,7,93.5063762801027
41,2016,8,94.5506821748687
41,2016,9,95.704397398975
41,2016,10,95.9223503101327
41,2016,11,96.2543335326691
41,2016,12,96.5579705059686
41,2017,1,96.0803040437888
41,2017,2,96.9299237112721
41,2017,3,95.4872784379216
41,2017,4,96.7921756894913
41,2017,5,96.4952192620386
41,2017,6,94.9261436533255
41,2017,7,94.8610647522074
41,2017,8,95.1146809809698
41,2017,9,95.0954349020188
41,2017,10,95.5208220916386
41,2017,11,96.5000732079486
41,2017,12,96.3351878061872
41,2018,1,95.7793814857757
41,2018,2,95.640216071699
41,2018,3,95.4259973178207
41,2018,4,96.2493414699835
41,2018,5,96.3402492574003
41,2018,6,96.262741971635
41,2018,7,95.9331703045138
41,2018,8,95.755081377472
41,2018,9,95.77512489513
41,2018,10,94.4151431617645
41,2018,11,95.8580131187798
41,2018,12,95.5258130885641
41,2019,1,95.5895382927183
41,2019,2,95.8588161915283
41,2019,3,95.8009850940368
41,2019,4,95.9548655842974
41,2019,5,96.8843259676406
41,2019,6,94.9254320491548
41,2019,7,95.282584287848
41,2019,8,94.0324232060807
41,2019,9,95.4496970537159
41,2019,10,97.31711341101
41,2019,11,97.9295744393712
41,2019,12,97.7695798932098
42,1982,1,88.2754460035848
42,1982,2,89.2457486954252
42,1982,3,89.4174212047409
42,1982,4,88.9962499790372
42,1982,5,89.8965194006673
42,1982,6,89.1813387237624
42,1982,7,89.1224690093126
42,1982,8,89.511688500934
42,1982,9,88.5167865737796
42,1982,10,88.1285401938428
42,1982,11,87.3567187050145
42,1982,12,86.8776296329498
42,1983,1,84.6132695506866
42,1983,2,85.6328843721733
42,1983,3,86.4416301649732
42,1983,4,87.222148089513
42,1983,5,88.331425439276
42,1983,6,87.3410618805158
42,1983,7,89.7323435143998
42,1983,8,89.145268255589
42,1983,9,90.0026604979841
42,1983,10,90.3042896855803
42,1983,11,89.9983435398192
42,1983,12,89.8055826926372
42,1984,1,89.7843454269908
42,1984,2,88.9023632698131
42,1984,3,90.0194428351211
42,1984,4,90.7705382845941
42,1984,5,91.1089660155181
42,1984,6,90.620086779244
42,1984,7,90.7696774899124
42,1984,8,90.3339437493726
42,1984,9,91.7211958365563
42,1984,10,92.4806081814143
42,1984,11,92.0291533716466
42,1984,12,92.6953587240449
42,1985,1,91.1604040637272
42,1985,2,90.673819963303
42,1985,3,91.5284337051748
42,1985,4,91.8207098437969
42,1985,5,91.5746645237556
42,1985,6,91.0620785925026
42,1985,7,92.1609420859556
42,1985,8,92.7934361733614
42,1985,9,93.0271925032419
42,1985,10,92.9518739569502
42,1985,11,92.4114031093947
42,1985,12,92.9306639815921
42,1986,1,92.2115938745923
42,1986,2,91.8155369552085
42,1986,3,92.1214703494661
42,1986,4,92.8643162905644
42,1986,5,92.3876764095598
42,1986,6,92.6312687150314
42,1986,7,93.1424420551622
42,1986,8,94.0007069884602
42,1986,9,93.7100078576884
42,1986,10,94.3687853251071
42,1986,11,94.0940611464804
42,1986,12,95.4284037331565
42,1987,1,93.4365126649192
42,1987,2,93.4490930902564
42,1987,3,93.8278744965064
42,1987,4,94.2797926977147
42,1987,5,94.5546930150437
42,1987,6,93.6657994923282
42,1987,7,94.1932042132533
42,1987,8,94.7196365975681
42,1987,9,94.821021749088
42,1987,10,94.6554902198844
42,1987,11,94.7171226612076
42,1987,12,94.9298866813212
42,1988,1,93.8428936617968
42,1988,2,94.191648997397
42,1988,3,94.6010731233833
42,1988,4,95.4208044370944
42,1988,5,94.9759012620137
42,1988,6,94.4845259740915
42,1988,7,94.5610473142012
42,1988,8,95.8355240983578
42,1988,9,94.9642649673323
42,1988,10,94.8318765820709
42,1988,11,95.628380818026
42,1988,12,95.8648744442059
42,1989,1,94.9488708901187
42,1989,2,95.1618591597262
42,1989,3,95.5450612764041
42,1989,4,95.8474195556004
42,1989,5,95.6475765081787
42,1989,6,95.4468343531989
42,1989,7,94.9762966995174
42,1989,8,95.8670686050695
42,1989,9,95.8303121596112
42,1989,10,95.5517985124523
42,1989,11,94.8208898656067
42,1989,12,94.9014881251811
42,1990,1,94.0143617413378
42,1990,2,93.5847948261033
42,1990,3,94.7154734860146
42,1990,4,94.4584624159069
42,1990,5,95.0318382758602
42,1990,6,95.0432276728085
42,1990,7,94.652622058821
42,1990,8,95.4439299168286
42,1990,9,94.9851735403443
42,1990,10,94.0745906277472
42,1990,11,93.9694283261474
42,1990,12,94.3788110836561
42,1991,1,92.5140180187261
42,1991,2,92.1370716379123
42,1991,3,92.2007234177931
42,1991,4,92.9087800697205
42,1991,5,92.343463626848
42,1991,6,93.2746885845715
42,1991,7,92.7425863107332
42,1991,8,93.3082092428315
42,1991,9,93.5961172785694
42,1991,10,93.6208898761771
42,1991,11,93.4450553236685
42,1991,12,93.26059645704
42,1992,1,91.960194077786
42,1992,2,91.1966301728823
42,1992,3,92.1194688968713
42,1992,4,91.8516688323107
42,1992,5,91.7113811959052
42,1992,6,92.1662196929015
42,1992,7,92.0169594510055
42,1992,8,92.4430705728111
42,1992,9,92.9482837612765
42,1992,10,92.8064113537136
42,1992,11,93.218312155753
42,1992,12,93.3151419509044
42,1993,1,91.8533122643729
42,1993,2,91.4989016304811
42,1993,3,92.5975452910825
42,1993,4,92.9434146354997
42,1993,5,92.4938551623009
42,1993,6,92.8634795060887
42,1993,7,92.5754173128141
42,1993,8,92.8406237745953
42,1993,9,93.5409085783579
42,1993,10,93.1197284995233
42,1993,11,93.2134779723027
42,1993,12,94.2021703973631
42,1994,1,93.0689349662676
42,1994,2,93.7887431844458
42,1994,3,92.951838051085
42,1994,4,93.3594901673664
42,1994,5,93.4801228201364
42,1994,6,93.9380348872095
42,1994,7,93.0653004399518
42,1994,8,93.5867954958106
42,1994,9,93.6491208984077
42,1994,10,94.0715821150206
42,1994,11,94.1107766252236
42,1994,12,94.6834997607656
42,1995,1,93.4755786613635
42,1995,2,93.6390954593055
42,1995,3,93.7265789654407
42,1995,4,93.8618904741216
42,1995,5,94.1344742813593
42,1995,6,93.7735073198545
42,1995,7,94.0331492195503
42,1995,8,94.1972003652251
42,1995,9,93.9304973464382
42,1995,10,94.7656615575634
42,1995,11,93.8979842484904
42,1995,12,94.2689633371794
42,1996,1,93.4181863952881
42,1996,2,93.9750351202345
42,1996,3,93.736797791642
42,1996,4,93.9641308334033
42,1996,5,93.1882036825951
42,1996,6,95.2889003004113
42,1996,7,94.9217656506349
42,1996,8,94.6963213415211
42,1996,9,95.37945357341
42,1996,10,95.3953704899678
42,1996,11,95.4016143791834
42,1996,12,95.6412120065356
42,1997,1,94.4677449908506
42,1997,2,93.7132934572032
42,1997,3,93.6407386349407
42,1997,4,93.8350158144937
42,1997,5,94.0770888192663
42,1997,6,94.121418102113
42,1997,7,94.398325928523
42,1997,8,95.1159412971143
42,1997,9,95.0987760424413
42,1997,10,96.0100391250322
42,1997,11,95.6961540705422
42,1997,12,96.0754230980049
42,1998,1,94.7951277911845
42,1998,2,94.8002613387344
42,1998,3,94.9118561374743
42,1998,4,95.6382496153344
42,1998,5,95.6710919349872
42,1998,6,95.4924968253837
42,1998,7,94.8404480320157
42,1998,8,95.6367618312769
42,1998,9,95.2642697611486
42,1998,10,95.3088985218938
42,1998,11,95.4096939921811
42,1998,12,96.3230141498829
42,1999,1,95.0929175343605
42,1999,2,94.8675334634801
42,1999,3,95.1899806180163
42,1999,4,95.8364471945834
42,1999,5,96.352568040223
42,1999,6,94.9514416524199
42,1999,7,95.2039092320426
42,1999,8,95.3283056281119
42,1999,9,95.2681116411723
42,1999,10,96.4315389578265
42,1999,11,95.7938312591789
42,1999,12,96.43969639028
42,2000,1,95.4525801392801
42,2000,2,95.1696491479389
42,2000,3,95.6750785973358
42,2000,4,96.7895977594789
42,2000,5,95.9235740495543
42,2000,6,95.7680433789219
42,2000,7,95.5459958628909
42,2000,8,96.0814048053803
42,2000,9,95.9119516937948
42,2000,10,96.0128121158194
42,2000,11,96.0875602997595
42,2000,12,95.9865670823875
42,2001,1,95.1368380589103
42,2001,2,94.7666881796707
42,2001,3,95.1706570974468
42,2001,4,96.2762313391159
42,2001,5,95.2653957005678
42,2001,6,95.0387270033425
42,2001,7,95.4676255936987
42,2001,8,94.5949312089793
42,2001,9,95.8390763439249
42,2001,10,95.0428333081919
42,2001,11,95.0357565307044
42,2001,12,95.1338480457101
42,2002,1,92.8651622338098
42,2002,2,93.1535951244186
42,2002,3,93.4184803151641
42,2002,4,94.8175393615772
42,2002,5,93.8097375328095
42,2002,6,94.4011136843653
42,2002,7,94.3400733175215
42,2002,8,94.7579936028532
42,2002,9,94.9848557370507
42,2002,10,94.9966131268607
42,2002,11,94.2054504905126
42,2002,12,93.8882069643283
42,2003,1,92.7154637990898
42,2003,2,92.6957863997115
42,2003,3,94.3170467635293
42,2003,4,94.5417412520998
42,2003,5,94.6623177091653
42,2003,6,94.0230061093747
42,2003,7,94.4275267607677
42,2003,8,95.0766384690758
42,2003,9,95.1295852165414
42,2003,10,94.6196086644022
42,2003,11,94.8553721604357
42,2003,12,95.2895446788901
42,2004,1,93.2383143855222
42,2004,2,93.7654321530533
42,2004,3,93.5896298250986
42,2004,4,94.5598278471202
42,2004,5,94.7392696064909
42,2004,6,92.9992136917344
42,2004,7,94.3808099325678
42,2004,8,94.267489568872
42,2004,9,95.32666696537
42,2004,10,95.2448923702335
42,2004,11,95.0717147741402
42,2004,12,94.7540557094148
42,2005,1,94.2452688668517
42,2005,2,94.4248000551849
42,2005,3,94.0233634569543
42,2005,4,95.5835675646057
42,2005,5,95.3936454368653
42,2005,6,93.8947827870083
42,2005,7,93.9623989975392
42,2005,8,94.8960285453573
42,2005,9,95.7149186283096
42,2005,10,95.6990075253545
42,2005,11,94.9400720084373
42,2005,12,95.7117940910573
42,2006,1,95.3305493906684
42,2006,2,94.4686335734893
42,2006,3,94.9915298841021
42,2006,4,95.8209566864896
42,2006,5,94.9021023705149
42,2006,6,94.8456026618645
42,2006,7,95.0268993815461
42,2006,8,94.9410362174968
42,2006,9,95.9136846034857
42,2006,10,96.0826215923829
42,2006,11,95.1370719694254
42,2006,12,95.682549646243
42,2007,1,94.3819489812111
42,2007,2,96.2560739260982
42,2007,3,96.2608399138258
42,2007,4,95.9722558878373
42,2007,5,95.6055606414367
42,2007,6,95.6985280631939
42,2007,7,95.3418381982215
42,2007,8,94.9609210999658
42,2007,9,95.82093088086
42,2007,10,95.7412947179797
42,2007,11,96.3748315339777
42,2007,12,95.4004400198831
42,2008,1,93.979411579437
42,2008,2,94.4896917648683
42,2008,3,95.2701728148559
42,2008,4,95.5146101377812
42,2008,5,95.6178676632286
42,2008,6,95.2008654274019
42,2008,7,94.8694231022757
42,2008,8,94.1303361716124
42,2008,9,94.9885348290824
42,2008,10,94.7212258945819
42,2008,11,94.0660175854008
42,2008,12,93.6403200934234
42,2009,1,92.3752734697116
42,2009,2,92.1058985152006
42,2009,3,91.5646212795751
42,2009,4,92.2008631515886
42,2009,5,92.1372804990367
42,2009,6,92.3931429562466
42,2009,7,92.0298831261389
42,2009,8,92.1884570113547
42,2009,9,91.8307413073485
42,2009,10,91.5987173530492
42,2009,11,92.4121090248735
42,2009,12,91.9068607662312
42,2010,1,91.2870577965599
42,2010,2,90.4021287580712
42,2010,3,90.5739179127922
42,2010,4,91.0492692455873
42,2010,5,89.7305019447311
42,2010,6,91.1736881757426
42,2010,7,90.7281849599156
42,2010,8,91.6493118924002
42,2010,9,92.8756441079082
42,2010,10,91.8449341079597
42,2010,11,92.6527023409791
42,2010,12,92.4790285622482
42,2011,1,92.5534860265034
42,2011,2,92.4571112377673
42,2011,3,92.6800258552284
42,2011,4,92.9487061797394
42,2011,5,92.0201801036143
42,2011,6,91.1652032090448
42,2011,7,90.4082267770328
42,2011,8,89.8250471664004
42,2011,9,92.5417586710061
42,2011,10,93.0121208457395
42,2011,11,92.2004995683413
42,2011,12,93.2271724556547
42,2012,1,91.2706258583644
42,2012,2,92.0888361976841
42,2012,3,93.0463713214878
42,2012,4,93.0867239998074
42,2012,5,93.1459138156446
42,2012,6,91.67376913133
42,2012,7,90.7835073546148
42,2012,8,91.564183769222
42,2012,9,91.7519959574014
42,2012,10,92.9444715372505
42,2012,11,92.8057203519069
42,2012,12,91.7990657624646
42,2013,1,90.2845132345764
42,2013,2,91.7648670519766
42,2013,3,92.7191777357138
42,2013,4,92.6899587067197
42,2013,5,92.9836052708084
42,2013,6,91.839496346753
42,2013,7,91.9981305098936
42,2013,8,91.6784385002691
42,2013,9,93.5077280481182
42,2013,10,93.7075395513238
42,2013,11,92.8283002074111
42,2013,12,94.0533883048128
42,2014,1,93.0060186203781
42,2014,2,93.4935927846951
42,2014,3,93.5318890307315
42,2014,4,95.1838959468573
42,2014,5,93.8853982700161
42,2014,6,93.5389259229812
42,2014,7,93.3467960656647
42,2014,8,92.7354118292438
42,2014,9,94.8777762405857
42,2014,10,95.5687550602125
42,2014,11,95.3457536588216
42,2014,12,94.6920596030584
42,2015,1,93.5567425262395
42,2015,2,93.9087341450565
42,2015,3,94.3501211468383
42,2015,4,95.5098536398001
42,2015,5,94.1581189395683
42,2015,6,94.0990037423918
42,2015,7,93.7823762154029
42,2015,8,94.6032535666799
42,2015,9,95.1587660937729
42,2015,10,95.2632117731518
42,2015,11,95.8632038321308
42,2015,12,96.1096437110475
42,2016,1,94.3846755551327
42,2016,2,94.1587301343434
42,2016,3,93.7749530088043
42,2016,4,93.8928942847618
42,2016,5,94.2735915502362
42,2016,6,95.0437944464107
42,2016,7,93.190523521151
42,2016,8,93.8617794742989
42,2016,9,94.8776426950373
42,2016,10,93.9322238515779
42,2016,11,95.3180580628848
42,2016,12,95.0982244428582
42,2017,1,95.3106875457212
42,2017,2,94.2823531103157
42,2017,3,94.4181454100645
42,2017,4,94.7264667535372
42,2017,5,94.5183810089459
42,2017,6,95.6103284087504
42,2017,7,94.8608535602247
42,2017,8,95.6776940658338
42,2017,9,95.6580495569967
42,2017,10,96.1343538338551
42,2017,11,95.9683959373661
42,2017,12,95.4042553095734
42,2018,1,94.7509901639795
42,2018,2,94.938005478822
42,2018,3,95.9523124155123
42,2018,4,95.8336949533836
42,2018,5,96.6839031499806
42,2018,6,95.0935700551091
42,2018,7,95.3887887434813
42,2018,8,95.5402291506909
42,2018,9,95.292186778713
42,2018,10,95.6597986101605
42,2018,11,96.2783328948934
42,2018,12,96.7685060011714
42,2019,1,96.4883495246479
42,2019,2,95.5663766481112
42,2019,3,96.0492514374858
42,2019,4,96.6321219357923
42,2019,5,95.9545897078441
42,2019,6,95.8653709185869
42,2019,7,94.6110053309819
42,2019,8,95.6520084401344
42,2019,9,95.3515225193057
42,2019,10,95.300292895362
42,2019,11,95.6930042941599
42,2019,12,95.5336115648136
44,1982,1,90.1180781616445
44,1982,2,89.4479331002455
44,1982,3,90.0278955155417
44,1982,4,90.7119259931218
44,1982,5,90.8440288440411
44,1982,6,91.03702464583
44,1982,7,89.3009311932403
44,1982,8,91.5648917910412
44,1982,9,89.165666197344
44,1982,10,89.082083453807
44,1982,11,87.9542406911689
44,1982,12,88.8616067199057
44,1983,1,88.5298788827333
44,1983,2,90.3236316903203
44,1983,3,90.494157691349
44,1983,4,90.5128116317089
44,1983,5,90.0774554964294
44,1983,6,90.8925436894694
44,1983,7,91.7861266295654
44,1983,8,92.7102264541698
44,1983,9,92.4941802219307
44,1983,10,93.0339673783526
44,1983,11,93.4580284879733
44,1983,12,92.4193229617173
44,1984,1,93.3766631905745
44,1984,2,92.9522247681355
44,1984,3,92.7629495591509
44,1984,4,93.2265726078978
44,1984,5,92.9822908063191
44,1984,6,93.7644284702681
44,1984,7,94.9426518315787
44,1984,8,96.2360726670043
44,1984,9,95.5269664610264
44,1984,10,94.9859179556771
44,1984,11,96.0634964557563
44,1984,12,95.656630643942
44,1985,1,93.1526804869556
44,1985,2,92.3343302609048
44,1985,3,93.602526964802
44,1985,4,95.3899551402838
44,1985,5,95.975162843073
44,1985,6,94.9349340916992
44,1985,7,95.827650559116
44,1985,8,95.5818567884354
44,1985,9,93.6824524294231
44,1985,10,95.1472529360852
44,1985,11,96.5302576763116
44,1985,12,97.0301516558482
44,1986,1,94.4496757616747
44,1986,2,95.4100792591103
44,1986,3,96.3812838910501
44,1986,4,96.4684823696383
44,1986,5,96.8252475390627
44,1986,6,95.4335283488353
44,1986,7,95.5957081201915
44,1986,8,95.9009817185973
44,1986,9,95.6392111277059
44,1986,10,94.7439961538555
44,1986,11,95.0697613583663
44,1986,12,96.3794852007255
44,1987,1,95.0905629456391
44,1987,2,94.2783780208202
44,1987,3,95.0054195214231
44,1987,4,95.6865923262641
44,1987,5,96.3806971084779
44,1987,6,96.896789960328
44,1987,7,96.5882230895961
44,1987,8,96.6517606482372
44,1987,9,95.9409282698835
44,1987,10,95.6825748874493
44,1987,11,96.6085208562266
44,1987,12,97.4998888391792
44,1988,1,97.2564067143322
44,1988,2,95.077824241521
44,1988,3,95.9803024397403
44,1988,4,97.233139563567
44,1988,5,97.9393686848857
44,1988,6,96.3953345213278
44,1988,7,97.2889038903555
44,1988,8,96.3475932722026
44,1988,9,96.4120838135571
44,1988,10,96.2170199185652
44,1988,11,97.4624371883147
44,1988,12,97.9403384948159
44,1989,1,94.7879234587218
44,1989,2,96.4142567162384
44,1989,3,95.4275188377428
44,1989,4,95.3454336268504
44,1989,5,95.716860257033
44,1989,6,97.2035795448652
44,1989,7,96.4302991374104
44,1989,8,96.9258971249553
44,1989,9,96.1131095527355
44,1989,10,95.1898217661323
44,1989,11,95.6687168271454
44,1989,12,94.2349267265666
44,1990,1,91.8805814928076
44,1990,2,91.8465465900032
44,1990,3,90.6966705948011
44,1990,4,93.480657487742
44,1990,5,93.9056747972443
44,1990,6,93.4518432896905
44,1990,7,92.2261250825601
44,1990,8,94.2213445159612
44,1990,9,94.2213252999565
44,1990,10,93.7848991733694
44,1990,11,92.6915131654548
44,1990,12,93.449406646712
44,1991,1,90.4012423070959
44,1991,2,91.0387283553411
44,1991,3,92.2302588102883
44,1991,4,91.6639064558742
44,1991,5,92.9130622293399
44,1991,6,93.2562460501904
44,1991,7,91.3216663306155
44,1991,8,91.1231449619943
44,1991,9,89.8266357373437
44,1991,10,89.9506592683666
44,1991,11,91.0405705828401
44,1991,12,92.4209116793591
44,1992,1,91.0420405980438
44,1992,2,90.5144454241749
44,1992,3,89.6279026013843
44,1992,4,88.3793514526484
44,1992,5,90.8124320712897
44,1992,6,90.1073395887144
44,1992,7,90.2601621365374
44,1992,8,89.3951270596617
44,1992,9,91.6465808710863
44,1992,10,92.9112724254666
44,1992,11,92.0059301641286
44,1992,12,93.5938436330833
44,1993,1,90.7724123768238
44,1993,2,90.6591530054645
44,1993,3,90.3352894217637
44,1993,4,90.7027151693476
44,1993,5,91.6374230774444
44,1993,6,92.7140186047442
44,1993,7,94.3836438477745
44,1993,8,93.5250242244764
44,1993,9,92.9784318962456
44,1993,10,92.830114103397
44,1993,11,92.4108394917706
44,1993,12,90.4888946126985
44,1994,1,88.2936579178915
44,1994,2,92.0029661666435
44,1994,3,91.6363143205405
44,1994,4,94.5444464259995
44,1994,5,94.5821510882011
44,1994,6,93.121262530369
44,1994,7,92.2357424113867
44,1994,8,91.3918770935893
44,1994,9,92.4731716981319
44,1994,10,93.4731622241992
44,1994,11,93.7940909418507
44,1994,12,95.391670379254
44,1995,1,91.2772345688856
44,1995,2,92.7613711272285
44,1995,3,92.9496480755353
44,1995,4,94.9349398243936
44,1995,5,92.8425801047745
44,1995,6,91.8379881994436
44,1995,7,91.084608689618
44,1995,8,93.2009709686141
44,1995,9,92.3348044719697
44,1995,10,93.1478347014728
44,1995,11,95.5963750710398
44,1995,12,92.5519829056769
44,1996,1,92.3486610204865
44,1996,2,93.2712703911043
44,1996,3,95.3219110715195
44,1996,4,95.1983446836447
44,1996,5,96.5755887835634
44,1996,6,95.1968414159501
44,1996,7,94.81773709366
44,1996,8,94.1769803205857
44,1996,9,94.7278330886885
44,1996,10,95.3219256425685
44,1996,11,94.2323239807172
44,1996,12,94.2013726737077
44,1997,1,94.045420015213
44,1997,2,93.6478942957738
44,1997,3,94.1064819184594
44,1997,4,94.4777802364301
44,1997,5,92.5116864180501
44,1997,6,92.5086060335241
44,1997,7,94.1310291036561
44,1997,8,95.7641723030136
44,1997,9,94.8411821554087
44,1997,10,95.0206169717495
44,1997,11,95.7368347602198
44,1997,12,95.4813307854222
44,1998,1,93.9390661354554
44,1998,2,93.1721953787372
44,1998,3,93.614719804525
44,1998,4,95.4445448822232
44,1998,5,95.9381910689206
44,1998,6,96.6574029690526
44,1998,7,94.5757126263772
44,1998,8,94.7319603643058
44,1998,9,94.6056553816499
44,1998,10,94.197399526833
44,1998,11,95.8033671891819
44,1998,12,97.1971273105268
44,1999,1,92.1148990552878
44,1999,2,95.4676227590464
44,1999,3,97.0236844308758
44,1999,4,97.0048483007023
44,1999,5,96.1801389043398
44,1999,6,95.2153194985596
44,1999,7,94.6933442008747
44,1999,8,94.5156094173248
44,1999,9,96.6815103509581
44,1999,10,96.1940070842893
44,1999,11,96.3394490244761
44,1999,12,97.2045524109099
44,2000,1,94.7728159500599
44,2000,2,95.524513109107
44,2000,3,95.5969284357754
44,2000,4,96.7196074025475
44,2000,5,96.0826594937095
44,2000,6,96.1301433221488
44,2000,7,95.7740325231788
44,2000,8,93.6037003730047
44,2000,9,96.1241899688146
44,2000,10,96.9341704090818
44,2000,11,96.6033952372496
44,2000,12,96.8197196153069
44,2001,1,93.7021874859603
44,2001,2,95.5789922964044
44,2001,3,95.2522173575924
44,2001,4,95.6898768909178
44,2001,5,95.4375155934843
44,2001,6,94.2185094851372
44,2001,7,93.9342685552555
44,2001,8,95.6724407166996
44,2001,9,96.3605914811572
44,2001,10,95.9566894140016
44,2001,11,95.9176708307624
44,2001,12,95.0990591584723
44,2002,1,92.6169411949185
44,2002,2,95.0742880218911
44,2002,3,95.2212598616674
44,2002,4,95.1035852428849
44,2002,5,95.2072004721818
44,2002,6,96.074487366891
44,2002,7,95.5700123448869
44,2002,8,94.5585186478425
44,2002,9,94.7998593280674
44,2002,10,94.5380472444816
44,2002,11,95.1632316616114
44,2002,12,94.6228772550336
44,2003,1,93.8188422114537
44,2003,2,93.7710266179933
44,2003,3,93.5913977699658
44,2003,4,94.5337728015411
44,2003,5,94.1485440415146
44,2003,6,93.6179113445197
44,2003,7,94.2596295436298
44,2003,8,94.6062733929714
44,2003,9,95.8030276005725
44,2003,10,95.8229312047972
44,2003,11,94.5573629145024
44,2003,12,94.9212527619699
44,2004,1,92.7645394931776
44,2004,2,93.3287044017733
44,2004,3,92.9578984967519
44,2004,4,94.1414875065345
44,2004,5,94.0231171642092
44,2004,6,93.5498250096699
44,2004,7,93.9969387318058
44,2004,8,94.8408637149134
44,2004,9,95.7943817318827
44,2004,10,96.4391315196088
44,2004,11,96.4283089108319
44,2004,12,95.2583543791966
44,2005,1,94.3388905968028
44,2005,2,94.2661176218534
44,2005,3,93.6781128049937
44,2005,4,94.4660329234081
44,2005,5,95.8498154416562
44,2005,6,94.2117574134769
44,2005,7,93.7491004200923
44,2005,8,94.5277959191517
44,2005,9,94.0188145042672
44,2005,10,95.5588662196976
44,2005,11,95.9653834567424
44,2005,12,95.049731280465
44,2006,1,94.7905497915041
44,2006,2,93.9552852170138
44,2006,3,93.4837890729257
44,2006,4,94.0463388639852
44,2006,5,94.2975114001838
44,2006,6,93.9776234230461
44,2006,7,93.7486407156908
44,2006,8,94.3513707302605
44,2006,9,95.674526470462
44,2006,10,95.3690711987876
44,2006,11,95.3284100293871
44,2006,12,95.5614083080912
44,2007,1,95.2594231929532
44,2007,2,95.2888544946111
44,2007,3,95.4409072561218
44,2007,4,94.4971535276723
44,2007,5,95.1778795800275
44,2007,6,95.2365575842866
44,2007,7,94.2356767008551
44,2007,8,94.5848357236479
44,2007,9,95.6310718752149
44,2007,10,95.1269333009162
44,2007,11,94.786374804771
44,2007,12,94.8089526482464
44,2008,1,92.1233775663924
44,2008,2,92.8249336996748
44,2008,3,93.5953902028949
44,2008,4,93.6660828655252
44,2008,5,92.5937620210161
44,2008,6,92.6969304349985
44,2008,7,91.683721977151
44,2008,8,90.4038246001907
44,2008,9,91.4506155576187
44,2008,10,91.0515412520993
44,2008,11,92.4609595949631
44,2008,12,91.0850481691176
44,2009,1,89.2187622536585
44,2009,2,89.7689895418845
44,2009,3,89.76710262065
44,2009,4,87.8419010847897
44,2009,5,87.3924137414395
44,2009,6,88.4009108910571
44,2009,7,87.2959486444325
44,2009,8,88.5975478175524
44,2009,9,89.2295144028082
44,2009,10,89.7916085984923
44,2009,11,89.7104634011314
44,2009,12,89.6360935876302
44,2010,1,88.8146377655235
44,2010,2,87.9068266500355
44,2010,3,87.5228435839238
44,2010,4,88.0518827754963
44,2010,5,88.9748091121328
44,2010,6,89.3281579426013
44,2010,7,88.7443464830182
44,2010,8,88.0722861354328
44,2010,9,89.3289819292462
44,2010,10,88.4445210752479
44,2010,11,88.9017842025783
44,2010,12,89.7183319012446
44,2011,1,89.3597713752687
44,2011,2,88.1248141426335
44,2011,3,88.235591681982
44,2011,4,89.1244792223583
44,2011,5,88.5388482834369
44,2011,6,90.337372986764
44,2011,7,88.1781520629497
44,2011,8,89.9362501943981
44,2011,9,89.3064299198881
44,2011,10,88.5656470477851
44,2011,11,87.2315311380735
44,2011,12,88.2460049251083
44,2012,1,88.1539239618365
44,2012,2,86.8856365342816
44,2012,3,87.7486416695143
44,2012,4,88.6414425891353
44,2012,5,90.0399123980752
44,2012,6,90.2610523027179
44,2012,7,89.1145896344094
44,2012,8,89.5280611110422
44,2012,9,89.9330047942521
44,2012,10,90.2565875755006
44,2012,11,89.4920770324976
44,2012,12,91.6755091957041
44,2013,1,90.6812529618751
44,2013,2,90.7260158018985
44,2013,3,90.349988232464
44,2013,4,91.0652542767799
44,2013,5,90.2986509381454
44,2013,6,91.3138847222261
44,2013,7,90.0514932754907
44,2013,8,89.3372066211114
44,2013,9,90.3584983524483
44,2013,10,91.8764706125222
44,2013,11,91.615062355118
44,2013,12,90.3568386097469
44,2014,1,88.6980629789351
44,2014,2,90.3931663106038
44,2014,3,90.929834005976
44,2014,4,92.3923060052864
44,2014,5,91.884928598888
44,2014,6,93.8160459172979
44,2014,7,92.8243238279899
44,2014,8,92.4113386061698
44,2014,9,92.7342446772402
44,2014,10,94.1513058475736
44,2014,11,93.176374580764
44,2014,12,94.0550819528261
44,2015,1,92.5531482672311
44,2015,2,92.8000191840429
44,2015,3,92.3635060825457
44,2015,4,95.0169597057953
44,2015,5,94.2845175843692
44,2015,6,93.2356052518843
44,2015,7,95.1929507918814
44,2015,8,93.5018670497255
44,2015,9,95.4067647088663
44,2015,10,94.6615238658851
44,2015,11,93.6328800779115
44,2015,12,94.7080728864829
44,2016,1,93.4486793720821
44,2016,2,93.3657272918569
44,2016,3,94.2380297563811
44,2016,4,96.1218634115497
44,2016,5,94.788090910608
44,2016,6,94.6793210945914
44,2016,7,93.5653887471631
44,2016,8,93.2809033644314
44,2016,9,94.5996951117136
44,2016,10,95.3765030774227
44,2016,11,95.480709093975
44,2016,12,95.8621009687944
44,2017,1,95.0515629283393
44,2017,2,95.5072245555002
44,2017,3,95.4643460441907
44,2017,4,95.0938550848747
44,2017,5,96.8726355120451
44,2017,6,94.3774647574621
44,2017,7,93.9706948138359
44,2017,8,95.9904804315853
44,2017,9,95.6150448699183
44,2017,10,95.5692867359347
44,2017,11,94.9278340167264
44,2017,12,95.4151358617497
44,2018,1,95.0158349725061
44,2018,2,94.9198854143308
44,2018,3,95.9620775123411
44,2018,4,96.4117007725598
44,2018,5,96.663881994235
44,2018,6,96.9601809835698
44,2018,7,95.935678204939
44,2018,8,96.1834178572889
44,2018,9,95.8247988072817
44,2018,10,97.1894165530447
44,2018,11,94.6866284863116
44,2018,12,95.9183904242405
44,2019,1,95.4916328829276
44,2019,2,95.9026363553432
44,2019,3,96.7012745019899
44,2019,4,97.153264511916
44,2019,5,96.3253068716385
44,2019,6,96.622499755292
44,2019,7,96.3492629402834
44,2019,8,94.9243718319925
44,2019,9,96.5331631610518
44,2019,10,97.2654911809167
44,2019,11,96.9129530292024
44,2019,12,96.6360869817032
45,1982,1,89.5490989070565
45,1982,2,88.6608907559575
45,1982,3,89.5041437062636
45,1982,4,89.1447397632516
45,1982,5,88.7169950833129
45,1982,6,87.956197751476
45,1982,7,87.8268421996789
45,1982,8,89.479935845559
45,1982,9,88.2121733380123
45,1982,10,90.3530630980523
45,1982,11,89.8076543918775
45,1982,12,86.455929971926
45,1983,1,87.4345243144554
45,1983,2,86.3891191373592
45,1983,3,88.3743823226192
45,1983,4,87.8076685421349
45,1983,5,88.9882941289901
45,1983,6,88.7667048977579
45,1983,7,89.9491708119691
45,1983,8,92.7125015297306
45,1983,9,91.76710250266
45,1983,10,93.0061117855667
45,1983,11,92.0189572260866
45,1983,12,89.3806886226873
45,1984,1,92.261332795132
45,1984,2,93.0679353744265
45,1984,3,94.2898778668396
45,1984,4,94.0886102948798
45,1984,5,93.2228975338158
45,1984,6,92.450256584019
45,1984,7,92.4810329622237
45,1984,8,92.4660685039579
45,1984,9,92.8221246543847
45,1984,10,93.2865468573605
45,1984,11,91.8706625207922
45,1984,12,93.3079305745657
45,1985,1,93.6715296890233
45,1985,2,94.0900221083304
45,1985,3,95.4310411169289
45,1985,4,95.3016752785407
45,1985,5,93.0835539395703
45,1985,6,91.1321462722059
45,1985,7,89.933226114455
45,1985,8,91.9083713515636
45,1985,9,93.5119821199374
45,1985,10,92.5515008237987
45,1985,11,93.3924385023545
45,1985,12,92.0346122787345
45,1986,1,92.3958500616053
45,1986,2,92.7641660469433
45,1986,3,93.0194123577362
45,1986,4,93.9900126490801
45,1986,5,94.1437420028295
45,1986,6,94.1433614971041
45,1986,7,93.341598554871
45,1986,8,94.2914973158217
45,1986,9,94.3609448149466
45,1986,10,93.4876503622162
45,1986,11,93.6811040689404
45,1986,12,94.406687382368
45,1987,1,92.5325131786754
45,1987,2,92.6370863393534
45,1987,3,92.2432605186249
45,1987,4,92.689480687295
45,1987,5,94.3586080196418
45,1987,6,95.7933134591106
45,1987,7,95.9267013380777
45,1987,8,95.6980636655347
45,1987,9,94.6973823536283
45,1987,10,94.3208479607645
45,1987,11,94.3096449873026
45,1987,12,94.5781347546781
45,1988,1,94.2431226699466
45,1988,2,94.4268638325113
45,1988,3,95.6139907335257
45,1988,4,96.0638307964933
45,1988,5,95.1740630149625
45,1988,6,95.9429182746198
45,1988,7,95.31648223973
45,1988,8,94.7838292178361
45,1988,9,95.7599092124874
45,1988,10,95.5557216587735
45,1988,11,96.2259077674064
45,1988,12,96.1787126241613
45,1989,1,94.3510537263373
45,1989,2,94.8146691893022
45,1989,3,96.3703465916989
45,1989,4,96.4808951182868
45,1989,5,96.5034076584491
45,1989,6,93.913059852127
45,1989,7,94.0406340821064
45,1989,8,94.3050018323897
45,1989,9,95.2273144528107
45,1989,10,94.9833830478178
45,1989,11,95.0022806130216
45,1989,12,95.4763069504138
45,1990,1,94.0283262134615
45,1990,2,95.2791444670145
45,1990,3,96.1343598719652
45,1990,4,95.0090166598914
45,1990,5,95.545381716137
45,1990,6,95.005949144218
45,1990,7,94.3282876243518
45,1990,8,94.6597796364022
45,1990,9,94.3875988515529
45,1990,10,95.0874236303548
45,1990,11,95.5037676180187
45,1990,12,95.4978325510057
45,1991,1,94.0109196392488
45,1991,2,92.2291078662261
45,1991,3,93.3678923869748
45,1991,4,93.9714507255056
45,1991,5,94.9489732721066
45,1991,6,92.2501376676244
45,1991,7,94.0144312507539
45,1991,8,92.9719064998332
45,1991,9,93.7717353695741
45,1991,10,93.5991882250307
45,1991,11,93.0672866722598
45,1991,12,92.7819130579899
45,1992,1,93.2828765472897
45,1992,2,93.2704970487648
45,1992,3,92.3966239872593
45,1992,4,93.5149012888198
45,1992,5,94.359082105317
45,1992,6,93.6257763230303
45,1992,7,92.2179739720906
45,1992,8,92.7366674370204
45,1992,9,93.6887336451706
45,1992,10,93.2745274958465
45,1992,11,94.6330724118228
45,1992,12,94.5206439955742
45,1993,1,92.4803385523592
45,1993,2,91.4185812852921
45,1993,3,91.0032058536616
45,1993,4,90.306627673982
45,1993,5,91.8299162782376
45,1993,6,91.8480789600309
45,1993,7,91.0614021977889
45,1993,8,92.4519373533225
45,1993,9,92.9846188936717
45,1993,10,94.5424776037283
45,1993,11,94.158394732708
45,1993,12,93.8621822173056
45,1994,1,93.9083509901033
45,1994,2,91.9605421668054
45,1994,3,92.4821722266625
45,1994,4,92.1916503057518
45,1994,5,94.1647898585124
45,1994,6,94.05516525338
45,1994,7,93.4676129628282
45,1994,8,93.7238096738784
45,1994,9,93.8732945029498
45,1994,10,93.3886804636698
45,1994,11,93.9341993941759
45,1994,12,96.0043538112516
45,1995,1,94.6826714348001
45,1995,2,95.0135476177597
45,1995,3,95.558221528501
45,1995,4,95.53113412466
45,1995,5,95.4100834695009
45,1995,6,94.9343952766478
45,1995,7,93.5019108831896
45,1995,8,95.253588983478
45,1995,9,94.4144983759186
45,1995,10,95.0231489658853
45,1995,11,94.856284497481
45,1995,12,94.905348653691
45,1996,1,94.2942342602203
45,1996,2,95.5653449843888
45,1996,3,94.9412094820472
45,1996,4,94.3372690924687
45,1996,5,94.8329833157961
45,1996,6,91.3581962757481
45,1996,7,92.7862881732176
45,1996,8,93.7302529860971
45,1996,9,93.6581392587387
45,1996,10,93.8090661513716
45,1996,11,94.6650581819682
45,1996,12,95.3654018127856
45,1997,1,93.7618156746467
45,1997,2,93.8868520931435
45,1997,3,95.0116248131301
45,1997,4,96.264215017147
45,1997,5,95.2346667279918
45,1997,6,94.0892395752015
45,1997,7,95.216256445101
45,1997,8,94.8306134052105
45,1997,9,95.7240351528805
45,1997,10,97.2057346945293
45,1997,11,97.179412734722
45,1997,12,96.7758733753674
45,1998,1,95.5207170017529
45,1998,2,96.4384310929198
45,1998,3,97.8436380370901
45,1998,4,96.6950094208058
45,1998,5,96.5578667529074
45,1998,6,96.1114980957169
45,1998,7,93.3316217416072
45,1998,8,96.0192594581581
45,1998,9,96.1802064868779
45,1998,10,95.5879266536495
45,1998,11,95.9002865081179
45,1998,12,95.8222360813834
45,1999,1,95.7722839464025
45,1999,2,93.8205467351993
45,1999,3,96.8131393242821
45,1999,4,95.647793703983
45,1999,5,95.7615197884061
45,1999,6,95.6405972591423
45,1999,7,96.3487572944956
45,1999,8,95.7880594372811
45,1999,9,94.6870408792217
45,1999,10,94.7169446128854
45,1999,11,93.982347097066
45,1999,12,95.5915368495093
45,2000,1,94.8300362657516
45,2000,2,96.0832162892315
45,2000,3,97.4834929049364
45,2000,4,97.2354434383792
45,2000,5,95.5420533741625
45,2000,6,95.8947181319616
45,2000,7,95.3077410594175
45,2000,8,95.1368282193312
45,2000,9,96.4719974763547
45,2000,10,97.706956236946
45,2000,11,97.1568355485351
45,2000,12,94.6564503841063
45,2001,1,95.1536434738315
45,2001,2,95.7504212478573
45,2001,3,95.6934136667828
45,2001,4,95.1305496858507
45,2001,5,95.14317168674
45,2001,6,94.7619805849324
45,2001,7,93.6159183519328
45,2001,8,94.2025593454871
45,2001,9,94.2511047310141
45,2001,10,93.9002199354719
45,2001,11,95.2408484739197
45,2001,12,94.1996215787896
45,2002,1,93.9302732261424
45,2002,2,93.1728605593289
45,2002,3,93.6445484294529
45,2002,4,94.6887384315974
45,2002,5,94.2860563016513
45,2002,6,94.4278063145855
45,2002,7,94.8325626361055
45,2002,8,94.1462548495483
45,2002,9,94.3895247311103
45,2002,10,93.8002788028717
45,2002,11,92.823075330519
45,2002,12,94.0578639047924
45,2003,1,92.3692133521964
45,2003,2,93.0600034217475
45,2003,3,94.8450675862374
45,2003,4,94.1609708994075
45,2003,5,93.5915321273866
45,2003,6,92.5949935619671
45,2003,7,91.7280986814866
45,2003,8,94.0968349356091
45,2003,9,93.1005601641893
45,2003,10,91.1881502408096
45,2003,11,93.3145313936262
45,2003,12,94.6151337803079
45,2004,1,92.4518435307624
45,2004,2,93.0245342276059
45,2004,3,92.3642777870717
45,2004,4,93.0041490280409
45,2004,5,93.7674718843764
45,2004,6,92.1856753488641
45,2004,7,93.7849377499893
45,2004,8,92.4651055921359
45,2004,9,91.9885542153737
45,2004,10,92.8645663720689
45,2004,11,92.4321496133187
45,2004,12,93.3071350789464
45,2005,1,92.5412962304161
45,2005,2,92.6749220270688
45,2005,3,93.7097480820205
45,2005,4,94.2811303653632
45,2005,5,94.3617056835403
45,2005,6,93.4845733155962
45,2005,7,94.6610309103537
45,2005,8,93.3904157567865
45,2005,9,92.0003109021318
45,2005,10,91.5058333181336
45,2005,11,91.954603194859
45,2005,12,92.7026524861215
45,2006,1,93.459331587173
45,2006,2,93.1814410350414
45,2006,3,92.6699739902598
45,2006,4,93.8211237167658
45,2006,5,94.7742650061908
45,2006,6,92.9930680276233
45,2006,7,94.9191920728611
45,2006,8,92.0816515888522
45,2006,9,92.4826685185786
45,2006,10,92.3029194236267
45,2006,11,93.5257742263684
45,2006,12,93.6807978595051
45,2007,1,93.7417959279607
45,2007,2,94.1497814156432
45,2007,3,94.1209617881236
45,2007,4,95.1654409303046
45,2007,5,94.7752083255424
45,2007,6,94.4250724288235
45,2007,7,93.7383841022753
45,2007,8,94.4225496241503
45,2007,9,94.1450151473387
45,2007,10,94.0277337667815
45,2007,11,93.6185025307954
45,2007,12,93.2961987814101
45,2008,1,94.12612241621
45,2008,2,95.4623666626155
45,2008,3,95.33215284393
45,2008,4,94.6641920357895
45,2008,5,94.1130386225707
45,2008,6,94.0507873670071
45,2008,7,92.2278536806356
45,2008,8,92.3093222856935
45,2008,9,93.5725989474307
45,2008,10,91.3381157324819
45,2008,11,91.5916817752341
45,2008,12,90.2947059036048
45,2009,1,89.0829770026321
45,2009,2,89.3210876202651
45,2009,3,87.8786910279411
45,2009,4,89.0027165277397
45,2009,5,88.6909177043421
45,2009,6,87.9589562838922
45,2009,7,89.8566443363049
45,2009,8,88.6512953992402
45,2009,9,87.9122549868941
45,2009,10,85.9929554974002
45,2009,11,85.0823061769085
45,2009,12,86.9137513554922
45,2010,1,87.4823495053349
45,2010,2,89.3161043919125
45,2010,3,90.0335752585695
45,2010,4,91.3767485448414
45,2010,5,88.8951723502396
45,2010,6,88.5738485993928
45,2010,7,88.0020299508001
45,2010,8,87.5184074466755
45,2010,9,90.4001616379162
45,2010,10,90.3453590798679
45,2010,11,88.9902537551397
45,2010,12,87.5652304842793
45,2011,1,90.4982709639719
45,2011,2,89.0726611834161
45,2011,3,89.5570023589137
45,2011,4,89.4280623728355
45,2011,5,86.5383293917301
45,2011,6,87.0173901255082
45,2011,7,87.6456103315325
45,2011,8,89.8510708216102
45,2011,9,90.9463722617472
45,2011,10,91.6444105547182
45,2011,11,91.2566890691193
45,2011,12,89.9513591905187
45,2012,1,90.0899465094644
45,2012,2,89.3430224435759
45,2012,3,90.8825347948001
45,2012,4,90.6156696570751
45,2012,5,88.6712285862653
45,2012,6,89.3683781678715
45,2012,7,91.1944441431623
45,2012,8,91.3042182820253
45,2012,9,93.0829287732766
45,2012,10,92.4982958577393
45,2012,11,90.8177029543023
45,2012,12,91.2999537045176
45,2013,1,90.7607959737948
45,2013,2,91.5106381182767
45,2013,3,92.3247886922829
45,2013,4,93.3209943973122
45,2013,5,92.6710921333355
45,2013,6,90.8558098234579
45,2013,7,92.6467684965545
45,2013,8,91.5769670709146
45,2013,9,92.8016861157972
45,2013,10,93.6879814231101
45,2013,11,93.4834691414802
45,2013,12,94.125309627588
45,2014,1,92.6733821642193
45,2014,2,95.8021840725331
45,2014,3,93.7603356964734
45,2014,4,94.6989476245508
45,2014,5,95.2214730070955
45,2014,6,93.9558953837176
45,2014,7,92.1599569883158
45,2014,8,91.3180570879066
45,2014,9,91.4981325184892
45,2014,10,92.6454865255168
45,2014,11,92.5665677348335
45,2014,12,93.5554015874429
45,2015,1,92.9120882857772
45,2015,2,92.8151149695514
45,2015,3,94.1586776735014
45,2015,4,93.9110049968933
45,2015,5,93.4919157119086
45,2015,6,94.0703921808923
45,2015,7,93.466664682031
45,2015,8,94.7122596220329
45,2015,9,94.3718976522157
45,2015,10,94.32781149909
45,2015,11,95.3355312604816
45,2015,12,94.2119422393897
45,2016,1,94.0544861138818
45,2016,2,94.1163695699516
45,2016,3,93.4136454801401
45,2016,4,95.4708040769873
45,2016,5,95.971646694281
45,2016,6,94.5643750935782
45,2016,7,94.8236932934538
45,2016,8,94.599244112619
45,2016,9,95.9362641966286
45,2016,10,95.69990103415
45,2016,11,96.4827247052997
45,2016,12,95.6659263388331
45,2017,1,93.5511414689271
45,2017,2,94.9927380130424
45,2017,3,96.0245407246777
45,2017,4,96.7475261424081
45,2017,5,96.7377606028995
45,2017,6,95.5078387336491
45,2017,7,94.716230424548
45,2017,8,95.3478764300517
45,2017,9,96.189945666245
45,2017,10,95.940222821776
45,2017,11,95.9052860368247
45,2017,12,94.8938288478477
45,2018,1,93.5144344050167
45,2018,2,95.7056460963977
45,2018,3,96.060343105428
45,2018,4,98.3756807640817
45,2018,5,97.3396297667171
45,2018,6,96.7132680297355
45,2018,7,95.6129428783512
45,2018,8,96.1232388705997
45,2018,9,96.2877673256603
45,2018,10,96.3871064310161
45,2018,11,96.6265399476361
45,2018,12,97.426436790476
45,2019,1,96.6882038833947
45,2019,2,96.5417461622727
45,2019,3,95.61337484651
45,2019,4,96.315411029761
45,2019,5,96.4354039149385
45,2019,6,97.1876301659294
45,2019,7,97.1260529766213
45,2019,8,97.8175847344112
45,2019,9,98.8262333285544
45,2019,10,97.3778057985278
45,2019,11,97.221513172347
45,2019,12,96.8040098507327
46,1982,1,93.4879338246621
46,1982,2,93.2740218385954
46,1982,3,93.851566474632
46,1982,4,94.5748746348866
46,1982,5,95.6418411354398
46,1982,6,95.0895468173961
46,1982,7,95.5144278925454
46,1982,8,94.953402192833
46,1982,9,93.7396988277484
46,1982,10,93.4664424223034
46,1982,11,92.4850727006544
46,1982,12,93.6058496824549
46,1983,1,92.4149798755452
46,1983,2,93.1067964720938
46,1983,3,94.2761319982754
46,1983,4,93.4177983312711
46,1983,5,94.5680580189083
46,1983,6,94.065701380343
46,1983,7,94.6358124017303
46,1983,8,95.2729019325077
46,1983,9,95.1399455828182
46,1983,10,96.5632144768924
46,1983,11,95.7793581335443
46,1983,12,94.6848291411979
46,1984,1,93.6965854423317
46,1984,2,93.1914971227929
46,1984,3,94.9854799621345
46,1984,4,94.9931526044034
46,1984,5,96.0055766939386
46,1984,6,96.2794416294277
46,1984,7,97.1813540726226
46,1984,8,96.1772586272321
46,1984,9,96.1567993492588
46,1984,10,96.1734935987094
46,1984,11,95.4541903171924
46,1984,12,94.8452359972458
46,1985,1,92.1117266961437
46,1985,2,92.284817704238
46,1985,3,93.6788992532244
46,1985,4,95.0406853482391
46,1985,5,94.6457146733836
46,1985,6,94.101879188776
46,1985,7,95.3346922895771
46,1985,8,95.9987714757241
46,1985,9,96.009303573479
46,1985,10,94.8377024830181
46,1985,11,95.119530918975
46,1985,12,95.8536958701377
46,1986,1,93.9210242973946
46,1986,2,94.2012638605922
46,1986,3,93.7089447865698
46,1986,4,95.1655559315135
46,1986,5,95.6424899658137
46,1986,6,95.3080364963292
46,1986,7,95.0837526862865
46,1986,8,94.9292691407808
46,1986,9,95.9630379618157
46,1986,10,94.9546068144181
46,1986,11,95.8372746786293
46,1986,12,95.191533037113
46,1987,1,95.2813194799457
46,1987,2,95.4391846678579
46,1987,3,95.1835837695612
46,1987,4,95.4350532059992
46,1987,5,95.5703183305556
46,1987,6,95.2458402816636
46,1987,7,95.7951962642126
46,1987,8,95.8313764221081
46,1987,9,96.0721819198529
46,1987,10,96.7056504852566
46,1987,11,95.6719969468289
46,1987,12,96.3473847069621
46,1988,1,97.0468823767081
46,1988,2,95.4700549532433
46,1988,3,95.6224849938723
46,1988,4,96.2689995094532
46,1988,5,94.0953028129883
46,1988,6,95.4393657518899
46,1988,7,96.5944574938289
46,1988,8,95.3987020405385
46,1988,9,96.5799499757505
46,1988,10,96.6535303346808
46,1988,11,96.1058340776424
46,1988,12,95.7492078759341
46,1989,1,94.5121204781501
46,1989,2,94.6900132618321
46,1989,3,95.3420832897246
46,1989,4,96.7883064814276
46,1989,5,94.8653482947951
46,1989,6,95.477503500062
46,1989,7,95.4476345420511
46,1989,8,95.7821246799994
46,1989,9,96.4945072532194
46,1989,10,96.4863551510553
46,1989,11,96.6856498710084
46,1989,12,96.1730454047748
46,1990,1,94.9436717178077
46,1990,2,95.7178765485424
46,1990,3,95.6592785254205
46,1990,4,95.5631897698632
46,1990,5,95.922199473201
46,1990,6,95.3693408567916
46,1990,7,96.1407867333491
46,1990,8,95.6544758182102
46,1990,9,97.3721068821159
46,1990,10,96.3950208429218
46,1990,11,96.2013802686601
46,1990,12,97.1408583568105
46,1991,1,95.4600474996926
46,1991,2,95.8947352107193
46,1991,3,95.0581109587237
46,1991,4,96.8973632297098
46,1991,5,97.0883953566845
46,1991,6,96.5326872290444
46,1991,7,96.4506876498393
46,1991,8,95.7676310374156
46,1991,9,96.6062431883081
46,1991,10,96.9968577629522
46,1991,11,97.1483211693865
46,1991,12,96.4388559138257
46,1992,1,96.3884501215091
46,1992,2,96.3559548774491
46,1992,3,95.2517152289768
46,1992,4,96.8163708699673
46,1992,5,95.853028071141
46,1992,6,96.0682242488652
46,1992,7,96.5947908461409
46,1992,8,96.5167837463746
46,1992,9,97.3542563563304
46,1992,10,97.4062492580135
46,1992,11,97.3042436527437
46,1992,12,96.9552899536557
46,1993,1,95.0376886611656
46,1993,2,95.3644411834325
46,1993,3,95.6018751479877
46,1993,4,96.9819297701218
46,1993,5,96.9277857034176
46,1993,6,96.8343120674572
46,1993,7,97.0591514395951
46,1993,8,96.8348148912077
46,1993,9,96.0388761050341
46,1993,10,97.5480663135732
46,1993,11,95.4058108908412
46,1993,12,96.1502545800033
46,1994,1,96.636619585541
46,1994,2,95.8999646710683
46,1994,3,95.6498471346296
46,1994,4,97.2092130420299
46,1994,5,96.7976484549686
46,1994,6,96.1787598804369
46,1994,7,96.9906927652945
46,1994,8,96.3042653371664
46,1994,9,96.5401402782439
46,1994,10,96.5556180232804
46,1994,11,96.3339648914125
46,1994,12,96.2960106185018
46,1995,1,95.2012876358478
46,1995,2,96.6915544331458
46,1995,3,96.8122523583967
46,1995,4,96.7826596005838
46,1995,5,98.2242930874233
46,1995,6,97.8710374636093
46,1995,7,97.3103582023026
46,1995,8,96.3851121208218
46,1995,9,96.931083256049
46,1995,10,96.7853090849781
46,1995,11,96.8089719582177
46,1995,12,96.8249122237069
46,1996,1,95.8172798667981
46,1996,2,95.8885492821386
46,1996,3,95.8260342188021
46,1996,4,95.8460222284365
46,1996,5,96.8116022803068
46,1996,6,97.4427111640373
46,1996,7,96.7648617066852
46,1996,8,96.8550949132801
46,1996,9,96.9800671538303
46,1996,10,97.3306322435241
46,1996,11,96.8448547853898
46,1996,12,96.8911368249018
46,1997,1,95.1474569327674
46,1997,2,96.5944575878984
46,1997,3,95.7717546882572
46,1997,4,97.6297642802657
46,1997,5,97.0846910632278
46,1997,6,96.436820580496
46,1997,7,96.6230631610568
46,1997,8,97.1846414904655
46,1997,9,97.7471167645674
46,1997,10,97.8231011221937
46,1997,11,96.5057586851407
46,1997,12,96.6064822521536
46,1998,1,95.9018616687389
46,1998,2,96.660612051401
46,1998,3,96.4907292728767
46,1998,4,96.2673244179383
46,1998,5,96.9926002764833
46,1998,6,96.9034449384624
46,1998,7,96.6868063340149
46,1998,8,97.9422583678139
46,1998,9,98.1946599449827
46,1998,10,97.6894293963707
46,1998,11,97.0026056708319
46,1998,12,96.7647497182416
46,1999,1,96.2055106585267
46,1999,2,96.0212841922538
46,1999,3,96.7166164601168
46,1999,4,97.0023587464873
46,1999,5,97.2252115450923
46,1999,6,97.1611887098
46,1999,7,96.6732878924421
46,1999,8,95.4866877624713
46,1999,9,97.6481092659491
46,1999,10,96.8493523884866
46,1999,11,97.5370471540987
46,1999,12,97.7193962815903
46,2000,1,96.4996795714075
46,2000,2,97.3138598694379
46,2000,3,97.4919159412589
46,2000,4,97.7113081334196
46,2000,5,97.6462327243112
46,2000,6,97.6579904439046
46,2000,7,98.2489649587784
46,2000,8,97.9323359356632
46,2000,9,98.68892865246
46,2000,10,97.648254965316
46,2000,11,97.7515448680181
46,2000,12,97.5847369356949
46,2001,1,97.5558429809314
46,2001,2,96.6349109358607
46,2001,3,96.7867549567969
46,2001,4,96.5232447644623
46,2001,5,96.7493966025934
46,2001,6,96.6679886540501
46,2001,7,95.9352970566356
46,2001,8,96.708025925309
46,2001,9,95.5619952072344
46,2001,10,96.2338344727791
46,2001,11,97.0716880418487
46,2001,12,96.7123047950787
46,2002,1,96.0002808084032
46,2002,2,96.5034401213915
46,2002,3,96.290454681774
46,2002,4,96.4227812304688
46,2002,5,97.1702919537872
46,2002,6,96.6629380332521
46,2002,7,97.1118398240672
46,2002,8,97.7542546295362
46,2002,9,97.9054189475376
46,2002,10,97.265363670427
46,2002,11,96.5110282300186
46,2002,12,95.5869058394653
46,2003,1,95.4828410346013
46,2003,2,96.0836579871374
46,2003,3,95.2257104514198
46,2003,4,96.6535097780693
46,2003,5,96.9432964197019
46,2003,6,96.7925746492082
46,2003,7,96.3310926385046
46,2003,8,96.7074590690055
46,2003,9,96.5167218928887
46,2003,10,97.1820345232204
46,2003,11,96.1874299913559
46,2003,12,96.1708263971914
46,2004,1,96.4739977239244
46,2004,2,95.3707787420981
46,2004,3,95.2473154258722
46,2004,4,97.0736431216894
46,2004,5,95.2264512810602
46,2004,6,95.6709773620133
46,2004,7,96.5779656792445
46,2004,8,97.2845020842876
46,2004,9,96.3791469569364
46,2004,10,97.3904462636421
46,2004,11,96.9619142324327
46,2004,12,96.3007259850961
46,2005,1,95.1105857130973
46,2005,2,94.8189854475844
46,2005,3,94.2410380759041
46,2005,4,94.8142202256653
46,2005,5,94.4590747141621
46,2005,6,95.8438882167914
46,2005,7,95.3777392903542
46,2005,8,95.886248604292
46,2005,9,96.4992844346599
46,2005,10,96.4307043895938
46,2005,11,96.7551448359875
46,2005,12,97.496033192798
46,2006,1,97.3694553942471
46,2006,2,96.5438823878421
46,2006,3,96.5527603005155
46,2006,4,97.976386964807
46,2006,5,97.2374422567319
46,2006,6,97.1947689826462
46,2006,7,96.3126300280895
46,2006,8,96.9285180537561
46,2006,9,96.4577706787538
46,2006,10,95.9184137807824
46,2006,11,97.0288403425958
46,2006,12,96.5831508383416
46,2007,1,95.8452019456472
46,2007,2,96.2543927586204
46,2007,3,96.7781043324044
46,2007,4,96.4180255035686
46,2007,5,97.78353698263
46,2007,6,97.7000978349901
46,2007,7,97.5589903763819
46,2007,8,96.7696880355196
46,2007,9,96.2443379596938
46,2007,10,97.2819029493855
46,2007,11,97.551450263845
46,2007,12,96.9573384215228
46,2008,1,97.8813420466573
46,2008,2,97.3080879230176
46,2008,3,97.9594723075118
46,2008,4,97.1522326979812
46,2008,5,96.8286215954531
46,2008,6,96.8116518247366
46,2008,7,97.599252571096
46,2008,8,96.2985748090256
46,2008,9,96.9324094410915
46,2008,10,96.869095788855
46,2008,11,96.0583334567875
46,2008,12,94.9007663928068
46,2009,1,93.7360484075002
46,2009,2,94.6986988692214
46,2009,3,94.7259760239207
46,2009,4,94.7752454653999
46,2009,5,94.5006082680303
46,2009,6,94.6801081238787
46,2009,7,95.5389495788009
46,2009,8,95.4719184718699
46,2009,9,95.4491373078774
46,2009,10,95.0329530268611
46,2009,11,95.1427427842555
46,2009,12,95.5002906507976
46,2010,1,94.9912960677002
46,2010,2,94.7496482736426
46,2010,3,94.397570156941
46,2010,4,93.1672621486613
46,2010,5,93.8489931692686
46,2010,6,95.058573856192
46,2010,7,94.7318873806674
46,2010,8,95.655818819288
46,2010,9,96.3275901125841
46,2010,10,94.9025263154624
46,2010,11,95.1530985970206
46,2010,12,94.1082698510581
46,2011,1,94.0652303130584
46,2011,2,93.1839949635805
46,2011,3,93.6992525699892
46,2011,4,94.5747383189007
46,2011,5,95.4172407438387
46,2011,6,94.8291581006112
46,2011,7,94.9674534574994
46,2011,8,94.6454060698689
46,2011,9,96.4001730831264
46,2011,10,96.4858114645006
46,2011,11,96.41337080818
46,2011,12,95.3331205512541
46,2012,1,95.2068012724321
46,2012,2,94.4240957967684
46,2012,3,94.6031861118769
46,2012,4,94.9766942826937
46,2012,5,97.041159110503
46,2012,6,94.9044308414408
46,2012,7,94.9427601456503
46,2012,8,95.5478546530789
46,2012,9,95.1095344689987
46,2012,10,95.9584453015554
46,2012,11,95.2692826916646
46,2012,12,96.1740041884539
46,2013,1,95.8973988981747
46,2013,2,95.5398772015074
46,2013,3,96.1397884641525
46,2013,4,96.640892848064
46,2013,5,96.7709116609857
46,2013,6,96.2407894462017
46,2013,7,97.0552939577973
46,2013,8,96.6300575832506
46,2013,9,95.8290035649003
46,2013,10,96.2237158522245
46,2013,11,96.2359241328245
46,2013,12,96.6346484240621
46,2014,1,95.3185302930804
46,2014,2,96.0790473824935
46,2014,3,95.4648272065631
46,2014,4,95.8849714406835
46,2014,5,96.5065069161331
46,2014,6,97.1374091645555
46,2014,7,97.9427116597293
46,2014,8,96.9127073181812
46,2014,9,97.3870098399415
46,2014,10,97.4016227636639
46,2014,11,96.7342156968271
46,2014,12,96.4311018500822
46,2015,1,94.9581684133085
46,2015,2,95.3044314884675
46,2015,3,93.8937138496388
46,2015,4,96.0604627773943
46,2015,5,96.3553155718273
46,2015,6,97.4056893874298
46,2015,7,96.7754787065024
46,2015,8,96.8478745115239
46,2015,9,97.0493846561077
46,2015,10,98.1494820881386
46,2015,11,97.2929550917902
46,2015,12,96.7208075895424
46,2016,1,97.2956119207309
46,2016,2,96.3910084359212
46,2016,3,97.8324014912914
46,2016,4,96.42271929847
46,2016,5,97.1612276973386
46,2016,6,96.5108205414598
46,2016,7,98.0527669399709
46,2016,8,97.3274949457806
46,2016,9,97.6936314657497
46,2016,10,97.221662614791
46,2016,11,97.3724043473367
46,2016,12,96.6117703588476
46,2017,1,96.465869846164
46,2017,2,96.1629547721049
46,2017,3,96.3422776553657
46,2017,4,95.6820420635761
46,2017,5,96.7612106163532
46,2017,6,96.6349459353701
46,2017,7,95.6274312851855
46,2017,8,95.2460556908852
46,2017,9,97.3720404366417
46,2017,10,96.6333249415401
46,2017,11,96.3806126852375
46,2017,12,95.9805126719404
46,2018,1,95.826143011394
46,2018,2,96.1843360496219
46,2018,3,97.7117180063586
46,2018,4,96.0830499741804
46,2018,5,98.0322957728642
46,2018,6,96.9246062927461
46,2018,7,97.9413711136779
46,2018,8,97.1617581568232
46,2018,9,97.466228327108
46,2018,10,96.9259407406742
46,2018,11,97.0766847252963
46,2018,12,97.1977857467773
46,2019,1,97.0161391026203
46,2019,2,97.1314592443659
46,2019,3,97.243382395571
46,2019,4,95.9582102314352
46,2019,5,95.4319590951045
46,2019,6,96.5631801382581
46,2019,7,97.4912264618899
46,2019,8,96.922092926461
46,2019,9,96.8687278000637
46,2019,10,96.1196620401138
46,2019,11,95.7292031932736
46,2019,12,95.4037744229539
47,1982,1,88.1109819976364
47,1982,2,86.8958678571589
47,1982,3,87.9736889501251
47,1982,4,87.6175393775708
47,1982,5,90.0709900990287
47,1982,6,87.4212702385801
47,1982,7,87.9068947533895
47,1982,8,88.8500724061802
47,1982,9,88.7112237951551
47,1982,10,87.2440845415039
47,1982,11,87.5236593040426
47,1982,12,84.8879561283803
47,1983,1,84.8329422782086
47,1983,2,87.3789691165424
47,1983,3,88.3203085818907
47,1983,4,88.3532554431165
47,1983,5,88.6125061840032
47,1983,6,86.7295434671876
47,1983,7,88.0754870714512
47,1983,8,87.9783717331936
47,1983,9,89.0973568318007
47,1983,10,89.0743635918014
47,1983,11,89.0964127565065
47,1983,12,90.1506342345898
47,1984,1,89.1960105955074
47,1984,2,92.1354170590519
47,1984,3,90.3884220004691
47,1984,4,90.0568411415327
47,1984,5,90.8289956923573
47,1984,6,90.1788613782104
47,1984,7,92.2469056664299
47,1984,8,91.2923053255901
47,1984,9,93.6665511779906
47,1984,10,92.5405809522998
47,1984,11,91.9315636345436
47,1984,12,92.0796519585796
47,1985,1,90.0536541863827
47,1985,2,91.704603482571
47,1985,3,91.3005150530588
47,1985,4,91.6994374514794
47,1985,5,92.3511867260279
47,1985,6,92.0578105965004
47,1985,7,91.2261027653292
47,1985,8,91.7925349237922
47,1985,9,93.3227970983884
47,1985,10,93.7671292330742
47,1985,11,91.9747724894231
47,1985,12,91.9496262444694
47,1986,1,91.0595234146093
47,1986,2,90.5062661844245
47,1986,3,90.6247606807573
47,1986,4,92.2510127055837
47,1986,5,92.8079974975985
47,1986,6,90.9088973841988
47,1986,7,90.6941439603037
47,1986,8,93.5551870121494
47,1986,9,92.2665931470963
47,1986,10,91.196035708618
47,1986,11,92.026488573108
47,1986,12,93.5054927155245
47,1987,1,93.5358804093933
47,1987,2,92.4468377026959
47,1987,3,92.2321713407719
47,1987,4,92.0457140900789
47,1987,5,92.7655112303574
47,1987,6,92.71429393904
47,1987,7,93.7286790666074
47,1987,8,94.0852286424518
47,1987,9,93.1868209419218
47,1987,10,95.0179145736454
47,1987,11,93.8313550670785
47,1987,12,94.9443789292338
47,1988,1,95.0558926044353
47,1988,2,93.8029452546546
47,1988,3,94.7779253091601
47,1988,4,94.5848619157427
47,1988,5,94.1091965410063
47,1988,6,93.8367524559208
47,1988,7,93.8421935666912
47,1988,8,94.1886107628312
47,1988,9,93.0934717564513
47,1988,10,94.2498334705831
47,1988,11,94.311005886816
47,1988,12,94.2530968634567
47,1989,1,92.8039199975463
47,1989,2,95.0473429926501
47,1989,3,94.6383631813435
47,1989,4,95.5562689402448
47,1989,5,95.9542469351823
47,1989,6,94.9364609720445
47,1989,7,95.2840109779876
47,1989,8,94.2727725181917
47,1989,9,94.8646790132445
47,1989,10,94.7320258486261
47,1989,11,94.8464625395311
47,1989,12,95.2486008622131
47,1990,1,94.5734630001783
47,1990,2,94.904638217501
47,1990,3,95.1899987611648
47,1990,4,94.3534183721462
47,1990,5,93.8445262738654
47,1990,6,95.1507610091336
47,1990,7,95.324118635967
47,1990,8,94.1578265148483
47,1990,9,94.4767360113379
47,1990,10,94.5528820640409
47,1990,11,94.0992961027781
47,1990,12,94.4729580938284
47,1991,1,92.3970417017626
47,1991,2,92.0859372428749
47,1991,3,92.1257325445172
47,1991,4,93.8390367988168
47,1991,5,94.6969847357555
47,1991,6,93.1297151555492
47,1991,7,92.9857166761445
47,1991,8,93.0766800539
47,1991,9,92.0804046151738
47,1991,10,92.7159915188292
47,1991,11,92.9855721920877
47,1991,12,93.7827173065768
47,1992,1,91.7575287929826
47,1992,2,92.5384769280845
47,1992,3,93.0480430170156
47,1992,4,93.8376335849902
47,1992,5,93.6639017446045
47,1992,6,93.3305453954932
47,1992,7,94.7076683708124
47,1992,8,93.6751867234148
47,1992,9,94.5946642984208
47,1992,10,94.9367447308941
47,1992,11,93.1875811170186
47,1992,12,93.5193730041158
47,1993,1,93.4493892576823
47,1993,2,94.0746094383423
47,1993,3,93.3531074783203
47,1993,4,93.4304726774774
47,1993,5,93.8682111283851
47,1993,6,93.2280591752782
47,1993,7,93.7301784207467
47,1993,8,94.3354139719261
47,1993,9,95.0415977618619
47,1993,10,94.7076730744804
47,1993,11,94.9780549052457
47,1993,12,95.6821963890424
47,1994,1,93.7908662131738
47,1994,2,93.4879860353766
47,1994,3,94.6722592310352
47,1994,4,95.9100861789338
47,1994,5,96.0794311865294
47,1994,6,94.1911298974088
47,1994,7,95.3200987999188
47,1994,8,94.5307584416956
47,1994,9,94.808333789447
47,1994,10,95.7694081913791
47,1994,11,97.2617456026883
47,1994,12,95.7760055015332
47,1995,1,94.4119451069864
47,1995,2,95.2175624443812
47,1995,3,94.9440858582248
47,1995,4,94.7581504946442
47,1995,5,95.3747715129864
47,1995,6,93.7139156291377
47,1995,7,94.0421315463842
47,1995,8,94.4335128400117
47,1995,9,94.2502288929251
47,1995,10,94.6171580333506
47,1995,11,95.5082594776097
47,1995,12,95.8784535360508
47,1996,1,93.865186985971
47,1996,2,93.4158296789819
47,1996,3,94.9920210737676
47,1996,4,95.7993508377098
47,1996,5,95.6775320447924
47,1996,6,94.5981867762713
47,1996,7,94.115172825158
47,1996,8,96.1719281359054
47,1996,9,95.1009991405266
47,1996,10,94.0149806385106
47,1996,11,94.2107059860982
47,1996,12,95.3170704423541
47,1997,1,93.9631047657859
47,1997,2,94.177457435395
47,1997,3,93.9188151829167
47,1997,4,94.6378578701561
47,1997,5,95.3148782688355
47,1997,6,92.655400872324
47,1997,7,93.310173388297
47,1997,8,94.4943507966271
47,1997,9,94.4380374050532
47,1997,10,95.0687225535145
47,1997,11,95.0986554014106
47,1997,12,95.3287678077004
47,1998,1,95.8675212889741
47,1998,2,95.7753361193524
47,1998,3,94.7260151896696
47,1998,4,95.3290630588189
47,1998,5,96.7093544906635
47,1998,6,95.7090030072136
47,1998,7,95.5216733802312
47,1998,8,95.9227858252105
47,1998,9,95.8565693922708
47,1998,10,95.7894608272239
47,1998,11,96.2076440347226
47,1998,12,95.3110868065932
47,1999,1,94.5889596416727
47,1999,2,95.0243959466802
47,1999,3,95.2706713218547
47,1999,4,95.9897779895756
47,1999,5,97.1837980632449
47,1999,6,97.4185223866655
47,1999,7,95.8178903120603
47,1999,8,95.2415969683651
47,1999,9,96.254793801889
47,1999,10,95.6283252531503
47,1999,11,95.69009822108
47,1999,12,96.6969722729187
47,2000,1,95.6293005063694
47,2000,2,95.8658538411701
47,2000,3,95.6120797489234
47,2000,4,96.4406217535975
47,2000,5,96.9717343875591
47,2000,6,95.9913596973066
47,2000,7,96.043766011112
47,2000,8,96.5688016699109
47,2000,9,96.0357628940429
47,2000,10,96.2016929021903
47,2000,11,95.0828130721736
47,2000,12,95.0932087379376
47,2001,1,95.4711820289995
47,2001,2,96.2300961666752
47,2001,3,96.3896237629629
47,2001,4,96.3474859671851
47,2001,5,97.1272461620823
47,2001,6,94.9540582877106
47,2001,7,95.8681768937924
47,2001,8,95.3168157678276
47,2001,9,96.2166695939881
47,2001,10,94.8268571749122
47,2001,11,94.8807578212124
47,2001,12,94.3150308075483
47,2002,1,92.6051442406254
47,2002,2,93.7107776308803
47,2002,3,93.8132058281392
47,2002,4,95.55709058711
47,2002,5,96.0008623526602
47,2002,6,94.7160286087829
47,2002,7,94.5651695324978
47,2002,8,94.3785561937709
47,2002,9,94.8118959930529
47,2002,10,96.1685525492662
47,2002,11,96.057597018898
47,2002,12,95.3024003606351
47,2003,1,93.9545245443289
47,2003,2,94.0532270165079
47,2003,3,94.6574235412472
47,2003,4,94.3796726381225
47,2003,5,94.6170390972225
47,2003,6,93.3932479913516
47,2003,7,94.8419938655127
47,2003,8,94.4028713011911
47,2003,9,94.0808111324093
47,2003,10,93.4577305652563
47,2003,11,92.8256231332763
47,2003,12,94.6053679847408
47,2004,1,95.055782804426
47,2004,2,94.5251359871738
47,2004,3,94.9476206546663
47,2004,4,95.5077740143845
47,2004,5,95.9308432584182
47,2004,6,95.5414334197013
47,2004,7,95.073424143892
47,2004,8,93.9551160408163
47,2004,9,93.4519573236738
47,2004,10,93.6901901675351
47,2004,11,93.9883796874688
47,2004,12,94.722417042066
47,2005,1,91.8772992445284
47,2005,2,93.6514826190806
47,2005,3,94.2203391646709
47,2005,4,95.3312890742221
47,2005,5,94.6417355031854
47,2005,6,93.6526324821762
47,2005,7,95.4153311937087
47,2005,8,95.0483212598811
47,2005,9,95.5870467025357
47,2005,10,94.133136052442
47,2005,11,93.8183399686207
47,2005,12,95.2244106773426
47,2006,1,94.735316645634
47,2006,2,94.1458902683577
47,2006,3,93.7344674737652
47,2006,4,93.9567008814524
47,2006,5,94.8432761031446
47,2006,6,93.4069953641457
47,2006,7,93.6906322735757
47,2006,8,93.9353290998098
47,2006,9,96.5107806140139
47,2006,10,95.9828963991381
47,2006,11,94.7246275734421
47,2006,12,95.7143169154925
47,2007,1,94.6061142385443
47,2007,2,94.2837933337781
47,2007,3,95.482324009487
47,2007,4,96.6425213569138
47,2007,5,95.5335806741019
47,2007,6,96.193913373172
47,2007,7,95.8717047999329
47,2007,8,95.6616738960403
47,2007,9,94.0745891636853
47,2007,10,94.4722466710343
47,2007,11,94.232365268828
47,2007,12,94.3428546752514
47,2008,1,94.8649852082175
47,2008,2,92.4636370104493
47,2008,3,93.4182264967181
47,2008,4,94.5041602707603
47,2008,5,93.0146071997014
47,2008,6,92.8770975442922
47,2008,7,93.3933573507525
47,2008,8,93.8990824321261
47,2008,9,92.3225100799424
47,2008,10,93.5174718851178
47,2008,11,93.8131030922487
47,2008,12,91.4210102627581
47,2009,1,88.9147206173616
47,2009,2,89.7938766052228
47,2009,3,89.7711361991581
47,2009,4,88.0947006191387
47,2009,5,87.7938997284709
47,2009,6,88.3019462625758
47,2009,7,89.8494851513831
47,2009,8,90.1832777786363
47,2009,9,91.3134440971024
47,2009,10,90.2869357103912
47,2009,11,89.5331350785316
47,2009,12,87.5503623429239
47,2010,1,88.8892428628624
47,2010,2,89.0411229980256
47,2010,3,89.4921157910354
47,2010,4,89.564357314049
47,2010,5,90.4884849084314
47,2010,6,90.4575211290652
47,2010,7,91.0235470883032
47,2010,8,91.6590657237569
47,2010,9,91.7148982996635
47,2010,10,90.7494850315112
47,2010,11,90.4801918795959
47,2010,12,91.0991749549343
47,2011,1,88.9326764067812
47,2011,2,88.9271161144531
47,2011,3,91.2688287801128
47,2011,4,89.3043261926115
47,2011,5,90.7948978277175
47,2011,6,90.8103686261024
47,2011,7,91.7431488025894
47,2011,8,91.2662273868168
47,2011,9,90.1716010073608
47,2011,10,91.8214972863036
47,2011,11,92.3051604797605
47,2011,12,92.9500181386445
47,2012,1,92.2574050341438
47,2012,2,91.7177108136676
47,2012,3,92.2277233188513
47,2012,4,92.1304815945834
47,2012,5,91.4985088942722
47,2012,6,91.0419303049402
47,2012,7,90.7007845882166
47,2012,8,92.3190307785045
47,2012,9,92.6732854702852
47,2012,10,92.499197621723
47,2012,11,94.290047888167
47,2012,12,91.8243443355978
47,2013,1,92.3085019691257
47,2013,2,92.0422914815953
47,2013,3,91.5590773044541
47,2013,4,90.721920440693
47,2013,5,90.6341235808075
47,2013,6,91.6246404100483
47,2013,7,91.5065592092487
47,2013,8,92.2471219011795
47,2013,9,91.4293432884415
47,2013,10,91.3203457150919
47,2013,11,93.3393008819351
47,2013,12,93.121471925445
47,2014,1,94.5606600753834
47,2014,2,93.8876032035013
47,2014,3,93.8121388040845
47,2014,4,94.8917604039704
47,2014,5,93.05392149443
47,2014,6,91.6387332884738
47,2014,7,91.8920523752349
47,2014,8,92.9794525863969
47,2014,9,93.6898361736757
47,2014,10,93.7858015529394
47,2014,11,94.0312454605521
47,2014,12,93.0778584767202
47,2015,1,93.2109825878591
47,2015,2,94.2657879670953
47,2015,3,95.4955990219164
47,2015,4,95.395825259664
47,2015,5,94.0491096590907
47,2015,6,92.6605049057684
47,2015,7,92.940369802151
47,2015,8,94.1364943373723
47,2015,9,93.0614687540481
47,2015,10,94.6134558074237
47,2015,11,95.0172179544983
47,2015,12,94.9984188181147
47,2016,1,95.9448060557797
47,2016,2,96.3593322101164
47,2016,3,95.9899787896256
47,2016,4,95.6640255906728
47,2016,5,95.9343762278834
47,2016,6,93.9755638142226
47,2016,7,94.5192533682079
47,2016,8,94.6449663833938
47,2016,9,94.6689915375884
47,2016,10,95.576481996918
47,2016,11,95.4652479707478
47,2016,12,94.8321963409677
47,2017,1,94.1545964487385
47,2017,2,95.8975350902949
47,2017,3,95.5917675542824
47,2017,4,97.1674561958565
47,2017,5,97.8193238235605
47,2017,6,95.1403255473406
47,2017,7,95.7295703412785
47,2017,8,96.8811176466048
47,2017,9,97.219507755869
47,2017,10,96.7384742602152
47,2017,11,96.1849042342186
47,2017,12,96.7725248601702
47,2018,1,95.7863948182763
47,2018,2,96.272790291075
47,2018,3,96.4559622529232
47,2018,4,97.4313017999284
47,2018,5,96.3900101623398
47,2018,6,95.7169703858578
47,2018,7,95.631239818054
47,2018,8,96.0091030051878
47,2018,9,96.301451710055
47,2018,10,96.4913380216726
47,2018,11,96.8617718553483
47,2018,12,97.630707491615
47,2019,1,96.1957371039847
47,2019,2,96.9823557192581
47,2019,3,96.3952755656972
47,2019,4,97.1633238840144
47,2019,5,96.0259389962657
47,2019,6,96.0303549994067
47,2019,7,95.3324996078207
47,2019,8,97.1514449065248
47,2019,9,96.5960952329077
47,2019,10,96.7247298021241
47,2019,11,97.0101474735961
47,2019,12,96.3784400425201
48,1982,1,94.0185427604641
48,1982,2,94.0742783369416
48,1982,3,94.1505924850715
48,1982,4,93.6183196458929
48,1982,5,93.1968326826561
48,1982,6,91.369730615109
48,1982,7,92.3744399937994
48,1982,8,93.2337317916248
48,1982,9,92.0552140121268
48,1982,10,92.5032487538511
48,1982,11,92.5318072579904
48,1982,12,92.3483112580685
48,1983,1,91.1939410312413
48,1983,2,90.879001126369
48,1983,3,90.7466106469585
48,1983,4,91.4151106278572
48,1983,5,91.818391294192
48,1983,6,91.2196029186146
48,1983,7,91.2425442455763
48,1983,8,92.3848901007433
48,1983,9,91.6547787568802
48,1983,10,93.6085548946108
48,1983,11,93.2728292402183
48,1983,12,93.0945647925627
48,1984,1,92.7491540280749
48,1984,2,94.0239580566881
48,1984,3,93.2884825711355
48,1984,4,93.4766119992855
48,1984,5,94.334176833467
48,1984,6,93.9673392088388
48,1984,7,93.5697946653418
48,1984,8,94.5513701834536
48,1984,9,94.0033857347928
48,1984,10,94.7175966066111
48,1984,11,94.3755752555989
48,1984,12,94.2877325218664
48,1985,1,92.855613148158
48,1985,2,92.5354968103173
48,1985,3,92.5380304902117
48,1985,4,93.4077546877228
48,1985,5,93.2641938400022
48,1985,6,92.0125304520139
48,1985,7,92.0618738213078
48,1985,8,92.9813566182436
48,1985,9,92.8360044034633
48,1985,10,92.5328468655132
48,1985,11,93.5412502252366
48,1985,12,93.442066542111
48,1986,1,92.8227306562105
48,1986,2,90.7987241585334
48,1986,3,91.3981640967272
48,1986,4,91.545154238386
48,1986,5,90.4358063547213
48,1986,6,88.6779603140506
48,1986,7,90.8023699119708
48,1986,8,90.9477421489374
48,1986,9,90.9256673675748
48,1986,10,91.1046134951975
48,1986,11,90.9669054907343
48,1986,12,91.1117080607568
48,1987,1,89.9684461801606
48,1987,2,90.5625395582421
48,1987,3,91.5609515627509
48,1987,4,91.342312887588
48,1987,5,91.0545750687806
48,1987,6,90.3704932338693
48,1987,7,91.2750770389022
48,1987,8,91.7295701343589
48,1987,9,91.3691112938406
48,1987,10,92.5634290968719
48,1987,11,92.1611453403972
48,1987,12,93.2316918136089
48,1988,1,91.4172514882583
48,1988,2,91.1049270860073
48,1988,3,91.2793803810522
48,1988,4,92.7115641618797
48,1988,5,92.7585776296777
48,1988,6,91.699355061775
48,1988,7,93.0525630907482
48,1988,8,92.8076784709598
48,1988,9,92.6850979783505
48,1988,10,93.1754681194239
48,1988,11,93.3077532901163
48,1988,12,93.5044084172245
48,1989,1,92.0655580226449
48,1989,2,92.4311056240806
48,1989,3,93.3437578727184
48,1989,4,92.9290224905757
48,1989,5,93.9446654533681
48,1989,6,92.8237548902902
48,1989,7,92.5350438832372
48,1989,8,92.6806174263982
48,1989,9,93.5230099616028
48,1989,10,93.846216401545
48,1989,11,93.0987151670213
48,1989,12,93.9879189429846
48,1990,1,93.7906924330464
48,1990,2,92.6504790240839
48,1990,3,93.9951098503247
48,1990,4,93.6753130277133
48,1990,5,93.6620327158046
48,1990,6,93.2083469838722
48,1990,7,93.3164135201127
48,1990,8,93.6810637435084
48,1990,9,93.636533340509
48,1990,10,94.6773545755264
48,1990,11,92.6949418396208
48,1990,12,93.2685123326641
48,1991,1,92.6226699303694
48,1991,2,93.4687906533104
48,1991,3,93.3502477376589
48,1991,4,92.751258110073
48,1991,5,93.3276558144542
48,1991,6,93.4257533558827
48,1991,7,92.8335115309985
48,1991,8,93.2477613388777
48,1991,9,93.2877516274329
48,1991,10,92.3801998607418
48,1991,11,92.9416500062679
48,1991,12,92.9933869827938
48,1992,1,91.2876477147721
48,1992,2,91.7658430348859
48,1992,3,92.5109882120825
48,1992,4,92.4360003855164
48,1992,5,92.5686490421808
48,1992,6,91.5201417388765
48,1992,7,92.2731973504299
48,1992,8,93.0578442105042
48,1992,9,92.1511837320388
48,1992,10,92.7584911545983
48,1992,11,91.8442583999673
48,1992,12,91.9828259682838
48,1993,1,90.9853111352249
48,1993,2,91.6151065239765
48,1993,3,93.0188233083463
48,1993,4,92.7942972627877
48,1993,5,93.0698481508457
48,1993,6,92.0718422858419
48,1993,7,92.4187914700776
48,1993,8,93.1087122985118
48,1993,9,93.4449953582018
48,1993,10,92.9296976119806
48,1993,11,93.0555366701354
48,1993,12,93.4545167984687
48,1994,1,93.1310764750605
48,1994,2,92.3588325669492
48,1994,3,92.7327957332078
48,1994,4,93.6715968324885
48,1994,5,93.62336383452
48,1994,6,93.0500118645244
48,1994,7,93.538431050721
48,1994,8,94.0542154656256
48,1994,9,94.0856184207813
48,1994,10,94.56344288535
48,1994,11,94.2787259032203
48,1994,12,94.4204188894579
48,1995,1,93.661195362994
48,1995,2,94.2782343150586
48,1995,3,94.3224026303508
48,1995,4,93.8975643656568
48,1995,5,94.0316857325295
48,1995,6,92.76993876114
48,1995,7,93.4494023966333
48,1995,8,93.3435442023566
48,1995,9,94.0227178560566
48,1995,10,94.0788001061921
48,1995,11,93.729424226391
48,1995,12,93.6693009952189
48,1996,1,92.9217972595293
48,1996,2,93.8915518484859
48,1996,3,93.9260184544872
48,1996,4,94.2365349354585
48,1996,5,94.473299699651
48,1996,6,93.4542861817546
48,1996,7,94.098272597625
48,1996,8,94.3724587042464
48,1996,9,94.99416162126
48,1996,10,95.070747159187
48,1996,11,94.0225703037638
48,1996,12,94.8926285856182
48,1997,1,94.2967661750341
48,1997,2,93.2280578492523
48,1997,3,93.3710231436805
48,1997,4,95.0260647946395
48,1997,5,94.8295989664893
48,1997,6,94.1324355799447
48,1997,7,94.0037291110482
48,1997,8,94.6443701332145
48,1997,9,94.9711472182001
48,1997,10,94.7477776590286
48,1997,11,95.3524288131943
48,1997,12,95.5572804398235
48,1998,1,94.6834602668117
48,1998,2,95.532111461894
48,1998,3,95.3156228832574
48,1998,4,95.8784794383463
48,1998,5,95.6019559248709
48,1998,6,93.7276215449855
48,1998,7,94.4453076445236
48,1998,8,94.3240548480304
48,1998,9,94.9019580446142
48,1998,10,95.4119277986609
48,1998,11,95.9563812292033
48,1998,12,95.2380212700418
48,1999,1,94.8061858743516
48,1999,2,95.3550927322246
48,1999,3,95.7990363191393
48,1999,4,95.3764846818283
48,1999,5,94.9158926963876
48,1999,6,94.8780227409586
48,1999,7,95.003358689615
48,1999,8,95.6459026196694
48,1999,9,95.0578137832339
48,1999,10,95.0155623342102
48,1999,11,95.7628879346537
48,1999,12,95.0630024720339
48,2000,1,95.3857588692035
48,2000,2,95.1103688899597
48,2000,3,95.0020095393225
48,2000,4,95.6624221752149
48,2000,5,95.6510552120825
48,2000,6,95.2119172188553
48,2000,7,95.6817659252188
48,2000,8,95.5218074681469
48,2000,9,95.6488215677571
48,2000,10,95.9551952704633
48,2000,11,95.9866367074207
48,2000,12,96.8407093491632
48,2001,1,95.9162550327786
48,2001,2,96.3191333381737
48,2001,3,95.1884616930495
48,2001,4,95.4336507400996
48,2001,5,95.4828233861834
48,2001,6,94.5153349322632
48,2001,7,94.3933460042631
48,2001,8,94.5490926189786
48,2001,9,94.7416674279695
48,2001,10,94.7875405977673
48,2001,11,94.8216094165892
48,2001,12,94.5959471795738
48,2002,1,93.7371526112587
48,2002,2,93.7432961047807
48,2002,3,94.2714877251028
48,2002,4,93.5195526051958
48,2002,5,93.7729575104237
48,2002,6,92.9921142860119
48,2002,7,92.9774977034383
48,2002,8,93.1868954878528
48,2002,9,93.4673404058937
48,2002,10,93.6888323020852
48,2002,11,93.7820661913946
48,2002,12,94.4623177507275
48,2003,1,92.3667946195778
48,2003,2,92.9510429633179
48,2003,3,93.1553263109303
48,2003,4,93.7984798879577
48,2003,5,92.8083663604927
48,2003,6,92.3779863129726
48,2003,7,92.6821542630385
48,2003,8,92.5547762297085
48,2003,9,93.2576670290841
48,2003,10,93.7712128561574
48,2003,11,93.9594424087281
48,2003,12,93.7815673580818
48,2004,1,92.7468378098717
48,2004,2,94.0714353795491
48,2004,3,93.503584577118
48,2004,4,94.4873418202383
48,2004,5,94.5579157365356
48,2004,6,93.8137599300135
48,2004,7,93.4225281020423
48,2004,8,93.9577878857113
48,2004,9,94.770797989104
48,2004,10,94.1810546544582
48,2004,11,94.0855992365459
48,2004,12,93.923354226945
48,2005,1,93.6582200306199
48,2005,2,93.8330974752179
48,2005,3,94.7296229451433
48,2005,4,95.0050398691012
48,2005,5,94.7214072579386
48,2005,6,94.9463874716812
48,2005,7,94.8002081308108
48,2005,8,94.4724886444833
48,2005,9,94.2265007435822
48,2005,10,94.2479206367255
48,2005,11,94.1429672708037
48,2005,12,94.4314749191793
48,2006,1,94.5205745285933
48,2006,2,94.7127246156849
48,2006,3,95.0737180165241
48,2006,4,95.2577094253517
48,2006,5,95.0858669882753
48,2006,6,94.561360314287
48,2006,7,94.6748425613466
48,2006,8,94.9244689089132
48,2006,9,95.4239868682719
48,2006,10,94.8946637724789
48,2006,11,95.5498826192682
48,2006,12,96.0246900936305
48,2007,1,95.021488647267
48,2007,2,94.9795625049977
48,2007,3,95.7823922597032
48,2007,4,96.2734394242066
48,2007,5,96.5379020111376
48,2007,6,95.4096714702794
48,2007,7,94.9817486314718
48,2007,8,96.1732510020869
48,2007,9,95.0979173899307
48,2007,10,96.2639693486214
48,2007,11,95.4800231594741
48,2007,12,95.3174853650385
48,2008,1,95.2505803737298
48,2008,2,95.6236917235894
48,2008,3,95.7496729706788
48,2008,4,96.0446386403799
48,2008,5,95.6679311454589
48,2008,6,95.2675196119647
48,2008,7,94.5656690608958
48,2008,8,94.4322096779167
48,2008,9,93.9283506612901
48,2008,10,94.5477967336909
48,2008,11,94.6207379531123
48,2008,12,94.6287362363294
48,2009,1,93.2396871076849
48,2009,2,93.7604691634846
48,2009,3,93.3379244312132
48,2009,4,93.7945166892082
48,2009,5,92.8648634639268
48,2009,6,91.2988133250995
48,2009,7,90.7756582803885
48,2009,8,90.9756568597697
48,2009,9,90.9198876481401
48,2009,10,91.9221447491454
48,2009,11,92.570082707382
48,2009,12,92.2787013107377
48,2010,1,91.5582518635269
48,2010,2,92.4117129408136
48,2010,3,92.1887168662654
48,2010,4,91.5645300950753
48,2010,5,92.0458029717739
48,2010,6,91.6741452524386
48,2010,7,91.9091804304546
48,2010,8,91.8685312447907
48,2010,9,92.6791424786679
48,2010,10,91.7986150215952
48,2010,11,91.5088676798955
48,2010,12,92.1338588090824
48,2011,1,91.6329916317266
48,2011,2,92.1917844668743
48,2011,3,91.8282419650014
48,2011,4,92.6580409819026
48,2011,5,92.1034803551771
48,2011,6,91.0426078617854
48,2011,7,91.1706888523652
48,2011,8,92.0157804608132
48,2011,9,91.9464978559501
48,2011,10,92.5740433240173
48,2011,11,93.3238543612921
48,2011,12,93.2934628431718
48,2012,1,92.4504660430432
48,2012,2,93.298186990307
48,2012,3,92.9468264486091
48,2012,4,93.8166225029191
48,2012,5,93.0349441110051
48,2012,6,92.2777920878603
48,2012,7,92.3746996997676
48,2012,8,92.9871801423128
48,2012,9,93.8543141927324
48,2012,10,93.7527794582383
48,2012,11,94.2606880138472
48,2012,12,93.6928808482409
48,2013,1,92.8481669226738
48,2013,2,93.6493814822053
48,2013,3,93.6011538517034
48,2013,4,93.7411233109317
48,2013,5,93.5170291822
48,2013,6,93.5505718916294
48,2013,7,93.4150948410338
48,2013,8,94.0406102184569
48,2013,9,93.5561158492926
48,2013,10,94.2758927744144
48,2013,11,94.1344423755709
48,2013,12,94.338310885461
48,2014,1,94.4993328291708
48,2014,2,93.8166709393916
48,2014,3,94.9784387590907
48,2014,4,95.3051582127658
48,2014,5,95.0198853055175
48,2014,6,94.5935947908758
48,2014,7,94.3758069663414
48,2014,8,94.5041593571328
48,2014,9,95.1119596074097
48,2014,10,95.0405986912428
48,2014,11,95.4522807335528
48,2014,12,96.0381277733423
48,2015,1,95.2915437351682
48,2015,2,95.7382996230053
48,2015,3,95.5573393991554
48,2015,4,96.1125452629208
48,2015,5,96.024990554593
48,2015,6,95.5831431959664
48,2015,7,95.0220487474335
48,2015,8,95.1653460495637
48,2015,9,95.2159327105409
48,2015,10,95.1471654394613
48,2015,11,95.2369367084625
48,2015,12,95.8393097186464
48,2016,1,95.592621538059
48,2016,2,95.998093005351
48,2016,3,95.3847495567084
48,2016,4,95.8054692596163
48,2016,5,95.8687693621492
48,2016,6,95.2347211225318
48,2016,7,94.4383877045418
48,2016,8,94.7226885725651
48,2016,9,95.1438720619173
48,2016,10,95.8206257763815
48,2016,11,95.7102407157005
48,2016,12,94.8051044964123
48,2017,1,95.0276248105055
48,2017,2,94.4178349658457
48,2017,3,94.764417245567
48,2017,4,95.7521942690664
48,2017,5,95.8678957363021
48,2017,6,95.4884747567575
48,2017,7,95.9360278186796
48,2017,8,95.0190029118069
48,2017,9,96.0372153419834
48,2017,10,96.4572421393885
48,2017,11,95.8696842728632
48,2017,12,96.1337597653966
48,2018,1,95.7349999698924
48,2018,2,95.7561703920058
48,2018,3,95.7310409725061
48,2018,4,96.2828365684661
48,2018,5,96.1038835630513
48,2018,6,95.9725857150007
48,2018,7,96.21007578245
48,2018,8,95.8594956984334
48,2018,9,96.0894012966073
48,2018,10,96.7671332203612
48,2018,11,96.5022074888985
48,2018,12,96.4716959543657
48,2019,1,95.6174344638901
48,2019,2,95.9914893657836
48,2019,3,96.8549840970428
48,2019,4,96.9610532078901
48,2019,5,97.2393859545939
48,2019,6,96.0370997960144
48,2019,7,96.1844317330088
48,2019,8,96.2971935423599
48,2019,9,96.5592458329408
48,2019,10,96.6187242067816
48,2019,11,96.7145397386535
48,2019,12,96.506804282682
49,1982,1,92.5063971446802
49,1982,2,91.0219076369143
49,1982,3,93.2234930162738
49,1982,4,92.8418429357891
49,1982,5,93.9351818744024
49,1982,6,91.8140682799956
49,1982,7,91.3727570406286
49,1982,8,91.5645321992011
49,1982,9,91.4680123117853
49,1982,10,91.775055448025
49,1982,11,92.0894906974123
49,1982,12,91.8186586379799
49,1983,1,88.4556463293538
49,1983,2,87.7277160504611
49,1983,3,88.4005154571748
49,1983,4,89.4792486025002
49,1983,5,90.2632190264894
49,1983,6,90.5294305506692
49,1983,7,90.8139185483775
49,1983,8,91.4396288314449
49,1983,9,93.32250188347
49,1983,10,92.6500932146937
49,1983,11,93.1686312669528
49,1983,12,92.419687387868
49,1984,1,92.4485465149434
49,1984,2,91.8750658007801
49,1984,3,91.394951511065
49,1984,4,91.9390742338108
49,1984,5,93.3079818755984
49,1984,6,93.8877166698657
49,1984,7,95.2139983739336
49,1984,8,94.1569554515815
49,1984,9,95.1532762896109
49,1984,10,93.0797936802567
49,1984,11,93.5335828953045
49,1984,12,93.5293193990576
49,1985,1,92.8751360736573
49,1985,2,91.3070924988332
49,1985,3,92.861896803383
49,1985,4,94.7896073405507
49,1985,5,94.6264476949749
49,1985,6,94.7392231864878
49,1985,7,94.1739924334924
49,1985,8,94.078175416412
49,1985,9,94.0597770854193
49,1985,10,95.1682920188407
49,1985,11,95.4394282106153
49,1985,12,94.7825519232651
49,1986,1,94.273251166333
49,1986,2,92.9717071038367
49,1986,3,93.4703316402019
49,1986,4,94.2977215382181
49,1986,5,94.2605423070903
49,1986,6,93.1903372407105
49,1986,7,94.5360065334942
49,1986,8,93.3408811912174
49,1986,9,93.9694464126763
49,1986,10,93.8077444441101
49,1986,11,93.2454729519083
49,1986,12,92.5335151725436
49,1987,1,92.9075619296662
49,1987,2,91.6360728545224
49,1987,3,91.7950808167056
49,1987,4,93.2567525198432
49,1987,5,93.2872253506103
49,1987,6,92.5147582891317
49,1987,7,93.3777506177065
49,1987,8,93.1267884899654
49,1987,9,95.0265250000404
49,1987,10,95.2941967193684
49,1987,11,93.8865477656764
49,1987,12,93.62671821856
49,1988,1,93.2372166922982
49,1988,2,92.8718369159969
49,1988,3,95.50797707815
49,1988,4,95.5766785315087
49,1988,5,95.2992329647476
49,1988,6,95.0729144797559
49,1988,7,95.5570284907328
49,1988,8,94.1873112312097
49,1988,9,95.6561191207009
49,1988,10,95.7650492119025
49,1988,11,95.0481440651098
49,1988,12,97.111714286341
49,1989,1,94.9931016134928
49,1989,2,94.6474322104779
49,1989,3,93.3900889631152
49,1989,4,94.7088337998462
49,1989,5,94.3656994517478
49,1989,6,94.7716829876862
49,1989,7,95.6013292171455
49,1989,8,95.2051040189022
49,1989,9,96.2172646676668
49,1989,10,95.9707724595839
49,1989,11,95.302503273537
49,1989,12,96.0976005855876
49,1990,1,95.4024255061387
49,1990,2,95.2652994012588
49,1990,3,94.2293372086812
49,1990,4,94.3986726026563
49,1990,5,96.1801045213542
49,1990,6,95.1854083012468
49,1990,7,95.9114656558558
49,1990,8,95.5776900777181
49,1990,9,95.9736591473405
49,1990,10,96.3929485952752
49,1990,11,96.1054476045908
49,1990,12,96.7521500483058
49,1991,1,95.0192242208854
49,1991,2,94.6914877111864
49,1991,3,94.4891897368913
49,1991,4,94.7524385189213
49,1991,5,96.0406099930616
49,1991,6,92.4892889356693
49,1991,7,94.2291132761325
49,1991,8,95.0416704909009
49,1991,9,95.1952435623316
49,1991,10,96.737593141803
49,1991,11,94.9565429885327
49,1991,12,95.4765357828181
49,1992,1,95.2831303740372
49,1992,2,94.1535227360719
49,1992,3,93.3845073570636
49,1992,4,93.2727908526208
49,1992,5,94.6852542706856
49,1992,6,93.9486889291034
49,1992,7,95.2478256049703
49,1992,8,94.8222633963714
49,1992,9,95.4629651970859
49,1992,10,95.6078119846614
49,1992,11,94.8125742862785
49,1992,12,94.9373772692256
49,1993,1,95.2540896393513
49,1993,2,96.7520928675855
49,1993,3,95.9643564257521
49,1993,4,95.9259736892794
49,1993,5,95.432652858319
49,1993,6,94.5150616726011
49,1993,7,95.901591531098
49,1993,8,96.3648978690385
49,1993,9,96.1446306996476
49,1993,10,96.9980046744604
49,1993,11,96.433231298325
49,1993,12,96.1333952123219
49,1994,1,96.6389798578155
49,1994,2,95.8873046115961
49,1994,3,95.9644194208181
49,1994,4,95.9835753625225
49,1994,5,96.1059803439589
49,1994,6,96.7832746318616
49,1994,7,95.4374652132282
49,1994,8,96.258114602768
49,1994,9,96.5825017796457
49,1994,10,95.7165565552907
49,1994,11,95.2959427392867
49,1994,12,96.7844114895264
49,1995,1,95.2423371618467
49,1995,2,94.5723282759608
49,1995,3,97.4455362527576
49,1995,4,95.5158941220871
49,1995,5,95.6337314265654
49,1995,6,95.4990192186721
49,1995,7,96.481188663185
49,1995,8,96.399156925216
49,1995,9,97.3439425695016
49,1995,10,96.8642406642418
49,1995,11,97.3730776785388
49,1995,12,97.1286478771661
49,1996,1,95.6835062826669
49,1996,2,96.2461350996255
49,1996,3,96.3666464690288
49,1996,4,96.7848986825491
49,1996,5,95.8846794042927
49,1996,6,94.9922217247829
49,1996,7,96.5854813097514
49,1996,8,97.1438208998825
49,1996,9,96.9070868290261
49,1996,10,96.357410702331
49,1996,11,96.7806886729946
49,1996,12,96.847399249957
49,1997,1,95.9270220214059
49,1997,2,95.7280009752963
49,1997,3,97.0704699663869
49,1997,4,96.462802849229
49,1997,5,96.7608913730694
49,1997,6,96.1036938642432
49,1997,7,96.7143674490168
49,1997,8,96.379281068296
49,1997,9,97.4814196772346
49,1997,10,96.3648420865245
49,1997,11,96.7328856483195
49,1997,12,97.2448440634985
49,1998,1,96.5853236946791
49,1998,2,96.2858110552078
49,1998,3,94.8610488761835
49,1998,4,95.9966243857043
49,1998,5,96.8837284809891
49,1998,6,95.4671600397751
49,1998,7,94.2301524037864
49,1998,8,96.027272031199
49,1998,9,96.3441507969057
49,1998,10,97.5152056994883
49,1998,11,97.8941448154308
49,1998,12,97.1751806841685
49,1999,1,95.9157103610691
49,1999,2,96.1833028463747
49,1999,3,95.7974293599697
49,1999,4,97.0158280508098
49,1999,5,96.1020811015204
49,1999,6,94.5862617918833
49,1999,7,95.2167970157108
49,1999,8,95.548449313456
49,1999,9,96.2315939678987
49,1999,10,96.5522020010327
49,1999,11,97.7417818325342
49,1999,12,98.041744927648
49,2000,1,97.5173623376287
49,2000,2,96.2077710200239
49,2000,3,96.6707865909513
49,2000,4,97.5514317514414
49,2000,5,96.4892763601859
49,2000,6,95.7106999512543
49,2000,7,95.8990730827572
49,2000,8,95.6450117496539
49,2000,9,96.21826116232
49,2000,10,96.5193851808182
49,2000,11,96.6861622649227
49,2000,12,96.8369626417673
49,2001,1,95.480569758072
49,2001,2,96.6179109879013
49,2001,3,96.2915758237542
49,2001,4,95.6806489951279
49,2001,5,95.0062692403868
49,2001,6,95.1969668414599
49,2001,7,95.1394865558358
49,2001,8,94.9408074571593
49,2001,9,95.2580908350649
49,2001,10,95.639285662967
49,2001,11,96.3946276191829
49,2001,12,95.7782401276146
49,2002,1,93.9666744274412
49,2002,2,92.8169870840867
49,2002,3,93.5147462971238
49,2002,4,94.1317938281768
49,2002,5,94.4525611931481
49,2002,6,94.1265120052792
49,2002,7,93.1839406833833
49,2002,8,93.599763654246
49,2002,9,93.1232657379351
49,2002,10,94.5526125604038
49,2002,11,93.5499364390713
49,2002,12,94.0202234935912
49,2003,1,94.1261917645856
49,2003,2,93.260540249968
49,2003,3,91.4051764966837
49,2003,4,94.9440229381015
49,2003,5,93.8933707049896
49,2003,6,93.3742792071871
49,2003,7,94.6156414791269
49,2003,8,94.657441530713
49,2003,9,94.8983498933232
49,2003,10,95.5744467668342
49,2003,11,94.75728035811
49,2003,12,95.1753571023809
49,2004,1,92.7980755256359
49,2004,2,93.506560071155
49,2004,3,93.2643466446754
49,2004,4,95.2663923955967
49,2004,5,94.8445480753084
49,2004,6,93.5163990161107
49,2004,7,93.777639994218
49,2004,8,94.6961423407384
49,2004,9,95.2921219117193
49,2004,10,95.305166348122
49,2004,11,96.3332275440765
49,2004,12,96.2659563902287
49,2005,1,95.1257157498758
49,2005,2,95.3430285956347
49,2005,3,95.2586445780419
49,2005,4,95.2010824883343
49,2005,5,95.4665237299091
49,2005,6,95.3213241076904
49,2005,7,95.8260049659716
49,2005,8,96.2909217551026
49,2005,9,95.7583316958813
49,2005,10,96.2802409362426
49,2005,11,97.2740516452679
49,2005,12,96.5902063718242
49,2006,1,95.5497688302529
49,2006,2,95.4119284993798
49,2006,3,96.7926502894125
49,2006,4,96.8486036606145
49,2006,5,96.7143752213749
49,2006,6,97.4370437753823
49,2006,7,96.3637104289915
49,2006,8,96.7563069251598
49,2006,9,97.9017902072758
49,2006,10,98.0346977688992
49,2006,11,97.6626003975928
49,2006,12,97.7403765110532
49,2007,1,96.9011949655813
49,2007,2,97.7292202292412
49,2007,3,97.0598992237737
49,2007,4,97.0845106901534
49,2007,5,97.6999758620968
49,2007,6,96.7953128642966
49,2007,7,97.1627177558036
49,2007,8,97.1964910285841
49,2007,9,97.2241859086554
49,2007,10,97.530766509294
49,2007,11,97.4717690381807
49,2007,12,96.8420517726676
49,2008,1,96.8227150804859
49,2008,2,96.7040953796556
49,2008,3,95.4014923762061
49,2008,4,97.0973237049403
49,2008,5,97.3097840570531
49,2008,6,96.5246220742284
49,2008,7,95.9212095149021
49,2008,8,96.0127953720807
49,2008,9,96.997041997802
49,2008,10,97.0771275259684
49,2008,11,96.2134466691775
49,2008,12,94.3197013072897
49,2009,1,93.9299762930237
49,2009,2,92.4899434167
49,2009,3,93.3643929683494
49,2009,4,93.7321753481278
49,2009,5,93.6203220907099
49,2009,6,92.2480658813626
49,2009,7,91.2463983080246
49,2009,8,92.1189969572889
49,2009,9,91.7053574433948
49,2009,10,91.426419317547
49,2009,11,94.237853528936
49,2009,12,91.879888260314
49,2010,1,90.8433111903879
49,2010,2,89.9931666954549
49,2010,3,91.8055942125472
49,2010,4,91.5693141286894
49,2010,5,91.1508697752401
49,2010,6,92.1712733623075
49,2010,7,91.6850465778843
49,2010,8,90.1226376907826
49,2010,9,93.0246684688345
49,2010,10,91.2875036308032
49,2010,11,93.4760816243761
49,2010,12,92.6577740141491
49,2011,1,90.4738783696986
49,2011,2,91.4809565289519
49,2011,3,93.2633653548977
49,2011,4,93.1611330479208
49,2011,5,90.7820919398551
49,2011,6,92.3900070140324
49,2011,7,91.4278139765694
49,2011,8,92.6858486799
49,2011,9,94.0232802840942
49,2011,10,95.0857458174722
49,2011,11,95.5652214998732
49,2011,12,95.3819334321626
49,2012,1,93.3984246548649
49,2012,2,93.119605870817
49,2012,3,92.5757095228525
49,2012,4,92.5036328432744
49,2012,5,94.4426603741155
49,2012,6,93.2972688574487
49,2012,7,94.1431474863241
49,2012,8,95.9001610573464
49,2012,9,96.4979846136971
49,2012,10,94.2084382128376
49,2012,11,94.6396744446454
49,2012,12,93.9106510904407
49,2013,1,94.8621851246117
49,2013,2,95.4163723042183
49,2013,3,96.2535132802492
49,2013,4,95.9992148114287
49,2013,5,95.3725866306431
49,2013,6,94.0806797498107
49,2013,7,96.149732442592
49,2013,8,94.6990139580042
49,2013,9,95.0112601242718
49,2013,10,95.4218550431834
49,2013,11,96.4207347610694
49,2013,12,96.0781278624659
49,2014,1,95.543865193816
49,2014,2,95.2161541443922
49,2014,3,94.7862379414409
49,2014,4,97.9275076533489
49,2014,5,97.1914420972899
49,2014,6,94.605403952185
49,2014,7,95.3714582030496
49,2014,8,96.4690266457186
49,2014,9,96.1786935242624
49,2014,10,95.5529225413106
49,2014,11,96.4258253941999
49,2014,12,96.9163939829021
49,2015,1,96.1931361615274
49,2015,2,95.9715241165723
49,2015,3,96.5663062868424
49,2015,4,96.9405863533844
49,2015,5,96.2390507761865
49,2015,6,96.3438206103455
49,2015,7,95.4053883833848
49,2015,8,96.3034641633021
49,2015,9,96.9066223753329
49,2015,10,96.7104213719635
49,2015,11,96.7656080076639
49,2015,12,97.2583243039433
49,2016,1,96.0282954930266
49,2016,2,95.7622881706878
49,2016,3,96.1465905587131
49,2016,4,94.9802863308839
49,2016,5,95.951895154023
49,2016,6,95.9652900910039
49,2016,7,96.8589574209559
49,2016,8,97.7957031562435
49,2016,9,97.3417544801148
49,2016,10,96.0260739249214
49,2016,11,97.4837705530269
49,2016,12,95.8094265924405
49,2017,1,96.9300939518102
49,2017,2,95.7290818267852
49,2017,3,95.8089213084934
49,2017,4,95.8484988980978
49,2017,5,96.6969685528415
49,2017,6,94.4477153582408
49,2017,7,96.8727935973002
49,2017,8,96.0733194917581
49,2017,9,96.7698788364428
49,2017,10,97.6851053669429
49,2017,11,96.7638641214908
49,2017,12,97.1444396589168
49,2018,1,97.1631508258877
49,2018,2,96.2783223728966
49,2018,3,95.7680204022935
49,2018,4,96.9387030693023
49,2018,5,97.5160941794871
49,2018,6,95.2985006106377
49,2018,7,97.0161916636259
49,2018,8,95.9829189921426
49,2018,9,96.7885133973762
49,2018,10,97.8309837532671
49,2018,11,96.1418771446008
49,2018,12,97.5768216197932
49,2019,1,97.1018496108179
49,2019,2,97.1518319727531
49,2019,3,96.9233570426687
49,2019,4,97.4131807371407
49,2019,5,97.1871841201261
49,2019,6,96.7693016967615
49,2019,7,96.6193857431398
49,2019,8,97.4698038190205
49,2019,9,98.1351307349971
49,2019,10,98.4388856936802
49,2019,11,97.5252278314638
49,2019,12,96.8486746491813
50,1982,1,91.0483842464444
50,1982,2,91.609582977049
50,1982,3,93.0995956449829
50,1982,4,93.2827146846877
50,1982,5,93.3868885029262
50,1982,6,94.2738116997968
50,1982,7,93.4173282226301
50,1982,8,93.4818357678488
50,1982,9,94.0537133438756
50,1982,10,94.9719606486604
50,1982,11,93.1383267686354
50,1982,12,92.9973628026399
50,1983,1,90.0159804411778
50,1983,2,90.9898107932802
50,1983,3,91.0101846015734
50,1983,4,89.9212854116041
50,1983,5,91.523692091672
50,1983,6,93.4875031403805
50,1983,7,94.6091677471915
50,1983,8,94.639672017677
50,1983,9,94.4621924506822
50,1983,10,94.3695753581175
50,1983,11,95.2435840759174
50,1983,12,93.0391720205552
50,1984,1,91.6261859633069
50,1984,2,92.3918111567008
50,1984,3,92.3382742454774
50,1984,4,92.9980982735389
50,1984,5,95.4134859100306
50,1984,6,95.0147637324188
50,1984,7,96.6154413627095
50,1984,8,95.5445713246351
50,1984,9,95.2990487140371
50,1984,10,95.729511452403
50,1984,11,94.6391480707574
50,1984,12,95.7756862298781
50,1985,1,94.5959602763501
50,1985,2,94.298526679406
50,1985,3,93.7362363594987
50,1985,4,93.4625723808247
50,1985,5,95.6217155772986
50,1985,6,94.1864405660411
50,1985,7,95.2941219152289
50,1985,8,94.3375247783509
50,1985,9,96.2099716296301
50,1985,10,95.9481234479623
50,1985,11,96.1096562394225
50,1985,12,96.26144078083
50,1986,1,93.4529929664705
50,1986,2,94.3261574921463
50,1986,3,94.7213186829692
50,1986,4,94.6200172590309
50,1986,5,93.3270463535803
50,1986,6,96.1852181074371
50,1986,7,96.2401407844395
50,1986,8,96.2941179488869
50,1986,9,95.909667742405
50,1986,10,95.7453930787871
50,1986,11,94.0636795993394
50,1986,12,95.8831671334631
50,1987,1,94.8609579170515
50,1987,2,95.9850806992463
50,1987,3,95.679963887698
50,1987,4,95.9726025194449
50,1987,5,95.6856083834688
50,1987,6,96.1318576244879
50,1987,7,97.1245112808075
50,1987,8,96.6670697665044
50,1987,9,96.4880571025531
50,1987,10,97.0414335414201
50,1987,11,97.4520079698485
50,1987,12,97.0381846578361
50,1988,1,95.5695313045568
50,1988,2,95.8066391092652
50,1988,3,96.1546227812679
50,1988,4,97.3564059484796
50,1988,5,97.7521987960243
50,1988,6,97.7006101811304
50,1988,7,97.5468474411387
50,1988,8,97.9354373030092
50,1988,9,97.4091137675973
50,1988,10,96.9531193205683
50,1988,11,96.2042844109921
50,1988,12,97.9115286641928
50,1989,1,96.029972272322
50,1989,2,96.508526932585
50,1989,3,95.6704599271243
50,1989,4,95.3314366121905
50,1989,5,96.9633182010198
50,1989,6,96.1185040456345
50,1989,7,96.2645342861886
50,1989,8,96.5808807003074
50,1989,9,97.0046123619768
50,1989,10,96.5272209677601
50,1989,11,96.0848671199939
50,1989,12,96.6161106156563
50,1990,1,96.1273922512403
50,1990,2,95.5785135661363
50,1990,3,94.4459647611198
50,1990,4,95.6755972797925
50,1990,5,95.8610426184588
50,1990,6,95.7399415427261
50,1990,7,95.5421061945812
50,1990,8,95.2893965206522
50,1990,9,95.3357973053189
50,1990,10,95.4357625248047
50,1990,11,92.8275578111291
50,1990,12,92.921096124266
50,1991,1,91.2996684125467
50,1991,2,92.450544277574
50,1991,3,93.7258253919654
50,1991,4,92.4044294649286
50,1991,5,93.0305272200696
50,1991,6,93.4348200048609
50,1991,7,93.8736408013817
50,1991,8,95.8915240803694
50,1991,9,95.6016770812321
50,1991,10,95.7914730923237
50,1991,11,93.7268162520256
50,1991,12,94.0115661053562
50,1992,1,92.5004864525019
50,1992,2,93.1749039159997
50,1992,3,92.9884211525824
50,1992,4,92.3221707722813
50,1992,5,91.7688799757756
50,1992,6,92.2515685325207
50,1992,7,93.2116678178392
50,1992,8,94.5203839172303
50,1992,9,94.755501547787
50,1992,10,94.8105253591611
50,1992,11,94.1602930881578
50,1992,12,93.8933380877124
50,1993,1,92.0379742119004
50,1993,2,92.0739573763443
50,1993,3,91.3187801188745
50,1993,4,92.0760176132019
50,1993,5,94.6260089704228
50,1993,6,95.5496050321834
50,1993,7,95.7903742957479
50,1993,8,96.9164889009783
50,1993,9,96.9054749435022
50,1993,10,96.0713020273551
50,1993,11,95.635257880237
50,1993,12,95.3187709675715
50,1994,1,93.9171241479394
50,1994,2,92.8680505509709
50,1994,3,94.39553760325
50,1994,4,96.0554758880113
50,1994,5,94.7960038040991
50,1994,6,96.0678048911844
50,1994,7,95.5672532291588
50,1994,8,95.0272725143545
50,1994,9,95.0993595706705
50,1994,10,95.4405546149972
50,1994,11,95.4194850883628
50,1994,12,95.7344657060532
50,1995,1,94.558537784716
50,1995,2,94.5447716181163
50,1995,3,94.6641223754493
50,1995,4,95.4745944380064
50,1995,5,97.2661654054301
50,1995,6,96.2115316646285
50,1995,7,95.7401444584139
50,1995,8,95.995617794674
50,1995,9,95.895478148023
50,1995,10,96.3604016983968
50,1995,11,95.5296721278503
50,1995,12,94.438257028802
50,1996,1,95.0767240476214
50,1996,2,95.3284596971763
50,1996,3,95.9040977760176
50,1996,4,95.207479048451
50,1996,5,94.9164115056812
50,1996,6,95.7022399657465
50,1996,7,94.759307969944
50,1996,8,95.6493223509668
50,1996,9,94.8756698875795
50,1996,10,95.4202154501077
50,1996,11,95.3546386141059
50,1996,12,95.8087785058436
50,1997,1,94.8588989032148
50,1997,2,95.5472762903536
50,1997,3,94.2022311119479
50,1997,4,95.3922911119028
50,1997,5,95.1400121405022
50,1997,6,97.5910601725518
50,1997,7,97.0230282189879
50,1997,8,97.0261594791832
50,1997,9,97.0983244125729
50,1997,10,97.0829693778841
50,1997,11,96.6723719986218
50,1997,12,95.2347919293075
50,1998,1,95.5447398907689
50,1998,2,96.8909284573189
50,1998,3,96.4112119647398
50,1998,4,95.8932380582984
50,1998,5,94.7589742491896
50,1998,6,94.8585695055414
50,1998,7,95.4628767986839
50,1998,8,98.9521228157035
50,1998,9,97.4788274671354
50,1998,10,97.6638948233999
50,1998,11,97.9126642929909
50,1998,12,97.0887518188459
50,1999,1,95.9544803997592
50,1999,2,95.1989111118268
50,1999,3,95.6255811809212
50,1999,4,97.1245544693844
50,1999,5,96.9695318291325
50,1999,6,97.0246485761572
50,1999,7,96.9542103680725
50,1999,8,97.3905419850422
50,1999,9,97.7452802288862
50,1999,10,97.864848903012
50,1999,11,97.9475548394895
50,1999,12,97.4322790463823
50,2000,1,96.0597636995804
50,2000,2,95.6043612086726
50,2000,3,97.9681980988089
50,2000,4,97.9783085572652
50,2000,5,97.7021643922945
50,2000,6,96.5528517278558
50,2000,7,97.494549579967
50,2000,8,96.9846096594992
50,2000,9,97.7688992736023
50,2000,10,97.9173323266445
50,2000,11,96.2219859550136
50,2000,12,97.715222224471
50,2001,1,97.2536406776166
50,2001,2,96.480337811789
50,2001,3,95.1453894494268
50,2001,4,94.6652221106691
50,2001,5,96.9124259096615
50,2001,6,96.3449055403893
50,2001,7,96.499281994595
50,2001,8,96.371425844446
50,2001,9,97.3179026100059
50,2001,10,97.4035660735794
50,2001,11,96.5147020672729
50,2001,12,95.5507799266224
50,2002,1,94.8391748038201
50,2002,2,96.4896768352591
50,2002,3,95.3071888444745
50,2002,4,95.1796431127009
50,2002,5,95.9517282965124
50,2002,6,96.4521657673998
50,2002,7,96.8873300012618
50,2002,8,96.8269671201762
50,2002,9,96.2618660585625
50,2002,10,96.7930119353888
50,2002,11,95.8367166092766
50,2002,12,96.2236716645543
50,2003,1,94.3880509228855
50,2003,2,94.3761238023364
50,2003,3,93.5300609007978
50,2003,4,94.3121074486573
50,2003,5,95.6746827433401
50,2003,6,95.3973294931208
50,2003,7,95.2028871031998
50,2003,8,96.6356987903954
50,2003,9,96.0743375860335
50,2003,10,96.1866174662108
50,2003,11,95.5692597151745
50,2003,12,95.8584633102618
50,2004,1,95.4234313911769
50,2004,2,95.0980463019506
50,2004,3,95.6457507241238
50,2004,4,95.4391739577729
50,2004,5,95.6367894316589
50,2004,6,96.251269358434
50,2004,7,96.6649142089253
50,2004,8,96.7055483507635
50,2004,9,96.388420785341
50,2004,10,97.4161285725218
50,2004,11,96.3576344969013
50,2004,12,96.3374266468623
50,2005,1,95.7552882089539
50,2005,2,95.8708221749303
50,2005,3,96.1428731927426
50,2005,4,96.3744233219484
50,2005,5,97.4760752440535
50,2005,6,95.909688016474
50,2005,7,96.1232691936297
50,2005,8,97.2847436479445
50,2005,9,96.7237435877303
50,2005,10,96.276842737375
50,2005,11,97.1306629009024
50,2005,12,96.5996725101916
50,2006,1,96.4193962633057
50,2006,2,96.0329199712723
50,2006,3,96.239646218912
50,2006,4,95.3333099664378
50,2006,5,97.3082100603853
50,2006,6,95.28384941089
50,2006,7,96.0524507807759
50,2006,8,96.090261866773
50,2006,9,96.4231315030333
50,2006,10,97.0836924539276
50,2006,11,96.1883763767073
50,2006,12,96.81112562025
50,2007,1,95.2307888892459
50,2007,2,95.6149497724302
50,2007,3,95.7272940413498
50,2007,4,95.4382851966256
50,2007,5,96.4778348452159
50,2007,6,95.7908219323342
50,2007,7,95.852819075929
50,2007,8,96.6194600238688
50,2007,9,95.62179427334
50,2007,10,95.5998819051658
50,2007,11,96.5291191243131
50,2007,12,97.0432269949282
50,2008,1,94.165360563737
50,2008,2,94.1554788252249
50,2008,3,94.2605640672476
50,2008,4,94.5678280301716
50,2008,5,95.2026150288941
50,2008,6,95.7469257954178
50,2008,7,95.5807781684006
50,2008,8,96.2162727523175
50,2008,9,94.5614012550497
50,2008,10,95.3473968057612
50,2008,11,94.2687169960042
50,2008,12,94.7896887550671
50,2009,1,93.8447516161596
50,2009,2,94.329337839908
50,2009,3,92.7163458576479
50,2009,4,92.8094276985319
50,2009,5,93.2235506005761
50,2009,6,93.1674858741411
50,2009,7,94.2076015214197
50,2009,8,93.1926663557963
50,2009,9,92.3490670136262
50,2009,10,94.195286128006
50,2009,11,93.6396042599904
50,2009,12,92.3806286748652
50,2010,1,92.9224393312233
50,2010,2,92.8093097658878
50,2010,3,92.4135819765957
50,2010,4,94.0491792022771
50,2010,5,94.3240889952232
50,2010,6,93.7041035201113
50,2010,7,93.9087124389547
50,2010,8,93.3914760531388
50,2010,9,95.4008487254249
50,2010,10,94.4706104181179
50,2010,11,93.9699801529043
50,2010,12,94.1265880368713
50,2011,1,93.6120929494415
50,2011,2,93.4324145506856
50,2011,3,93.7421683602622
50,2011,4,93.5421222986952
50,2011,5,93.7877697504517
50,2011,6,93.806054505226
50,2011,7,92.7745388982355
50,2011,8,92.9484746641234
50,2011,9,94.7903859028041
50,2011,10,96.7011043446949
50,2011,11,95.7703436644345
50,2011,12,94.6012329329152
50,2012,1,94.4324282429315
50,2012,2,94.5843575093641
50,2012,3,94.7785418456832
50,2012,4,95.3210270266772
50,2012,5,96.0941189873807
50,2012,6,93.6973813394837
50,2012,7,92.9859331290834
50,2012,8,94.0249083401835
50,2012,9,94.9412250221971
50,2012,10,95.5449791892506
50,2012,11,96.2163471328529
50,2012,12,95.6358454274831
50,2013,1,95.4361115816427
50,2013,2,95.654167533965
50,2013,3,95.6117819095724
50,2013,4,95.0723006552098
50,2013,5,95.6847338423722
50,2013,6,95.3355537996128
50,2013,7,95.5607018354687
50,2013,8,96.2957391705936
50,2013,9,95.1895572869495
50,2013,10,96.7070989628242
50,2013,11,95.8975930584603
50,2013,12,96.2329780217319
50,2014,1,95.2063100666853
50,2014,2,95.653486012701
50,2014,3,95.9439733869104
50,2014,4,96.5709965770926
50,2014,5,96.623950428037
50,2014,6,95.6258783857139
50,2014,7,95.1760689681681
50,2014,8,95.0808457385913
50,2014,9,95.6221841214705
50,2014,10,96.4852907785553
50,2014,11,95.0167687245745
50,2014,12,95.8038649840471
50,2015,1,95.5388594892832
50,2015,2,96.4168328072785
50,2015,3,96.6994941356683
50,2015,4,96.3117057162635
50,2015,5,96.3484250971041
50,2015,6,97.1716864754623
50,2015,7,96.3315359796011
50,2015,8,96.0286561394483
50,2015,9,94.9302162802544
50,2015,10,96.8287423382466
50,2015,11,96.8033089041829
50,2015,12,97.3422816383574
50,2016,1,95.7761695744936
50,2016,2,96.216723408357
50,2016,3,96.8809571247157
50,2016,4,97.2321701061672
50,2016,5,97.0375087398595
50,2016,6,95.2043878549842
50,2016,7,95.803987259031
50,2016,8,97.1158269088468
50,2016,9,96.4140734718735
50,2016,10,97.9518787435201
50,2016,11,97.4332350781236
50,2016,12,96.8676059892789
50,2017,1,96.8337543715007
50,2017,2,95.923124079917
50,2017,3,96.0309417341317
50,2017,4,96.1336679512628
50,2017,5,96.6545456075725
50,2017,6,97.1744578716167
50,2017,7,97.2598662127715
50,2017,8,96.2349501972523
50,2017,9,97.2778454802989
50,2017,10,97.4128871024044
50,2017,11,97.0031861147641
50,2017,12,97.4889935316295
50,2018,1,96.9959603696759
50,2018,2,96.9498928642082
50,2018,3,96.6515472573591
50,2018,4,96.6264739333586
50,2018,5,97.2690507288749
50,2018,6,97.0601848279563
50,2018,7,97.2913335820831
50,2018,8,97.2267147649119
50,2018,9,97.2640284554918
50,2018,10,98.62502692975
50,2018,11,97.3777900139804
50,2018,12,97.7541056353221
50,2019,1,97.8382322762199
50,2019,2,97.6902514480991
50,2019,3,97.9154427294505
50,2019,4,97.72291363751
50,2019,5,97.4704291563233
50,2019,6,97.2091538027159
50,2019,7,97.7949962291597
50,2019,8,97.6453076944649
50,2019,9,97.331050202003
50,2019,10,98.3405831024139
50,2019,11,97.4283372782843
50,2019,12,97.242289617219
51,1982,1,92.5797065974522
51,1982,2,90.3580227604643
51,1982,3,92.1466033658468
51,1982,4,93.4269224023384
51,1982,5,92.2343261608982
51,1982,6,92.2115538947017
51,1982,7,90.9139058198522
51,1982,8,92.4473333604107
51,1982,9,91.7523394290121
51,1982,10,91.5725178329622
51,1982,11,92.5598692692836
51,1982,12,92.4289138315756
51,1983,1,91.5607534896577
51,1983,2,92.2336268470745
51,1983,3,92.5170631357202
51,1983,4,93.7977063120576
51,1983,5,94.1210113460333
51,1983,6,93.2604437773919
51,1983,7,93.1786338092266
51,1983,8,94.0364507053092
51,1983,9,94.3685481242947
51,1983,10,94.7831582292844
51,1983,11,95.1988315033431
51,1983,12,95.9494061652779
51,1984,1,94.0643303965288
51,1984,2,94.0832036951956
51,1984,3,95.0883569021905
51,1984,4,94.9414795006275
51,1984,5,94.2267628179443
51,1984,6,93.5637593957847
51,1984,7,95.200790435518
51,1984,8,95.4403399568632
51,1984,9,94.4432376512513
51,1984,10,94.7648354882686
51,1984,11,95.6161049623357
51,1984,12,94.7940165062117
51,1985,1,94.4106270926999
51,1985,2,94.0951037026243
51,1985,3,94.4142223470572
51,1985,4,94.7801265555787
51,1985,5,93.9213030273015
51,1985,6,94.2455753521302
51,1985,7,94.4287690159192
51,1985,8,94.5523566663512
51,1985,9,94.1365690666012
51,1985,10,95.2853559636342
51,1985,11,94.055263045142
51,1985,12,94.2225258210096
51,1986,1,94.5197467598236
51,1986,2,95.3402060692178
51,1986,3,95.5425879779604
51,1986,4,95.1669554952612
51,1986,5,95.1411415250764
51,1986,6,93.970774974166
51,1986,7,95.5437658347262
51,1986,8,95.6082902356588
51,1986,9,94.4133323805897
51,1986,10,94.4966170274846
51,1986,11,94.6098218399972
51,1986,12,95.3316221635642
51,1987,1,94.9090658063653
51,1987,2,95.5526222028947
51,1987,3,94.1586497220373
51,1987,4,94.8273940361681
51,1987,5,94.1626068047823
51,1987,6,96.0805553837976
51,1987,7,96.2162844573715
51,1987,8,95.6950473315434
51,1987,9,95.4749560059689
51,1987,10,96.3488496335242
51,1987,11,96.5916701384905
51,1987,12,96.5006423354883
51,1988,1,95.6887424759743
51,1988,2,96.0516786144375
51,1988,3,96.5532143463358
51,1988,4,96.2435361859926
51,1988,5,95.9805950367214
51,1988,6,95.1682560875178
51,1988,7,95.2852869567163
51,1988,8,95.2059693876033
51,1988,9,94.8735206491529
51,1988,10,96.17446121926
51,1988,11,96.3391243948054
51,1988,12,96.7369209925211
51,1989,1,96.2917247247054
51,1989,2,95.3186621326557
51,1989,3,95.7232268558048
51,1989,4,96.8607893375823
51,1989,5,96.4850740869082
51,1989,6,95.6188123197016
51,1989,7,96.193294387078
51,1989,8,96.7525192717187
51,1989,9,96.7180228865577
51,1989,10,95.8054605073224
51,1989,11,95.8102298531475
51,1989,12,95.5283196705585
51,1990,1,95.243733318672
51,1990,2,95.5474519619573
51,1990,3,96.4410901456332
51,1990,4,97.1504472890558
51,1990,5,95.8339656963739
51,1990,6,95.2032567549114
51,1990,7,95.7582057003377
51,1990,8,94.6477985032462
51,1990,9,95.1771583975794
51,1990,10,95.6727173306508
51,1990,11,94.9059578883166
51,1990,12,94.2794911063753
51,1991,1,92.8976069542689
51,1991,2,92.5240282245252
51,1991,3,93.489459528609
51,1991,4,95.1370662147784
51,1991,5,94.7197841037418
51,1991,6,92.8885274685715
51,1991,7,93.3568165666807
51,1991,8,94.5876122597201
51,1991,9,94.2871951368306
51,1991,10,94.6159533750386
51,1991,11,94.0661824952213
51,1991,12,93.9128354992702
51,1992,1,91.3925459656649
51,1992,2,91.3394613546525
51,1992,3,92.5958909820531
51,1992,4,93.617898571038
51,1992,5,92.3511619997529
51,1992,6,94.1555797072319
51,1992,7,93.8332346951983
51,1992,8,94.7020520330108
51,1992,9,94.5117493286202
51,1992,10,95.4057468255875
51,1992,11,94.2237956047372
51,1992,12,94.1632242875441
51,1993,1,93.1584105456403
51,1993,2,95.0539137592223
51,1993,3,94.4231325295366
51,1993,4,95.2650300820695
51,1993,5,94.9773842219688
51,1993,6,95.6222120137441
51,1993,7,93.8691528932441
51,1993,8,94.6732313132011
51,1993,9,95.6850537013443
51,1993,10,94.6092486664838
51,1993,11,95.1408100865714
51,1993,12,96.0587815822798
51,1994,1,94.610721646288
51,1994,2,94.0447580855085
51,1994,3,95.292357215154
51,1994,4,94.7271207331325
51,1994,5,94.1199793013277
51,1994,6,94.2831810676762
51,1994,7,95.4526414690045
51,1994,8,95.5359240209728
51,1994,9,95.6661961249174
51,1994,10,95.4932690284484
51,1994,11,95.6477683914837
51,1994,12,95.7218651600179
51,1995,1,94.6454481580698
51,1995,2,95.800200790387
51,1995,3,95.3144208209774
51,1995,4,95.208113284179
51,1995,5,95.2573897570287
51,1995,6,95.2466615959472
51,1995,7,95.2050277048426
51,1995,8,95.9083716196575
51,1995,9,94.8136033347497
51,1995,10,95.2565064067832
51,1995,11,96.4165521814227
51,1995,12,95.7480108427819
51,1996,1,95.587967829201
51,1996,2,96.101635234175
51,1996,3,95.8859121917711
51,1996,4,95.0485824553088
51,1996,5,94.6656674376979
51,1996,6,93.8975411168592
51,1996,7,94.3464747624131
51,1996,8,96.1509091951696
51,1996,9,95.8167242339968
51,1996,10,95.7168018805327
51,1996,11,96.9905766532434
51,1996,12,95.3872829250625
51,1997,1,94.9235451649106
51,1997,2,93.8042028545834
51,1997,3,95.3567303584321
51,1997,4,94.8960257916104
51,1997,5,95.8036893451595
51,1997,6,95.0928060218038
51,1997,7,96.3717846521465
51,1997,8,96.4179512713836
51,1997,9,97.1795000482512
51,1997,10,98.0087609986114
51,1997,11,97.4486421796063
51,1997,12,97.795722434049
51,1998,1,96.4615691494006
51,1998,2,96.6279547635369
51,1998,3,96.3223948159684
51,1998,4,98.1225769660425
51,1998,5,97.0294803345465
51,1998,6,96.4650479237133
51,1998,7,96.8151866993699
51,1998,8,96.5552720538534
51,1998,9,97.0796472290216
51,1998,10,96.8806327328478
51,1998,11,97.7020937723108
51,1998,12,97.5277772463531
51,1999,1,97.4792543581441
51,1999,2,97.1556686320528
51,1999,3,97.0533024166333
51,1999,4,97.433842911218
51,1999,5,96.516185960667
51,1999,6,97.3650081605944
51,1999,7,97.3720727329287
51,1999,8,96.2780295421348
51,1999,9,96.8049091338221
51,1999,10,97.4420482641933
51,1999,11,97.2514546629121
51,1999,12,97.2971274134973
51,2000,1,97.4723080065288
51,2000,2,96.6570999783712
51,2000,3,96.5295245084946
51,2000,4,97.7301473836615
51,2000,5,98.1789661901368
51,2000,6,97.8745541277998
51,2000,7,97.744217654673
51,2000,8,97.570430892291
51,2000,9,97.9720182271956
51,2000,10,97.9309360219828
51,2000,11,98.3300880002362
51,2000,12,98.1789236437596
51,2001,1,97.7755171515747
51,2001,2,96.6060600748652
51,2001,3,96.705018291769
51,2001,4,96.8822656873455
51,2001,5,95.9912265332515
51,2001,6,96.5702992676141
51,2001,7,97.1943560052091
51,2001,8,95.8513543640784
51,2001,9,96.2261271893558
51,2001,10,95.0138136486824
51,2001,11,95.3044429871758
51,2001,12,96.3431539108773
51,2002,1,95.4883547087374
51,2002,2,96.4410610225637
51,2002,3,95.8446254447528
51,2002,4,95.7727970970219
51,2002,5,96.4215740498202
51,2002,6,95.8833030817588
51,2002,7,95.9291801574773
51,2002,8,95.0750114950683
51,2002,9,95.6949280156868
51,2002,10,96.29246832245
51,2002,11,96.2020551894789
51,2002,12,96.1255783659459
51,2003,1,94.8668198004801
51,2003,2,94.7861773821672
51,2003,3,95.6508460981077
51,2003,4,95.9787976028113
51,2003,5,96.5428597761956
51,2003,6,95.8290330299359
51,2003,7,96.1344780289176
51,2003,8,96.4926401545081
51,2003,9,96.0709700798375
51,2003,10,96.5515358548227
51,2003,11,95.4867204391743
51,2003,12,95.9372759454518
51,2004,1,94.6228656385198
51,2004,2,96.1593657260899
51,2004,3,95.429034251764
51,2004,4,95.8472044472863
51,2004,5,95.7714880354896
51,2004,6,95.9173487206749
51,2004,7,95.8298521068713
51,2004,8,96.0413641889972
51,2004,9,97.2286109214673
51,2004,10,96.2700158918676
51,2004,11,96.1564830112286
51,2004,12,96.4943026130778
51,2005,1,96.5614607420521
51,2005,2,96.6958242455856
51,2005,3,96.7440413918991
51,2005,4,95.752016069676
51,2005,5,95.9781051074286
51,2005,6,95.9966684532702
51,2005,7,96.5331070751176
51,2005,8,95.7284446046633
51,2005,9,96.7153724566837
51,2005,10,96.9009061699257
51,2005,11,96.5245863500758
51,2005,12,97.1413672721261
51,2006,1,96.5157638798931
51,2006,2,96.5774707553112
51,2006,3,96.3951829887319
51,2006,4,96.2837944731128
51,2006,5,97.5830035939438
51,2006,6,96.5046607763125
51,2006,7,96.5956503512783
51,2006,8,96.9584705984648
51,2006,9,96.7294333718595
51,2006,10,97.3840086436072
51,2006,11,96.9436752571957
51,2006,12,97.2628132070208
51,2007,1,96.4060255267995
51,2007,2,96.165358315019
51,2007,3,96.3721388662054
51,2007,4,96.8110983241031
51,2007,5,97.2071589125764
51,2007,6,96.6012516977802
51,2007,7,97.1495786457327
51,2007,8,96.9730277314822
51,2007,9,97.5932860514279
51,2007,10,96.818156637475
51,2007,11,96.3453273282491
51,2007,12,95.9799737159831
51,2008,1,95.3161776036785
51,2008,2,95.7168415486734
51,2008,3,96.1089059318708
51,2008,4,97.150900776565
51,2008,5,96.3177818422261
51,2008,6,95.5740261285089
51,2008,7,95.4029882248491
51,2008,8,95.6335192138709
51,2008,9,96.5764454659227
51,2008,10,96.4990397602608
51,2008,11,95.6364048163391
51,2008,12,94.8037294490748
51,2009,1,93.2071766107382
51,2009,2,92.354195889264
51,2009,3,93.324996334495
51,2009,4,93.1515505792907
51,2009,5,93.1732542637027
51,2009,6,93.072487286293
51,2009,7,93.6998584242924
51,2009,8,94.5991034097254
51,2009,9,92.8921020133265
51,2009,10,93.1344949271033
51,2009,11,93.0590405250934
51,2009,12,92.0457798808335
51,2010,1,90.2809267179018
51,2010,2,90.2465412134521
51,2010,3,90.5905690149114
51,2010,4,92.867665710297
51,2010,5,91.9647902109269
51,2010,6,92.3992129481077
51,2010,7,92.7019282759629
51,2010,8,93.5342979592704
51,2010,9,94.0517812472811
51,2010,10,92.4206391910825
51,2010,11,93.4755082874465
51,2010,12,93.9139071726746
51,2011,1,92.3388083926843
51,2011,2,93.0503948910895
51,2011,3,92.8463687995504
51,2011,4,94.3088323076774
51,2011,5,94.2473977084598
51,2011,6,93.8390042406048
51,2011,7,93.4979971171692
51,2011,8,92.4748278945394
51,2011,9,92.3656340463919
51,2011,10,93.6236964970558
51,2011,11,94.1215128690527
51,2011,12,92.9674728098288
51,2012,1,93.8734995555199
51,2012,2,92.2350370899417
51,2012,3,93.4605859382549
51,2012,4,94.2303459537854
51,2012,5,94.32827487257
51,2012,6,93.3499186506422
51,2012,7,93.8363298541069
51,2012,8,94.0076721629063
51,2012,9,93.5512702356371
51,2012,10,94.3797258029198
51,2012,11,94.8458664889818
51,2012,12,94.6955291386989
51,2013,1,93.8327034836921
51,2013,2,94.6607206694246
51,2013,3,95.1044306080639
51,2013,4,94.8086195887439
51,2013,5,93.1150592701225
51,2013,6,93.0945668651999
51,2013,7,93.6889225012964
51,2013,8,94.6928926626435
51,2013,9,94.5264567407466
51,2013,10,93.6057746227052
51,2013,11,94.9602362041371
51,2013,12,95.493962827823
51,2014,1,94.9411852182498
51,2014,2,94.9167134414991
51,2014,3,94.2047249796923
51,2014,4,95.2091587443904
51,2014,5,93.5591734914613
51,2014,6,94.1378132889057
51,2014,7,94.9887256604889
51,2014,8,93.3626404949658
51,2014,9,94.5874886883535
51,2014,10,95.4789972898338
51,2014,11,96.0273226847006
51,2014,12,95.7073372870228
51,2015,1,95.1508939178645
51,2015,2,94.0332259672695
51,2015,3,94.5901409312825
51,2015,4,95.3901599402643
51,2015,5,95.0830977879116
51,2015,6,95.325961145037
51,2015,7,95.8417652039866
51,2015,8,96.5926033429069
51,2015,9,96.3604371764549
51,2015,10,95.4835196929504
51,2015,11,96.0709554041123
51,2015,12,95.8688375140728
51,2016,1,95.0130787962494
51,2016,2,95.8437307847863
51,2016,3,95.3399264979932
51,2016,4,96.9859255579307
51,2016,5,95.8234550709909
51,2016,6,96.0770317348371
51,2016,7,94.9807959064607
51,2016,8,95.3290038942756
51,2016,9,95.6815258651942
51,2016,10,95.0660635551468
51,2016,11,96.0382272293307
51,2016,12,96.7698995254161
51,2017,1,96.0873133863779
51,2017,2,96.055892264876
51,2017,3,95.9425633617111
51,2017,4,95.5632197676392
51,2017,5,95.9250141116761
51,2017,6,96.2292448217619
51,2017,7,96.393909111346
51,2017,8,96.3547130053356
51,2017,9,96.1753076965534
51,2017,10,96.5832722248044
51,2017,11,96.3568810707309
51,2017,12,97.1695858634709
51,2018,1,96.4454613313102
51,2018,2,97.0970748780776
51,2018,3,96.0953044120188
51,2018,4,97.295078480199
51,2018,5,97.4009905067118
51,2018,6,96.6582857902355
51,2018,7,97.4582310995425
51,2018,8,95.9590365178813
51,2018,9,96.9687068153474
51,2018,10,97.1444127577078
51,2018,11,96.8930983521446
51,2018,12,97.6972816215054
51,2019,1,96.3095287864055
51,2019,2,95.9108740890017
51,2019,3,97.1304479372844
51,2019,4,97.6324552406653
51,2019,5,96.817465574974
51,2019,6,97.6230996043098
51,2019,7,96.8638836280789
51,2019,8,97.8134264053498
51,2019,9,97.4568073532278
51,2019,10,97.6066104810842
51,2019,11,97.1606747008047
51,2019,12,97.4407116019058
53,1982,1,86.4131417426722
53,1982,2,85.5284338275878
53,1982,3,86.5644736301177
53,1982,4,87.3549255156232
53,1982,5,88.7413787224019
53,1982,6,87.6273992899193
53,1982,7,88.1431028325825
53,1982,8,88.4998494716885
53,1982,9,88.6232661144816
53,1982,10,88.1928393221293
53,1982,11,87.1805093899848
53,1982,12,88.2348988060157
53,1983,1,86.6296436683228
53,1983,2,88.369440410842
53,1983,3,88.1464831442713
53,1983,4,88.0183977253654
53,1983,5,87.9495032181707
53,1983,6,88.3095646152506
53,1983,7,89.9891674591421
53,1983,8,90.1872039626584
53,1983,9,89.5918806833603
53,1983,10,90.1723629741221
53,1983,11,89.986435187941
53,1983,12,88.9118789134995
53,1984,1,87.6262932775337
53,1984,2,88.6993382707315
53,1984,3,90.8113756553983
53,1984,4,90.4891480332942
53,1984,5,91.3110685553308
53,1984,6,91.3739081586231
53,1984,7,92.6949363901246
53,1984,8,93.0144758342294
53,1984,9,90.137366227206
53,1984,10,92.0358710535393
53,1984,11,91.9239767289718
53,1984,12,90.2352416104318
53,1985,1,89.5630698655816
53,1985,2,91.0211216038878
53,1985,3,91.8034650965425
53,1985,4,91.8019037917481
53,1985,5,91.2642457862665
53,1985,6,91.3165853833746
53,1985,7,93.0715584737842
53,1985,8,92.7967947239424
53,1985,9,91.705091687418
53,1985,10,93.7186689056901
53,1985,11,92.9729252666597
53,1985,12,92.5474616639239
53,1986,1,91.2258262478879
53,1986,2,89.9241417733937
53,1986,3,90.4082232049094
53,1986,4,91.4886414976416
53,1986,5,91.385275168022
53,1986,6,91.7291049564364
53,1986,7,92.4565914613236
53,1986,8,92.3032152609315
53,1986,9,93.6631365766535
53,1986,10,91.8216509307506
53,1986,11,92.0308246068167
53,1986,12,91.5851412919895
53,1987,1,91.0749892359728
53,1987,2,89.0331300911367
53,1987,3,90.2460453472727
53,1987,4,91.2311925153057
53,1987,5,92.6784805792774
53,1987,6,94.9145681852568
53,1987,7,93.8342323984466
53,1987,8,93.4275697441256
53,1987,9,92.6528115814519
53,1987,10,92.4840207106275
53,1987,11,92.7624454117911
53,1987,12,93.0437195635172
53,1988,1,92.1863737581095
53,1988,2,92.502698070883
53,1988,3,92.3430157457735
53,1988,4,94.4567145662106
53,1988,5,94.5416788035522
53,1988,6,92.9133770456623
53,1988,7,93.4494087888676
53,1988,8,94.439160692417
53,1988,9,94.029844249602
53,1988,10,94.6735051054147
53,1988,11,93.8828178284193
53,1988,12,94.2741868414735
53,1989,1,91.2669728177221
53,1989,2,93.4497229727587
53,1989,3,93.2593849426123
53,1989,4,94.1132844940655
53,1989,5,95.7501762954226
53,1989,6,94.1827658351306
53,1989,7,93.49676531138
53,1989,8,94.3012379733741
53,1989,9,94.3866817082088
53,1989,10,94.3445741050595
53,1989,11,93.864523593493
53,1989,12,93.8780503943181
53,1990,1,94.0625542304264
53,1990,2,94.1060030780429
53,1990,3,94.5401100756006
53,1990,4,95.0783465463134
53,1990,5,94.5456662587257
53,1990,6,95.6739586580461
53,1990,7,95.0112806876537
53,1990,8,96.217539116433
53,1990,9,96.1338810461476
53,1990,10,95.2995029065294
53,1990,11,94.5408118190287
53,1990,12,94.0102436343957
53,1991,1,93.3086255995532
53,1991,2,92.0516935011457
53,1991,3,92.1997142395349
53,1991,4,94.6637406775473
53,1991,5,94.6113820785542
53,1991,6,95.1014938914088
53,1991,7,93.8002611551757
53,1991,8,94.6844113019787
53,1991,9,94.0249835670989
53,1991,10,93.3118271609045
53,1991,11,92.5951473244285
53,1991,12,91.6988006193471
53,1992,1,90.5958117213928
53,1992,2,89.9000168193586
53,1992,3,90.1731365062223
53,1992,4,93.8598478484875
53,1992,5,94.2934041294501
53,1992,6,93.9029893425485
53,1992,7,93.8427080944009
53,1992,8,93.6791389211191
53,1992,9,93.5657814357794
53,1992,10,92.3621834508538
53,1992,11,91.5473455211997
53,1992,12,91.8551931411615
53,1993,1,90.8548434320863
53,1993,2,90.8061023009349
53,1993,3,90.9240805836059
53,1993,4,92.5127161226418
53,1993,5,93.4164537509657
53,1993,6,93.6406286777581
53,1993,7,91.5260413554107
53,1993,8,92.1640254043472
53,1993,9,92.9123327355629
53,1993,10,94.5985294745633
53,1993,11,93.4531657171001
53,1993,12,93.9802006281267
53,1994,1,93.4161374296626
53,1994,2,91.8284554030286
53,1994,3,92.0111577078182
53,1994,4,94.6249887327422
53,1994,5,93.1037581617135
53,1994,6,92.7077663487884
53,1994,7,94.8401428397787
53,1994,8,93.5614893930582
53,1994,9,94.7139380876947
53,1994,10,93.6541710546745
53,1994,11,94.2554392487951
53,1994,12,94.1384017291238
53,1995,1,94.2496974006453
53,1995,2,92.7261637285272
53,1995,3,93.3211967715502
53,1995,4,93.4755727659065
53,1995,5,93.5794333015353
53,1995,6,93.3721075381524
53,1995,7,93.431978280039
53,1995,8,92.91878789437
53,1995,9,93.9837194466528
53,1995,10,93.9474516493931
53,1995,11,93.1275954857733
53,1995,12,95.5127178279068
53,1996,1,92.3731574760944
53,1996,2,90.6837213125277
53,1996,3,92.4397153927428
53,1996,4,92.245927191168
53,1996,5,94.3581699110673
53,1996,6,93.7620627788909
53,1996,7,94.282501860007
53,1996,8,94.0634114584381
53,1996,9,94.6987938942375
53,1996,10,94.3566685977555
53,1996,11,93.6464821582295
53,1996,12,92.9939360296115
53,1997,1,94.2028962554777
53,1997,2,94.8704118557698
53,1997,3,94.7137232040031
53,1997,4,94.8028160975563
53,1997,5,95.2001480444775
53,1997,6,94.0014504142204
53,1997,7,95.2171208816845
53,1997,8,94.425180815356
53,1997,9,94.9421365170568
53,1997,10,96.1505685675434
53,1997,11,95.5021156385231
53,1997,12,95.0499253016685
53,1998,1,94.9363400413699
53,1998,2,95.3415412638403
53,1998,3,95.114673330957
53,1998,4,95.24963928964
53,1998,5,94.9835646804771
53,1998,6,94.3602580753199
53,1998,7,94.8499144465494
53,1998,8,95.4301421535397
53,1998,9,94.7073582192312
53,1998,10,95.7216037201498
53,1998,11,94.7189378956155
53,1998,12,95.0478529855465
53,1999,1,94.6935009189699
53,1999,2,94.3795314392278
53,1999,3,95.4962752355899
53,1999,4,95.8972082057055
53,1999,5,95.7480790079966
53,1999,6,94.759447605266
53,1999,7,94.4953878766072
53,1999,8,95.3787190933187
53,1999,9,93.9196987444844
53,1999,10,95.7217026252985
53,1999,11,96.915808666804
53,1999,12,95.5619971575567
53,2000,1,94.2528453214709
53,2000,2,93.2565069857682
53,2000,3,94.8461737100619
53,2000,4,95.0224215079663
53,2000,5,94.868591659671
53,2000,6,95.2215869332364
53,2000,7,94.9702670584306
53,2000,8,93.9594063194845
53,2000,9,95.8388891954589
53,2000,10,94.8670327493633
53,2000,11,93.7357561008594
53,2000,12,94.9943488990204
53,2001,1,93.4770893910289
53,2001,2,92.0110969882576
53,2001,3,93.0085908938614
53,2001,4,95.2258643909632
53,2001,5,95.3595880585318
53,2001,6,92.810930366606
53,2001,7,94.1933181633581
53,2001,8,93.634528371666
53,2001,9,94.414052021546
53,2001,10,93.1982488702473
53,2001,11,92.3281055653473
53,2001,12,92.9567878849996
53,2002,1,90.9316070595312
53,2002,2,92.7447602903291
53,2002,3,93.8262268304739
53,2002,4,92.6442151873667
53,2002,5,92.7639515439298
53,2002,6,93.2971447433359
53,2002,7,91.902041761302
53,2002,8,92.1344235737667
53,2002,9,92.3950242627033
53,2002,10,93.8748466663593
53,2002,11,92.5368010967988
53,2002,12,92.9301109331748
53,2003,1,92.2325624903337
53,2003,2,91.8278827581395
53,2003,3,92.2488672582379
53,2003,4,91.6963456654758
53,2003,5,91.6539242860614
53,2003,6,90.3090090921849
53,2003,7,92.3761698138264
53,2003,8,92.17560916849
53,2003,9,92.6548566105948
53,2003,10,94.1115868299656
53,2003,11,92.7639329478827
53,2003,12,93.1624377500452
53,2004,1,93.0233138077648
53,2004,2,92.899999029148
53,2004,3,92.8830394063368
53,2004,4,92.5442593071871
53,2004,5,93.8636834413917
53,2004,6,93.2324168508057
53,2004,7,94.0036684780823
53,2004,8,93.9616285149311
53,2004,9,95.6403210495934
53,2004,10,94.616814488
53,2004,11,93.5964810205747
53,2004,12,93.9733619517988
53,2005,1,93.8963754020662
53,2005,2,93.6339410703318
53,2005,3,94.3192523469833
53,2005,4,93.6916677828754
53,2005,5,93.8452850312585
53,2005,6,94.2271627143224
53,2005,7,93.2681732378006
53,2005,8,93.5097857993992
53,2005,9,94.9965262397804
53,2005,10,95.0734925597332
53,2005,11,94.7623860461435
53,2005,12,95.0996950087433
53,2006,1,95.598627418323
53,2006,2,94.6319764229887
53,2006,3,95.5423463931417
53,2006,4,95.265799590777
53,2006,5,94.7369492916549
53,2006,6,94.6119712240161
53,2006,7,94.6180962558114
53,2006,8,95.1676903383335
53,2006,9,94.3820462148595
53,2006,10,96.2910754313479
53,2006,11,94.8356032844663
53,2006,12,95.1670638266825
53,2007,1,93.3262925524847
53,2007,2,94.4300835023565
53,2007,3,95.7900475709717
53,2007,4,96.4408333879659
53,2007,5,95.9374935452828
53,2007,6,95.9562118685064
53,2007,7,94.1365877796019
53,2007,8,96.125037506292
53,2007,9,95.5574249537815
53,2007,10,95.765144248134
53,2007,11,95.610186139054
53,2007,12,95.5944191537246
53,2008,1,94.7059217265774
53,2008,2,94.4868382506653
53,2008,3,94.5563821373453
53,2008,4,95.4243083994793
53,2008,5,94.1783343561351
53,2008,6,94.4980813220594
53,2008,7,94.4941311213733
53,2008,8,94.189622052558
53,2008,9,95.394440851415
53,2008,10,94.5308920422485
53,2008,11,94.6526043925109
53,2008,12,93.6508425310029
53,2009,1,91.5048926050711
53,2009,2,91.9613376727136
53,2009,3,89.9993838775293
53,2009,4,91.0735785016743
53,2009,5,91.051379727224
53,2009,6,90.7830960662825
53,2009,7,92.2290065514397
53,2009,8,90.9896663531861
53,2009,9,90.2414789822388
53,2009,10,90.1531625314021
53,2009,11,90.3014458174832
53,2009,12,89.8585441262433
53,2010,1,89.0976815113694
53,2010,2,87.6036625231505
53,2010,3,89.2305579858061
53,2010,4,90.9051907811453
53,2010,5,89.5940781852515
53,2010,6,90.8996180507437
53,2010,7,89.9001553916862
53,2010,8,89.6697047879931
53,2010,9,89.8143182285558
53,2010,10,89.9976522194421
53,2010,11,89.9265609463556
53,2010,12,89.4734058995023
53,2011,1,89.2874968031384
53,2011,2,88.8382467908591
53,2011,3,88.6095133549497
53,2011,4,90.6954694221412
53,2011,5,91.3288031007426
53,2011,6,89.9912534662963
53,2011,7,90.3439108904387
53,2011,8,90.2771930162589
53,2011,9,91.5652023561615
53,2011,10,91.5277162014285
53,2011,11,92.5237144248581
53,2011,12,91.4371781589214
53,2012,1,91.2828210342443
53,2012,2,91.2771469295019
53,2012,3,90.6975976660799
53,2012,4,91.6911986392721
53,2012,5,90.5447444439174
53,2012,6,92.2425937633726
53,2012,7,91.3342676787658
53,2012,8,90.7426262210164
53,2012,9,92.7461229013568
53,2012,10,93.9937273615524
53,2012,11,93.1261211809363
53,2012,12,92.7420645365023
53,2013,1,91.4220637759898
53,2013,2,91.9598524874139
53,2013,3,92.6300678889636
53,2013,4,94.0016303980317
53,2013,5,93.270808876812
53,2013,6,92.4554917797206
53,2013,7,92.6195360571784
53,2013,8,92.4623897731551
53,2013,9,93.7206574906002
53,2013,10,93.7942681984584
53,2013,11,93.7854528402483
53,2013,12,93.140433245021
53,2014,1,92.7464600544128
53,2014,2,92.1516923994824
53,2014,3,93.3435492123036
53,2014,4,95.086165696945
53,2014,5,93.6206940082311
53,2014,6,95.5740628678343
53,2014,7,94.9382417818626
53,2014,8,93.9689939294659
53,2014,9,94.052950439659
53,2014,10,92.8066495776923
53,2014,11,93.2689627439414
53,2014,12,93.7166752267696
53,2015,1,92.7663048146044
53,2015,2,93.854944039925
53,2015,3,95.7247834281083
53,2015,4,95.2997299443435
53,2015,5,94.0904876557742
53,2015,6,94.4939300324011
53,2015,7,94.1960869971157
53,2015,8,96.4071031467869
53,2015,9,94.4148645705064
53,2015,10,93.9257006664872
53,2015,11,94.0519567586572
53,2015,12,92.4544478839604
53,2016,1,92.9290412523732
53,2016,2,94.5728659311605
53,2016,3,93.915498167537
53,2016,4,94.0925877588785
53,2016,5,95.1734318288925
53,2016,6,95.0943506862512
53,2016,7,93.6064445721863
53,2016,8,95.4964222942727
53,2016,9,95.2441384435595
53,2016,10,94.7701584772974
53,2016,11,94.9537606103563
53,2016,12,94.4666007543531
53,2017,1,94.2318668624519
53,2017,2,95.4357302837125
53,2017,3,94.9199922499862
53,2017,4,95.8445462082538
53,2017,5,96.1204488091677
53,2017,6,96.08787248968
53,2017,7,96.5034378897184
53,2017,8,95.6373598628694
53,2017,9,95.0149307512393
53,2017,10,95.4313211831311
53,2017,11,95.3132480064644
53,2017,12,93.8783523876094
53,2018,1,94.5034482911459
53,2018,2,94.7865248814949
53,2018,3,95.2017474796526
53,2018,4,95.6590495035846
53,2018,5,95.7966173167266
53,2018,6,96.3537072283772
53,2018,7,96.2667290118505
53,2018,8,96.670275995856
53,2018,9,96.1165961533811
53,2018,10,95.5764762504515
53,2018,11,94.5437716663956
53,2018,12,94.4969114039224
53,2019,1,95.3843121116373
53,2019,2,94.4308594593227
53,2019,3,94.505014555825
53,2019,4,95.9236497830594
53,2019,5,96.6642529830822
53,2019,6,95.2877659087361
53,2019,7,94.9304426421973
53,2019,8,95.1823538166132
53,2019,9,96.2942664311734
53,2019,10,96.7886339491535
53,2019,11,97.5290395050889
53,2019,12,96.9607523009301
54,1982,1,90.2878065701327
54,1982,2,87.7989189334259
54,1982,3,87.8270522855745
54,1982,4,88.0000869277728
54,1982,5,87.6695679757596
54,1982,6,85.8343805136329
54,1982,7,85.490141805128
54,1982,8,86.160982727008
54,1982,9,86.6228520769992
54,1982,10,83.3273146475165
54,1982,11,81.4357100667323
54,1982,12,80.2845350719871
54,1983,1,79.2411315140406
54,1983,2,80.3504304384596
54,1983,3,81.2948872463155
54,1983,4,81.9526131871048
54,1983,5,80.8069348999896
54,1983,6,83.2707470034661
54,1983,7,83.2091760800943
54,1983,8,82.9509217693704
54,1983,9,83.8637266805267
54,1983,10,82.5786255528207
54,1983,11,81.8133996442741
54,1983,12,84.8078004770561
54,1984,1,82.6871938784662
54,1984,2,83.6862578870645
54,1984,3,83.8781942511733
54,1984,4,85.116826017541
54,1984,5,86.4642085824442
54,1984,6,85.3573087433835
54,1984,7,85.1687857268592
54,1984,8,87.333857173487
54,1984,9,87.6065547412178
54,1984,10,86.5410744395833
54,1984,11,86.9875755782027
54,1984,12,86.5611231851325
54,1985,1,86.7561366529426
54,1985,2,84.5581414689319
54,1985,3,85.3898108015584
54,1985,4,84.4014608013183
54,1985,5,85.5005552185688
54,1985,6,86.088230611228
54,1985,7,86.2117745710647
54,1985,8,88.3316633978925
54,1985,9,87.6197660292254
54,1985,10,89.6259277972781
54,1985,11,88.1492731004722
54,1985,12,90.1063650343303
54,1986,1,88.9902347900445
54,1986,2,88.2180908636347
54,1986,3,87.4297206110978
54,1986,4,86.4070973016442
54,1986,5,86.6614889139273
54,1986,6,87.6063282246081
54,1986,7,86.9360910175056
54,1986,8,88.2573431851116
54,1986,9,88.2935856604112
54,1986,10,88.7349957743837
54,1986,11,90.0457786424906
54,1986,12,89.5885789159185
54,1987,1,89.4601698484951
54,1987,2,87.3540553224894
54,1987,3,88.8481123581045
54,1987,4,89.6284414010015
54,1987,5,90.6227055013651
54,1987,6,89.177012580909
54,1987,7,89.9595220952452
54,1987,8,88.4804477575945
54,1987,9,89.6337573107645
54,1987,10,87.1316056981664
54,1987,11,88.3465658360789
54,1987,12,91.3554457304129
54,1988,1,87.9515923233453
54,1988,2,89.5958896927811
54,1988,3,90.6529275822971
54,1988,4,88.299251188998
54,1988,5,88.8434766132667
54,1988,6,90.9970278588943
54,1988,7,90.4553208475222
54,1988,8,89.7846454399653
54,1988,9,91.4960488250731
54,1988,10,88.8974386949926
54,1988,11,91.3785235780002
54,1988,12,91.1146124995851
54,1989,1,91.2131088923799
54,1989,2,89.431776691814
54,1989,3,91.1056733210244
54,1989,4,90.7277382876616
54,1989,5,90.8320522114144
54,1989,6,91.3893022750119
54,1989,7,92.5881742614835
54,1989,8,92.1488509892265
54,1989,9,91.7045627442916
54,1989,10,90.6457798419895
54,1989,11,92.2987001476024
54,1989,12,91.2884077064711
54,1990,1,90.6476358155321
54,1990,2,91.8347495414954
54,1990,3,92.6846777851341
54,1990,4,93.8593997912984
54,1990,5,91.8843773740592
54,1990,6,92.5170169425607
54,1990,7,92.4459277103532
54,1990,8,91.1404373985268
54,1990,9,90.391260510615
54,1990,10,91.3489769455486
54,1990,11,90.9305472091116
54,1990,12,89.5146876292238
54,1991,1,88.8659478863154
54,1991,2,89.2783981979867
54,1991,3,89.2577902785508
54,1991,4,89.6027955040409
54,1991,5,91.6190083275971
54,1991,6,89.8774188034748
54,1991,7,89.0179750098792
54,1991,8,89.1381866850772
54,1991,9,89.4614681465116
54,1991,10,89.4468709583383
54,1991,11,89.365634687804
54,1991,12,87.9714001243423
54,1992,1,84.342699489695
54,1992,2,86.6286596501564
54,1992,3,87.8804374199813
54,1992,4,90.6808228000213
54,1992,5,89.7764799455589
54,1992,6,89.1833140899791
54,1992,7,89.5810640069936
54,1992,8,89.452689885239
54,1992,9,89.299373468451
54,1992,10,89.3343048815354
54,1992,11,89.810465038605
54,1992,12,88.5607717668799
54,1993,1,86.9340210906722
54,1993,2,86.7660465800479
54,1993,3,88.7903844143686
54,1993,4,87.5829002603519
54,1993,5,87.4009064672559
54,1993,6,87.4274013990002
54,1993,7,91.2509845303563
54,1993,8,89.9224178517122
54,1993,9,90.4825694320826
54,1993,10,91.0490272669101
54,1993,11,91.8893567374628
54,1993,12,90.8604620903918
54,1994,1,88.26445966201
54,1994,2,88.3625285152665
54,1994,3,89.3916547834287
54,1994,4,91.8874214640592
54,1994,5,90.63738890533
54,1994,6,90.2880692518243
54,1994,7,92.5384234042394
54,1994,8,90.6982508664962
54,1994,9,93.8327813425679
54,1994,10,92.302431313749
54,1994,11,92.7625740770166
54,1994,12,90.7708950189215
54,1995,1,91.5535312412684
54,1995,2,90.5952428655921
54,1995,3,93.3077800244314
54,1995,4,93.3965915211271
54,1995,5,92.2194463236628
54,1995,6,93.1018264115665
54,1995,7,91.1329681571302
54,1995,8,92.0300045633961
54,1995,9,91.8141811394952
54,1995,10,93.3447439068667
54,1995,11,92.0193988338038
54,1995,12,92.4561503577473
54,1996,1,91.6386696149402
54,1996,2,91.9793360634284
54,1996,3,89.373581994317
54,1996,4,92.9085685773729
54,1996,5,92.6970761353589
54,1996,6,92.3355860481369
54,1996,7,95.0154084745827
54,1996,8,93.6912531258587
54,1996,9,93.3450632492508
54,1996,10,93.3563083396238
54,1996,11,92.7250476796895
54,1996,12,91.4822694297576
54,1997,1,91.339669041623
54,1997,2,89.8621992685944
54,1997,3,92.8456702960416
54,1997,4,91.8598208003491
54,1997,5,95.1815980079386
54,1997,6,93.3174994587123
54,1997,7,93.6050185095283
54,1997,8,93.6303825916993
54,1997,9,94.7377145367561
54,1997,10,93.5776497402243
54,1997,11,93.1774856196455
54,1997,12,93.7627375448592
54,1998,1,91.4045410076701
54,1998,2,93.0141492468426
54,1998,3,91.3067878982281
54,1998,4,92.8119507031089
54,1998,5,94.1005835828384
54,1998,6,92.5894639089188
54,1998,7,93.3908339661537
54,1998,8,93.3023780263673
54,1998,9,94.6113373559465
54,1998,10,93.3023101556924
54,1998,11,94.1495989667512
54,1998,12,94.5781295341488
54,1999,1,91.7563791798852
54,1999,2,93.4785787736889
54,1999,3,91.5594437184159
54,1999,4,91.6934766346037
54,1999,5,93.1231709988769
54,1999,6,93.4606047044162
54,1999,7,93.9693663215952
54,1999,8,93.2561424107412
54,1999,9,93.164897308007
54,1999,10,93.4682929044864
54,1999,11,93.3739177404252
54,1999,12,94.6193152774519
54,2000,1,93.2701318583662
54,2000,2,94.1479412214213
54,2000,3,93.8352766460985
54,2000,4,95.6941432737059
54,2000,5,93.9613598932968
54,2000,6,94.473319294034
54,2000,7,95.5137010594785
54,2000,8,95.7478713385452
54,2000,9,95.146425467483
54,2000,10,94.2950724680576
54,2000,11,93.6518988494468
54,2000,12,94.8171543900914
54,2001,1,93.2022112480084
54,2001,2,93.8487764153577
54,2001,3,95.2478718174525
54,2001,4,94.9233045894174
54,2001,5,95.2192105387032
54,2001,6,95.0178413533968
54,2001,7,95.8225012019624
54,2001,8,95.4649349776423
54,2001,9,95.8781656237293
54,2001,10,96.3026711867704
54,2001,11,95.2708631214148
54,2001,12,95.4959737812463
54,2002,1,93.1183520313518
54,2002,2,91.8245389254691
54,2002,3,92.9216981201676
54,2002,4,93.8161176914043
54,2002,5,93.9257693834085
54,2002,6,93.4109507237239
54,2002,7,94.8456504083934
54,2002,8,94.4576198079806
54,2002,9,94.3808732170555
54,2002,10,94.0473920157719
54,2002,11,93.9920666956718
54,2002,12,95.0548164866771
54,2003,1,93.3861697102669
54,2003,2,92.2267568680486
54,2003,3,93.785640380782
54,2003,4,92.9883793053205
54,2003,5,93.3740662558341
54,2003,6,92.5724018918346
54,2003,7,92.423203142864
54,2003,8,93.7627800057571
54,2003,9,95.1276611065969
54,2003,10,94.7381927121641
54,2003,11,95.6524188210807
54,2003,12,95.4821616697735
54,2004,1,93.3442748548234
54,2004,2,92.4706672431998
54,2004,3,93.1799896255663
54,2004,4,94.1391628968301
54,2004,5,94.1796451092295
54,2004,6,94.3293386717649
54,2004,7,95.3130265819677
54,2004,8,94.7756866634455
54,2004,9,96.0627270520498
54,2004,10,95.8480990247097
54,2004,11,96.1087149768582
54,2004,12,95.4259520207268
54,2005,1,93.6152474360003
54,2005,2,93.1888331567413
54,2005,3,93.1444525495237
54,2005,4,94.5224134775534
54,2005,5,96.3878815535934
54,2005,6,93.975454985607
54,2005,7,92.8048141195335
54,2005,8,94.5179123050748
54,2005,9,95.0085374995899
54,2005,10,96.17136417706
54,2005,11,96.0394347458944
54,2005,12,95.9556064178924
54,2006,1,95.787879872665
54,2006,2,94.335879126264
54,2006,3,95.6188206618272
54,2006,4,95.4299003739279
54,2006,5,93.9967567963315
54,2006,6,94.5439662272057
54,2006,7,94.3750608568545
54,2006,8,92.6378099263296
54,2006,9,95.2007798103237
54,2006,10,95.6449388044285
54,2006,11,95.246334721204
54,2006,12,95.4855920645094
54,2007,1,96.5462360322336
54,2007,2,94.6234468837572
54,2007,3,94.4099273294616
54,2007,4,95.044755406429
54,2007,5,95.1529119990026
54,2007,6,95.5162115868249
54,2007,7,94.9598892526958
54,2007,8,94.9085240571246
54,2007,9,96.0641656060695
54,2007,10,95.2670314455855
54,2007,11,96.0401854815374
54,2007,12,95.9353748908593
54,2008,1,95.1535903622249
54,2008,2,93.7908216676204
54,2008,3,95.0281015064745
54,2008,4,93.6783862190379
54,2008,5,94.9834602471327
54,2008,6,94.2178556758688
54,2008,7,96.488013557646
54,2008,8,97.0168563845049
54,2008,9,95.9453585155116
54,2008,10,95.8459345048686
54,2008,11,95.9452486585661
54,2008,12,95.7239303917306
54,2009,1,94.06403164993
54,2009,2,91.3466462270174
54,2009,3,90.2369891354509
54,2009,4,89.8596991724269
54,2009,5,91.0041382856184
54,2009,6,89.8176758815264
54,2009,7,91.9243100818221
54,2009,8,91.4389618542735
54,2009,9,92.9991424462705
54,2009,10,94.2827687686955
54,2009,11,92.7247834265941
54,2009,12,90.1426084320715
54,2010,1,89.2426551204394
54,2010,2,89.2076896582369
54,2010,3,91.4771259117377
54,2010,4,92.1293282056518
54,2010,5,92.2148891257144
54,2010,6,92.055834456188
54,2010,7,90.6188507511141
54,2010,8,91.4990181050219
54,2010,9,90.9140851759579
54,2010,10,91.7945335321616
54,2010,11,92.4494469132982
54,2010,12,88.6165945683554
54,2011,1,90.2965148671567
54,2011,2,90.1853456589466
54,2011,3,91.4310176108628
54,2011,4,92.6205541940075
54,2011,5,92.1355680604786
54,2011,6,93.1621460429791
54,2011,7,94.5263382663905
54,2011,8,91.6949335773553
54,2011,9,90.818477586291
54,2011,10,92.4774360311181
54,2011,11,93.2414088018129
54,2011,12,91.4507875773523
54,2012,1,92.7046822787802
54,2012,2,91.4446506077977
54,2012,3,92.916977153134
54,2012,4,93.0594855976381
54,2012,5,91.9101733218615
54,2012,6,93.5927315722281
54,2012,7,92.3765997618156
54,2012,8,92.721261212562
54,2012,9,91.8408080819431
54,2012,10,92.2752260867929
54,2012,11,93.9894997925291
54,2012,12,91.3066229910582
54,2013,1,91.3300308559482
54,2013,2,91.7582874169772
54,2013,3,93.1193613882845
54,2013,4,93.7046480602985
54,2013,5,95.1313745187296
54,2013,6,94.0266215199853
54,2013,7,92.8282323464488
54,2013,8,93.5823940686983
54,2013,9,93.5951240591078
54,2013,10,93.900914412929
54,2013,11,94.7390982183938
54,2013,12,93.1638558431083
54,2014,1,91.9075516411526
54,2014,2,91.7103492731462
54,2014,3,92.2701784955704
54,2014,4,93.3330019839234
54,2014,5,92.362535457972
54,2014,6,94.2579998937501
54,2014,7,92.9976445025917
54,2014,8,93.02587326602
54,2014,9,93.7206002746768
54,2014,10,93.963434573154
54,2014,11,94.1566420161367
54,2014,12,94.640740351974
54,2015,1,92.2059232389819
54,2015,2,91.4822822855568
54,2015,3,91.837349609298
54,2015,4,92.606819243419
54,2015,5,93.2641466698805
54,2015,6,92.7617648292523
54,2015,7,91.7021113194344
54,2015,8,92.8050029882138
54,2015,9,95.3490978717015
54,2015,10,95.5969714570459
54,2015,11,94.9878998691403
54,2015,12,94.1708622175681
54,2016,1,92.1922264227294
54,2016,2,92.2068641666135
54,2016,3,93.1048582545007
54,2016,4,94.1253723102158
54,2016,5,94.8038565412125
54,2016,6,94.0986354072175
54,2016,7,94.6265320485841
54,2016,8,93.6792766845023
54,2016,9,94.2156877739515
54,2016,10,93.5123318898575
54,2016,11,95.2439955943089
54,2016,12,95.1757393370771
54,2017,1,93.4904986184205
54,2017,2,94.1143982922696
54,2017,3,94.5290233587542
54,2017,4,94.7618838827411
54,2017,5,96.1340983853794
54,2017,6,93.8947003399884
54,2017,7,94.5802047132312
54,2017,8,94.0035748334562
54,2017,9,95.7981055325439
54,2017,10,95.8716453457852
54,2017,11,93.9314118659259
54,2017,12,94.5234939453372
54,2018,1,94.7277704926875
54,2018,2,92.7837436133168
54,2018,3,94.3597801048658
54,2018,4,94.4114639972518
54,2018,5,94.8955680186506
54,2018,6,94.8847137892771
54,2018,7,93.5618331443218
54,2018,8,95.9554427169579
54,2018,9,95.2744979460753
54,2018,10,95.2700985907346
54,2018,11,95.8227827243325
54,2018,12,95.3060346145384
54,2019,1,93.6451918879592
54,2019,2,94.1903230404371
54,2019,3,95.1715531628547
54,2019,4,96.38078511976
54,2019,5,94.7270074974509
54,2019,6,94.1586653229897
54,2019,7,95.0471115275334
54,2019,8,95.266205750541
54,2019,9,95.8655937164069
54,2019,10,95.0555768164466
54,2019,11,94.6882969491755
54,2019,12,95.3124245140191
55,1982,1,90.5299689119869
55,1982,2,90.8271633325869
55,1982,3,88.4327905966784
55,1982,4,88.7263087125979
55,1982,5,89.7834235770015
55,1982,6,88.8808842658198
55,1982,7,89.6440575688095
55,1982,8,89.5489601458347
55,1982,9,89.1397856212046
55,1982,10,89.8108575593201
55,1982,11,89.3023547243992
55,1982,12,88.3907939597975
55,1983,1,87.9479879260329
55,1983,2,88.1491708208731
55,1983,3,87.4239454848892
55,1983,4,88.6549589837091
55,1983,5,88.3184672697877
55,1983,6,89.1626623779988
55,1983,7,90.3946419565264
55,1983,8,90.1320357069235
55,1983,9,92.1781700005976
55,1983,10,91.3743941573268
55,1983,11,91.5172231514524
55,1983,12,92.5042579042274
55,1984,1,91.2825872015946
55,1984,2,89.8731293255715
55,1984,3,91.8029873413864
55,1984,4,92.3772715078144
55,1984,5,90.6642706950002
55,1984,6,91.5789176482236
55,1984,7,92.2005271353271
55,1984,8,94.0436305807182
55,1984,9,94.8572819380611
55,1984,10,93.7737936586889
55,1984,11,94.4801837644546
55,1984,12,93.9108369880044
55,1985,1,92.6828678187518
55,1985,2,92.5201685498356
55,1985,3,91.4039784188023
55,1985,4,91.7812136192374
55,1985,5,92.0793024321995
55,1985,6,93.0572423512418
55,1985,7,93.9305104980423
55,1985,8,94.1623646785298
55,1985,9,94.0402037203222
55,1985,10,93.5868219833166
55,1985,11,92.5748419792643
55,1985,12,92.2197170767793
55,1986,1,91.6645524602889
55,1986,2,90.4243945785273
55,1986,3,92.3561720238869
55,1986,4,92.477986867799
55,1986,5,93.2766638020107
55,1986,6,93.4605106814928
55,1986,7,93.2640803416769
55,1986,8,93.0548864012176
55,1986,9,94.1254696475162
55,1986,10,94.2223805411917
55,1986,11,94.1625377930675
55,1986,12,94.0253567213606
55,1987,1,91.9992467495377
55,1987,2,91.2580485784357
55,1987,3,92.0711717640876
55,1987,4,94.6912265819364
55,1987,5,94.5677231655546
55,1987,6,94.4961565082243
55,1987,7,94.3217513489013
55,1987,8,94.9104922923237
55,1987,9,94.0456159075273
55,1987,10,93.6542100303207
55,1987,11,93.6500584221868
55,1987,12,96.0763321245653
55,1988,1,94.0614570490387
55,1988,2,94.3261412374372
55,1988,3,94.1976743545775
55,1988,4,95.1496467178333
55,1988,5,95.3870073147425
55,1988,6,95.4390294623932
55,1988,7,96.0906330820285
55,1988,8,96.5330000960204
55,1988,9,95.803063776573
55,1988,10,97.0212504467164
55,1988,11,96.0340056652466
55,1988,12,95.9525128870448
55,1989,1,95.0224161944133
55,1989,2,94.6802162915128
55,1989,3,93.8338516095629
55,1989,4,95.5932709065571
55,1989,5,95.4362308541739
55,1989,6,95.1296488593589
55,1989,7,95.5751036458484
55,1989,8,96.6985917397588
55,1989,9,96.0623156513226
55,1989,10,96.7980534608515
55,1989,11,95.9033526821582
55,1989,12,96.2675202487057
55,1990,1,93.747892792213
55,1990,2,95.8261911709591
55,1990,3,94.9742591546366
55,1990,4,94.9649103789364
55,1990,5,96.8822854877029
55,1990,6,95.6768900047922
55,1990,7,96.2295105943949
55,1990,8,95.592380057273
55,1990,9,96.0965930736561
55,1990,10,96.0528268171217
55,1990,11,95.4053357138335
55,1990,12,95.3262692161528
55,1991,1,94.9018805215941
55,1991,2,93.6689431269457
55,1991,3,92.8446826050287
55,1991,4,94.1716060605213
55,1991,5,94.2944259681425
55,1991,6,94.2213290331442
55,1991,7,94.3472730512581
55,1991,8,94.8577799247398
55,1991,9,94.6903045833559
55,1991,10,94.6106737654236
55,1991,11,94.9698283893272
55,1991,12,94.6925008620806
55,1992,1,94.3448640047105
55,1992,2,93.0376779166417
55,1992,3,94.1706737146061
55,1992,4,95.0061667021553
55,1992,5,94.9510901673587
55,1992,6,93.959911131267
55,1992,7,95.3813867020255
55,1992,8,94.4477817081059
55,1992,9,93.7613869338775
55,1992,10,95.3811666109887
55,1992,11,96.9934103700396
55,1992,12,95.9821809175605
55,1993,1,94.5335861892062
55,1993,2,93.6713644634316
55,1993,3,95.0434632581704
55,1993,4,94.7331346095378
55,1993,5,94.2128535326872
55,1993,6,94.0066684742243
55,1993,7,95.3606191102476
55,1993,8,95.3835776852284
55,1993,9,96.5441320845697
55,1993,10,96.1138377328731
55,1993,11,95.5648838172698
55,1993,12,95.3632402287983
55,1994,1,94.4668384361375
55,1994,2,93.1018488887116
55,1994,3,94.0960017674122
55,1994,4,94.6612416174092
55,1994,5,96.1941898563707
55,1994,6,95.0542133414421
55,1994,7,95.5799550191413
55,1994,8,95.6338726203337
55,1994,9,95.7775915984604
55,1994,10,95.8711616812746
55,1994,11,95.5853033662451
55,1994,12,95.7157188567977
55,1995,1,95.9221477035202
55,1995,2,95.5678598041272
55,1995,3,94.1621202762641
55,1995,4,95.9016360208229
55,1995,5,96.3571513601652
55,1995,6,96.6369312226183
55,1995,7,97.0707403538712
55,1995,8,96.8012490187672
55,1995,9,95.5530872419037
55,1995,10,95.3226255494563
55,1995,11,96.1829299668583
55,1995,12,96.2811301377654
55,1996,1,95.063450745513
55,1996,2,95.0520358409056
55,1996,3,95.4745040907691
55,1996,4,96.4255200876669
55,1996,5,96.366248300939
55,1996,6,96.1031300497597
55,1996,7,96.6235114874932
55,1996,8,96.4853083423194
55,1996,9,96.9261793333043
55,1996,10,97.4495097958827
55,1996,11,97.2598966155588
55,1996,12,95.9893531578607
55,1997,1,95.0108185303159
55,1997,2,94.6018174474776
55,1997,3,95.3420117031714
55,1997,4,95.7944194770061
55,1997,5,96.4208446660117
55,1997,6,96.2420822910559
55,1997,7,95.8387130565358
55,1997,8,97.1741634873893
55,1997,9,96.5052302310741
55,1997,10,97.195472597676
55,1997,11,96.6914286790601
55,1997,12,96.8001703504678
55,1998,1,96.5089384469383
55,1998,2,96.2965886827309
55,1998,3,96.3599158554863
55,1998,4,97.7396584572846
55,1998,5,96.9146753169143
55,1998,6,95.4603953209558
55,1998,7,95.3360957119548
55,1998,8,96.8146622179117
55,1998,9,97.355762610476
55,1998,10,96.704189010278
55,1998,11,96.1947537131405
55,1998,12,96.3809922046739
55,1999,1,95.9501265933897
55,1999,2,96.0218500381962
55,1999,3,96.1906335059304
55,1999,4,96.7989705550996
55,1999,5,96.9986939912869
55,1999,6,97.3425381776888
55,1999,7,97.1008115944997
55,1999,8,97.6566574359561
55,1999,9,98.2137072732425
55,1999,10,97.2296087186403
55,1999,11,96.9812444697117
55,1999,12,97.2148318349914
55,2000,1,96.6305144261506
55,2000,2,95.9335674989155
55,2000,3,95.315168667323
55,2000,4,95.0972028335399
55,2000,5,96.7182828475547
55,2000,6,94.8432799513798
55,2000,7,95.7851649852633
55,2000,8,96.660378136565
55,2000,9,96.425310490092
55,2000,10,98.0410449509177
55,2000,11,97.3807828262103
55,2000,12,96.2244517434483
55,2001,1,94.3287018503382
55,2001,2,93.465511616426
55,2001,3,95.3195856927187
55,2001,4,94.5277728337087
55,2001,5,95.5858383792594
55,2001,6,94.4647785629354
55,2001,7,94.8926964342237
55,2001,8,96.0051843735835
55,2001,9,96.7945586404817
55,2001,10,95.4328096317399
55,2001,11,95.4735504880809
55,2001,12,95.7201687799802
55,2002,1,93.3945771012752
55,2002,2,92.257528987794
55,2002,3,93.2977043173931
55,2002,4,93.9558618504013
55,2002,5,95.7402828433337
55,2002,6,94.6358701128529
55,2002,7,95.2582072701906
55,2002,8,93.9551344093485
55,2002,9,95.3175006785127
55,2002,10,95.8603090587215
55,2002,11,94.9499404922175
55,2002,12,94.6579937786806
55,2003,1,93.6920798846429
55,2003,2,93.2138872439209
55,2003,3,92.6062173741484
55,2003,4,94.0743615306141
55,2003,5,94.1439137290061
55,2003,6,93.3793822076297
55,2003,7,94.0086023134644
55,2003,8,93.3944837405832
55,2003,9,95.1901150679742
55,2003,10,95.7441852883824
55,2003,11,95.9514851291002
55,2003,12,95.0605419604988
55,2004,1,94.0586581052552
55,2004,2,92.8306585405803
55,2004,3,93.2679134862316
55,2004,4,94.89276768753
55,2004,5,94.5100061201277
55,2004,6,94.083432121748
55,2004,7,95.2642153559321
55,2004,8,94.8651203072346
55,2004,9,95.3945212112579
55,2004,10,96.0216046865051
55,2004,11,95.4777891287661
55,2004,12,96.0728600899135
55,2005,1,94.5557812152238
55,2005,2,94.6412671649555
55,2005,3,94.6463138508038
55,2005,4,94.9550105295031
55,2005,5,94.6867702448644
55,2005,6,95.0366431419384
55,2005,7,95.2380447689031
55,2005,8,95.2858616085457
55,2005,9,95.4708527296392
55,2005,10,96.0733917696086
55,2005,11,95.3080507998005
55,2005,12,95.3205543534844
55,2006,1,94.3984161779872
55,2006,2,93.715965691141
55,2006,3,94.7420982206498
55,2006,4,94.7106372782587
55,2006,5,95.5813439549662
55,2006,6,95.2580401366178
55,2006,7,95.1901671797565
55,2006,8,96.2193272384905
55,2006,9,95.4633749482424
55,2006,10,95.4823782797508
55,2006,11,95.3503060043552
55,2006,12,95.6290327319355
55,2007,1,94.4782595520009
55,2007,2,94.0048717459278
55,2007,3,94.7519081840652
55,2007,4,95.0922097174522
55,2007,5,95.3430504134777
55,2007,6,94.2673395138643
55,2007,7,95.5236917854324
55,2007,8,94.3082658671773
55,2007,9,95.0991232748032
55,2007,10,94.9637181180372
55,2007,11,94.8158981504441
55,2007,12,96.3620644577723
55,2008,1,94.8086558652139
55,2008,2,94.687780550701
55,2008,3,95.1587345895441
55,2008,4,96.8366226692945
55,2008,5,96.7813721208685
55,2008,6,94.9560702581303
55,2008,7,95.2060081002813
55,2008,8,94.8357106426682
55,2008,9,95.3017581405494
55,2008,10,95.2043433490994
55,2008,11,94.2752606503687
55,2008,12,94.4071545490321
55,2009,1,92.1735745128975
55,2009,2,91.3000879481235
55,2009,3,90.5901724104385
55,2009,4,91.048731037103
55,2009,5,91.5422127403614
55,2009,6,90.7538566964872
55,2009,7,92.2240607863714
55,2009,8,91.2221335904162
55,2009,9,92.2211317358543
55,2009,10,91.919964593061
55,2009,11,91.0752712078219
55,2009,12,90.1906232848411
55,2010,1,88.8761962353106
55,2010,2,89.7835038137622
55,2010,3,89.0152883902638
55,2010,4,91.4941808204132
55,2010,5,92.0772374789685
55,2010,6,90.5870355822774
55,2010,7,91.1581217395196
55,2010,8,91.1458630742569
55,2010,9,92.9389914132498
55,2010,10,92.0041930697309
55,2010,11,93.2840707080503
55,2010,12,91.9293529291586
55,2011,1,91.0465899203881
55,2011,2,90.4909953115353
55,2011,3,91.9511765159647
55,2011,4,92.16276045879
55,2011,5,91.2078702898183
55,2011,6,91.166140929938
55,2011,7,92.1581637349622
55,2011,8,92.6719063977647
55,2011,9,92.407857884357
55,2011,10,93.5232128672203
55,2011,11,93.9620045354545
55,2011,12,94.0188853216432
55,2012,1,92.3105535594965
55,2012,2,91.391131019385
55,2012,3,91.947186195226
55,2012,4,92.2023322139179
55,2012,5,92.3948228453118
55,2012,6,91.3403930197334
55,2012,7,91.8463805385399
55,2012,8,92.4142242898697
55,2012,9,94.2143022351243
55,2012,10,95.602807048385
55,2012,11,93.9271199242409
55,2012,12,93.2980602798797
55,2013,1,91.5155678982831
55,2013,2,90.8281299665902
55,2013,3,92.2927192523019
55,2013,4,92.5327789159912
55,2013,5,93.4558492212342
55,2013,6,93.7162010752873
55,2013,7,92.6944294982709
55,2013,8,94.3228907411861
55,2013,9,94.1777799707473
55,2013,10,94.5193587288197
55,2013,11,93.8912833892336
55,2013,12,93.7090884665349
55,2014,1,92.9758177797696
55,2014,2,92.7942942432048
55,2014,3,93.2900362552003
55,2014,4,93.6222881115863
55,2014,5,95.0912147314982
55,2014,6,94.0028740114345
55,2014,7,94.1879835397365
55,2014,8,95.716331614664
55,2014,9,95.5138255445341
55,2014,10,95.4218855378853
55,2014,11,95.955629343604
55,2014,12,94.6336177490348
55,2015,1,95.8157242688782
55,2015,2,94.6932126195942
55,2015,3,94.5058225300602
55,2015,4,95.9608522765608
55,2015,5,93.667402634341
55,2015,6,95.4355709657044
55,2015,7,95.7248524709188
55,2015,8,96.907824281997
55,2015,9,96.2458300358814
55,2015,10,95.976353861144
55,2015,11,95.3977199840274
55,2015,12,94.5216920438052
55,2016,1,94.2027119095782
55,2016,2,94.4928132030661
55,2016,3,96.0368446972051
55,2016,4,95.8607100139251
55,2016,5,96.7854744481359
55,2016,6,95.3962085107659
55,2016,7,95.8514350596819
55,2016,8,96.3758098299549
55,2016,9,97.6138977079297
55,2016,10,95.859697202827
55,2016,11,96.584964071765
55,2016,12,95.9496554295834
55,2017,1,96.4812557477203
55,2017,2,95.168121610593
55,2017,3,96.763132877454
55,2017,4,96.9656887172629
55,2017,5,97.1639364709563
55,2017,6,96.2976965320554
55,2017,7,96.2218605292735
55,2017,8,96.4871051077094
55,2017,9,97.0099685130547
55,2017,10,97.5191595508092
55,2017,11,97.7633112708669
55,2017,12,97.173570417174
55,2018,1,97.1575822138527
55,2018,2,96.7117717671831
55,2018,3,96.3193490625318
55,2018,4,97.2668194594109
55,2018,5,97.056741711324
55,2018,6,96.1399726901501
55,2018,7,96.2393006423574
55,2018,8,96.0212667759915
55,2018,9,97.6511583990452
55,2018,10,97.2361319742822
55,2018,11,97.6004572919741
55,2018,12,97.7082856374879
55,2019,1,96.853841053236
55,2019,2,97.3000385940405
55,2019,3,96.587310062717
55,2019,4,96.6081431693574
55,2019,5,95.9789216482913
55,2019,6,95.3831518122815
55,2019,7,96.1764541180074
55,2019,8,95.7012391172357
55,2019,9,96.7228484922791
55,2019,10,97.3842910426969
55,2019,11,97.0574968044198
55,2019,12,96.5301567522193
56,1982,1,95.8369271585942
56,1982,2,95.3196540049625
56,1982,3,93.7091397431744
56,1982,4,94.4575584377129
56,1982,5,94.4162597957236
56,1982,6,94.4558919951339
56,1982,7,94.1968564812299
56,1982,8,94.3517689264777
56,1982,9,93.721268660426
56,1982,10,92.1719071358438
56,1982,11,93.1603341964575
56,1982,12,90.7671062914284
56,1983,1,89.9449760831367
56,1983,2,87.8600070511225
56,1983,3,90.2847672790198
56,1983,4,89.0553910491051
56,1983,5,88.7330788444683
56,1983,6,90.0680940133448
56,1983,7,91.7450628884346
56,1983,8,93.4275138910303
56,1983,9,93.8840340825356
56,1983,10,94.5196581629624
56,1983,11,95.599441299737
56,1983,12,93.1076069696126
56,1984,1,92.7764398208816
56,1984,2,93.9283402271581
56,1984,3,90.8253852144469
56,1984,4,91.3546177032061
56,1984,5,92.3554118256591
56,1984,6,93.5722612045105
56,1984,7,94.0180209254778
56,1984,8,94.2581361911707
56,1984,9,94.4982905311848
56,1984,10,93.9957951780194
56,1984,11,93.8310735069759
56,1984,12,93.0493361948729
56,1985,1,92.7387544558877
56,1985,2,91.5728379916127
56,1985,3,90.5770618050546
56,1985,4,91.6473032205554
56,1985,5,94.1219490686744
56,1985,6,93.4969828756397
56,1985,7,93.4338881594003
56,1985,8,92.4663004145854
56,1985,9,94.7506400739038
56,1985,10,92.1856929812707
56,1985,11,92.6775395774969
56,1985,12,90.9570691992978
56,1986,1,88.7897425498181
56,1986,2,90.548065437163
56,1986,3,89.3677331489962
56,1986,4,88.4946364113949
56,1986,5,91.8845179375661
56,1986,6,90.6281382219821
56,1986,7,92.1098768772891
56,1986,8,93.3694644114175
56,1986,9,92.6256483635823
56,1986,10,92.0138552773357
56,1986,11,91.5462302452675
56,1986,12,91.1324367049974
56,1987,1,89.2204129990802
56,1987,2,88.7577062253781
56,1987,3,88.8845481657474
56,1987,4,89.8387707688715
56,1987,5,90.3760503615448
56,1987,6,91.2977409724688
56,1987,7,93.5388373455675
56,1987,8,93.2721017714882
56,1987,9,93.1871998817662
56,1987,10,92.4772450559051
56,1987,11,91.7138076769317
56,1987,12,90.4631711994975
56,1988,1,92.4184944483711
56,1988,2,92.0896025332972
56,1988,3,93.5801867361934
56,1988,4,94.2539963891726
56,1988,5,94.1151034468576
56,1988,6,94.6416509901383
56,1988,7,93.5156763414349
56,1988,8,91.8555745471667
56,1988,9,93.68019999336
56,1988,10,93.0255004557474
56,1988,11,93.5386559186445
56,1988,12,93.5937316849463
56,1989,1,92.0028662757032
56,1989,2,92.8407719793713
56,1989,3,93.0236458173463
56,1989,4,94.5671768685514
56,1989,5,92.3750613534007
56,1989,6,93.8084908849097
56,1989,7,92.4408442085041
56,1989,8,94.1418455779924
56,1989,9,94.5965847071672
56,1989,10,94.7185987077591
56,1989,11,93.3225533362789
56,1989,12,94.8507666665804
56,1990,1,92.4629783021241
56,1990,2,94.340993202163
56,1990,3,91.8797697394659
56,1990,4,93.8143293718166
56,1990,5,95.5262718654661
56,1990,6,96.7393109718956
56,1990,7,96.2026395542881
56,1990,8,95.3420727986588
56,1990,9,94.7585344527877
56,1990,10,95.5418225575627
56,1990,11,93.4949040847278
56,1990,12,92.6897448669084
56,1991,1,92.499167170983
56,1991,2,94.1563598839554
56,1991,3,94.7543748591228
56,1991,4,94.4349003375749
56,1991,5,95.1896035296713
56,1991,6,95.3906758263132
56,1991,7,97.3513212509336
56,1991,8,95.7825525761512
56,1991,9,93.616932790179
56,1991,10,93.8492732838268
56,1991,11,94.6561252057823
56,1991,12,94.5940328969428
56,1992,1,90.3091942393613
56,1992,2,91.6395885454139
56,1992,3,93.7373005017608
56,1992,4,95.2568161774486
56,1992,5,95.1597735363119
56,1992,6,94.5613475523194
56,1992,7,93.8251581781455
56,1992,8,95.2198224345577
56,1992,9,95.089867923352
56,1992,10,96.029715220513
56,1992,11,95.3431483831261
56,1992,12,94.5789875334348
56,1993,1,92.3034925678269
56,1993,2,94.21343623637
56,1993,3,93.4467145659808
56,1993,4,93.8580125769989
56,1993,5,94.1471864631117
56,1993,6,93.4861519453096
56,1993,7,94.0324822525611
56,1993,8,95.5764426716744
56,1993,9,95.946529321645
56,1993,10,96.2640816772084
56,1993,11,95.4925410627649
56,1993,12,94.1316746099492
56,1994,1,89.829726249453
56,1994,2,92.818758993778
56,1994,3,93.1292404312104
56,1994,4,92.9270676724314
56,1994,5,95.1622768114423
56,1994,6,94.5256495124602
56,1994,7,95.349400804296
56,1994,8,94.93114852331
56,1994,9,96.6813705431811
56,1994,10,95.5416974074777
56,1994,11,95.6194729885272
56,1994,12,96.0121129790337
56,1995,1,94.4602117050318
56,1995,2,95.1611923543203
56,1995,3,94.5426308002311
56,1995,4,94.8651896331005
56,1995,5,94.1617185166571
56,1995,6,94.9879219355606
56,1995,7,95.3121980435339
56,1995,8,96.49857488052
56,1995,9,94.216755744745
56,1995,10,95.5371406728602
56,1995,11,95.4871193880154
56,1995,12,95.9205026354637
56,1996,1,93.8201816863127
56,1996,2,94.4764178016579
56,1996,3,93.4536251685818
56,1996,4,94.0382828865686
56,1996,5,96.0099549650566
56,1996,6,97.1027339765113
56,1996,7,95.5717785625179
56,1996,8,95.3326562317307
56,1996,9,95.5759158207969
56,1996,10,94.9709226119695
56,1996,11,95.4830289717507
56,1996,12,95.3500881858009
56,1997,1,93.7517631727542
56,1997,2,93.0706902456249
56,1997,3,91.9045308007842
56,1997,4,93.6978692624665
56,1997,5,94.5673956479774
56,1997,6,95.3710717040574
56,1997,7,95.1716083820021
56,1997,8,96.3768282413694
56,1997,9,97.0404825970064
56,1997,10,96.458457273903
56,1997,11,96.3564458525
56,1997,12,94.8602720698436
56,1998,1,94.2373935423997
56,1998,2,93.3294188480316
56,1998,3,94.2773006784039
56,1998,4,95.3371341628834
56,1998,5,95.4219193942982
56,1998,6,94.7210971267029
56,1998,7,95.2119169842692
56,1998,8,96.0111678210572
56,1998,9,96.7348595295006
56,1998,10,95.3544524063507
56,1998,11,95.2946166973256
56,1998,12,95.7016165265324
56,1999,1,93.9907013979119
56,1999,2,93.9023410794298
56,1999,3,94.7319890323036
56,1999,4,94.2028283106977
56,1999,5,94.3984915284616
56,1999,6,94.1479048979404
56,1999,7,96.1093755390614
56,1999,8,96.7521943950077
56,1999,9,95.4116771457503
56,1999,10,95.8612951265212
56,1999,11,95.0161897846147
56,1999,12,95.0434326144159
56,2000,1,94.382739671848
56,2000,2,94.4040055857546
56,2000,3,95.3893661991888
56,2000,4,96.5072162109128
56,2000,5,97.2301812077656
56,2000,6,97.0248375216547
56,2000,7,96.7131080136696
56,2000,8,96.1766875917356
56,2000,9,95.2955154969673
56,2000,10,97.2189473099738
56,2000,11,96.5847802799111
56,2000,12,96.1362374738256
56,2001,1,95.6983345349372
56,2001,2,95.2952562687905
56,2001,3,95.4770822345878
56,2001,4,96.1889163179019
56,2001,5,96.1516326690688
56,2001,6,96.4293192651618
56,2001,7,96.4172086480158
56,2001,8,96.1845492347533
56,2001,9,96.6109031359637
56,2001,10,97.0438527667139
56,2001,11,96.4248695741788
56,2001,12,96.0942064900932
56,2002,1,94.9389162442581
56,2002,2,95.6782408877281
56,2002,3,95.556534344318
56,2002,4,94.9547599417047
56,2002,5,95.9495968890534
56,2002,6,94.9519823000615
56,2002,7,97.5750335761792
56,2002,8,96.8968418380634
56,2002,9,96.5580763538686
56,2002,10,96.2343396751025
56,2002,11,94.8077871858705
56,2002,12,95.0691771138939
56,2003,1,95.1879404003455
56,2003,2,94.5649130422493
56,2003,3,95.0152717028807
56,2003,4,96.3852015556434
56,2003,5,95.1651672473706
56,2003,6,94.6865505674026
56,2003,7,96.1202888291157
56,2003,8,95.895454964813
56,2003,9,96.680832440516
56,2003,10,96.7041735055341
56,2003,11,95.297870828662
56,2003,12,95.166756852132
56,2004,1,94.6732182916251
56,2004,2,95.6638929544471
56,2004,3,96.3008458289922
56,2004,4,96.3204091376875
56,2004,5,96.1864252670009
56,2004,6,96.7219599333335
56,2004,7,96.6611916022532
56,2004,8,96.5353882316256
56,2004,9,96.0086151660547
56,2004,10,95.6025912349428
56,2004,11,96.3204037891406
56,2004,12,96.3557936300138
56,2005,1,95.8334467929594
56,2005,2,96.6103767113108
56,2005,3,95.8800513038746
56,2005,4,95.8856027936974
56,2005,5,95.627385944645
56,2005,6,96.6756798797062
56,2005,7,96.1353505358998
56,2005,8,96.7317226147503
56,2005,9,96.797189319072
56,2005,10,96.0404633376002
56,2005,11,96.2436660919972
56,2005,12,97.4074621679965
56,2006,1,94.9164945539478
56,2006,2,95.1669180442022
56,2006,3,96.4910151934863
56,2006,4,95.9532711668534
56,2006,5,95.9718126783066
56,2006,6,97.3767584729538
56,2006,7,97.9905390079863
56,2006,8,97.0953997096936
56,2006,9,96.1745377960417
56,2006,10,97.04635866895
56,2006,11,96.955804914559
56,2006,12,96.8832114302017
56,2007,1,96.6286260813041
56,2007,2,96.9343474499026
56,2007,3,95.8194498645929
56,2007,4,97.0164366458537
56,2007,5,96.4098939998532
56,2007,6,96.8823437367167
56,2007,7,96.6609397381469
56,2007,8,97.2493817032501
56,2007,9,98.0102584923482
56,2007,10,97.8719531966257
56,2007,11,96.9889489441953
56,2007,12,96.7285651847452
56,2008,1,96.86795605153
56,2008,2,96.7910114515976
56,2008,3,96.117590830588
56,2008,4,97.3707171783706
56,2008,5,96.8519858250035
56,2008,6,96.6792403054675
56,2008,7,96.6743908912217
56,2008,8,96.3021734767662
56,2008,9,97.8103252048472
56,2008,10,97.4197656948334
56,2008,11,96.9223364065324
56,2008,12,96.7354520446526
56,2009,1,94.9635810212204
56,2009,2,95.2678862747393
56,2009,3,93.2699143466449
56,2009,4,93.9532126265275
56,2009,5,94.1861756483607
56,2009,6,91.5708735456591
56,2009,7,92.1803270383074
56,2009,8,93.2802489240059
56,2009,9,93.0545906413157
56,2009,10,92.7176389268539
56,2009,11,93.0506086045448
56,2009,12,92.0567872942742
56,2010,1,91.4530952524247
56,2010,2,92.502303333144
56,2010,3,93.1589577688219
56,2010,4,92.2083014404628
56,2010,5,93.2248329116373
56,2010,6,93.6077929379199
56,2010,7,93.5984773660277
56,2010,8,93.2361971109692
56,2010,9,93.833740848829
56,2010,10,94.4270204035748
56,2010,11,94.3523502729614
56,2010,12,94.3320302980692
56,2011,1,92.9408081406732
56,2011,2,92.9795498583718
56,2011,3,93.3735553276324
56,2011,4,93.3430229597984
56,2011,5,94.0512377728616
56,2011,6,94.5493031440676
56,2011,7,95.2479464381772
56,2011,8,93.629041534484
56,2011,9,94.6942977793227
56,2011,10,93.946261039052
56,2011,11,92.743157199289
56,2011,12,94.3230543223992
56,2012,1,93.4184814729669
56,2012,2,94.1888799688168
56,2012,3,94.2678144543801
56,2012,4,94.0932107654765
56,2012,5,95.938343645537
56,2012,6,92.9853210416097
56,2012,7,94.5152180977303
56,2012,8,94.6188770489967
56,2012,9,95.2646971071767
56,2012,10,96.0218298760829
56,2012,11,93.4323296369071
56,2012,12,95.1861783788895
56,2013,1,94.1845765195051
56,2013,2,94.2713972458822
56,2013,3,94.8009664739273
56,2013,4,94.9633231756409
56,2013,5,96.326883452681
56,2013,6,95.5499743522071
56,2013,7,95.3034786424804
56,2013,8,95.7516707823383
56,2013,9,96.1415433868292
56,2013,10,95.0310173221774
56,2013,11,96.0005074903491
56,2013,12,95.0840256210564
56,2014,1,94.9128717450906
56,2014,2,94.9211035878337
56,2014,3,96.0422053378335
56,2014,4,96.2153245129164
56,2014,5,95.1557761933535
56,2014,6,94.5336494481167
56,2014,7,95.0489633367856
56,2014,8,95.8518044616533
56,2014,9,96.1207269882399
56,2014,10,95.4501793538058
56,2014,11,96.3030383712357
56,2014,12,96.2880595818108
56,2015,1,95.648095249672
56,2015,2,95.8012334906731
56,2015,3,95.1177004728676
56,2015,4,96.5909796224043
56,2015,5,96.6465761694307
56,2015,6,95.8015750525902
56,2015,7,95.4359673044718
56,2015,8,96.2776230590052
56,2015,9,96.0332881492297
56,2015,10,94.6080025441368
56,2015,11,94.9945099781354
56,2015,12,95.6168362747205
56,2016,1,93.4893591476367
56,2016,2,95.0724223876887
56,2016,3,94.3184726106301
56,2016,4,93.6649532651274
56,2016,5,94.4885681181819
56,2016,6,92.8248266779499
56,2016,7,94.9642267510269
56,2016,8,95.1952257101437
56,2016,9,95.4904890542741
56,2016,10,95.233626994078
56,2016,11,96.0264063966295
56,2016,12,94.5416836304151
56,2017,1,94.524488891474
56,2017,2,94.818393530843
56,2017,3,95.3214607873779
56,2017,4,95.3707189800271
56,2017,5,95.3619441301842
56,2017,6,96.2484201922442
56,2017,7,95.9552096718521
56,2017,8,97.167230792855
56,2017,9,96.5629800787115
56,2017,10,95.5593831043278
56,2017,11,95.3923504935465
56,2017,12,96.422049575793
56,2018,1,95.6858829113983
56,2018,2,95.3419306646815
56,2018,3,96.0174266626733
56,2018,4,94.7988994622864
56,2018,5,94.7942769520755
56,2018,6,94.7491734903343
56,2018,7,95.6235083870732
56,2018,8,96.3076713198374
56,2018,9,96.5090780019228
56,2018,10,97.8120378551293
56,2018,11,96.0448995144397
56,2018,12,95.7711825898752
56,2019,1,96.0498012598786
56,2019,2,96.910370261537
56,2019,3,96.2367646640013
56,2019,4,96.8986455053243
56,2019,5,95.5975748538622
56,2019,6,95.705780697869
56,2019,7,95.9950005530834
56,2019,8,97.2318088026086
56,2019,9,96.9910343735665
56,2019,10,97.1891986056241
56,2019,11,96.3152908999699
56,2019,12,96.2042809964211
