{
 "values": {
  "years": [
   1991,
   1992,
   1993,
   1994,
   1995,
   1996,
   1997,
   1998,
   1999,
   2000,
   2001,
   2002,
   2003
  ],
  "weights": {
   "Austria": 0.291117,
   "France": 0.030302,
   "Italy": 0.191367,
   "Netherlands": 0.133029,
   "Switzerland": 0.08136,
   "USA": 0.272824
  },
  "fit": [
   21.1002,
   21.8289,
   22.3178,
   23.2758,
   24.1442,
   25.0584,
   26.0043,
   27.05,
   28.069,
   29.6998,
   30.5245,
   31.5154,
   32.3202
  ],
  "obs": [
   21.602,
   22.154,
   21.878,
   22.371,
   23.035,
   23.742,
   24.156,
   24.931,
   25.755,
   26.943,
   27.449,
   28.348,
   28.855
  ],
  "coint_lo": [
   19.9283,
   21.293,
   21.718,
   22.5615,
   22.9797,
   23.8668,
   24.7109,
   25.6713,
   26.6392,
   26.7998,
   26.6633,
   29.3544,
   30.1192
  ],
  "coint_hi": [
   22.2324,
   22.3633,
   22.8849,
   23.9178,
   25.2361,
   25.9671,
   27.0957,
   28.4162,
   29.39,
   31.6882,
   33.1514,
   33.3614,
   34.1903
  ],
  "levels_lo": [
   20.2768,
   21.0517,
   21.3559,
   22.2772,
   22.9692,
   23.6035,
   24.2648,
   25.4091,
   26.261,
   26.7661,
   27.0776,
   28.4649,
   29.5243
  ],
  "levels_hi": [
   22.2755,
   22.9824,
   23.5701,
   24.6526,
   25.9023,
   27.1348,
   27.8014,
   29.0695,
   30.3635,
   32.185,
   33.5059,
   34.1596,
   34.7277
  ]
 }
}