{
 "values": {
  "att": -18.719476,
  "pre_rmspe": 1.79139,
  "gap2000": -25.434558,
  "conformal_q": 6.113436,
  "w_Utah": 0.343224,
  "w_Nevada": 0.235752,
  "w_Montana": 0.181971,
  "w_Colorado": 0.174685,
  "w_Connecticut": 0.06242
 },
 "gap_pre": [
  6.113436,
  2.340282,
  -0.626212,
  -1.009483,
  -0.132386,
  0.203162,
  0.295948,
  0.918696,
  1.405988,
  -0.885488,
  -0.048287,
  -1.468674,
  -1.241252,
  -0.335785,
  1.662638,
  -0.233429,
  0.008648,
  -2.133926,
  -1.331779
 ],
 "series": {
  "year": [
   1970,
   1971,
   1972,
   1973,
   1974,
   1975,
   1976,
   1977,
   1978,
   1979,
   1980,
   1981,
   1982,
   1983,
   1984,
   1985,
   1986,
   1987,
   1988,
   1989,
   1990,
   1991,
   1992,
   1993,
   1994,
   1995,
   1996,
   1997,
   1998,
   1999,
   2000
  ],
  "synth": [
   116.8866,
   118.6597,
   124.1262,
   125.4095,
   126.8324,
   126.8968,
   127.7041,
   125.4813,
   124.694,
   122.7855,
   120.2483,
   120.0687,
   116.6413,
   111.1358,
   103.1374,
   103.0334,
   99.6913,
   99.6339,
   91.4318,
   89.7287,
   87.2669,
   82.0201,
   81.3789,
   81.0095,
   80.5227,
   78.1389,
   77.1821,
   77.3809,
   73.9335,
   73.2369,
   67.0346
  ],
  "conf_lo": [
   110.7731,
   112.5463,
   118.0128,
   119.296,
   120.7189,
   120.7834,
   121.5906,
   119.3679,
   118.5806,
   116.6721,
   114.1348,
   113.9552,
   110.5278,
   105.0224,
   97.0239,
   96.92,
   93.5779,
   93.5205,
   85.3183,
   83.6153,
   81.1534,
   75.9067,
   75.2655,
   74.8961,
   74.4093,
   72.0255,
   71.0687,
   71.2674,
   67.8201,
   67.1235,
   60.9211
  ],
  "conf_hi": [
   123.0,
   124.7732,
   130.2396,
   131.5229,
   132.9458,
   133.0103,
   133.8175,
   131.5947,
   130.8074,
   128.8989,
   126.3617,
   126.1821,
   122.7547,
   117.2492,
   109.2508,
   109.1469,
   105.8048,
   105.7474,
   97.5452,
   95.8421,
   93.3803,
   88.1336,
   87.4923,
   87.123,
   86.6361,
   84.2523,
   83.2956,
   83.4943,
   80.0469,
   79.3504,
   73.148
  ]
 }
}