{
  "values": {
    "att": -4993.382309,
    "att_sc": 1210.294442,
    "sbc_cyc_sse": 17492666.783062
  },
  "weights": {
    "Korea": 0.005237,
    "Germany": 0.428783,
    "Italy": 0.439286,
    "US": 0.126686
  }
}
