{
 "values": {
  "A_J4_Emu01": 0.76,
  "A_J10_Emu01": 0.817,
  "A_J50_Emu01": 0.905,
  "A_J100_Emu01": 0.929,
  "A_J4_Emu02": 0.24,
  "A_J10_Emu02": 0.183,
  "A_J50_Emu02": 0.095,
  "A_J100_Emu02": 0.071,
  "A_J4_sealpha": 1.288,
  "A_J10_sealpha": 1.194,
  "A_J50_sealpha": 1.084,
  "A_J100_sealpha": 1.073,
  "A_J4_ols_sealpha": 1.586,
  "A_J10_ols_sealpha": 1.984,
  "A_J50_ols_sealpha": 3.791,
  "A_J100_ols_sealpha": 5.22,
  "B_J4_Emu01": 0.753,
  "B_J10_Emu01": 0.831,
  "B_J50_Emu01": 0.922,
  "B_J100_Emu01": 0.944,
  "B_J4_Emu02": 0.247,
  "B_J10_Emu02": 0.169,
  "B_J50_Emu02": 0.078,
  "B_J100_Emu02": 0.056,
  "idraw_J": 10,
  "idraw_T0": 20,
  "idraw_seed": 12345,
  "idraw_effect": -1.2847019009930178
 },
 "idraw_weights": [
  0.1517520054703881,
  0.32204320611973913,
  0.0,
  0.15066278515183704,
  0.0965702421625217,
  1.0630044562361858e-18,
  0.09967577507181764,
  0.0,
  0.1792959860236964,
  0.0
 ]
}
