{
  "values": {
    "fs_ate_pct": -3.089581,
    "fs_pre_r2": 0.776819,
    "fs_n_controls": 3.0,
    "fs_abs_tstat": 2.457774,
    "fs_p_value": 0.01398
  },
  "weights": {
    "C60": 0.848546,
    "C45": 0.165238,
    "C25": -0.368769
  }
}
