{
  "values": {
    "mcnnm_att": -19.980463,
    "ca_counterfactual_post": [88.966183, 85.235466, 81.786908, 80.308017, 81.297036, 79.184294, 80.058367, 80.007512, 79.276975, 78.923199, 77.574213, 71.347387],
    "years_post": [1989, 1990, 1991, 1992, 1993, 1994, 1995, 1996, 1997, 1998, 1999, 2000],
    "num_lam_L": 100,
    "num_folds": 5,
    "seed": 1
  }
}

