{
  "values": {
    "bare_rho": 0.8492,
    "bare_att": -22.1047,
    "full_rho": 0.2069,
    "full_rho_seed_spread": [0.2069, 0.2603, 0.2418],
    "full_rho_ci_lo": 0.1267,
    "full_rho_ci_hi": 0.2783,
    "full_att": -16.4442,
    "full_att_ci_lo": -16.7163,
    "full_att_ci_hi": -16.1611,
    "full_n_active_alpha": 25,
    "top_spillover": "Nevada",
    "nevada_spillover": -3.4528,
    "second_spillover_state": "Idaho",
    "second_spillover": -0.1983,
    "te_point": [-5.27044591763111, -8.56805139375746, -9.48821557321855,
                 -12.5664235522081, -11.6898466291746, -15.3515807159013,
                 -17.2691999809609, -19.1737773410392, -19.9434965408074,
                 -20.5684291632724, -22.0153134103565, -25.1148861231017,
                 -26.7553891100399],
    "years_post": [1988, 1989, 1990, 1991, 1992, 1993, 1994, 1995, 1996,
                   1997, 1998, 1999, 2000]
  }
}
