{
  "values": {
    "tau": 0.0749223948405,
    "obj_sqnorm": 0.137069552202,
    "alpha": -0.0159995088154,
    "beta_l2_norm": 0.523597783948,
    "pre_rmse": 0.0137360842976,
    "post_mean_pred": 0.0458010735476,
    "solver_obj_spread": 1.15645170107e-08
  },
  "weights": {
    "Australia": -0.0416083154256,
    "Austria": -0.0824702688169,
    "Canada": 0.131218669391,
    "China": 0.110867259241,
    "Denmark": 0.0807955262359,
    "Finland": -0.112546200936,
    "France": -0.125781389468,
    "Germany": -0.166512539845,
    "Indonesia": 0.0563617626933,
    "Italy": -0.0708888677184,
    "Japan": 0.231405346989,
    "Korea": 0.0692362502975,
    "Malaysia": 0.0695908960461,
    "Mexico": 0.0715623129624,
    "Netherlands": 0.0471741378799,
    "New Zealand": 0.174929365987,
    "Norway": 0.122475286619,
    "Philippines": 0.164218018686,
    "Singapore": 0.0903692689976,
    "Switzerland": -0.000268305152177,
    "Taiwan": 0.0731808886417,
    "Thailand": 0.0655900598752,
    "United Kingdom": -0.0590143814078,
    "United States": -0.0276019388832
  }
}
